3.278647780975000 2132108108.108108043670654 0.001054500000000
3.049109065120001 2098350896.879762649536133 0.005477240740741
3.023130523504000 2130895673.450300216674805 0.009912388888889
3.000927027763000 2137338352.576081037521362 0.014352092592593
3.023130523504000 2132503695.195616960525513 0.018769740740741
3.130124914868000 2137731401.320922374725342 0.023208277777778
3.170645265837000 2227390593.935617446899414 0.027725851851852
1.747557100120000 2290724934.186403751373291 0.032220870370370
3.122415247590000 1577627862.412570714950562 0.037439370370370
1.733495054124000 2041231991.016101837158203 0.042947166666667
3.022189572976000 1570767416.751296281814575 0.048144111111111
3.023130523504000 1962412998.053146123886108 0.053594500000000
3.014479905698000 2138220822.508291244506836 0.058028092592593
3.030842591166000 2136935583.246362924575806 0.062446370370370
3.038554658828000 2138194975.252177238464355 0.066879981481481
3.008641493130000 2138398016.263963699340820 0.071316055555556
1.740835726658000 2138340497.860689401626587 0.075739425925926
3.023130523504000 1557783581.283095121383667 0.080880351851852
3.032727889194000 1962810466.861601591110229 0.086345925925926
1.734114353196000 2138310102.566029071807861 0.090782092592593
3.160963583980000 1557899319.482951164245605 0.095925240740741
3.223644282716000 2081974687.096030473709106 0.101469185185185
3.022189572976000 2046695293.988099336624146 0.106009870370370
1.728625629605000 2131164446.405513048171997 0.120279407407407
3.137834582146000 1591849072.326658725738525 0.127079574074074
3.036664211762000 2207037385.071630001068115 0.137039481481481
3.372269942946000 2133118756.489595651626587 0.145956888888889
3.071312213484000 2121487684.913551092147827 0.154857444444444
3.381384981476000 2181911398.508883953094482 0.159350722222222
3.116644008268000 2148611593.030645847320557 0.163838092592593
3.025011024336000 2226817213.743746757507324 0.168350851851852
3.053028242088000 2121015753.771638393402100 0.172847129629630
3.006770238420000 2137061821.128972768783569 0.177279870370370
3.085786146800000 2138350396.375991106033325 0.181694870370370
3.040444754052000 2181146759.761108875274658 0.186187851851852
3.033670538208000 2148461707.793653011322021 0.190680111111111
3.086745943200000 2138232732.983593463897705 0.195113740740741
1.740835726658000 2183046238.273573398590088 0.199608574074074
1.754904041514000 1564178988.075824260711670 0.204775481481481
1.740214027202000 1492523618.199587345123291 0.209379981481481
1.726159641360000 1488228208.924002647399902 0.213983462962963
3.038554658828000 1492666527.077033281326294 0.218582481481481
3.022189572976000 1961524771.838330984115601 0.224036703703704
3.036664211762000 2138402525.809361696243286 0.228470925925926
3.078071681433000 2138770648.643904209136963 0.232901537037037
3.048161618910000 2183487614.951053142547607 0.237396203703704
3.023130523504000 2148686724.903809547424316 0.241881907407407
3.030842591166000 2138313884.946146726608276 0.246317833333333
3.033670538208000 2138241759.898802518844604 0.250738962962963
3.038554658828000 2138263035.455770015716553 0.255164925925926
3.023130523504000 2138331645.569620370864868 0.259583074074074
3.090615098773000 2137642098.140444278717041 0.264016629629630
3.170645265837000 2183186096.661618232727051 0.268516481481482
3.085786146800000 2146658543.713698863983154 0.273015240740741
3.038554658828000 2144366644.755230188369751 0.287326500000000
3.029899240254000 2139004264.723227739334106 0.293292759259259
1.740835726658000 2132818687.253514528274536 0.302139351851852
3.387703672662000 1633608202.854687690734863 0.311880314814815
3.362461500632000 2111291030.070897579193115 0.321907851851852
3.440651553682000 2137637294.017065286636353 0.326326592592593
3.030842591166000 2182576730.265002250671387 0.330818518518518
3.345995598652000 2142991606.625566482543945 0.335306185185185
3.039499354598000 2091798411.646805286407471 0.339722592592593
1.732257377556000 2136402602.439787149429321 0.344162870370370
1.732257377556000 1558978741.313074588775635 0.349311092592593
3.091576578478000 1492790608.355375051498413 0.353910925925926
3.030842591166000 1990195184.107555150985718 0.359448148148148
3.025011024336000 2147555006.824667930603027 0.363925370370370
3.133047132348000 2138137718.680876970291138 0.368345814814815
3.022189572976000 2227462803.187945842742920 0.372848888888889
3.123387403110000 2159089755.302599906921387 0.377348777777778
3.123387403110000 2227462646.799614906311035 0.381866462962963
3.082907829200000 2248314983.189591884613037 0.386300444444445
3.028956942189000 2198138652.210796356201172 0.390775537037037
3.069402929476000 2148569949.511615753173828 0.395265018518519
3.036664211762000 2183101660.420441150665283 0.399741796296296
3.032727889194000 2148121050.996956348419189 0.404213740740741
3.047213819965000 2135882266.077663183212280 0.408653129629630
3.032727889194000 2138597701.921220541000366 0.413065833333333
3.078071681433000 2138558061.528448820114136 0.417504611111111
3.081948390000000 2182989819.600355625152588 0.422004907407407
1.733495054124000 2193447099.146881580352783 0.426446129629630
1.739592790320000 1565157489.341883659362793 0.431615203703704
3.031784889231000 1490740890.150371313095093 0.436214925925926
3.025011024336000 1897419292.676247835159302 0.441692537037037
3.107963267786000 1652574085.671125173568726 0.457690407407407
1.732876215840000 2235154084.753705978393555 0.463696481481482
3.022189572976000 1848179818.569740295410156 0.473348185185185
3.361414933208000 2124114578.424569845199585 0.483329703703704
3.155216335103000 2152113245.253691673278809 0.492336703703704
3.570687327506000 2272025110.306572914123535 0.496873722222222
3.039499354598000 2303568249.035039424896240 0.501306833333333
3.037608907532000 2161862752.374388694763184 0.505847962962963
3.123387403110000 2096450487.853777408599854 0.510281592592593
3.070357216066000 2227110980.443757057189941 0.514785222222222
3.068447576644000 2203431160.002471923828125 0.519279944444444
1.741456500966000 2193104051.231379508972168 0.523721666666667
3.169659809082000 1564667542.763428688049316 0.528893314814815
3.049109065120001 2081857104.731149673461914 0.534444388888889
3.168673251258000 2158719814.753555774688721 0.538978888888889
3.186074196571000 2272024880.312473297119141 0.543516166666667
3.024070423864000 2302543527.376263141632080 0.547925907407407
3.082907829200000 2169819283.796028137207031 0.552463203703704
3.031784889231000 2181809247.910863876342773 0.556950703703704
1.733495054124000 2148864170.653775691986084 0.561425000000000
1.740214027202000 1558895263.019775390625000 0.566576351851852
3.086745943200000 1492876715.746437788009644 0.571178333333333
3.108929542901000 2001144305.640763044357300 0.576672074074074
3.125330267490000 2238422554.723157882690430 0.581163537037037
3.023130523504000 2249893252.447488307952881 0.586609407407407
3.024070423864000 2158987945.875421524047852 0.591123000000000
3.116644008268000 2138540288.529204845428467 0.595543888888889
3.029899240254000 2227385645.312801361083984 0.600058351851852
3.037608907532000 2159461743.117379665374756 0.604561777777778
3.130124914868000 2138396069.178443193435669 0.608988333333333
3.077114997138000 1992650296.732271671295166 0.613525407407407
1.734114353196000 1642449490.631819248199463 0.629598333333333
3.178359731204000 1477738076.112362623214722 0.635730592592593
3.024070423864000 2173105356.987762928009033 0.643832851851852
3.024070423864000 2179271513.239632606506348 0.652790944444445
3.492479276934000 2135665274.384307384490967 0.661636000000000
3.394364761480000 2204552249.086060523986816 0.667927444444445
3.030842591166000 2158236930.361017704010010 0.672433222222222
3.069402929476000 2129009494.663171768188477 0.676862611111111
3.023130523504000 2139416951.069121122360229 0.681382592592593
3.024070423864000 2133361020.258524656295776 0.685878185185185
3.031784889231000 2138040642.892094373703003 0.690306092592593
3.138811538434000 2137875603.915122270584106 0.694744722222222
3.039499354598000 2227513550.940474510192871 0.699264703703704
3.031784889231000 2158857841.184033870697021 0.703772833333333
3.131099470772000 2137293368.974591016769409 0.708213518518519
1.739592790320000 2165307605.140280723571777 0.712822000000000
1.742077969135000 1562791720.495342731475830 0.718011074074074
1.739592790320000 1492514519.183981895446777 0.722616092592593
1.733495054124000 1492804430.183544158935547 0.727215851851852
3.062642750699000 1492601553.185318946838379 0.731813333333333
3.123387403110000 2001103375.200984954833984 0.737318629629630
3.106995913034000 2238540377.507756710052490 0.741813018518519
3.124358473635000 2203542539.388322353363037 0.746308851851852
3.030842591166000 2237670967.182590961456299 0.750794388888889
3.024070423864000 2158947048.618248462677002 0.755298870370370
3.031784889231000 2138230827.803763866424561 0.759725129629630
3.083866911200000 2137429832.878737688064575 0.764158592592593
3.060737909366000 2183309192.016426563262939 0.768640944444445
1.740214027202000 2193635799.085228919982910 0.773066259259259
1.740214027202000 1565118317.529678821563721 0.778227981481482
3.041389801664000 1491300285.687880992889404 0.782836740740741
1.728625629605000 2084861883.963106393814087 0.798396925925926
3.083866911200000 1478289465.047587871551514 0.804490925925926
3.000927027763000 2121626228.546281099319458 0.809793037037037
3.078071681433000 2093188715.674314022064209 0.818703462962963
3.510081741985000 1747436783.127754926681519 0.829496555555556
1.914907327230000 2164795332.650972366333008 0.838542851851852
3.007706388180000 1571416180.929618597030640 0.843734148148148
3.432937088315000 1956407444.749699115753174 0.849207555555556
3.031784889231000 2133036540.067378997802734 0.853709462962963
1.732876215840000 2065976082.051620960235596 0.858190833333334
1.726776081046000 1539483550.540654182434082 0.863347481481482
1.734732730692000 1477691014.005511522293091 0.867930333333334
2.998127863897000 1492751073.946284532546997 0.872530018518519
3.007706388180000 1963185992.897597312927246 0.878000259259260
3.063595348626000 2137900876.638199329376221 0.882421611111111
3.060737909366000 2183078298.597532749176025 0.886920296296297
3.013542403043000 2193317647.058823585510254 0.891354462962963
3.038554658828000 2148634284.224422931671143 0.895829148148148
3.076157243922000 2137563751.721834659576416 0.900265629629630
3.059786020481000 2183375115.822245121002197 0.904762462962963
3.021249672616000 2193126086.429910659790039 0.909196370370371
3.168673251258000 2148924297.545288562774658 0.913670759259259
3.138811538434000 2272334538.478565692901611 0.918188425925926
3.030842591166000 2248695236.719958782196045 0.922676851851852
3.071312213484000 2157853628.737998008728027 0.927193777777778
3.032727889194000 2180980422.626599788665771 0.931674574074074
3.025951274752000 2147584225.631284236907959 0.936159111111111
3.169659809082000 2138476820.026893377304077 0.940579833333333
3.031784889231000 2272500551.240904331207275 0.945115055555556
1.920940301280000 2169520803.654762744903564 0.949638833333333
3.029899240254000 1475664533.484051227569580 0.954815703703704
3.039499354598000 2154816319.655415058135986 0.970207277777778
2.999060571142000 2126320800.934591293334961 0.976104092592593
3.162930800470000 2091244304.252880334854126 0.984957351851852
3.385597703618000 1787054532.338189363479614 0.995790203703704
1.740835726658000 2121809372.891532659530640 1.004765259259260
1.935755557056000 1558046526.695438385009766 1.009910055555556
1.732876215840000 1492590510.951839208602905 1.014516925925926
3.340939750560000 1486185771.227438449859619 1.019125740740741
3.031784889231000 1983960417.401824951171875 1.024636018518519
3.078071681433000 2147898532.321899890899658 1.029127870370371
3.125330267490000 2182904425.639208793640137 1.033622722222223
3.186074196571000 2237750897.039255619049072 1.038117962962963
3.084827064800000 2291846807.246071815490723 1.042604685185186
3.085786146800000 2213909518.320296287536621 1.047102833333334
3.069402929476000 2193693313.862260341644287 1.051528518518519
3.125330267490000 2190765462.648503303527832 1.055928907407408
3.023130523504000 2235298551.275902271270752 1.060407944444445
3.030842591166000 2159179099.813317775726318 1.064911537037037
3.168673251258000 2127765072.176620483398438 1.069360500000000
3.031784889231000 2272019327.985841751098633 1.073880907407408
3.029899240254000 2169195842.495483875274658 1.078411759259260
3.016355958497000 2138262691.702507019042969 1.082825185185186
3.016355958497000 2137309069.017846822738647 1.087254796296297
3.007706388180000 2138309527.896276950836182 1.091678259259260
1.745685729320000 2137323909.359111309051514 1.096103537037037
3.163914591780000 1558846401.579284906387329 1.101244166666667
3.022189572976000 2081340539.711233377456665 1.106796518518519
3.116644008268000 2169672398.589065074920654 1.111332518518519
3.024070423864000 2227901404.294041156768799 1.115850407407408
1.867874515684000 2158369750.942402362823486 1.120350333333334
3.023130523504000 1557327583.165640115737915 1.125494574074074
3.062642750699000 1626682704.769426822662354 1.140969296296297
3.015418455842000 1971761669.810733556747437 1.147811500000000
3.029899240254000 2135326542.687760353088379 1.157576203703704
3.507898611490000 2197963711.580528736114502 1.166600611111112
3.023130523504000 2199812506.331312179565430 1.175558148148149
3.386650296113000 2155068660.022148609161377 1.180073148148149
3.037608907532000 2130582958.591751813888550 1.184504185185186
3.063595348626000 2137325655.629968166351318 1.188942240740741
3.078071681433000 2124115795.297828912734985 1.193427166666667
3.086745943200000 2192406355.778340816497803 1.197864074074074
3.031784889231000 2193152862.733971595764160 1.202302333333334
1.740835726658000 2148677297.150073051452637 1.206789777777778
3.131099470772000 1557792068.441557407379150 1.211932851851852
3.078071681433000 2041886664.942445755004883 1.217446166666667
1.746309364800000 2203901708.363028049468994 1.221941481481482
1.740214027202000 1565176833.400868654251099 1.227105685185186
3.108929542901000 1492818025.253704071044922 1.231707870370371
3.060737909366000 2040378706.810555934906006 1.237221370370371
3.125330267490000 2203577594.001725673675537 1.241706611111111
3.024070423864000 2193187572.708660602569580 1.246147851851852
3.046266726490000 2148681987.562260627746582 1.250635388888889
3.168673251258000 2138226993.095839023590088 1.255066425925926
3.030842591166000 2272539096.581472396850586 1.259604333333334
3.094462808058000 2168340027.921330451965332 1.264140888888889
3.076157243922000 2183435777.716366767883301 1.268630648148149
1.734114353196000 2193457426.140550613403320 1.273053462962964
3.032727889194000 1565663225.390457153320312 1.278223092592593
3.141740226592000 1963296191.179359436035156 1.283690907407408
3.185083944406000 2227232518.192067623138428 1.288208037037037
1.740214027202000 2293095806.234766483306885 1.292698388888889
3.062642750699000 1575252573.901015996932983 1.297919962962963
3.016355958497000 1667394153.458277702331543 1.313418203703704
3.071312213484000 2155265605.343144416809082 1.319468185185185
3.030842591166000 2206811588.860834121704102 1.328511351851852
3.507898611490000 2148706823.286905765533447 1.337423370370370
3.447294244914000 2164917810.197295188903809 1.346400333333333
3.037608907532000 2202910895.087547302246094 1.350894203703704
1.734114353196000 2148557921.730404853820801 1.355378703703704
1.733495054124000 1510699928.186714649200439 1.360536111111111
3.115675335448000 1492441283.370858907699585 1.365142037037037
3.083866911200000 2041609859.069982290267944 1.370668814814815
1.740214027202000 2203701091.776002407073975 1.375158611111111
1.740214027202000 1564423923.352504730224609 1.380332851851852
3.030842591166000 1492854055.055627584457397 1.384930222222222
1.739592790320000 1963027893.870528697967529 1.390398037037037
3.077114997138000 1558435040.072039604187012 1.395539240740741
3.083866911200000 2001263051.262721538543701 1.401041759259259
3.129151446638000 2193526898.436618328094482 1.405473037037037
3.069402929476000 2233047601.793559551239014 1.409970611111111
3.045318574810000 2159056996.902119636535645 1.414483851851852
3.028956942189000 2138529600.542261600494385 1.418909759259259
3.037608907532000 2138533101.703236579895020 1.423322925925926
3.030842591166000 2129244281.184942722320557 1.427779462962963
3.092539132462000 2134137925.849820137023926 1.432213407407407
3.092539132462000 2183323838.105681896209717 1.436705592592592
3.133047132348000 2193692979.374717712402344 1.441133814814815
3.047213819965000 2238437311.150226593017578 1.445626166666666
3.093500612167000 2159051384.959536552429199 1.450129574074074
3.077114997138000 2183061516.913122653961182 1.454611629629629
1.733495054124000 2191093969.425496578216553 1.459047666666667
3.076157243922000 1975119100.524397611618042 1.474049000000000
3.171631456638000 2070349211.631312131881714 1.480170407407407
3.116644008268000 1802599506.358319520950317 1.489143777777778
1.740214027202000 1960885156.518421173095703 1.499869648148148
3.569575949714000 1822718431.499075412750244 1.509512259259259
3.024070423864000 2233022452.530679225921631 1.516791814814815
3.493566650886000 2169111242.598721027374268 1.521329944444444
3.496826345568000 2227499225.289184570312500 1.525847759259259
3.130124914868000 2168878086.451962947845459 1.530283962962963
3.023130523504000 2247370255.538330554962158 1.534727740740741
1.747557100120000 2158882182.540334224700928 1.539241000000000
3.139787404369000 1557561588.278092861175537 1.544382370370370
1.740214027202000 2041858867.037152290344238 1.549910648148148
3.030842591166000 1570966559.368616819381714 1.555105592592593
1.738971553438000 1953971927.971480846405029 1.560575648148148
3.106995913034000 1558772758.185174226760864 1.565722148148148
3.032727889194000 2001873672.171953439712524 1.571227518518518
3.030842591166000 2148619775.814713001251221 1.575717851851852
3.017294159478000 2137666918.545670270919800 1.580153648148148
3.024070423864000 2138452565.732253789901733 1.584582388888889
3.139787404369000 2139839394.073614597320557 1.590017592592593
3.139787404369000 2227701247.809869766235352 1.594530685185185
3.076157243922000 2248453441.566592693328857 1.598956425925926
3.062642750699000 2203735548.233043193817139 1.603446777777778
3.030842591166000 2193355012.077799320220947 1.607877925925926
3.031784889231000 2146267781.289012193679810 1.612372611111111
3.029899240254000 2138708882.922354459762573 1.616793703703703
3.116644008268000 2138525483.876354932785034 1.621229333333333
3.014479905698000 2228061791.366935729980469 1.625742129629629
3.022189572976000 2156816786.197287082672119 1.630260833333333
3.160963583980000 2136520213.043936014175415 1.644505851851852
3.053978794152000 2170072025.707561016082764 1.650493425925926
3.137834582146000 1743817497.423028469085693 1.661326555555555
3.501278718548000 2177996133.629369735717773 1.670292759259259
3.132072939002000 2195184111.891543865203857 1.679349148148148
3.393309771280000 2247980679.830042362213135 1.683794703703704
3.109896537774000 2157885373.501383304595947 1.688312759259259
3.084827064800000 2176510420.439205646514893 1.692812462962963
3.084827064800000 2148798016.117998123168945 1.697251944444444
1.734114353196000 2192581409.611862182617188 1.701690518518518
3.030842591166000 1564647422.325871467590332 1.706859907407407
1.739592790320000 1962234495.133305072784424 1.712329814814814
3.016355958497000 1558658282.931257486343384 1.717470574074074
3.023130523504000 1962419621.116032361984253 1.722931055555555
3.038554658828000 2138148732.300237894058228 1.727364574074074
3.038554658828000 2138395672.101585388183594 1.731800907407407
3.022189572976000 2136165620.258682012557983 1.736219314814814
3.040444754052000 2138513409.416910886764526 1.740647518518518
3.015418455842000 2138606071.978083848953247 1.745088685185185
3.078071681433000 2137668590.823402404785156 1.749519037037036
3.038554658828000 2182334537.962295055389404 1.754013018518518
3.029899240254000 2148946471.959141254425049 1.758494574074073
3.025011024336000 2138331487.602960586547852 1.762925888888888
1.734114353196000 2138159867.071159839630127 1.767339277777777
3.068447576644000 1557841905.598306894302368 1.772484351851851
3.069402929476000 2002013421.142349958419800 1.777970444444444
3.145544249424000 2193562951.092663764953613 1.782396425925925
3.030842591166000 2225774119.903762340545654 1.786914555555555
3.113736907492000 2158829540.279401779174805 1.791428166666666
3.133047132348000 2073749464.404442310333252 1.795940277777777
3.108929542901000 1671567936.986504554748535 1.812425870370370
1.739592790320000 2232867904.727994918823242 1.818355092592592
3.078071681433000 1822819674.398501873016357 1.827995370370370
3.386650296113000 2158073294.544668197631836 1.837928907407407
3.038554658828000 2173071469.354928016662598 1.846977851851851
3.587226395655000 2137615856.334884166717529 1.851407907407407
3.395420537520000 2272364673.298480510711670 1.855927833333333
3.134020963136000 2148248540.137042999267578 1.860462759259259
1.740214027202000 2237948635.475171566009521 1.864953537037036
3.030842591166000 1571231207.252721309661865 1.870143925925925
3.039499354598000 1962660790.533121824264526 1.875608592592592
3.147501869736000 2136223759.466297149658203 1.880044407407407
1.726159641360000 2227706580.419838428497314 1.884562018518518
3.077114997138000 1571337054.575842618942261 1.889747462962962
3.115675335448000 2001777373.590396404266357 1.895245462962962
1.748180271240000 2238109513.438598155975342 1.899735018518518
3.029899240254000 1570670604.254590988159180 1.904930277777777
3.085786146800000 1963033985.017357826232910 1.910403277777777
3.082907829200000 2177908787.541712760925293 1.914898277777777
3.121444177065000 2193483902.500156402587891 1.919331333333333
1.739592790320000 2230887675.050396919250488 1.923823425925925
3.067493290054000 1570542780.786772966384888 1.929020462962963
3.031784889231000 2001648260.395199298858643 1.934519796296296
1.740835726658000 2148759460.796438217163086 1.939012018518518
1.734114353196000 1555835978.092964410781860 1.944154962962962
3.063595348626000 1493117221.243635892868042 1.948759740740740
3.030842591166000 2002295625.902088403701782 1.954263944444444
3.031784889231000 2147962075.387733936309814 1.958758240740740
1.741456500966000 2133874884.751291990280151 1.963197111111111
1.739592790320000 1935521036.631763458251953 1.978164388888888
3.061690861814000 1477223576.594642162322998 1.984739648148148
3.029899240254000 2157841803.456288337707520 1.994653944444444
3.392253602320000 2148709243.837095737457275 2.003570796296296
3.116644008268000 2119807153.150792598724365 2.012475962962962
3.386650296113000 2227384408.988155841827393 2.016989722222222
3.078071681433000 2158887279.449522495269775 2.021497592592592
3.031784889231000 2175498942.978772640228271 2.025973833333333
3.024070423864000 2130617097.846928834915161 2.030445481481481
3.031784889231000 2137670399.839947223663330 2.034888462962962
3.133047132348000 2138008922.193957328796387 2.039321851851851
1.741456500966000 2228008986.823983669281006 2.043826388888888
3.092539132462000 1570413013.911348581314087 2.049013999999999
3.024070423864000 1961527472.490254402160645 2.054481759259259
1.733495054124000 2138153071.197654485702515 2.058915425925925
3.077114997138000 1556973792.516884088516235 2.064053907407406
3.036664211762000 2001878398.671746730804443 2.069541481481481
3.115675335448000 2148844252.531268596649170 2.074018814814814
3.008641493130000 2183047255.708176612854004 2.078513666666666
3.032727889194000 2148786911.991298675537109 2.083008592592592
3.015418455842000 2138266916.301219940185547 2.087429870370370
3.021249672616000 2138399592.611685991287231 2.091848259259259
3.077114997138000 2137465185.717989683151245 2.096276518518518
1.739592790320000 2183446292.820755958557129 2.100766055555555
3.030842591166000 1564438636.168446302413940 2.105941018518518
1.740214027202000 1963323910.283537626266479 2.111410925925925
3.024070423864000 1557891820.627996444702148 2.116551907407407
3.101215077534000 1962812570.488005638122559 2.122019740740740
3.239068418040000 2183178207.285686016082764 2.126509518518518
3.155216335103000 2147076540.583331346511841 2.131000962962962
1.739592790320000 2177202206.409278392791748 2.145343018518518
3.031784889231000 1621562292.519939661026001 2.152215611111111
3.107963267786000 2138122559.355001449584961 2.162193240740740
3.502367276618000 1902952331.945548772811890 2.172881740740740
3.493566650886000 2230158845.171947956085205 2.181760407407407
3.124358473635000 2247701241.828151702880859 2.186187870370369
3.470430447900000 2246459400.225856304168701 2.190615462962962
3.123387403110000 2185779093.458216667175293 2.195060111111110
3.162930800470000 2247502107.978594779968262 2.199496518518517
3.039499354598000 2291883904.643319606781006 2.203988037037036
1.739592790320000 2169450292.254340648651123 2.208521759259258
1.727392979734000 1558453666.557526826858521 2.213668629629629
3.124358473635000 1492247528.578328847885132 2.218269370370369
3.170645265837000 2041707778.321523666381836 2.223794222222221
3.016355958497000 2290738852.554635524749756 2.228270833333332
3.032727889194000 2169788748.960096359252930 2.232789592592591
3.070357216066000 2138295922.972769498825073 2.237220925925925
1.726159641360000 2183277775.261188030242920 2.241717833333332
1.727392979734000 1565414868.466299772262573 2.246887611111110
3.146523606096000 1492721049.202480554580688 2.251492166666665
3.024070423864000 2081326994.026850700378418 2.257038592592591
3.069402929476000 2169543790.635861873626709 2.261567296296295
1.748804138900000 2183270151.477526664733887 2.266041740740739
1.726159641360000 1565292911.435892343521118 2.271216481481480
3.030842591166000 1492760616.315706729888916 2.275818499999998
3.016355958497000 1962298578.199052095413208 2.281288870370369
3.146523606096000 2138254916.662826776504517 2.285709777777776
3.121444177065000 2272352119.745524406433105 2.290247796296295
3.024070423864000 2251104413.267829418182373 2.294740981481480
3.101215077534000 2136235188.159572839736938 2.309072296296295
3.040444754052000 2235859518.177079677581787 2.315076499999998
3.084827064800000 2165308336.602994441986084 2.324044092592591
3.381037393728000 1880205402.636146545410156 2.334671277777776
1.921626300308000 2136139358.578914165496826 2.343640944444443
3.046266726490000 1557636157.680108547210693 2.348790611111109
3.574018980128000 1960702669.090538501739502 2.354240518518517
3.078071681433000 2204176249.196279525756836 2.358762314814813
3.168673251258000 2213315720.554490566253662 2.363273629629628
3.023130523504000 2282746637.897666931152344 2.367770925925924
3.115675335448000 2168177934.630235195159912 2.372288814814813
1.725543201674000 2227773451.371180534362793 2.376784129629628
3.007706388180000 1571766402.831999778747559 2.381973499999999
3.008641493130000 1962935902.991238832473755 2.387443796296295
3.023130523504000 2138353810.000544786453247 2.391864666666665
3.029899240254000 2137118946.080171823501587 2.396298203703703
3.078071681433000 2133088465.396188735961914 2.400729314814814
1.732876215840000 2183313405.610192298889160 2.405216518518518
3.062642750699000 1565514717.097325086593628 2.410388759259258
3.184092585814000 2001352289.124131917953491 2.415881722222221
3.013542403043000 2282312363.784122943878174 2.420393555555555
3.022189572976000 2169977842.106557846069336 2.424909962962962
3.069402929476000 2138200856.182262420654297 2.429343944444444
3.116644008268000 2183101108.705851554870605 2.433843685185185
3.122415247590000 2238282393.410573005676270 2.438333481481481
3.016355958497000 2248425892.453682899475098 2.442759481481481
3.060737909366000 2159230244.396251678466797 2.447259611111110
1.746933000280000 2183586329.645880699157715 2.451754333333333
1.726776081046000 1561022158.848671197891235 2.456923240740740
3.015418455842000 1393966308.020416498184204 2.461560018518518
1.738971553438000 2093349616.489149093627930 2.476842796296296
3.060737909366000 1481463811.132097721099854 2.482950925925925
3.115675335448000 2122711954.981952905654907 2.490990499999999
3.024070423864000 2224954192.328572273254395 2.499893666666666
3.386650296113000 2132937685.570997238159180 2.508800111111110
3.124358473635000 2116237900.154153347015381 2.514974814814814
3.396475920640000 2226721254.269371509552002 2.519474999999999
3.030842591166000 2147468695.119122743606567 2.523945962962963
3.039499354598000 2137892273.970314979553223 2.528381425925926
3.044371481335000 2122532416.062214851379395 2.532839092592592
3.200508079730000 2137706963.480358123779297 2.537261370370370
3.136858716211000 2272108590.308369636535645 2.541801370370370
3.015418455842000 2258567737.193727016448975 2.546286296296296
3.032727889194000 2158940253.911628246307373 2.550792092592592
3.040444754052000 2138282219.555384159088135 2.555205388888889
3.076157243922000 2138446290.875637531280518 2.559633907407407
3.078071681433000 2181944050.059604644775391 2.564123370370370
3.077114997138000 2193342670.230197906494141 2.568564796296296
3.083866911200000 2181804904.363244056701660 2.572993203703704
1.739592790320000 2193646051.594007015228271 2.577431703703704
3.017294159478000 1564829519.143712997436523 2.582606500000000
1.734114353196000 1954965916.830153226852417 2.588071888888889
1.734114353196000 1548965911.315804719924927 2.594219796296296
1.732876215840000 1492710935.049266099929810 2.598824425925926
3.078071681433000 1491385114.571424007415771 2.603424500000000
3.069402929476000 2001175366.992282390594482 2.608914574074074
3.077114997138000 2193356130.911038398742676 2.613340537037037
3.078071681433000 2193695656.540296077728271 2.617766092592592
1.732876215840000 2193364018.309082984924316 2.622200240740741
3.406613151266000 1565634000.000000000000000 2.627366907407407
3.137834582146000 2039629860.343615055084229 2.632896351851852
3.039499354598000 2219070521.366921901702881 2.647147351851852
3.025011024336000 1842145356.619456052780151 2.654147759259259
1.740214027202000 2133784219.506783246994019 2.663828722222222
3.439582177252000 1633221552.032514095306396 2.673561240740741
3.032727889194000 2147180475.101413965225220 2.683545074074074
3.395420537520000 2146729697.169733285903931 2.688033592592593
3.024070423864000 2137851208.326720237731934 2.692467333333334
3.053028242088000 2130521043.138433694839478 2.696902666666667
3.092539132462000 2093695066.815284252166748 2.701338611111111
3.085786146800000 2182571467.384592533111572 2.705837166666667
3.109896537774000 2192993083.400160312652588 2.710270944444445
3.039499354598000 2192768887.812779426574707 2.714706981481482
3.028956942189000 2148593632.317699432373047 2.719196666666667
3.023130523504000 2137960173.239724874496460 2.723630685185185
3.178359731204000 2135619605.446050167083740 2.728053870370371
3.046266726490000 2272178063.567885398864746 2.732589703703704
3.092539132462000 2169466496.144812107086182 2.737107425925926
3.092539132462000 2183092393.927020549774170 2.741597259259259
1.738971553438000 2193645852.119026184082031 2.746033259259260
3.023130523504000 1564929435.679024457931519 2.751198759259259
3.022189572976000 1962278737.961891889572144 2.756657888888889
3.084827064800000 2138587720.253705263137817 2.761078296296297
1.741456500966000 2183445343.896172523498535 2.765575777777778
1.734114353196000 1565116152.606125831604004 2.770745222222223
3.031784889231000 1492708415.865500688552856 2.775345000000001
3.124358473635000 1961797431.484178543090820 2.780799944444445
3.031784889231000 2227962912.991970539093018 2.785301870370371
3.031784889231000 2159273551.542204380035400 2.789815611111112
3.048161618910000 2138290814.258190631866455 2.794246592592593
3.186074196571000 2138301039.448966979980469 2.798682703703705
3.038554658828000 2265590680.542086601257324 2.803227555555556
3.039499354598000 2175901163.097628116607666 2.817609648148149
3.023130523504000 2131358814.215341329574585 2.823504166666667
1.747557100120000 2197743226.354625701904297 2.832483685185186
1.915591436670000 1821135627.056998014450073 2.842065925925926
3.370173568294000 1477578749.822954416275024 2.851479703703704
3.029899240254000 1961634837.590387821197510 2.856944851851852
3.402079226847000 2138280209.894426584243774 2.861380944444445
3.030842591166000 2119125475.954107284545898 2.865801888888889
3.105063002925000 2132273945.600107192993164 2.870236129629630
3.016355958497000 2182977147.775521755218506 2.874732814814815
1.739592790320000 2148960677.770448684692383 2.879224666666667
1.754278473582000 1557351001.715994119644165 2.884372314814815
3.024070423864000 1484285546.303184509277344 2.889002425925927
3.021249672616000 1962272643.212540149688721 2.894469888888890
3.022189572976000 2138190326.359832525253296 2.898895814814816
1.734114353196000 2138226915.418108701705933 2.903331796296297
1.726776081046000 1558039741.489495754241943 2.908475222222223
3.106995913034000 1493033155.777801990509033 2.913074722222223
3.061690861814000 2040916324.947356700897217 2.918588777777778
3.014479905698000 2203722341.534998893737793 2.923081240740741
3.161947741420000 2141415749.764225244522095 2.927558203703704
3.038554658828000 2271425147.012613773345947 2.932096111111112
3.176382918536000 2169707231.112841606140137 2.936614907407408
3.186074196571000 2272576282.380568027496338 2.941157240740742
3.028956942189000 2303541650.142973423004150 2.945593444444445
3.015418455842000 2169405551.855045318603516 2.950125129629630
3.022189572976000 2138484739.450972318649292 2.954541018518519
3.162930800470000 2138561404.094998359680176 2.958974611111112
1.733495054124000 2272513497.300539970397949 2.963512555555556
3.084827064800000 1482210606.258632183074951 2.968755092592593
3.092539132462000 2127611504.826816558837891 2.984122555555556
3.124358473635000 2179243949.152224063873291 2.990040000000001
3.077114997138000 2177812216.258284568786621 2.999034388888890
3.029899240254000 2162172018.863687515258789 3.007940388888890
3.510081741985000 1889117515.859395027160645 3.018601203703705
3.402079226847000 2226928019.080168724060059 3.023120148148149
3.392253602320000 2158964839.248143196105957 3.027635388888890
3.048161618910000 2117700883.218841791152954 3.032069925925927
3.061690861814000 2137596144.940234184265137 3.036508537037038
3.031784889231000 2127081800.505948066711426 3.040937333333334
3.045318574810000 2137978338.837695598602295 3.045372648148149
3.031784889231000 2138292336.336236000061035 3.049808685185186
3.124358473635000 2137690258.914747953414917 3.054222407407408
3.046266726490000 2227757153.982125759124756 3.058716796296297
1.740835726658000 2157838576.401046276092529 3.063212444444445
3.028956942189000 1557503786.268562078475952 3.068352851851852
3.177371876744000 1962805299.223389863967896 3.073825351851852
1.739592790320000 2272345250.530438899993896 3.078363870370371
3.008641493130000 1578010225.820196151733398 3.083579425925926
3.038554658828000 1962312054.617709875106812 3.089031462962963
3.029899240254000 2138203010.071291208267212 3.093449962962963
3.039499354598000 2136896192.254200458526611 3.097883907407408
3.045318574810000 2137399782.971619606018066 3.102320944444445
3.159980524930000 2104572070.398129224777222 3.106756037037038
1.738971553438000 2270422256.576344490051270 3.111296018518519
3.068447576644000 1577134523.297440052032471 3.116505222222223
1.740214027202000 2002164026.258205652236938 3.122006148148149
1.726776081046000 1565506301.632907629013062 3.127175296296297
3.029899240254000 1397079884.466560363769531 3.131894148148148
3.077114997138000 2074801569.752836465835571 3.148259074074074
3.038554658828000 2179562854.666927337646484 3.154221240740741
3.168673251258000 2133112174.622586011886597 3.163140370370371
3.376834267764000 2200843037.964201450347900 3.172085444444445
1.740835726658000 2169501506.358809471130371 3.181084333333334
1.921626300308000 1557987879.573516607284546 3.186227166666667
3.375784072974000 1492292764.230588197708130 3.190827000000000
3.013542403043000 1955397507.995013236999512 3.196293370370371
3.131099470772000 2117845618.862968206405640 3.200734759259260
3.028014293175000 2226334763.420396327972412 3.205249722222223
3.133047132348000 2158698256.021464347839355 3.209763666666667
3.015418455842000 2227866336.552493095397949 3.214281370370371
3.078071681433000 2159115435.258488655090332 3.218781888888889
3.060737909366000 2181032481.882492542266846 3.223281833333334
3.031784889231000 2193094900.371496200561523 3.227723333333334
3.039499354598000 2147544115.827249050140381 3.232212777777778
1.732257377556000 2138597139.028839349746704 3.236649240740741
3.022189572976000 1558917866.983629703521729 3.241790629629630
3.006770238420000 1953732090.844350337982178 3.247277425925926
3.077114997138000 2138320627.718379020690918 3.251709703703704
3.022189572976000 2182236118.665018558502197 3.256204148148149
1.732876215840000 2148949623.835879802703857 3.260674222222223
3.077114997138000 1559216886.911457538604736 3.265827018518519
3.177371876744000 2002130495.957345008850098 3.271328537037038
3.161947741420000 2283119414.328733444213867 3.275836185185186
3.123387403110000 2302633665.843731403350830 3.280276777777778
3.131099470772000 2259059941.852073192596436 3.284767240740742
3.170645265837000 2248423675.960232734680176 3.289185537037038
3.024070423864000 2292718201.204993724822998 3.293657666666667
3.399963269598000 2169230740.936009407043457 3.298188722222223
3.047213819965000 2225314730.295556545257568 3.302708759259260
3.016355958497000 2217355620.862263679504395 3.317044407407408
3.039499354598000 2148701655.980442047119141 3.323066351851852
1.728008960418000 2132795169.250323534011841 3.331895592592593
3.440651553682000 1820543353.405965805053711 3.341471925925926
1.922312810132000 2146509205.839562654495239 3.351438425925926
3.084827064800000 1550421400.420247793197632 3.356611740740741
3.048161618910000 1997641668.096790552139282 3.362115018518519
3.037608907532000 2122960857.140504360198975 3.366612314814815
3.029899240254000 2137722466.536396980285645 3.371038074074074
3.038554658828000 2138107123.858033895492554 3.375459055555556
3.092539132462000 2138207742.671037197113037 3.379877092592593
3.123387403110000 2181614939.609786033630371 3.384361814814815
3.192796012068000 2238202779.954629898071289 3.388851629629630
3.044371481335000 2292935535.248149871826172 3.393328092592593
3.037608907532000 2169538475.983638286590576 3.397864351851852
3.101215077534000 2138316270.298585653305054 3.402283333333334
3.078071681433000 2183153625.055750846862793 3.406767555555556
3.039499354598000 2193364873.828286647796631 3.411206685185186
3.029899240254000 2148680757.612798690795898 3.415675888888889
3.132072939002000 2137567625.881231307983398 3.420104666666667
3.086745943200000 2227997324.392756462097168 3.424617314814815
1.732876215840000 2203926880.954943180084229 3.429091500000000
3.123387403110000 1565201308.824530839920044 3.434258703703704
3.109896537774000 2041437100.055732011795044 3.439774518518519
3.037608907532000 2203012600.380280017852783 3.444264388888889
3.053978794152000 2149080497.925311088562012 3.448749666666667
3.039499354598000 2138476062.998036146163940 3.453190722222223
3.131099470772000 2138426299.471550464630127 3.457616666666667
3.246780485702000 2227812095.227164745330811 3.462134518518519
1.747557100120000 2154173594.412940502166748 3.466647592592593
3.070357216066000 1934847080.568298339843750 3.481616259259260
3.070357216066000 2124898595.264310598373413 3.487738407407408
3.038554658828000 2152713008.690073013305664 3.497551648148149
1.921626300308000 2133083539.222062587738037 3.506463629629630
3.031784889231000 1621945454.270677089691162 3.516266481481482
3.385597703618000 1962075974.620839357376099 3.521724444444445
3.453930940544000 2137958148.893359899520874 3.526142222222223
3.038554658828000 2171769799.558243751525879 3.530627685185185
3.024070423864000 2143146168.196587800979614 3.535124407407408
3.038554658828000 2134889723.764319181442261 3.539540925925926
1.738971553438000 2128303654.125821828842163 3.543959574074074
3.038554658828000 1558277828.767641067504883 3.549104629629630
3.053028242088000 1962484436.094043493270874 3.554574907407408
3.028956942189000 2138193237.442578554153442 3.559001240740741
3.031784889231000 2138174145.173977613449097 3.563427092592593
1.725543201674000 2138216915.414549350738525 3.567848000000001
3.159980524930000 1553415814.965908050537109 3.572986592592593
3.028956942189000 2041495794.772857427597046 3.578515425925926
3.106995913034000 2158878770.411482334136963 3.583013166666667
3.085786146800000 2183304752.844664573669434 3.587509888888889
3.077114997138000 2191122240.689545631408691 3.591944370370371
3.039499354598000 2194499897.877207756042480 3.597384444444445
1.740835726658000 2139201690.603200435638428 3.601897407407408
3.132072939002000 1558506834.562173604965210 3.607038759259260
3.077114997138000 2033812951.135000467300415 3.612564944444445
3.115675335448000 2203780719.412590026855469 3.617054203703704
3.155216335103000 2238265574.420294761657715 3.621539240740741
1.739592790320000 2248421895.393494129180908 3.625980222222223
3.129151446638000 1571795616.323006391525269 3.631170351851852
1.733495054124000 1934929249.574284315109253 3.636727444444445
3.032727889194000 1934653935.483870744705200 3.651796888888889
3.038554658828000 2099184316.622691154479980 3.658815407407408
3.078071681433000 2133163073.662518739700317 3.667658037037037
3.556368534186999 2174672579.797127723693848 3.676568944444444
3.044371481335000 2286893046.600580692291260 3.685578925925926
3.448366019049000 2168578590.155097484588623 3.690113703703704
3.083866911200000 2182718389.691121101379395 3.694606055555556
3.122415247590000 2179483220.774876117706299 3.699034481481482
1.733495054124000 2237429359.709771633148193 3.703531574074074
1.740835726658000 1569960188.782226324081421 3.708722740740741
3.061690861814000 1492798575.853884220123291 3.713325888888889
1.739592790320000 2000846234.225002527236938 3.718819814814815
3.015418455842000 1565181552.071814060211182 3.723944148148149
1.740835726658000 1961954301.695697546005249 3.729400222222223
3.069402929476000 1558859611.837934255599976 3.734541259259260
3.078071681433000 1991932106.124593496322632 3.740040037037038
3.021249672616000 2193695302.757956504821777 3.744480388888890
3.113736907492000 2148704409.214763641357422 3.748965944444445
3.023130523504000 2226765653.172623634338379 3.753464500000001
3.036664211762000 2158926784.516840457916260 3.757965925925927
3.016355958497000 2138366282.301509857177734 3.762396833333335
3.185083944406000 2138428378.361415624618530 3.766822740740742
1.733495054124000 2272555333.961410045623779 3.771363351851853
3.108929542901000 1576866447.845176696777344 3.776576462962964
3.037608907532000 2041953505.206116437911987 3.782102370370371
3.178359731204000 2159266125.625894546508789 3.786618129629630
3.075200559627000 2272719614.764635086059570 3.791156000000001
3.170645265837000 2213927026.427556514739990 3.795664481481482
3.047213819965000 2158342184.676027774810791 3.800193333333334
3.029899240254000 2255082107.873144149780273 3.814563092592593
1.739592790320000 2124441861.706637620925903 3.820460111111112
3.015418455842000 1633989871.424523591995239 3.830197870370371
3.401021838942000 2108008296.670646905899048 3.840076888888889
3.386650296113000 2153477266.179111957550049 3.849139500000001
3.024070423864000 2137171478.616505146026611 3.853558796296297
3.169659809082000 2138246147.555006742477417 3.857996814814816
1.720671606272000 2111491571.376570463180542 3.862422870370371
1.740835726658000 1553400732.184061050415039 3.867567296296297
3.030842591166000 1490929793.762129783630371 3.872166444444446
3.016355958497000 1962710145.467225074768066 3.877636685185186
3.067493290054000 2138069508.641479253768921 3.882059796296297
3.161947741420000 2138050744.248984813690186 3.886493796296297
3.046266726490000 2272064561.202811241149902 3.891026388888890
3.160963583980000 2213601409.791403293609619 3.895539796296297
3.022189572976000 2281932592.394765377044678 3.900046925925927
3.014479905698000 2168900640.829279422760010 3.904580981481482
3.008641493130000 2138529642.718559741973877 3.909019333333335
3.016355958497000 2138129553.166948080062866 3.913450518518520
3.015418455842000 2138562763.036364316940308 3.917881500000001
3.014479905698000 2138390274.549223899841309 3.922302888888890
3.060737909366000 2129984014.276558160781860 3.926723500000001
1.719443066880000 2182611640.726062297821045 3.931218574074075
3.107963267786000 1564168849.437156677246094 3.936392370370371
1.734114353196000 2042119675.082385778427124 3.941916277777779
3.054928285332000 1571750273.705382347106934 3.947109074074075
1.733495054124000 2001072173.895493030548096 3.952614296296297
3.249809914976000 1565748506.083143472671509 3.957783407407408
3.024070423864000 2065124631.699094772338867 3.963364592592594
3.086745943200000 2133414459.206129550933838 3.977678425925927
3.022189572976000 2168780823.065962314605713 3.983643925925927
3.028956942189000 2145933604.361428976058960 3.992540092592594
3.385597703618000 2093160088.481857299804688 4.001380574074075
1.732876215840000 1888441499.637453794479370 4.012030555555556
1.929034183594000 1558345405.403460025787354 4.017176092592593
3.385597703618000 1492526050.636578559875488 4.021778240740741
3.013542403043000 1993976972.877449512481689 4.027290259259260
3.086745943200000 2128965819.008850097656250 4.031784851851853
3.023130523504000 2181470008.553047657012939 4.036266685185186
3.022189572976000 2148507444.907683372497559 4.040744018518519
3.001860429762000 2138294450.309153795242310 4.045164685185186
3.005835133470000 2138210791.270808458328247 4.049601055555556
3.147501869736000 2138212760.431937932968140 4.054022129629629
3.015418455842000 2272258398.859238147735596 4.058567500000000
3.168673251258000 2169127636.630994319915771 4.063101203703703
3.086745943200000 2271992240.163673877716064 4.067645018518518
3.115675335448000 2211830851.814764499664307 4.072157388888888
3.106995913034000 2238403661.769442558288574 4.076642166666666
1.733495054124000 2248347056.097591400146484 4.081077888888888
3.025011024336000 1570974352.760036468505859 4.086273740740740
3.100251200124000 1962984720.002443075180054 4.091731129629629
3.023130523504000 2227005259.942849636077881 4.096248148148147
3.067493290054000 2159385775.675953388214111 4.100751388888888
3.015418455842000 2183111621.603754997253418 4.105233462962962
3.030842591166000 2149070846.208257198333740 4.109710296296296
1.728625629605000 2138457718.694242715835571 4.114131740740740
3.008641493130000 1558216354.712466478347778 4.119270592592592
3.106995913034000 1962328261.737653017044067 4.124742851851852
3.179348321496000 2085849867.760232686996460 4.129245055555556
1.734114353196000 2254736670.441676139831543 4.144370518518519
3.061690861814000 1621590354.819489955902100 4.151239425925927
3.079029078342000 1939880120.059736251831055 4.161333166666668
3.564082999554000 2186421041.631834506988525 4.170193907407409
1.922312810132000 2240653558.366882324218750 4.179237277777779
1.740835726658000 1576126451.282743692398071 4.184448185185187
3.107963267786000 1492947363.761122703552246 4.189049648148150
1.738971553438000 1941005401.380804061889648 4.194521500000002
3.130124914868000 1558096146.987300872802734 4.199661777777780
3.131099470772000 2036057058.484779596328735 4.205192814814817
1.733495054124000 2245990888.610763549804688 4.209631703703706
3.131099470772000 1571155913.479722261428833 4.214821666666669
3.022189572976000 2040499539.269331455230713 4.220348314814817
3.023130523504000 2158513865.034698486328125 4.224866074074076
3.169659809082000 2138319512.440480232238770 4.229284148148150
3.178359731204000 2272293926.969943523406982 4.233814500000002
3.046266726490000 2303200601.503759384155273 4.238247833333335
1.732876215840000 2169360014.703479766845703 4.242781907407410
3.114705580312000 1558957771.503587722778320 4.247930703703706
3.029899240254000 2041679632.410113573074341 4.253456185185188
3.108929542901000 2159265063.454223632812500 4.257969500000002
1.740214027202000 2183203879.335206508636475 4.262464351851854
3.021249672616000 1565049394.622773170471191 4.267629481481483
3.031784889231000 1961907187.538162946701050 4.273088518518520
1.734732730692000 2138372752.718494176864624 4.277514648148149
1.733495054124000 1558658642.577597618103027 4.282658111111112
3.038554658828000 1492832468.817100524902344 4.287263555555556
3.016355958497000 1876153170.374588489532471 4.292727333333334
1.728625629605000 1635038109.015475988388062 4.309688907407408
3.025011024336000 1481092714.028809785842896 4.315805685185186
3.061690861814000 2174538858.031144618988037 4.323954055555556
3.062642750699000 2154780190.144783496856689 4.332894611111112
3.493566650886000 2189025730.438440799713135 4.341742037037037
3.023130523504000 2227001865.688349246978760 4.347945685185185
3.393309771280000 2148406464.342760562896729 4.352478814814815
3.116644008268000 2133009371.363237142562866 4.357013907407408
3.084827064800000 2227881976.464394092559814 4.361516148148149
3.092539132462000 2181123467.308761119842529 4.366015314814815
1.740214027202000 2148031010.369735717773438 4.370512018518519
3.025011024336000 1558492184.628688812255859 4.375651462962963
3.023130523504000 1951051204.880528926849365 4.381115351851852
3.014479905698000 2138491443.186519861221313 4.385546518518519
3.077114997138000 2138235617.948899984359741 4.389980092592593
3.106029637919000 2182823399.113145828247070 4.394477888888889
3.170645265837000 2238047490.337944984436035 4.398972370370370
1.734114353196000 2293193904.036783218383789 4.403467148148148
1.726776081046000 1576795626.194519281387329 4.408679999999999
3.123387403110000 1493077945.842901945114136 4.413284574074074
3.016355958497000 2042118958.584167957305908 4.418806259259259
3.028956942189000 2159148549.561782360076904 4.423306814814814
1.740214027202000 2138286188.057606697082520 4.427740444444444
3.069402929476000 1557909921.464082479476929 4.432880814814815
3.069402929476000 2002133208.564610004425049 4.438382351851851
3.069402929476000 2193416420.644146919250488 4.442810833333333
3.113736907492000 2193215370.582673072814941 4.447236796296296
1.734114353196000 2238150248.390520572662354 4.451721222222222
3.024070423864000 1570146998.372869729995728 4.456911000000000
3.039499354598000 1963409326.249305486679077 4.462376259259259
3.038554658828000 2132904317.884789228439331 4.466797148148149
3.077114997138000 2135794251.248753309249878 4.481037277777778
1.746933000280000 2179279812.421791076660156 4.487016018518519
3.015758803146000 1822069602.551426887512207 4.496643166666667
3.393309771280000 1937088718.157860517501831 4.506769074074074
3.024070423864000 2172958154.109101295471191 4.515870370370370
1.922998298364000 2136902434.851551055908203 4.520308240740741
1.922998298364000 1558438626.760943889617920 4.525449370370371
3.112796442756000 1487769116.504502534866333 4.530049574074074
3.077114997138000 1981068457.118191242218018 4.535540981481482
3.016355958497000 2191086424.527231216430664 4.539946666666667
3.038554658828000 2148961075.953286170959473 4.544432611111112
3.032727889194000 2138456890.506561517715454 4.548869203703704
1.727392979734000 2138469399.002931356430054 4.553304425925926
3.078071681433000 1558714643.448226213455200 4.558451462962964
3.030842591166000 2000659696.874715566635132 4.563946074074074
3.015418455842000 2143996750.676255226135254 4.568437037037038
3.030842591166000 2138317341.626778125762939 4.572855222222223
3.069402929476000 2138370647.150425434112549 4.577290907407408
3.078071681433000 2181268024.768617630004883 4.581788833333333
3.036664211762000 2193235852.839456558227539 4.586222388888889
1.738971553438000 2148697270.194986343383789 4.590709888888889
3.030842591166000 1558358907.119572162628174 4.595850907407407
3.020107714932000 1990725679.213700294494629 4.602322851851852
3.023130523504000 2138429547.943653583526611 4.606736018518519
3.083866911200000 2138292947.075952529907227 4.611174944444445
3.076157243922000 2182438987.010097980499268 4.615669888888889
3.022189572976000 2192443081.806980133056641 4.620103314814815
3.028956942189000 2149107428.062301635742188 4.624592796296297
3.014479905698000 2138565729.592839002609253 4.629024111111112
3.109896537774000 2013515053.325734853744507 4.633573370370371
3.039499354598000 2143771118.887272357940674 4.648936351851852
3.045318574810000 2127262277.880567789077759 4.654901611111112
3.069402929476000 2131361419.531933546066284 4.663766296296297
3.510081741985000 1885414959.394932270050049 4.674392592592593
3.132072939002000 2216732480.129550457000732 4.683358074074074
1.908188354152000 2247153360.626349449157715 4.687800037037037
3.038554658828000 1566293757.099076509475708 4.692984592592592
3.149459490048000 1961575594.105981111526489 4.698456555555555
1.740214027202000 2206519411.307533740997314 4.702959944444443
3.116644008268000 1568573135.350983381271362 4.708149333333332
3.177371876744000 2031720512.230963706970215 4.713706722222221
3.017294159478000 2292702340.806213378906250 4.718198685185184
3.015418455842000 2169550559.501720428466797 4.722729833333332
3.022189572976000 2138338811.990560293197632 4.727155537037036
3.162930800470000 2138423011.971328735351562 4.731596703703703
3.161947741420000 2271233221.517592430114746 4.736134592592592
3.006770238420000 2303702473.740550041198730 4.740563333333332
3.106995913034000 2169442361.547694206237793 4.745099592592592
3.171631456638000 2227253196.531768321990967 4.749608240740740
1.732257377556000 2292054813.198800086975098 4.754090129629629
3.022189572976000 1577689628.681178092956543 4.759296796296296
3.023130523504000 1962567547.266846418380737 4.764770055555555
3.023130523504000 2138362375.617998600006104 4.769208666666667
3.075200559627000 2138498998.264776706695557 4.773626925925926
3.076157243922000 2183289675.477245330810547 4.778111574074074
3.031784889231000 2193206394.948191642761230 4.782545629629630
3.029899240254000 2148557420.567527770996094 4.787038148148149
3.024070423864000 2138403845.348301410675049 4.791459074074075
1.740214027202000 2138164247.494852066040039 4.795892537037037
1.740835726658000 1472394663.897047281265259 4.801277240740741
3.022189572976000 1901624934.553626060485840 4.818360777777778
3.123387403110000 1829034921.773434162139893 4.825796444444445
3.100251200124000 2210104396.857314586639404 4.834729592592593
1.928345273386000 2186642804.001679420471191 4.843640666666667
3.055878483768000 1812975716.922557353973389 4.853292259259260
3.395420537520000 1962008276.645524024963379 4.858769518518519
3.462718380238000 2138193063.796667575836182 4.863195037037038
3.031784889231000 2117591150.264452695846558 4.867613666666667
3.047213819965000 2129042631.486719846725464 4.872052222222223
3.076157243922000 2138349738.404118537902832 4.876473092592593
1.733495054124000 2183216593.810898780822754 4.880967851851852
3.124358473635000 1564840487.827617883682251 4.886132092592593
3.152273255357000 2041870247.435123682022095 4.891655425925927
1.740835726658000 2291620018.963598251342773 4.896147462962964
3.115675335448000 1577444007.292966127395630 4.901357962962964
3.016355958497000 2041524962.300461292266846 4.906871833333334
1.741456500966000 2158820690.420143127441406 4.911379555555555
3.037608907532000 1558192574.529838800430298 4.916528500000000
3.069402929476000 1962581527.843286514282227 4.921985962962963
3.031784889231000 2175692953.468944072723389 4.926485944444445
3.023130523504000 2147831903.634304523468018 4.930982703703704
3.007706388180000 2138629681.312464714050293 4.935401870370371
3.015418455842000 2138286133.363420963287354 4.939833370370371
3.029899240254000 2137553235.751165628433228 4.944266481481482
3.038554658828000 2138608198.978161573410034 4.948692055555556
3.023130523504000 2136410344.813193321228027 4.953128703703705
3.029899240254000 2138474464.027495384216309 4.957546944444445
1.739592790320000 2138488832.947926044464111 4.961975481481482
1.739592790320000 1556780222.624902963638306 4.967126148148148
3.108929542901000 1489242335.383917093276978 4.981897611111111
3.008641493130000 1978551773.451789379119873 4.989278592592592
3.008641493130000 2131781054.440618515014648 4.998200648148148
3.455006312576000 1865252786.020038843154907 5.008804185185185
1.922312810132000 2157862252.691977977752686 5.017750518518518
3.368076803401000 1564674640.085419416427612 5.022918925925926
3.016355958497000 1961907515.314000368118286 5.028375685185186
3.024070423864000 2138388162.105853319168091 5.032802148148148
3.069402929476000 2122785144.912383556365967 5.037230111111112
3.023130523504000 2182115459.398892879486084 5.041725518518519
3.015418455842000 2136841541.623589754104614 5.046221500000001
3.115675335448000 2137994028.825780630111694 5.050643981481482
3.114705580312000 2227435807.044008731842041 5.055161611111111
3.047213819965000 2248317910.890386104583740 5.059595185185185
3.030842591166000 2158180576.575246334075928 5.064110351851852
3.132072939002000 2138423887.411570072174072 5.068539462962963
3.010512747840000 2217954960.752567291259766 5.073057333333334
3.046266726490000 2156484538.841247081756592 5.077555462962963
3.171631456638000 2138313568.980416774749756 5.081991370370371
3.123387403110000 2227793788.809686183929443 5.086506518518520
1.733495054124000 2248187302.304563999176025 5.090932518518519
1.726159641360000 1570763182.017598628997803 5.096124425925927
3.032727889194000 1492973174.060609102249146 5.100724037037038
3.069402929476000 1963176920.967922210693359 5.106195092592594
3.031784889231000 2183146491.025090217590332 5.110676722222223
3.029899240254000 2148669322.709163665771484 5.115166833333334
3.077114997138000 2140090101.841168165206909 5.119596388888890
3.029899240254000 2192312594.726308822631836 5.124019462962964
3.030842591166000 2149203975.778031826019287 5.128496574074075
3.023130523504000 2138851546.469618320465088 5.132909851851853
3.077114997138000 2134573006.774361848831177 5.137351981481483
3.022189572976000 2148455449.133267402648926 5.151657518518520
1.726776081046000 2126415300.716637134552002 5.157603500000001
3.030842591166000 1820599481.604704141616821 5.167177203703705
1.921626300308000 2134977069.346065521240234 5.177203407407409
3.169659809082000 1479095002.052221298217773 5.187174537037039
3.370173568294000 2079859288.943416833877563 5.192729129629631
3.076157243922000 2163884747.755581855773926 5.197265074074076
3.054928285332000 2180032936.117278575897217 5.201760870370371
3.106029637919000 2174397342.043023109436035 5.206200370370372
3.108929542901000 2237331839.619721889495850 5.210688314814816
3.015418455842000 2248211512.963132858276367 5.215129685185187
3.078071681433000 2158674738.002631187438965 5.219648037037039
3.014479905698000 2182100006.183909416198730 5.224139981481483
3.009577294620000 2148584319.868095397949219 5.228632574074076
3.032727889194000 2138471339.715325117111206 5.233050870370372
3.030842591166000 2138360891.000096082687378 5.237479518518520
3.015418455842000 2138420354.962326526641846 5.241910870370372
3.108929542901000 2138119714.984223604202271 5.246342074074076
3.028956942189000 2228039437.705233573913574 5.250859277777780
3.060737909366000 2159014967.259120941162109 5.255372833333335
3.016355958497000 2183412859.846064567565918 5.259864851851853
3.007706388180000 2148007354.306726455688477 5.264352018518520
3.014479905698000 2138476177.741377592086792 5.268783759259261
1.720057107968000 2138477146.721886396408081 5.273219462962964
3.070357216066000 1558733069.281215429306030 5.278353129629631
3.025011024336000 2002061685.549538612365723 5.283838537037038
1.727392979734000 2148171581.304987907409668 5.288328148148150
3.107963267786000 1559194393.236742734909058 5.293471407407409
3.077114997138000 2041510336.073501110076904 5.298986074074075
1.740214027202000 2203759855.951478004455566 5.303480444444445
3.068447576644000 1562167133.272710323333740 5.308653074074074
3.077114997138000 2169726291.556573390960693 5.323952944444445
3.117613402632000 2185589744.867295265197754 5.329899740740741
3.063595348626000 2275567774.783116340637207 5.338880055555555
1.937136892320000 2205168000.000000000000000 5.347775888888889
1.921626300308000 1651404825.296159029006958 5.357680481481482
3.028956942189000 1492193863.381137609481812 5.362281277777778
3.432937088315000 1962932993.741024971008301 5.367748981481482
3.022189572976000 2153929915.014863014221191 5.372253037037037
3.031784889231000 2147876893.050374507904053 5.376750481481482
1.746933000280000 2138329469.866631031036377 5.381182629629630
3.038554658828000 1558949978.937362909317017 5.386326018518519
3.079029078342000 1958857922.701551437377930 5.391794481481481
3.169659809082000 2181932596.293948650360107 5.396293629629629
3.160963583980000 2265029104.725368022918701 5.400811796296296
3.024070423864000 2303040894.145298480987549 5.405255518518517
3.030842591166000 2169406262.019525527954102 5.409781333333332
3.028014293175000 2138411411.436494588851929 5.414215481481480
3.023130523504000 2138414977.381046772003174 5.418648833333332
3.024070423864000 2138554495.758718013763428 5.423069666666666
1.732257377556000 2128411163.341661691665649 5.427509462962962
3.115675335448000 1558269524.343438625335693 5.432662574074073
3.070357216066000 2042245219.694556474685669 5.438185814814814
3.069402929476000 2203885821.816336154937744 5.442673277777777
1.740214027202000 2193069008.217944145202637 5.447114777777777
3.025011024336000 1562990856.544562816619873 5.452279370370370
3.024070423864000 1962598571.341351509094238 5.457739037037037
3.076157243922000 2138384301.865294933319092 5.462159944444444
3.066538648050000 2183090346.397132396697998 5.466659703703703
1.726776081046000 2193426809.962783336639404 5.471093240740740
3.076157243922000 1481617274.853426456451416 5.476295407407407
3.031784889231000 2128228784.265258073806763 5.491638666666666
3.038554658828000 2126599638.869119644165039 5.497597314814814
3.039499354598000 2131568171.117802381515503 5.506447185185184
1.755530308665000 2132914162.127724885940552 5.515283611111110
3.402079226847000 1623076794.348045110702515 5.525065870370369
3.039499354598000 1959717376.280557394027710 5.530532240740739
3.385597703618000 2137943325.415478467941284 5.534968222222221
3.076157243922000 2138146201.696512937545776 5.539389055555555
1.733495054124000 2175315753.057946205139160 5.543885537037037
3.101215077534000 1525293027.016776800155640 5.549061333333333
3.030842591166000 1962678696.324007987976074 5.554526222222221
3.016355958497000 2137879531.637018918991089 5.558967222222221
3.092539132462000 2137492801.623863458633423 5.563401092592591
3.084827064800000 2183204979.671437263488770 5.567883018518518
3.132072939002000 2190852733.167269706726074 5.572321296296296
3.032727889194000 2238205255.908035755157471 5.576798092592592
1.733495054124000 2158815847.774714469909668 5.581311870370369
3.046266726490000 1558641392.446539402008057 5.586454962962962
3.100251200124000 1963286576.444769382476807 5.591922962962961
3.037608907532000 2177773219.237060070037842 5.596417759259258
3.140763997206000 2148859681.718374729156494 5.600912962962962
1.740835726658000 2232745408.322614669799805 5.606427166666665
3.031784889231000 1571496067.993035316467285 5.611617240740739
3.047213819965000 1962302086.400324821472168 5.617089185185184
3.092539132462000 2138680470.773311614990234 5.621515314814813
3.078071681433000 2183320827.511159896850586 5.626008037037035
3.024070423864000 2193301546.682723045349121 5.630436870370369
3.040444754052000 2148603453.319215774536133 5.634931740740740
3.031784889231000 2138238995.346807479858398 5.639345277777776
3.130124914868000 2138319792.271116256713867 5.643781259259258
1.734732730692000 2218313806.179258346557617 5.648308351851851
2.992282252856000 1904898280.654673337936401 5.664303888888888
3.038554658828000 1761321619.888521432876587 5.673689537037037
3.070357216066000 1865196108.184372425079346 5.684294888888888
3.371221365379000 2173694747.038659095764160 5.693165370370370
3.370173568294000 2161286148.621853351593018 5.699469462962962
3.355792434645000 2137496937.484603881835938 5.703904814814813
3.031784889231000 2105210821.950514793395996 5.708325870370369
1.740835726658000 2093063399.721861600875854 5.712760111111110
3.075200559627000 1552839355.737757921218872 5.717902944444443
1.733495054124000 2001540049.021090984344482 5.723410777777777
1.732876215840000 1563979846.084330797195435 5.728574740740740
3.029899240254000 1492517916.266046524047852 5.733177944444444
3.023130523504000 1962451398.622706890106201 5.738647611111110
3.049109065120001 2138371145.296290874481201 5.743083629629629
3.138811538434000 2138248890.449086189270020 5.747514851851851
1.740214027202000 2180958938.640679359436035 5.752010833333332
3.177371876744000 1564952819.027268886566162 5.757176129629629
3.116644008268000 2075794541.946768045425415 5.762724166666666
3.107963267786000 2258154411.976926803588867 5.767215518518517
3.132072939002000 2248450431.440521717071533 5.771638685185184
3.021249672616000 2247202094.416285991668701 5.776059611111109
3.030842591166000 2159349896.803154468536377 5.780572740740739
3.137834582146000 2138798284.268552064895630 5.784993703703702
1.741456500966000 2218296218.307359218597412 5.789531648148147
3.068447576644000 1571033463.385354042053223 5.794714759259258
3.024070423864000 2000995327.401476621627808 5.800219666666665
3.030842591166000 2149219776.949213981628418 5.804699629629628
3.014479905698000 2138274111.760078907012939 5.809125777777776
3.117613402632000 2019504581.971534013748169 5.813516981481480
3.021249672616000 1683349261.039078712463379 5.830673203703702
3.076157243922000 2136043006.963827133178711 5.836664481481479
3.023130523504000 2155402831.381421089172363 5.845569962962961
3.455006312576000 2109108753.260476112365723 5.854472888888887
3.447294244914000 1920152548.894543170928955 5.865157259259258
3.123387403110000 2192450862.076170444488525 5.869588851851850
1.906825950488000 2147813988.629748344421387 5.874074240740739
3.008641493130000 1522994596.693305730819702 5.879225407407406
3.018232011296000 1956588596.390077829360962 5.884685666666665
1.727392979734000 2138461017.458733558654785 5.889120462962961
3.067493290054000 1558597028.141940832138062 5.894265018518517
3.069402929476000 2001011226.115453958511353 5.899763111111110
3.078071681433000 2191768102.623653411865234 5.904196425925925
3.070357216066000 2193578369.533000946044922 5.908632555555554
3.076157243922000 2193142251.755266189575195 5.913063666666665
3.023130523504000 2193411879.699247837066650 5.917496999999998
3.078071681433000 2148487906.217539787292480 5.921989666666665
3.038554658828000 2176698020.472770690917969 5.926499722222220
3.030842591166000 2147676676.081462383270264 5.930984388888887
3.032727889194000 2138086930.347863435745239 5.935414074074072
3.038554658828000 2138189945.020309448242188 5.939850055555554
1.719443066880000 2136094457.298058509826660 5.944268277777776
2.999994320518000 1558944819.321334838867188 5.949413999999998
3.130124914868000 1962490795.669989585876465 5.954864333333331
1.740835726658000 2227819779.948586463928223 5.959366648148146
3.006770238420000 1570694134.163026094436646 5.964550777777776
3.023130523504000 1949243549.282802104949951 5.970019592592591
3.030842591166000 2138117977.269974470138550 5.974453277777776
3.114705580312000 2139030717.150931119918823 5.978889814814814
3.022189572976000 2203450127.155292034149170 5.993256907407406
3.060737909366000 2139275403.137586116790771 5.999266481481480
3.018232011296000 2154951905.924228668212891 6.008173407407406
3.373318130272001 2149788386.084227085113525 6.017093740740739
3.403137402378000 2136546018.958221435546875 6.026113574074072
3.060737909366000 2137688878.653379201889038 6.030536166666665
1.915591436670000 2137596453.719703435897827 6.034962296296294
3.139787404369000 1518163831.431395530700684 6.040114611111109
3.030842591166000 2040654257.250030279159546 6.045624166666665
3.078071681433000 2158876915.484268665313721 6.050126944444442
3.077114997138000 2182680311.136719226837158 6.054626574074072
3.084827064800000 2193197860.650232315063477 6.059065444444442
3.085786146800000 2193199005.452489852905273 6.063504462962960
3.076157243922000 2193453584.949715614318848 6.067945870370368
3.024070423864000 2190014458.194863319396973 6.072364740740738
3.071312213484000 2148309076.042518615722656 6.076849074074071
3.078071681433000 2182816634.301533222198486 6.081331111111108
1.738971553438000 2192613935.042164325714111 6.085767037037034
3.053978794152000 1565238790.892286539077759 6.090936444444442
3.023130523504000 2001213701.617299795150757 6.096439444444442
3.115675335448000 2148951550.675174236297607 6.100932111111109
1.728008960418000 2227907355.987121582031250 6.105447203703702
1.740214027202000 1571486537.163429260253906 6.110632259259257
3.030842591166000 1492773153.606276988983154 6.115234574074072
1.740835726658000 1962587065.148211956024170 6.120704722222220
3.062642750699000 1559214238.700001001358032 6.125853444444442
3.038554658828000 2002083758.745200157165527 6.131356462962961
3.038554658828000 2148908129.789420127868652 6.135844074074072
3.133047132348000 2139716183.886966943740845 6.140287222222220
3.029899240254000 2245270864.214108943939209 6.154629518518516
3.014479905698000 2104647953.935395240783691 6.160714370370368
3.014479905698000 1857124288.792496204376221 6.171233777777775
3.447294244914000 2133644679.502333641052246 6.180085462962960
3.092539132462000 2173920448.527881622314453 6.189072888888886
3.401021838942000 2190146437.895685195922852 6.193513148148146
1.927656875760000 2148188953.787938117980957 6.198005722222220
3.091576578478000 1554409029.082194566726685 6.203152055555553
3.038554658828000 1921914850.821321010589600 6.208620888888887
3.028956942189000 2137525543.850276231765747 6.213057703703702
3.039499354598000 2138061829.272884607315063 6.217483870370368
3.024070423864000 2121837925.662886619567871 6.221906166666664
3.077114997138000 2137759259.880279541015625 6.226323870370368
3.077114997138000 2182962442.242593765258789 6.230820648148145
3.085786146800000 2114194686.935581207275391 6.235249981481479
3.022189572976000 2182717576.213775157928467 6.239678314814812
1.732876215840000 2146849255.061129570007324 6.244167870370368
1.747557100120000 1558521008.948255777359009 6.249308537037034
1.753651973358000 1492708838.451913118362427 6.253911111111108
3.008641493130000 1492801496.891535758972168 6.258513240740738
3.030842591166000 1961705532.621605634689331 6.263954703703702
3.006770238420000 2138603133.804143667221069 6.268378388888887
3.024070423864000 2138844720.809626817703247 6.272791944444442
3.046266726490000 2138208255.198653697967529 6.277225962962961
3.031784889231000 2138500090.119166851043701 6.281643981481479
3.121444177065000 2138409834.011378049850464 6.286077574074072
3.123387403110000 2227646721.076159477233887 6.290592944444442
3.030842591166000 2247982943.859663486480713 6.295014074074071
3.084827064800000 2159019148.532961845397949 6.299509148148146
1.886683422842000 2182514396.400899887084961 6.303954703703702
1.740214027202000 1469675124.298316001892090 6.309150537037035
3.023130523504000 1930688404.908968448638916 6.325166574074072
3.070357216066000 2077513850.306062221527100 6.331259499999998
3.032727889194000 2168158212.071257114410400 6.340998888888887
1.914223726800000 2093340256.192996263504028 6.349894092592590
2.999060571142000 1481369270.851762294769287 6.359837962962961
3.431870109590000 1961982078.452488660812378 6.365306240740739
3.168673251258000 2183052122.899964332580566 6.369801314814813
3.633513187857000 2275319956.076315402984619 6.374304074074073
1.740214027202000 2250771446.780327320098877 6.378749833333332
3.023130523504000 1576300865.508388280868530 6.383957648148147
3.108929542901000 1962061721.611721515655518 6.389417648148147
1.732876215840000 2227478202.995008468627930 6.393925148148147
1.740835726658000 1571075566.085535287857056 6.399115111111111
3.041389801664000 1492884393.947934150695801 6.403714703703703
3.062642750699000 1962027838.544581413269043 6.409174759259259
3.084827064800000 2183200860.725680828094482 6.413667092592592
3.030842591166000 2193269988.083042621612549 6.418095888888889
1.752399905202000 2148610151.036468029022217 6.422585851851852
1.734114353196000 1547150479.372405767440796 6.427729537037037
3.030842591166000 1491754345.446937084197998 6.432332055555555
3.028956942189000 1960438967.469610691070557 6.437807277777778
3.023130523504000 2136876035.618147373199463 6.442230740740741
3.175395064076000 2138331330.808955907821655 6.446666500000000
3.024070423864000 2272608456.379136562347412 6.451189055555556
3.124358473635000 2169536051.081758022308350 6.455707592592593
1.740214027202000 2227380411.202051162719727 6.460214703703704
3.022189572976000 1571881819.251714468002319 6.465407314814815
3.130124914868000 1963408288.354221820831299 6.470872814814815
3.234371388064000 2203675261.855822563171387 6.475386537037036
3.039499354598000 2156355659.563985824584961 6.479897092592592
3.016355958497000 2134626194.928060531616211 6.494149074074073
3.078071681433000 2126498114.107480049133301 6.500050592592592
1.740835726658000 2170341872.455564022064209 6.508961648148147
3.392253602320000 1636774758.545520544052124 6.518748018518517
1.929722068638000 2094453630.284547090530396 6.528676074074072
1.725543201674000 1550049864.708156347274780 6.533850074074072
1.914907327230000 1491550370.438932895660400 6.538451722222221
3.078071681433000 1485665292.841648578643799 6.543061722222220
3.015418455842000 1984962204.051703929901123 6.548567407407406
3.124358473635000 2133996120.391420364379883 6.553063851851850
3.129151446638000 2227763151.311337471008301 6.557579314814813
3.099286245756000 2247927738.285943031311035 6.562018425925924
1.726159641360000 2202099823.175568580627441 6.566500796296294
3.109896537774000 1564807366.952705144882202 6.571664999999998
3.054928285332000 2041247354.616984605789185 6.577193499999997
3.061690861814000 2203753865.559728145599365 6.581685925925923
3.029899240254000 2193358353.298295497894287 6.586114981481479
3.113736907492000 2148875266.256587028503418 6.590609740740738
3.029899240254000 2227487881.756438255310059 6.595127722222220
3.023130523504000 2159173038.650455474853516 6.599640629629627
3.030842591166000 2137632047.278747797012329 6.604058870370367
3.091576578478000 2139993524.855538845062256 6.609481314814811
3.025011024336000 2183110791.615859031677246 6.613976574074070
3.038554658828000 2144390549.890071392059326 6.618449185185181
1.748804138900000 2138360162.635704517364502 6.622867148148144
3.123387403110000 1557789928.710631370544434 6.628007907407403
3.039499354598000 2041590737.325795650482178 6.633521074074070
3.102179672916000 2159173561.051347255706787 6.638029574074070
3.030842591166000 2183171098.136922836303711 6.642511407407403
1.740214027202000 2148754830.877981185913086 6.646996444444440
3.024070423864000 1553093422.070330142974854 6.652144129629625
3.116644008268000 1657454976.904786348342896 6.667611499999995
1.740214027202000 2222617190.765372276306152 6.673637129629625
3.154235673758000 1847205620.270760774612427 6.683282111111106
3.438511605988000 1997687279.596518039703369 6.693438148148143
3.431870109590000 2205501856.255984306335449 6.702431759259254
3.006770238420000 2192757978.945261001586914 6.706871685185180
1.753651973358000 2148478853.838889122009277 6.711362037037032
3.100251200124000 1513201178.578366756439209 6.716509481481477
1.734114353196000 2040887353.839653491973877 6.722032018518514
3.061690861814000 1571110610.478587388992310 6.727227092592589
1.734114353196000 2001165139.005386352539062 6.732724481481478
3.062642750699000 1565483136.089377403259277 6.737896055555552
3.024070423864000 2001489280.687008142471313 6.743381999999997
1.726159641360000 2144964869.683194398880005 6.747858981481478
3.168673251258000 1557195375.955110311508179 6.753013999999997
3.028956942189000 2081542456.619537115097046 6.758546444444441
3.108929542901000 2169384355.273176670074463 6.763070037037034
3.008641493130000 2227742906.689296245574951 6.767587203703701
3.032727889194000 2158355264.564843654632568 6.772090055555553
3.069402929476000 2138748429.220051050186157 6.776531703703701
3.124358473635000 2183156818.670148372650146 6.781013407407404
3.048161618910000 2238355023.998741149902344 6.785485092592590
3.015418455842000 2203834618.155321121215820 6.789958018518516
3.015418455842000 2148517305.376379489898682 6.794448166666665
3.124358473635000 2138361093.308199644088745 6.798868999999998
3.106029637919000 2227740958.768211841583252 6.803386370370369
3.078071681433000 2248486473.843583583831787 6.807820166666665
3.236045809500000 2201610499.702558040618896 6.812302833333332
3.107963267786000 2147479335.163612127304077 6.816795166666665
3.084827064800000 2190349300.801023960113525 6.831117111111110
1.734114353196000 2187056463.926608562469482 6.837023537037036
3.022189572976000 1937316202.171454429626465 6.846798518518517
3.377885635956000 2170145676.719545364379883 6.856809777777776
3.508990786210000 2119542144.652936220169067 6.865707703703702
3.449438591526000 2227030118.260270595550537 6.870226925925924
1.747557100120000 2203363923.046164989471436 6.874719277777776
3.006770238420000 1523698383.969897031784058 6.879896574074072
3.030842591166000 1960684601.301871299743652 6.885358796296295
3.170645265837000 2137639268.987051010131836 6.889795055555554
2.999994320518000 2262046985.830058574676514 6.894337796296295
3.115675335448000 2169002021.571598529815674 6.898872222222221
3.068447576644000 2227825759.533390045166016 6.903387055555554
3.053978794152000 2203377107.628314971923828 6.907874722222221
1.727392979734000 2192404504.034864425659180 6.912315185185184
3.008641493130000 1565343707.999268770217896 6.917482092592591
3.077114997138000 1962892578.601023674011230 6.922952759259258
1.739592790320000 2175899133.104569435119629 6.927464388888887
1.739592790320000 1558813652.918488502502441 6.932635444444442
1.734114353196000 1491550906.588763475418091 6.937237555555553
3.107963267786000 1492778643.904010295867920 6.941836814814812
3.025011024336000 2041806110.446470737457275 6.947362870370368
3.079986118944000 2150697487.379390716552734 6.951871222222220
1.753651973358000 2181737906.214484691619873 6.956368481481479
3.021249672616000 1565374193.964405536651611 6.961537814814812
3.024070423864000 1962351897.325971126556396 6.966997740740738
3.085786146800000 2138256759.859563589096069 6.971433648148146
3.230350589482000 2183108407.726754188537598 6.975928851851850
3.030842591166000 2183109290.095311641693115 6.980376240740739
3.025011024336000 2176119639.943012714385986 6.994674388888887
3.006770238420000 2066527681.953357219696045 7.000590129629628
3.031784889231000 1898462887.956190109252930 7.011188166666665
3.440651553682000 2135131876.507638692855835 7.020032018518517
3.029899240254000 2207794531.088099002838135 7.029057444444443
3.361414933208000 2147997815.925542831420898 7.033534296296295
3.047213819965000 2137727385.139015197753906 7.037952277777776
3.131099470772000 2130629756.772691011428833 7.042381148148146
1.741456500966000 2191438551.406649589538574 7.046906611111109
3.037608907532000 1569773178.684055805206299 7.052103555555553
3.024070423864000 1962884681.525212526321411 7.057574074074072
3.031784889231000 2135953835.164972782135010 7.062007462962961
3.020309422200000 2135386818.168536186218262 7.066443703703701
1.740214027202000 2137997303.265720129013062 7.070879796296293
1.740214027202000 1557922959.051537990570068 7.076028092592590
1.746309364800000 1493017444.928242683410645 7.080625629629627
3.020309422200000 1492942864.620030164718628 7.085225166666664
2.999994320518000 1963160033.204018592834473 7.090690814814812
3.071312213484000 2137304635.484975814819336 7.095124407407405
3.124358473635000 2177981101.311791419982910 7.099622074074071
3.029899240254000 2237577954.824240684509277 7.104105796296293
3.084827064800000 2159612912.772201538085938 7.108611240740738
1.740214027202000 2183082860.638416290283203 7.113106740740738
1.740214027202000 1565223441.701908349990845 7.118278277777775
1.739592790320000 1492842520.540012121200562 7.122883111111109
3.030842591166000 1492791116.156614542007446 7.127483222222220
3.078071681433000 1963340689.907213687896729 7.132955777777775
3.193788661938000 2193405776.487420558929443 7.137382407407405
3.039499354598000 2283108897.955159187316895 7.141889685185183
3.078071681433000 2167273365.200063705444336 7.146434074074072
3.114705580312000 2148893931.708427906036377 7.160745259259258
1.732876215840000 2181613270.551157474517822 7.166668148148147
3.017294159478000 1848418136.982495069503784 7.176265481481480
3.386650296113000 1919994992.012646913528442 7.186316092592591
3.171631456638000 2121053866.602373838424683 7.195225962962962
1.920940301280000 2271526990.754548549652100 7.199758722222221
3.048161618910000 1573025038.701339244842529 7.204974351851851
3.079029078342000 1962656961.883901357650757 7.210444481481480
3.023130523504000 2141280278.640065431594849 7.214942518518518
3.030842591166000 2147835564.620804786682129 7.219436685185184
3.022189572976000 2138314044.668340206146240 7.223855259259258
3.061690861814000 2137308624.823724746704102 7.228280685185184
3.078071681433000 2183361021.259784221649170 7.232780574074073
3.028956942189000 2193041092.805944442749023 7.237221740740740
3.031784889231000 2148918362.798989772796631 7.241709074074073
3.038554658828000 2138007596.468894243240356 7.246145833333332
3.092539132462000 2128220680.853193521499634 7.250585796296296
3.122415247590000 2182972151.940463542938232 7.255079759259258
3.041389801664000 2238211817.379760742187500 7.259571574074073
3.030842591166000 2158154243.860404968261719 7.264084629629629
1.740835726658000 2138502047.529538154602051 7.268498259259259
3.022189572976000 1559253376.518218517303467 7.273644092592592
3.101215077534000 1963152748.967043638229370 7.279116518518518
3.016355958497000 2227765730.166667938232422 7.283634259259259
3.114705580312000 2158299869.022348403930664 7.288144500000000
3.025011024336000 2228025876.245114803314209 7.292660296296296
1.746933000280000 2159346465.588425159454346 7.297168092592592
3.077114997138000 1558559037.515164852142334 7.302312185185185
3.031784889231000 2001503435.156985282897949 7.307802796296296
3.110863172768001 2043752048.680264234542847 7.312507722222222
3.109896537774000 1683288200.771700143814087 7.329641611111111
3.070357216066000 2238898415.213449954986572 7.335555481481481
3.023130523504000 2209555632.556585311889648 7.344534037037036
3.371221365379000 1728696330.265789270401001 7.355332074074073
3.024070423864000 2154456860.476565361022949 7.364359629629629
3.394364761480000 2137643480.332933425903320 7.368789388888888
1.753025939280000 2137939005.150379419326782 7.373226314814814
1.933682654016000 1554728915.662650585174561 7.378372314814814
3.069402929476000 1453386012.817835569381714 7.382983944444444
3.092539132462000 2000371160.659311771392822 7.388488000000000
1.720057107968000 2192789509.673115253448486 7.392929481481481
3.069402929476000 1565516068.743286848068237 7.398101703703703
3.067493290054000 2001717361.031692028045654 7.403607222222221
3.116644008268000 2191848164.328004837036133 7.408045499999999
3.025011024336000 2238502409.070999622344971 7.412527018518517
3.016355958497000 2159219187.514344692230225 7.417045388888887
3.062642750699000 2138437500.785350084304810 7.421466629629628
3.062642750699000 2183391656.881527423858643 7.425961351851850
3.040444754052000 2193393175.036983013153076 7.430392796296294
3.069402929476000 2146730887.720383644104004 7.434883074074072
3.023130523504000 2183114615.162870883941650 7.439379925925924
1.733495054124000 2149133935.968936920166016 7.443872537037035
3.100251200124000 1546956073.371320247650146 7.449033499999998
3.008641493130000 2001599806.041667461395264 7.454532962962960
3.018232011296000 2148750372.528891563415527 7.459006888888887
3.007706388180000 2138406679.509734630584717 7.463438351851850
3.030842591166000 2138720341.850352525711060 7.467871740740739
3.070357216066000 2137827769.548084974288940 7.472284648148146
3.094462808058000 2183307511.999107360839844 7.476764148148146
1.746933000280000 2190453445.084628105163574 7.481196388888887
3.023130523504000 1462572683.079818010330200 7.486392462962961
1.740214027202000 2133697718.202941894531250 7.501766148148146
3.070357216066000 1481242936.310775041580200 7.507871314814813
3.015418455842000 2122720911.276284217834473 7.515913759259258
1.755530308665000 2147893885.157691478729248 7.524817111111109
3.070357216066000 1633962119.395828247070312 7.534549444444442
3.411914447552000 2157974720.804711818695068 7.541847203703702
3.039499354598000 2147690447.200611114501953 7.546333962962961
3.387703672662000 2137806928.337048530578613 7.550769851851849
3.070357216066000 2124993762.050584316253662 7.555178351851850
3.077114997138000 2140349593.865614175796509 7.559658259259257
3.076157243922000 2191476427.952315807342529 7.564080870370368
3.083866911200000 2193613697.807148933410645 7.568519537037035
3.062642750699000 2193413595.742544174194336 7.572945759259257
3.039499354598000 2190092851.325105190277100 7.577379370370368
3.022189572976000 2148386550.460532665252686 7.581866925925923
3.023130523504000 2138321780.436312675476074 7.586287814814813
3.023130523504000 2138407378.533346891403198 7.590706037037035
3.169659809082000 2138134954.087008953094482 7.595134703703701
3.008641493130000 2272223655.843731880187988 7.599670111111108
3.038554658828000 2163074473.171269893646240 7.604201944444442
1.739592790320000 2129547275.277282714843750 7.609668351851849
3.131099470772000 1558875287.164166212081909 7.614819296296294
1.740214027202000 2040836615.070955514907837 7.620341814814813
3.185083944406000 1571559503.259768486022949 7.625534185185183
3.040444754052000 2081291322.652048110961914 7.631080981481479
3.046266726490000 2169724283.126336097717285 7.635619722222220
3.070357216066000 2131654493.301443576812744 7.640048537037035
3.099286245756000 2183231533.322039127349854 7.644530333333331
3.038554658828000 2193466774.512597560882568 7.648949074074072
3.048161618910000 2148810746.347765445709229 7.653421222222220
1.726159641360000 2027657325.009961366653442 7.657882851851849
3.023130523504000 1932077513.881044864654541 7.672867981481479
3.069402929476000 2000123691.275342702865601 7.679965999999998
3.038554658828000 2187269834.292633533477783 7.688897407407405
3.516702853872000 2152109269.023180007934570 7.697801018518517
3.101215077534000 2242524289.226656436920166 7.706861962962961
3.570687327506000 2202428030.677882194519043 7.711353074074072
3.023130523504000 2282689235.719239711761475 7.715865425925924
3.029899240254000 2138054080.757767438888550 7.720401166666664
3.031784889231000 2138162089.886513948440552 7.724833092592590
3.024070423864000 2138230412.552007675170898 7.729266203703701
3.023130523504000 2137936017.097727298736572 7.733702574074071
3.024070423864000 2131193696.931202650070190 7.738134277777775
1.740214027202000 2138216658.855823278427124 7.742559907407404
1.847717596450000 1559117557.559429883956909 7.747708370370368
1.733495054124000 1491294427.143553495407104 7.752305055555553
3.025011024336000 1492515174.702385663986206 7.756903351851849
3.070357216066000 1963046601.033318519592285 7.762365796296294
3.023130523504000 2182689757.353275775909424 7.766840370370367
3.030842591166000 2142413103.513951063156128 7.771313018518516
1.738971553438000 2138209647.704628229141235 7.775745851851849
3.030842591166000 1557929962.912637472152710 7.780883870370368
3.030842591166000 1963433475.115819215774536 7.786352166666664
3.038554658828000 2138406959.083168506622314 7.790778037037035
3.024070423864000 2138089798.688079595565796 7.795199037037035
3.030842591166000 2138343322.057769536972046 7.799616981481480
3.030842591166000 2136001630.939337253570557 7.804045240740739
3.025011024336000 2138470356.689175605773926 7.808476944444442
3.048161618910000 2138720516.652611970901489 7.812912907407405
3.024070423864000 2138238152.183911800384521 7.817341759259257
3.133047132348000 2136777893.221505880355835 7.821779814814812
3.016355958497000 2202097678.103322505950928 7.836155833333331
3.031784889231000 2127546513.318464279174805 7.842142370370368
3.068447576644000 2133009788.656391382217407 7.850979129629628
3.394364761480000 2171084171.589649200439453 7.859900499999998
1.747557100120000 2119778440.740113735198975 7.868870092592591
3.393309771280000 1558499260.735523223876953 7.874017851851850
3.116644008268000 1963087697.212126016616821 7.879489962962960
3.071312213484000 2221538722.750312805175781 7.883972685185182
3.092539132462000 2168295759.903724193572998 7.888465944444442
1.739592790320000 2192517257.631939888000488 7.892905740740738
3.029899240254000 1564827782.456769227981567 7.898072870370368
3.124358473635000 1962359294.688507795333862 7.903545629629627
3.031784889231000 2226838967.197781085968018 7.908059777777775
3.038554658828000 2158933862.673304080963135 7.912561074074071
1.739592790320000 2138437644.974024772644043 7.916991944444442
1.739592790320000 1558719336.798000335693359 7.922140925925923
3.069402929476000 1492706463.217363834381104 7.926743037037034
3.023130523504000 1994888717.795268058776855 7.932251055555552
3.125330267490000 2148808080.141542434692383 7.936741259259255
3.039499354598000 2228196396.928529262542725 7.941255925925923
3.107963267786000 2159214832.259096622467041 7.945769611111108
3.017294159478000 2227919613.910388469696045 7.950282092592589
3.039499354598000 2159032442.512918472290039 7.954790351851848
1.732876215840000 2138350221.021816968917847 7.959205870370367
3.031784889231000 1550813678.544183492660522 7.964376444444441
3.038554658828000 1963147099.173805713653564 7.969843277777774
3.018232011296000 2138375186.079385519027710 7.974284333333330
3.038554658828000 2138423342.192774295806885 7.978722648148144
1.874593488762000 2138225164.397905826568604 7.983143944444441
3.024070423864000 1555011746.432385206222534 7.988294444444441
3.023130523504000 2117182409.326926708221436 8.003587481481478
3.030842591166000 2128862627.654908895492554 8.009498962962960
3.037608907532000 2165337729.460724830627441 8.018474314814812
1.922312810132000 2132678318.458112239837646 8.027321574074071
3.024070423864000 1621381776.990240097045898 8.037114037037034
3.510081741985000 1961890362.205365180969238 8.042577481481478
3.362461500632000 2227609030.389788150787354 8.047092277777775
3.029899240254000 2158132974.600218772888184 8.051607481481479
3.031784889231000 2094593277.177567243576050 8.056041796296293
3.031784889231000 2138056511.580276012420654 8.060472222222220
3.039499354598000 2138067408.696523189544678 8.064909499999997
3.038554658828000 2138397690.924259185791016 8.069326851851850
1.733495054124000 2138032224.940099954605103 8.073763259259257
3.030842591166000 1558277993.195442199707031 8.078906870370368
3.077114997138000 1961538919.025344133377075 8.084362166666663
3.046266726490000 2180503175.354475021362305 8.088861518518515
3.030842591166000 2148600845.321074008941650 8.093356851851848
3.031784889231000 2138465730.358257532119751 8.097777944444440
1.740214027202000 2137454563.744043111801147 8.102196222222217
3.083866911200000 1558768680.459439516067505 8.107347425925921
3.025011024336000 2001556292.126135349273682 8.112850629629625
3.030842591166000 2148715871.460640907287598 8.117330018518514
1.734114353196000 2138591979.502894878387451 8.121753407407402
1.748180271240000 1558591743.895806312561035 8.126894833333328
3.014479905698000 1492762004.066104412078857 8.131494740740735
3.025951274752000 1962660279.305966854095459 8.136964648148142
3.029899240254000 2138449254.199702739715576 8.141390666666661
3.032727889194000 2138566393.010469198226929 8.145816333333327
3.192796012068000 2138609078.077159881591797 8.150237648148142
3.031784889231000 2270062276.563443660736084 8.154775351851846
3.024070423864000 2257212964.968744277954102 8.169137129629624
3.025011024336000 2127590303.197734594345093 8.175035981481475
3.032727889194000 2136153655.026197671890259 8.183875407407401
3.449438591526000 2180670094.965791702270508 8.192942999999993
3.354749432970000 2142735204.192378282546997 8.201901055555549
3.377885635956000 2147970776.723917007446289 8.206379981481476
3.031784889231000 2138203787.195671796798706 8.210815981481476
1.740214027202000 2130789935.150458335876465 8.215245037037031
1.734732730692000 1530291654.402526855468750 8.220404111111105
1.794606714354000 1492512583.862267017364502 8.225010981481475
3.031784889231000 1492636413.023794889450073 8.229612814814809
1.727392979734000 1962965158.729621171951294 8.235080999999994
3.009577294620000 1557776323.038532733917236 8.240223833333328
3.053978794152000 1962668144.753187656402588 8.245694703703698
3.068447576644000 2183120361.319062232971191 8.250184425925921
1.728625629605000 2193242681.404736042022705 8.254620740740735
3.062642750699000 1565436274.790782928466797 8.259789925925920
3.116644008268000 2001051703.261220455169678 8.265295703703698
3.016355958497000 2238142895.985762596130371 8.269790814814810
3.013542403043000 2154221814.871315479278564 8.274306592592588
3.116644008268000 2138276577.898930788040161 8.278722333333329
3.014479905698000 2227615230.329405307769775 8.283237203703699
3.078071681433000 2159022265.286599159240723 8.287747629629624
3.018232011296000 2182233370.276829242706299 8.292242314814809
3.085786146800000 2149060133.630289554595947 8.296732314814809
3.031784889231000 2181870993.227062225341797 8.301232796296290
3.014479905698000 2148929591.740038871765137 8.305727481481474
1.734114353196000 2138566717.343000650405884 8.310161333333326
3.016355958497000 1558634895.236447811126709 8.315299888888882
1.740214027202000 1950832348.932303428649902 8.320802388888882
3.014479905698000 1935382248.594009399414062 8.335751648148142
3.039499354598000 1829885922.905504703521729 8.343172555555549
3.016355958497000 2133842945.985255002975464 8.352034333333327
3.386650296113000 2149342493.855034351348877 8.361007351851846
3.377885635956000 2121105932.097687721252441 8.369915574074069
3.501278718548000 2137247597.058749675750732 8.374343018518513
3.543141926304000 2227575084.166779518127441 8.378847962962958
1.732257377556000 2208315158.571931362152100 8.383269370370366
1.732257377556000 1565912134.966172933578491 8.388459148148144
3.069402929476000 1492495082.798038721084595 8.393063166666662
3.070357216066000 1963223319.327731132507324 8.398528351851848
3.079029078342000 2182854176.027569293975830 8.403020703703699
3.169659809082000 2193278176.928048610687256 8.407461722222218
3.116644008268000 2282120504.617712974548340 8.411965314814811
3.016355958497000 2258941706.958860874176025 8.416454129629626
3.015418455842000 2159598695.668284893035889 8.420951962962960
3.116644008268000 2131996640.298862934112549 8.425383574074070
3.023130523504000 2227917302.110493659973145 8.429900685185181
3.029899240254000 2159179513.917398929595947 8.434411425925923
3.113736907492000 2138221524.945089578628540 8.438837814814812
3.178359731204000 2228082899.640459060668945 8.443349740740738
1.732257377556000 2293348665.037037849426270 8.447842166666664
1.726776081046000 1543073559.634470701217651 8.457024185185183
3.076157243922000 1492770375.380453109741211 8.461623962962960
3.063595348626000 2002286594.377320766448975 8.467124833333331
1.733495054124000 2193371814.720281124114990 8.471550574074072
3.061690861814000 1551653274.912207126617432 8.476723740740740
3.014479905698000 1904154367.170160293579102 8.482213777777776
1.732257377556000 2231938311.989692687988281 8.497176166666666
3.106029637919000 1481200327.868852615356445 8.503276166666666
1.727392979734000 2143447409.747519969940186 8.511353814814814
3.115675335448000 1822702291.369163274765015 8.520976074074074
3.455006312576000 1962536260.741216897964478 8.531113555555555
3.012604551224999 2196024088.216401576995850 8.537340666666665
3.445149499131000 2147928407.322315216064453 8.541838333333333
3.079986118944000 2182640375.160104274749756 8.546320370370371
3.123387403110000 2185139850.789167881011963 8.550765981481481
3.030842591166000 2184947246.966576576232910 8.555243870370370
3.031784889231000 2158198271.617096900939941 8.559756759259260
3.078071681433000 2137328816.935237646102905 8.564182333333335
3.077114997138000 2182877843.010068893432617 8.568664574074075
1.740214027202000 2193347894.975101947784424 8.573082574074075
1.734114353196000 1564869442.393042087554932 8.578248166666667
1.739592790320000 1492265991.316931962966919 8.582854833333334
3.008641493130000 1492531083.767231941223145 8.587457092592594
3.017294159478000 1961832839.263304233551025 8.592916907407409
3.015418455842000 2138628572.386115312576294 8.597337388888890
3.070357216066000 2135581314.965560436248779 8.601773500000002
3.031784889231000 2183075441.810835361480713 8.606251074074075
3.045318574810000 2148213642.586884975433350 8.611742592592593
3.071312213484000 2137574283.231972455978394 8.616176074074074
3.077114997138000 2183300504.301394462585449 8.620670740740740
3.008641493130000 2193135396.558696746826172 8.625112425925925
3.023130523504000 2148649041.022358894348145 8.629597333333333
3.036664211762000 2134462155.027798652648926 8.634024018518518
3.076157243922000 2138414186.822351932525635 8.638464759259259
3.015418455842000 2183188018.061071395874023 8.642959796296296
3.029899240254000 2149060338.111079216003418 8.647452074074074
3.078071681433000 2138763360.691686153411865 8.651885685185185
1.747557100120000 2178734139.533349514007568 8.656377111111111
3.023130523504000 1972122474.867442369461060 8.671384574074073
3.024070423864000 1913844614.010463237762451 8.678641055555556
1.740835726658000 2165616372.368483543395996 8.687621407407407
3.395420537520000 1633726599.247189283370972 8.697357759259260
3.561866282436000 1906408018.286165237426758 8.707492925925926
3.024070423864000 2269784393.445835113525391 8.712029481481482
3.029899240254000 2169336814.941743373870850 8.716557685185185
3.046266726490000 2095934665.382161140441895 8.720998074074075
3.030842591166000 2137845342.088292121887207 8.725420259259259
1.740214027202000 2126699298.060230731964111 8.729836592592592
1.740214027202000 1558638066.986678123474121 8.734986870370371
1.726776081046000 1492642214.532871961593628 8.739589462962963
3.154235673758000 1491804198.846948623657227 8.744185962962963
3.030842591166000 2081333271.050489187240601 8.749736111111110
3.117613402632000 2168628120.400683403015137 8.754278351851850
3.047213819965000 2227611589.451467990875244 8.758797148148146
3.022189572976000 2159080339.384793281555176 8.763312944444442
3.177371876744000 2138357428.305728197097778 8.767733722222220
1.747557100120000 2271838233.134839534759521 8.772274092592591
3.069402929476000 1578213097.032970190048218 8.777481944444443
3.030842591166000 2001178330.254671096801758 8.782985777777776
3.015418455842000 2148869467.211416721343994 8.787454925925925
3.015418455842000 2138547583.305804967880249 8.791883611111110
3.123387403110000 2136057052.456703424453735 8.796320074074073
3.084827064800000 2227919007.715308666229248 8.800834907407406
3.037608907532000 2203849371.038034915924072 8.805322018518517
3.124358473635000 2148784763.117845535278320 8.809799944444443
3.007706388180000 2227673152.835563659667969 8.814317629629628
1.739592790320000 2157941357.440752983093262 8.818820111111108
3.007706388180000 1450803831.329459905624390 8.823970629629628
3.070357216066000 1653553703.148282527923584 8.839468203703701
3.060737909366000 2168548114.587465286254883 8.845443907407406
3.084827064800000 2187014551.850629329681396 8.854308759259258
3.447294244914000 2187955510.502665042877197 8.863168944444443
3.029899240254000 2175558911.432944774627686 8.872085185185183
3.372269942946000 2148290390.825075149536133 8.876575685185182
3.342441076448000 2131235792.888918399810791 8.881004870370367
3.061690861814000 2110071476.888387918472290 8.885439870370368
3.078071681433000 2182402173.107181072235107 8.889935907407404
3.030842591166000 2192602875.172385215759277 8.894367203703700
3.016355958497000 2148447414.528769493103027 8.898859185185181
3.078071681433000 2138020219.979285001754761 8.903275425925921
3.070357216066000 2183195931.464251518249512 8.907759703703698
3.070357216066000 2192312037.423774242401123 8.912193407407402
3.030842591166000 2193282273.574948310852051 8.916632166666661
3.030842591166000 2147332369.404911994934082 8.921114851851845
3.031784889231000 2138401397.719729661941528 8.925550648148141
3.031784889231000 2130414071.173961400985718 8.929987351851844
3.021249672616000 2137520051.497696876525879 8.934417611111103
3.023130523504000 2138069913.307832241058350 8.938852203703695
1.747557100120000 2138475103.430063724517822 8.943270111111103
3.022189572976000 1558177173.690321683883667 8.948421574074066
1.739592790320000 1962732008.755111455917358 8.953878703703696
3.020309422200000 1559264153.589963912963867 8.959027574074065
1.726159641360000 1961818074.807703971862793 8.964502351851843
3.029899240254000 1558834834.315368413925171 8.969640962962954
3.132072939002000 1963153243.586487054824829 8.975109018518509
1.732876215840000 2228014200.280560493469238 8.979623796296288
3.039499354598000 1566723682.569101572036743 8.984819444444437
3.069402929476000 2187212745.249917984008789 9.000479018518512
3.016355958497000 2181497419.576544284820557 9.006460666666660
3.039499354598000 2151087139.829318523406982 9.015363981481475
3.566299716672000 2197951561.189759731292725 9.024374203703697
3.031784889231000 2187519225.422168731689453 9.033365481481475
3.399963269598000 2168442280.843559265136719 9.037901814814809
3.043279896888000 2138100544.532765865325928 9.042339870370364
3.039499354598000 2135760676.186335802078247 9.046769944444438
1.740214027202000 2103737854.910677194595337 9.051202462962957
1.739592790320000 1552558321.412911415100098 9.056354944444438
3.231356350378000 1482671943.015433311462402 9.060987777777772
3.131099470772000 2080957195.948991775512695 9.066533722222216
3.028956942189000 2258718572.787585735321045 9.071030444444439
3.162930800470000 2158888441.213155746459961 9.075543925925921
3.186074196571000 2271538928.020502567291260 9.080081740740736
1.733495054124000 2303196709.294483661651611 9.084502722222217
3.023130523504000 1577361424.125730037689209 9.089715537037032
3.037608907532000 1962776647.890375137329102 9.095186055555549
3.075200559627000 2138417979.197002649307251 9.099624518518512
1.734114353196000 2182470493.449186325073242 9.104106574074068
3.086745943200000 1565439286.468758106231689 9.109278555555550
3.053978794152000 1998735325.801543235778809 9.114779518518512
1.739592790320000 2148661360.066944122314453 9.119271944444439
3.077114997138000 1558011628.283963441848755 9.124412666666661
1.734114353196000 2001994935.023004293441772 9.129918888888882
3.129151446638000 1565290975.531114578247070 9.135087962962956
3.030842591166000 2040958610.918518066406250 9.140616796296289
3.048161618910000 2159025381.462643623352051 9.145117018518512
3.031784889231000 1991217338.074972391128540 9.149564092592586
3.082907829200000 2218322831.463128566741943 9.164821222222216
3.017294159478000 2111192076.079548835754395 9.170799370370364
3.185083944406000 1727347497.799669504165649 9.181593203703697
3.394364761480000 2233280180.889524459838867 9.190577611111104
3.385597703618000 2155341085.651268482208252 9.199645388888882
3.130124914868000 2136375663.211763620376587 9.204074592592587
1.726776081046000 2227391234.647067546844482 9.208579703703698
3.122415247590000 1543496166.991578340530396 9.213775796296291
3.069402929476000 2041310228.091638803482056 9.219300703703698
3.007706388180000 2203531376.710462093353271 9.223785629629624
3.124358473635000 2147104134.268603563308716 9.228263111111106
3.053028242088000 2227928949.593282699584961 9.232775296296291
3.070357216066000 2203463953.940456867218018 9.237252592592586
3.023130523504000 2192611224.297697067260742 9.241679166666660
3.015418455842000 2148753914.398555278778076 9.246171129629623
3.016355958497000 2138486428.493901014328003 9.250607166666660
3.029899240254000 2138246429.409595251083374 9.255025981481474
3.122415247590000 2138327016.339937686920166 9.259451629629622
3.161947741420000 2222778918.863473415374756 9.263965055555548
3.177371876744000 2291621564.595293045043945 9.268458703703697
3.024070423864000 2303617940.988855361938477 9.272900425925918
3.123387403110000 2169124208.702332973480225 9.277431777777771
3.022189572976000 2227906774.026741504669189 9.281944111111104
3.030842591166000 2159049037.900395393371582 9.286450074074066
3.070357216066000 2138118385.777362585067749 9.290891611111103
1.732876215840000 2181465349.632929325103760 9.295389185185178
3.015418455842000 1565135127.391500473022461 9.300559888888881
1.734114353196000 1962824269.340392351150513 9.306030592592585
3.022189572976000 1558224001.554616689682007 9.311176555555548
3.007706388180000 1878958024.641240596771240 9.316650666666659
1.732257377556000 2132721858.918061256408691 9.330925796296288
3.063595348626000 1674875453.790883064270020 9.337552074074067
3.015418455842000 1762348131.251096487045288 9.347789166666660
3.386650296113000 2148384623.683129310607910 9.356715351851845
3.450510764832000 2122833235.983745574951172 9.365592611111104
3.084827064800000 2182227229.876122951507568 9.370071351851845
3.457155456384000 2193070378.699064254760742 9.374510037037030
1.726776081046000 2130546150.989530801773071 9.378948166666660
3.023130523504000 1563369067.767802476882935 9.384123518518512
3.031784889231000 1962556398.635229349136353 9.389578240740734
3.023130523504000 2137577071.584510087966919 9.394014592592587
3.031784889231000 2137814754.324334383010864 9.398447944444438
3.030842591166000 2138221990.167371749877930 9.402881407407401
1.733495054124000 2138085095.676022529602051 9.407297351851845
3.025011024336000 1557609891.000226974487305 9.412440074074068
3.060737909366000 1962206796.313863754272461 9.417905999999993
3.115675335448000 2173030331.345669269561768 9.422424611111104
3.007706388180000 2238131067.600683212280273 9.426913388888883
3.116644008268000 2154007175.263832569122314 9.431419611111105
3.108929542901000 2227820796.024796009063721 9.435936499999993
3.014479905698000 2247587552.989084720611572 9.440374870370364
3.023130523504000 2159315152.262359619140625 9.444880981481475
3.053978794152000 2138348122.981137752532959 9.449306833333328
1.732257377556000 2183169968.193279266357422 9.453801574074069
3.022189572976000 1565383283.836599826812744 9.458970888888883
3.014479905698000 1961967048.138547897338867 9.464443518518513
3.015418455842000 2138697575.777897119522095 9.468861888888883
3.158997099750000 2138493180.746717691421509 9.473300574074068
3.084827064800000 2271034138.150279521942139 9.477844203703699
3.084827064800000 2272310226.780737876892090 9.493028555555551
1.740214027202000 2147053692.698838233947754 9.499052203703698
3.102179672916000 1645521094.194920063018799 9.508807388888883
3.416445974266000 2176408251.750849723815918 9.518776092592587
3.123387403110000 2174316068.826538562774658 9.527735814814809
3.508990786210000 2236175831.969223976135254 9.532227055555550
3.039499354598000 2242959156.851209640502930 9.536665444444440
3.078071681433000 2138443740.877037763595581 9.541169240740736
3.078071681433000 2165673095.527241706848145 9.545667666666661
3.036664211762000 2192621211.234884262084961 9.550099629629624
3.023130523504000 2148278766.610247135162354 9.554574499999994
1.733495054124000 2138299577.688943386077881 9.559007777777772
1.739592790320000 1557560920.285158634185791 9.564151111111105
3.024070423864000 1492937096.891079187393188 9.568750777777772
3.062642750699000 1962387519.158740997314453 9.574224055555550
3.006770238420000 2182862921.218331336975098 9.578706203703698
3.114705580312000 2148471314.131004333496094 9.583193185185179
3.132072939002000 2227768060.040787696838379 9.587706166666660
1.732876215840000 2247222292.383672714233398 9.592134518518511
3.039499354598000 1571434220.385792732238770 9.597324407407401
3.102179672916000 1962772012.333548069000244 9.602789777777771
3.078071681433000 2182970912.986156940460205 9.607284592592585
3.022189572976000 2194007321.940620422363281 9.612722333333325
1.752399905202000 2148844928.211706638336182 9.617212129629621
3.032727889194000 1558548791.650749921798706 9.622350759259250
3.031784889231000 1959870114.969840288162231 9.627806296296287
3.024070423864000 2137679277.697661399841309 9.632236574074064
3.079029078342000 2138606412.310833215713501 9.636662666666655
3.093500612167000 2183308619.809254169464111 9.641159629629618
3.076157243922000 2074504591.473394155502319 9.645606277777766
1.739592790320000 2185072930.811078071594238 9.660512592592580
1.734732730692000 1714655148.533897638320923 9.667251296296284
3.029899240254000 1672131117.576587438583374 9.678071666666654
3.386650296113000 1918221911.045185804367065 9.688109222222209
1.920940301280000 2122411772.438472270965576 9.696984314814802
3.456080484416000 1557878476.768781423568726 9.702132240740728
1.732876215840000 1997050487.591633558273315 9.707639277777764
3.070357216066000 1564018899.925573825836182 9.712814685185171
3.021249672616000 1997124724.076666355133057 9.718318092592579
3.068447576644000 2148357633.749860763549805 9.722809962962950
3.025011024336000 2182978136.129798412322998 9.727302407407395
3.015418455842000 2148746633.360950469970703 9.731795018518506
1.748180271240000 2137105363.204914808273315 9.736208148148135
3.007706388180000 1558650962.394042968750000 9.741348685185173
3.022189572976000 1962978143.037914752960205 9.746821981481469
3.030842591166000 2126307184.235199689865112 9.751246277777765
1.740835726658000 2127536383.084722995758057 9.755669629629617
1.740214027202000 1558311616.708713054656982 9.760815314814803
1.747557100120000 1492875882.800333023071289 9.765417148148137
3.022189572976000 1492788933.684185028076172 9.770019703703692
3.115675335448000 1962911174.203329324722290 9.775492129629619
3.039499354598000 2227253062.051233291625977 9.779971999999990
3.070357216066000 2149337949.120141506195068 9.784505555555546
3.069402929476000 2182203623.898946285247803 9.789000407407398
3.184092585814000 2193067890.643589496612549 9.793436462962953
1.754904041514000 2282560414.094639778137207 9.797951444444434
3.138811538434000 1577668032.000000000000000 9.803159777777768
3.024070423864000 1959206058.285067319869995 9.808623981481473
3.039499354598000 2135042696.576660394668579 9.822877444444435
3.069402929476000 2126181990.669713973999023 9.828792074074064
3.132072939002000 2172202859.155719757080078 9.837703018518509
3.394364761480000 2228924760.783955097198486 9.846609425925916
3.092539132462000 2216285272.516427993774414 9.855663925925915
3.457155456384000 2181182936.345732212066650 9.860149092592582
3.024070423864000 2193475881.749230384826660 9.864587870370361
1.746309364800000 2142403618.494527578353882 9.869064870370361
3.077114997138000 1520030577.735518932342529 9.874206592592582
3.084827064800000 2001383862.800813436508179 9.879707111111101
3.000927027763000 2192294907.645428657531738 9.884137499999989
1.732876215840000 2148433596.803613185882568 9.888614777777766
3.023130523504000 1558800012.962089538574219 9.893757981481469
3.040444754052000 1962831384.657143831253052 9.899215944444432
3.069402929476000 2138068745.017413139343262 9.903629462962950
3.036664211762000 2181833221.334014892578125 9.908121333333321
3.085786146800000 2148130623.698741912841797 9.913031111111099
3.083866911200000 2183161485.461858272552490 9.917525037037025
3.122415247590000 2193305533.641384124755859 9.921961537037026
3.023130523504000 2238172718.310846805572510 9.926451185185174
3.046266726490000 2152192210.682492733001709 9.930944518518507
3.030842591166000 2137624736.196728467941284 9.935384555555544
3.039499354598000 2138234099.993721723556519 9.939808907407395
3.021249672616000 2137683056.857140302658081 9.944227388888876
3.031784889231000 2138700972.366091012954712 9.948661018518505
1.740214027202000 2138426872.974385976791382 9.953089259259245
3.039499354598000 1558458227.683974027633667 9.958230888888876
3.030842591166000 1962995316.476257562637329 9.963703185185173
3.015418455842000 2137491127.967786788940430 9.968136592592581
3.114705580312000 2111143717.181176662445068 9.972566074074063
3.031784889231000 2160542223.487320899963379 9.987659481481471
3.140763997206000 2130331553.090922832489014 9.993630370370360
1.746309364800000 2243142743.203471183776855 10.002546277777768
1.915591436670000 1658730689.267032861709595 10.012335259259249
3.168673251258000 1477360575.261554002761841 10.021766074074064
3.438511605988000 2081516767.366558790206909 10.027313666666656
3.502367276618000 2213789405.912578582763672 10.031829462962952
3.028956942189000 2190424350.076655387878418 10.036322870370359
3.069402929476000 2158404765.321056365966797 10.040840074074064
3.115675335448000 2183142920.683818340301514 10.045336611111100
3.047213819965000 2238016426.138123512268066 10.049821333333323
3.029899240254000 2158942050.227241992950439 10.054331944444435
3.015418455842000 2137987376.392094135284424 10.058753407407398
1.726159641360000 2137909584.723456382751465 10.063171703703695
3.016355958497000 1557607554.523294210433960 10.068322407407399
3.015418455842000 1962659096.006034851074219 10.073772296296287
3.008641493130000 2138530093.308050155639648 10.078206037037027
3.082907829200000 2137971374.421066522598267 10.082632277777769
3.030842591166000 2183215177.579324245452881 10.087132092592585
3.047213819965000 2148801436.896567344665527 10.091622222222215
3.038554658828000 2137251565.552828073501587 10.096057999999992
3.017294159478000 2138552315.565887689590454 10.100486962962956
3.032727889194000 2138715448.579872608184814 10.104923185185179
3.012604551224999 2138280376.175548553466797 10.109353740740735
1.733495054124000 2138549270.540056467056274 10.113767203703699
3.006770238420000 1558608952.127831935882568 10.118909370370366
3.084827064800000 1961285402.430728435516357 10.124380981481478
3.015418455842000 2183266786.000864028930664 10.128881259259256
3.140763997206000 2148996454.854202270507812 10.133357907407404
3.044371481335000 2210304397.424103260040283 10.137887074074071
1.734114353196000 2215841390.177576065063477 10.152201259259256
1.732876215840000 1677058965.814854383468628 10.158831277777773
1.739592790320000 1656040651.793051004409790 10.169581111111107
3.593823530492000 1672245086.088548660278320 10.180412981481478
3.378935830746000 1729482681.483619689941406 10.190678166666663
3.024070423864000 2137283735.429428815841675 10.195097907407403
1.927656875760000 2137691949.534394502639771 10.199536574074070
3.076157243922000 1551482261.317915678024292 10.204686962962960
3.107963267786000 1986866652.080984115600586 10.210188722222219
3.216932058039000 2237249448.707042217254639 10.214673129629626
3.029899240254000 2337581529.001844406127930 10.219190722222217
3.036664211762000 2179925684.999816894531250 10.223739925925921
3.030842591166000 2137465976.201522350311279 10.228170648148144
1.726776081046000 2138574160.081527709960938 10.232604499999995
3.015418455842000 1559096748.874887466430664 10.237748018518515
3.077114997138000 1962707734.154547452926636 10.243208166666662
3.023130523504000 2183199302.591731071472168 10.247690370370366
3.021249672616000 2148057829.534192085266113 10.252174814814810
3.076157243922000 2138701657.527992010116577 10.256595722222217
3.131099470772000 2183065749.248073577880859 10.261090351851847
3.031784889231000 2238288274.764204502105713 10.265580666666661
3.106029637919000 2159341005.964100360870361 10.270086018518514
3.024070423864000 2228016700.075015068054199 10.274603629629626
3.031784889231000 2159127749.399963378906250 10.279117240740737
3.023130523504000 2138368900.215446710586548 10.283535277777775
3.024070423864000 2136729454.754783391952515 10.287974666666663
3.016355958497000 2138354022.565509319305420 10.292402925925922
3.039499354598000 2138655802.659020900726318 10.296833685185181
3.070357216066000 2138349444.488482713699341 10.301272370370366
3.024070423864000 2183382913.504560947418213 10.305767148148144
3.070357216066000 2146401911.151270627975464 10.310255425925922
3.170645265837000 2124719477.252079010009766 10.324564425925923
1.732876215840000 1941142656.980710744857788 10.331648629629626
3.062642750699000 1912361480.272759675979614 10.342180222222218
3.392253602320000 1825703797.568605661392212 10.356209666666663
3.453930940544000 2120188904.481319904327393 10.365169907407404
3.021249672616000 2182614258.935009002685547 10.369664814814811
3.036664211762000 2148489734.750748157501221 10.374150462962959
3.209217592672000 2131241248.951626777648926 10.378588555555551
3.170645265837000 2222341653.176315307617188 10.383129981481476
3.025011024336000 2302465152.936761379241943 10.387570814814810
3.116644008268000 2162976910.606383323669434 10.392094296296291
3.028956942189000 2227614773.519164085388184 10.396611888888883
1.746933000280000 2159288119.299975395202637 10.401119666666661
1.726159641360000 1558860911.512707948684692 10.406263740740735
3.009577294620000 1490937270.469868659973145 10.410872592592588
3.013542403043000 1962361031.343970775604248 10.416341185185180
3.024070423864000 2138470222.006510496139526 10.420767148148142
3.038554658828000 2138555999.145402908325195 10.425187685185179
3.024070423864000 2138102228.036227226257324 10.429618592592586
3.107963267786000 2138418268.005930662155151 10.434052574074068
3.061690861814000 2183144387.015208244323730 10.438534740740735
3.023130523504000 2193565521.915951251983643 10.442960740740736
3.013542403043000 2148765791.661324501037598 10.447438314814809
1.740214027202000 2138534527.774523496627808 10.451864166666661
3.067493290054000 1558270236.585787534713745 10.457005203703698
3.016355958497000 2001807884.407761335372925 10.462511148148142
3.031784889231000 2148795016.146793842315674 10.467001203703697
3.093500612167000 2138534168.507732391357422 10.471426981481475
3.169659809082000 2183281423.804226875305176 10.475921981481475
3.028956942189000 2282448315.883050441741943 10.480421537037031
1.739592790320000 2168835659.319159984588623 10.484964944444439
3.030842591166000 1977121968.909232854843140 10.499978333333328
1.754278473582000 2065801434.047350645065308 10.506138055555549
3.021249672616000 1845344395.171004533767700 10.516515185185179
3.378935830746000 2062864499.071834325790405 10.526391296296291
3.362461500632000 1716708611.660594463348389 10.537222648148143
3.024070423864000 2137925590.367079734802246 10.541658055555551
3.099286245756000 2133225257.979111433029175 10.546099629629625
3.086745943200000 2136206545.436527729034424 10.550584518518514
3.039499354598000 2192353370.448390007019043 10.555015185185180
3.031784889231000 2148037721.645689487457275 10.559492425925921
1.732876215840000 2138030911.901081800460815 10.563913592592588
3.108929542901000 1557343426.931128978729248 10.569061703703699
3.085786146800000 2002347242.038388252258301 10.574564962962958
3.045318574810000 2193441537.551153182983398 10.579008777777773
1.739592790320000 2148684372.053008556365967 10.583486037037032
3.022189572976000 1557721632.514866828918457 10.588627388888884
3.062642750699000 1962597624.310141563415527 10.594090129629626
3.131099470772000 2133194083.868972539901733 10.598521203703699
3.132072939002000 2227328737.389931678771973 10.603025981481476
3.028956942189000 2248378698.522477149963379 10.607444037037032
1.745685729320000 2155789516.448539257049561 10.612959555555550
3.147501869736000 1558773791.187436103820801 10.618105407407402
1.740214027202000 2041805723.779409646987915 10.623633999999994
3.045318574810000 1570472555.198292732238770 10.628823203703698
3.036664211762000 1963089266.456404447555542 10.634283759259253
3.084827064800000 2138407989.100453138351440 10.638714796296290
1.746933000280000 2183180785.418968677520752 10.643189407407400
3.070357216066000 1556686393.965767383575439 10.648359907407400
3.168673251258000 1910716112.069398641586304 10.653888888888881
3.082907829200000 2171778930.884961128234863 10.668328314814806
1.740214027202000 2180019115.107668876647949 10.674323185185177
3.023130523504000 1822491476.682142496109009 10.683943851851843
3.456080484416000 2106236122.636727094650269 10.693807370370362
3.077114997138000 2145602049.286372423171997 10.702753574074066
3.385597703618000 2192660149.208892822265625 10.707191796296287
3.022189572976000 2148658415.494265556335449 10.711678999999991
3.030842591166000 2128689831.336163282394409 10.716115833333324
1.724926761988000 2131680786.179856061935425 10.720536648148139
3.078071681433000 1558780868.231456279754639 10.725679925925917
1.740835726658000 2001677260.723067283630371 10.731170425925917
3.121444177065000 1564788626.570979833602905 10.736336462962955
3.070357216066000 2041656147.899430036544800 10.741862740740732
3.053978794152000 2203626258.288809776306152 10.746347814814806
3.070357216066000 2192807898.773005962371826 10.750791074074066
3.023130523504000 2192682646.612529277801514 10.755233370370362
3.014479905698000 2148618147.658307075500488 10.759727981481474
3.022189572976000 2137459418.025542497634888 10.764149074074066
3.131099470772000 2125544537.084997415542603 10.768582333333326
3.037608907532000 2227941192.394139766693115 10.773097370370362
3.077114997138000 2147550421.410616397857666 10.777606037037028
3.037608907532000 2181730277.550045013427734 10.782101055555547
3.028956942189000 2148854366.445077419281006 10.786583259259251
3.060737909366000 2138306675.434885501861572 10.791004388888881
3.030842591166000 2183053962.400816440582275 10.795504092592585
3.029899240254000 2148168888.484085559844971 10.799977129629623
3.129151446638000 2138652881.355931997299194 10.804402129629622
1.740214027202000 2228031119.992137908935547 10.808924648148141
3.037608907532000 1571538135.819762229919434 10.814120259259251
3.022189572976000 1873026885.962250471115112 10.819612592592584
1.747557100120000 2131380693.122633695602417 10.833881351851844
3.100251200124000 1589979478.933885574340820 10.840676537037028
3.062642750699000 2107611586.703413963317871 10.850553759259251
3.378935830746000 2187889424.046330451965332 10.859462333333324
1.914907327230000 2135907043.615135908126831 10.868427111111101
1.740214027202000 1558016574.883339881896973 10.873582166666656
3.241083240360000 1483793633.334799766540527 10.878212185185175
1.747557100120000 1923150701.469406127929688 10.883672944444434
1.720057107968000 1549772746.430925846099854 10.888813555555545
3.023130523504000 1491869011.614812850952148 10.893418148148138
3.015418455842000 1962664552.785551548004150 10.898890499999990
3.068447576644000 2138178134.806074857711792 10.903316611111102
3.008641493130000 2181251169.854185104370117 10.907816222222213
1.720671606272000 2147165159.294772624969482 10.912306499999991
1.733495054124000 1558722910.651411533355713 10.917450314814806
3.078071681433000 1492408840.179412603378296 10.922049685185176
3.154235673758000 2001885917.907507181167603 10.927547999999991
3.023130523504000 2273753225.308324337005615 10.932045129629621
3.008641493130000 2162935063.131364822387695 10.936578592592584
3.024070423864000 2138515444.789890766143799 10.941010148148139
3.039499354598000 2138526110.346553087234497 10.945450703703695
3.062642750699000 2138535439.930971622467041 10.949871851851844
3.037608907532000 2183200857.620227336883545 10.954371814814808
3.030842591166000 2148609286.317828655242920 10.958864685185178
3.028956942189000 2138536742.687949180603027 10.963280277777770
3.091576578478000 2138296058.971502780914307 10.967719333333326
3.016355958497000 2182256043.697242736816406 10.972201351851844
3.047213819965000 2149190876.300827026367188 10.976673222222214
3.047213819965000 2138414787.480067253112793 10.981109407407398
3.024070423864000 2015498391.881082534790039 10.985554444444436
1.740835726658000 2131768020.344084978103638 10.999827407407398
3.076157243922000 1675940417.180383920669556 11.006451240740732
3.030842591166000 1975297639.547610521316528 11.016603092592584
3.330576264096000 2149877954.303037166595459 11.025509592592584
3.138811538434000 2199335909.190760612487793 11.034529722222214
3.503456645532000 2247575068.787133216857910 11.038965037037029
3.394364761480000 2247713522.033558845520020 11.043406074074065
3.030842591166000 2123552761.573685169219971 11.047923425925918
3.014479905698000 2136226252.875297069549561 11.052343259259251
3.039499354598000 2138271778.226160287857056 11.056776203703695
3.039499354598000 2138493293.622780323028564 11.061209518518510
3.028956942189000 2111055544.430538177490234 11.065648407407398
3.029899240254000 2135626163.846108913421631 11.070075777777769
3.032727889194000 2136799536.209559679031372 11.074499870370362
3.036664211762000 2137666936.878964424133301 11.078931685185177
1.739592790320000 2138093673.517282724380493 11.083350499999991
1.732876215840000 1558441006.596206426620483 11.088496555555546
3.043424035125000 1492244728.724880218505859 11.093101351851843
1.740214027202000 1962426785.404970407485962 11.098553740740732
3.167687794503000 1558957646.067597866058350 11.103696907407398
3.038554658828000 2080699161.887957811355591 11.109238462962955
3.029899240254000 2169315435.146273136138916 11.113777166666658
3.085786146800000 2138276136.857228517532349 11.118211092592585
1.745685729320000 2183160230.656910419464111 11.122700685185178
3.125330267490000 1565445590.772733449935913 11.127873759259252
3.040444754052000 2040055705.481935262680054 11.133390870370363
1.740214027202000 2158902718.086677074432373 11.137906574074066
3.133047132348000 1559210534.274193525314331 11.143050277777769
3.176382918536000 2020407110.915914773941040 11.148616055555546
3.078071681433000 2174769769.113400459289551 11.163301796296286
3.083866911200000 2207292956.989745140075684 11.169299074074065
3.028956942189000 2158193186.006119251251221 11.179097537037027
3.445149499131000 2150292013.385736465454102 11.187979296296286
3.131099470772000 2192335234.397779941558838 11.197061277777767
3.385597703618000 2237696158.381226539611816 11.201553018518508
3.044371481335000 2158546804.032347679138184 11.206066518518508
3.022189572976000 2130400775.635334253311157 11.210488222222212
1.742077969135000 2089048738.062185525894165 11.214917037037027
3.014479905698000 1557034161.870944023132324 11.220059222222213
3.139787404369000 1962737932.970530271530151 11.225534425925916
3.131099470772000 2217446246.422543525695801 11.230076759259250
3.138811538434000 2247265997.936154365539551 11.234509333333325
1.739592790320000 2247841173.259094715118408 11.238952796296287
3.116644008268000 1570990020.187897205352783 11.244144759259250
3.038554658828000 2042139380.501333236694336 11.249673722222212
3.084827064800000 2159037024.569469928741455 11.254184740740731
3.030842591166000 2183163560.359647274017334 11.258676796296287
3.030842591166000 2148799208.467252254486084 11.263159425925917
3.031784889231000 2138183486.084814786911011 11.267580388888879
1.740214027202000 2137901134.890299320220947 11.271979574074065
3.061690861814000 1557499868.540001630783081 11.277121259259250
3.138811538434000 1962834642.791887283325195 11.282594259259250
1.740214027202000 2227924116.219583988189697 11.287111888888880
3.082907829200000 1570832035.095227956771851 11.292304111111102
3.131099470772000 2001565713.013770341873169 11.297795018518510
3.037608907532000 2238144445.772062778472900 11.302289592592585
3.139787404369000 2159060884.995009422302246 11.306798092592585
3.039499354598000 2227547670.236162185668945 11.311302999999992
3.067493290054000 2156912801.620924949645996 11.315827166666658
3.083866911200000 2147759223.336173534393311 11.330127648148139
1.739592790320000 2160397897.357863903045654 11.336151814814805
3.025011024336000 1647121608.002049922943115 11.345908574074064
1.914907327230000 2070837174.013634204864502 11.355793814814804
3.069402929476000 1478452772.688249588012695 11.365759407407397
3.448366019049000 2001434798.563161373138428 11.371260166666657
3.040444754052000 2192842533.629752159118652 11.375683333333324
3.358277567024000 2140570856.963344097137451 11.380163407407398
1.732257377556000 2098946600.683792114257812 11.384594037037028
3.015418455842000 1558158266.444563627243042 11.389741240740731
3.014479905698000 1962629473.712707757949829 11.395213537037028
3.077114997138000 2137950417.995129585266113 11.399639425925917
3.082907829200000 2179858536.224010944366455 11.404139203703695
1.734114353196000 2193530384.937238693237305 11.408565129629620
1.739592790320000 1565586013.535288572311401 11.413736796296288
1.734114353196000 1492530121.838433504104614 11.418342166666658
3.022189572976000 1492610361.907516717910767 11.422951999999992
3.122415247590000 1962046174.178244829177856 11.428416814814806
3.069402929476000 2227809591.535574913024902 11.432921944444436
3.054928285332000 2203934500.979440212249756 11.437421870370361
3.078071681433000 2193435726.920766353607178 11.441860685185176
3.076157243922000 2193295096.329547882080078 11.446299537037028
3.075200559627000 2193207423.189336299896240 11.450741074074065
3.023130523504000 2193500062.872519493103027 11.455159185185176
3.123387403110000 2148556900.906254768371582 11.459646518518509
3.039499354598000 2227295391.620008945465088 11.464161240740731
3.016355958497000 2159119155.849483489990234 11.468675092592584
3.028956942189000 2138399142.420113563537598 11.473106166666657
1.740214027202000 2138217133.724384307861328 11.477532351851842
1.746309364800000 1558195999.108997106552124 11.482686759259249
3.019368821728000 1374788338.485872507095337 11.487323092592582
3.031784889231000 2235141147.918826103210449 11.502797796296287
3.014479905698000 2126062133.509865522384644 11.508700259259250
1.734114353196000 2134190657.007035255432129 11.517547055555546
3.369124600486000 1850753111.929799079895020 11.527208203703694
3.063595348626000 1717584856.359278202056885 11.537498796296287
3.370173568294000 2181484074.723913669586182 11.541984444444434
3.124358473635000 2129927022.111137390136719 11.546474388888878
3.031784889231000 2207161739.215951442718506 11.550993666666656
3.046266726490000 2158519230.214136123657227 11.555484574074063
3.038554658828000 2132773832.368302583694458 11.559923759259249
3.070357216066000 2137062120.762259960174561 11.564352111111100
3.031784889231000 2183315295.949000835418701 11.568848944444433
1.739592790320000 2148638604.499779224395752 11.573343814814804
1.739592790320000 1558593960.892888069152832 11.578480703703692
3.008641493130000 1444965062.665128469467163 11.583183833333321
1.739592790320000 1954035475.907469987869263 11.588652333333320
3.106029637919000 1558812629.172612428665161 11.593804425925912
1.733495054124000 2042087738.173043012619019 11.599329703703690
3.015418455842000 1570495556.925884485244751 11.604525055555541
3.123387403110000 1935938274.738327503204346 11.609997333333318
3.015418455842000 2222857928.370243072509766 11.615500425925910
3.007706388180000 2158387366.872342109680176 11.619981296296281
3.038554658828000 2138764202.687062978744507 11.624397518518503
3.039499354598000 2138439672.733344554901123 11.628833814814799
3.029899240254000 2138589239.937271356582642 11.633262055555539
3.060737909366000 2138281640.375386714935303 11.637695999999984
3.030842591166000 2179386123.904323577880859 11.642183333333318
3.284318260428000 2148684144.170868873596191 11.646677999999984
3.083866911200000 2014891516.213993072509766 11.651135740740724
3.178359731204000 2146281264.593679666519165 11.665450981481465
3.062642750699000 2265109671.242607593536377 11.671447185185169
3.031784889231000 1916850779.779278516769409 11.682169592592576
1.915591436670000 2147150391.172895431518555 11.691081537037020
3.040444754052000 1623152310.208532094955444 11.700864203703686
1.726159641360000 1962610860.418834924697876 11.706326444444427
3.431870109590000 1556366333.245685815811157 11.711467685185168
3.084827064800000 2000225244.721300840377808 11.716961462962946
3.024070423864000 2136088965.370333909988403 11.721395148148131
3.023130523504000 2147934354.810762882232666 11.725883925925910
3.070357216066000 2138208047.105005025863647 11.730299592592576
3.015418455842000 2182593769.709261417388916 11.734791981481465
1.726776081046000 2144694061.254518508911133 11.739285074074058
3.016355958497000 1557607014.766983985900879 11.744432944444428
1.738971553438000 1962670954.912544250488281 11.749908722222205
3.015418455842000 1558206097.297297239303589 11.755047611111094
3.008641493130000 1962011772.400261640548706 11.760512370370353
3.023130523504000 2138737308.373133897781372 11.764948074074058
1.734114353196000 2137296750.829896211624146 11.769366296296280
3.107963267786000 1559257165.682453632354736 11.774512351851834
3.078071681433000 2041024191.438404560089111 11.780033129629611
3.132072939002000 2204198821.455469608306885 11.784508203703686
3.077114997138000 2238441024.834046363830566 11.788980111111092
3.037608907532000 2203860935.639634609222412 11.793459518518500
1.733495054124000 2148761659.381061077117920 11.797937314814796
3.022189572976000 1551424670.446695804595947 11.803084574074054
3.124358473635000 1962058914.518776655197144 11.808555777777759
3.062642750699000 2224860450.324386596679688 11.813068574074055
3.071312213484000 2203979284.727450370788574 11.817545499999982
3.084827064800000 2071598152.232371807098389 11.821987296296278
3.101215077534000 2146536559.548261165618896 11.836367944444426
3.038554658828000 2116217270.073084115982056 11.842292129629611
3.023130523504000 1898428188.494961261749268 11.852917425925908
3.161947741420000 2149069185.797626972198486 11.861872111111094
3.401021838942000 2188857719.060811519622803 11.870889351851835
1.921626300308000 2168474232.373126029968262 11.875414481481464
3.124358473635000 1552835379.297694206237793 11.880563129629612
3.331613229984000 2040771116.782893657684326 11.886091907407391
3.070357216066000 2160829440.783373355865479 11.890585296296280
3.031784889231000 2190564667.254278659820557 11.895018388888872
1.734114353196000 2148510053.391829490661621 11.899492648148131
3.038554658828000 1557690872.847386598587036 11.904639277777761
3.022189572976000 1962355251.498124361038208 11.910093629629612
3.123387403110000 2138137321.652065038681030 11.914532518518500
3.069402929476000 2227441417.497231483459473 11.919047518518500
3.022189572976000 2203426595.218466758728027 11.923540111111093
1.720671606272000 2148246170.391026496887207 11.927982833333315
3.069402929476000 1553284302.087155580520630 11.933130722222204
3.131099470772000 2001607095.886632680892944 11.938636259259241
3.139787404369000 2224074503.141821861267090 11.943160055555538
1.740835726658000 2247955458.077453136444092 11.947592833333315
3.069402929476000 1570798155.354002952575684 11.952785037037019
3.146523606096000 2001842890.952120780944824 11.958278037037019
3.030842591166000 2238268038.770880699157715 11.962767851851833
3.030842591166000 2158821512.773775100708008 11.967268537037018
3.039499354598000 2138350560.500119209289551 11.971694148148130
3.031784889231000 2137627072.553536891937256 11.976106981481463
1.748180271240000 2132520247.048653841018677 11.980541555555536
3.373318130272001 1558880115.696770906448364 11.985689111111093
3.141740226592000 2080364359.543807506561279 11.991234203703685
3.029899240254000 2285180062.574450969696045 12.005551962962945
3.045318574810000 2154242044.697698593139648 12.011557740740724
3.032727889194000 2134437888.582973718643188 12.020389092592575
3.394364761480000 2125710769.040935516357422 12.029393814814798
3.385597703618000 1716752555.748191595077515 12.040235388888872
3.030842591166000 2137799608.797050714492798 12.044666166666650
3.083866911200000 2137625895.431938886642456 12.049097092592575
3.015418455842000 2146781848.315440654754639 12.053588870370353
3.024070423864000 2148109463.827889919281006 12.058074370370353
3.000927027763000 2138060155.975432395935059 12.062500518518501
3.115675335448000 2138172885.582547187805176 12.066926481481463
1.726776081046000 2227877810.265608310699463 12.071448592592574
3.078071681433000 1570441395.050281763076782 12.076641555555538
3.008641493130000 2001582685.477805614471436 12.082132129629612
3.078071681433000 2148726659.055938720703125 12.086609240740723
3.070357216066000 2182927880.158700466156006 12.091104074074057
1.740214027202000 2192955119.530897617340088 12.095538074074057
3.022189572976000 1564387745.466251850128174 12.100715296296279
3.070357216066000 1962481550.321460247039795 12.106185129629612
3.077114997138000 2183111634.771608352661133 12.110664518518501
1.740835726658000 2193381387.577795505523682 12.115098037037020
1.720671606272000 1564351196.772747755050659 12.120262388888872
1.727392979734000 1492947541.656439542770386 12.124864629629613
3.116644008268000 1492722692.725298643112183 12.129469629629613
3.068447576644000 2041488396.620929241180420 12.134982870370353
3.172617280416000 2202556521.739130496978760 12.139467870370353
3.125330267490000 2281039098.691768646240234 12.143965037037020
3.139787404369000 2257937250.427837848663330 12.148444925925910
3.109896537774000 2244575817.034306049346924 12.152890203703688
3.037608907532000 2231218882.421420097351074 12.167206870370354
1.726776081046000 2147219112.403449773788452 12.173174296296279
3.037608907532000 1633449846.568029165267944 12.182914407407390
3.490306551674999 1918740621.603034734725952 12.192931518518501
3.046266726490000 2197452668.487017154693604 12.201931277777760
3.387703672662000 2158429252.442159175872803 12.206433592592575
3.083866911200000 2138166958.166313886642456 12.210859407407389
3.062642750699000 2183158001.308754920959473 12.215359018518500
1.726776081046000 2128027220.737706899642944 12.219808240740722
1.760999847044000 1563431880.576527118682861 12.224988685185167
3.006770238420000 1492084369.021013975143433 12.229595870370352
3.023130523504000 1962585205.289599657058716 12.235047518518499
3.161947741420000 2138413931.295319795608521 12.239483574074054
3.113736907492000 2271358210.613373279571533 12.243984185185164
3.115675335448000 2258862077.806080341339111 12.248462555555534
3.077114997138000 2248262720.283164501190186 12.252899185185164
3.022189572976000 2203137645.627564430236816 12.257389648148127
3.017294159478000 2148539278.465157508850098 12.261869296296275
3.118582436224000 2136933343.914327383041382 12.266303055555534
1.735351799370000 2227438509.224849700927734 12.270807796296275
1.733495054124000 1571388973.719876527786255 12.275986333333313
3.060737909366000 1493191250.583670139312744 12.280586851851831
3.021249672616000 2002302171.834816694259644 12.286088259259239
3.008641493130000 2148898193.367431163787842 12.290577888888869
3.053978794152000 2128164855.433698654174805 12.295035666666648
3.070357216066000 2182831271.517287731170654 12.299532481481462
3.061690861814000 2193238073.360008716583252 12.303966222222202
3.124358473635000 2192786277.635433673858643 12.308403962962943
3.178359731204000 2238642765.167148113250732 12.312890999999981
3.039499354598000 2292318763.409965515136719 12.317370462962943
3.060737909366000 2052618866.481421947479248 12.321922333333314
3.113736907492000 2145172644.801116704940796 12.336252333333313
3.070357216066000 2227495439.994793891906738 12.342228203703684
1.719443066880000 2155608802.187185287475586 12.351236907407387
1.920940301280000 1646073345.144023418426514 12.360999981481461
3.438511605988000 1480095425.140452623367310 12.370400796296275
3.006770238420000 2001425127.697805404663086 12.375904240740720
1.908870063208000 2147314902.922052621841431 12.380384222222201
1.739592790320000 1534985147.819700002670288 12.385527499999979
3.108929542901000 1484896424.301706314086914 12.390127999999979
3.059786020481000 2041056436.356330871582031 12.395658648148128
3.125330267490000 2202264131.187547683715820 12.400150944444425
3.023130523504000 2237663176.560341358184814 12.404641592592574
1.740214027202000 2158874536.983685493469238 12.409141074074055
1.727392979734000 1558411312.554730176925659 12.414279907407389
3.025011024336000 1492506686.066374301910400 12.418887333333315
1.721285190144000 1961241153.715642929077148 12.424344740740722
1.721285190144000 1558889459.099579095840454 12.429490481481462
3.062642750699000 1492895807.265368223190308 12.434093240740722
3.185083944406000 1997012302.687192201614380 12.439591888888870
3.016355958497000 2287619761.394921779632568 12.445040222222204
3.079029078342000 2169810466.344146728515625 12.449564777777759
3.053978794152000 2183344569.180381774902344 12.454059870370351
1.740835726658000 2148901889.051757812500000 12.458544777777758
3.014479905698000 1558433187.886119127273560 12.463688555555537
3.132072939002000 1962489573.392353057861328 12.469160666666648
3.077114997138000 2228064697.274631500244141 12.473678574074055
3.031784889231000 2203775440.303029060363770 12.478171481481462
3.395420537520000 2148662259.526108264923096 12.482659148148128
3.016355958497000 2043804475.281301498413086 12.487153796296276
3.161947741420000 2177218573.979942321777344 12.501442203703684
3.132072939002000 2287758900.767873287200928 12.507454481481462
3.116644008268000 2219357402.474519252777100 12.516457351851832
1.738971553438000 2134464026.591592788696289 12.525449333333313
3.386650296113000 1487523244.478894233703613 12.532497203703683
3.025011024336000 2062764665.516984462738037 12.539702629629609
3.569575949714000 2135715299.046156644821167 12.544140814814794
3.031784889231000 2271329309.342265605926514 12.548663074074053
3.495739780674000 2169504299.215567588806152 12.553181555555534
1.742077969135000 2238452597.492638587951660 12.557722259259238
3.031784889231000 1570201974.706170082092285 12.562943851851831
3.022189572976000 1947940006.321563482284546 12.568392574074053
3.044371481335000 2138417323.525357484817505 12.572825851851832
3.178359731204000 2138092689.366160154342651 12.577244833333314
3.172617280416000 2272350996.053335189819336 12.581782185185165
1.746933000280000 2302793773.766837596893311 12.586218611111091
3.022189572976000 1577273912.935261487960815 12.591426740740721
1.726159641360000 1961270987.870167016983032 12.596881611111090
1.734114353196000 1559351926.758698225021362 12.602027462962942
3.022189572976000 1492666200.477442026138306 12.606635351851832
3.125330267490000 1962121960.212569475173950 12.612109814814795
1.740835726658000 2233133665.691511154174805 12.617629666666648
3.077114997138000 1571864168.868822813034058 12.622822388888871
3.039499354598000 2001427426.787672519683838 12.628327685185168
3.022189572976000 2145517758.197838068008423 12.632812833333317
3.023130523504000 2136935682.620783090591431 12.637249166666649
3.084827064800000 2138504008.847110986709595 12.641669944444427
3.017294159478000 2183257300.261870861053467 12.646167499999983
3.105063002925000 2137860230.784404039382935 12.650673870370353
3.030842591166000 2227587794.119463920593262 12.655170185185169
3.035719164150000 2155432595.804321765899658 12.659688944444428
1.748180271240000 2111830804.563081264495850 12.673953185185168
3.070357216066000 1476661149.242551803588867 12.680010314814798
3.039499354598000 1899721110.595103979110718 12.691175499999982
3.462718380238000 2146546150.874584197998047 12.700091907407389
1.928345273386000 2143033226.231822252273560 12.709065740740723
1.922312810132000 1565034360.766564369201660 12.714237444444427
3.054928285332000 1492389291.739307403564453 12.718836870370353
3.547551124520000 2000524668.725614547729492 12.724347296296280
3.015418455842000 2216385941.682737827301025 12.728850759259243
3.047213819965000 2168757329.842932224273682 12.733378166666650
3.132072939002000 2138025118.291085958480835 12.737804629629613
3.092539132462000 2227430656.276005744934082 12.742321981481465
1.861820448974000 2203472438.284829139709473 12.746816944444429
3.075200559627000 1563325962.933118581771851 12.751987777777762
3.085786146800000 2000400877.686735868453979 12.757482018518502
3.116644008268000 2187198124.837516784667969 12.761898425925910
3.116644008268000 2238105534.190776348114014 12.766371962962948
3.038554658828000 2248399047.126359939575195 12.770810777777763
3.030842591166000 2159206987.580827236175537 12.775321425925911
3.039499354598000 2138409342.404386281967163 12.779752833333319
1.720671606272000 2137759039.978562116622925 12.784175574074061
3.022189572976000 1558977464.149148225784302 12.789313888888875
3.023130523504000 1963136509.097558736801147 12.794782388888875
3.124358473635000 2138351593.850794076919556 12.799203314814800
1.726159641360000 2227933705.824721336364746 12.803720777777764
3.062642750699000 1570496839.628527164459229 12.808915314814801
3.015418455842000 2002178746.792216539382935 12.814414092592578
3.061690861814000 2148766555.183946609497070 12.818899092592579
1.752399905202000 2183095841.166869640350342 12.823380851851839
3.071312213484000 1554843121.974934339523315 12.828561333333321
3.032727889194000 1669718079.476570844650269 12.844150833333321
3.008641493130000 2134976896.195670843124390 12.850123074074062
1.732876215840000 2165626717.855364322662354 12.859085314814804
3.435072237920000 1632981021.247599363327026 12.868814518518507
3.023130523504000 2130442940.705484628677368 12.878806074074062
1.920940301280000 2148070138.071945667266846 12.883292462962951
3.340363503911000 1552769471.244542598724365 12.888446074074063
3.024070423864000 1922571730.479399681091309 12.893913944444433
3.013542403043000 2137648894.711807012557983 12.898352203703693
3.107963267786000 2137581427.494345426559448 12.902773314814803
3.160963583980000 2227506474.660894870758057 12.907290925925915
3.030842591166000 2293251363.795915603637695 12.911775277777767
3.022189572976000 2168370193.876884937286377 12.916314240740730
3.030842591166000 2138001276.515862464904785 12.920753407407396
3.022189572976000 2138189848.213649272918701 12.925171166666656
3.020309422200000 2138523751.878443956375122 12.929607462962952
3.031784889231000 2130845043.922549247741699 12.934036555555545
3.084827064800000 2137373962.284667253494263 12.938464462962953
3.022189572976000 2177597346.394692897796631 12.942944740740732
3.040444754052000 2148723527.438531875610352 12.947416351851842
3.079029078342000 2138379961.387057304382324 12.951847796296287
3.106995913034000 2182374824.472181320190430 12.956344814814805
3.069402929476000 2238425173.242588996887207 12.960828999999991
3.023130523504000 2203520141.202863693237305 12.965319518518511
3.106995913034000 2148703136.800141811370850 12.969806870370363
3.116644008268000 2227696725.242563247680664 12.974324592592584
1.740835726658000 2248298139.920174598693848 12.978750925925917
1.726776081046000 1571371146.098237037658691 12.983935666666659
3.025011024336000 1492097033.652918100357056 12.988540407407399
3.077114997138000 1961448390.631976366043091 12.994015296296288
3.056828328576000 2147242585.143608808517456 13.008314666666658
3.008641493130000 2119597727.771713495254517 13.014303240740732
3.024070423864000 2135166824.931301832199097 13.023117981481473
3.439582177252000 2197823922.477561950683594 13.032130425925917
3.022189572976000 2158353607.594544887542725 13.041107629629622
3.393309771280000 2148360896.659236907958984 13.045585981481473
3.032727889194000 2137825898.161007881164551 13.050012722222213
3.361414933208000 2129446341.412321805953979 13.054432814814806
3.029899240254000 2099916346.478767395019531 13.058871759259251
3.024070423864000 2137222956.286276578903198 13.063303370370361
1.747557100120000 2137813949.993738889694214 13.067739851851844
3.045318574810000 1557669387.241236686706543 13.072888092592585
3.178359731204000 1962110622.552037239074707 13.078363166666659
3.076157243922000 2272351883.383352756500244 13.082898444444437
3.047213819965000 2213644904.753098011016846 13.087404277777770
3.133047132348000 2148558751.393534183502197 13.091889277777771
3.187065186354000 2226806602.670125007629395 13.096401481481474
3.031784889231000 2293508017.020433425903320 13.100888462962955
1.753651973358000 2169679912.277830123901367 13.105414537037028
3.030842591166000 1559202492.839562892913818 13.110561129629620
3.030842591166000 1960880907.295003890991211 13.115988740740731
3.047213819965000 2138300882.584448337554932 13.120411777777768
3.022189572976000 2138856844.470993995666504 13.124844796296287
3.023130523504000 2138661704.363490819931030 13.129285685185176
3.030842591166000 2136918309.646775007247925 13.133706851851843
3.046266726490000 2138104260.874302625656128 13.138125611111102
3.085786146800000 2138276061.582647323608398 13.142561685185175
3.069402929476000 2182251439.737157821655273 13.147053888888879
1.738971553438000 2193351344.360776424407959 13.151492870370360
3.045318574810000 1564412288.436310529708862 13.156659425925916
1.740835726658000 1962589337.706913948059082 13.162135629629621
3.075200559627000 1975994044.192534208297729 13.177190962962953
3.031784889231000 2111998332.255744695663452 13.183320333333324
3.084827064800000 2139925919.188067436218262 13.193906870370361
3.394364761480000 2172196990.833001136779785 13.202827759259250
3.039499354598000 2150856091.904561996459961 13.211779074074066
1.922998298364000 2136467770.418500185012817 13.216193870370363
3.027831775584000 1558984829.671219587326050 13.221339148148141
3.334721812992000 1956876139.061960697174072 13.226813925925919
1.747557100120000 2094346833.827559232711792 13.231254092592586
3.085786146800000 1556922816.702714681625366 13.236399851851845
3.148480862064000 2001913698.671589136123657 13.241907685185177
3.137834582146000 2238176121.029044151306152 13.246395129629622
3.031784889231000 2248310002.257845878601074 13.250824129629622
3.039499354598000 2158736040.421467781066895 13.255332185185178
1.739592790320000 2137004730.606606245040894 13.259755703703696
1.740214027202000 1558094080.851293325424194 13.264906907407401
1.740214027202000 1492902433.724467515945435 13.269508907407401
3.015418455842000 1492736129.796266794204712 13.274106425925920
3.116644008268000 1959234960.295450687408447 13.279582055555549
3.036664211762000 2226708550.496607303619385 13.284101611111105
3.146523606096000 2159438803.174446582794189 13.288609833333327
3.132072939002000 2227814568.174433231353760 13.293112037037030
3.029899240254000 2248640867.518942832946777 13.297550407407401
3.040444754052000 2158896254.630940437316895 13.302064129629624
3.037608907532000 2138368234.227883815765381 13.306477685185179
1.747557100120000 2138454000.902270793914795 13.310910944444439
3.030842591166000 1557635695.915687799453735 13.316059370370365
3.086745943200000 1963242888.729634284973145 13.321511722222217
3.193788661938000 2183272698.027764797210693 13.326001833333329
3.028014293175000 2171823625.033866405487061 13.330513055555551
3.093500612167000 2254654672.673680782318115 13.345302351851847
3.046266726490000 2127879212.229413032531738 13.351277018518514
3.047213819965000 1874490014.719928503036499 13.361882444444440
1.922312810132000 2092821779.445162296295166 13.370737888888884
3.024070423864000 1472570296.750598669052124 13.380723203703699
3.439582177252000 1961676159.820393085479736 13.386200185185180
3.494652811251000 2182755969.556394100189209 13.390699092592588
3.193788661938000 2186647754.584664344787598 13.395198796296292
3.131099470772000 2292150457.186929225921631 13.399688814814811
3.024070423864000 2250674342.823479652404785 13.404184055555552
3.024070423864000 2159225719.181170463562012 13.408701796296294
3.099286245756000 2138217379.264045476913452 13.413115314814812
3.085786146800000 2182970017.796900749206543 13.417600074074072
1.740214027202000 2193317922.545782089233398 13.422041407407406
3.036664211762000 1564429560.521909236907959 13.427206203703703
3.076157243922000 1962230752.049166440963745 13.432678166666665
3.046266726490000 2183224062.829989433288574 13.437167648148147
3.040444754052000 2148946982.055464744567871 13.441662981481480
3.048161618910000 2133188833.342412471771240 13.446082222222222
3.039499354598000 2138421947.372374057769775 13.450520111111111
1.739592790320000 2138366726.386818885803223 13.454944037037036
3.106995913034000 1557875770.490267753601074 13.460084462962962
3.192796012068000 2041640987.525361061096191 13.465615685185185
1.740835726658000 2292974314.743436336517334 13.470103055555555
1.746933000280000 1577864891.350660324096680 13.475318611111110
1.740835726658000 1492727662.909156799316406 13.479926666666666
3.167687794503000 1492059699.810872793197632 13.484528703703702
3.040444754052000 2081339517.116345882415771 13.490064888888888
3.084827064800000 2146670745.029495239257812 13.494641888888887
3.037608907532000 2182467347.735821723937988 13.499146425925925
3.022189572976000 2256985360.795371055603027 13.513576222222222
3.038554658828000 2126176962.523665904998779 13.519484148148148
3.137834582146000 1864946809.347293615341187 13.530080203703704
1.928345273386000 2195194718.258966445922852 13.539048907407409
3.092539132462000 1645868636.109842061996460 13.548899407407410
3.394364761480000 2001641043.588285446166992 13.554402500000002
3.023130523504000 2148625849.723183155059814 13.558894703703706
3.347037365308000 2137848704.325597524642944 13.563328259259261
3.015418455842000 2081352234.787066698074341 13.567771055555557
3.100251200124000 2136386006.522383689880371 13.572205925925928
3.030842591166000 2183362457.973498821258545 13.576700444444446
3.036664211762000 2148602945.723012924194336 13.581192833333334
3.076157243922000 2138563447.183894872665405 13.585613833333335
3.045318574810000 2183153821.119455337524414 13.590109074074077
3.024070423864000 2131290186.492623567581177 13.594586462962965
3.078071681433000 2137643510.935542821884155 13.599007148148150
3.038554658828000 2183129476.039207458496094 13.603501759259261
3.030842591166000 2148130379.903477191925049 13.607991203703707
3.039499354598000 2133698102.971982955932617 13.612428944444448
3.086745943200000 2139762851.800256729125977 13.617865925925930
3.037608907532000 2183187730.182662963867188 13.622361148148151
1.747557100120000 2148835744.104518413543701 13.626845907407411
3.084827064800000 1558416273.898870944976807 13.631992981481485
3.025951274752000 2001927751.614639282226562 13.637498166666671
3.015418455842000 2148785035.614741325378418 13.641982888888894
3.130124914868000 2138505832.733602285385132 13.646408740740746
3.031784889231000 2227797892.621705532073975 13.650906166666672
3.039499354598000 2159319969.730370044708252 13.655408907407413
3.030842591166000 2135153805.282336711883545 13.659835259259264
1.732876215840000 2137662422.297974586486816 13.664268148148153
3.170645265837000 1472608731.162304162979126 13.669437796296302
1.740835726658000 2152592680.490083217620850 13.684841074074081
1.746309364800000 1683496792.092942476272583 13.691569240740748
3.016355958497000 1487201710.315339326858521 13.700924240740747
3.369124600486000 2108914894.933057546615601 13.710804185185191
3.040444754052000 2154637797.160517215728760 13.719855129629636
3.462718380238000 2133039098.265220642089844 13.724292666666672
1.929034183594000 2177448964.472687721252441 13.728792074074081
3.023130523504000 1520085123.649254560470581 13.733994962962969
3.116644008268000 1962543225.841395854949951 13.739465370370377
3.007706388180000 2227057515.425750732421875 13.743967222222230
3.025011024336000 2158184862.753161430358887 13.748470462962970
3.024070423864000 2137242263.557592630386353 13.752898759259267
1.734114353196000 2137887237.005532741546631 13.757326925925934
1.740214027202000 1558373083.444633722305298 13.762470944444452
3.024070423864000 1492723525.551471233367920 13.767070592592599
3.085786146800000 1962247483.173215150833130 13.772543018518526
3.078071681433000 2183076189.375108242034912 13.777027944444452
3.016355958497000 2193364125.324406623840332 13.781459111111118
1.742077969135000 2144470795.392074584960938 13.785939314814822
3.115675335448000 1558680266.132864713668823 13.791082944444451
3.078071681433000 2040452657.921698331832886 13.796595814814822
3.076157243922000 2203753293.650139331817627 13.801088185185192
3.078071681433000 2193576999.620331764221191 13.805526759259266
1.738971553438000 2193471403.899581909179688 13.809965981481488
3.124358473635000 1563818791.441436529159546 13.815135592592599
3.116644008268000 2041315904.840428829193115 13.820660814814820
3.031784889231000 2248429386.232677936553955 13.825089444444449
2.001539195040000 2159158000.238242626190186 13.829597759259265
3.023130523504000 1557218670.200730562210083 13.834753925925932
3.023130523504000 2193161497.040950775146484 13.850168037037044
1.732257377556000 2128809336.689536571502686 13.856068296296304
3.053028242088000 1851270956.931646108627319 13.865716611111118
3.371221365379000 1760160062.514244794845581 13.875954277777785
3.385597703618000 2117970196.664835214614868 13.884920462962970
3.069402929476000 2137982320.691138267517090 13.889355444444451
3.024070423864000 2182787739.154088973999023 13.893848518518526
3.317220107810000 2146995154.474365949630737 13.898331462962970
3.107963267786000 2088277512.121998548507690 13.902754092592600
3.040444754052000 2182279742.024645805358887 13.907256388888896
3.031784889231000 2148495472.260903358459473 13.911751314814822
3.031784889231000 2136365237.048665523529053 13.916174925925933
3.023130523504000 2138418957.662891149520874 13.920605851851859
3.029899240254000 2138269346.649672746658325 13.925037425925932
3.025011024336000 2138532793.353234767913818 13.929472888888895
3.024070423864000 2131508961.457579851150513 13.933902351851858
3.029899240254000 2135387148.061442852020264 13.938340074074080
