3.007706388180000 2241096777.594264984130859 0.001053962962963
3.015418455842000 2155254477.024500370025635 0.005570851851852
3.023130523504000 2137911534.407468795776367 0.009998185185185
3.062642750699000 2137494906.291638135910034 0.014431759259259
3.010512747840000 2180555679.825014114379883 0.018918888888889
3.005835133470000 2148256540.766619682312012 0.023408537037037
3.163914591780000 2138279952.916819572448730 0.027845129629630
3.155216335103000 2271205766.100906848907471 0.032385074074074
3.060737909366000 2167896395.350765228271484 0.036852555555556
2.993212562396000 2142444102.486375093460083 0.051269648148148
3.006770238420000 2126383931.811625957489014 0.057240037037037
2.999060571142000 2132933124.239715099334717 0.066084796296296
1.740214027202000 2133059834.670658588409424 0.074942537037037
3.378935830746000 1614454934.826614141464233 0.084731240740741
3.006770238420000 1938960543.622716665267944 0.090151666666667
3.015418455842000 2111752173.913043498992920 0.094589814814815
3.035719164150000 2132799556.661578178405762 0.099017500000000
3.060737909366000 2131945832.342970132827759 0.103458444444444
3.122415247590000 2170518708.566793918609619 0.107933518518519
3.071312213484000 2238036146.813959121704102 0.112424462962963
3.025951274752000 2203781589.116946697235107 0.116919388888889
3.023130523504000 2148504031.460229873657227 0.121411833333333
3.023130523504000 2138461447.644406557083130 0.125835111111111
3.016355958497000 2137888816.077801227569580 0.130271870370370
3.078071681433000 2137953747.713280916213989 0.134705685185185
3.070357216066000 2183043890.768088340759277 0.139194944444444
3.070357216066000 2193385707.138092041015625 0.143636425925926
3.069402929476000 2192335001.169434070587158 0.148070351851852
3.016355958497000 2193591102.622591018676758 0.152511111111111
1.734114353196000 2149022260.718925952911377 0.157000833333333
3.091576578478000 1557682638.479139804840088 0.162148018518519
1.739592790320000 2042067040.266365528106689 0.167676481481481
3.062642750699000 1570949169.839463233947754 0.172866240740741
3.062642750699000 2002251355.855173587799072 0.178367074074074
3.007706388180000 2193221945.304006099700928 0.182795592592593
3.070357216066000 2148637376.431821823120117 0.187280296296296
3.008641493130000 2071353614.197974681854248 0.191787981481482
3.015418455842000 2132198483.845289707183838 0.206723425925926
1.747557100120000 2066653538.615910291671753 0.212629166666667
1.718829025792000 1488382017.551247358322144 0.222524000000000
3.378935830746000 1657114377.898422956466675 0.233285759259259
3.107963267786000 2162447206.939354419708252 0.243326185185185
1.726159641360000 2226762702.483303070068359 0.247843018518519
3.094462808058000 1546000713.872688055038452 0.253031203703704
3.101215077534000 1961962842.116342544555664 0.258485407407407
3.101215077534000 2227589570.196330070495605 0.262987462962963
3.054928285332000 2247542886.121787071228027 0.267405925925926
3.028956942189000 2203389034.266367435455322 0.271885537037037
3.106995913034000 2147724799.511063098907471 0.276369944444444
3.077114997138000 2227979222.511827945709229 0.280867333333333
3.016355958497000 2202178737.359934329986572 0.285339444444444
3.014479905698000 2148644648.550112247467041 0.289829574074074
3.015418455842000 2138163688.895764589309692 0.294258481481482
3.107963267786000 2138187037.679028749465942 0.298692129629630
3.161947741420000 2219810760.256036281585693 0.303196703703704
3.106029637919000 2293070226.770938396453857 0.307684018518519
3.037608907532000 2257611962.854535579681396 0.312168888888889
3.107963267786000 2159351800.554016590118408 0.316681388888889
3.015418455842000 2227862961.565590858459473 0.321197018518519
3.015418455842000 2159108223.545196056365967 0.325710481481482
1.740214027202000 2138406131.419769048690796 0.330146648148148
1.734114353196000 1556338871.771244287490845 0.335291388888889
3.023130523504000 1481580639.065245389938354 0.339897074074074
3.062642750699000 1962251249.911023378372192 0.345360425925926
3.054928285332000 2182394738.253704071044922 0.349848444444445
3.023130523504000 2149470534.827253818511963 0.365002870370370
1.740214027202000 2117707647.969159603118896 0.370997925925926
1.727392979734000 1849331210.717988967895508 0.380623833333333
3.504545609024000 1826344044.343617677688599 0.391211185185185
3.008641493130000 2231959022.663803577423096 0.401257388888889
1.740835726658000 2115644526.490677595138550 0.405771555555556
3.007706388180000 1556792949.006205558776855 0.410919240740741
3.024070423864000 1957632544.738154888153076 0.416375888888889
3.015418455842000 2138327020.920502185821533 0.420801814814815
3.016355958497000 2133912452.981761693954468 0.425227796296296
3.068447576644000 2138135017.980856657028198 0.429640925925926
3.007706388180000 2183017974.369574069976807 0.434120555555556
3.059786020481000 2148625453.164097309112549 0.438605481481482
3.030842591166000 2182731276.004115104675293 0.443087500000000
3.070357216066000 2148616686.280582427978516 0.447572222222222
3.024070423864000 2182230863.471933841705322 0.452046407407407
2.998127863897000 2149176655.707293510437012 0.456518592592593
1.733495054124000 2138519234.787260055541992 0.460950185185185
3.061690861814000 1559208699.716001033782959 0.466101481481482
3.007706388180000 2001937325.924032211303711 0.471606740740741
3.018232011296000 2147674963.107084274291992 0.476099222222222
1.735351799370000 2138538022.933335542678833 0.480512981481481
3.007706388180000 1559173360.875495195388794 0.485658851851852
3.091576578478000 1962887766.186040163040161 0.491131388888889
3.007706388180000 2227920208.686236381530762 0.495646407407407
3.030842591166000 2158255942.983445644378662 0.500162314814815
1.806758535120000 2135878416.090509176254272 0.504581759259259
3.112767873900000 1937301086.191303014755249 0.519549111111111
3.039499354598000 2157232697.531327247619629 0.525719018518519
3.093500612167000 1748122987.175244331359863 0.537413703703704
3.008641493130000 2210365513.180372238159180 0.546313722222222
3.376834267764000 2150864132.280392169952393 0.555311444444444
3.029899240254000 2137017843.056233644485474 0.559748277777778
3.028956942189000 2119191951.149269580841064 0.564185074074074
3.023130523504000 2138218303.137872219085693 0.568608925925926
3.007706388180000 2131359573.321750402450562 0.573042833333334
3.170645265837000 2137980797.284700870513916 0.577473148148148
3.147501869736000 2272143517.344609737396240 0.582001185185185
3.029899240254000 2303401304.233543872833252 0.586439722222222
3.016355958497000 2169142708.623258590698242 0.590964092592593
3.077114997138000 2138202075.753257036209106 0.595381944444445
3.008641493130000 2182957932.945436954498291 0.599866407407408
1.728008960418000 2147415265.574420213699341 0.604351444444445
3.016355958497000 1559059669.457736730575562 0.609502351851852
3.023130523504000 1962704627.855313777923584 0.614962444444445
3.006770238420000 2138194713.099132299423218 0.619383574074074
3.013542403043000 2138188297.315955638885498 0.623809592592593
1.740835726658000 2134684671.807410240173340 0.628240425925926
3.047213819965000 1558915960.029682159423828 0.633381277777778
3.007706388180000 2002308743.675285816192627 0.638882185185185
3.107963267786000 2148627864.268815517425537 0.643359444444445
3.007706388180000 2228126438.290957450866699 0.647872259259260
3.006770238420000 2158350296.934748172760010 0.652390648148148
1.720671606272000 2137292427.246320962905884 0.656808777777778
1.732876215840000 1558361888.111887931823730 0.661956777777778
1.712726492400000 1391927146.553376436233521 0.666594703703704
3.047213819965000 1488316889.332206249237061 0.681205833333334
3.068447576644000 2138431106.733524560928345 0.687410277777778
3.016355958497000 2172164989.369241714477539 0.697208888888889
3.375784072974000 2148523610.966763019561768 0.706117962962963
3.005835133470000 2122610430.714187383651733 0.714999851851852
1.727392979734000 2137754388.015831947326660 0.719435333333334
3.047213819965000 1545047325.354616403579712 0.724581740740741
3.107963267786000 1996790163.338649988174438 0.730084962962963
3.090615098773000 2237328837.036731719970703 0.734577000000000
3.100251200124000 2248139514.267554283142090 0.739005592592593
2.999994320518000 2237723102.634029388427734 0.743460111111111
3.015418455842000 2157970459.002556800842285 0.747936000000000
3.039499354598000 2113862114.736033678054810 0.752372592592593
3.037608907532000 2178156939.264454841613770 0.756871148148148
3.099286245756000 2193385427.807486534118652 0.761303740740741
3.107963267786000 2238140839.941068649291992 0.765778481481482
3.015418455842000 2248200142.678943157196045 0.770217351851852
3.008641493130000 2158945666.304414272308350 0.774733000000000
1.726159641360000 2138318109.760700702667236 0.779148666666667
3.015418455842000 1556589364.818326711654663 0.784294759259259
3.016355958497000 1963181780.002574205398560 0.789762500000000
3.047213819965000 2138258233.404396772384644 0.794183851851852
3.108929542901000 2183061624.373007774353027 0.798680629629630
3.107963267786000 2238131500.412200927734375 0.803173222222222
3.100251200124000 2248286793.810723304748535 0.807599037037037
3.168673251258000 2247315432.703170776367188 0.812024703703704
2.999994320518000 2293041299.753069877624512 0.816501907407408
1.738971553438000 2169778136.335413932800293 0.821035388888889
3.063595348626000 1469280115.185008764266968 0.826205814814815
3.000927027763000 2128216496.959753036499023 0.841555444444445
3.006770238420000 2066036128.358273983001709 0.847511574074074
3.007706388180000 1886550134.102666854858398 0.858096333333334
1.908870063208000 2166670391.961958885192871 0.867057425925926
3.014479905698000 1835819185.389828681945801 0.876763500000000
1.738971553438000 1958322806.327728271484375 0.882226814814815
1.733495054124000 1558590086.444134950637817 0.887374648148148
1.719443066880000 1491896185.460771322250366 0.891939055555556
1.713338134890000 1491521377.495382308959961 0.896541074074074
1.720057107968000 1488911538.044068098068237 0.901147574074074
1.712114849910000 1490850778.828738212585449 0.905748500000000
3.060737909366000 1492600048.315013885498047 0.910347944444445
3.106995913034000 2002100858.499141454696655 0.915848500000000
3.007706388180000 2237146584.404965400695801 0.920332833333333
3.155216335103000 2159037703.580056190490723 0.924848074074074
2.993212562396000 2260410404.742186069488525 0.929387314814815
3.093500612167000 2168966858.889738082885742 0.933918444444445
3.100251200124000 2227787550.149679183959961 0.938428092592593
1.720057107968000 2248413645.575320720672607 0.942869092592593
3.161947741420000 1570352685.118119478225708 0.948059222222222
3.169659809082000 2081838363.342066049575806 0.953608018518519
3.146523606096000 2304744853.348937988281250 0.959051148148148
3.147501869736000 2303270874.098303318023682 0.963489796296296
3.001860429762000 2303288385.777271270751953 0.967908388888889
3.023130523504000 2168789302.840280055999756 0.972426722222222
3.193788661938000 2138508885.427064418792725 0.976860740740741
3.007706388180000 2134999010.161506652832031 0.981294685185185
3.046266726490000 2135042624.586400747299194 0.995549629629630
3.046266726490000 2168210613.603823661804199 1.001512277777778
3.014479905698000 1896162758.663869857788086 1.012159944444444
3.447294244914000 2148764478.716406345367432 1.021083962962963
3.116644008268000 1990465329.052969455718994 1.031467296296296
3.016355958497000 2212361500.888651371002197 1.035937240740741
3.077114997138000 2158562908.583849430084229 1.040452611111111
3.016355958497000 2183117564.716132640838623 1.044937296296296
3.047213819965000 2148550857.623387813568115 1.049429685185185
3.078071681433000 2131375886.406277894973755 1.053861333333333
3.067493290054000 2182284150.620171546936035 1.058358296296296
3.076157243922000 2193078205.208660125732422 1.062784685185185
3.024070423864000 2188327203.656933307647705 1.067220703703704
3.029899240254000 2148137163.158155918121338 1.071693074074074
1.740214027202000 2137369288.990251064300537 1.076126518518519
1.740214027202000 1549119630.554815530776978 1.081271370370370
3.122415247590000 1491890159.723087787628174 1.085877722222222
3.015418455842000 2041594820.194008350372314 1.091406314814815
1.740835726658000 2159192300.116540431976318 1.095919129629630
3.154235673758000 1550288263.496226787567139 1.101087240740741
3.061690861814000 2081626546.275394916534424 1.106624740740741
3.062642750699000 2214180716.072673797607422 1.111140111111111
1.733495054124000 2193394365.903063297271729 1.115574092592593
1.727392979734000 1564426853.908432960510254 1.120743351851852
3.008641493130000 1492741026.404047012329102 1.125348425925926
2.999060571142000 1953067609.934853553771973 1.130806203703704
3.006770238420000 1926742862.365046262741089 1.135264185185185
3.014479905698000 2215450960.841655254364014 1.149676703703704
3.101215077534000 2125683366.620190620422363 1.155573814814815
3.108929542901000 2177647835.975789070129395 1.164513777777778
3.386650296113000 2208619470.700210094451904 1.173522185185185
3.106029637919000 1974869834.732674598693848 1.183990074074074
3.168673251258000 2197568331.922100067138672 1.188582851851852
3.108929542901000 2235211460.528787136077881 1.193019981481481
3.007706388180000 2245007920.949343681335449 1.197450333333333
3.053028242088000 2158227229.622940063476562 1.201961351851852
3.101215077534000 2181907156.004101276397705 1.206458740740741
3.008641493130000 2238073371.116535186767578 1.210935222222222
3.029899240254000 2158977026.821872711181641 1.215448537037037
3.023130523504000 2138543452.565574884414673 1.219866722222222
1.726159641360000 2137108328.115215778350830 1.224302833333333
3.008641493130000 1558122955.921665668487549 1.229449814814815
3.115675335448000 1962741010.465731859207153 1.234906777777778
3.030842591166000 2228067915.979216575622559 1.239418888888889
2.999060571142000 2159081043.939088344573975 1.243919648148148
3.015418455842000 2137592706.642344236373901 1.248345796296296
1.732257377556000 2138524030.110017299652100 1.252759240740741
3.109896537774000 1559302786.137268304824829 1.257909740740741
3.000927027763000 2042167838.922933101654053 1.263430907407407
3.008641493130000 2158907616.087841987609863 1.267923833333333
3.062642750699000 2137808833.658232927322388 1.272360148148148
1.740214027202000 2181738327.136323451995850 1.276862518518518
3.015418455842000 1565583740.896950244903564 1.282034777777778
1.732876215840000 1961965000.152704477310181 1.287491944444444
3.023130523504000 1384228969.679551601409912 1.292646759259259
3.015418455842000 2114132875.351582288742065 1.307915037037037
3.023130523504000 2124778461.113656044006348 1.313816851851852
3.053978794152000 2131379611.179021596908569 1.322664111111111
3.510081741985000 2155643690.323544502258301 1.331589555555555
3.029899240254000 1998005143.966354131698608 1.341892888888889
3.008641493130000 2156050666.568189144134521 1.346406055555555
1.726159641360000 2125354961.271843433380127 1.350821925925926
3.152273255357000 1555492376.532380342483521 1.355941351851852
3.008641493130000 2080675206.553493022918701 1.361475296296296
1.719443066880000 2168974575.022108554840088 1.365998407407407
1.726159641360000 1558444257.249311447143555 1.371142574074074
3.062642750699000 1492465029.965134382247925 1.375752870370370
2.999994320518000 2000863301.946773767471313 1.381257703703704
3.001860429762000 2148793381.476547718048096 1.385747907407407
2.999994320518000 2138424003.522529363632202 1.390163925925926
1.719443066880000 2138053378.454408884048462 1.394607388888889
3.009577294620000 1558493970.435684680938721 1.399748722222222
3.015418455842000 1960803125.338680028915405 1.405216574074074
3.139787404369000 2138263445.890628337860107 1.409649981481482
3.155216335103000 2272638379.233003616333008 1.414182814814815
3.008641493130000 2297322570.961608886718750 1.418624444444445
3.008641493130000 2169311889.746723175048828 1.423155425925926
3.000927027763000 2138721250.804100275039673 1.427588722222223
3.061690861814000 2137686766.860635519027710 1.432012240740741
1.726159641360000 2183393014.287833213806152 1.436507129629630
3.030842591166000 1414291989.294250726699829 1.441682611111112
3.025011024336000 1957589831.149023532867432 1.447170685185186
1.740214027202000 2134088380.632611751556396 1.461422592592593
3.006770238420000 1591155632.197059392929077 1.468220314814815
3.132072939002000 2101841258.718986034393311 1.478104555555556
3.387703672662000 2208445588.711619853973389 1.487023592592593
3.061690861814000 1984232652.373479843139648 1.496145611111112
3.164898016960001 2068905799.427142381668091 1.502261796296297
3.069402929476000 2266310925.716634273529053 1.506767814814816
3.009577294620000 2213429562.649935245513916 1.511283648148149
1.733495054124000 2146458512.050759315490723 1.515760851851853
3.015418455842000 1556786341.210635900497437 1.520906907407408
3.172617280416000 1960185207.981061935424805 1.526382833333334
3.018232011296000 2271716037.655078411102295 1.530925037037038
1.740214027202000 2168986280.768146038055420 1.535456388888890
1.726776081046000 1557390747.054507732391357 1.540605500000001
1.732876215840000 1493125047.268865346908569 1.545208796296297
3.136858716211000 1492679699.876959085464478 1.549814314814816
3.038554658828000 2082201542.512665033340454 1.555356018518519
2.993212562396000 2214124953.331227302551270 1.559869703703705
1.726776081046000 2147654323.533900737762451 1.564359129629630
3.100251200124000 1558964497.616963386535645 1.569499629629630
3.023130523504000 2041770127.086565017700195 1.575003314814816
3.061690861814000 2159120696.663258552551270 1.579513703703705
3.100251200124000 2182601520.544716835021973 1.583993092592594
2.999060571142000 2238302445.722983360290527 1.588470296296297
3.008641493130000 2159236537.004709720611572 1.592968222222223
3.015418455842000 2138338380.315516233444214 1.597401870370371
3.139787404369000 1922167723.278834581375122 1.601897370370371
3.076157243922000 2252116093.373604297637939 1.606440648148149
3.100251200124000 2149057654.213727474212646 1.620828148148149
1.732257377556000 2235135196.752321243286133 1.626790240740742
3.054928285332000 1876263838.927414417266846 1.636411851851853
3.363506900012000 2157115293.291918277740479 1.646332444444445
3.058833777075000 1943308668.143327951431274 1.656816555555557
3.068447576644000 2013065120.868278026580811 1.661621296296297
3.082907829200000 2191146181.526386260986328 1.666052240740742
3.069402929476000 2164697328.212407112121582 1.670488166666668
1.733495054124000 2191512563.023458957672119 1.674932425925927
3.053028242088000 1563465746.556750059127808 1.680103574074075
3.006770238420000 2001589079.927684545516968 1.685604148148149
1.726776081046000 2148198548.217552185058594 1.690078851851853
1.726776081046000 1559066693.988481760025024 1.695230074074075
3.045318574810000 1492303054.209399223327637 1.699830888888890
3.047213819965000 2000092169.136649131774902 1.705312759259260
1.720057107968000 2193227095.024512290954590 1.709751185185186
3.045318574810000 1565103732.030664682388306 1.714918166666668
2.992282252856000 2001664583.606755733489990 1.720421111111112
2.992282252856000 2149125126.968528270721436 1.724906037037038
2.999994320518000 2138351808.254858970642090 1.729342481481483
3.007706388180000 2138582880.048201799392700 1.733768333333334
3.100251200124000 2142491015.306015729904175 1.738190462962964
3.116644008268000 2248164097.132157802581787 1.742631148148149
3.145544249424000 2248344410.319924354553223 1.747056962962964
3.023130523504000 2293232526.233824253082275 1.751551796296297
3.052078750908000 2168624852.710133552551270 1.756078018518520
3.023130523504000 2112988030.874226808547974 1.760739703703705
3.014479905698000 2003922043.210335016250610 1.765229370370372
3.015418455842000 2134495261.391136884689331 1.779462333333335
1.732876215840000 2123857741.608089208602905 1.785374111111112
1.732876215840000 1632926841.609678745269775 1.795109203703705
3.432937088315000 1656196036.565942287445068 1.805864000000001
3.163914591780000 1962666719.536487340927124 1.817773055555557
3.155216335103000 2276885655.329151630401611 1.822287185185187
3.015418455842000 2302837353.557929992675781 1.826711574074075
3.016355958497000 2156642530.428715229034424 1.831250111111112
1.734114353196000 2137570043.080934524536133 1.835681907407409
1.726159641360000 1558038220.874144792556763 1.840822592592594
3.147501869736000 1491767103.453268527984619 1.845426925925927
1.726159641360000 2060985357.593465805053711 1.851004333333335
3.007706388180000 1575981859.426530599594116 1.856220796296298
1.720057107968000 1962909493.947198152542114 1.861692703703705
3.002793484384000 1558921370.851785898208618 1.866844407407409
3.007706388180000 1961424299.217731237411499 1.872298629629631
3.107963267786000 2138477408.696087360382080 1.876737407407409
3.023130523504000 2228122194.799977302551270 1.881254481481483
3.022189572976000 2159205745.513625621795654 1.885768148148149
3.061690861814000 2138225380.600351810455322 1.890199500000001
3.070357216066000 2183023869.829477787017822 1.894681370370372
3.053028242088000 2173461198.643423080444336 1.899120648148150
3.000927027763000 2193453660.737034320831299 1.903554333333335
3.015418455842000 2147974521.452689647674561 1.908046129629631
3.084827064800000 2120271477.001632213592529 1.912470759259260
3.061690861814000 2182626768.424273014068604 1.916950055555557
3.017294159478000 1970368185.240807294845581 1.921401518518520
3.030842591166000 2135029558.921024084091187 1.935703148148149
3.023130523504000 2125778114.985862255096436 1.941597592592594
1.740214027202000 2132709926.507516622543335 1.950447074074075
3.385597703618000 1817773258.631922006607056 1.961106796296298
3.070357216066000 1993553890.161429166793823 1.971309648148149
3.006770238420000 1955268438.210312366485596 1.976263129629631
1.740214027202000 2134830527.404343366622925 1.980739981481483
3.047213819965000 1554213287.428048849105835 1.985903592592594
3.016355958497000 2000083681.500439882278442 1.991395314814816
1.740214027202000 2148604468.282619953155518 1.995883740740742
3.100251200124000 1555618571.259176254272461 2.001037462962964
3.069402929476000 1961830664.653590679168701 2.006507870370371
3.047213819965000 2182662247.612761974334717 2.010997407407408
1.739592790320000 2192862962.715711593627930 2.015435777777779
3.014479905698000 1562528427.662136554718018 2.020602888888890
3.102179672916000 1962267623.998780727386475 2.026070759259260
3.069402929476000 2227824973.424231529235840 2.030582666666668
3.079029078342000 2203544423.697585105895996 2.035075388888890
3.023130523504000 2193046974.259592533111572 2.039509259259261
3.153253916702000 2148202835.332606315612793 2.043941425925927
3.038554658828000 2272870575.261900424957275 2.048475592592594
3.006770238420000 2169693036.928164482116699 2.053011425925927
3.013542403043000 2138644453.276990890502930 2.057437629629631
3.032727889194000 2138100568.902508020401001 2.061861351851853
3.039499354598000 2138512749.717815160751343 2.066274666666668
3.115675335448000 2138268292.682926654815674 2.070708740740742
3.031784889231000 2160879178.110382080078125 2.075388111111112
3.022189572976000 2014907248.782601833343506 2.079917351851853
3.007706388180000 2109431815.582335948944092 2.094165203703705
3.038554658828000 1847103651.523864269256592 2.101121203703705
3.047213819965000 2196276227.376585960388184 2.110976611111112
1.921626300308000 2135690480.273366689682007 2.119831907407409
1.719443066880000 1498387828.447309494018555 2.133012611111112
3.030842591166000 1307517562.137222766876221 2.138985055555557
3.078071681433000 1952638483.609059095382690 2.144445388888890
3.053978794152000 2177273297.446787357330322 2.148945166666667
3.068447576644000 2179341958.316291809082031 2.153382462962964
3.053028242088000 2190141049.503793239593506 2.157819833333334
3.015418455842000 2193074703.433269977569580 2.162245481481482
3.015418455842000 2147585538.769904613494873 2.166735648148149
3.054928285332000 2137865325.096796035766602 2.171169370370371
1.727392979734000 2182772438.870542526245117 2.175661203703704
3.077114997138000 1555788244.483779191970825 2.180829462962963
3.117613402632000 2001037306.433655977249146 2.186318537037037
3.097358131950000 2237810858.404226303100586 2.190798425925927
3.045318574810000 2248350443.247219562530518 2.195229111111112
3.051128906100000 2203645126.166181564331055 2.199719074074075
3.021249672616000 2192794881.665718078613281 2.204144703703705
3.097358131950000 2149056532.383708000183105 2.208637703703705
3.069402929476000 2217447330.506393432617188 2.213162074074075
3.008641493130000 2203636320.855967998504639 2.217648222222223
3.016355958497000 2148731862.268638134002686 2.222125537037038
3.008641493130000 2138503611.178371191024780 2.226561351851852
3.006770238420000 2138193073.288428544998169 2.230982240740741
3.015418455842000 2138261192.624853849411011 2.235408518518519
3.007706388180000 1922326449.117637157440186 2.239832666666667
3.069402929476000 2135101637.062780857086182 2.254150314814815
3.023130523504000 2176466007.128963470458984 2.260119703703704
3.015418455842000 2092082002.916343450546265 2.269022277777778
3.402079226847000 1728392253.390302658081055 2.279788277777778
3.084827064800000 1914795479.020834445953369 2.290518500000000
3.028956942189000 2178112583.789744853973389 2.295018851851852
3.061690861814000 2148047756.856172084808350 2.299504537037037
3.108929542901000 2165285404.937202453613281 2.303994259259260
3.031784889231000 2192931259.717469215393066 2.308436907407408
3.059786020481000 2148821978.167055606842041 2.312925537037037
3.022189572976000 2183389274.114233970642090 2.317406907407408
3.017294159478000 2147184671.746413707733154 2.321900666666667
3.023130523504000 2137729450.922107458114624 2.326323907407408
3.078071681433000 2138215395.406512260437012 2.330759333333334
3.101215077534000 2182896072.970567703247070 2.335254296296297
3.006770238420000 2163523795.225942134857178 2.339694962962963
3.013542403043000 2147037825.527280092239380 2.344183407407408
3.022189572976000 2138547741.275244951248169 2.348616833333334
1.740214027202000 2138482198.578894138336182 2.353050000000001
3.062642750699000 1559088730.569948196411133 2.358196666666667
3.029899240254000 2001534436.181514501571655 2.363687500000001
1.734114353196000 2147956739.773032665252686 2.368166851851853
3.022189572976000 1558773118.562175750732422 2.373310425925927
1.719443066880000 1962721478.769586801528931 2.378783444444445
3.022189572976000 1558696591.428705215454102 2.383926796296297
1.807403757982000 1958264614.173602342605591 2.389384777777779
3.000927027763000 1398783616.393630504608154 2.394557518518520
3.116644008268000 2195236571.150985717773438 2.409958648148149
3.060737909366000 2222935346.747846603393555 2.415944425925927
1.725543201674000 2186512065.112911701202393 2.424845203703704
1.907507152320000 1646608581.441055774688721 2.434616074074075
1.706009917920000 1335447079.343101024627686 2.447080925925927
3.000927027763000 1338743381.473237991333008 2.452513907407408
3.016355958497000 1957186837.524636507034302 2.457982314814815
3.024070423864000 2135915155.171763658523560 2.462402148148149
3.078071681433000 2137521906.823395729064941 2.466833796296297
3.069402929476000 2182846948.812821388244629 2.471333259259260
3.007706388180000 2192703375.862790107727051 2.475760111111112
3.061690861814000 2147547234.253186702728271 2.480249555555556
3.077114997138000 2183572994.863690376281738 2.484749111111112
1.740214027202000 2181144920.925835609436035 2.489215148148149
2.985498097029000 1564571170.706549644470215 2.494385814814815
3.061690861814000 1962202129.896557569503784 2.499846000000001
3.117613402632000 2182002452.997925758361816 2.504345407407408
3.053978794152000 2238334540.510475158691406 2.508840129629630
3.047213819965000 2204043417.788911819458008 2.513327111111112
1.739592790320000 2191027666.760130405426025 2.517752129629630
3.014479905698000 1565281353.718527793884277 2.522913222222223
3.008641493130000 1962283918.015803575515747 2.528383111111112
1.726159641360000 2138781745.250001192092896 2.532801240740741
2.995074220928000 1558520821.933588743209839 2.537945388888889
3.067493290054000 1962605948.207468271255493 2.543407351851852
3.054928285332000 2183585480.614725589752197 2.547901981481482
3.007706388180000 1961991298.984881639480591 2.552345907407408
1.726159641360000 2143501786.873259305953979 2.556854092592593
2.993212562396000 1935164632.652303457260132 2.571818722222223
3.007706388180000 1997733310.338340044021606 2.578905611111112
2.999994320518000 2164409977.378455638885498 2.587894092592593
3.371221365379000 2129993064.975618839263916 2.596754111111112
1.734114353196000 1985126026.642226934432983 2.608311925925927
3.015418455842000 1524564057.585506439208984 2.613463685185186
1.726776081046000 1943973989.939248800277710 2.618923111111112
3.061690861814000 1555878838.263873815536499 2.624068666666667
2.992282252856000 2001652339.845524787902832 2.629571166666667
3.077114997138000 2148732182.575216770172119 2.634058814814815
3.069402929476000 2137846956.739393234252930 2.638497888888889
1.740835726658000 2181272477.257429599761963 2.642982462962963
3.155216335103000 1564294443.728245496749878 2.648153796296297
2.993212562396000 2082295331.335865259170532 2.653697851851852
1.734732730692000 2169279597.039271354675293 2.658216259259260
3.000927027763000 1558578076.510444164276123 2.663360074074074
3.029899240254000 1961382208.132434844970703 2.668810129629630
2.998127863897000 2138365171.332015991210938 2.673243259259260
3.077114997138000 2138528143.702564477920532 2.677674222222223
3.024070423864000 2183008388.058963298797607 2.682169148148148
3.023130523504000 2148670544.615638256072998 2.686664333333334
3.000927027763000 2138502733.707898378372192 2.691077685185185
1.738971553438000 2138368702.328382253646851 2.695506129629630
3.053978794152000 1557965301.728793382644653 2.700649944444444
1.727392979734000 2001902620.484975099563599 2.706140870370370
1.740835726658000 1565516931.300335407257080 2.711309907407407
3.102179672916000 1491233991.994780063629150 2.717014518518518
3.015418455842000 2261467089.834251403808594 2.732436129629629
3.006770238420000 2127654323.505148887634277 2.738429851851851
2.998127863897000 2134095891.869546890258789 2.747299796296296
3.377885635956000 2165489471.252227783203125 2.756276981481481
2.999994320518000 2120909473.972910165786743 2.765189703703703
3.006770238420000 2076972771.998347520828247 2.769627537037036
3.100251200124000 2135688748.026958703994751 2.774062314814814
3.008641493130000 2118226644.536560535430908 2.778502944444443
3.017294159478000 2136786248.842389822006226 2.782942166666665
1.732257377556000 2127068308.247440099716187 2.787376314814813
3.023130523504000 1556638209.509551286697388 2.792522018518517
3.016355958497000 1962148969.127952575683594 2.797997425925924
2.992282252856000 2138278209.897418498992920 2.802432925925924
3.000927027763000 2138196554.827636480331421 2.806856722222220
3.000927027763000 2138236116.216125726699829 2.811290351851850
3.007706388180000 2138321008.087267160415649 2.815721185185183
1.726776081046000 2137637836.957746982574463 2.820156981481480
2.991350903864000 1558798366.888447046279907 2.825300537037035
3.070357216066000 1962634855.405933380126953 2.830753222222220
1.718829025792000 2171499244.087611675262451 2.835248648148146
3.155216335103000 1564243231.145503997802734 2.840420074074072
3.105063002925000 2082246444.770032405853271 2.845968759259257
3.052078750908000 2258322059.411820411682129 2.850459074074072
3.000927027763000 2203630451.708583354949951 2.854954351851850
3.092539132462000 2148576893.010328292846680 2.859431592592590
3.107963267786000 2227181875.253886699676514 2.863944759259257
3.064547592032000 2247275686.681972980499268 2.868364833333331
1.726159641360000 2081894375.490772724151611 2.872869259259257
3.046266726490000 1936310453.927670955657959 2.887911629629627
3.067493290054000 2077181521.563952922821045 2.894001611111109
1.739592790320000 2206838920.163766860961914 2.903843981481479
3.430801938710000 1821801991.314765691757202 2.913443074074071
2.999060571142000 1744498059.508409023284912 2.923749740740738
3.000927027763000 2085553365.494109630584717 2.928221870370368
3.060737909366000 2098057157.898694992065430 2.932654037037034
3.061690861814000 2182374149.266552448272705 2.937138185185182
3.016355958497000 2181228372.054153442382812 2.941570037037034
3.069402929476000 2142677373.104812145233154 2.946064851851849
2.999060571142000 2137665575.251213550567627 2.950493351851849
3.101215077534000 2138334802.865588188171387 2.954929129629627
3.000927027763000 2227572806.195432186126709 2.959434240740738
3.016355958497000 2147528533.881151676177979 2.964951074074071
3.015418455842000 2138367614.568933248519897 2.969385166666664
3.005835133470000 2138349845.551592350006104 2.973803518518516
1.726776081046000 2138236578.472036361694336 2.978232555555553
3.023130523504000 1558640075.467350244522095 2.983375814814812
3.108929542901000 1910901191.523932218551636 2.988846555555553
3.045318574810000 2213655503.097654819488525 2.993369092592590
1.727392979734000 2203049457.416956901550293 2.997843574074071
2.999060571142000 1565382933.340968132019043 3.003018055555553
3.015418455842000 1961751519.408728361129761 3.008475222222220
3.007706388180000 2136656882.328850507736206 3.012906592592590
3.007706388180000 2138562375.773603439331055 3.017332129629627
1.713338134890000 2138485874.331270456314087 3.021745555555553
1.872585862236000 1558701961.814993858337402 3.026889129629627
3.116644008268000 1491087628.741648197174072 3.031495685185182
3.055878483768000 1684512152.446243762969971 3.047011537037034
3.023130523504000 2180590283.375705718994141 3.052984499999997
3.124358473635000 2147497574.493258953094482 3.061905888888886
3.364553078088000 2209390847.423264980316162 3.070857425925924
3.054928285332000 2121777642.351162195205688 3.079821629629627
3.068447576644000 2061719622.090031385421753 3.084320055555553
3.017294159478000 2191779776.859055042266846 3.088750074074072
3.053028242088000 2139717751.892210960388184 3.093234833333331
3.118582436224000 2182581068.532161235809326 3.097721777777775
1.734114353196000 2238173036.417850971221924 3.102205740740739
3.147501869736000 1571401888.165781736373901 3.107395962962961
1.725543201674000 2076951046.471566200256348 3.112932203703702
3.007706388180000 1578002452.226016998291016 3.118142888888887
3.047213819965000 1962686615.562037944793701 3.123602518518516
3.014479905698000 2182139955.504284858703613 3.128097333333331
3.125330267490000 2148726604.597511768341064 3.132592518518516
3.071312213484000 2216630411.857152938842773 3.137105499999998
3.068447576644000 2203691542.945303916931152 3.141594629629628
3.039499354598000 2193290030.135819911956787 3.146031333333331
1.746309364800000 2148829408.485599517822266 3.150516055555554
1.727392979734000 1558923090.770316362380981 3.155659685185183
3.059786020481000 1491973521.446421146392822 3.160261592592591
3.007706388180000 2002493443.389718770980835 3.165764944444442
3.015418455842000 2148880420.661923885345459 3.170255222222220
1.720057107968000 2138232911.900797367095947 3.174681629629628
3.023130523504000 1551591019.539618492126465 3.179833555555553
2.984570185194000 1867280374.462570667266846 3.185320925925924
3.006770238420000 2131432084.854826211929321 3.199586685185183
3.000927027763000 2124369523.797585964202881 3.205496092592591
3.007706388180000 1856317497.994291305541992 3.216090851851850
3.448366019049000 2133019800.221882581710815 3.224954388888887
3.024070423864000 2162126213.111711502075195 3.233934203703702
3.108929542901000 2120625782.990622520446777 3.238430851851850
1.732876215840000 2225832471.893466949462891 3.242930925925924
3.010512747840000 1565358208.741888523101807 3.248113296296294
3.054928285332000 1963232249.664320468902588 3.253574851851850
3.015418455842000 2182832107.089655399322510 3.258062611111109
3.024070423864000 2146002504.551857948303223 3.262558129629628
3.016355958497000 2138290012.442031383514404 3.266978629629628
2.999060571142000 2138204473.565295934677124 3.271404629629628
1.720671606272000 2138189273.813266038894653 3.275822685185183
1.726776081046000 1551324539.282250165939331 3.280977685185183
3.017294159478000 1492593478.330864906311035 3.285578870370368
3.029899240254000 1963066046.738269805908203 3.291051425925924
3.015418455842000 2138390110.303648710250854 3.295480277777776
1.726776081046000 2138256994.247643709182739 3.299916462962961
3.053978794152000 1552779353.187328338623047 3.305067648148146
2.992282252856000 2001958167.531864404678345 3.310568425925924
3.014479905698000 2148858443.797378540039062 3.315058462962961
2.999060571142000 2138450267.156453609466553 3.319494759259257
1.733495054124000 2125570727.528300046920776 3.323947685185183
3.061690861814000 1559276291.821762084960938 3.329091870370368
1.740835726658000 2001770191.889165163040161 3.334580185185183
3.124358473635000 1563963233.820877552032471 3.339756037037035
3.023130523504000 2176811077.728171825408936 3.355128222222220
3.024070423864000 2147365045.646821737289429 3.361160851851849
3.029899240254000 2132589780.331730365753174 3.370013425925924
3.362461500632000 2093261914.869146108627319 3.378869074074072
2.999994320518000 1716283534.190162658691406 3.389688462962960
3.107963267786000 2010092474.656122446060181 3.394090870370368
3.023130523504000 2120091044.607849359512329 3.398525814814812
3.015418455842000 2125470460.614152431488037 3.402964333333331
1.725543201674000 2138015075.418877840042114 3.407396370370368
1.720671606272000 1558124299.680830717086792 3.412542833333331
3.107963267786000 1478234511.691829204559326 3.417151148148146
3.107963267786000 2040846986.869594335556030 3.422655759259257
3.007706388180000 2248294380.701922416687012 3.427099111111109
3.007706388180000 2158781216.920362472534180 3.431612629629627
3.015418455842000 2137286121.350834369659424 3.436038425925924
1.726159641360000 2138572969.032776832580566 3.440458870370368
3.062642750699000 1558694530.313771724700928 3.445604740740738
3.022189572976000 2002183766.753956556320190 3.451106481481479
3.015418455842000 2148229317.383697032928467 3.455583537037035
3.023130523504000 2137925318.034845829010010 3.459947722222220
3.030842591166000 2138752999.586264133453369 3.464378888888887
3.024070423864000 2138539441.223247766494751 3.468815166666665
1.734114353196000 2138148942.408376932144165 3.473236462962961
1.726776081046000 1558578588.290414810180664 3.478374703703702
3.123387403110000 1492765931.392294883728027 3.482971962962961
3.006770238420000 2041206116.847470760345459 3.488497685185183
3.315156929540000 2159393542.245401382446289 3.493010777777775
3.007706388180000 2178919889.912490367889404 3.497505518518516
3.016355958497000 2174367869.489361763000488 3.511824203703701
3.052078750908000 2126898379.721108913421631 3.517728537037035
1.727392979734000 2187718761.998252391815186 3.526651518518516
3.379986807804000 1879207045.104123115539551 3.536331999999998
3.107963267786000 2093949112.485543489456177 3.546275499999997
3.007706388180000 2226778143.159601688385010 3.550797518518516
3.025011024336000 2042393244.754729032516479 3.555317462962960
3.017294159478000 2134403138.580193996429443 3.559745037037035
3.000927027763000 2128476421.494745731353760 3.564180574074072
3.007706388180000 2135212446.873611688613892 3.568598759259257
3.023130523504000 2138174438.312474489212036 3.573034796296294
1.806758535120000 2137398371.937947273254395 3.577450407407405
1.726776081046000 1557353028.798411130905151 3.582597296296294
2.998127863897000 1492651806.457587718963623 3.587196537037035
2.999994320518000 1961034814.486346483230591 3.592667333333332
3.008641493130000 2137120078.088670730590820 3.597087759259257
1.724926761988000 2138462806.950161695480347 3.601523574074072
1.720057107968000 1557563902.470614910125732 3.606670740740739
3.008641493130000 1483122092.601985216140747 3.611271074074072
3.053978794152000 1950807519.164567232131958 3.616725777777776
1.735351799370000 2183223268.624960899353027 3.621216962962961
1.726159641360000 1565101444.395087957382202 3.626386370370368
3.023130523504000 1492796229.087368249893188 3.630988851851850
3.007706388180000 1962183164.413461685180664 3.636461166666665
3.053978794152000 2138699301.224735260009766 3.640897499999998
2.999060571142000 2183314673.627514362335205 3.645374037037035
3.162930800470000 2148916437.896724224090576 3.649846425925924
3.015418455842000 2152320938.907998561859131 3.654433314814813
2.999060571142000 2252541576.924266338348389 3.668809166666665
3.006770238420000 2124935823.661673307418823 3.674714481481480
3.030842591166000 2135040841.224169731140137 3.683564018518517
3.558580453216000 2197539698.013919353485107 3.692586999999998
3.162930800470000 2222704586.728183269500732 3.701642111111109
3.029899240254000 2233857139.305955886840820 3.706111888888887
3.054928285332000 2165506389.482588768005371 3.710643351851850
3.077114997138000 2175888226.238479614257812 3.715130259259257
3.001860429762000 2179318516.481456279754639 3.719574648148146
1.713338134890000 2145910040.598079204559326 3.724063092592591
1.720671606272000 1554837216.327998638153076 3.729212166666665
1.726776081046000 1491516364.236624240875244 3.733811740740739
1.720057107968000 1491325884.378922939300537 3.738414259259258
2.999994320518000 1492505389.308191299438477 3.743022148148146
1.728008960418000 1959720764.175868749618530 3.748489185185183
3.109896537774000 1559112497.349896192550659 3.753642722222220
3.068447576644000 2038411984.390361785888672 3.759161629629628
3.061690861814000 2193341221.202191352844238 3.763603518518517
3.015418455842000 2192611059.444514274597168 3.768024074074072
3.106029637919000 2148785300.668151378631592 3.772514074074072
1.720671606272000 2228226377.152987957000732 3.777026537037036
1.732876215840000 1571914073.788652420043945 3.782217037037035
3.008641493130000 1492695843.101929903030396 3.786822055555554
3.022189572976000 1961895827.881860733032227 3.792271370370369
3.007706388180000 2138628876.442506551742554 3.796705203703702
3.028014293175000 2138372362.719477653503418 3.801141240740739
3.046266726490000 2135841631.448648452758789 3.805584462962961
3.006770238420000 2188015487.034651756286621 3.819904685185183
3.007706388180000 2123982624.673708438873291 3.825870999999998
3.021249672616000 2133525033.880439758300781 3.834725666666665
3.510081741985000 2165090353.548387050628662 3.843695574074072
3.030842591166000 2199321267.659097194671631 3.852672166666665
3.016355958497000 2097321340.802462577819824 3.857148203703701
3.016355958497000 2074047827.846453428268433 3.861586962962961
3.032727889194000 2135111179.124251604080200 3.866003925925924
3.116644008268000 2129832818.113459587097168 3.870436888888887
3.015418455842000 2226255129.187897205352783 3.874954425925924
3.016355958497000 2158624796.084828853607178 3.879449759259257
3.006770238420000 2136982669.456066846847534 3.883875685185183
3.022189572976000 2135848810.722928047180176 3.888306481481480
3.022189572976000 2136992539.693195819854736 3.892719962962961
3.061690861814000 2138210909.758529901504517 3.897158055555554
3.076157243922000 2182200168.097694396972656 3.901652796296294
1.726159641360000 2191776789.662047863006592 3.906092388888887
1.719443066880000 1564945672.431987762451172 3.911269148148146
1.726776081046000 1492456621.445469141006470 3.915872037037035
2.992282252856000 1492203758.010209560394287 3.920475537037035
3.008641493130000 1963300742.335462570190430 3.925946259259257
1.727392979734000 2138183153.217607259750366 3.930372425925924
3.070357216066000 1558967971.991701364517212 3.935513759259257
3.060737909366000 1999981351.416807889938354 3.941019092592590
3.007706388180000 2176311756.141719341278076 3.945458222222220
3.115675335448000 2148584087.487384796142578 3.949935481481480
3.023130523504000 2227904744.337047100067139 3.954453148148146
1.732876215840000 2046208174.659457445144653 3.958970722222220
3.029899240254000 1910785604.458639860153198 3.975338444444442
3.023130523504000 2074768933.044829845428467 3.981414925925924
3.063595348626000 2096911319.783451795578003 3.991092018518517
3.372269942946000 1748399973.247542381286621 4.001890611111109
3.025951274752000 2155360979.630964756011963 4.010853925925923
3.023130523504000 2137277126.056812047958374 4.015285055555553
1.733495054124000 2069344933.861993074417114 4.019731425925924
3.030842591166000 1550138609.369993448257446 4.024875111111109
3.016355958497000 1961698081.266018867492676 4.030344574074072
3.023130523504000 2138109467.641838312149048 4.034757851851850
3.116644008268000 2137085543.359907865524292 4.039196796296295
3.069402929476000 2226363715.366736412048340 4.043714370370370
3.077114997138000 2201569405.566297054290771 4.048206351851851
3.079029078342000 2193507867.151142120361328 4.052635222222222
3.077114997138000 2191822499.937346935272217 4.057068814814814
3.076157243922000 2183341134.584023475646973 4.061531537037037
3.023130523504000 2181415677.812235355377197 4.065968333333333
1.753651973358000 2148472092.840965270996094 4.070457092592592
3.009577294620000 1558874777.448071241378784 4.075605703703704
3.025951274752000 1962796310.723019838333130 4.081073000000000
3.014479905698000 2138607197.271698951721191 4.085509351851852
3.029899240254000 2138297518.314023971557617 4.089943314814815
3.007706388180000 2138467300.265810728073120 4.094374203703704
3.116644008268000 2138277735.338685035705566 4.098810481481482
3.024070423864000 2227685511.451324462890625 4.103310203703704
3.007706388180000 2159527960.749904155731201 4.107805592592593
3.031784889231000 2137553635.011116504669189 4.112236777777778
3.061690861814000 2138270776.169892787933350 4.116670944444444
1.734114353196000 2067963429.841348409652710 4.121170666666667
3.069402929476000 1969385352.180789709091187 4.136181370370370
3.008641493130000 2124975730.716156959533691 4.142394833333333
3.123387403110000 2136142431.543027400970459 4.152141425925926
1.914907327230000 2209728439.363364219665527 4.161079611111111
3.010512747840000 1628768363.977485895156860 4.170949981481481
3.017294159478000 1875306880.845542669296265 4.176430574074073
3.061690861814000 2131814363.838866472244263 4.180869962962962
1.806758535120000 2181482457.874190807342529 4.185367074074073
3.008641493130000 1562504398.953296899795532 4.190526129629629
3.108929542901000 1959807106.910728454589844 4.195953814814814
1.725543201674000 2217896962.125196933746338 4.200459888888888
3.068447576644000 1569902908.044088602066040 4.205644740740740
2.999994320518000 2001777636.131851911544800 4.211135740740740
3.014479905698000 2148577920.498625278472900 4.215628092592592
3.010512747840000 2136618794.430163383483887 4.220051388888888
3.000927027763000 2138151635.170306444168091 4.224469888888888
3.015418455842000 2138678613.049961805343628 4.228903277777777
3.064547592032000 2137999421.638272523880005 4.233321888888888
3.008641493130000 2182992851.842690944671631 4.237814111111110
1.727392979734000 2148757961.388043880462646 4.242288833333332
3.000927027763000 1558769783.317422866821289 4.247429481481481
3.160963583980000 1953624438.253655195236206 4.252893592592592
1.740835726658000 2272293737.420020103454590 4.257420185185185
1.734114353196000 1578195288.038127899169922 4.262630722222222
3.061690861814000 1492709955.455763578414917 4.267232888888889
3.076157243922000 2001234993.678887605667114 4.272725944444444
3.000927027763000 2072621267.561661005020142 4.277174555555555
3.170645265837000 2173256125.997664451599121 4.291525203703703
3.029899240254000 2284318237.250554561614990 4.297538537037036
3.100251200124000 2130935912.593425273895264 4.306497944444444
3.000927027763000 2234905416.520771980285645 4.315435962962963
3.008641493130000 2014594513.860593318939209 4.329843314814815
3.078071681433000 2135557058.093003749847412 4.334272037037037
3.024070423864000 2179970056.366431236267090 4.338753296296296
3.100251200124000 2137040959.247700691223145 4.343227481481482
1.740835726658000 2195754481.683554172515869 4.347741740740741
1.726776081046000 1565294593.293759107589722 4.352935907407407
1.732876215840000 1487215938.158593177795410 4.357540277777778
3.016355958497000 1491068403.908794641494751 4.362139592592593
3.161947741420000 1962705119.108645677566528 4.367594462962963
3.015418455842000 2270172000.196225643157959 4.372124388888889
3.007706388180000 2169865153.685138225555420 4.376662888888889
2.999994320518000 2138194310.185069322586060 4.381099666666667
3.062642750699000 2138416960.776533603668213 4.385533425925926
3.092539132462000 2183248448.689317703247070 4.390027833333334
3.007706388180000 2148954949.907724857330322 4.394523240740742
3.010512747840000 2138096902.363400459289551 4.398937000000001
2.985498097029000 2138548346.448807954788208 4.403375259259260
3.013542403043000 2138698998.002719163894653 4.407788666666668
3.109896537774000 2139608981.251796483993530 4.413006944444446
3.060737909366000 2228203333.237621307373047 4.417521518518519
3.093500612167000 2193372729.957182884216309 4.422036851851852
3.155216335103000 2144738368.849715471267700 4.426518351851852
1.739592790320000 2047599622.554024219512939 4.431071370370371
3.016355958497000 1971744537.476190567016602 4.446131055555556
1.732876215840000 1981277560.060451269149780 4.453238092592593
3.046266726490000 1818623625.390846490859985 4.462814888888889
3.378935830746000 2088154639.405703067779541 4.472756296296297
3.169659809082000 1697616416.048725843429565 4.483787055555556
3.113736907492000 2191506543.048521518707275 4.488321129629631
3.169659809082000 2243776160.347980976104736 4.492816907407408
3.161947741420000 2281004024.492617607116699 4.497317129629630
3.031784889231000 2300696320.744102001190186 4.501760962962964
3.008641493130000 2166820177.552003860473633 4.506295888888889
3.006770238420000 2136760434.667994499206543 4.510721574074075
3.231356350378000 2138146065.020875215530396 4.515152629629630
3.070357216066000 2136040156.499641418457031 4.519568685185186
1.732876215840000 2178799169.385938644409180 4.524063351851852
3.029899240254000 1564747089.438820838928223 4.529229722222222
1.726159641360000 1963220149.898227691650391 4.534697629629630
3.054928285332000 1559272091.624931097030640 4.539840981481482
3.023130523504000 2001527819.002332210540771 4.545343814814815
3.107963267786000 2149032065.203927516937256 4.549828888888888
3.107843041410000 2227812314.838370800018311 4.554341962962963
3.069402929476000 2248552596.354720592498779 4.558783018518518
3.025951274752000 2201416003.430956363677979 4.563273722222222
1.727392979734000 2148877215.189873218536377 4.567750388888888
3.023130523504000 1558370586.518821001052856 4.572890888888889
1.727392979734000 1962700104.790875911712646 4.578351500000000
3.023130523504000 1558996248.640942335128784 4.583495314814815
3.100251200124000 1957606178.181854963302612 4.588960185185186
3.070357216066000 2162124907.403457164764404 4.603284574074075
1.739592790320000 2176429454.272993564605713 4.609265722222223
3.023130523504000 1822244243.509537935256958 4.618903796296297
3.556368534186999 1919391692.956720113754272 4.628964870370371
3.083866911200000 2237461534.826090335845947 4.637977111111112
3.005835133470000 2141565879.140254020690918 4.642493518518519
3.013542403043000 2142571103.761884927749634 4.646973148148148
1.719443066880000 2130064401.701019763946533 4.651410574074074
1.713950232810000 1550342678.141779899597168 4.656559666666666
3.007706388180000 1491967111.454286575317383 4.661164444444444
3.107963267786000 1960394057.476863145828247 4.666639111111111
3.014479905698000 2227603867.863042354583740 4.671156870370369
3.148480862064000 2158038723.224502086639404 4.675672296296296
3.147501869736000 2258855161.950749874114990 4.680212999999999
3.008641493130000 2300739793.994149684906006 4.684632148148148
1.718829025792000 2168613851.401210308074951 4.689149407407407
2.991350903864000 1558714614.362707376480103 4.694293129629629
1.725543201674000 1962141558.437158107757568 4.699758481481481
3.023130523504000 1557887239.139348745346069 4.704907037037036
2.993212562396000 1963085428.979009389877319 4.710359259259258
3.069402929476000 2138467707.780789613723755 4.714793018518518
3.108929542901000 2183060779.447774410247803 4.719285277777777
3.000927027763000 2238274975.973733901977539 4.723774962962962
1.733495054124000 2158036383.800213813781738 4.728283481481481
2.999060571142000 1559262408.132871389389038 4.733431314814814
1.719443066880000 1963136631.638123273849487 4.738899518518517
3.007706388180000 1554019245.775602579116821 4.744049277777776
3.015418455842000 1652784495.751898288726807 4.759788333333332
3.123387403110000 2065532403.151365280151367 4.765690537037035
3.053978794152000 1769547415.983315467834473 4.776514555555554
3.429734959985000 2253505485.806172370910645 4.785497333333332
3.016355958497000 2174731316.988140583038330 4.794421314814813
3.014479905698000 2148032684.960199356079102 4.798894999999998
3.060737909366000 2068667734.267484188079834 4.803335555555553
3.000927027763000 2170455393.095253944396973 4.807824148148145
3.016355958497000 2123772677.792419433593750 4.812349296296293
3.069402929476000 2131946657.756802320480347 4.816783277777775
3.053978794152000 2180835345.040811061859131 4.821275499999997
3.031784889231000 2193333080.200114250183105 4.825713703703701
1.726159641360000 2147325054.405169963836670 4.830206740740738
2.999994320518000 1557709887.072744131088257 4.835352629629626
3.021249672616000 1961158268.337865829467773 4.840820722222219
3.008641493130000 2122127399.541692018508911 4.845257333333330
3.015418455842000 2138526465.396886587142944 4.849674351851848
3.060737909366000 2138341375.967372417449951 4.854105981481478
2.999994320518000 2183019195.153470516204834 4.858605574074071
2.999060571142000 2148885800.354887962341309 4.863093166666664
1.732876215840000 2138430446.676550865173340 4.867527148148145
1.720057107968000 1558094700.851013183593750 4.872677870370367
2.999994320518000 1492771377.474128246307373 4.877285740740738
3.015418455842000 1963188297.211731195449829 4.882743129629627
1.725543201674000 2138480431.815051078796387 4.887179185185182
3.008641493130000 1558343092.353596687316895 4.892330481481479
3.015418455842000 1962505041.541488885879517 4.897798018518516
3.062642750699000 2138386299.048962116241455 4.902235666666664
3.061690861814000 2188609078.708169460296631 4.916558148148146
1.740214027202000 2182257919.273593902587891 4.922480759259257
3.016355958497000 1876691512.681593656539917 4.932136777777775
3.493566650886000 1938857926.628946781158447 4.942283074074072
3.008641493130000 2198333256.501230716705322 4.951281370370368
3.016355958497000 2088563077.640628337860107 4.955807685185182
3.023130523504000 2126354775.177754640579224 4.960245759259257
3.115675335448000 2131029080.252479553222656 4.964681759259257
1.726159641360000 2209435404.221753120422363 4.969189277777775
3.008641493130000 1559783349.618566989898682 4.975386666666664
3.007706388180000 1960178368.082856655120850 4.980850814814812
3.053978794152000 2137181319.968540430068970 4.985277407407405
3.123387403110000 2183126909.281093120574951 4.989774203703701
3.107963267786000 2236581692.661723136901855 4.994264611111108
3.007706388180000 2237084479.043116569519043 4.998698759259256
1.732876215840000 2158754045.506565093994141 5.003213370370367
3.061690861814000 1558048987.963512659072876 5.008359759259256
3.060737909366000 2001438139.402925491333008 5.013842666666664
3.162930800470000 2193504220.298320770263672 5.018281092592590
3.063595348626000 2282929744.147397041320801 5.022793962962960
3.012604551224999 2213890677.014109611511230 5.027294388888886
3.008641493130000 2149123203.726338863372803 5.031778981481478
3.006770238420000 2137627997.894895076751709 5.036212648148145
3.062642750699000 2138786183.410362720489502 5.040628166666663
3.007706388180000 2183278924.631897926330566 5.045120685185182
3.360369533828000 2138014325.500794172286987 5.049608925925923
3.009577294620000 2023713321.568739414215088 5.054152796296293
3.123387403110000 1647522392.325858354568481 5.070220222222219
3.023130523504000 2235499026.814273834228516 5.076223796296294
1.726776081046000 2196246191.930438041687012 5.085155851851849
3.060737909366000 1819908453.944697380065918 5.094734111111109
3.369124600486000 1751424040.499260425567627 5.105027851851849
3.009577294620000 2081367048.382714986801147 5.109526703703701
3.068447576644000 2121872116.497874736785889 5.113957240740739
3.062642750699000 2176364596.068065166473389 5.118440944444442
3.151292228775000 2182051032.067053318023682 5.122881870370368
3.000927027763000 2280757526.651750564575195 5.127384388888887
3.022189572976000 2169134778.064474105834961 5.131920240740738
3.068447576644000 2135946666.221940517425537 5.136361870370368
3.053978794152000 2180804522.492974758148193 5.140856277777775
3.024070423864000 2193175542.093831062316895 5.145298074074072
3.116644008268000 2147622310.343122005462646 5.149790592592590
3.016355958497000 2228040883.074407577514648 5.154297574074072
1.733495054124000 2157452501.857561111450195 5.158808666666664
3.106995913034000 1554974688.416092634201050 5.163957092592590
3.010512747840000 2008311877.876881599426270 5.169577407407404
1.739592790320000 2125896292.455276250839233 5.174077240740737
3.006770238420000 1558183399.414452791213989 5.179219629629626
3.069402929476000 1959985625.718968391418457 5.184676907407404
3.024070423864000 2183335656.876364231109619 5.189156018518515
2.999994320518000 2149092474.521399021148682 5.193640537037034
3.078071681433000 2138372682.991982221603394 5.198077333333330
3.054928285332000 2138319797.399797201156616 5.202508611111108
3.394364761480000 2183173971.198919773101807 5.207008185185182
3.161947741420000 2069320096.026748895645142 5.211505388888885
3.070357216066000 1688113872.604505062103271 5.227571425925922
3.008641493130000 2179208348.678652286529541 5.233555074074070
1.726776081046000 2124146181.623368263244629 5.242473203703700
3.423092271432000 1488185886.944243669509888 5.252362129629626
2.984570185194000 2146286988.085198163986206 5.262331055555552
2.993212562396000 2134901069.717188835144043 5.266821685185182
3.053978794152000 2067458153.018429517745972 5.271254944444441
2.997194809275000 2169065240.491940021514893 5.275751129629626
3.115675335448000 2144338798.714673995971680 5.280246314814811
3.062642750699000 2226579547.971615314483643 5.284760944444440
3.155216335103000 2201928924.208102703094482 5.289249111111107
3.015418455842000 2282590393.357397079467773 5.293758722222218
3.038779862712000 2167775629.479875087738037 5.298292888888884
3.047213819965000 2182995974.371124267578125 5.302787240740736
3.000927027763000 2181862209.457653999328613 5.307223388888884
1.726776081046000 2135717145.624798059463501 5.311696833333329
3.107963267786000 1558034894.021563053131104 5.316839388888885
2.999994320518000 2041409904.548609256744385 5.322362851851848
2.993212562396000 2158937638.046129226684570 5.326873555555552
1.732257377556000 2138121328.513330221176147 5.331299555555551
2.992282252856000 1558450475.621259927749634 5.336442925925922
3.007706388180000 1963132909.457724332809448 5.341895259259255
3.007706388180000 2138518254.756756305694580 5.346331444444441
2.999994320518000 2138377607.908019065856934 5.350752648148144
2.999060571142000 2138502561.907519578933716 5.355165592592589
3.061690861814000 2138433182.493696689605713 5.359601666666663
3.122415247590000 2182642376.547660827636719 5.364096203703700
3.017294159478000 2237478406.137854099273682 5.368585648148144
1.741456500966000 2031543713.326198577880859 5.373101814814811
3.029899240254000 1931783572.188969373703003 5.388079351851848
1.734114353196000 1999112854.771024703979492 5.395162037037034
3.016355958497000 1818671519.086767673492432 5.404710537037034
3.370173568294000 2106896532.960052967071533 5.414579666666664
3.015418455842000 2119651782.882326126098633 5.423454185185182
3.008641493130000 2054903056.353471517562866 5.427896055555553
3.106995913034000 2119606654.683777093887329 5.432326240740738
3.007706388180000 2221261898.405056953430176 5.436834703703701
3.063595348626000 2157416037.028078556060791 5.441351796296294
3.008641493130000 2181721833.785860538482666 5.445846444444442
3.008641493130000 2148107786.507900238037109 5.450331648148145
3.000927027763000 2136509536.750616788864136 5.454767703703701
3.032727889194000 2138311066.107091903686523 5.459193462962960
3.108929542901000 2137371484.417417764663696 5.463627425925924
2.998127863897000 2225579355.306346893310547 5.468123962962960
3.014479905698000 2159393527.314208984375000 5.472636944444441
1.726776081046000 2138450620.484345674514771 5.477065981481479
3.061690861814000 1558625324.338349819183350 5.482204648148145
2.994143564904000 2002090807.269155740737915 5.487710407407405
3.005835133470000 2147593800.009899139404297 5.492200259259256
3.007706388180000 2138313106.928133010864258 5.496626388888886
3.061690861814000 2138544874.852509260177612 5.501052277777775
3.024070423864000 2183186644.407345294952393 5.505544777777774
1.732876215840000 2148900295.734737873077393 5.510034537037034
3.059786020481000 1558742805.735979557037354 5.515180740740737
3.005835133470000 2000260006.324387311935425 5.520685592592589
3.011666350244000 2001479291.679933547973633 5.525222148148144
1.740835726658000 2110816281.361552715301514 5.540199055555552
3.099286245756000 1479638888.636094808578491 5.546303666666662
3.024070423864000 2143129500.206905841827393 5.554358851851847
1.732876215840000 2165549776.506866455078125 5.563282814814810
3.456080484416000 1850801282.913057565689087 5.572925222222218
3.060737909366000 2137244113.073280096054077 5.580284592592588
3.008641493130000 2118855469.629852056503296 5.584724259259255
3.023130523504000 2142888525.443259239196777 5.589208092592588
3.133047132348000 2127509230.042670965194702 5.593639074074069
3.015418455842000 2215965729.715045452117920 5.598138166666661
3.123387403110000 2158318314.456698894500732 5.602631277777773
3.005835133470000 2225400418.341399192810059 5.607146462962958
3.007706388180000 2158841991.466552734375000 5.611651611111106
3.016355958497000 2122053663.734564781188965 5.616083185185180
3.007706388180000 2137756069.974362611770630 5.620503851851846
3.121444177065000 2137372450.391086816787720 5.624921740740735
3.115675335448000 2226443958.195375919342041 5.629424166666661
3.077114997138000 2248339212.513936519622803 5.633842351851846
3.061690861814000 2203504627.491091251373291 5.638332425925920
3.078071681433000 2193210643.923098564147949 5.642766185185179
1.740214027202000 2193380761.965917110443115 5.647207425925920
1.740835726658000 1564645040.709789752960205 5.652379537037032
3.077114997138000 1492932035.401075601577759 5.656987055555550
3.014479905698000 2001571599.620896816253662 5.662477592592587
3.070357216066000 2148835358.210992813110352 5.666954314814809
3.008641493130000 2183172856.525585651397705 5.671454407407402
3.016355958497000 2148755357.981558799743652 5.675949259259253
3.022189572976000 2134676084.720677852630615 5.680378629629623
2.991350903864000 2136830821.594970941543579 5.684818277777771
3.006770238420000 2040210797.816397190093994 5.689255388888882
3.008641493130000 1650010493.116487741470337 5.705308240740734
3.009577294620000 2146544785.411882162094116 5.711331407407401
3.060737909366000 2133114853.129955291748047 5.720160074074068
3.447294244914000 2187908979.723205566406250 5.729078314814808
3.149459490048000 2173704701.018536567687988 5.738014518518512
3.114705580312000 2181471675.039661407470703 5.742496888888883
3.016355958497000 2239024274.585073947906494 5.746925388888883
3.016355958497000 2152031529.108372688293457 5.751435037037031
1.728625629605000 2131322714.814335823059082 5.755874055555550
2.999994320518000 1555377256.103481531143188 5.761023666666661
3.007706388180000 1962816705.210728168487549 5.766492796296291
3.061690861814000 2137295382.526029825210571 5.770910796296291
3.006770238420000 2181889072.355602264404297 5.775396870370365
3.007706388180000 2146741097.400283336639404 5.779866018518513
3.016355958497000 2136190422.855423450469971 5.784297092592587
2.993212562396000 2137111564.068935155868530 5.788730685185180
1.708447120310000 2138293482.937669992446899 5.793163777777773
1.728008960418000 1558910317.628813028335571 5.798310129629624
3.008641493130000 1490947815.060083389282227 5.802910222222216
3.029899240254000 1962193593.640402317047119 5.808375277777772
3.022189572976000 2183301127.293876171112061 5.812864888888884
3.063595348626000 2149048093.868268966674805 5.817351870370365
3.009577294620000 2183356041.131105422973633 5.821846981481476
2.990420594324000 2148809655.189478874206543 5.826337370370365
3.039499354598000 2138431242.407924652099609 5.830773648148143
3.015418455842000 2183202038.638545513153076 5.835268296296291
1.726776081046000 2148728168.305812835693359 5.839760999999995
3.107963267786000 1554725140.267587423324585 5.844909888888884
3.008641493130000 2220121471.739516258239746 5.860252277777772
3.000927027763000 2127293309.888637542724609 5.866223777777773
3.008641493130000 2131687525.442836046218872 5.875094425925921
3.446221273266000 2132935042.835347890853882 5.883931018518513
1.734114353196000 2158864892.997435092926025 5.892897574074069
3.015418455842000 1524337638.436072349548340 5.898049370370365
3.006770238420000 1899233293.395438909530640 5.903551740740736
3.007706388180000 2127796363.636363744735718 5.907972111111106
3.069402929476000 2136585326.780752897262573 5.912411037037032
1.738971553438000 2182895739.836325168609619 5.916900518518514
3.009577294620000 1564025925.129087686538696 5.922064962962958
3.016355958497000 1959286017.659550428390503 5.927532574074069
3.076157243922000 2136306375.931548357009888 5.931960685185181
3.059786020481000 2182136267.425131797790527 5.936440166666662
3.014479905698000 2193611871.190300941467285 5.940863574074069
3.031784889231000 2148812298.992170333862305 5.945343314814810
3.031784889231000 2138507589.704110145568848 5.949769388888885
3.123387403110000 2138256601.116531610488892 5.954187833333329
1.740214027202000 2216780281.516490459442139 5.958693851851847
3.015418455842000 1571492377.135685682296753 5.963887777777773
3.031784889231000 1962315483.707151889801025 5.969357685185180
3.078071681433000 2138657093.248559474945068 5.973773203703699
3.031784889231000 2186400303.336703777313232 5.979267648148143
3.022189572976000 2130162377.885042905807495 5.983764018518514
1.732876215840000 2136917845.814774990081787 5.988183666666662
3.117613402632000 1547109219.664005994796753 5.993324851851847
3.022189572976000 2040684882.018774986267090 5.998840481481476
1.740214027202000 2041031667.000232934951782 6.003374351851847
3.062642750699000 2010302433.499783039093018 6.018482907407403
1.725543201674000 2124003100.972000360488892 6.024610018518514
3.070357216066000 1690611120.696415901184082 6.035235851851847
3.386650296113000 2120049143.155500173568726 6.045166777777773
3.030842591166000 1888461165.166584014892578 6.055828740740736
3.013542403043000 2129129787.047585725784302 6.060266351851848
3.131099470772000 2090553993.703479766845703 6.064707370370366
3.024070423864000 2226046164.089664936065674 6.069213037037033
3.031784889231000 2157284062.961141109466553 6.073730814814811
3.038554658828000 2103940569.100940942764282 6.078167962962959
3.032727889194000 2135224104.691242694854736 6.082605703703700
3.060737909366000 2138256494.442286252975464 6.087038981481477
1.734114353196000 2181722900.203531742095947 6.091533685185181
3.023130523504000 1563092143.856000423431396 6.096698314814811
3.006770238420000 1963005687.888562202453613 6.102158259259255
1.741456500966000 2138160499.932940006256104 6.106576629629625
3.125330267490000 1559110736.842105388641357 6.111722462962959
3.107963267786000 2041512093.978300809860229 6.117250925925922
3.046266726490000 2248558926.356152057647705 6.121684425925922
3.025011024336000 2158918009.367777347564697 6.126195555555552
3.163914591780000 2138468840.613158702850342 6.130608648148145
3.159980524930000 2272229895.405365943908691 6.135134055555552
3.014479905698000 2303095167.638392448425293 6.139552185185182
3.029899240254000 2168941096.734945297241211 6.144087870370367
3.108929542901000 2138494827.946648597717285 6.148516944444441
3.032727889194000 2228166587.754799365997314 6.153014851851848
3.123387403110000 2159294271.788258552551270 6.157509499999996
1.740214027202000 2116690983.307582378387451 6.162028074074070
3.071312213484000 2014122540.575225830078125 6.177583314814811
1.727392979734000 2035507474.862947702407837 6.184710907407403
3.015418455842000 1847829874.366627454757690 6.194315574074070
3.378935830746000 2137979681.166046857833862 6.204278962962959
3.024070423864000 2122907332.775972127914429 6.213161203703700
3.025951274752000 2028455186.379659414291382 6.217605537037033
1.739592790320000 2122015017.269860267639160 6.222044870370366
3.099286245756000 1554001838.082915544509888 6.227183074074070
3.022189572976000 2038530435.191025018692017 6.232702999999995
3.030842591166000 2158466063.849418640136719 6.237218833333329
1.725543201674000 2137188453.998625993728638 6.241639796296292
3.054928285332000 1558561309.845455408096313 6.246780351851847
1.726159641360000 1992984750.863444566726685 6.252281574074070
1.734114353196000 1564202932.908378124237061 6.257452777777774
3.076157243922000 1491408634.744278669357300 6.262053055555551
3.018232011296000 1992470845.398095130920410 6.267585185185180
1.720671606272000 2147573770.086526393890381 6.272079629629625
3.015418455842000 1558882350.820783138275146 6.277216999999995
3.108929542901000 1962141809.257757186889648 6.282672685185180
3.099286245756000 2227811851.132792472839355 6.287174833333329
3.024070423864000 2248156623.779388904571533 6.291593537037032
3.031784889231000 2156765098.956874370574951 6.296088574074069
3.005835133470000 2138390668.436474561691284 6.300525129629625
3.017294159478000 2138407541.678688287734985 6.304953851851847
1.753651973358000 2130178838.638565063476562 6.309389259259254
3.007706388180000 1557568329.686780214309692 6.314535333333328
3.071312213484000 1876742603.360590219497681 6.320022685185180
3.046266726490000 2144224806.993627548217773 6.334340481481477
2.994143564904000 2179958846.014515399932861 6.340270333333329
3.113736907492000 2149101424.999948024749756 6.349181314814810
3.377885635956000 2224352581.276168346405029 6.358146518518514
3.031784889231000 1954192298.070113182067871 6.368657592592588
3.014479905698000 2087279117.470482110977173 6.373099370370366
3.155216335103000 2135042649.701163053512573 6.377520833333329
1.726776081046000 2265202885.946323394775391 6.382056222222218
1.719443066880000 1576784960.675235033035278 6.387269222222218
1.739592790320000 1491738165.704267263412476 6.391874481481477
3.007706388180000 1490481928.875144958496094 6.396473592592589
1.733495054124000 1961820647.136906385421753 6.401928388888884
1.734114353196000 1558974085.996367216110229 6.407077185185181
3.024070423864000 1488841074.595177173614502 6.411682537037033
3.031784889231000 1960594893.319816589355469 6.417144518518515
1.740214027202000 2136238825.080022573471069 6.421570351851848
1.721285190144000 1558787059.725175619125366 6.426717074074070
3.016355958497000 1492757333.698374271392822 6.431316592592589
3.060737909366000 1962731571.071643829345703 6.436786555555552
3.015418455842000 2183404639.079299926757812 6.441263018518515
3.025011024336000 2148809636.399021148681641 6.445735259259256
3.070357216066000 2138412493.579061985015869 6.450169537037033
3.062642750699000 2183023512.786390781402588 6.454664333333330
2.999060571142000 2193313933.897182941436768 6.459082814814812
3.108929542901000 2148737347.302165508270264 6.463554851851849
3.015418455842000 2226958898.249309062957764 6.468056777777774
3.000927027763000 1945311144.515394449234009 6.472578018518515
3.023130523504000 2215173151.998233318328857 6.487003259259255
1.739592790320000 2121762807.161793231964111 6.493129388888885
1.726159641360000 1818795887.750473976135254 6.502683499999996
3.432937088315000 1657180704.346119165420532 6.513438944444441
1.773175662720000 1819210442.451698064804077 6.525583814814811
3.061690861814000 1533454822.937366962432861 6.530765074074070
3.124358473635000 1983412914.377181529998779 6.536271999999996
3.031784889231000 2236919416.502728462219238 6.540762166666663
3.169659809082000 2154299715.786754131317139 6.545277555555551
3.062642750699000 2270876757.299709320068359 6.549812870370366
3.070357216066000 2213385230.495284557342529 6.554305611111107
3.060737909366000 2192071490.256448745727539 6.558744444444440
1.727392979734000 2192168304.934830665588379 6.563183037037033
3.123387403110000 1564386412.603881120681763 6.568357222222217
3.024070423864000 2041810941.974378347396851 6.573886388888884
3.077114997138000 2159198529.321348190307617 6.578404333333328
3.016355958497000 2183024059.456520080566406 6.582899370370365
3.070357216066000 2148714144.313570499420166 6.587389592592587
1.726776081046000 2183485167.606051921844482 6.591884259259254
3.068447576644000 1564374324.542085170745850 6.597055648148143
3.015418455842000 1962928747.378921508789062 6.602513537037032
3.015418455842000 2138311538.558372497558594 6.606926759259254
3.029899240254000 2138449200.677073478698730 6.611357592592587
3.025011024336000 2138586708.546176910400391 6.615791240740736
3.115675335448000 2137868722.666264295578003 6.620211907407402
3.075200559627000 2228168530.971560955047607 6.624719925925921
3.106995913034000 1979436081.591419458389282 6.629412685185180
3.108929542901000 2160973289.354467391967773 6.644476037037032
3.070357216066000 2235286071.287649631500244 6.650389481481477
3.024070423864000 2218923838.252892017364502 6.659303259259254
3.431870109590000 2107407870.916308164596558 6.668223111111106
3.416445974266000 1801316029.202849626541138 6.679094703703699
3.007706388180000 2052222320.379368305206299 6.683538740740736
1.741456500966000 2141306930.856212854385376 6.688034203703698
1.734732730692000 1556313478.947349548339844 6.693183111111106
3.015418455842000 1490877472.770387172698975 6.697790703703698
3.053978794152000 1961665098.113667964935303 6.703252999999995
3.024070423864000 2181237930.225571155548096 6.707752685185180
3.024070423864000 2146159407.751631259918213 6.712247796296291
3.071312213484000 2138746446.538119077682495 6.716676185185180
3.061690861814000 2181852133.132243633270264 6.721157944444439
1.720057107968000 2193110747.875069141387939 6.725576388888883
1.721285190144000 1564994289.849257707595825 6.730745870370365
2.999060571142000 1492713385.535284519195557 6.735348129629624
3.114705580312000 1961815052.439688444137573 6.740823555555551
3.023130523504000 2228100730.573389053344727 6.745340555555551
3.108929542901000 2159060940.839592933654785 6.749854648148143
3.100251200124000 2228045926.345469474792480 6.754366703703699
1.732876215840000 2248515628.913489818572998 6.758802925925921
3.068447576644000 1571367989.321161746978760 6.763963703703698
2.998127863897000 1995193955.947848081588745 6.769468962962957
3.015418455842000 2148742630.376133441925049 6.773958111111106
3.005835133470000 2138545076.578212261199951 6.778394388888883
3.060737909366000 1934807935.276515722274780 6.782905888888883
3.123387403110000 2168158268.587716102600098 6.787408314814809
3.102179672916000 2160625621.807197093963623 6.801778018518513
3.093500612167000 2168125428.987823486328125 6.807686629629623
3.115675335448000 1711145476.322093248367310 6.818540629629624
3.502367276618000 1766169396.433166027069092 6.829380203703698
1.741456500966000 1989817173.403653144836426 6.839717462962957
3.054928285332000 1555958909.769615411758423 6.844916499999994
3.024070423864000 1999072215.941209793090820 6.850420055555549
3.108929542901000 2147138073.277177810668945 6.854909351851846
3.161947741420000 2226715038.288611888885498 6.859419444444439
3.025011024336000 2291826461.126780509948730 6.863903870370365
3.008641493130000 2166835283.262594223022461 6.868419703703698
3.014479905698000 2137190747.871993780136108 6.872853518518513
3.053978794152000 2138663267.097464323043823 6.877283999999994
1.725543201674000 2181889402.516500949859619 6.881778777777772
3.009577294620000 1565040973.290448904037476 6.886943388888882
2.993212562396000 1961770438.534306764602661 6.892403074074068
3.008641493130000 2121772214.545911312103271 6.896825851851846
3.016355958497000 2138509265.344221830368042 6.901249944444438
3.084827064800000 2138406266.567038297653198 6.905686185185179
3.070357216066000 2183274953.261750698089600 6.910163444444438
3.046266726490000 2193406451.289924621582031 6.914602407407401
3.055878483768000 2192175448.268949031829834 6.919036129629623
3.015418455842000 2193382636.977733135223389 6.923477240740734
3.061690861814000 2147843039.312414646148682 6.927963148148142
3.007706388180000 2183610126.769960403442383 6.932459481481475
3.169659809082000 2148907931.941068172454834 6.936939259259253
3.047213819965000 2070838690.004269123077393 6.941493981481475
1.740214027202000 2253512384.249110698699951 6.956066703703697
3.031784889231000 1675602229.299363136291504 6.962695592592586
3.107963267786000 1918767738.356136560440063 6.972742611111104
1.927656875760000 1870630652.955024242401123 6.984400722222215
3.486938345884000 1684498454.213495969772339 6.997033629629622
3.107963267786000 1976109362.459200620651245 7.002571111111104
3.123387403110000 2244183216.234708786010742 7.007009703703696
1.740835726658000 2205033703.356961250305176 7.011440518518511
3.070357216066000 1554962098.750896453857422 7.016630907407400
3.116644008268000 1991794674.735249757766724 7.022139240740733
1.727392979734000 2236196717.797354221343994 7.026631481481474
3.068447576644000 1571160264.938455820083618 7.031823462962956
3.116644008268000 1999023460.282035827636719 7.037316592592585
3.106995913034000 2235688562.931308269500732 7.041806055555548
3.114705580312000 2248028417.306894302368164 7.046224333333326
3.102179672916000 2246720221.698997497558594 7.050668129629623
1.746933000280000 2236153528.338974475860596 7.055105481481474
1.740214027202000 1570658301.289019107818604 7.060301796296289
3.024070423864000 1492957347.305605888366699 7.064907037037030
3.017294159478000 1962487323.152132272720337 7.070377055555548
1.741456500966000 2138388188.049458503723145 7.074813240740734
3.016355958497000 1558500738.812650918960571 7.079964148148141
3.030842591166000 1962818015.564992904663086 7.085432259259252
1.740835726658000 2138463203.535534858703613 7.089865555555549
3.016355958497000 1558570244.750587701797485 7.095009870370363
3.022189572976000 1961708306.352913856506348 7.100472222222216
3.013542403043000 1961096920.979331016540527 7.104900037037030
3.053028242088000 2125940729.067517280578613 7.119589018518512
3.059786020481000 2165017656.888977050781250 7.125561925925919
3.028956942189000 2187502849.427923679351807 7.134436351851845
3.503456645532000 2119948699.019676685333252 7.143416759259253
3.108929542901000 1840497255.873049259185791 7.155412074074068
3.000927027763000 2222225055.376979827880859 7.159859703703697
3.024070423864000 2151165460.720613956451416 7.164374370370364
3.070357216066000 2136765342.627965211868286 7.168800129629624
3.022189572976000 2181684352.335888385772705 7.173281333333327
1.726776081046000 2147241128.027194499969482 7.177753907407402
3.015418455842000 1557749277.404696464538574 7.182905092592587
3.061690861814000 1960389117.178990125656128 7.188362555555550
3.123387403110000 2181929971.850461483001709 7.192862333333328
3.114705580312000 2237608930.625234603881836 7.197354574074069
3.005835133470000 2246630797.245536804199219 7.201778370370366
1.732876215840000 2158673670.160173892974854 7.206273481481476
3.072266855488000 1554961850.675624608993530 7.211422351851847
1.720057107968000 2001445107.362427711486816 7.216925518518513
3.115675335448000 1565563726.298433542251587 7.222091999999995
3.100251200124000 2042369706.840390920639038 7.227617999999994
3.054928285332000 2247649013.039737701416016 7.232051740740735
1.746933000280000 2204023002.301057815551758 7.236526333333328
1.732876215840000 1565570012.919295549392700 7.241700907407401
3.008641493130000 1492520024.140012025833130 7.246303685185179
3.107963267786000 1963061627.918776512145996 7.251778296296290
3.015418455842000 2005598229.891959428787231 7.256281055555550
3.085786146800000 2153209816.011080741882324 7.260813333333328
3.078071681433000 2143312636.842186927795410 7.275124222222217
3.016355958497000 2114762773.414407491683960 7.281044722222217
1.727392979734000 1896201243.263619422912598 7.291655981481476
3.023130523504000 1631381560.413114309310913 7.301397703703699
3.124358473635000 1974473741.569282293319702 7.315263444444439
3.223644282716000 2195523437.853025913238525 7.319771425925921
3.078071681433000 2330170633.359559059143066 7.324290537037031
3.021249672616000 2178371369.438017368316650 7.328844851851846
3.059786020481000 2137452869.553606510162354 7.333282888888883
3.031784889231000 2182029786.514862060546875 7.337775351851846
1.728008960418000 2146828514.107512950897217 7.342270592592587
2.993212562396000 1558259583.159529924392700 7.347420444444438
3.018232011296000 1949701163.900794267654419 7.352890555555549
1.740835726658000 2138158266.171128034591675 7.357325185185180
2.993212562396000 1558662217.529647827148438 7.362464203703698
3.155216335103000 1962913357.278395175933838 7.367929388888884
3.016355958497000 2271839030.346737861633301 7.372448759259254
3.062642750699000 2169937756.405807971954346 7.376985296296291
3.116644008268000 2183227559.152661323547363 7.381469925925921
3.116644008268000 2238274204.778129100799561 7.385964944444440
3.024070423864000 2237473721.413721084594727 7.390418648148144
3.006770238420000 2158958155.240737438201904 7.394937555555551
3.101215077534000 2138238637.172812223434448 7.399358648148143
3.092539132462000 2223772417.448324203491211 7.403865925925921
3.015418455842000 2202979596.397708892822266 7.408340444444440
3.029899240254000 2147627409.470752239227295 7.412827944444440
1.732876215840000 1938470460.281955957412720 7.417340074074070
3.108929542901000 1942513362.398789882659912 7.432949796296292
3.007706388180000 2156813957.614706993103027 7.439107592592588
2.993212562396000 2169701119.514857769012451 7.448928314814810
3.069402929476000 2135585462.636285305023193 7.457767351851848
1.808049461278000 2049583332.707549095153809 7.470097555555552
3.023130523504000 1542371817.038667201995850 7.475281407407404
3.015418455842000 1958415306.091385841369629 7.480756351851849
3.009577294620000 2136725747.119702100753784 7.485181370370367
3.054928285332000 2137110926.715196371078491 7.489600203703700
3.000927027763000 2181832103.427520751953125 7.494092166666664
3.004899680250000 2146833387.036807298660278 7.498574944444441
1.727392979734000 2137401286.442235231399536 7.503008648148145
3.006770238420000 1556067779.409224271774292 7.508154425925923
1.733495054124000 1962805587.246561527252197 7.513624555555553
3.005835133470000 1558599009.437697410583496 7.518769407407405
1.726159641360000 1962091326.893746614456177 7.524233296296293
2.992282252856000 1559218491.484184980392456 7.529370796296293
3.015418455842000 1963017837.922000646591187 7.534841870370367
2.992282252856000 2136601929.920441865921021 7.539280740740737
3.109896537774000 2138227293.408524751663208 7.543717166666663
3.106995913034000 2227227480.690707206726074 7.548234277777774
3.036664211762000 2248619211.486918449401855 7.552663148148144
3.001860429762000 2204016331.798607826232910 7.557139759259256
1.732257377556000 2148712463.854081630706787 7.561635425925922
3.000927027763000 1558989447.106046915054321 7.566784092592589
2.999994320518000 1717546584.039407491683960 7.572276555555552
3.001860429762000 1649444349.381479740142822 7.588272018518516
3.016355958497000 2125986273.331580877304077 7.594189129629626
3.100251200124000 2133350768.379718065261841 7.603026870370367
3.369124600486000 2209575919.787868976593018 7.611966129629626
3.100251200124000 2008947928.274134159088135 7.621189518518515
3.053978794152000 2103339783.973664760589600 7.626471796296292
3.000927027763000 2141504604.808736085891724 7.630975944444440
3.070357216066000 2134888830.288190126419067 7.635400111111107
3.015418455842000 2181696736.332749843597412 7.639896870370366
3.024070423864000 2145517907.325104951858521 7.644384481481477
1.733495054124000 2138671053.466874599456787 7.651968962962959
2.999994320518000 1558468442.531507015228271 7.657114777777774
3.162930800470000 1960362930.639273405075073 7.662568018518514
3.016355958497000 2271061067.985348701477051 7.667103037037033
3.015418455842000 2169139267.555817604064941 7.671626703703700
1.740835726658000 2137716828.059855937957764 7.676059555555551
2.999060571142000 1559181002.050138473510742 7.681208259259255
3.045318574810000 1962998006.167678356170654 7.686678833333329
3.054928285332000 2183163280.767488956451416 7.691176425925922
1.732876215840000 2193166698.687695026397705 7.695610240740736
3.018232011296000 1564624069.447779655456543 7.700776925925921
3.068447576644000 1962647890.850765705108643 7.706249555555551
3.069402929476000 2183126793.254154205322266 7.710749444444439
3.023130523504000 2193250888.610763549804688 7.715188333333328
3.108929542901000 2148982978.144217967987061 7.719678203703698
1.734114353196000 2226957322.903799057006836 7.724190555555550
1.720057107968000 1414449772.712721586227417 7.729396888888884
3.115675335448000 1931105541.887327432632446 7.745384222222217
3.056828328576000 2174499101.001568794250488 7.751522740740736
3.053978794152000 2147885754.881308078765869 7.761271759259254
3.439582177252000 1914603570.210504293441772 7.771968296296292
3.062642750699000 1993094585.215000152587891 7.782453648148143
1.739592790320000 2150595378.574597358703613 7.786919962962958
3.023130523504000 1559457213.658159732818604 7.792098796296291
3.053978794152000 2081896802.603867530822754 7.797321796296291
3.015418455842000 2181641429.886898994445801 7.801806481481476
3.015418455842000 2147676584.841382026672363 7.806301907407402
1.735351799370000 2136967669.172932147979736 7.810735240740735
3.061690861814000 1558542485.895640373229980 7.815878777777773
3.012604551224999 1999125800.652327299118042 7.821369092592588
3.029899240254000 2147791043.053523540496826 7.825861777777773
3.008641493130000 2138208590.341507673263550 7.830293111111106
3.114705580312000 2136943746.435400962829590 7.834708962962958
2.999060571142000 2227541479.345675468444824 7.839211203703699
3.023130523504000 2159157738.803581237792969 7.843724055555551
3.053028242088000 2136941019.707437753677368 7.848157425925922
3.116644008268000 2183598718.789032936096191 7.852649703703699
3.122415247590000 2238162091.266044139862061 7.857139629629625
3.084827064800000 2248586744.256916046142578 7.861575722222217
3.016355958497000 2203811656.532700538635254 7.866071055555551
1.726776081046000 2148718441.230268478393555 7.870556074074069
3.106029637919000 1558526894.314803123474121 7.875694499999995
1.742077969135000 2041941673.484167814254761 7.881217685185181
1.721285190144000 1414646923.320670366287231 7.886418999999996
3.046266726490000 1968636236.100888252258301 7.902470518518514
3.108929542901000 2122450148.593795299530029 7.908602074074070
3.069402929476000 2202619354.620306015014648 7.918448703703699
3.517796207352000 2155469978.297564506530762 7.927433870370366
3.022189572976000 2040810382.706009387969971 7.936587981481477
3.007706388180000 2152805183.617209911346436 7.941102203703699
3.024070423864000 2128439901.121377468109131 7.945529629629625
3.030842591166000 2123669123.450242757797241 7.949964314814810
3.016355958497000 2135962301.934967041015625 7.954403092592588
1.726159641360000 2136536665.595244407653809 7.958839333333328
3.015418455842000 1557415338.656198978424072 7.963972092592588
1.726776081046000 1961294314.052166700363159 7.969429666666662
3.006770238420000 1558391739.895184040069580 7.974578018518514
3.022189572976000 1989994887.487512350082397 7.981047259259255
1.733495054124000 2138433077.685867547988892 7.985473203703700
3.108929542901000 1558777936.099678039550781 7.990606777777774
3.108929542901000 2040959228.614943027496338 7.996114907407404
3.117613402632000 2248579348.445725917816162 8.000532833333329
3.067493290054000 2248863628.209674358367920 8.004971814814811
1.720057107968000 2159721854.468109607696533 8.009473055555551
3.039499354598000 1564629973.337150812149048 8.014647407407402
3.068447576644000 1962422853.969715595245361 8.020116592592588
3.060737909366000 2183491082.723552227020264 8.024596037037032
3.006770238420000 2193493106.282148361206055 8.029035129629625
3.016355958497000 2147312442.783977031707764 8.033525907407402
3.065583650632000 2138147842.307127952575684 8.037943777777771
3.363506900012000 2165550047.609429359436035 8.042436351851846
3.007706388180000 2074312963.916241645812988 8.046897166666660
1.746933000280000 2171209499.185562610626221 8.061221981481475
3.023130523504000 1588316827.776681900024414 8.067980648148142
3.014479905698000 2135049275.222944498062134 8.077993944444438
1.913540126370000 2133071960.806892156600952 8.086839037037031
3.078071681433000 1623177251.679680347442627 8.096629259259252
2.259443962130000 2001329408.004306793212891 8.102133240740734
3.007706388180000 1546577814.688068389892578 8.107306499999993
3.068447576644000 1945078463.258461475372314 8.112772611111104
1.725543201674000 2182466460.225821971893311 8.117269759259253
3.015418455842000 1563896709.677419424057007 8.122436425925919
3.139787404369000 1962190423.162583589553833 8.127890944444438
3.103143909312000 2270308013.065536022186279 8.132420814814809
3.015418455842000 2259071749.970098972320557 8.136910944444439
3.164898016960001 2159254073.671735763549805 8.141411388888883
1.720057107968000 2272567390.985170841217041 8.145952055555551
3.014479905698000 1570330322.023826360702515 8.151187462962959
3.024070423864000 1960768387.304710626602173 8.156645888888885
3.016355958497000 2138430722.437283277511597 8.161066111111108
3.070357216066000 2134614740.494870424270630 8.165484777777774
3.061690861814000 2183303479.176560401916504 8.169969129629626
3.061690861814000 2193379116.549582004547119 8.174410888888886
1.732876215840000 2193328818.937085151672363 8.178846629629627
3.154235673758000 1564618120.127987623214722 8.184020740740738
3.069402929476000 2081333571.815428495407104 8.189559888888887
3.085786146800000 2214070012.185665130615234 8.194073388888887
1.719443066880000 2193109923.548938751220703 8.198491611111109
1.732257377556000 1565791862.458440780639648 8.203666074074071
3.007706388180000 1488061929.451832056045532 8.208277055555554
3.016355958497000 1657148824.746415376663208 8.223744166666664
3.132072939002000 2137316160.905485153198242 8.229771629629628
3.008641493130000 2205910846.880013942718506 8.238705074074073
1.908188354152000 2133501076.660733699798584 8.247631851851850
3.012604551224999 1811211968.460239887237549 8.257242296296294
3.062642750699000 1951034693.442584037780762 8.262716166666664
3.102179672916000 2181055778.788418292999268 8.267191185185183
3.013542403043000 2236497246.568546295166016 8.271670444444442
3.017294159478000 2150904019.991218566894531 8.276183537037035
3.109896537774000 2135509103.647297143936157 8.280624166666664
3.115675335448000 2227868385.562911033630371 8.285141851851849
3.069402929476000 2246949144.906982421875000 8.289581481481479
3.039499354598000 2203405811.379553318023682 8.294073944444442
3.023130523504000 2137387313.180049180984497 8.298556870370367
3.102179672916000 2136928785.569531202316284 8.302979611111109
3.098322368346000 2227634149.940968036651611 8.307496944444443
3.006770238420000 2239955144.821368217468262 8.311933444444444
2.999060571142000 2157935216.268427371978760 8.316429314814814
3.108929542901000 2138670377.401789903640747 8.320867555555555
3.062642750699000 2228040181.629497051239014 8.325382240740741
3.161947741420000 2203742744.438536167144775 8.329874962962963
3.053028242088000 2283083243.634092807769775 8.334382481481482
3.084827064800000 2214041875.751371383666992 8.338895833333334
3.077114997138000 2193319335.974186897277832 8.343332296296296
3.061690861814000 2193257577.971387386322021 8.347768277777778
3.031784889231000 2188702723.020380973815918 8.352202351851853
1.740835726658000 2148933385.056000709533691 8.356689722222223
3.008641493130000 1459162291.639087915420532 8.361865703703705
3.013542403043000 1651701300.209378957748413 8.377334722222223
1.732876215840000 2129378791.719476222991943 8.383252222222223
1.718214984704000 1876885064.214152812957764 8.392943462962965
1.908870063208000 1826627347.089888095855713 8.403547611111113
3.371221365379000 1811295014.081568717956543 8.414199833333335
3.148480862064000 1954618858.639843702316284 8.419664074074076
3.060737909366000 2263714879.603515148162842 8.424207703703706
1.735351799370000 2189909282.000221252441406 8.428727203703707
3.007706388180000 1560520793.754346132278442 8.433893462962965
3.016355958497000 1961254807.513420581817627 8.439368111111113
3.070357216066000 2138480804.639452934265137 8.443803500000001
3.062642750699000 2180898736.690576076507568 8.448280277777780
3.031784889231000 2192367598.649943828582764 8.452724537037039
1.733495054124000 2147582941.239483356475830 8.457219240740743
3.046266726490000 1558581061.796376228332520 8.462357981481484
1.727392979734000 2002312470.347551822662354 8.467861555555558
2.991350903864000 1564778355.834551572799683 8.473030000000003
3.059786020481000 1962949648.334886789321899 8.478493425925929
3.013542403043000 2183073433.161443710327148 8.482975203703708
3.015418455842000 2148816553.535153388977051 8.487460314814818
1.733495054124000 2138604572.763684988021851 8.491898833333337
3.108929542901000 1558092683.629035234451294 8.497044574074078
3.116644008268000 2002270602.366668701171875 8.502548481481485
3.024070423864000 2238266154.080955028533936 8.507037944444448
2.999060571142000 2149667284.378954410552979 8.511574796296300
3.023130523504000 2137796933.526023864746094 8.515970000000003
3.062642750699000 2007070568.647006750106812 8.520407759259262
3.024070423864000 2145132426.354762792587280 8.535420296296300
3.085786146800000 2124716797.821951866149902 8.541378740740743
3.099286245756000 2111805503.809802532196045 8.550295796296298
3.431870109590000 1766730805.492928981781006 8.561138018518522
3.540939603453000 2129549436.398164510726929 8.570226388888893
3.169659809082000 2273938845.489680290222168 8.574730462962966
3.159980524930000 2300957116.780716419219971 8.579174055555558
3.022189572976000 2301547065.240561008453369 8.583604666666670
3.024070423864000 2158788649.482768058776855 8.588140925925929
3.016355958497000 2136868557.727373838424683 8.592558722222225
1.726776081046000 2137939562.714033126831055 8.596987555555559
3.016355958497000 1557437767.776777744293213 8.602131074074078
3.108929542901000 1962030239.702480316162109 8.607598500000003
2.999060571142000 2225244097.586568832397461 8.612116425925930
1.726159641360000 2159354737.049438476562500 8.616629314814819
3.053028242088000 1556451489.477999448776245 8.621779018518524
3.054928285332000 2001834707.353811502456665 8.627286870370375
3.061690861814000 2190423509.385313034057617 8.631725444444449
3.007706388180000 2192592865.217937469482422 8.636148222222227
3.022189572976000 2149126252.438742160797119 8.640628370370376
3.061690861814000 2138672947.543922901153564 8.645049000000006
2.991350903864000 2183418686.662459373474121 8.649538833333338
1.734114353196000 2147176236.130561113357544 8.654008425925930
1.726159641360000 1558609464.217567682266235 8.659152166666670
3.154235673758000 1492778407.511691570281982 8.663749444444448
3.046266726490000 2081593832.086783885955811 8.669290666666670
3.047213819965000 2214244191.798440456390381 8.673783037037040
3.008641493130000 2186245766.066034793853760 8.678227944444448
3.162930800470000 2170493038.185381412506104 8.692524185185189
3.069402929476000 2234577742.362893581390381 8.698520129629634
1.740835726658000 2144597350.036735773086548 8.707442685185189
3.500188944212000 1487997950.257337808609009 8.717362629629633
2.999060571142000 2166820492.335347175598145 8.727376129629633
3.016355958497000 2157119470.716512203216553 8.731885370370373
3.006770238420000 2105473060.790083408355713 8.736322314814817
3.115675335448000 2136437558.551927089691162 8.740750166666668
3.015418455842000 2225600230.391047477722168 8.745251370370372
3.016355958497000 2158704307.852005481719971 8.749747037037039
3.000927027763000 2136907559.019560337066650 8.754175888888891
3.000927027763000 2138120464.332209348678589 8.758613962962965
3.015418455842000 2136733488.226059675216675 8.763037574074076
3.015418455842000 2138263895.164934396743774 8.767463574074077
1.726159641360000 2137228694.931014537811279 8.771884796296298
3.154235673758000 1555365030.410214424133301 8.777036574074076
1.734732730692000 2082034824.308890581130981 8.782581870370372
3.108929542901000 1577757538.277818202972412 8.787792314814816
1.726776081046000 2041687110.228934049606323 8.793315500000000
1.732876215840000 1571488907.142857074737549 8.798500685185186
1.727392979734000 1492814949.452705860137939 8.803105833333333
3.061690861814000 1492859341.904834747314453 8.807713407407407
2.994143564904000 1999336606.674115180969238 8.813216148148149
2.999994320518000 2149165094.650748729705811 8.817708296296297
1.726776081046000 2138155906.452785491943359 8.822140203703706
1.719443066880000 1559215863.721054077148438 8.827288685185186
3.008641493130000 1492764075.444948911666870 8.831886592592594
3.092539132462000 1963777774.018944501876831 8.837360666666669
3.107963267786000 2286064266.036284446716309 8.851759148148151
3.000927027763000 2233437237.470690727233887 8.857666777777780
3.107963267786000 2123907624.469052553176880 8.866586888888891
3.387703672662000 1966214072.241258382797241 8.877244592592595
3.062642750699000 2120606111.970306158065796 8.886225148148151
3.006770238420000 2181516345.164237022399902 8.890705462962966
3.106995913034000 2136157385.306754112243652 8.895205388888892
1.732257377556000 2220157480.896304607391357 8.899720222222225
3.017294159478000 1566834383.986829042434692 8.904916870370373
3.068447576644000 1962343572.264333486557007 8.910377148148150
3.006770238420000 2181903647.483968734741211 8.914876444444447
3.007706388180000 2148547384.657260894775391 8.919366685185187
3.030842591166000 2137275810.561462163925171 8.923792629629631
3.030842591166000 2134682762.112380743026733 8.928218388888890
3.015418455842000 2138021881.838074207305908 8.932644518518520
1.739592790320000 2138303874.915023803710938 8.937057518518520
3.030842591166000 1537432578.993389844894409 8.942203870370372
2.999994320518000 1963174812.953222274780273 8.947671407407409
3.006770238420000 2137385996.108868122100830 8.952097425925928
3.008641493130000 2138606999.849213361740112 8.956518685185188
3.061690861814000 2138865453.420718193054199 8.960949203703706
3.108929542901000 2183232723.795076370239258 8.965441574074076
1.738971553438000 2238118570.916241168975830 8.969933962962964
3.016355958497000 1570844145.696640253067017 8.975124351851852
1.734732730692000 1990661973.523806095123291 8.981595574074074
3.070357216066000 1558852009.187324762344360 8.986739537037037
1.733495054124000 1989691609.458941459655762 8.992247944444445
3.114705580312000 1972300882.858912944793701 9.007253907407408
2.999994320518000 1888840788.313161134719849 9.014749518518519
3.070357216066000 2166158327.072687625885010 9.023697240740741
3.362461500632000 2192677248.437734603881836 9.032697111111112
3.062642750699000 2120360034.082542657852173 9.041651407407409
3.021249672616000 2168356002.190174579620361 9.046149611111113
3.024070423864000 2145961744.850268125534058 9.050642833333336
3.069402929476000 2132586752.527593851089478 9.055077222222225
3.009577294620000 2181932361.097947597503662 9.059571129629633
3.061690861814000 2134670295.489891290664673 9.064072129629633
3.015418455842000 2177483198.938576698303223 9.068566444444448
1.740214027202000 2147414525.305864334106445 9.073048277777781
3.077114997138000 1558466690.439913034439087 9.078189444444448
3.124358473635000 2001042133.243607044219971 9.083693148148152
1.740214027202000 2235664951.895728588104248 9.088185703703708
3.071312213484000 1572058892.529512166976929 9.093379722222226
3.008641493130000 1995111096.151386499404907 9.098881462962966
1.733495054124000 2119952097.781145334243774 9.103378277777781
3.006770238420000 1557184965.302324295043945 9.108512574074076
3.060737909366000 1962204795.469361305236816 9.113966796296298
3.054928285332000 2183162742.433600902557373 9.118464018518520
3.016355958497000 2193551544.263894557952881 9.122905185185186
3.023130523504000 2148560044.870234966278076 9.127395500000000
2.999060571142000 2138763732.327992439270020 9.131816333333333
3.038554658828000 2137622292.449034214019775 9.136234703703703
1.942476930518000 2138663715.743494749069214 9.140673574074073
3.015418455842000 1554856079.163474321365356 9.145821851851851
3.015418455842000 1654389087.183911323547363 9.161277685185185
1.725543201674000 2066763626.896850347518921 9.167181722222223
2.999060571142000 1487328868.637949466705322 9.177070000000001
3.479223880517000 1938909688.163050651550293 9.187211814814816
1.740214027202000 2198769145.284370422363281 9.196210259259260
3.005835133470000 1558238102.534681081771851 9.201407055555556
3.061690861814000 1943912836.616877794265747 9.206879537037038
3.069402929476000 2181086211.650445461273193 9.211379444444445
3.023130523504000 2192800195.004875183105469 9.215823777777779
3.106029637919000 2144870836.617544651031494 9.220311203703705
3.070357216066000 2227818506.972928524017334 9.224826018518520
3.070357216066000 2202793517.917866706848145 9.229307888888890
3.054928285332000 2191924576.611553668975830 9.233734259259260
3.016355958497000 2192920828.095438957214355 9.238168351851852
3.063595348626000 2147362678.904534816741943 9.242655537037038
3.013542403043000 2183170365.911976337432861 9.247147611111112
3.007706388180000 2148687148.345520019531250 9.251630388888890
3.006770238420000 2121039527.385434627532959 9.256081592592594
1.726776081046000 2131867310.253829956054688 9.260516611111113
3.062642750699000 1558593244.424617767333984 9.265664074074076
3.102179672916000 2001798388.316809654235840 9.271172462962964
3.116644008268000 2236775772.324190616607666 9.275662277777778
3.015418455842000 2247227675.713670253753662 9.280088407407408
3.008641493130000 2159169751.770723819732666 9.284606333333334
1.726159641360000 2138376486.842931747436523 9.289029388888890
2.999994320518000 1558411546.943635940551758 9.294176814814817
3.223644282716000 1962857343.282974958419800 9.299641370370372
3.005835133470000 2018050177.752674579620361 9.304100333333334
3.171631456638000 2126018297.971797466278076 9.318362185185187
3.061690861814000 2257633246.868336677551270 9.324380462962965
3.069402929476000 2187095620.945895195007324 9.333322018518521
3.440651553682000 2189305095.440261840820312 9.342185425925928
3.000927027763000 2209138307.210031509399414 9.351194222222224
1.726776081046000 2147648330.286461353302002 9.355671592592595
3.014479905698000 1539138394.800168275833130 9.360819907407409
3.042476236180000 1945266873.984745979309082 9.366280592592593
3.124358473635000 2182972835.013563632965088 9.370779166666667
3.106995913034000 2236675797.353229045867920 9.375266814814815
3.005835133470000 2248076857.343923091888428 9.379687703703704
1.726776081046000 2156552382.129395008087158 9.384182981481482
1.739592790320000 1557463328.928940534591675 9.389326555555556
2.999060571142000 1492541751.445598125457764 9.393931851851852
3.053978794152000 1959521071.927906036376953 9.399402092592592
3.015418455842000 2183148229.031034946441650 9.403896388888889
3.053978794152000 2148125133.464977741241455 9.408388481481481
3.007706388180000 2183423753.992423534393311 9.412876148148147
1.719443066880000 2139264827.125190258026123 9.417363981481481
1.727392979734000 1559146418.319556236267090 9.422512092592592
1.720057107968000 1492727344.543505191802979 9.427106685185185
3.007706388180000 1492807067.832024335861206 9.431706555555555
3.023130523504000 1962549199.084668397903442 9.437169055555556
3.053978794152000 2138451708.506215333938599 9.441605462962963
3.106029637919000 2182690051.540657997131348 9.446100296296297
3.054928285332000 2238455688.057122230529785 9.450589722222222
3.251829534492000 2203724123.099065780639648 9.455067296296296
3.061690861814000 2145937131.193171262741089 9.459558129629629
3.162930800470000 2146894505.065293312072754 9.473876703703704
3.047213819965000 2226621545.874567508697510 9.479949018518520
3.016355958497000 2217445055.696737766265869 9.488882981481483
3.479223880517000 2150948411.683621406555176 9.497790037037039
1.742077969135000 2230334587.572132587432861 9.506791611111112
2.999060571142000 1555387083.883398056030273 9.511981796296297
1.726159641360000 1956923436.309775590896606 9.517451703703705
3.006770238420000 1540813820.324260473251343 9.522593888888890
3.169659809082000 1960305416.883987665176392 9.528061703703704
3.078071681433000 2272618409.454473972320557 9.532599629629630
3.061690861814000 2212377299.191308498382568 9.537113092592593
1.732876215840000 2193266675.034517288208008 9.541539203703705
3.155216335103000 1565276815.951777696609497 9.546706629629631
3.068447576644000 2080682280.875597000122070 9.552257129629631
1.734114353196000 2214283003.083786964416504 9.556772981481483
3.006770238420000 1565058424.044444084167480 9.561943037037040
3.046266726490000 1962911557.409655094146729 9.567389759259262
3.000927027763000 2183378092.340256690979004 9.571869166666669
3.115675335448000 2142670851.839904785156250 9.576347055555559
3.107963267786000 2228238527.295463562011719 9.580863814814817
1.732876215840000 2248465369.194787979125977 9.585297888888892
3.062642750699000 1571711579.202659368515015 9.590490148148151
3.108929542901000 2001964134.743073940277100 9.595970537037040
3.016355958497000 2236346608.192437171936035 9.600463388888892
3.016355958497000 2159802048.611956119537354 9.605030166666669
3.007706388180000 1950243407.260288953781128 9.609561666666670
3.015418455842000 1646034790.198890209197998 9.625600666666669
3.053978794152000 2168491794.954929828643799 9.631654981481484
3.014479905698000 2168544874.323656558990479 9.640574129629632
3.430801938710000 2164136301.433866500854492 9.649492000000002
3.107963267786000 2142577851.631457328796387 9.658429703703705
3.101215077534000 2236593084.468980312347412 9.662911296296297
3.010512747840000 2220831694.317243576049805 9.667351629629630
3.053978794152000 2151544758.168967247009277 9.671855462962963
3.031784889231000 2179178898.646554470062256 9.676336481481481
3.014479905698000 2136983493.339164257049561 9.680825129629630
3.036664211762000 2137091701.671023130416870 9.685260203703704
2.999994320518000 2183384039.818049907684326 9.689754722222222
3.000927027763000 2146830225.776338577270508 9.694238018518519
3.062642750699000 2138030696.615673065185547 9.698663648148148
3.121444177065000 2181739965.347370147705078 9.703163333333334
3.031784889231000 2238137914.252129077911377 9.707653240740742
3.006770238420000 2156533624.357401371002197 9.712166888888889
3.062642750699000 2138577744.748894453048706 9.716602462962964
3.031784889231000 2183093620.348041057586670 9.721079370370372
2.999994320518000 2148804132.149412155151367 9.725559148148150
3.070357216066000 2138513877.105805158615112 9.729990240740744
1.746933000280000 2183313373.187704086303711 9.734485000000003
2.999994320518000 1565544997.096961498260498 9.739652000000003
3.015418455842000 1962364253.079028844833374 9.745111574074077
3.017294159478000 2138435383.644592285156250 9.749543000000003
1.727392979734000 2138465686.520062208175659 9.753979222222226
3.053028242088000 1558729144.410993337631226 9.759127722222226
2.991350903864000 2000020042.992521524429321 9.764632555555560
1.727392979734000 2031592658.698408365249634 9.769145833333337
2.993212562396000 1931870972.526046276092529 9.784129722222225
3.023130523504000 2000507486.769240379333496 9.791222481481485
3.115675335448000 2163502456.093963623046875 9.800187333333337
3.005835133470000 2200579631.755795955657959 9.807219703703707
3.426287996952000 2134127080.018115282058716 9.816133888888892
3.005835133470000 2173272757.012681007385254 9.822360703703707
3.060737909366000 2099202775.368603706359863 9.826844592592595
3.015418455842000 2179473395.786277770996094 9.831345759259262
3.016355958497000 2141970216.920098781585693 9.835822574074077
1.713950232810000 2134598123.821128606796265 9.840260277777782
1.732876215840000 1557869637.610538244247437 9.845409740740745
3.007706388180000 1491380159.671808004379272 9.850014092592597
3.054928285332000 1962475427.053618192672729 9.855480055555560
3.046266726490000 2181927867.093179225921631 9.859966629629634
3.030842591166000 2190438606.897012710571289 9.864400111111115
3.060737909366000 2148971797.938332080841064 9.868875092592596
1.747557100120000 2177658053.580287933349609 9.873354351851855
1.726776081046000 1565539774.376023292541504 9.878523555555558
3.021249672616000 1492828210.682277441024780 9.883123074074076
3.017294159478000 1962492411.958063602447510 9.888593425925928
3.007706388180000 2137505579.478243350982666 9.893014388888890
3.000927027763000 2138648263.423554182052612 9.897450000000001
3.078071681433000 2138539282.168990373611450 9.901871240740741
3.062642750699000 2183036998.282119750976562 9.906366444444444
1.713338134890000 2193388085.106383323669434 9.910805333333332
3.015418455842000 1564858949.343205213546753 9.915977759259258
3.414320420839000 1962836228.986854791641235 9.921433999999998
3.024070423864000 2063041427.399507761001587 9.925948814814813
3.114705580312000 2171400570.176289081573486 9.940271870370369
3.022189572976000 2209416687.505209922790527 9.946270370370369
1.740214027202000 2162887930.157477855682373 9.955189907407407
3.375784072974000 1632986175.325378656387329 9.964934962962962
3.053978794152000 1912489852.833518743515015 9.975028092592591
3.101215077534000 2181638911.931853294372559 9.979515148148147
3.098322368346000 2165079064.720954895019531 9.984942722222222
3.013542403043000 2231209220.268394470214844 9.989424796296296
3.116644008268000 2146998734.259909391403198 9.993960277777777
3.108929542901000 2214860273.254694938659668 9.998483259259258
3.105063002925000 2235507860.537634849548340 10.002913499999998
3.029899240254000 2247435670.734250068664551 10.007353907407406
1.739592790320000 2157160748.536861419677734 10.011872351851851
3.164898016960001 1555917710.454182624816895 10.017020388888888
3.070357216066000 2040975993.402460098266602 10.022544333333332
1.726159641360000 2203463251.670378684997559 10.027034333333333
3.107963267786000 1564967012.347093582153320 10.032205740740741
3.016355958497000 2041762122.800612449645996 10.037734425925926
3.016355958497000 2158967379.077615261077881 10.042245277777777
3.101215077534000 2138473536.209874629974365 10.046683907407406
3.005835133470000 2227520722.648613929748535 10.051183814814813
3.007706388180000 2159020611.153740406036377 10.055696833333332
3.009577294620000 2137545409.990574836730957 10.060117666666665
3.023130523504000 2138680530.611222028732300 10.064551407407405
1.740835726658000 2138712051.533281803131104 10.068992981481479
3.006770238420000 1559226122.343332290649414 10.074144240740738
3.015418455842000 1962743584.190579414367676 10.079616833333331
1.726776081046000 2137119611.110415220260620 10.084051111111108
2.992282252856000 2008572988.846243143081665 10.099148166666664
3.114705580312000 2075118312.476091623306274 10.105247833333332
1.734114353196000 2174435676.996977806091309 10.115020703703703
3.401021838942000 1877304516.557894468307495 10.124659722222221
1.827560677216000 1910462722.356663703918457 10.134737999999999
3.023130523504000 1558153796.327284097671509 10.139884055555553
2.999994320518000 1935118134.862341642379761 10.145355203703701
2.992282252856000 2136041621.422963142395020 10.149789351851849
3.000927027763000 2133039696.926662683486938 10.154222944444442
3.108929542901000 2136635963.630595207214355 10.158658907407405
3.017294159478000 2227551074.949275493621826 10.163176777777776
1.725543201674000 2157768855.368234157562256 10.167684777777776
1.719443066880000 1544025603.724178075790405 10.172840277777777
3.114705580312000 1492763609.871156692504883 10.177441037037037
3.002793484384000 2041616596.258298158645630 10.182964370370369
3.061690861814000 2159205123.770937442779541 10.187461925925925
1.740835726658000 2183345746.330049514770508 10.191941499999999
1.726776081046000 1564326919.149759292602539 10.197110407407406
1.726159641360000 1492828883.202163219451904 10.201712851851850
3.006770238420000 1492719710.800256252288818 10.206307907407405
3.060737909366000 1962875582.200616359710693 10.211762944444443
3.060737909366000 2177724278.141770839691162 10.216262648148147
2.999994320518000 2193506900.261000633239746 10.220704240740739
1.726776081046000 2148847106.602336883544922 10.225191148148147
2.999060571142000 1558815201.192250490188599 10.230335481481481
2.991350903864000 1962865435.570490360260010 10.235807870370369
3.008641493130000 2137467992.057707548141479 10.240228648148147
3.069402929476000 2133019735.440674543380737 10.244662296296294
3.062642750699000 2124624113.089785575866699 10.258975407407405
3.101215077534000 1875604683.808676242828369 10.266006722222221
2.992282252856000 2208757979.949789047241211 10.275765555555553
3.494652811251000 1885222435.177690267562866 10.286403611111108
3.014479905698000 2200382094.492370605468750 10.295400222222220
3.105063002925000 2157692457.321076869964600 10.299912814814812
3.068447576644000 2196872741.568248271942139 10.304434962962960
3.108929542901000 2201346530.249110221862793 10.308930962962959
3.008641493130000 2230081554.181452751159668 10.313429222222219
1.739592790320000 2156618697.595390319824219 10.317941388888885
3.016355958497000 1545653888.280394315719604 10.323081240740736
3.016355958497000 1960330426.277610301971436 10.328534129629626
3.014479905698000 2137397094.552285671234131 10.332970240740737
3.023130523504000 2138446518.143233537673950 10.337385722222219
3.007706388180000 2138389226.055814743041992 10.341822351851850
3.030842591166000 2127815739.156687259674072 10.346238796296294
1.728008960418000 2128045385.804264307022095 10.350696055555554
3.007706388180000 1558675309.259252548217773 10.355844259259257
3.061690861814000 1962087107.316295146942139 10.361301129629627
1.734114353196000 2183169988.015962123870850 10.365797851851850
1.732876215840000 1564930501.376778364181519 10.370962888888887
3.017294159478000 1487566097.737702369689941 10.375563259259257
3.014479905698000 1962341226.739619016647339 10.381032740740739
3.011666350244000 2138381731.550255537033081 10.385455666666665
2.998127863897000 2136639195.148842334747314 10.389889888888888
3.007706388180000 2138363660.652411699295044 10.394325851851852
3.276608593150000 2138013591.754780769348145 10.398762092592593
3.062642750699000 1942597071.009966611862183 10.403227037037038
1.732876215840000 1638403178.486080646514893 10.419291055555556
3.005835133470000 1477591024.931752920150757 10.425416666666667
3.055878483768000 2095747303.136502742767334 10.433400907407409
3.046266726490000 2189814660.620028018951416 10.442368240740741
3.377885635956000 2186772414.398191452026367 10.451233037037037
2.993212562396000 2116464605.457402944564819 10.457454962962963
3.061690861814000 2114835804.392621994018555 10.461876518518519
3.062642750699000 2181291225.325731277465820 10.466374944444444
3.015418455842000 2187506820.172694206237793 10.470814388888890
1.734114353196000 2147379791.344347953796387 10.475291018518519
3.053978794152000 1541968085.106382846832275 10.480440129629629
1.733495054124000 2000916458.303186655044556 10.485943037037037
3.023130523504000 1564378053.973968505859375 10.491117685185186
3.168673251258000 1960864093.340867996215820 10.496590259259261
3.053028242088000 2270942824.879025459289551 10.501132833333335
3.069402929476000 2213921116.126384735107422 10.505645796296298
3.038554658828000 2193309832.977520942687988 10.510069685185186
3.023130523504000 2147093206.676753044128418 10.514549574074076
3.062642750699000 2138101462.461810588836670 10.518986537037039
3.023130523504000 2182525425.822818279266357 10.523483277777780
3.008641493130000 2142717176.855976581573486 10.527960555555557
3.044371481335000 2137560162.042473316192627 10.532376407407408
3.059786020481000 2183397509.962215900421143 10.536860944444445
3.013542403043000 2193480830.123733043670654 10.541294018518519
3.063595348626000 2148901798.794201374053955 10.545781592592594
3.007706388180000 2183361861.484523773193359 10.550276611111112
3.160963583980000 2149003959.147856235504150 10.554771592592594
3.069402929476000 2271638351.741092681884766 10.559313759259261
3.016355958497000 2156105337.540340423583984 10.574749500000001
3.108929542901000 2129752379.417034864425659 10.580722796296298
3.183102333649000 2177687975.492399215698242 10.589663333333336
1.913540126370000 2278462900.961226940155029 10.598579407407410
3.047213819965000 1627515292.342061281204224 10.608493592592595
3.037608907532000 1999879805.995583295822144 10.614003203703707
3.108929542901000 2109470769.383188724517822 10.618489240740743
3.017294159478000 2224644200.961175918579102 10.623005314814817
1.739592790320000 2158728362.550275325775146 10.627512888888891
2.992282252856000 1555718456.680652379989624 10.632650444444446
3.090615098773000 1951622101.949035644531250 10.638114685185187
3.108929542901000 2136929517.129078626632690 10.642549962962965
3.101215077534000 2226419661.686001300811768 10.647072388888891
3.007706388180000 2248002628.022225379943848 10.651511722222224
3.060737909366000 2156388366.890380382537842 10.655981722222224
3.024070423864000 2183059664.647383213043213 10.660460148148150
3.025011024336000 2148906116.372358322143555 10.664938111111113
3.106995913034000 2138486165.413533687591553 10.669371444444446
3.075200559627000 2227612187.749656200408936 10.673868370370371
3.069402929476000 2203621024.049651145935059 10.678356000000001
3.131099470772000 2193459080.176358699798584 10.682787203703704
3.124358473635000 2238334739.107313156127930 10.687279259259260
1.733495054124000 2248594013.833472728729248 10.691720981481481
3.061690861814000 1570508008.630989551544189 10.696913296296296
1.728008960418000 1957982348.907242536544800 10.702503129629630
3.099286245756000 1557176800.206105947494507 10.707678462962964
3.300764959336000 2040318363.648566961288452 10.713196611111112
3.015418455842000 2075634995.774844408035278 10.717711018518520
3.006770238420000 1650168605.579902887344360 10.733708907407408
3.014479905698000 2128226814.834750413894653 10.739626444444445
2.999060571142000 2165289761.762092590332031 10.748588851851853
3.378935830746000 2165445570.420832157135010 10.757548611111112
3.054928285332000 2118307809.047044038772583 10.766456370370371
1.726776081046000 2181635200.171411037445068 10.770950666666668
3.008641493130000 1533900229.148063898086548 10.776114722222223
3.006770238420000 1960997910.447761297225952 10.781573981481483
3.109896537774000 2138203807.559791564941406 10.785992092592593
1.718829025792000 2226600236.245662689208984 10.790507166666668
3.005835133470000 1571170628.846668481826782 10.795697444444446
3.008641493130000 1961030943.610855340957642 10.801167370370372
1.727392979734000 2137279495.252290248870850 10.805590555555558
3.007706388180000 1557582258.076123237609863 10.810737185185188
3.071312213484000 1961562884.838139533996582 10.816204851851854
1.726159641360000 2183379444.405466079711914 10.820691870370373
3.000927027763000 1565078703.819908857345581 10.825856333333336
3.053978794152000 1962651984.560384750366211 10.831316074074076
3.106029637919000 2183157859.173499584197998 10.835810703703705
3.108929542901000 2237583943.502778053283691 10.840299944444446
1.733495054124000 2245538685.508464813232422 10.844726666666668
3.014479905698000 1571213660.345073461532593 10.849921481481482
3.008641493130000 1962912315.250934123992920 10.855394370370371
3.076157243922000 2138448859.566446542739868 10.859815203703704
3.054928285332000 2182403771.340783596038818 10.864299314814815
3.052078750908000 2193568678.801671504974365 10.868725851851853
3.030842591166000 2192481343.548124790191650 10.873166277777779
3.014479905698000 2026751907.972961187362671 10.877667370370371
1.734114353196000 2103243089.234697341918945 10.891940592592594
3.101215077534000 1472884174.520577907562256 10.898047481481482
3.046266726490000 1917865432.080297946929932 10.909189314814816
3.435072237920000 2201957425.126911640167236 10.918093888888890
3.116644008268000 2160744261.514919281005859 10.927121629629632
3.039499354598000 2229426024.734763622283936 10.931609240740743
1.724926761988000 2154472509.127988815307617 10.936113092592594
3.021249672616000 1554452805.774013996124268 10.941265166666668
3.115675335448000 1961581943.579608440399170 10.946737314814817
3.008641493130000 2227585803.438550949096680 10.951241796296298
3.008641493130000 2157889708.208210468292236 10.955749703703706
3.112767873900000 2135667715.402187347412109 10.960175962962966
3.017294159478000 2226670790.496335029602051 10.964693518518521
1.726159641360000 2159341139.318377494812012 10.969208888888891
3.053028242088000 1558965801.750950336456299 10.974353185185187
3.024070423864000 2002032607.891284704208374 10.979858555555557
3.093500612167000 2147566431.299449920654297 10.985342500000002
3.115675335448000 2115353533.069530725479126 10.989765000000002
3.023859820530000 2227641422.403719902038574 10.994281611111113
3.000927027763000 2158838339.556842327117920 10.998784648148149
2.999994320518000 2138336382.552049636840820 11.003207962962964
3.016355958497000 2138426117.298568248748779 11.007634148148149
3.015418455842000 2136008812.231678724288940 11.012059814814815
3.024070423864000 2138488423.915096044540405 11.016472648148149
3.062642750699000 2138078419.744837284088135 11.020907000000001
3.058833777075000 2183371366.246167182922363 11.025406351851853
3.014479905698000 2191245962.298114776611328 11.029850574074075
3.077114997138000 2173933298.433099746704102 11.044212500000000
1.727392979734000 2160923124.151146888732910 11.050184611111112
3.108929542901000 1641836655.424608707427979 11.059958314814816
3.448366019049000 1990423070.512973070144653 11.070069666666667
3.108929542901000 2159172732.869581699371338 11.079123574074075
1.732876215840000 2180737128.791943550109863 11.083645222222223
3.068447576644000 1562365012.531685590744019 11.088839462962964
3.032727889194000 2000048911.247631549835205 11.094331648148149
1.745685729320000 2148203151.713372707366943 11.098815981481483
3.170645265837000 1557855417.695814132690430 11.103959277777779
3.060737909366000 2079042172.575143575668335 11.109507907407409
3.013542403043000 2197431954.217401504516602 11.114018759259260
3.070357216066000 2147247993.460166454315186 11.118504092592593
3.078071681433000 2183097414.785266876220703 11.122993296296297
1.739592790320000 2191434278.205368995666504 11.127432462962963
3.000927027763000 1563673666.892480373382568 11.132598962962962
3.006770238420000 1962582898.074913978576660 11.138059037037037
3.016355958497000 2138339508.054983377456665 11.142492685185184
3.014479905698000 2138174174.399819612503052 11.146928851851850
3.006770238420000 2138419657.726264715194702 11.151354592592591
3.013542403043000 2138391957.023797750473022 11.155780814814813
3.021249672616000 2137323548.641263484954834 11.160199407407406
3.007706388180000 2138516407.779554367065430 11.164635537037036
3.114705580312000 2138351481.707878589630127 11.169058611111110
3.024070423864000 2227800833.343575954437256 11.173578555555554
3.031784889231000 2159131713.764962673187256 11.178089740740740
3.046266726490000 2030909995.510998010635376 11.182545074074072
3.068447576644000 2267789517.596505165100098 11.197016592592592
3.083866911200000 2179701347.860799312591553 11.202931314814814
1.733495054124000 1895196686.069126605987549 11.213595611111110
3.016355958497000 1847801450.867643594741821 11.223186296296294
3.393309771280000 1911952822.240943431854248 11.233275796296294
3.077114997138000 2137732460.477400302886963 11.237714185185183
1.727392979734000 2146813648.380428552627563 11.242211259259257
3.008641493130000 1558511936.510667562484741 11.247377481481479
3.008641493130000 1960910110.875110387802124 11.252844092592589
1.721285190144000 2134534167.766069412231445 11.257279722222219
3.098322368346000 1558459127.933111667633057 11.262429259259255
3.133047132348000 2041026719.578492879867554 11.267954407407403
3.115675335448000 2245774007.990461826324463 11.272380981481477
3.009577294620000 2247489737.930228710174561 11.276819296296292
1.726776081046000 2159044891.902475357055664 11.281311981481478
3.015418455842000 1557175493.063259124755859 11.286453685185181
1.728008960418000 1962521289.117993354797363 11.291928574074070
1.740214027202000 1558486146.667098760604858 11.297071740740737
3.016355958497000 1492933218.048741340637207 11.301676555555552
3.008641493130000 1960293095.569344043731689 11.307147277777775
2.999994320518000 2138254865.616311311721802 11.311583166666663
1.726776081046000 2126024742.389547348022461 11.315982574074070
3.107963267786000 1558938022.148824453353882 11.321129574074069
3.006770238420000 2041573987.922389745712280 11.326658629629625
3.023130523504000 2159077813.156512737274170 11.331171814814811
3.072266855488000 2138591623.889499187469482 11.335605499999996
3.276608593150000 2182406345.347654819488525 11.340084722222219
2.993212562396000 2067676778.039306640625000 11.344561407407404
1.719443066880000 1629592258.306582927703857 11.360552740740738
2.991350903864000 1481530478.164421558380127 11.366655166666664
3.037608907532000 2169649261.079283714294434 11.374836518518515
3.006770238420000 2171614627.027477741241455 11.383719111111107
3.439582177252000 2149498424.724326610565186 11.392606444444441
3.068447576644000 2171103009.162972450256348 11.398839259259256
3.015418455842000 2182278378.231474399566650 11.403268351851850
3.106995913034000 2123040007.918276786804199 11.407758666666664
3.106995913034000 2219314731.603416442871094 11.412279685185183
2.999994320518000 2246923351.800090312957764 11.416705388888888
3.007706388180000 2159062680.596598625183105 11.421223592592591
3.077114997138000 2136327041.549227952957153 11.425645388888888
3.006770238420000 2182910357.032616615295410 11.430144925925925
3.000927027763000 2147535073.228005886077881 11.434640018518516
3.162930800470000 2127770345.160431385040283 11.439090981481479
3.008641493130000 2270699988.984133243560791 11.443629888888887
2.991350903864000 2168757840.126274108886719 11.448170277777777
3.021249672616000 2138591685.176647901535034 11.452588981481481
3.123387403110000 2131987754.418292999267578 11.457010833333333
1.732876215840000 2227797613.219849586486816 11.461512481481481
1.732257377556000 1571177230.486253023147583 11.466707537037037
3.024070423864000 1492686461.055932998657227 11.471312907407407
3.078071681433000 1961739396.672442197799683 11.476774592592593
3.015418455842000 2183466926.230183124542236 11.481274074074074
3.076157243922000 2148788217.683372020721436 11.485764796296296
3.054928285332000 2183087046.751599788665771 11.490262166666666
3.070357216066000 2193233422.104972839355469 11.494698574074073
1.732876215840000 2193260663.149962425231934 11.499121907407407
3.153253916702000 1558937017.150527715682983 11.504309092592592
3.160963583980000 2118512638.764694213867188 11.519592759259259
3.063595348626000 2284052517.177224636077881 11.525624648148149
3.107963267786000 2170793591.807236671447754 11.534644351851853
3.024070423864000 2133807270.907102346420288 11.543634518518520
3.394364761480000 1713800271.669747591018677 11.554513740740742
3.011666350244000 2177101123.688410282135010 11.558993037037038
3.008641493130000 2105805962.858396768569946 11.563466407407407
3.007706388180000 2131670095.606922388076782 11.567903944444444
3.084827064800000 2135724223.352972745895386 11.572329425925926
3.023130523504000 2181656781.913249969482422 11.576823814814814
1.720057107968000 2148800404.232062339782715 11.581313351851851
1.734114353196000 1557553962.163736581802368 11.586463222222221
3.108929542901000 1492368845.178429841995239 11.591070796296295
1.720671606272000 2039689078.867586851119995 11.596598814814813
3.107963267786000 1570268994.037657976150513 11.601788796296294
1.726776081046000 2041828327.473631143569946 11.607319351851849
3.039499354598000 1570549539.515956401824951 11.612507129629627
1.726776081046000 2001234362.187825918197632 11.617995074074072
3.061690861814000 1565149476.954130172729492 11.623169537037034
3.037608907532000 2000090516.109483718872070 11.628670092592589
3.092539132462000 2193113446.539721488952637 11.633091166666663
3.139787404369000 2238186665.123182773590088 11.637570370370367
3.130124914868000 2293071651.295926570892334 11.642060222222220
3.138811538434000 2303532361.155758857727051 11.646495981481479
2.992282252856000 2303147780.613311767578125 11.650922462962960
3.008641493130000 2169308891.322827339172363 11.655453722222219
3.101215077534000 2138448103.992385864257812 11.659889944444442
3.059786020481000 2138047260.516820669174194 11.664329481481479
1.726776081046000 2224942147.355406761169434 11.678708925925923
3.099286245756000 1513432859.554596662521362 11.685696351851849
3.070357216066000 2146914204.402779102325439 11.695652185185182
3.378935830746000 2219230437.545954227447510 11.704568074074071
1.841656328588000 2135532965.144922256469727 11.713514111111108
3.124358473635000 1537080439.841875791549683 11.718662425925922
3.016355958497000 2020095288.658304452896118 11.724173555555552
3.015418455842000 2157301779.828608989715576 11.728668370370366
3.114705580312000 2138455594.103428125381470 11.733104092592589
3.015418455842000 2226929948.688921928405762 11.737619037037033
3.161947741420000 2158955602.935750007629395 11.742135518518515
3.107963267786000 2270713222.331048011779785 11.746673296296292
3.101215077534000 2258189107.362952709197998 11.751150666666662
3.016355958497000 2245320464.093653202056885 11.755589425925921
3.014479905698000 2156548888.852389335632324 11.760099277777773
3.061690861814000 2137249932.987099885940552 11.764520759259254
3.123387403110000 2183265570.474499225616455 11.769015555555550
3.108929542901000 2238299710.101835727691650 11.773499888888884
1.740214027202000 2248253803.593243598937988 11.777941351851846
3.066538648050000 1571369825.302128553390503 11.783134444444439
3.023130523504000 2001768832.952869892120361 11.788634555555550
2.999994320518000 2139084316.352785587310791 11.793140074074069
3.016355958497000 2138413337.616768598556519 11.797578648148143
3.015418455842000 2138277671.508641242980957 11.802012611111106
1.732876215840000 2138413676.656816959381104 11.806443518518513
3.014479905698000 1558467286.355094432830811 11.811587481481476
1.732257377556000 1962648189.654588460922241 11.817057074074070
1.732876215840000 1555018673.377673864364624 11.822207999999996
3.031784889231000 1906646317.377409458160400 11.839197703703700
3.015418455842000 2130774934.611774206161499 11.845470777777773
3.023130523504000 2097508645.436689853668213 11.855153685185181
3.378935830746000 1898767603.935480594635010 11.865750537037034
1.738971553438000 1956311572.605083942413330 11.876139055555551
3.031784889231000 1526910424.599468231201172 11.881294240740736
3.015418455842000 1960181554.383116722106934 11.886769796296292
1.740835726658000 2131713231.387151479721069 11.891195999999995
3.053978794152000 1555313490.220643043518066 11.896340055555552
3.023130523504000 2000255038.837889671325684 11.901847277777774
3.116644008268000 2148633001.451895236968994 11.906324185185182
1.746933000280000 2226136987.764694213867188 11.910831481481479
3.007706388180000 1571046199.605573654174805 11.915986648148145
1.712114849910000 1963129929.231707096099854 11.921455722222220
3.071312213484000 1558858879.140580892562866 11.926599592592590
3.007706388180000 1998189977.783930301666260 11.932084444444442
3.016355958497000 2149038724.204483509063721 11.936574888888886
3.033670538208000 2138596585.901703834533691 11.941008574074072
3.015418455842000 2138561270.069214344024658 11.945444611111109
3.024070423864000 2138291368.579870462417603 11.949863222222220
3.029899240254000 2126191376.201425790786743 11.954340925925923
3.029899240254000 2137052244.901378393173218 11.958762055555553
3.039499354598000 2138194591.301517724990845 11.963200037037035
1.734114353196000 2138482870.103506088256836 11.967633481481480
3.021249672616000 1558176236.277081489562988 11.972779981481480
3.030842591166000 1963472563.145089626312256 11.978245055555554
3.006770238420000 1923885599.468642711639404 11.982678148148146
1.740214027202000 2133803948.093835115432739 11.997927888888887
3.170645265837000 1507035413.360034942626953 12.004881740740739
3.107963267786000 2225831987.991994857788086 12.014875074074073
3.493566650886000 2177981603.498243331909180 12.023916648148147
3.015418455842000 1754020476.123451948165894 12.035494722222221
1.738971553438000 2154132413.111106395721436 12.039989074074073
3.017294159478000 1558270185.163217544555664 12.045140685185185
3.085786146800000 1961333692.262370109558105 12.050609629629630
3.071312213484000 2180013147.632311820983887 12.055097129629630
3.059786020481000 2191250377.181067943572998 12.059528148148148
3.029899240254000 2192570684.734900951385498 12.063966740740740
1.726776081046000 2146650335.068892240524292 12.068451722222221
3.017294159478000 1557807093.453607797622681 12.073600444444443
3.015418455842000 1962435615.019947528839111 12.079073166666666
3.022189572976000 2137241478.865578174591064 12.083498981481480
3.024070423864000 2136824279.228671312332153 12.087932888888886
3.016355958497000 2137320627.437212467193604 12.092363611111109
3.005835133470000 2138146265.304674386978149 12.096799740740739
3.016355958497000 2138494556.270029067993164 12.101220388888887
3.177371876744000 2138420717.411201000213623 12.105651444444442
3.022189572976000 2272553101.894922256469727 12.110189888888886
1.740835726658000 2169462232.308171272277832 12.114710703703700
3.006770238420000 1556196280.396450281143188 12.119852629629627
3.023130523504000 1961222406.444853544235229 12.125314351851848
3.132072939002000 2138442654.741505384445190 12.129745277777774
3.024070423864000 2227940770.266542434692383 12.134242518518514
3.015418455842000 1924813346.097116947174072 12.138749870370365
3.015418455842000 2129784650.579388856887817 12.152996999999994
3.161947741420000 2127936199.591732740402222 12.158884574074069
1.740835726658000 2266731266.916965007781982 12.168428740740735
1.908870063208000 1872318751.038160562515259 12.178128055555550
1.734114353196000 1485288774.527484416961670 12.193068777777773
3.061690861814000 1475789161.635515689849854 12.197678944444439
3.008641493130000 1990644852.063826084136963 12.203173055555551
3.009577294620000 2145067339.442733526229858 12.207665222222218
3.008641493130000 2134223841.242826461791992 12.212082870370367
3.023130523504000 2106762824.608215332031250 12.216517703703699
3.024070423864000 2136634928.751047849655151 12.220936222222218
3.099286245756000 2136674516.189641237258911 12.225371499999996
3.068447576644000 2227253815.363058567047119 12.229891481481477
3.100251200124000 2202594322.250007152557373 12.234386611111107
2.999994320518000 2223415413.131229877471924 12.238882537037034
3.024070423864000 2157516829.346249103546143 12.243401759259257
3.007706388180000 2138365787.124916791915894 12.247821148148146
3.022189572976000 2136124908.683328390121460 12.252257277777776
3.007706388180000 2138637972.062421083450317 12.256693092592592
3.013542403043000 2130277967.233643054962158 12.261129666666665
3.077114997138000 2138022392.457277297973633 12.265560722222220
3.037608907532000 2183234566.370803833007812 12.270042277777776
3.006770238420000 2148833007.974059581756592 12.274519759259258
3.078071681433000 2138106172.550266265869141 12.278946166666666
1.740214027202000 2183200671.662983417510986 12.283445777777777
3.107963267786000 1564620560.989085912704468 12.288607296296295
3.232360988773000 2041707016.439126968383789 12.294136111111110
3.016355958497000 2156025578.777147769927979 12.298659537037036
1.732876215840000 2107549107.125485181808472 12.312936148148147
3.107963267786000 1474676545.431881666183472 12.319027277777776
3.015418455842000 1718392346.699760913848877 12.330293296296295
1.727392979734000 1898295160.040064334869385 12.340924314814814
3.370173568294000 1870045256.589886426925659 12.350691666666666
3.107963267786000 1931371770.376921415328979 12.356177629629629
3.124358473635000 2220021150.484338760375977 12.360679759259259
3.107963267786000 2229895667.321293354034424 12.365102222222221
3.015418455842000 2245515223.325685024261475 12.369525259259259
3.008641493130000 2154853592.692577838897705 12.374032092592593
3.008641493130000 2138222994.449154615402222 12.378465851851852
3.068447576644000 2136295767.239939689636230 12.382902148148148
1.726159641360000 2183177821.087025642395020 12.387396574074074
3.028956942189000 1555833551.741176128387451 12.392568685185186
1.732257377556000 1960377211.375989913940430 12.398026574074075
3.061690861814000 1558761176.724758863449097 12.403169537037039
3.061690861814000 2000932181.736271142959595 12.408677722222224
1.738971553438000 2193549745.297070026397705 12.413116444444446
3.054928285332000 1565005147.604053497314453 12.418286055555557
3.005835133470000 2001602165.424448728561401 12.423796907407409
2.993212562396000 2144146560.150453567504883 12.428287037037039
3.005835133470000 2138552410.234070062637329 12.432708000000002
3.023130523504000 2138598926.042832374572754 12.437125722222223
3.015418455842000 2138408289.775026559829712 12.441564925925928
3.069402929476000 2138441529.935617446899414 12.445985833333335
1.720057107968000 2183205177.167784690856934 12.450485648148151
3.031784889231000 1564821154.142381668090820 12.455655111111113
3.108929542901000 1874298214.665178060531616 12.461145314814818
3.015418455842000 2157178196.588894367218018 12.475497129629632
3.017294159478000 2125620562.150741100311279 12.481491962962966
3.007706388180000 2132080180.944303274154663 12.490334462962966
3.438511605988000 2166190180.620655536651611 12.499314814814818
3.015418455842000 2160670613.525183677673340 12.508282722222226
1.726776081046000 2141553870.437302112579346 12.512776185185189
2.992282252856000 1542033836.614612102508545 12.517925111111115
3.008641493130000 1959282143.557759284973145 12.523400259259263
3.025011024336000 2138383065.784012556076050 12.527817351851857
3.005835133470000 2136117789.414391040802002 12.532255592592598
3.015418455842000 2137243871.789286613464355 12.536676555555561
3.024070423864000 2126829180.164465665817261 12.541135444444450
3.023130523504000 2118712679.611812591552734 12.545566296296302
3.062642750699000 2135982838.916800498962402 12.550007870370376
3.016355958497000 2183113042.831278800964355 12.554487981481486
3.022189572976000 2146979926.584873914718628 12.558967833333337
3.018232011296000 2138149249.245488643646240 12.563404111111115
3.024070423864000 2138544596.590482234954834 12.567842666666671
3.023130523504000 2137578182.274667263031006 12.572268222222226
3.031784889231000 2138497668.120956659317017 12.576699555555559
3.017294159478000 2138455129.707113027572632 12.581125481481484
3.016355958497000 2138498025.139161825180054 12.585546796296299
3.008641493130000 2138240849.525530815124512 12.589972796296300
3.123387403110000 2138513240.419576168060303 12.594398777777782
3.107963267786000 2227650623.447529315948486 12.598916666666671
1.732876215840000 2248355487.743536472320557 12.603334592592597
3.016355958497000 1570740031.670399427413940 12.608526962962967
1.739592790320000 1858256675.221604347229004 12.613996333333338
3.070357216066000 1943475726.918545007705688 12.629696166666671
1.740835726658000 2141622842.725881814956665 12.635905777777781
3.031784889231000 1864951011.784258604049683 12.646379574074077
3.555263192182000 1938297960.338392019271851 12.656525592592596
1.740214027202000 2226177148.060193538665771 12.665555703703706
3.047213819965000 1558284810.373784303665161 12.670771129629632
1.726159641360000 1991249273.001426935195923 12.676273203703706
3.006770238420000 1563945724.787091016769409 12.681437555555558
1.721899459840000 1945449131.127521514892578 12.686911870370373
3.070357216066000 1555779898.108971595764160 12.692058981481484
3.062642750699000 1999932265.698905706405640 12.697559777777780
1.727392979734000 2193065615.310239315032959 12.702003185185188
1.727392979734000 1564420627.359402894973755 12.707173592592595
3.139787404369000 1491274478.098226070404053 12.711777481481484
3.053978794152000 2080787951.058691501617432 12.717321537037039
3.061690861814000 2214133548.601782321929932 12.721829259259261
3.016355958497000 2193471052.050019264221191 12.726270500000002
3.060737909366000 2148654305.662664890289307 12.730760925925928
3.053978794152000 2183252325.595759868621826 12.735257981481483
2.999994320518000 2193488110.986453056335449 12.739681611111113
3.048161618910000 2146009414.674360990524292 12.744174203703706
3.100251200124000 2183298896.392686367034912 12.748671240740743
3.017294159478000 2238511357.864614009857178 12.753155814814816
3.008641493130000 2159233068.221113681793213 12.757654259259260
3.045318574810000 2138428297.258056402206421 12.762092851851852
3.060737909366000 2048132832.110592126846313 12.766674240740741
1.726776081046000 2181126468.348583698272705 12.771124629629631
3.153253916702000 2011162889.624639987945557 12.786187203703705
3.054928285332000 2190357390.883391857147217 12.792384277777778
2.999994320518000 2227816221.557940483093262 12.802166185185186
1.916958383025000 2125369223.657981872558594 12.811140370370371
3.493566650886000 1467248958.957943201065063 12.821177500000001
3.023130523504000 2032397028.631904602050781 12.826706814814816
1.726776081046000 2142625126.097975015640259 12.831222703703705
3.016355958497000 1550712167.409751176834106 12.836373074074077
1.733495054124000 1963016968.797340393066406 12.841837351851854
3.023130523504000 1557231166.102402210235596 12.846984444444447
1.740835726658000 1961415721.739365816116333 12.852453870370372
3.060737909366000 1558860103.477700471878052 12.857597222222223
3.170645265837000 2000827253.670173883438110 12.863100796296298
3.015418455842000 2282625946.367385387420654 12.867613666666667
3.078071681433000 2165189830.564048767089844 12.872131925925926
3.053978794152000 2181816515.046062469482422 12.876628611111110
3.061690861814000 2193475040.500319957733154 12.881052444444444
3.014479905698000 2193549237.535554409027100 12.885486166666666
1.739592790320000 2148780654.709148883819580 12.889978407407407
3.071312213484000 1558548766.343694686889648 12.895119703703703
3.016355958497000 1993231271.733231544494629 12.900647592592591
3.170645265837000 2148635861.152276039123535 12.905133722222221
3.008641493130000 2272314619.701258182525635 12.909661351851851
3.062642750699000 2169546327.520051479339600 12.914202888888887
3.023130523504000 2182987399.384372234344482 12.918702962962961
3.014479905698000 2148676518.693994998931885 12.923197870370368
1.748180271240000 2136683677.088505506515503 12.927635962962960
3.101215077534000 1983327121.124078750610352 12.943506740740737
3.024070423864000 2142386276.535675048828125 12.949672444444442
1.733495054124000 2175049279.237650871276855 12.959451185185182
3.508990786210000 1678212446.877072334289551 12.969364425925923
3.008641493130000 2181757208.025156021118164 12.979399537037034
3.015418455842000 2157951510.177281856536865 12.983912129629626
3.068447576644000 2117430805.896973371505737 12.989351203703700
3.093500612167000 2177594208.510112285614014 12.993846944444440
2.992282252856000 2229857384.741510391235352 12.998342074074070
3.007706388180000 2157405322.138056755065918 13.002850148148145
3.015418455842000 2137002909.925894975662231 13.007285796296292
3.029899240254000 2114204125.804313659667969 13.011700648148144
2.999994320518000 2135543474.994992494583130 13.016138277777774
3.023130523504000 2136838262.979542255401611 13.020564759259255
1.727392979734000 2138336816.467959403991699 13.024989962962959
3.007706388180000 1557789069.872990846633911 13.030131037037034
1.726776081046000 1961799591.363560676574707 13.035578240740737
3.054928285332000 1558086908.069983720779419 13.040729703703700
1.733495054124000 2002055351.770462274551392 13.046232555555552
3.054928285332000 1565031382.327021121978760 13.051401777777773
3.108929542901000 2001617355.355206966400146 13.056902481481476
3.007706388180000 2238233715.512233734130859 13.061397499999995
3.007706388180000 2159248815.117257118225098 13.065910370370364
2.998127863897000 2138203764.228558540344238 13.070346870370365
2.999994320518000 2138137702.042350292205811 13.074780759259253
3.006770238420000 2138316590.131084680557251 13.079216685185179
3.063595348626000 2138508219.149425745010376 13.083642888888882
3.061690861814000 2177058255.342781066894531 13.088144462962957
1.725543201674000 2189202189.055243015289307 13.102410722222215
3.024070423864000 1514057785.770472526550293 13.109402703703697
3.014479905698000 2108045774.634705066680908 13.119295777777772
1.922998298364000 2197906763.048775672912598 13.128308259259253
1.720057107968000 1621333600.388489723205566 13.138108796296290
3.062642750699000 1491879939.430062770843506 13.142707092592586
3.062642750699000 1974997202.646726608276367 13.148214944444437
3.062642750699000 2187104258.431191921234131 13.152646240740733
3.076157243922000 2192183732.312969207763672 13.157084259259252
3.061690861814000 2175634452.356731414794922 13.161507759259251
3.015418455842000 2175368468.468468666076660 13.165947759259252
2.998127863897000 2142578022.521965026855469 13.170437203703697
3.006770238420000 2137990147.371936559677124 13.174872944444438
3.007706388180000 2136580476.015253782272339 13.179301685185179
3.014479905698000 2138312940.675525188446045 13.183737740740733
3.108929542901000 2136222791.261016845703125 13.188156425925918
1.726159641360000 2226423067.615512371063232 13.192671333333326
3.008641493130000 1571478299.942228317260742 13.197864185185178
3.000927027763000 1961625172.740821123123169 13.203331592592585
3.016355958497000 2137909234.603418827056885 13.207760185185178
3.002793484384000 2136427920.406754016876221 13.212185462962955
2.999994320518000 2138641463.965660333633423 13.216611796296288
2.999060571142000 2138442790.440807104110718 13.221038018518509
3.054928285332000 2132504919.650585651397705 13.225466592592584
1.727392979734000 2183336968.384118080139160 13.229963277777768
1.726159641360000 1565238082.615735054016113 13.235133129629620
2.999994320518000 1492706302.222115039825439 13.239740851851842
1.739592790320000 1960558723.304896831512451 13.245213314814805
2.998127863897000 1459033471.512995719909668 13.250377462962954
3.076157243922000 2150924269.868875980377197 13.265774240740731
3.062642750699000 2181144783.912275791168213 13.271722185185176
3.146523606096000 2185727941.606082916259766 13.280596777777768
3.376834267764000 2216354709.497011661529541 13.289616574074065
3.031784889231000 2167328476.029514789581299 13.298601388888880
3.016355958497000 2137049228.085259199142456 13.303038407407398
3.024070423864000 2105416535.996086120605469 13.307467129629620
1.738971553438000 2113016150.841346025466919 13.311904462962953
3.107963267786000 1544286973.766463279724121 13.317059018518510
3.000927027763000 2001378847.854820013046265 13.322565333333324
3.079986118944000 2147341543.690041303634644 13.327055296296287
3.054928285332000 2183270544.897151947021484 13.331549518518509
3.008641493130000 2191317804.161750793457031 13.335976074074065
3.162930800470000 2146859326.599048852920532 13.340465722222213
3.016355958497000 2272633668.454432010650635 13.345006185185175
3.110863172768001 2168428898.378293991088867 13.349529314814806
1.739592790320000 2223602317.742292404174805 13.354045203703695
3.170645265837000 1570687295.371381044387817 13.359237537037028
3.062642750699000 2079989323.285707235336304 13.364791333333324
3.023130523504000 2214030817.615227699279785 13.369301740740731
3.008641493130000 2148761202.149757862091064 13.373794925925916
3.030842591166000 2138416835.576879024505615 13.378226018518509
3.025011024336000 2138372404.621811866760254 13.382654296296288
3.107963267786000 2138220126.735063314437866 13.387072962962954
3.016355958497000 2227988119.834711074829102 13.391590296296288
1.726776081046000 2157646971.935007572174072 13.396103629629621
1.725543201674000 1559257179.612487792968750 13.401257111111104
3.114705580312000 1375142126.653722286224365 13.405863722222215
3.008641493130000 2098131397.965256452560425 13.422200296296289
3.016355958497000 2123038939.107976675033569 13.428165925925919
3.015418455842000 2131990675.346218585968018 13.437007481481475
3.378935830746000 1864581695.111792325973511 13.447611611111105
3.030842591166000 2107190416.120373249053955 13.456566462962957
1.732876215840000 2108494418.874427795410156 13.461004370370365
1.734732730692000 1556595066.722328424453735 13.466150074074068
3.101215077534000 1484995871.858629226684570 13.470752629629624
3.101215077534000 2038553626.066884994506836 13.476272333333327
3.054928285332000 2247995997.448373317718506 13.480713944444439
1.726776081046000 2202179979.469081878662109 13.485205814814810
3.007706388180000 1563756543.977534770965576 13.490375962962958
3.004899680250000 1959087373.124130964279175 13.495851203703698
3.092539132462000 2135211199.591585397720337 13.500276629629623
3.109896537774000 2228052974.092242240905762 13.504784074074067
1.726776081046000 2248630442.133562564849854 13.509220055555549
3.155216335103000 1571703397.170628547668457 13.514415555555548
2.999060571142000 1962113981.855452299118042 13.519890111111103
3.001860429762000 2137597297.603131532669067 13.524308685185177
3.007706388180000 2138746010.916172981262207 13.528739759259251
3.017294159478000 2137941231.681829929351807 13.533179037037028
1.726776081046000 2138260525.260625600814819 13.537612814814805
3.053028242088000 1559192533.045589447021484 13.542761425925915
1.726776081046000 2001397386.496336698532104 13.548264185185175
3.000927027763000 1565695650.461379766464233 13.553435870370361
1.729782024420000 1876550960.674252748489380 13.558895962962954
3.008641493130000 1944970110.648750066757202 13.574818888888879
3.069402929476000 2020703392.540126800537109 13.580900314814805
3.053028242088000 1801941690.962099075317383 13.589799259259250
3.076157243922000 2219599289.375294208526611 13.598774148148138
3.369124600486000 2186592317.462439537048340 13.607638888888879
3.022189572976000 2114925472.223794937133789 13.613853574074064
3.015418455842000 2137128300.022607326507568 13.618276944444434
3.139787404369000 2133812064.955474138259888 13.622695925925916
1.733495054124000 2265714072.296238422393799 13.627232814814805
2.999994320518000 1575895630.834889411926270 13.632439759259249
3.062642750699000 1952180456.497936248779297 13.637936518518508
3.006770238420000 2182576504.722513675689697 13.642436240740730
3.154235673758000 2147119617.540660858154297 13.646925703703694
3.015418455842000 2272144539.047541618347168 13.651471444444434
3.023130523504000 2166440498.804572105407715 13.655994851851842
1.726159641360000 2138551211.097234487533569 13.660428388888880
3.100251200124000 1558468706.011109828948975 13.665572259259250
3.061690861814000 2041724955.220275878906250 13.671093111111102
3.015418455842000 2202568027.267025470733643 13.675580962962954
3.024070423864000 2147828040.278853893280029 13.680075555555547
3.054928285332000 2138578770.350700378417969 13.684496870370362
3.108929542901000 2183220180.197995662689209 13.688991925925917
3.061690861814000 2238400628.728434085845947 13.693480703703695
3.060737909366000 2203540592.847454071044922 13.697958777777769
3.067493290054000 2193326470.034121036529541 13.702382018518509
3.008641493130000 2193571156.162183761596680 13.706810462962954
3.013542403043000 2148795195.646519184112549 13.711295592592585
3.169659809082000 2133118179.691937685012817 13.715729518518511
3.161947741420000 2133989110.870397329330444 13.720277037037031
1.727392979734000 1662919278.123585939407349 13.737178462962957
3.069402929476000 1480702276.155998706817627 13.743352777777773
3.008641493130000 2173087101.227975845336914 13.751454037037032
3.007706388180000 1875634827.855588436126709 13.762073888888883
3.485854583224000 1877718491.418551921844482 13.773057962962957
3.069402929476000 2224972618.074558734893799 13.779311074074068
3.115675335448000 2201721592.687145233154297 13.783808481481476
3.031784889231000 2233676813.559601306915283 13.788301129629623
3.031784889231000 2152796244.810125350952148 13.792810444444438
3.016355958497000 2134732263.478253841400146 13.797246259259254
3.069402929476000 2137617190.245861768722534 13.801672111111106
3.024070423864000 2181889781.347612857818604 13.806154111111105
1.740214027202000 2147148926.847013950347900 13.810633814814809
3.115675335448000 1558802044.616346836090088 13.815785555555550
3.116644008268000 2039402060.056452035903931 13.821303203703698
1.720057107968000 2248441119.521211147308350 13.825721759259253
3.016355958497000 1571441302.729219198226929 13.830919962962955
3.016355958497000 1961962858.762162446975708 13.836376611111103
3.063595348626000 2138582508.781528949737549 13.840810370370361
3.059786020481000 2182963980.138928413391113 13.845297092592583
3.061690861814000 2193343452.430758953094482 13.849723388888879
1.734114353196000 2193137207.235904693603516 13.854141685185176
1.726776081046000 1544853122.503591060638428 13.859311148148139
1.726159641360000 1492683143.845773696899414 13.863919092592583
3.016355958497000 1491947006.025331258773804 13.868526185185177
3.056828328576000 2029324036.379384994506836 13.874298685185178
3.389087452960000 2183080022.577548503875732 13.878793481481473
3.017294159478000 2126261328.112145662307739 13.883295555555547
3.014479905698000 2171141023.791986465454102 13.897676370370363
1.726159641360000 2125406318.758815050125122 13.903584703703697
1.728625629605000 1834495821.727019548416138 13.913244462962956
1.908188354152000 1656396417.996827363967896 13.923995740740734
3.008641493130000 1675637624.771967649459839 13.934928648148142
3.010512747840000 1960222974.368000030517578 13.940399962962957
3.100251200124000 2090407700.905471563339233 13.944823685185179
3.124358473635000 2226976771.643859386444092 13.949340833333327
3.114705580312000 2246302285.327246189117432 13.953770055555550
3.014479905698000 2248076835.235181808471680 13.958213425925921
3.067493290054000 2157620328.456059455871582 13.962721611111107
3.125330267490000 2181632124.053490638732910 13.967216685185180
3.013542403043000 2238080461.381175518035889 13.971708833333329
1.720057107968000 2157190937.183238506317139 13.976221370370366
1.725543201674000 1557348732.219938039779663 13.981365240740736
1.733495054124000 1492969952.208590984344482 13.985964703703699
3.016355958497000 1494064975.517045497894287 13.991577074074069
3.015418455842000 1953599963.616518020629883 13.997074074074069
3.008641493130000 2138154329.720001697540283 14.001498703703700
3.076157243922000 2138705390.691538095474243 14.005934333333329
3.023130523504000 2182990516.916943550109863 14.010412092592588
3.070357216066000 2148676557.202603340148926 14.014901981481477
3.060737909366000 2183043823.319307804107666 14.019386740740737
3.017294159478000 2193229224.217551708221436 14.023817870370367
1.741456500966000 2148162621.859265327453613 14.028312277777774
3.015418455842000 1558465342.433683395385742 14.033453851851847
3.030842591166000 1962567707.487412452697754 14.038926740740736
3.023130523504000 2136298200.899550199508667 14.043373407407403
3.123387403110000 2134837738.564366817474365 14.057631148148143
3.014479905698000 2170046286.897309303283691 14.063633166666662
3.060737909366000 1896537208.561788558959961 14.074275629629625
3.431870109590000 2186842073.778664112091064 14.083191185185180
3.071312213484000 1969354036.958155155181885 14.093616388888885
3.099286245756000 2187122415.526237487792969 14.098056185185181
1.734732730692000 2141675677.689336776733398 14.102530129629626
3.007706388180000 1557183574.270437717437744 14.107673370370367
3.001860429762000 1959553269.788869142532349 14.113148296296293
3.015418455842000 2137170762.881774902343750 14.117581777777774
3.015418455842000 2136592667.030827045440674 14.122022907407404
3.018232011296000 2137832310.121031522750854 14.126457018518515
3.024070423864000 2137023439.685077428817749 14.130893148148145
2.999994320518000 2138158554.954894781112671 14.135318999999997
3.029899240254000 2135101715.374045133590698 14.139752759259256
3.023130523504000 2137471638.023271560668945 14.144183574074070
1.733495054124000 2138638709.192116737365723 14.148614907407403
1.726776081046000 1559346291.151448726654053 14.153760759259255
3.023130523504000 1492839206.765164613723755 14.158368240740737
3.114705580312000 1962801492.400379419326782 14.163818074074070
3.170645265837000 2226005546.927002429962158 14.168325074074071
3.069402929476000 2293394260.136263370513916 14.172818018518516
3.068447576644000 2214184258.719378471374512 14.177327981481479
3.078071681433000 2193229089.362695693969727 14.181769722222221
3.008641493130000 2176399354.184658527374268 14.186208555555554
3.000927027763000 2148468878.897105216979980 14.190693722222221
3.017294159478000 1918391523.344078302383423 14.195146037037036
3.015418455842000 2132644310.620703458786011 14.209393018518517
1.733495054124000 2125817009.581537008285522 14.215295574074073
