1.740214027202000 2132162680.434095621109009 0.001054555555556
3.023130523504000 1556626375.560912609100342 0.006209018518519
3.031784889231000 1963190763.038602590560913 0.011674981481481
3.106029637919000 2134727314.642110109329224 0.016093111111111
3.125330267490000 2227745890.222406864166260 0.020600203703704
3.209217592672000 2248603851.455783367156982 0.025033351851852
3.016355958497000 2233827063.157368183135986 0.029477277777778
3.029899240254000 2158389630.316432476043701 0.033991148148148
3.031784889231000 2138126765.216300487518311 0.038419574074074
1.738971553438000 2138107386.263611793518066 0.042837685185185
3.022189572976000 1558294423.471038579940796 0.047988240740741
3.016355958497000 1883015468.367543935775757 0.053458185185185
3.137834582146000 2217409040.955381393432617 0.067865462962963
3.008641493130000 2208690103.384535312652588 0.073846370370370
1.739592790320000 2165523858.972867965698242 0.082762962962963
1.732257377556000 1649705042.730205535888672 0.092579074074074
3.101215077534000 1419637432.606205701828003 0.111559555555556
3.053028242088000 2021818817.526910066604614 0.117083759259259
3.216932058039000 2195661385.480089664459229 0.121594296296296
3.169659809082000 2325139704.140562057495117 0.126128481481481
3.172617280416000 2313718778.449060440063477 0.130603666666667
3.038554658828000 2302203464.000334739685059 0.135030148148148
3.006770238420000 2169328540.394310951232910 0.139548111111111
3.069402929476000 2137740980.189462661743164 0.143919148148148
3.070357216066000 2183340717.316996574401855 0.148405000000000
3.140763997206000 2193428410.060746192932129 0.152831444444444
1.733495054124000 2238096100.674542427062988 0.157325574074074
3.017294159478000 1571335029.365379571914673 0.162515611111111
3.015418455842000 1956984040.050503253936768 0.167986481481482
3.018232011296000 2138732833.478057384490967 0.172422333333333
3.159980524930000 2138884448.814779043197632 0.176847981481482
3.007706388180000 2273036577.896464824676514 0.181383203703704
3.031784889231000 2169734769.904141902923584 0.185901851851852
1.734732730692000 2138559457.392525196075439 0.190333129629630
1.720057107968000 1559026748.986016750335693 0.195474203703704
1.726776081046000 1492491196.475374221801758 0.200080944444444
1.720671606272000 1493117727.996910095214844 0.204683833333333
1.734732730692000 1492889157.266732692718506 0.209283944444444
1.807403757982000 1310535152.942687273025513 0.213898962962963
3.115675335448000 1490309657.035357713699341 0.218505851851852
3.060737909366000 2261678949.927078247070312 0.233933351851852
3.017294159478000 2158548694.045287609100342 0.239976185185185
1.746933000280000 2151439905.866532325744629 0.248899685185185
3.572908429254000 1909213666.116758108139038 0.258643166666667
3.123387403110000 1670188582.179885149002075 0.269903018518519
3.029899240254000 1972204813.124907255172729 0.274399981481481
3.132072939002000 2150876220.922826290130615 0.278906666666667
1.742077969135000 2221232754.831686973571777 0.283414907407407
3.078071681433000 1570269054.168316841125488 0.288605518518519
3.037608907532000 1999817011.583972930908203 0.294109611111111
1.727392979734000 2148649058.689589977264404 0.298599018518519
3.154235673758000 1548896851.107943534851074 0.303743685185185
3.083866911200000 2081004115.171442985534668 0.309296759259259
3.079986118944000 2214105248.472563743591309 0.313809888888889
3.029899240254000 2192672541.964923858642578 0.318241500000000
3.023130523504000 2148586096.644472599029541 0.322736018518519
3.032727889194000 2138521827.640805244445801 0.327157018518519
1.748804138900000 2138320246.098137617111206 0.331575611111111
3.107963267786000 1557576055.217308521270752 0.336718925925926
1.727392979734000 2041937472.870251893997192 0.342222314814815
3.017294159478000 1571390133.889063358306885 0.347411796296296
3.178359731204000 1962638282.746900796890259 0.352882203703704
1.734114353196000 2272769099.761647701263428 0.357427296296296
3.083866911200000 1577693507.231955766677856 0.362638222222222
2.999994320518000 2000717443.293968677520752 0.368136037037037
3.040444754052000 2149253926.463912487030029 0.372623629629630
1.727392979734000 1904760223.048326969146729 0.377106962962963
3.029899240254000 1937087227.244176149368286 0.392025000000000
3.025951274752000 2089966608.810150623321533 0.398213148148148
3.177371876744000 2131540201.238678216934204 0.406178629629630
3.123387403110000 2199753800.220518112182617 0.415147407407407
3.447294244914000 2242928150.716664791107178 0.424060870370370
3.022189572976000 1915722084.993424177169800 0.431692833333333
3.031784889231000 1873248537.938304901123047 0.436119611111111
1.746933000280000 2131730391.951898813247681 0.440548537037037
3.030842591166000 1552225118.287307739257812 0.445695296296296
3.006770238420000 1962435685.575430393218994 0.451159481481482
3.037608907532000 2138318347.478677511215210 0.455595351851852
3.023130523504000 2136642701.306517601013184 0.460026129629630
3.134020963136000 2137880665.278923749923706 0.464447555555556
3.030842591166000 2228144581.574770450592041 0.468962500000000
1.746309364800000 2159235127.478753566741943 0.473473055555556
1.746933000280000 1558450477.887574911117554 0.478617222222222
3.176382918536000 1480939772.110689163208008 0.483224722222222
3.170645265837000 2080138909.025311708450317 0.488768185185185
1.728625629605000 2289904922.888965129852295 0.493194222222222
3.069402929476000 1577978173.455372810363770 0.498412129629630
1.746309364800000 2001629692.901901483535767 0.503897166666667
3.116644008268000 1564911289.541726589202881 0.509061074074074
3.024070423864000 2041408457.515944719314575 0.514574907407408
3.023130523504000 2159259751.303254604339600 0.519082851851852
1.739592790320000 2138821195.536463260650635 0.523518796296296
3.084827064800000 1558672639.275791168212891 0.528657481481482
3.069402929476000 1848828044.603718519210815 0.534491574074074
3.076157243922000 2186049341.433009147644043 0.548989944444445
3.069402929476000 2180412677.006068706512451 0.554921944444445
3.028956942189000 2144215059.877047777175903 0.563781148148148
1.928345273386000 1897569606.788303375244141 0.574400722222222
3.031784889231000 1517494514.288664579391479 0.584443648148148
3.093500612167000 1750587864.145422220230103 0.592139240740741
1.733495054124000 2181696315.523177623748779 0.596641111111111
3.023130523504000 1560020258.802804231643677 0.601813074074074
3.014479905698000 1962209678.128349781036377 0.607289722222223
3.031784889231000 2138382504.008137464523315 0.611713592592593
3.037608907532000 2134509641.769725084304810 0.616147425925926
3.131099470772000 2138141870.705183982849121 0.620588611111112
1.739592790320000 2227608300.897283554077148 0.625108425925926
1.740214027202000 1571691626.061757564544678 0.630303777777778
3.178359731204000 1492886276.845320224761963 0.634905759259260
3.036664211762000 2081173847.170403003692627 0.640454907407408
1.738971553438000 2169687820.685930252075195 0.644980796296297
3.117613402632000 1557693953.485021591186523 0.650122111111112
3.076157243922000 2038481394.082410573959351 0.655631111111111
3.070357216066000 2192726862.641906738281250 0.660064777777778
3.078071681433000 2193696779.516927719116211 0.664508555555556
1.739592790320000 2175314944.968618869781494 0.668940370370371
3.108929542901000 1565117554.134651422500610 0.674110092592593
3.021249672616000 2041677724.832417249679565 0.679632518518519
3.023130523504000 2158508424.475317478179932 0.684143185185186
3.116644008268000 2138801806.179210662841797 0.688564222222223
3.023130523504000 2016847260.052345514297485 0.693085462962963
1.727392979734000 2217105572.450122833251953 0.707414222222223
1.733495054124000 1510337162.101051807403564 0.714375814814815
3.005835133470000 1656837158.868724822998047 0.725135222222223
3.371221365379000 2126046131.142976522445679 0.735111611111111
3.015418455842000 1978856827.704653263092041 0.745117685185186
1.726776081046000 1874008884.748227357864380 0.750007462962963
1.799399136376000 1537763705.898195505142212 0.755164407407408
3.017294159478000 1479584599.626438379287720 0.759774685185186
1.739592790320000 1961135345.865043878555298 0.765237370370371
3.016355958497000 1558631574.779340744018555 0.770381888888889
3.023130523504000 1955160870.769625902175903 0.775863629629630
3.015418455842000 2130183615.038802385330200 0.780287740740741
3.022189572976000 2138552798.387873649597168 0.784707944444445
3.106995913034000 2138159013.108457803726196 0.789143870370371
3.022189572976000 2227294095.900032997131348 0.793652037037037
3.117613402632000 2159058245.176327705383301 0.798164888888889
3.123387403110000 2227995491.027143955230713 0.802682629629630
3.016355958497000 2248548142.272689342498779 0.807118555555556
1.746933000280000 2159338607.296287059783936 0.811631759259259
1.740835726658000 1555356523.991825103759766 0.816778574074074
1.734732730692000 1492953537.223340034484863 0.821380425925926
3.032727889194000 1492864278.291132688522339 0.825977796296296
3.060737909366000 1963205208.938342571258545 0.831429962962963
3.153253916702000 2183580749.068922042846680 0.835919981481482
3.060737909366000 2282271727.755136966705322 0.840432259259259
1.726776081046000 2205017282.977990150451660 0.844945370370370
3.225649510644000 1412247579.073185443878174 0.850275055555556
3.039499354598000 2106582576.399177312850952 0.866499537037037
3.093500612167000 2124628322.359269142150879 0.872490092592593
1.740214027202000 2171051633.600745677947998 0.881391129629630
3.570687327506000 1823101362.761956453323364 0.891008037037037
3.093500612167000 1581175959.966216325759888 0.903001611111111
3.016355958497000 2171248608.896553993225098 0.907554351851852
3.024070423864000 2144809236.972627878189087 0.912045962962963
3.077114997138000 2131442301.212587594985962 0.916497722222222
3.077114997138000 2182359903.142913818359375 0.920994611111111
3.054928285332000 2189003297.330871105194092 0.925437037037037
3.037608907532000 2193098342.615133285522461 0.929879555555556
1.733495054124000 2148787810.756380558013916 0.934366814814815
3.032727889194000 1559045478.088222503662109 0.939515407407407
3.008641493130000 1962513466.048097848892212 0.944988018518519
3.017294159478000 2138026377.400372743606567 0.949409592592593
3.024070423864000 2138222938.225214481353760 0.953835166666667
3.070357216066000 2128511819.210549354553223 0.958270037037037
3.070357216066000 2183263777.999785423278809 0.962755851851852
1.739592790320000 2193681440.130464553833008 0.967184462962963
3.061690861814000 1564597764.402407407760620 0.972353351851852
3.110863172768001 2001458021.219783067703247 0.977839148148148
3.017294159478000 2238459867.979691982269287 0.982310962962963
3.178359731204000 2159477233.097548961639404 0.986813925925926
3.040444754052000 2271147827.650903224945068 0.991344351851852
3.116644008268000 2169373986.064254760742188 0.995878388888889
3.032727889194000 2227434639.839628219604492 1.000395666666667
3.024070423864000 1937285033.552109956741333 1.004927037037037
3.024070423864000 2112665446.632991075515747 1.019275962962963
3.069402929476000 1847192340.791738510131836 1.026247962962963
3.115675335448000 1712814039.579462289810181 1.037878574074074
2.055271790880000 1766474674.118315458297729 1.048733740740741
3.078071681433000 1513111235.464448213577271 1.064850037037037
3.031784889231000 1980394005.246417284011841 1.070363500000000
3.169659809082000 2131539312.495359659194946 1.074853166666667
3.014479905698000 2270479164.284430980682373 1.079387759259260
3.162930800470000 2167575881.964109420776367 1.083926240740741
3.170645265837000 2272478503.419167041778564 1.088454092592593
3.077114997138000 2303314721.957579135894775 1.092885870370371
3.016355958497000 2214089519.901518344879150 1.097398833333334
3.132072939002000 2148487188.686948299407959 1.101889222222223
1.746309364800000 2228028456.305125713348389 1.106388648148149
3.123387403110000 1571813584.093193531036377 1.111583722222223
3.078071681433000 2039832668.921977281570435 1.117107037037038
3.024070423864000 2203850572.912373065948486 1.121600000000000
3.131099470772000 2148686335.416572093963623 1.126077240740741
3.123387403110000 2227904472.619501113891602 1.130594851851852
3.124358473635000 2248683476.085073471069336 1.135020648148149
3.121444177065000 2248870620.666611194610596 1.139454351851852
3.070357216066000 2238468963.684750080108643 1.143914777777778
3.101215077534000 2202496768.251634597778320 1.148398648148149
1.740835726658000 2193560403.230855941772461 1.152835037037038
1.726159641360000 1565658347.842909812927246 1.158004037037038
3.347037365308000 1492887241.108628749847412 1.162604314814816
1.726776081046000 1755196734.056480884552002 1.168106666666667
3.223644282716000 1489865033.988335371017456 1.183261648148149
3.008641493130000 2164701214.957349300384521 1.190475740740741
1.727392979734000 2133426175.655197381973267 1.199433314814816
3.378935830746000 1837172143.752900362014771 1.209090833333334
3.146523606096000 1794312171.760942935943604 1.219454074074075
3.024070423864000 2002452796.026677131652832 1.226143129629631
3.008641493130000 2147410223.222123861312866 1.230678555555556
3.069402929476000 2124648897.757110118865967 1.235114796296297
3.068447576644000 2175403121.516164779663086 1.239599796296297
3.114705580312000 2191663296.149093151092529 1.244035500000001
1.740214027202000 2237584491.242856979370117 1.248517555555557
3.003963878760000 1570978838.072222232818604 1.253712944444445
3.069402929476000 1962637591.362238883972168 1.259170462962964
3.015418455842000 2183324482.681895732879639 1.263664796296297
3.024070423864000 2147618795.597872734069824 1.268157574074075
3.107963267786000 2138708483.432793855667114 1.272573370370371
1.740835726658000 2228234241.658802986145020 1.277067462962964
3.030842591166000 1571804310.888359308242798 1.282266185185186
3.014479905698000 1962816382.627817630767822 1.287723185185186
3.030842591166000 2137703846.121694803237915 1.292153814814816
3.023130523504000 2138646886.609509944915771 1.296575277777779
3.022189572976000 2138659501.333020448684692 1.300992981481483
3.126301699680000 2138713549.841375827789307 1.305429277777779
1.739592790320000 2228042585.164169788360596 1.309939629629631
3.077114997138000 1571995482.395258188247681 1.315129203703705
1.726776081046000 2001465525.603200912475586 1.320627648148149
3.068447576644000 1418384198.640811681747437 1.325867703703705
3.069402929476000 1995478016.498957633972168 1.331383203703705
3.022189572976000 2230988301.172206401824951 1.345729370370372
3.007706388180000 2133285293.259953737258911 1.351698666666668
3.084827064800000 2164724543.882162570953369 1.360660166666668
1.914907327230000 2171518419.427865505218506 1.369568333333335
3.060737909366000 1454863424.780467987060547 1.382816222222224
3.000927027763000 1808023160.348672389984131 1.389393555555557
3.062642750699000 2115384564.548439741134644 1.393876981481483
3.024070423864000 2181277544.624214172363281 1.398355740740742
3.115675335448000 2148055369.127516746520996 1.403852185185187
3.107963267786000 2220437235.612395763397217 1.408369962962964
3.123387403110000 2248045155.307523727416992 1.412803222222224
3.068447576644000 2248403694.525794029235840 1.417242222222224
3.115675335448000 2203043840.370155811309814 1.421724814814816
3.023130523504000 2237895201.711871147155762 1.426199018518520
3.009577294620000 2159148181.011535167694092 1.430707018518520
3.030842591166000 2138328712.274147272109985 1.435128537037039
3.085786146800000 2138601995.574666976928711 1.439564277777780
3.076157243922000 2182502568.811893463134766 1.444041055555557
3.031784889231000 2193787117.931258678436279 1.448479611111113
1.733495054124000 2148697027.745164871215820 1.452974888888891
3.014479905698000 1558848538.306451559066772 1.458118592592594
3.014479905698000 1962950213.255428075790405 1.463576314814817
3.068447576644000 2138033633.265624523162842 1.467988833333335
3.023130523504000 2183730806.712695598602295 1.472473425925928
3.022189572976000 2149316222.952118396759033 1.476961351851853
3.067493290054000 2138693137.959265708923340 1.481394759259261
3.054928285332000 2181544741.102656364440918 1.485889962962964
1.740214027202000 2007022049.006109952926636 1.490342166666668
3.023130523504000 2009706720.572640657424927 1.505430166666668
1.734114353196000 2023474193.813079357147217 1.511523666666668
3.028956942189000 1484770105.605199098587036 1.519525166666668
3.092539132462000 2095672842.960204362869263 1.529420629629631
3.432937088315000 2219235319.472773551940918 1.538399833333335
3.123387403110000 1826734510.082518100738525 1.546871592592594
3.124358473635000 2230099043.972321987152100 1.551359685185187
1.740835726658000 2248387526.427943229675293 1.555800481481483
1.739592790320000 1562581294.410274267196655 1.560997185185187
1.734732730692000 1492476498.341438293457031 1.565597333333335
3.016355958497000 1491607429.383420705795288 1.570197685185187
3.030842591166000 1962405117.617744922637939 1.575660296296298
3.024070423864000 2127776595.611520767211914 1.580098685185187
3.038554658828000 2138458143.029978513717651 1.584522259259261
3.023130523504000 2138228069.368031263351440 1.588948462962965
1.740214027202000 2138164338.166070222854614 1.593374296296298
3.029899240254000 1558292019.370983123779297 1.598517537037039
3.032727889194000 1960635321.666255950927734 1.603926870370372
3.024070423864000 2137005396.301354885101318 1.608346907407409
3.039499354598000 2121323885.422148942947388 1.612780574074076
1.740214027202000 2138414561.149397373199463 1.617217037037039
3.069402929476000 1559039771.029467344284058 1.622360833333335
3.116644008268000 2001581076.427573204040527 1.627846055555557
3.115675335448000 2237981215.757892131805420 1.632317888888891
3.023130523504000 2248889347.801599502563477 1.636756722222224
3.069402929476000 2159007755.823029041290283 1.641264685185187
3.447294244914000 2183415133.549546718597412 1.645747000000002
3.023130523504000 2066288060.690874338150024 1.650272666666668
1.740835726658000 2216998199.488438129425049 1.664651296296298
3.108929542901000 1500472539.455416679382324 1.671614148148150
1.740214027202000 2177683950.047200679779053 1.681559833333335
3.387703672662000 1876642421.512232065200806 1.691179166666668
1.734114353196000 1819510488.234319925308228 1.707618222222224
1.733495054124000 1548039818.711557149887085 1.712766555555557
3.063595348626000 1486636241.794420719146729 1.717367648148150
3.068447576644000 2000518053.502359151840210 1.722854425925928
3.115675335448000 2192294840.171785831451416 1.727291481481483
3.123387403110000 2238324487.065120220184326 1.731775481481483
3.153253916702000 2242387229.375617504119873 1.736199407407409
3.031784889231000 2292017868.559667110443115 1.740688981481483
3.063595348626000 2169428869.028168201446533 1.745222611111113
3.101215077534000 2183151242.892024517059326 1.749720037037039
3.169659809082000 2193384542.211652755737305 1.754158648148150
3.124358473635000 2283035558.189495563507080 1.758658314814816
3.113736907492000 2258437544.049096107482910 1.763151407407409
1.740835726658000 2248251392.443173408508301 1.767580074074076
3.077114997138000 1571090911.035301446914673 1.772775018518520
3.078071681433000 2002017195.446839570999146 1.778280351851853
3.114705580312000 2193586436.635925292968750 1.782722055555557
3.039499354598000 2238354763.313242435455322 1.787198592592594
3.022189572976000 2159364033.756796836853027 1.791714555555557
3.022189572976000 2137612016.779282093048096 1.796138000000001
3.077114997138000 2138755554.442301273345947 1.800573888888890
3.306418646817000 2174814621.798689365386963 1.805051222222223
3.108929542901000 1890200765.200033187866211 1.809504185185187
3.007706388180000 1678515627.594222068786621 1.825565518518520
3.095424645856000 2170011938.197912216186523 1.831565555555557
3.017294159478000 2166156072.349277496337891 1.840494462962964
3.448366019049000 1897394949.623195886611938 1.851142000000001
3.078071681433000 1975554027.846658229827881 1.861149185185187
3.214931254926000 1904285198.016959190368652 1.865986500000002
3.079029078342000 2222462791.302087783813477 1.870475444444446
3.078071681433000 2191228526.392235755920410 1.874963296296298
1.747557100120000 2192738125.031282901763916 1.879403074074076
1.734114353196000 1561173686.551956653594971 1.884564777777779
1.734114353196000 1492990209.452526092529297 1.889166722222224
3.106995913034000 1492168857.529479980468750 1.893764944444446
3.061690861814000 2033685047.176604986190796 1.899293814814817
3.083866911200000 2190229184.422736644744873 1.903813222222224
3.030842591166000 2191979034.868016719818115 1.908242092592594
3.153253916702000 2149118488.885222911834717 1.912732277777780
3.039499354598000 2272593518.650704383850098 1.917272370370372
3.070357216066000 2213618351.833827972412109 1.921781759259261
3.025011024336000 2193277764.586795806884766 1.926227370370372
3.033670538208000 2148878468.283789634704590 1.930717129629631
1.746933000280000 2138448485.203486204147339 1.935143222222224
3.060737909366000 1558772466.539196968078613 1.940286055555557
3.123387403110000 2001469295.058139562606812 1.945790055555557
3.029899240254000 2238546527.792100429534912 1.950279407407409
3.022189572976000 2159232354.901621818542480 1.954780185185187
1.733495054124000 2138405845.995040416717529 1.959193462962965
3.014479905698000 1558339376.464227914810181 1.964331425925927
3.106995913034000 1803998229.657958984375000 1.969812685185187
3.077114997138000 2162260937.996696949005127 1.984143462962964
3.077114997138000 2184302116.151336669921875 1.990121296296298
3.086745943200000 2187766413.378625392913818 1.998980092592594
3.377885635956000 2186609945.872801303863525 2.007848092592594
3.310535024082000 1943549435.484297990798950 2.018343814814816
3.115675335448000 1902225299.454175233840942 2.022791722222224
3.023130523504000 2225968630.793121337890625 2.027311370370372
3.079029078342000 2148742898.833482265472412 2.031829407407409
3.124358473635000 2178491587.272757053375244 2.036315555555557
3.133047132348000 2238192381.888706684112549 2.040798537037038
3.123387403110000 2247037594.486809730529785 2.045237722222223
3.030842591166000 2248444280.874911308288574 2.049665685185186
3.076157243922000 2157820506.725465297698975 2.054184166666667
3.024070423864000 2183171333.813986778259277 2.058679074074075
1.741456500966000 2148909720.817108631134033 2.063163722222223
1.734114353196000 1557627185.151052713394165 2.068307870370371
3.078071681433000 1492855981.865097522735596 2.072915314814815
3.021249672616000 2001924426.013957738876343 2.078408092592593
3.017294159478000 2149037671.105605602264404 2.082892814814815
1.740835726658000 2109057996.748780727386475 2.087335592592593
3.039499354598000 1557970939.684164524078369 2.092473055555556
3.023130523504000 1962795794.746147632598877 2.097930074074074
3.076157243922000 2138364262.377481698989868 2.102351185185185
1.740214027202000 2181602940.145275115966797 2.106840759259260
1.738971553438000 1564620828.946520328521729 2.112011981481482
3.060737909366000 1488171376.136450529098511 2.116613296296296
3.017294159478000 1830085531.133693933486938 2.122151240740741
3.069402929476000 2249958049.780926704406738 2.137248500000000
1.732876215840000 2179452512.370935916900635 2.143213796296296
3.123387403110000 1821643757.503001213073730 2.152839574074074
3.377885635956000 2145072284.580034255981445 2.162784833333333
3.062642750699000 1957649987.031982660293579 2.173280740740741
3.101215077534000 1957180849.097294807434082 2.177788796296297
3.099286245756000 2224635026.737967967987061 2.182276796296296
3.006770238420000 2239296532.808683395385742 2.186719500000000
3.054928285332000 2158303978.185472965240479 2.191215314814815
1.733495054124000 2183174287.913146495819092 2.195715000000000
1.720057107968000 1563988819.248094558715820 2.200882611111111
3.107963267786000 1492748773.780615329742432 2.205488759259259
3.018232011296000 2042413279.155524015426636 2.211007851851852
3.053028242088000 2159365617.254263401031494 2.215513018518519
2.999994320518000 2182129258.203272819519043 2.220007611111111
3.016355958497000 2148631379.697139739990234 2.224498129629630
3.007706388180000 2136999928.745970964431763 2.228916333333333
3.114705580312000 2138695567.441879987716675 2.233344425925926
3.107963267786000 2227983496.101764678955078 2.237857388888889
1.734114353196000 2248508154.520762920379639 2.242295962962963
3.060737909366000 1571572035.364144325256348 2.247488500000000
3.014479905698000 2001631353.123096704483032 2.252991407407407
1.746933000280000 2149127392.712049484252930 2.257481314814815
3.008641493130000 1550874864.380015373229980 2.262653037037037
1.740214027202000 1962375042.027937173843384 2.268105759259259
3.068447576644000 1559198283.490284442901611 2.273254018518518
3.015418455842000 1831453631.292416572570801 2.278771388888889
1.748180271240000 2257191624.746747016906738 2.293194833333333
3.023130523504000 1510199094.372169971466064 2.300151333333333
3.029899240254000 2070545781.682828903198242 2.310031962962963
3.363506900012000 1728161885.362143039703369 2.320805018518518
1.741456500966000 1836264596.697957992553711 2.332343333333333
3.014479905698000 1543045887.003658056259155 2.337491648148148
3.022189572976000 1951780084.210383653640747 2.342958555555556
3.116644008268000 2137903701.662993431091309 2.347395000000000
3.022189572976000 2227021484.182517051696777 2.351904777777778
3.062642750699000 2155750044.132075786590576 2.356415648148148
1.733495054124000 2183033487.326550960540771 2.360897166666667
3.062642750699000 1565056833.665610074996948 2.366061685185185
3.070357216066000 2001016065.799046039581299 2.371559907407407
3.062642750699000 2192581377.560616970062256 2.375990444444445
3.000927027763000 2193960837.165054321289062 2.380428703703704
3.178359731204000 2149420585.504734992980957 2.384916759259259
1.726776081046000 2272732078.438437938690186 2.389439296296297
3.037608907532000 1577798777.560881853103638 2.394647462962963
3.170645265837000 1962981613.012538194656372 2.400112277777778
3.125330267490000 2279441107.291478157043457 2.405639277777778
3.024070423864000 2258780183.613372802734375 2.410129388888889
3.115675335448000 2159346745.474329948425293 2.414622277777778
3.171631456638000 2227906846.272493362426758 2.419124592592593
3.077114997138000 2293318785.045957565307617 2.423609444444445
3.078071681433000 2213348661.140891075134277 2.428124759259259
1.726776081046000 2121689931.464589834213257 2.432566907407407
3.131099470772000 1437553151.095567703247070 2.437756166666667
1.746933000280000 2118634126.244118213653564 2.453128500000000
1.718829025792000 1447612729.685029506683350 2.459241944444444
3.114705580312000 1642742239.353200912475586 2.471060833333333
3.394364761480000 1992975061.769065856933594 2.481179166666667
3.069402929476000 1869732855.520748615264893 2.492677037037037
3.066538648050000 2175487651.072926044464111 2.497181851851852
3.061690861814000 2180281989.187927722930908 2.501624759259260
3.106029637919000 2181402139.867160797119141 2.506088518518519
3.013542403043000 2190927049.477852344512939 2.510527092592593
3.014479905698000 2148206604.614318370819092 2.515015537037038
3.059786020481000 2138298458.609575748443604 2.519451166666667
3.177371876744000 2182513296.498485565185547 2.523932296296297
3.107963267786000 2273051663.098962306976318 2.528430814814815
3.106995913034000 2258593357.404293060302734 2.532923703703704
3.101215077534000 2248634843.712139606475830 2.537356407407408
1.727392979734000 2248420956.189966201782227 2.541782925925927
3.108929542901000 1571767147.434753894805908 2.546972666666667
1.739592790320000 2041755463.349020242691040 2.552493462962964
3.023130523504000 1571872386.862094879150391 2.557686240740741
1.746309364800000 1963103901.571221113204956 2.563140833333334
3.069402929476000 1557995805.981691598892212 2.568289259259260
3.124358473635000 2002413484.249981403350830 2.573793074074075
3.029899240254000 2238530368.280368328094482 2.578282407407408
3.107963267786000 2159288384.853677749633789 2.582777814814815
3.106995913034000 2227931211.562242031097412 2.587285462962964
1.726776081046000 2248632329.027577400207520 2.591726833333334
3.015418455842000 1416343093.373783588409424 2.596927555555556
3.139787404369000 2156007833.473646640777588 2.612303166666667
3.179348321496000 2223475429.259036064147949 2.618305111111112
1.732257377556000 2265699073.583742141723633 2.627222388888890
3.386650296113000 1665554090.916792392730713 2.637059222222223
1.739592790320000 1972769774.068228960037231 2.649004814814816
1.748804138900000 1328735590.340262174606323 2.655282111111112
3.007706388180000 1489568085.345853328704834 2.659889074074075
3.076157243922000 1946803703.354184627532959 2.665383592592593
3.018232011296000 2182447196.774167060852051 2.669875111111112
3.016355958497000 2147793621.647940158843994 2.674363092592594
3.024070423864000 2138157709.089085578918457 2.678794129629630
3.170645265837000 2138491711.479862213134766 2.683212333333334
3.015418455842000 2272505812.907762050628662 2.687742481481482
3.005835133470000 2165585674.616138458251953 2.692277296296297
3.024070423864000 2138239982.976379871368408 2.696715574074075
3.023130523504000 2138255141.041867733001709 2.701148851851852
3.030842591166000 2138703163.596694946289062 2.705579462962964
3.145544249424000 2138103674.403208017349243 2.709998925925927
3.007706388180000 2209669591.580193042755127 2.714506814814816
3.061690861814000 2159183969.481305122375488 2.719021351851853
3.030842591166000 2183439876.000692367553711 2.723513611111112
3.023130523504000 2146313067.646036863327026 2.727991166666667
3.116644008268000 2138949550.823664426803589 2.732416962962964
3.102179672916000 2228421766.309360504150391 2.736934648148149
3.016355958497000 2248892692.890888214111328 2.741367925925927
1.740835726658000 2159289464.938517570495605 2.745881425925927
3.015418455842000 1558808532.096212863922119 2.751022796296297
1.739592790320000 1782912921.633531808853149 2.756494240740742
3.085786146800000 2051611679.989429950714111 2.771631240740742
1.739592790320000 2070465918.707836627960205 2.777758203703705
3.030842591166000 1483790963.055821895599365 2.785794351851853
3.022189572976000 2106820825.259275674819946 2.795675870370371
3.349119348372000 2142529179.171436309814453 2.804653925925927
1.740835726658000 1746794060.370009899139404 2.812869925925927
3.115675335448000 1538490112.014719724655151 2.818023018518519
3.009577294620000 2029363646.442622184753418 2.823535037037038
3.077114997138000 2150042344.516229629516602 2.828055277777779
3.031784889231000 2182475442.625379562377930 2.832554944444445
3.085786146800000 2148841433.671047687530518 2.837042259259260
3.070357216066000 2183282251.449816226959229 2.841535166666668
1.740835726658000 2193485940.216664314270020 2.845965981481482
1.753651973358000 1564082233.589820861816406 2.851135537037038
3.115675335448000 1492702689.014831781387329 2.855742759259261
3.022189572976000 2041151285.651571989059448 2.861268851851853
1.732257377556000 2159145362.657393455505371 2.865779537037038
3.023130523504000 1559118733.888683080673218 2.870930333333335
3.030842591166000 1962388222.856252193450928 2.876395407407409
1.732876215840000 2139042255.990648984909058 2.880831333333335
3.123387403110000 1559160626.906913757324219 2.885978296296298
3.014479905698000 2042330015.911565065383911 2.891506537037039
1.727392979734000 2147092441.939176082611084 2.896020481481483
3.161947741420000 1559030890.561417579650879 2.901162888888891
3.107963267786000 2081913907.594151020050049 2.906712481481483
3.332649038544000 2258882448.767491817474365 2.911202722222224
1.733495054124000 1984352196.280174016952515 2.915695166666668
3.000927027763000 1973753580.465852737426758 2.930690370370372
3.029899240254000 2074466203.653068065643311 2.936785703703705
3.023130523504000 2134013684.989134311676025 2.946474611111113
3.363506900012000 2132973252.825826168060303 2.955316666666668
1.734114353196000 1962404239.082412004470825 2.964999055555557
3.014479905698000 1292017901.767458915710449 2.971520240740742
3.083866911200000 1957816945.596073865890503 2.976992000000002
3.108929542901000 2176956599.286563396453857 2.981477333333335
3.024070423864000 2234683957.384548664093018 2.985970574074076
3.107963267786000 2158212095.323371887207031 2.990479203703706
3.068447576644000 2226464176.126703739166260 2.994999518518521
1.733495054124000 2203715315.062500476837158 2.999486870370372
3.017294159478000 1556982688.774029970169067 3.004656925925928
3.006770238420000 1963214157.241715669631958 3.010124092592594
3.067493290054000 2137990315.863418817520142 3.014552870370372
3.069402929476000 2183314414.277060985565186 3.019047000000001
3.062642750699000 2193751581.642900466918945 3.023472777777779
3.022189572976000 2183347220.548201560974121 3.027928425925927
3.106995913034000 2147476767.618490219116211 3.032422074074075
1.733495054124000 2228094106.221347808837891 3.036922111111112
3.062642750699000 1571606655.253584384918213 3.042114333333334
3.007706388180000 2001897908.457108020782471 3.047612666666668
3.013542403043000 2148177791.717910766601562 3.052099814814816
3.167687794503000 2138797887.356389284133911 3.056521166666668
3.160963583980000 2273000004.079151630401611 3.061060962962964
3.014479905698000 2303305446.834902286529541 3.065480111111112
3.021249672616000 2169551988.817499637603760 3.070011000000001
3.092539132462000 1917403953.111725807189941 3.074436018518520
3.124358473635000 2148856938.825937271118164 3.088750666666668
3.015418455842000 2162592497.631124019622803 3.094731000000002
3.078071681433000 1727293548.569499492645264 3.105538537037039
3.385597703618000 2188221019.072468757629395 3.114431518518520
3.321833185963000 1728486133.883340120315552 3.126516666666668
1.720057107968000 1922276293.812608242034912 3.130962685185187
3.168673251258000 1549437012.351366043090820 3.136108314814816
3.126301699680000 2077913706.092041492462158 3.141656537037038
3.108929542901000 2257281717.363621234893799 3.146150074074075
3.116644008268000 2247710247.349822998046875 3.150583740740742
3.025011024336000 2248326626.369222640991211 3.155019888888890
1.726159641360000 2158815894.726446628570557 3.159520333333334
3.008641493130000 1557782650.980844259262085 3.164661407407408
3.021249672616000 1962296603.137076854705811 3.170128870370371
1.726159641360000 2138585647.259187459945679 3.174565240740742
1.718829025792000 1558615480.995294094085693 3.179708703703705
3.053978794152000 1492188026.478972911834717 3.184307740740742
2.999994320518000 2001678672.380778789520264 3.189791240740742
3.024070423864000 2148285561.100342273712158 3.194281425925927
3.011666350244000 2138630432.240062952041626 3.198714833333335
3.161947741420000 2138545652.745930671691895 3.203148666666668
3.178359731204000 2272752026.474914073944092 3.207681259259260
3.023130523504000 2302992081.065865993499756 3.212122092592594
3.071312213484000 2169778424.297896862030029 3.216654111111112
3.017294159478000 2181206332.875144958496094 3.221153851851853
1.753025939280000 2130478470.990886926651001 3.225644777777779
3.024070423864000 1407268263.442963600158691 3.230804092592594
3.038554658828000 2193826956.477992057800293 3.246264129629631
3.014479905698000 2130781455.957428693771362 3.252173185185186
3.061690861814000 2196686012.782744884490967 3.261181277777779
1.920940301280000 2173872869.229553222656250 3.270085203703704
3.022189572976000 1548162823.335568904876709 3.280245500000001
3.024070423864000 1922905902.000689506530762 3.285723240740742
3.070357216066000 2137292205.865761995315552 3.290155111111112
1.720057107968000 2174074734.666770935058594 3.294644574074075
1.740214027202000 1563968220.308626890182495 3.299814425925927
3.076157243922000 1468691508.356523513793945 3.304419388888889
3.005835133470000 1997078008.030832052230835 3.309925944444445
3.008641493130000 2148543128.067550659179688 3.314419666666667
3.024070423864000 2138249245.047385454177856 3.318853351851852
3.029899240254000 2138416193.324200630187988 3.323287277777778
3.070357216066000 2138535999.230991125106812 3.327718185185185
3.108929542901000 2182740134.562424659729004 3.332210111111111
1.738971553438000 2238751864.264249324798584 3.336702500000000
3.067493290054000 1572070887.447816610336304 3.341896962962963
1.726776081046000 2000228255.086440801620483 3.347396333333334
1.720671606272000 1564861897.803945302963257 3.352567222222222
3.155216335103000 1493169103.807731151580811 3.357171888888889
3.054928285332000 2081813830.125257015228271 3.362708648148149
1.733495054124000 2214225808.704224586486816 3.367216888888889
3.068447576644000 1564612352.139938354492188 3.372383185185186
3.068447576644000 2002189727.399672031402588 3.377873518518519
3.008641493130000 2193741556.251908779144287 3.382299870370371
3.124358473635000 2144356354.467511892318726 3.386794666666667
3.083866911200000 2161792510.022237300872803 3.401151629629630
3.107963267786000 2212629892.033064842224121 3.407767166666667
3.025011024336000 1768495447.730830907821655 3.419464629629630
3.424158041928000 2197604327.184671401977539 3.428381555555556
3.023130523504000 1868651265.054082870483398 3.439069870370370
3.014479905698000 2146748835.099583387374878 3.443560796296296
2.997194809275000 2068737697.607248544692993 3.448004000000000
3.046266726490000 2132870729.274065256118774 3.452440425925926
1.721285190144000 2131190447.736247301101685 3.456872185185185
3.023130523504000 1558586130.913804292678833 3.462015518518518
3.061690861814000 1953168346.377656936645508 3.467476481481481
3.030842591166000 2181010636.796174049377441 3.471936888888889
3.024070423864000 2148753346.222486495971680 3.476419555555555
3.029899240254000 2137930940.302696228027344 3.480840314814814
3.029899240254000 2138569733.954732656478882 3.485270777777777
3.028956942189000 2138719883.719469308853149 3.489691759259259
3.033670538208000 2138037627.159679651260376 3.494128074074073
1.742077969135000 2138637869.718383550643921 3.498548981481481
3.061690861814000 1559215369.161587238311768 3.503692518518518
3.115675335448000 2001479661.992307186126709 3.509195351851851
3.031784889231000 2238467126.701959133148193 3.513690444444444
3.077114997138000 2159430154.655055522918701 3.518198685185185
3.031784889231000 2183329288.266825675964355 3.522676018518518
3.024070423864000 2148638854.481494426727295 3.527161129629629
1.739592790320000 2138773431.419317722320557 3.531586574074074
3.102179672916000 1558527995.906114578247070 3.536725222222222
3.407672936876000 2042671279.882198810577393 3.542246129629629
3.071312213484000 2246090303.646009445190430 3.546675629629629
3.085786146800000 2231363432.325131893157959 3.560990944444444
3.124358473635000 2179750786.516853809356689 3.566924277777777
3.077114997138000 2176668027.028973102569580 3.575926962962963
3.501278718548000 2187685428.603527545928955 3.584827962962962
1.733495054124000 2214232657.760829925537109 3.593802518518518
3.076157243922000 1511893169.752778768539429 3.599007037037036
3.024070423864000 1990364064.346883058547974 3.604506166666666
3.078071681433000 2148050724.367807388305664 3.608981333333332
1.740835726658000 2183051930.912750244140625 3.613471629629629
3.024070423864000 1564867996.344282627105713 3.618638574074073
3.014479905698000 1962299277.857338905334473 3.624108407407407
3.046266726490000 2128110330.715397119522095 3.628524759259259
3.016355958497000 2138305003.195128202438354 3.632958592592592
1.739592790320000 2138382282.782460212707520 3.637383666666666
1.740835726658000 1558836368.082803010940552 3.642532870370369
3.023130523504000 1492994637.746406316757202 3.647139833333332
3.069402929476000 1962142120.203900814056396 3.652599999999999
3.123387403110000 2183344177.595392227172852 3.657094611111110
3.023130523504000 2221375243.640670299530029 3.661598055555555
3.038554658828000 2159396667.886167049407959 3.666103037037036
1.740214027202000 2138461701.131747245788574 3.670534074074073
3.039499354598000 1558695311.064763307571411 3.675675018518517
3.025011024336000 1962170612.638425827026367 3.681129870370369
3.015418455842000 2138763129.437603235244751 3.685548129629628
3.060737909366000 2138630851.828931808471680 3.689976944444443
3.075200559627000 2180903118.150205135345459 3.694471537037035
1.739592790320000 2064534218.025251150131226 3.698923111111109
3.078071681433000 1936085599.662006139755249 3.713957351851850
1.734114353196000 2108952852.248626947402954 3.720087018518517
3.007706388180000 1677371954.809424161911011 3.730718537037035
3.362461500632000 2123895279.869491577148438 3.741003092592591
1.921626300308000 2122353703.394778490066528 3.749883833333332
3.108929542901000 1558180005.622472524642944 3.755021944444443
3.162930800470000 1984776491.379570007324219 3.760554666666665
3.023130523504000 2292468254.427834987640381 3.765031814814813
1.732876215840000 2157322286.722022056579590 3.769568148148146
3.107963267786000 1558634793.297535181045532 3.774720481481479
3.123387403110000 2033130693.095774173736572 3.780262444444443
3.076157243922000 2248485278.967630386352539 3.784702425925924
3.059786020481000 2203300836.802835941314697 3.789194833333331
3.078071681433000 2192940778.554543972015381 3.793613277777776
3.028014293175000 2193376894.611023426055908 3.798052037037035
3.124358473635000 2148932472.040266990661621 3.802544277777776
3.114705580312000 2228021409.324129581451416 3.807059444444443
3.012604551224999 2248397813.604794025421143 3.811490888888887
3.030842591166000 2158727281.670396804809570 3.816008777777776
3.024070423864000 2135100757.661427259445190 3.820430277777776
1.732257377556000 2138821918.497189760208130 3.824848666666665
3.113736907492000 1558955964.068753004074097 3.829994296296295
3.030842591166000 2041945676.475920200347900 3.835510629629628
3.041389801664000 2156947779.864979267120361 3.840025703703702
3.015418455842000 2138749631.836133718490601 3.844452074074073
3.177371876744000 2138687605.380415439605713 3.848878277777776
3.214931254926000 2268459787.687163352966309 3.853408629629628
3.028956942189000 2065580492.582692146301270 3.857946314814813
3.031784889231000 2132235823.946621656417847 3.872223129629628
3.031784889231000 2126923494.700443506240845 3.878135574074073
3.131099470772000 2093203014.347658634185791 3.886984611111110
3.385597703618000 1964989342.278754711151123 3.897644592592591
1.738971553438000 2123038991.265807628631592 3.906619537037035
3.016355958497000 1545840930.025042533874512 3.911766351851850
3.115675335448000 1876545598.827981948852539 3.917227018518517
3.078071681433000 2224565611.563817977905273 3.921749425925924
3.077114997138000 2202587556.606766700744629 3.926243555555553
3.131099470772000 2193419004.910311698913574 3.930678666666664
3.131099470772000 2238238649.062538623809814 3.935152925925923
1.746309364800000 2248445084.728800773620605 3.939594111111109
3.022189572976000 1570816568.385282039642334 3.944782037037035
3.032727889194000 1953210834.687556266784668 3.950240499999998
3.047213819965000 2138396300.118232488632202 3.954673074074072
3.115675335448000 2138531887.861716270446777 3.959104111111109
3.024070423864000 2227949922.522566795349121 3.963621555555553
3.123387403110000 2156965620.537973880767822 3.968121981481479
3.023130523504000 2228268675.970928668975830 3.972629407407405
3.030842591166000 2159446876.615861892700195 3.977141962962960
1.732876215840000 2138016198.907515525817871 3.981566129629627
1.733495054124000 1558607741.131828308105469 3.986709888888886
3.024070423864000 1492635248.126832485198975 3.991314388888886
1.726776081046000 1961985172.378724575042725 3.996777166666664
3.030842591166000 1558894721.486844301223755 4.001918555555553
3.031784889231000 1962867635.386775732040405 4.007378222222219
3.008641493130000 2138588399.989940881729126 4.011796481481479
3.015418455842000 2141679472.209247827529907 4.016237074074072
3.016355958497000 2258313977.982102870941162 4.030689962962961
1.739592790320000 2132425997.543252229690552 4.036584537037035
1.741456500966000 1909473875.276493310928345 4.046337962962960
3.555263192182000 1488323561.759477615356445 4.055682907407404
3.155216335103000 1972623067.569284439086914 4.065886425925923
3.023130523504000 2214289184.127356052398682 4.070316129629626
3.015418455842000 2167775691.397081375122070 4.074852703703701
1.732876215840000 2130435727.637744188308716 4.079271111111108
3.022189572976000 1557929115.436666727066040 4.084416148148145
3.124358473635000 1960632458.209588289260864 4.089872166666664
3.176382918536000 2227061765.260835170745850 4.094386870370368
3.078071681433000 2292307745.011040687561035 4.098873629629627
3.015418455842000 2213942834.634037971496582 4.103386851851849
3.023130523504000 2149038781.300927639007568 4.107863999999998
3.138811538434000 2137777646.452326774597168 4.112282388888886
2.994143564904000 2228173533.867928028106689 4.116792555555553
3.024070423864000 2159528375.540456771850586 4.121289777777775
1.734114353196000 2111545490.218997478485107 4.125725814814812
3.008641493130000 1558460535.129100799560547 4.130868222222220
3.177371876744000 1954024224.685305118560791 4.136360018518516
3.095424645856000 2272564233.842726230621338 4.140881259259257
3.038554658828000 2214305370.201659679412842 4.145393814814812
3.038554658828000 2149003382.056950569152832 4.149883740740738
3.039499354598000 2138471235.382724046707153 4.154297277777775
3.108929542901000 2138389940.942086458206177 4.158731092592589
3.145544249424000 2183380001.317761898040771 4.163228055555552
3.115675335448000 2121218329.306889295578003 4.167727629629626
3.076157243922000 1672042242.871639728546143 4.184479962962960
3.106995913034000 2182661090.796405315399170 4.190455888888885
3.015418455842000 2198041616.401537418365479 4.199343944444441
3.556368534186999 1694617086.376486301422119 4.210165648148144
1.753651973358000 1780909926.776643276214600 4.221065833333329
3.061690861814000 1506012764.170748710632324 4.226358425925921
1.741456500966000 1986426508.820017814636230 4.231864629629626
3.100251200124000 1564304454.276019096374512 4.237038185185181
3.024070423864000 1996456255.945997714996338 4.242546870370366
3.007706388180000 2148081956.067592144012451 4.247041148148144
3.016355958497000 2138324860.057065010070801 4.251467555555552
3.016355958497000 2138603794.899688482284546 4.255893574074070
3.032727889194000 2137887841.477491617202759 4.260321499999996
3.024070423864000 2138111865.570421695709229 4.264745129629626
3.032727889194000 2138330420.649615049362183 4.269165981481478
3.068447576644000 2132060656.907800197601318 4.273602592592589
1.741456500966000 2183240706.519048690795898 4.278091999999996
3.014479905698000 1565296258.064516067504883 4.283258666666663
3.008641493130000 1962390540.353061676025391 4.288731425925922
1.733495054124000 2138550706.302260637283325 4.293151944444441
2.999060571142000 1559283884.688600778579712 4.298298074074070
3.030842591166000 1963312336.171336650848389 4.303766185185181
3.068447576644000 2137753808.648154973983765 4.308187166666663
3.115675335448000 2183677255.086149215698242 4.312681944444440
3.139787404369000 2238534964.212784290313721 4.317170925925922
3.039499354598000 2248754345.539247512817383 4.321607148148144
3.108929542901000 2158137228.528312206268311 4.326122999999995
3.046266726490000 2021683712.167551279067993 4.330664222222218
3.092539132462000 1661777551.405221700668335 4.346770814814811
3.084827064800000 2236740024.191297531127930 4.352741740740736
1.727392979734000 2203384504.196166038513184 4.361658611111107
3.371221365379000 1849213418.881760120391846 4.371255370370366
3.001860429762000 1731372135.640497446060181 4.381532537037033
3.210215780928000 2054387254.166041135787964 4.385973203703699
3.115675335448000 2214196633.992971897125244 4.390479037037032
1.733495054124000 2240417358.471693992614746 4.394922592592588
3.014479905698000 1570741824.041755914688110 4.400116796296292
3.006770238420000 1991386551.804183483123779 4.406578629629625
3.062642750699000 2138501026.797314405441284 4.410997259259255
2.999060571142000 2183236798.060830116271973 4.415489444444440
3.030842591166000 2147949203.286650657653809 4.419942925925922
3.061690861814000 2138607012.114578962326050 4.424359092592589
3.123387403110000 2182979509.565088272094727 4.428851703703700
3.078071681433000 2238396296.189412117004395 4.433343574074070
3.077114997138000 2203832313.386950969696045 4.437831222222218
3.029899240254000 2193364210.719975471496582 4.442260129629625
3.069402929476000 2148775668.786656379699707 4.446750018518514
3.024070423864000 2183422697.836240291595459 4.451242370370366
3.116644008268000 2148693386.574734210968018 4.455722314814810
3.124358473635000 2225682267.099056720733643 4.460244981481477
3.122415247590000 2248657096.582987308502197 4.464681388888884
3.130124914868000 2248547168.388507843017578 4.469101722222217
3.085786146800000 2248733259.622405529022217 4.473540148148143
3.039499354598000 2204064245.579923629760742 4.478035629629625
3.294076711709000 2148984473.010256290435791 4.482526018518514
3.023130523504000 2135441974.895397424697876 4.486951944444439
3.031784889231000 2134966033.381927490234375 4.501204499999995
1.727392979734000 2119848208.845631361007690 4.507131259259254
1.740835726658000 1819513479.132650613784790 4.516680999999995
1.914223726800000 1657338141.822329044342041 4.527446425925921
3.122415247590000 1477816728.453183412551880 4.536847574074069
3.023130523504000 1996076649.406935930252075 4.542333833333328
3.066538648050000 2088614134.909313440322876 4.546877351851847
1.726159641360000 2181983591.304383754730225 4.551355555555550
3.029899240254000 1559237566.922531127929688 4.556523222222217
1.740835726658000 1963410503.932795524597168 4.561992425925920
3.014479905698000 1558558373.953300952911377 4.567136462962957
3.061690861814000 1962176128.822557449340820 4.572605944444438
3.169659809082000 2183451424.752916336059570 4.577095351851846
3.022189572976000 2282613473.984693527221680 4.581610499999995
3.069402929476000 2167851483.572329521179199 4.586147222222217
3.007706388180000 2182701016.360931873321533 4.590629444444439
3.024070423864000 2147749078.221276283264160 4.595119555555550
3.061690861814000 2138342664.528093814849854 4.599553111111106
3.017294159478000 2176426714.843042850494385 4.604053037037033
3.062642750699000 2149048943.261124610900879 4.608542740740736
3.069402929476000 2183339433.666090965270996 4.613037537037033
3.015418455842000 2193399527.186761379241943 4.617479037037033
1.725543201674000 2148719063.683077335357666 4.621969444444440
3.023130523504000 1558834555.651423692703247 4.627120555555551
3.124358473635000 1962535988.007945060729980 4.632593314814811
3.024070423864000 2228435378.333169460296631 4.637110203703699
3.244760490233000 2159337580.976684570312500 4.641623962962958
3.040444754052000 2018064948.843944072723389 4.646074759259254
3.069402929476000 2133452093.707398414611816 4.660351666666662
3.030842591166000 2117875673.042010068893433 4.666318907407403
1.747557100120000 1897901089.286648035049438 4.676944277777773
1.740214027202000 1845049005.318629503250122 4.686613296296292
3.394364761480000 1730199652.364151716232300 4.695551981481477
3.040444754052000 1826953675.722521543502808 4.702923925925922
3.072266855488000 2013909432.103300809860229 4.707359722222218
3.069402929476000 2179586556.753328800201416 4.711857092592589
3.077114997138000 2185138463.593966007232666 4.716292407407404
3.085786146800000 2193779811.080760002136230 4.720732870370367
1.740214027202000 2193497127.407907962799072 4.725171370370367
1.734114353196000 1565570442.912787199020386 4.730348796296293
1.733495054124000 1492890353.452088832855225 4.734954166666664
3.130124914868000 1492530123.195604801177979 4.739558407407404
3.030842591166000 2040925292.329985618591309 4.745079185185182
3.070357216066000 2159241847.022891044616699 4.749590148148146
3.116644008268000 2182617334.272056579589844 4.754087981481479
3.084827064800000 2238201384.451105117797852 4.758579666666664
3.130124914868000 2203999901.015824794769287 4.763069722222220
3.140763997206000 2232937913.685382366180420 4.767560185185182
1.740214027202000 2247802924.157279968261719 4.771995777777775
3.122415247590000 1572205979.639680147171021 4.777185611111109
1.728625629605000 2042363142.650253534317017 4.782709611111109
1.734114353196000 1571881933.744221925735474 4.787901611111109
3.061690861814000 1492238292.321566581726074 4.792501314814813
3.025011024336000 2002091474.787266016006470 4.797991999999998
3.108929542901000 2149097815.686144828796387 4.802481925925924
3.107963267786000 2185424714.622213840484619 4.806978888888887
3.131099470772000 2271234077.979742050170898 4.821392888888887
3.039499354598000 2235231184.681427001953125 4.827359018518517
3.038554658828000 2164724475.888387680053711 4.836326574074072
1.908870063208000 2133085760.917327404022217 4.845176759259258
3.021249672616000 1623299496.202153921127319 4.854980074074073
3.124358473635000 1961780354.097295522689819 4.860452518518517
3.022189572976000 2104859449.126699447631836 4.864976648148146
3.070357216066000 2158253313.587560176849365 4.869478314814813
3.039499354598000 2176783921.913963794708252 4.873978574074073
3.031784889231000 2143921869.782971620559692 4.878471074074072
3.030842591166000 2125750809.830529451370239 4.882913018518517
1.739592790320000 2138057102.105671405792236 4.887353407407406
1.738971553438000 1558192752.355970144271851 4.892499907407406
3.071312213484000 1492932623.342751502990723 4.897100907407406
3.125330267490000 2001853691.031308650970459 4.902605240740740
3.023130523504000 2226122712.700777053833008 4.907093592592592
3.029899240254000 2159130949.197586059570312 4.911595055555555
3.091576578478000 2137586355.071946620941162 4.916008037037036
3.124358473635000 2183578917.343585491180420 4.920487759259259
3.170645265837000 2237858067.655159950256348 4.924978944444444
3.146523606096000 2293464960.667392253875732 4.929454074074074
3.168673251258000 2303494899.880342006683350 4.933880259259259
1.739592790320000 2303567566.661357879638672 4.938298666666666
3.016355958497000 1569763459.113912820816040 4.943513018518519
3.108929542901000 1962755101.971712589263916 4.948982037037037
3.007706388180000 2228377598.569248676300049 4.953496629629630
3.022189572976000 2157647629.770866870880127 4.958003148148149
1.740835726658000 2020974548.719952821731567 4.962457555555556
3.014479905698000 1984470765.371289968490601 4.978594240740741
3.022189572976000 2078758172.087278604507446 4.984666740740741
1.734114353196000 2131422651.376475572586060 4.994489870370371
3.517796207352000 1488583605.048572063446045 5.004389259259260
1.740214027202000 1953844874.963149547576904 5.014565518518519
3.130124914868000 1504825928.680471420288086 5.019769537037037
3.084827064800000 2032285022.082526445388794 5.025295944444444
1.747557100120000 2197348240.360342502593994 5.029785500000000
3.109896537774000 1565109639.614501237869263 5.034962055555556
3.024070423864000 2001265536.001291036605835 5.040469574074074
3.023130523504000 2149194880.883686542510986 5.044962537037037
3.068447576644000 2138601318.163592576980591 5.049396314814815
1.740214027202000 2183142411.153048992156982 5.053880722222222
3.022189572976000 1565204161.248374462127686 5.059050111111111
3.131099470772000 1962185444.338222026824951 5.064512666666666
3.068447576644000 2228132363.064214706420898 5.069032222222222
1.720057107968000 2203843140.812833786010742 5.073522685185185
3.031784889231000 1543152880.109652519226074 5.081007611111111
3.007706388180000 1962666105.663194179534912 5.086465203703703
3.084827064800000 2138563543.347237586975098 5.090895833333333
3.016355958497000 2183144319.825891494750977 5.095388555555555
1.742077969135000 2148890719.707142353057861 5.099870574074074
3.024070423864000 1558385844.954482078552246 5.105010999999999
3.078071681433000 1963122595.070720672607422 5.110477203703703
3.201503127305000 2183541980.190655708312988 5.114958814814814
3.023130523504000 2146283398.112159729003906 5.119461314814814
3.101215077534000 2134770754.069731235504150 5.133712870370370
3.022189572976000 2210902914.449978351593018 5.139710444444444
3.123387403110000 2165074143.433979034423828 5.148639833333333
3.492479276934000 2224877148.580802917480469 5.157625092592593
3.021249672616000 2165564349.887008666992188 5.166696592592593
3.031784889231000 2157871804.441892623901367 5.171211685185185
3.030842591166000 2022926432.365239143371582 5.175636185185185
3.077114997138000 2118348428.610927104949951 5.180056666666667
3.132072939002000 2182832571.909223079681396 5.184547925925926
3.014479905698000 2238049779.582941055297852 5.189034370370371
1.740835726658000 2159128182.205892086029053 5.193550222222223
3.062642750699000 1558808553.134418725967407 5.198686740740741
1.734114353196000 1999941773.360589742660522 5.204194592592593
3.106995913034000 1565279533.353146791458130 5.209366240740741
3.107963267786000 2042121302.488909006118774 5.214892981481482
3.015418455842000 2248276513.363712787628174 5.219326629629630
3.013542403043000 2159302070.075461864471436 5.223837111111111
3.022189572976000 2137508110.210208892822266 5.228265685185185
3.052078750908000 2138912679.405804634094238 5.232688722222222
3.008641493130000 2183405191.166776180267334 5.237183537037037
1.740835726658000 2148971202.104889869689941 5.241673962962963
3.024070423864000 1551660044.687616348266602 5.246845666666667
3.068447576644000 1962318221.920597076416016 5.252303074074074
3.015418455842000 2183504526.369139194488525 5.256797314814815
3.032727889194000 2148979950.846171379089355 5.261288129629629
1.732876215840000 2138488377.047331571578979 5.265721407407407
3.083866911200000 1558851455.220658063888550 5.270867629629628
3.060737909366000 2000010955.290570974349976 5.276371481481481
3.132072939002000 2190481767.697433948516846 5.290627314814814
3.125330267490000 2223123340.471092224121094 5.296594537037036
1.727392979734000 2240130663.328115463256836 5.305454740740740
3.402079226847000 1637332073.591095924377441 5.315264703703703
1.914223726800000 1728611892.780117034912109 5.325542648148148
3.160963583980000 1460045257.333630800247192 5.330690166666667
3.066538648050000 2062266081.588387489318848 5.336239703703704
3.060737909366000 2213802400.662930965423584 5.340753888888889
3.017294159478000 2193496922.658522129058838 5.345179907407408
1.734114353196000 2148785220.849041461944580 5.349664703703704
3.115675335448000 1558696408.192359924316406 5.354808611111111
3.016355958497000 2041130106.219412803649902 5.360337000000000
3.076157243922000 2159295036.270408630371094 5.364847870370371
3.070357216066000 2183108816.639190673828125 5.369329925925926
3.008641493130000 2193309056.565926551818848 5.373761333333333
3.108929542901000 2148703496.405429363250732 5.378251129629629
3.008641493130000 2227441161.261726856231689 5.382763462962963
3.121444177065000 2159259162.939218044281006 5.387263777777777
3.062642750699000 2228398406.276515960693359 5.391781500000000
3.023130523504000 2203058986.757400512695312 5.396266185185184
3.032727889194000 2149361151.459131240844727 5.400753888888888
3.024070423864000 2138628998.457617998123169 5.405172259259258
3.015418455842000 2139920064.869358301162720 5.410607685185184
3.038554658828000 2138575457.285257339477539 5.415044092592591
3.078071681433000 2138738171.536286592483521 5.419464925925925
3.113736907492000 2182959800.676806449890137 5.423946759259258
1.879969246960000 2238696188.687810897827148 5.428433888888888
1.732876215840000 1530805712.943454265594482 5.433637148148147
1.734114353196000 1931758738.160407781600952 5.449624388888888
3.047213819965000 1481617242.692161321640015 5.456190777777777
3.015418455842000 2122033761.455578565597534 5.466126499999999
1.914223726800000 2132623015.699068784713745 5.474998222222221
1.733495054124000 1604360353.216387510299683 5.484806499999999
3.131099470772000 1492235602.515885353088379 5.489405425925925
3.037608907532000 1984421465.336979389190674 5.494931648148148
3.038554658828000 2147199167.342035770416260 5.499433074074074
3.069402929476000 2138472141.755389213562012 5.503863240740740
3.015418455842000 2172633101.932818412780762 5.508363481481481
3.032727889194000 2148791369.870350360870361 5.512858499999999
1.740214027202000 2138196798.233508110046387 5.517286611111111
3.030842591166000 1558409114.168546676635742 5.522425537037036
1.720057107968000 1962983486.848127126693726 5.527888074074073
1.734114353196000 1557720528.363666534423828 5.533023425925925
3.008641493130000 1488851776.343567132949829 5.537628703703702
3.030842591166000 1963816924.879925966262817 5.543095999999998
3.007706388180000 2138546340.237491846084595 5.547517203703702
1.734732730692000 2138255225.945602655410767 5.551947555555554
3.063595348626000 1559045177.511382579803467 5.557088592592590
3.024070423864000 2002264545.099570512771606 5.562589999999997
3.070357216066000 2148888516.297004222869873 5.567085259259256
3.062642750699000 2183216148.848247051239014 5.571580018518516
3.006770238420000 2191476061.133294105529785 5.576018407407404
3.077114997138000 2149148065.983367919921875 5.580501018518516
3.008641493130000 2182838136.357831001281738 5.584995999999997
3.224646523406000 2148851489.472144603729248 5.589491129629627
3.114705580312000 2036071926.247451305389404 5.593932407407404
3.017294159478000 2199427360.978981971740723 5.608317722222219
3.008641493130000 2126929448.896865606307983 5.614302351851849
3.100251200124000 2128942361.415596485137939 5.623171796296294
3.386650296113000 2207952200.756821632385254 5.632098018518517
3.016355958497000 2154166354.927714347839355 5.641058111111109
3.108929542901000 2137744225.352112531661987 5.645495611111109
3.132072939002000 2102080383.393374681472778 5.650024370370368
3.085786146800000 2247050483.153450012207031 5.654449388888887
1.726159641360000 2203830206.103171825408936 5.658921259259257
3.030842591166000 1559315505.339442491531372 5.664090685185183
1.740835726658000 1962818428.202620983123779 5.669563777777776
3.022189572976000 1558770706.321843385696411 5.674709370370368
3.125330267490000 1962106898.126998662948608 5.680181870370368
1.746933000280000 2228094168.987396240234375 5.684696999999997
1.747557100120000 1571139188.953042745590210 5.689889648148146
3.062642750699000 1492628385.986359596252441 5.694494685185183
1.740214027202000 1999304768.336426973342896 5.699951592592591
3.022189572976000 1565613313.396228551864624 5.705115981481479
3.071312213484000 1988493781.797625780105591 5.710619537037035
3.077114997138000 2193437393.959959506988525 5.715040037037035
3.024070423864000 2193555346.951036453247070 5.719478703703701
3.016355958497000 2148709953.266381740570068 5.723948481481479
3.023130523504000 2138683670.357854604721069 5.728381796296294
3.170645265837000 2138830348.975628137588501 5.732815407407404
3.068447576644000 2272711286.582179069519043 5.737351111111108
3.025011024336000 2214062925.700405120849609 5.741864370370368
3.037608907532000 2146314471.571493148803711 5.746362333333331
3.161947741420000 1940464184.214462757110596 5.750819296296294
3.024070423864000 1685840202.969392538070679 5.766935574074072
3.014479905698000 2140013800.330300807952881 5.772979444444442
3.108929542901000 2130881185.319233179092407 5.781820944444442
3.371221365379000 2209419922.717171192169189 5.790753981481480
3.023130523504000 2123965854.859362840652466 5.799705962962961
3.024070423864000 2131110059.854692459106445 5.804133351851850
1.734114353196000 2102393004.450573444366455 5.808564740740739
3.107963267786000 1558104051.191114187240601 5.813713203703702
3.107963267786000 2041352462.483633995056152 5.819229314814813
3.091576578478000 2248322619.784780979156494 5.823655462962962
3.078071681433000 2245567339.560108184814453 5.828080796296295
3.079029078342000 2203780097.809382915496826 5.832575555555555
1.726776081046000 2193896824.434248924255371 5.837003462962962
1.726159641360000 1565282318.059105873107910 5.842168703703703
3.107963267786000 1492516028.323141336441040 5.846771666666666
1.726159641360000 2041275798.994974851608276 5.852299444444444
3.147501869736000 1572031552.619765281677246 5.857497111111111
3.124358473635000 2074936776.812600612640381 5.863044185185185
3.024070423864000 2259042198.508508205413818 5.867538814814814
3.017294159478000 2158572479.069270610809326 5.872046629629629
3.031784889231000 2138805352.980978965759277 5.876480296296296
3.001860429762000 2139055272.687782287597656 5.880913870370370
3.108929542901000 2138689873.179543018341064 5.885342703703704
3.014479905698000 2228115593.961718082427979 5.889847296296296
3.053978794152000 2159052433.118507385253906 5.894355685185185
1.740214027202000 2183382784.208718299865723 5.898830259259259
3.024070423864000 1561380024.491374254226685 5.904002148148147
1.740835726658000 1959218763.256759643554688 5.909458833333333
3.139787404369000 1935193916.660274744033813 5.924427462962963
1.726159641360000 1983926787.962125062942505 5.931753722222222
1.740835726658000 1823347143.756332635879517 5.941403796296296
3.377885635956000 1487343891.868765830993652 5.950753203703703
3.014479905698000 1927894993.420047998428345 5.960941277777778
3.116644008268000 2023923689.046468734741211 5.965365185185185
3.093500612167000 2215101042.238968849182129 5.969881814814815
3.030842591166000 2203241407.488114356994629 5.974368925925926
3.162930800470000 2142958485.832531929016113 5.978856907407407
1.740835726658000 2271966438.928884506225586 5.983397000000000
3.064547592032000 1576798157.409283399581909 5.988607055555556
1.727392979734000 1994636192.622249841690063 5.994129666666667
3.015418455842000 1564850492.178831100463867 5.999303185185186
3.028956942189000 1962288699.270745754241943 6.004767925925926
3.031784889231000 2125972741.523939847946167 6.009209629629630
1.740214027202000 2138368463.926009654998779 6.013642648148149
3.017294159478000 1558636726.309530258178711 6.018781259259260
3.115675335448000 1962535542.838545322418213 6.024243629629630
3.116644008268000 2227965421.403483867645264 6.028741166666667
3.078071681433000 2248647219.104288101196289 6.033179185185186
3.078071681433000 2203807291.516323566436768 6.037669944444445
3.024070423864000 2193452509.189673900604248 6.042088148148149
3.039499354598000 2148910782.052236080169678 6.046567814814816
1.732876215840000 2138563788.175116777420044 6.050999148148150
3.124358473635000 1558052127.326341152191162 6.056142537037038
3.108929542901000 2042494506.046867132186890 6.061668814814816
3.030842591166000 2243354781.985465526580811 6.066112962962964
3.030842591166000 2220958425.339366436004639 6.080437037037038
1.733495054124000 2049693432.298695325851440 6.084883037037038
3.060737909366000 1481792478.002219438552856 6.090990555555557
3.013542403043000 2173563496.396468162536621 6.099097314814816
3.061690861814000 2133223303.854552507400513 6.107950722222224
3.384543935042000 1886946727.396347999572754 6.118627462962965
3.015418455842000 2137969713.416634321212769 6.124837277777780
3.084827064800000 2115427226.626373767852783 6.129310703703705
3.078071681433000 2158125644.801684856414795 6.133812518518520
3.023130523504000 2186120865.394224166870117 6.138260074074076
1.734114353196000 2148423120.186899662017822 6.142754462962965
3.061690861814000 1558672490.593781232833862 6.147892907407409
3.015418455842000 2001886700.253415107727051 6.153395518518520
1.732257377556000 2148912272.879277706146240 6.157881018518521
3.024070423864000 1549664427.741542816162109 6.163022925925928
3.093500612167000 1962384192.421246290206909 6.168492407407409
3.030842591166000 2183523099.998760223388672 6.172974129629631
3.030842591166000 2148775557.730183601379395 6.177459074074076
3.077114997138000 2122430314.312783479690552 6.181915592592594
3.024070423864000 2181021684.713125228881836 6.186391351851853
3.014479905698000 2148744842.965991497039795 6.190875518518520
3.007706388180000 2138281494.461480855941772 6.195314129629631
3.008641493130000 2138531923.953610658645630 6.199750018518520
1.734114353196000 2137930154.973373889923096 6.204162962962965
3.115675335448000 1558830716.060049533843994 6.209306851851854
3.024070423864000 2041809129.523092746734619 6.214817666666669
3.024070423864000 2159364236.125374794006348 6.219325629629632
1.738971553438000 2138647436.433240413665771 6.223756666666668
1.727392979734000 1558620640.984556913375854 6.228899796296298
3.108929542901000 1490750664.869540691375732 6.233502481481484
3.022189572976000 1684200872.882984399795532 6.249019388888891
3.078071681433000 2127466837.019487142562866 6.254991018518521
3.006770238420000 2173434887.639983177185059 6.263914055555558
3.562975259844000 2125302216.256672620773315 6.272895666666670
3.040444754052000 1995102571.597074508666992 6.283603092592595
3.046266726490000 2128737698.509650468826294 6.288150870370373
3.029899240254000 2061284706.214033365249634 6.292617462962966
3.025011024336000 2131804310.348426342010498 6.297053814814817
3.048161618910000 2137667702.563845396041870 6.301487259259262
3.037608907532000 2138361496.683267593383789 6.305923240740744
3.020309422200000 2138293825.923606872558594 6.310359351851855
3.038554658828000 2138482820.840538263320923 6.314793018518522
3.015418455842000 2138170496.050816774368286 6.319224314814818
3.123387403110000 2138481243.685972452163696 6.323660351851855
1.738971553438000 2227280938.676112651824951 6.328177351851854
1.732876215840000 1571637536.430653333663940 6.333362240740743
1.726776081046000 1492874113.446662187576294 6.337968092592595
1.732876215840000 1492932309.536355257034302 6.342572111111114
3.016355958497000 1485623123.702881336212158 6.347176333333336
3.077114997138000 1952904919.535890340805054 6.352669925925928
3.016355958497000 2183286358.637223243713379 6.357165648148150
3.037608907532000 2148732812.519344806671143 6.361652925925928
3.046266726490000 2138421234.106145620346069 6.366089185185188
3.079029078342000 2138372619.286287069320679 6.370522962962966
3.169659809082000 2182929931.574125289916992 6.375010111111114
3.181324766248000 2283019315.419486522674561 6.379520037037040
1.739592790320000 2301696367.314627170562744 6.383941314814817
3.016355958497000 1576601510.651299715042114 6.389153685185187
3.185083944406000 1879328061.081677198410034 6.394644814814817
1.734732730692000 2187562783.392796516418457 6.409053555555558
3.084827064800000 1480051992.870905160903931 6.416233314814817
3.086745943200000 1901514599.421452283859253 6.427353111111113
3.386650296113000 2186580084.352169990539551 6.436204888888891
3.169659809082000 2124134512.973484992980957 6.445138351851854
3.022189572976000 2243150816.147004127502441 6.449685462962965
3.107963267786000 2167745039.312653541564941 6.454205259259262
3.030842591166000 2222346590.209928035736084 6.458720037037040
3.017294159478000 2158745139.901052951812744 6.463230500000003
3.029899240254000 2138367532.272590875625610 6.467671833333336
1.734114353196000 2137565549.959246635437012 6.472102296296299
3.031784889231000 1558977026.881139993667603 6.477248407407410
3.023130523504000 1962852962.821030139923096 6.482708981481484
3.025011024336000 2138542094.541918277740479 6.487127166666669
3.016355958497000 2138668644.815091848373413 6.491558296296299
3.037608907532000 2138101563.915731430053711 6.495952537037040
3.075200559627000 2137482166.645091056823730 6.500387111111114
3.060737909366000 2182153612.286346435546875 6.504882314814818
1.726776081046000 2193615469.770200729370117 6.509315333333337
3.023130523504000 1565555324.824116945266724 6.514487648148152
3.060737909366000 1962984209.170879602432251 6.519952611111115
3.138811538434000 2171273855.452939510345459 6.524450185185189
3.024070423864000 2238483344.688758373260498 6.528934907407411
3.038554658828000 2159194520.142545223236084 6.533440296296300
3.039499354598000 2138559750.611963272094727 6.537865944444448
3.039499354598000 2138290120.022255897521973 6.542292592592596
1.739592790320000 2030128880.700138330459595 6.546715000000003
3.084827064800000 1946171031.459154129028320 6.562596851851855
1.747557100120000 2125253136.986798763275146 6.568718555555559
3.009577294620000 1906025181.564000129699707 6.579249481481485
3.517796207352000 1913105695.523444890975952 6.589294407407411
3.108929542901000 2202832797.195735931396484 6.598280722222225
3.132072939002000 2247077588.151266574859619 6.602714388888892
1.742077969135000 2164705989.677709579467773 6.607160000000003
3.122415247590000 1550601069.289991378784180 6.612355555555559
3.114705580312000 2041957135.631090164184570 6.617883759259263
3.015418455842000 2248299533.464246749877930 6.622325481481485
1.740835726658000 2159130206.406747341156006 6.626831148148152
3.023130523504000 1556919112.306074380874634 6.631955537037040
1.740214027202000 1962975259.064289808273315 6.637429296296300
3.017294159478000 1558566874.027993679046631 6.642573296296299
3.070357216066000 1962621623.636745691299438 6.648037481481484
1.739592790320000 2183471267.027214527130127 6.652519685185188
3.024070423864000 1565334911.997248649597168 6.657688925925929
3.024070423864000 1962923327.022660732269287 6.663156833333336
3.029899240254000 2138816789.113374471664429 6.667593129629632
1.734114353196000 2138133317.666017532348633 6.672005870370374
3.117613402632000 1559405301.475512504577637 6.677149092592596
1.727392979734000 2041582558.151228427886963 6.682673481481484
3.047213819965000 1572035504.730399370193481 6.687868407407410
1.753651973358000 2001293964.485067129135132 6.693359055555558
1.732876215840000 1565657171.707767724990845 6.698530740740743
3.007706388180000 1492541485.242856502532959 6.703136796296299
3.162930800470000 2082349911.622442483901978 6.708385740740743
3.016355958497000 2216027311.813297748565674 6.722784611111114
3.070357216066000 2119243097.787733078002930 6.728819981481484
3.022189572976000 2144846348.938188791275024 6.737720740740744
3.385597703618000 2132877767.107741117477417 6.746629962962966
3.014479905698000 2119986127.292925357818604 6.755514981481484
3.123387403110000 2082559281.317251443862915 6.759955203703707
3.007706388180000 2216816652.601047039031982 6.764475462962967
3.029899240254000 2159080817.117109775543213 6.768988166666670
3.061690861814000 2138236297.229113817214966 6.773414481481485
3.015418455842000 2178189108.776434898376465 6.777914537037041
3.029899240254000 2148382546.432445526123047 6.782404333333337
1.746309364800000 2138236324.566143751144409 6.786825277777781
1.734732730692000 1558238352.703385591506958 6.791956018518522
3.025951274752000 1492021558.898976325988770 6.796561833333336
1.732257377556000 1962735287.146949052810669 6.802031351851855
3.007706388180000 1559094083.741788864135742 6.807184759259262
3.016355958497000 1962284520.614784002304077 6.812650092592595
3.062642750699000 2138860527.161818504333496 6.817085444444447
1.740835726658000 2183260792.367173194885254 6.821580648148151
3.025011024336000 1565633216.307229280471802 6.826749907407410
3.030842591166000 1959687436.920429944992065 6.832217722222225
3.016355958497000 2138845968.038514137268066 6.836648981481485
3.153253916702000 2138766819.367351055145264 6.841079500000004
3.154235673758000 2272533085.936382770538330 6.845610629629634
1.727392979734000 2303553749.421095848083496 6.850049092592596
1.809339666785000 1577804854.493033647537231 6.855264574074077
3.014479905698000 1491292625.857341527938843 6.859870759259262
3.014479905698000 2116666070.961555480957031 6.875165425925929
3.077114997138000 2125283841.235130310058594 6.881076333333336
3.025011024336000 2171009042.420201778411865 6.889964481481484
3.501278718548000 2132861112.381744623184204 6.898870962962966
3.122415247590000 2165353605.420893192291260 6.907867703703706
3.030842591166000 2185583982.910636901855469 6.912288907407410
3.016355958497000 2156458028.407990932464600 6.916785555555558
1.734114353196000 2132277567.476200342178345 6.921222648148150
3.170645265837000 1557292568.806348085403442 6.926363888888892
1.739592790320000 2077838824.954370737075806 6.931913870370373
3.109896537774000 1577018151.961812257766724 6.937124000000003
3.024070423864000 2042231916.320235967636108 6.942647703703706
3.039499354598000 2158797614.402306556701660 6.947156240740743
3.085786146800000 2138305205.879287004470825 6.951597444444447
3.009577294620000 2172200518.560993194580078 6.956054222222225
3.046266726490000 2148959565.659320354461670 6.960536111111113
3.016355958497000 2138773742.981778860092163 6.964972314814817
3.030842591166000 2138302994.823246002197266 6.969400944444446
1.754278473582000 2138446699.830290079116821 6.973842074074076
1.740214027202000 1559197457.868049621582031 6.978987944444446
3.022189572976000 1492918657.203393220901489 6.983585314814817
3.075200559627000 1953998098.492666244506836 6.989058555555557
2.999994320518000 2170728293.722232341766357 6.993543518518520
1.732257377556000 2148936674.568235874176025 6.998027703703706
1.727392979734000 1558058120.236599445343018 7.003171574074076
1.740214027202000 1492941291.577247858047485 7.007770888888891
3.101215077534000 1492234227.199175596237183 7.012371518518520
1.726159641360000 1966189580.856372594833374 7.017900870370372
3.077114997138000 1491913643.847645521163940 7.033084759259261
3.070357216066000 2111073471.302527666091919 7.039242870370373
3.031784889231000 2187228734.029753684997559 7.048939722222225
3.362461500632000 2134586408.770255804061890 7.057828351851855
3.025011024336000 2152676222.111680984497070 7.066837500000003
3.024070423864000 2092707529.376418590545654 7.071275425925928
3.032727889194000 2089385221.436670541763306 7.075717796296298
3.078071681433000 2129789675.702061653137207 7.080156444444446
1.739592790320000 2183280482.330605983734131 7.084653129629632
3.100251200124000 1565719799.462846994400024 7.089824425925928
1.741456500966000 2040913488.328376293182373 7.095341129629632
3.022189572976000 1563800512.289265871047974 7.100560981481483
3.116644008268000 1962671888.109995365142822 7.106034611111113
3.062642750699000 2227945051.293936252593994 7.110549259259261
3.070357216066000 2203627255.881903648376465 7.115036500000001
3.071312213484000 2187985041.585892200469971 7.119478444444446
3.069402929476000 2193735340.762158870697021 7.123903981481483
3.131099470772000 2191037048.504044055938721 7.128330111111112
3.107963267786000 2238415559.866276264190674 7.132816962962965
1.740835726658000 2248433218.984430789947510 7.137238129629631
1.740214027202000 1571821894.259301662445068 7.142430425925927
1.726776081046000 1492882957.919895887374878 7.147032759259261
1.720671606272000 1492796072.757171154022217 7.151627444444446
3.060737909366000 1492271372.858685255050659 7.156223962962964
3.070357216066000 2002255160.156723499298096 7.161725518518520
3.015418455842000 2193345593.991635322570801 7.166148981481483
1.849696685375000 2138630945.641619205474854 7.170630555555557
3.094462808058000 1463700408.417035579681396 7.175813166666669
3.061690861814000 1666837763.379662990570068 7.191327314814817
3.017294159478000 2174858990.365001201629639 7.197364333333335
3.024070423864000 2165422066.549912452697754 7.206278277777780
3.434004861810000 2133224778.909075736999512 7.215135870370372
3.024070423864000 2138730935.947760820388794 7.224094703703706
3.076157243922000 2046373199.955577135086060 7.228596907407410
3.029899240254000 2175891253.481894016265869 7.233084407407410
3.023130523504000 2148846938.397062778472900 7.237578240740743
3.014479905698000 2138378978.212185382843018 7.242002222222224
1.742077969135000 2138325762.171524763107300 7.246428537037039
1.738971553438000 1557271356.783919572830200 7.251580425925928
1.747557100120000 1491740985.663947582244873 7.256184203703706
3.037608907532000 1484076081.103887319564819 7.260792833333335
3.015418455842000 1962013991.071398496627808 7.266272518518520
3.032727889194000 2138459143.351239442825317 7.270705814814817
3.025011024336000 2138472754.930189371109009 7.275137129629631
3.037608907532000 2138495599.187542438507080 7.279568129629632
3.124358473635000 2137974496.706598281860352 7.283956814814817
3.029899240254000 2228188327.281966686248779 7.288475740740743
3.116644008268000 2159442504.021271705627441 7.292988777777780
1.745685729320000 2228062804.667881011962891 7.297501888888891
3.016355958497000 1571644586.559438705444336 7.302696777777780
1.732257377556000 1962227920.613747119903564 7.308166518518521
3.024070423864000 1559145103.367950916290283 7.313318018518521
3.078071681433000 1962897327.240182161331177 7.318780537037039
3.396475920640000 2183185627.014683246612549 7.323273018518520
1.726159641360000 2191245042.173851013183594 7.327712314814817
3.031784889231000 1973315506.898842573165894 7.342709462962965
3.123387403110000 1916121582.887918710708618 7.349971388888891
3.115675335448000 2242985667.056988716125488 7.358922537037039
3.517796207352000 2240538111.944368362426758 7.367785074074076
3.024070423864000 2059004250.854693174362183 7.376998907407409
3.093500612167000 1859786337.300321102142334 7.383209111111113
3.069402929476000 2213618236.779518127441406 7.387748574074076
3.015418455842000 2188474474.870417118072510 7.392243055555558
3.015418455842000 2147836028.352398395538330 7.396728925925928
3.070357216066000 2138406999.205585956573486 7.401158000000002
3.062642750699000 2181623205.021403312683105 7.405648407407409
1.738971553438000 2193168478.600828170776367 7.410089129629632
3.015418455842000 1554456432.457098960876465 7.416257500000002
3.116644008268000 1962363897.460967302322388 7.421712333333335
3.124358473635000 2227229253.726432323455811 7.426214703703706
3.094462808058000 2247847485.958812713623047 7.430646111111114
3.078071681433000 2204023734.098896026611328 7.435135666666669
3.024070423864000 2193370390.514522075653076 7.439561925925928
3.045318574810000 2148522486.969470977783203 7.444038592592594
3.031784889231000 2138786345.516344308853149 7.448451740740743
3.107963267786000 2139005694.837015390396118 7.452880703703705
3.124358473635000 2190212341.351725578308105 7.457466611111113
3.124358473635000 2228638442.923898220062256 7.461905129629631
3.023130523504000 2237642026.463703155517578 7.466343074074076
1.754278473582000 2159343089.444254875183105 7.470850537037039
1.739592790320000 1559134091.922439813613892 7.475959111111114
3.023130523504000 1493187416.283531904220581 7.480562944444447
1.732876215840000 1714876486.758478164672852 7.486046537037040
3.000927027763000 1490671122.464709758758545 7.501182870370373
3.029899240254000 2079761326.416314363479614 7.507283407407410
3.131099470772000 2172027470.992775917053223 7.517095777777780
3.456080484416000 2276035558.745130062103271 7.526127259259262
3.223644282716000 2040724714.604488849639893 7.535289333333336
3.032727889194000 1788077691.727355480194092 7.540100370370372
3.068447576644000 2147959603.872223377227783 7.544592000000002
3.061690861814000 2175684968.852155685424805 7.549095611111113
3.029899240254000 2191979815.741554737091064 7.553539851851854
3.093500612167000 2147341459.792589902877808 7.558029074074076
3.085786146800000 2183080811.864315986633301 7.562528092592594
3.023130523504000 2100876575.632445096969604 7.566963407407409
1.740214027202000 2090319372.700583696365356 7.571448240740743
3.023130523504000 1550447314.443636655807495 7.576594425925928
1.746309364800000 1962120312.552853345870972 7.582069055555558
1.740214027202000 1559306072.647173166275024 7.587214166666669
3.030842591166000 1492990732.092244148254395 7.591813870370373
3.030842591166000 1962557363.839807271957397 7.597283666666669
3.115675335448000 2138516430.235817193984985 7.601710351851855
1.734114353196000 2228161489.306689262390137 7.606222518518521
3.069402929476000 1571362965.551921844482422 7.611414981481484
3.015418455842000 2001964658.672394037246704 7.616915833333336
3.114705580312000 2147613492.441006660461426 7.621392962962966
1.727392979734000 2228121747.337751388549805 7.625905648148151
3.030842591166000 1571993903.938910961151123 7.631100259259262
3.024070423864000 1962567228.300090312957764 7.636566018518521
3.177371876744000 2059144693.384958744049072 7.641023592592595
3.037608907532000 2174375463.907960891723633 7.655394259259261
3.122415247590000 2126849433.690343618392944 7.661407851851854
3.024070423864000 2209028066.644302845001221 7.670350851851854
3.377885635956000 2094034950.465051651000977 7.679274592592595
3.024070423864000 1647229082.953014850616455 7.692376833333336
3.079029078342000 1982741931.506650686264038 7.697483574074076
1.740835726658000 2179852326.443218231201172 7.701980981481483
3.084827064800000 1554702323.749507665634155 7.707153018518521
1.734732730692000 1998641222.918254137039185 7.712645648148150
3.114705580312000 1565415853.291482210159302 7.717813870370373
1.734114353196000 2041856056.671235322952271 7.723340222222225
3.024070423864000 1571020057.919739723205566 7.728532592592595
3.156197726922000 1963071887.788891077041626 7.733985277777780
3.123387403110000 2227506080.334111213684082 7.738508055555558
1.726159641360000 2248339051.437880039215088 7.742941666666669
3.083866911200000 1569852836.797220706939697 7.748133685185187
3.075200559627000 2001978559.931975126266479 7.753621851851854
3.080943159546000 2175207204.267336368560791 7.758048240740743
3.016355958497000 2193286967.455311298370361 7.762466666666668
3.070357216066000 2148849177.082044601440430 7.766956111111113
3.079029078342000 2183332446.951272010803223 7.771440981481483
3.162930800470000 2191467635.640287399291992 7.775872296296297
1.734114353196000 2282482658.306385517120361 7.780379203703705
1.732876215840000 1558077913.777124404907227 7.785594370370371
1.726159641360000 1488735166.704878807067871 7.790198314814816
3.082907829200000 1492610642.724627733230591 7.794799962962965
3.168673251258000 1755683795.607694149017334 7.800315500000002
3.169659809082000 1692857518.568628072738647 7.816411944444446
3.008641493130000 2282161242.229035854339600 7.822336777777779
3.167687794503000 2134790415.343400716781616 7.831281629629631
1.921626300308000 2239461568.584213733673096 7.841023370370372
3.115675335448000 1702971243.183964490890503 7.851965703703705
3.005835133470000 1824573881.817819118499756 7.858927648148150
1.719443066880000 2141159137.349516153335571 7.863440870370372
3.015418455842000 1551113904.106878757476807 7.868588962962964
1.733495054124000 1958166598.476369380950928 7.874065648148149
1.726776081046000 1558500091.804223060607910 7.879209444444445
3.015418455842000 1491988814.272666215896606 7.883811870370371
3.006770238420000 1961766598.682625293731689 7.889268851851853
3.016355958497000 2138177838.108762741088867 7.893702555555556
3.116644008268000 2138289999.832549333572388 7.898126185185186
3.107963267786000 2228032672.638202667236328 7.902643500000001
3.062642750699000 2248442340.906625747680664 7.907082425925926
3.069402929476000 2203548538.641589164733887 7.911552518518519
3.031784889231000 2193162544.065681457519531 7.915959870370371
2.999060571142000 2148857954.099282264709473 7.920440555555556
3.086745943200000 2138373387.905111789703369 7.924874629629630
3.031784889231000 2183238802.088707923889160 7.929360833333334
3.031784889231000 2149235103.407881736755371 7.933850425925926
1.726159641360000 2138302789.545803070068359 7.938269703703704
3.021249672616000 1559101368.698889970779419 7.943412462962963
3.006770238420000 1943709550.727138280868530 7.948886740740742
3.030842591166000 2138090808.887998342514038 7.953322185185186
3.084827064800000 2138528459.124096870422363 7.957753166666667
3.022189572976000 1960164624.704795122146606 7.962261962962963
1.740214027202000 2216504243.136557579040527 7.976631574074075
3.062642750699000 1508815655.727034330368042 7.983601925925926
3.077114997138000 1759822635.856389045715332 7.993837407407407
3.403137402378000 2155783132.829125881195068 8.002791685185185
3.023130523504000 1632629701.393267393112183 8.015627222222223
1.740214027202000 2129926055.412548303604126 8.020065981481482
3.008641493130000 1546936497.990579605102539 8.025208425925927
3.123387403110000 1957527170.537505388259888 8.030664703703705
1.726776081046000 2227132030.462262153625488 8.035182740740742
3.108929542901000 1567535006.209052324295044 8.040372296296297
3.063595348626000 2042052593.500673294067383 8.045901074074076
3.140763997206000 2203509541.387208938598633 8.050396111111112
3.156197726922000 2238089535.266973972320557 8.054890925925926
3.153253916702000 2293493905.432105541229248 8.059380351851852
1.733495054124000 2302853721.902180194854736 8.063806851851851
3.023130523504000 1576789906.649657249450684 8.069018203703703
3.021249672616000 1928929033.394057989120483 8.074487129629629
3.075200559627000 2137850293.317054033279419 8.078916037037036
3.122415247590000 2183463773.619171142578125 8.083402740740739
3.059786020481000 2238376557.441280364990234 8.087892833333331
1.734114353196000 2202379143.518231868743896 8.092382777777775
1.740214027202000 1565376763.024426937103271 8.097549351851850
3.107963267786000 1492880528.478208303451538 8.102146759259258
3.107963267786000 2041969357.903308391571045 8.107672925925923
3.138811538434000 2248050721.217108726501465 8.112106018518515
1.733495054124000 2021579361.835245132446289 8.116545833333330
3.023130523504000 1953294833.581718921661377 8.132649833333330
3.116644008268000 1913629939.973174095153809 8.139912018518515
1.727392979734000 2176910201.849004745483398 8.148849759259257
3.488022915816000 1659444419.214568853378296 8.158636314814812
3.009577294620000 2030137162.937256097793579 8.168838833333330
3.123387403110000 1842643253.519679307937622 8.175326166666665
3.123387403110000 2226031589.039299488067627 8.179846018518516
3.024070423864000 2239380780.670998096466064 8.184303722222220
1.740835726658000 2158148589.153902530670166 8.188817037037035
3.030842591166000 1557798290.635231018066406 8.193958648148147
3.053978794152000 1963186920.482091188430786 8.199420962962963
1.726159641360000 2183374810.681875228881836 8.203908314814814
3.037608907532000 1564845899.053627729415894 8.209074240740740
2.999994320518000 1962757605.188983678817749 8.214527388888889
3.006770238420000 2124571165.923592090606689 8.218959259259259
3.008641493130000 2128130797.916346073150635 8.223413685185186
3.107963267786000 2138524588.106859922409058 8.227841074074075
3.115675335448000 2227191579.779611587524414 8.232338185185185
3.015418455842000 2248874826.315723896026611 8.236776314814815
3.075200559627000 2156936629.523602485656738 8.241285074074074
1.740214027202000 2183313959.039873600006104 8.245784481481483
1.726159641360000 1565558842.798277378082275 8.250957240740743
3.006770238420000 1493014141.950430870056152 8.255561351851854
3.068447576644000 1962291819.515774011611938 8.261013351851854
1.734114353196000 2183608030.110849857330322 8.265495555555558
3.015418455842000 1565488504.779073238372803 8.270662759259261
3.124358473635000 1790885489.687588453292847 8.276146981481483
3.108929542901000 2203842000.477208137512207 8.290582796296299
1.740214027202000 2233446447.997362613677979 8.295638629629632
3.106995913034000 1895679911.205061197280884 8.307868222222226
1.915591436670000 2176088500.616164684295654 8.317816259259262
3.330576264096000 1606749119.101144075393677 8.330098537037040
3.107963267786000 1681712642.201090335845947 8.335574611111115
3.079986118944000 2217178755.518287181854248 8.340079833333338
1.753025939280000 2202976784.950129985809326 8.344580425925930
3.078071681433000 1564833156.491066932678223 8.349746500000004
3.083866911200000 2001819691.338073492050171 8.355246944444449
1.746933000280000 2193107307.620178699493408 8.359690555555559
3.024070423864000 1563524765.657715320587158 8.364864611111114
3.007706388180000 1962949443.697273492813110 8.370317277777781
3.007706388180000 2138575436.369936466217041 8.374753074074077
3.030842591166000 2138647422.938768625259399 8.379186777777781
3.024070423864000 2125463447.003684997558594 8.383624018518521
1.741456500966000 2137560943.413566350936890 8.388057092592595
3.008641493130000 1559004723.378384590148926 8.393204851851854
3.116644008268000 1963320525.454896450042725 8.398673129629632
1.733495054124000 2228075313.979147434234619 8.403188055555558
1.740214027202000 1570481891.542238712310791 8.408369796296299
3.115675335448000 1493253910.776361703872681 8.412972462962966
1.720057107968000 2074874434.068240642547607 8.419500537037040
1.720671606272000 1571146285.213213205337524 8.424695740740743
3.000221717610000 1493079356.652469396591187 8.429300129629633
3.078071681433000 1793351475.980403900146484 8.434769814814818
3.078071681433000 2147408597.869295597076416 8.449327685185187
3.093500612167000 2178544971.034758567810059 8.455260722222224
3.038554658828000 2155536486.109820842742920 8.464229888888891
1.929034183594000 2165896205.794989585876465 8.473151388888891
3.023130523504000 1455560676.913035631179810 8.487791925925928
3.170645265837000 1761191788.574764251708984 8.494041574074076
3.024070423864000 2246065480.293507099151611 8.498581814814818
3.138811538434000 2165202340.664961814880371 8.503107277777781
1.734732730692000 2214624176.418526649475098 8.507626833333337
3.123387403110000 1570580015.492972850799561 8.512814370370373
3.116644008268000 2041734357.090670347213745 8.518339888888892
3.023130523504000 2248268215.875773906707764 8.522773851851856
3.060737909366000 2158433187.472061634063721 8.527289388888892
3.078071681433000 2183247620.426482677459717 8.531766148148151
1.733495054124000 2192959608.139287471771240 8.536204611111113
1.740214027202000 1565356058.245123863220215 8.541374333333335
3.077114997138000 1492621944.108196496963501 8.545979129629632
3.023130523504000 2002388396.449046611785889 8.551480000000003
3.124358473635000 2148889671.089639663696289 8.555957185185189
3.169659809082000 2227239426.687876224517822 8.560474148148153
3.015418455842000 2293792050.819388389587402 8.564969370370374
1.739592790320000 2169004050.305613994598389 8.569495777777782
3.031784889231000 1558879552.425800323486328 8.574639555555560
3.030842591166000 1962469796.794485569000244 8.580109296296301
3.159980524930000 2138797324.112293481826782 8.584532888888894
3.069402929476000 2268515200.196210384368896 8.589063166666673
3.053978794152000 2008735993.626353263854980 8.593618962962969
3.060737909366000 2172416032.243618488311768 8.598084962962970
1.734114353196000 2164555735.498199462890625 8.612309888888896
3.016355958497000 1481520191.901514530181885 8.618447296296305
3.115675335448000 2051896783.730057477951050 8.626440222222231
3.007706388180000 1767759738.293260097503662 8.637263759259268
3.448366019049000 2133259126.117674350738525 8.646186055555564
3.005835133470000 1893626087.106968879699707 8.652608129629638
3.016355958497000 1857158553.406223535537720 8.658663222222231
3.029899240254000 2135929621.410575151443481 8.663102703703712
3.024070423864000 2138251055.954076766967773 8.667535240740749
3.030842591166000 2125784370.858712196350098 8.671965000000009
3.016355958497000 2138417082.260440826416016 8.676402351851861
3.025011024336000 2136279838.450325965881348 8.680836259259268
3.116644008268000 2138134919.507773399353027 8.685269629629637
3.024070423864000 2228024925.777031421661377 8.689779314814823
3.115675335448000 2158667653.535299777984619 8.694295407407415
3.085786146800000 2227522741.897801876068115 8.698813500000007
3.076157243922000 2203738931.486520290374756 8.703305722222229
3.123387403110000 2192599027.444432735443115 8.707742296296303
3.016355958497000 2236951532.832196712493896 8.712211148148155
1.740214027202000 2125428622.998162269592285 8.716725518518526
3.029899240254000 1491770150.641301631927490 8.722103759259268
1.739592790320000 1954889121.317599058151245 8.727557000000008
1.734114353196000 1558472236.312421083450317 8.732704611111119
1.740214027202000 1491392580.247807979583740 8.737304944444453
3.076157243922000 1492982884.908260345458984 8.741901277777787
1.733495054124000 2002327692.706457376480103 8.747402592592602
3.070357216066000 1564491277.476218700408936 8.752571203703713
3.077114997138000 1844408254.990088701248169 8.758232425925936
3.025951274752000 2178738707.618368148803711 8.762671259259269
3.123387403110000 2134240166.752599477767944 8.776966111111122
1.761627811788000 2194863637.486109733581543 8.782965370370380
3.107963267786000 1652335362.349525213241577 8.792761518518528
3.385597703618000 1993982574.853919982910156 8.802868240740750
3.016355958497000 1879315921.413732767105103 8.814251814814824
3.029899240254000 2121439440.117394685745239 8.818681314814825
1.727392979734000 2122166691.028152227401733 8.823115555555566
3.023130523504000 1551193972.932675838470459 8.828282370370381
3.070357216066000 1962337245.513841629028320 8.833759092592603
3.007706388180000 2182959511.361102104187012 8.838243203703714
3.116644008268000 2148851588.489172935485840 8.842735592592602
3.025011024336000 2227559043.305392265319824 8.847253462962973
3.163914591780000 2158784623.039943218231201 8.851756592592603
1.733495054124000 2271517592.449074268341064 8.856296629629639
1.734114353196000 1576594643.967799901962280 8.861507092592602
3.071312213484000 1492891073.563690423965454 8.866107037037047
3.116644008268000 2001903869.125953912734985 8.871594925925935
3.116644008268000 2237915779.283639907836914 8.876071259259268
3.122415247590000 2248121358.675905227661133 8.880505314814824
1.734114353196000 2248568484.944624900817871 8.884941407407418
3.013542403043000 1571533941.301136732101440 8.890131740740751
3.015418455842000 1962490874.110569477081299 8.895589351851863
3.021249672616000 2138015108.425168991088867 8.899965129629640
3.139787404369000 2138570730.668537139892578 8.904400185185196
3.046266726490000 2228386460.392587661743164 8.908915333333344
3.005835133470000 2159132075.161855697631836 8.913426092592603
1.740214027202000 1924140879.550024747848511 8.917874074074085
1.740835726658000 1936396381.994110345840454 8.932840370370382
3.015418455842000 1659626171.345764875411987 8.939715574074086
3.182111712675000 2078820569.562606573104858 8.950694759259271
3.008641493130000 2251674506.845776557922363 8.959655407407420
3.077114997138000 1917628877.637086153030396 8.973575444444457
1.740214027202000 2174207811.457792758941650 8.978073111111124
3.023130523504000 1562651501.690834999084473 8.983242592592605
3.025011024336000 1952736012.026694297790527 8.988711907407419
1.726776081046000 2125965699.362547159194946 8.993150870370382
3.062642750699000 1558500631.538038015365601 8.998297037037048
3.030842591166000 2001503491.203783273696899 9.003794981481493
1.726776081046000 2147886815.345505237579346 9.008282240740751
3.023130523504000 1558845522.831666946411133 9.013422518518530
1.746933000280000 1951341446.071958065032959 9.018891740740752
3.016355958497000 1558034151.224676370620728 9.024034444444457
3.016355958497000 1963722062.308654785156250 9.029496500000013
3.138811538434000 2138567472.979068279266357 9.033930648148161
3.115675335448000 2215513929.795958518981934 9.038451333333345
3.030842591166000 2248464898.283136367797852 9.042884481481494
3.024070423864000 2159153187.807308673858643 9.047400240740753
3.061690861814000 2138326489.067604780197144 9.051821351851864
3.030842591166000 2182885025.548047065734863 9.056315425925938
1.740214027202000 2148875738.132154464721680 9.060806240740753
3.014479905698000 1559219905.496826410293579 9.065944222222235
3.007706388180000 1963213528.995780706405640 9.071417240740754
3.131099470772000 1917872487.901424407958984 9.075852259259273
3.016355958497000 2161688239.315664768218994 9.090181388888903
3.031784889231000 2139400964.243871450424194 9.096361629629643
3.170645265837000 2135750261.806422233581543 9.105203333333346
3.386650296113000 2233699705.832099914550781 9.114199203703716
3.024070423864000 1585431859.886023521423340 9.125280129629642
3.069402929476000 1843608135.632117748260498 9.131089962962976
3.015418455842000 2164791139.032332420349121 9.135594111111125
3.078071681433000 2142071532.515716791152954 9.140086240740754
3.061690861814000 2178535523.089286804199219 9.144579666666679
3.101215077534000 2193298210.959280967712402 9.149023388888901
3.107963267786000 2238362387.805472850799561 9.153502629629642
3.061690861814000 2247584257.414577007293701 9.157936462962976
3.085786146800000 2203213800.210218429565430 9.162429148148162
1.739592790320000 2193339228.269022464752197 9.166873222222236
3.061690861814000 1564014868.208714246749878 9.172037111111125
1.734114353196000 2002519545.636812686920166 9.177532796296310
3.160963583980000 1565170694.328569889068604 9.182704592592607
3.005835133470000 2081007325.309897661209106 9.188248537037051
3.169659809082000 2169408672.228726863861084 9.192772129629644
3.124358473635000 2272718113.367450237274170 9.197317166666680
1.732257377556000 2258922541.455146789550781 9.201807740740755
1.732876215840000 1571765708.800639390945435 9.206997388888903
1.740214027202000 1493027702.235167264938354 9.211600574074088
1.726776081046000 1492263112.750526428222656 9.216199222222237
3.109896537774000 1493233950.050722122192383 9.220799444444459
3.013542403043000 2041798875.074206829071045 9.226320796296312
3.123387403110000 1935647848.852288961410522 9.230890277777794
3.015418455842000 2218326466.589125633239746 9.235411981481498
3.078071681433000 2218034920.782635211944580 9.249739648148164
3.069402929476000 2180227389.492276191711426 9.255715851851868
3.029899240254000 2153865292.930293560028076 9.264688407407423
3.378935830746000 2148740482.371991157531738 9.273597314814831
3.507898611490000 1974423187.095749616622925 9.282693370370387
3.014479905698000 1830411798.504461050033569 9.287205555555571
1.740835726658000 2157070075.042283058166504 9.291716592592609
3.069402929476000 1549662334.489139556884766 9.296870388888905
3.008641493130000 1999588514.001471281051636 9.302357907407425
3.029899240254000 2134439148.463746786117554 9.306828259259277
3.023130523504000 2137944544.111879825592041 9.311266888888905
3.006770238420000 2138286307.227554559707642 9.315692851851868
3.006770238420000 2137400458.698349475860596 9.320125685185200
3.162930800470000 2138813012.951972007751465 9.324559444444459
3.010512747840000 2272739594.057950019836426 9.329092111111125
3.078071681433000 2169415064.684822082519531 9.333628351851866
3.091576578478000 2183274478.238135337829590 9.338126111111125
1.734114353196000 2192856655.332818984985352 9.342564907407422
1.734114353196000 1565247267.573777437210083 9.347739388888902
1.740214027202000 1481996431.465374469757080 9.352378703703717
1.741456500966000 1491489776.195729970932007 9.356977629629643
2.999060571142000 1492857011.738563299179077 9.361577851851866
1.732876215840000 1963519037.234691143035889 9.367046666666681
3.099286245756000 1558365564.840450763702393 9.372190203703719
2.999060571142000 2042113592.762847185134888 9.377721333333348
1.721285190144000 2159313864.420547962188721 9.382235018518532
3.069402929476000 1402716998.317139148712158 9.387440000000014
1.720057107968000 1661348499.665331602096558 9.403763518518533
3.070357216066000 1692031636.821745157241821 9.410422425925940
3.016355958497000 1965000214.776989936828613 9.421545074074089
3.493566650886000 2148815143.765982627868652 9.430452296296311
3.023130523504000 2039571578.369201421737671 9.441578407407421
3.078071681433000 1873865063.443811178207397 9.446092462962977
1.741456500966000 2179756048.587010383605957 9.450574685185199
3.016355958497000 1554730831.133715391159058 9.455752351851865
3.023130523504000 1959714481.309520006179810 9.461216611111125
3.123387403110000 2138370555.005824327468872 9.465652000000013
3.031784889231000 2227501272.660947322845459 9.470170092592605
3.016355958497000 2158455610.812940120697021 9.474683203703716
3.023130523504000 2138395220.979598999023438 9.479119259259271
1.735351799370000 2136472611.916936397552490 9.483555833333345
1.740214027202000 1558063597.439667701721191 9.488694055555566
1.735351799370000 1492620691.598793745040894 9.493293703703714
3.071312213484000 1492973482.682814836502075 9.497893074074083
1.728008960418000 1993855888.800218105316162 9.503392685185194
3.160963583980000 1564528900.699060440063477 9.508563648148156
3.038554658828000 2081710713.820872545242310 9.514112555555563
3.070357216066000 2130887010.370079040527344 9.518634111111119
3.069402929476000 2182303293.479783535003662 9.523128962962971
3.007706388180000 2193517934.434867858886719 9.527557129629638
3.054928285332000 2148323186.576582908630371 9.532046796296305
3.076157243922000 2183657085.586310386657715 9.536536740740749
3.062642750699000 2193825047.246755599975586 9.540975611111119
3.123387403110000 1984989539.141515970230103 9.545567685185192
3.070357216066000 2223050256.934764385223389 9.550057944444452
3.077114997138000 2189383240.691861152648926 9.564370388888896
3.079986118944000 2181020544.083003520965576 9.570281796296303
3.017294159478000 2144187766.648602485656738 9.579132222222229
3.395420537520000 1694984245.017963409423828 9.589915407407414
1.908870063208000 1581088482.835861682891846 9.601737537037044
3.016355958497000 1404487071.440877437591553 9.606896944444452
3.033670538208000 1953909289.273644447326660 9.612371000000008
3.048161618910000 2131584661.038201093673706 9.616801740740749
3.017294159478000 2136510855.097076177597046 9.621239833333341
1.726776081046000 2138052724.239401102066040 9.625657648148156
3.030842591166000 1558685581.033812522888184 9.630803648148156
1.732876215840000 1961235868.081725597381592 9.636258203703711
3.024070423864000 1559091967.554840326309204 9.641401925925933
3.007706388180000 1962836733.174004554748535 9.646872407407415
3.079029078342000 2138341401.678271532058716 9.651305981481489
3.067493290054000 2183464067.897459506988525 9.655787685185192
3.021249672616000 2191798199.568698883056641 9.660218722222229
3.131099470772000 2120618844.759393453598022 9.664713537037043
1.739592790320000 2227783951.932850360870361 9.669231907407413
3.123387403110000 1571176506.273463010787964 9.674421314814820
3.124358473635000 2042082112.734108924865723 9.679947592592598
3.161947741420000 2247865469.428667068481445 9.684381666666672
3.039499354598000 2293563489.763988018035889 9.688855703703709
3.146523606096000 2169622173.721124172210693 9.693386592592597
3.115675335448000 2228244263.544920444488525 9.697904481481487
3.014479905698000 2248712481.414036750793457 9.702338333333339
1.733495054124000 1956356336.507313251495361 9.706865888888894
3.014479905698000 2051084612.591198921203613 9.722011388888893
3.024070423864000 2074498259.314873695373535 9.728091370370374
3.021249672616000 2148247735.640232086181641 9.737929814814818
1.922312810132000 2132688441.294655561447144 9.746764425925928
3.023130523504000 1491778662.361812114715576 9.760358037037038
3.031784889231000 1946027561.596247673034668 9.765838018518521
3.015418455842000 2124302211.363674163818359 9.770279722222224
3.069402929476000 2137183635.134119749069214 9.774716055555556
3.123387403110000 2181978567.092433929443359 9.779200333333334
1.734114353196000 2238188863.608158111572266 9.783676814814815
1.740835726658000 1571023834.174693584442139 9.788863888888889
3.139787404369000 1492447192.666755437850952 9.793463944444444
3.015418455842000 2081622569.684134483337402 9.798990203703703
3.140763997206000 2169695060.169852733612061 9.803508277777777
3.130124914868000 2204106671.758132934570312 9.807969870370369
1.739592790320000 2248621412.083500385284424 9.812398314814814
3.068447576644000 1571972216.280959844589233 9.817593203703703
3.023130523504000 2002695067.264574050903320 9.823093870370370
3.038554658828000 2148834455.778944492340088 9.827581425925926
3.025011024336000 2138196242.752614021301270 9.831969981481482
3.038554658828000 2138905728.322443485260010 9.836402796296296
3.032727889194000 2138745865.440003871917725 9.840839203703704
3.024070423864000 2138810816.698435068130493 9.845259666666667
3.039499354598000 2138855443.502753734588623 9.849677777777778
3.154235673758000 2136605291.730001449584961 9.854112370370370
3.471509415150000 2227962705.739186286926270 9.858631981481480
3.024070423864000 1989174051.842082500457764 9.863139259259258
3.037608907532000 2215737196.069619655609131 9.877521055555555
3.015418455842000 2127180096.832307338714600 9.883441944444444
3.022189572976000 2165136775.997294902801514 9.892423648148148
1.908188354152000 2134595739.333673954010010 9.901265944444443
3.084827064800000 1464044803.112466812133789 9.914536351851851
3.038554658828000 1753179510.267713308334351 9.920048055555554
3.024070423864000 2139058274.021352529525757 9.924544055555554
1.734114353196000 2129573779.546338796615601 9.928969777777777
3.022189572976000 1557936147.899886608123779 9.934108388888887
1.726776081046000 1962811368.948812484741211 9.939574870370368
3.030842591166000 1557518303.253512144088745 9.944723722222220
3.085786146800000 1963360078.039263486862183 9.950191055555553
3.015418455842000 2183342951.662539958953857 9.954686074074072
3.014479905698000 2148101895.206243038177490 9.959171074074073
3.115675335448000 2138084029.469654798507690 9.963602499999999
3.078071681433000 2227176827.993358612060547 9.968119444444444
1.740214027202000 2204220872.254871845245361 9.972609722222222
3.023130523504000 1563776474.003562450408936 9.977776740740740
3.007706388180000 1963331689.422858715057373 9.983243981481481
2.999060571142000 2138700530.933463811874390 9.987670148148148
3.023130523504000 2137065375.931503534317017 9.992091018518519
3.016355958497000 2133196451.754294633865356 9.996527222222221
3.017294159478000 2138537837.025157928466797 10.000961444444444
3.070357216066000 2138372120.417207956314087 10.005394796296295
1.727392979734000 2183353418.565869808197021 10.009892296296295
3.078071681433000 1565135453.440903663635254 10.015059166666665
3.024070423864000 1866890183.530548095703125 10.020580499999999
3.124358473635000 1651863572.355140686035156 10.036597944444443
3.029899240254000 2233331102.234697341918945 10.042601740740739
2.999994320518000 2134813820.222621679306030 10.051530685185183
3.439582177252000 2158891002.487829208374023 10.060492833333331
1.746933000280000 1991046208.012373685836792 10.071412055555554
3.031784889231000 1328223769.643878936767578 10.078143018518517
3.085786146800000 1950243879.654356718063354 10.083614296296295
3.008641493130000 2179483980.125782012939453 10.088101777777776
3.023130523504000 2148551246.183575630187988 10.092596240740740
3.122415247590000 2138504199.644982576370239 10.097030037037037
1.726776081046000 2226000591.242224216461182 10.101540314814814
3.029899240254000 1571169427.724277257919312 10.106730444444445
3.024070423864000 1961557128.022648811340332 10.112205314814815
3.022189572976000 2118612172.120416402816772 10.116660851851853
3.076157243922000 2137938550.385001420974731 10.121086037037038
1.726776081046000 2183251916.008768081665039 10.125580333333335
1.728008960418000 1565515743.671169757843018 10.130747018518521
3.054928285332000 1492785560.153947830200195 10.135346944444446
3.009577294620000 2001372987.938578128814697 10.140845037037039
1.739592790320000 2149067040.305073738098145 10.145332111111113
3.069402929476000 1559120390.716877698898315 10.150481240740742
3.076157243922000 2001056785.909431457519531 10.155971648148149
3.031784889231000 2193953787.613277912139893 10.160410092592594
3.016355958497000 2149130607.632731437683105 10.164900500000002
1.740835726658000 2138849832.701875209808350 10.169333703703705
3.348077969278000 1559002854.684670686721802 10.174477944444446
1.742077969135000 1788610658.493645668029785 10.179958185185187
3.008641493130000 1936147001.910289525985718 10.194916166666669
3.024070423864000 2086008515.451085567474365 10.201105351851854
3.024070423864000 2165109511.259911060333252 10.210928796296299
3.463794949783000 2135793216.664605140686035 10.219761444444448
3.039499354598000 1968628076.376310586929321 10.230690759259263
3.024070423864000 2146004702.413796186447144 10.235188055555559
3.038554658828000 2138101780.318565607070923 10.239612981481486
1.747557100120000 2131858613.601061820983887 10.244036111111114
3.062642750699000 1556328955.318353176116943 10.249185296296300
3.126301699680000 2001055751.092513561248779 10.254672981481486
3.016355958497000 2238421599.520928382873535 10.259156962962967
1.741456500966000 2158209345.502641201019287 10.263665370370374
3.054928285332000 1536087137.331796407699585 10.268821981481485
3.070357216066000 1958379046.195367336273193 10.274297518518523
3.070357216066000 2182544047.702386856079102 10.278794537037042
3.022189572976000 2192979551.873470306396484 10.283220370370374
1.734114353196000 2148616358.108609199523926 10.287715592592596
3.078071681433000 1558471397.676117420196533 10.292861833333337
3.024070423864000 2001333079.131981134414673 10.298349851851855
3.029899240254000 2148989300.744979381561279 10.302829222222226
1.740835726658000 2138608958.089831590652466 10.307265518518522
3.007706388180000 1558061144.992547750473022 10.312409333333337
3.080943159546000 1963469203.530826807022095 10.317874425925929
3.029899240254000 2183542142.889480590820312 10.322373888888892
3.008641493130000 2149016324.555490016937256 10.326851351851856
3.039499354598000 1924564140.700527906417847 10.331333685185189
3.124358473635000 2129523970.619482278823853 10.335778555555560
1.740214027202000 2135487076.285973548889160 10.350106222222227
3.024070423864000 1480440055.891942262649536 10.356268907407411
3.025011024336000 2147180306.301731109619141 10.367135703703708
3.525510672719000 2135137731.025522708892822 10.375973111111115
3.039499354598000 2082440872.685540437698364 10.385138518518522
1.725543201674000 1816145525.094601869583130 10.391495574074078
3.024070423864000 1555666008.480885505676270 10.396644407407411
1.734114353196000 1958217882.009053468704224 10.402118148148151
3.014479905698000 1556178851.024637222290039 10.407265407407410
3.029899240254000 1962143408.099056243896484 10.412739296296298
3.038554658828000 2124030356.805739164352417 10.417153462962965
1.740214027202000 2139407507.862572669982910 10.422588259259260
3.077114997138000 1558409427.183174133300781 10.427737277777778
1.742077969135000 2001419814.466743469238281 10.433234944444445
1.734732730692000 1565515565.141808509826660 10.438412111111111
3.110863172768001 1492746697.637409210205078 10.443020203703703
3.053028242088000 2041447402.538667917251587 10.448548037037037
3.029899240254000 2203311602.529657363891602 10.453028222222223
3.015418455842000 2149204586.308689117431641 10.457519851851853
3.023130523504000 2138674074.477397441864014 10.461941277777779
3.069402929476000 2138476907.748212575912476 10.466364759259260
3.030842591166000 2183548781.794945716857910 10.470856796296298
3.070357216066000 2147197739.738512516021729 10.475326944444445
3.131099470772000 2173172109.393267154693604 10.479841407407408
1.739592790320000 2237643119.178980827331543 10.484329055555555
3.068447576644000 1571452100.936286687850952 10.489518981481481
3.029899240254000 1849172694.591482877731323 10.495036000000001
3.092539132462000 2175680920.911943435668945 10.509324574074075
3.024070423864000 2169021597.589106082916260 10.515297462962964
3.062642750699000 1874505990.512046337127686 10.525926925925928
1.920940301280000 1881169237.250368833541870 10.536564851851853
1.727392979734000 1604637919.071999073028564 10.548815796296298
3.125330267490000 1328168395.113931655883789 10.553896000000002
3.060737909366000 2034094124.884650707244873 10.559434740740743
3.006770238420000 2197996293.942370414733887 10.563921888888892
1.732876215840000 2146461977.476381778717041 10.568412648148151
1.734732730692000 1558837615.577382802963257 10.573555907407410
3.101215077534000 1492889035.369775056838989 10.578163314814818
3.008641493130000 2041497795.114764451980591 10.583693962962966
3.061690861814000 2157477255.362673759460449 10.588202148148152
3.079029078342000 2172746166.361183643341064 10.592698166666670
3.023130523504000 2191977320.215370178222656 10.597138407407410
3.014479905698000 2148867115.965221881866455 10.601628259259263
3.016355958497000 2138532390.594929218292236 10.606054555555559
3.016355958497000 2138481970.862168550491333 10.610480518518521
3.024070423864000 2138523219.073754787445068 10.614893796296299
3.077114997138000 2138586094.057564735412598 10.619324888888892
3.069402929476000 2183407589.001090049743652 10.623827018518522
3.131099470772000 2192800343.074702262878418 10.628253222222225
3.161947741420000 2238686579.847289085388184 10.632742462962966
3.031784889231000 2293231427.440894126892090 10.637235351851855
3.038554658828000 2169574587.310039520263672 10.641756277777780
1.733495054124000 2138701177.256408214569092 10.646192203703706
3.007706388180000 1559146209.951915264129639 10.651333592592595
3.084827064800000 1792804082.100986003875732 10.656820962962964
3.030842591166000 2149116091.104724407196045 10.671131722222224
3.030842591166000 2123134950.372208356857300 10.677102092592595
3.015418455842000 2134182099.961255311965942 10.685944407407410
3.456080484416000 2164842860.051958560943604 10.694947351851855
3.062642750699000 1877250583.507187843322754 10.706158296296300
1.727392979734000 2178925436.749060630798340 10.710598722222226
3.071312213484000 1559935995.359179973602295 10.715770222222226
3.014479905698000 1993023341.713792562484741 10.721265074074077
3.013542403043000 2148349425.533580303192139 10.725760388888892
3.022189572976000 2137151433.567753076553345 10.730176333333336
1.734114353196000 2138116508.909848928451538 10.734609629629633
2.990420594324000 1558322512.410964965820312 10.739757407407410
3.031784889231000 1960417540.799462318420410 10.745214314814817
3.000927027763000 2138571925.725015401840210 10.749652277777781
3.069402929476000 2138145193.029861688613892 10.754065814814817
3.025011024336000 2183286213.079951286315918 10.758558129629632
3.023130523504000 2149036244.908728122711182 10.763050203703706
1.740835726658000 2138901480.180632114410400 10.767479092592595
1.740835726658000 1558578061.775505781173706 10.772623166666669
3.054928285332000 1493174262.109133005142212 10.777227129629631
3.106029637919000 2002150479.412664890289307 10.782733481481483
3.015418455842000 2238391912.716005802154541 10.787227962962964
3.015418455842000 2159110358.084629058837891 10.791736518518519
3.062642750699000 2137701930.573136091232300 10.796154703703705
3.116644008268000 2183642309.404838562011719 10.800646481481483
3.076157243922000 2168717190.652453422546387 10.805309222222224
3.155216335103000 2059565063.564651012420654 10.809800129629631
1.732876215840000 2176850795.823358058929443 10.824195888888889
3.016355958497000 1506802694.077873468399048 10.831229148148148
3.016355958497000 2087449717.778297424316406 10.841209481481481
3.434004861810000 1694592420.583317995071411 10.851975481481482
1.740214027202000 1546243960.483308315277100 10.864581500000000
3.168673251258000 1544755585.709109783172607 10.869794870370370
3.053028242088000 2075891077.064593315124512 10.875351296296296
3.047213819965000 2210852339.957758426666260 10.879849240740741
3.022189572976000 2192692739.200974464416504 10.884289370370372
1.739592790320000 2149175041.782729625701904 10.888776870370371
3.024070423864000 1558466310.900357961654663 10.893916185185185
3.076157243922000 1961213478.194545745849609 10.899379055555556
3.079029078342000 2172992370.935486316680908 10.903879388888889
3.092539132462000 2192270155.905722141265869 10.908317018518519
1.726776081046000 2193651151.691743373870850 10.912740462962963
3.250819724734000 1565078532.642784118652344 10.917907222222222
3.107963267786000 2001108686.852331876754761 10.923397000000000
3.131099470772000 2237765561.749765872955322 10.927884796296295
3.008641493130000 2247449535.006947040557861 10.932323333333333
1.740214027202000 2159480311.473594665527344 10.936839500000000
3.024070423864000 1558734087.118769884109497 10.941980629629629
3.077114997138000 1962836919.400066614151001 10.947435555555556
3.024070423864000 2183084986.103962898254395 10.951933240740741
3.077114997138000 2148259322.557397365570068 10.956430000000001
3.032727889194000 2183670059.690302371978760 10.960925425925927
3.022189572976000 1935786793.338218212127686 10.965424277777778
3.015418455842000 2127472159.069655179977417 10.969879814814815
3.106995913034000 2112298684.748933315277100 10.984135648148149
3.124358473635000 1910198265.988789319992065 10.991169222222222
3.170645265837000 1768269181.531108617782593 11.002886222222223
3.381037393728000 2265811733.631246089935303 11.011804240740741
3.030842591166000 2016653277.631729602813721 11.021011148148148
1.739592790320000 1857634250.967578649520874 11.027370092592593
1.747557100120000 1556566405.323636531829834 11.032523907407407
3.000927027763000 1484836576.861358642578125 11.037128518518518
3.059786020481000 1962552096.797114372253418 11.042601592592591
3.007706388180000 2183016664.050429821014404 11.047084518518517
3.146523606096000 2148668607.873468399047852 11.051561814814812
3.107963267786000 2270317306.358852863311768 11.056101999999997
3.022189572976000 2258815814.953833580017090 11.060596574074072
1.726776081046000 2157558591.860989570617676 11.065115277777776
3.021249672616000 1558270271.635040283203125 11.070249481481481
3.133047132348000 1963304984.910120964050293 11.075716722222221
1.726776081046000 2188057699.623270988464355 11.080243999999999
3.008641493130000 1541932455.940226793289185 11.085438962962961
3.053028242088000 1944738911.348394870758057 11.090903759259257
3.062642750699000 2180819413.920924186706543 11.095394999999998
1.720057107968000 2193604268.641868114471436 11.099825240740739
3.029899240254000 1564570821.128563165664673 11.104990444444443
3.017294159478000 1963090296.052073240280151 11.110444314814814
3.122415247590000 2138584101.936168670654297 11.114875555555555
3.107963267786000 2228232081.071774005889893 11.119392814814814
3.014479905698000 2248411366.032431602478027 11.123819259259259
3.022189572976000 1943065876.201347827911377 11.128345425925925
3.008641493130000 2129655486.767277240753174 11.142601611111111
3.107963267786000 2126878154.840973377227783 11.148512574074074
3.030842591166000 1906712468.113742113113403 11.159162407407408
3.447294244914000 2164069053.406357288360596 11.168099129629629
3.395420537520000 1980389158.892393827438354 11.178566148148148
3.038554658828000 1959191163.699522256851196 11.183001555555556
3.023130523504000 2120408366.090632438659668 11.187495888888890
3.077114997138000 2123914325.438080072402954 11.191931277777778
3.025011024336000 2181567851.709537506103516 11.196422962962963
1.740835726658000 2149145325.396759510040283 11.200896703703703
3.024070423864000 1558292891.989567518234253 11.206051555555556
3.022189572976000 1962533057.767374515533447 11.211526259259259
3.077114997138000 2138293894.293627023696899 11.215959574074073
3.062642750699000 2180573058.214470863342285 11.220459537037037
3.069402929476000 2193268078.396035194396973 11.224898537037037
3.024070423864000 2182481433.525819301605225 11.229346518518518
3.007706388180000 2148872065.228609561920166 11.233832166666666
3.023130523504000 2138491167.805428504943848 11.238263555555555
3.085786146800000 2138672115.629209280014038 11.242704314814814
3.084827064800000 2183396699.947972297668457 11.247189092592592
3.039499354598000 2193545769.462480545043945 11.251615462962961
3.076157243922000 2148151415.654699325561523 11.256104944444443
3.030842591166000 2183768739.637209415435791 11.260594833333332
1.739592790320000 2149092909.110473155975342 11.265069537037036
1.742077969135000 1559236082.975010395050049 11.270216111111109
3.083866911200000 1493007934.433349370956421 11.274820981481479
1.753651973358000 2001292051.181581020355225 11.280303277777776
3.030842591166000 1408508191.104353666305542 11.285491833333332
3.184092585814000 2118576079.320649623870850 11.300754777777776
3.030842591166000 2227585184.716999053955078 11.309544499999998
3.138811538434000 2179544034.187821865081787 11.318501555555553
3.386650296113000 2175696476.503449440002441 11.327422092592590
1.738971553438000 1904861475.489718437194824 11.335972925925923
1.734732730692000 1378320188.508421182632446 11.342150074074071
3.016355958497000 1481925885.794777393341064 11.346764574074072
3.043424035125000 1961431030.459616422653198 11.352240555555554
3.031784889231000 2138802110.883984804153442 11.356679629629628
3.008641493130000 2137266939.772950649261475 11.361105166666665
3.007706388180000 2138394975.417772054672241 11.365523444444442
3.069402929476000 2137922155.463291645050049 11.369952499999997
3.028956942189000 2183078220.360257148742676 11.374452370370367
1.734114353196000 2138421133.022618532180786 11.378938240740737
3.116644008268000 1557827837.286819219589233 11.384088407407404
3.029899240254000 2042199529.241354465484619 11.389611407407404
3.106995913034000 2158998683.441812038421631 11.394112481481478
3.024070423864000 2138669349.620308876037598 11.398548351851849
3.030842591166000 2138367177.786987066268921 11.402972185185183
3.132072939002000 2138552514.449779748916626 11.407403240740738
3.087705382400000 2227817749.081745624542236 11.411900499999998
3.075200559627000 2203536361.531847476959229 11.416380203703701
3.030842591166000 2193537426.450922489166260 11.420811611111109
3.177371876744000 2148474385.495254516601562 11.426290277777776
3.070357216066000 2272632328.110087871551514 11.430830759259257
3.077114997138000 2214343167.701863288879395 11.435338759259256
1.734114353196000 2193934974.349555492401123 11.439775185185182
3.108929542901000 1406246280.938627958297729 11.444962425925922
3.016355958497000 1661639781.037608146667480 11.460449611111107
3.023130523504000 1842014342.251068592071533 11.467468499999995
3.061690861814000 1727249800.201314210891724 11.479077407407402
3.438511605988000 2155993163.893876075744629 11.487978944444439
3.013542403043000 1888772427.236367464065552 11.499341203703699
3.029899240254000 2115519526.442099809646606 11.503839851851847
3.032727889194000 2130975980.312142848968506 11.508264462962957
3.079029078342000 2131704476.017162799835205 11.512701277777772
3.077114997138000 2179670917.043517112731934 11.517197611111106
3.101215077534000 2192917603.811660766601562 11.521620685185180
1.739592790320000 2192387744.885358333587646 11.526059648148143
1.740214027202000 1565736652.332238912582397 11.531231518518513
1.726776081046000 1492836497.224644899368286 11.535838870370366
3.030842591166000 1492149047.253493785858154 11.540446407407403
3.023130523504000 1962973161.172098875045776 11.545903537037033
3.016355958497000 2138528509.138293743133545 11.550337462962959
3.085786146800000 2138509925.729243516921997 11.554773185185182
3.171631456638000 2183070458.047345638275146 11.559268111111107
3.121444177065000 2276276612.754443168640137 11.563785055555552
3.106995913034000 2256910164.957645893096924 11.568271055555552
3.039499354598000 2248910703.103474140167236 11.572706944444441
3.025011024336000 2159142515.019340038299561 11.577207314814812
3.023130523504000 2138790103.931315183639526 11.581633314814813
3.029899240254000 2128558659.776629209518433 11.586077018518516
3.030842591166000 2135790864.024740457534790 11.590496259259258
3.084827064800000 2138122381.371595859527588 11.594934722222220
3.117613402632000 2116113394.261832237243652 11.599560666666665
1.742077969135000 2091706332.734677791595459 11.604066648148146
3.063595348626000 2010800959.829933643341064 11.619084740740739
1.739592790320000 2044000077.809506893157959 11.626224685185184
3.029899240254000 1907767972.984304428100586 11.635941944444443
3.456080484416000 2137880874.393966674804688 11.645926425925925
1.733495054124000 1968437968.927080392837524 11.656253388888889
1.733495054124000 1350044072.971298217773438 11.662379592592591
3.029899240254000 1491131211.092701911926270 11.666984555555555
3.022189572976000 1951565654.411988735198975 11.672456388888888
3.017294159478000 2137359466.787166833877563 11.676882388888888
3.029899240254000 2138390655.565029859542847 11.681312833333333
1.746933000280000 2138613006.878315687179565 11.685738981481482
3.024070423864000 1557695268.402257919311523 11.690883277777777
3.070357216066000 1962297028.093957901000977 11.696353018518518
1.727392979734000 2183282873.742593288421631 11.700850444444445
3.000927027763000 1565223135.813536405563354 11.706014796296296
1.732876215840000 1962694829.551412105560303 11.711490000000000
3.007706388180000 1549078222.915715456008911 11.716640759259258
3.029899240254000 1962853794.472697257995605 11.722106555555554
3.016355958497000 2138536204.355794191360474 11.726542537037036
3.015418455842000 2138665191.202545166015625 11.730960481481480
3.024070423864000 2138406675.464826822280884 11.735394629629628
3.005835133470000 2125870492.701722383499146 11.739821092592591
3.022189572976000 2137951126.259259939193726 11.744238370370368
3.070357216066000 2138744803.217682123184204 11.748672203703702
3.021249672616000 2183117649.237607002258301 11.753171925925924
3.070357216066000 2135619360.564717531204224 11.757657944444443
3.106995913034000 1971913462.727160453796387 11.762151833333332
3.083866911200000 2184111244.287961483001709 11.766601499999998
3.078071681433000 2149586156.681314945220947 11.780971314814813
3.014479905698000 2179835809.011113166809082 11.786901851851850
3.132072939002000 1875853889.327124834060669 11.797513037037035
3.371221365379000 2212137460.687510490417480 11.806457277777776
3.024070423864000 1886493177.257633924484253 11.817817703703701
3.039499354598000 2130888283.902109146118164 11.822252722222220
1.734114353196000 2124864092.538421869277954 11.826690518518516
1.734114353196000 1558403930.570947408676147 11.831837259259258
3.062642750699000 1489275366.515837192535400 11.836441425925925
3.133047132348000 2001149620.534961223602295 11.841931611111109
3.023130523504000 2238310964.738510608673096 11.846418722222220
3.123387403110000 2144769037.543558597564697 11.850930518518515
1.740214027202000 2210359480.953688144683838 11.855450203703700
3.016355958497000 1571116780.926970958709717 11.860641944444442
3.114705580312000 1963008765.539604187011719 11.866107370370369
1.721285190144000 2227374271.119068145751953 11.870617074074072
1.740214027202000 1571846414.994757890701294 11.875809999999998
1.739592790320000 1492389922.695642709732056 11.880416611111109
3.016355958497000 1492858673.730229377746582 11.885016814814813
3.116644008268000 1963268473.748143434524536 11.890489796296295
3.030842591166000 2227774532.763169288635254 11.894989259259258
3.070357216066000 2159169554.602712154388428 11.899502499999999
3.168673251258000 2182938667.659099578857422 11.903980833333332
3.108929542901000 2283126300.588736057281494 11.908481999999999
3.047213819965000 2259322170.470809459686279 11.912958925925926
3.030842591166000 1950936870.457144975662231 11.917476092592592
3.077114997138000 2131036490.392224073410034 11.921922722222222
3.023130523504000 2146317604.383890628814697 11.936237759259258
3.007706388180000 2066857010.712168216705322 11.942203629629629
1.734114353196000 1900172200.857279539108276 11.952792685185186
3.370173568294000 1649254034.424829483032227 11.962614407407408
3.070357216066000 1779206808.025102138519287 11.972936648148149
3.023130523504000 1898484967.270845174789429 11.979304851851852
3.078071681433000 2146565981.752095699310303 11.983798518518519
3.024070423864000 2172984152.629344463348389 11.988291611111112
3.131099470772000 2147291223.875674962997437 11.992784018518520
3.016355958497000 2227591164.978084564208984 11.997300555555558
3.039499354598000 2159100479.567160129547119 12.001818518518521
3.031784889231000 2137737010.555557966232300 12.006244833333335
3.047213819965000 2138365412.909797430038452 12.010662666666668
3.015418455842000 2138347914.241730213165283 12.015101500000002
3.116644008268000 2138290719.795956850051880 12.019530481481484
3.040444754052000 2226887754.725566864013672 12.024047870370373
1.734114353196000 2158984290.571057796478271 12.028558018518520
3.023130523504000 1559209987.914364576339722 12.033706462962964
1.746933000280000 1963063989.537239789962769 12.039172055555557
3.029899240254000 1547952340.064739227294922 12.044326629629632
3.014479905698000 1962601194.764241456985474 12.049776333333336
3.123387403110000 2138685550.705647468566895 12.054214074074077
3.116644008268000 2227826953.643469333648682 12.058734592592595
3.116644008268000 2248597452.420952320098877 12.063165814814816
3.178359731204000 2248298859.979044914245605 12.067602055555557
3.007706388180000 2292528948.572041034698486 12.072096296296298
3.347037365308000 2169696822.594880580902100 12.076628296296297
3.070357216066000 1832574527.932890892028809 12.081078777777778
3.110863172768001 1664662205.756862878799438 12.097094444444444
3.072266855488000 2235259701.046988487243652 12.103049796296297
3.114705580312000 2180110871.963531017303467 12.111946277777779
3.462718380238000 2173346274.155858516693115 12.120933055555557
1.738971553438000 1933623624.750274419784546 12.132121259259261
3.123387403110000 1561772353.946117401123047 12.137302629629632
1.732876215840000 2031624715.797791957855225 12.142833055555558
3.006770238420000 1570065231.764283180236816 12.147986759259261
3.078071681433000 1962469981.066389560699463 12.153444425925928
3.069402929476000 2183276000.164805889129639 12.157939055555557
3.116644008268000 2193132194.210783958435059 12.162370666666668
3.015418455842000 2238005636.797409057617188 12.166864944444445
3.023130523504000 2159080591.497227191925049 12.171373277777779
3.024070423864000 2138674690.945539474487305 12.175807351851853
3.030842591166000 2137543656.758601188659668 12.180230111111113
3.029899240254000 2121791753.119611740112305 12.184665907407409
3.037608907532000 2137790200.737471103668213 12.189100481481482
3.024070423864000 2138172131.352854251861572 12.193536370370371
3.015418455842000 2137131824.189656734466553 12.197949796296296
3.123387403110000 2138312081.798361063003540 12.202383462962963
3.076157243922000 2228156745.389178276062012 12.206900814814816
1.733495054124000 2201868461.424258708953857 12.211391259259260
3.124358473635000 1553177413.985057592391968 12.216564240740741
3.023130523504000 2042144978.733815908432007 12.222089444444444
3.078071681433000 2159214285.714285850524902 12.226597444444444
3.340363503911000 2183444789.181571960449219 12.231091833333332
3.030842591166000 1981770186.567629098892212 12.235549555555554
1.733495054124000 2112014965.792474508285522 12.249841407407406
3.115675335448000 1476884971.411776542663574 12.255953092592591
1.720057107968000 1911438165.181635856628418 12.267068129629628
3.493566650886000 1488374792.808043956756592 12.277022666666666
3.348077969278000 2061903703.218624114990234 12.287202999999998
1.733495054124000 1911122002.580215454101562 12.291652814814812
3.061690861814000 1566304239.454850673675537 12.296846092592590
1.720057107968000 1996994842.545962095260620 12.302339759259256
3.008641493130000 1561381328.757574081420898 12.307520037037033
3.124358473635000 1961657942.045766115188599 12.312989870370366
3.024070423864000 2191043323.968652725219727 12.317498537037032
3.006770238420000 2158115244.287389278411865 12.322015833333328
3.059786020481000 2138076341.764989376068115 12.326434074074069
3.117613402632000 2169741574.555588722229004 12.330945870370364
3.115675335448000 2236088469.738268852233887 12.335436629629623
1.741456500966000 2248559819.224170207977295 12.339861999999993
3.023130523504000 1571026441.998886585235596 12.345051555555548
3.031784889231000 1963203487.662276029586792 12.350512074074066
3.023130523504000 2138672261.321653842926025 12.354943111111103
3.117613402632000 2138458640.492847442626953 12.359376907407400
3.070357216066000 2228266673.784318923950195 12.363886648148140
1.740214027202000 2203359755.643298625946045 12.368360981481473
3.015418455842000 1565899311.420963764190674 12.373535351851844
3.115675335448000 1962565563.008275032043457 12.378993629629623
3.078071681433000 2227885670.013076782226562 12.383511092592586
3.099286245756000 2203646120.593277454376221 12.387983425925920
3.070357216066000 1975105828.866968393325806 12.392423333333328
1.727392979734000 2166014544.320816993713379 12.406678611111106
3.029899240254000 1481014587.953758478164673 12.412807462962958
3.022189572976000 2149065143.039431095123291 12.420934592592587
3.056828328576000 2134342927.411670207977295 12.430768333333328
3.556368534186999 2130548318.277275800704956 12.439656925925920
2.985498097029000 1870332724.506030082702637 12.447676796296291
3.123387403110000 2167460468.306064605712891 12.452213240740734
1.739592790320000 2181565039.818626880645752 12.456738388888883
3.015418455842000 1570511707.640438079833984 12.461934425925920
3.008641493130000 1962865468.378249406814575 12.467406222222216
3.016355958497000 2137226513.508761644363403 12.471829962962957
3.024070423864000 2137244059.389348983764648 12.476250259259253
3.046266726490000 2138397609.332124948501587 12.480684166666659
3.016355958497000 2181594686.994878292083740 12.485163740740733
3.016355958497000 2148757193.738093376159668 12.489635222222214
1.740214027202000 2126110952.891999483108521 12.494069870370362
3.092539132462000 1558495694.482959747314453 12.499211851851843
1.727392979734000 2041174370.783014297485352 12.504736796296287
1.745685729320000 1571414195.168406724929810 12.509928703703695
3.017294159478000 1492390510.157360792160034 12.514539481481473
3.155216335103000 1961479943.950534820556641 12.519984407407398
3.006770238420000 2272933798.677443027496338 12.524521074074064
3.007706388180000 2169559977.454848289489746 12.529055185185175
3.109896537774000 2138600351.722898960113525 12.533488388888879
3.007706388180000 2228120347.928790092468262 12.538003999999990
3.061690861814000 2159040353.700388908386230 12.542515037037028
1.726159641360000 2183503988.271968364715576 12.547012018518510
1.735351799370000 1564780800.481276988983154 12.552183444444436
3.154235673758000 1392455634.936164855957031 12.556820685185176
3.021249672616000 1697505970.956998109817505 12.572355759259251
3.023130523504000 2146656151.069831609725952 12.578369166666658
3.068447576644000 2163545292.611422061920166 12.587351499999992
3.370173568294000 2172134187.453653812408447 12.596266888888881
1.754278473582000 2139267167.302109956741333 12.605223407407399
3.014479905698000 1480393204.999281883239746 12.610379703703694
1.725543201674000 1946438346.521183013916016 12.615851444444434
3.133047132348000 1551593265.460301637649536 12.620999037037027
3.007706388180000 2037978869.936891078948975 12.626527407407398
3.108929542901000 2158956396.423028469085693 12.631037740740732
3.014479905698000 2227195371.391328811645508 12.635555537037028
2.999060571142000 2158187938.819024562835693 12.640063111111102
3.015418455842000 2138703809.452250242233276 12.644499444444435
3.007706388180000 2138531628.380672216415405 12.648917944444435
3.062642750699000 2138881977.884414672851562 12.653355907407398
1.726776081046000 2183475910.538392543792725 12.657851111111102
1.732876215840000 1565620085.128355741500854 12.663015425925916
3.046266726490000 1492928436.222757101058960 12.667623333333324
3.061690861814000 2001422331.908827066421509 12.673130981481473
3.023130523504000 2193752734.653986454010010 12.677564814814806
3.000927027763000 2148943138.022711753845215 12.682057499999992
3.161947741420000 2114048932.699808359146118 12.689107999999992
3.006770238420000 2242021973.708421230316162 12.693636981481474
3.079029078342000 2167637357.876754283905029 12.698168129629622
3.023130523504000 2182903518.222684383392334 12.702654296296288
3.300764959336000 2146610962.870092868804932 12.707144537037028
3.077114997138000 2135913300.022597551345825 12.711569759259250
1.734114353196000 2125011710.365017890930176 12.725890722222212
1.732876215840000 1476958751.989502668380737 12.731987537037027
3.016355958497000 1488727677.784366846084595 12.742386370370360
3.069402929476000 2141281926.514215469360352 12.752380240740731
3.377885635956000 2188834970.841784954071045 12.759391796296287
3.016355958497000 2138804385.149152517318726 12.765604685185176
3.014479905698000 2075850923.422199487686157 12.770035666666658
3.029899240254000 2124913419.371006250381470 12.774469555555546
3.030842591166000 2138067650.681642532348633 12.778904648148139
3.023130523504000 2138223252.657769680023193 12.783325648148139
1.725543201674000 2131290164.153879404067993 12.787752388888880
1.740835726658000 1557626500.519808530807495 12.792900296296287
3.069402929476000 1492801364.935310363769531 12.797507759259249
3.069402929476000 2001848697.155503988265991 12.803013518518508
1.726159641360000 2193252612.585519790649414 12.807447185185175
3.023130523504000 1561491826.359855175018311 12.812616240740731
3.015418455842000 1962944911.955263376235962 12.818086944444435
3.016355958497000 2138188314.245260000228882 12.822507648148138
3.017294159478000 2138660890.559963703155518 12.826925592592582
3.014479905698000 2137062036.665998697280884 12.831362037037026
3.017294159478000 2138468846.065130472183228 12.835777685185175
3.024070423864000 2137900949.949311017990112 12.840216518518508
3.024070423864000 2138957725.239188194274902 12.844637333333322
3.039499354598000 2138750293.966264009475708 12.849062759259247
3.023130523504000 2138782909.583270788192749 12.853494092592580
1.741456500966000 2138568986.497259855270386 12.857907462962951
3.015418455842000 1559174048.685701847076416 12.863053851851840
3.108929542901000 1961305484.635648488998413 12.868530092592581
3.017294159478000 2104490142.823885679244995 12.873064296296285
3.022189572976000 2126423369.198949813842773 12.887407962962952
3.022189572976000 2066769939.258201360702515 12.893295055555544
3.016355958497000 1728391202.647880554199219 12.904054185185174
3.449438591526000 2133261507.625818252563477 12.912923907407396
3.091576578478000 2145658305.477651596069336 12.921871037037025
3.077114997138000 2089827057.240796089172363 12.926317166666655
1.746933000280000 2172585953.327830791473389 12.930759499999988
1.740835726658000 1561541396.252244234085083 12.935927037037025
1.741456500966000 1486528007.010294437408447 12.940534018518507
3.015418455842000 1446105276.959937095642090 12.945194740740730
3.007706388180000 1948682519.528274059295654 12.950664018518507
3.013542403043000 2136693695.460748195648193 12.955101444444434
3.168673251258000 2138316183.005445241928101 12.959539685185176
3.024070423864000 2271623114.388976573944092 12.964079425925917
3.044371481335000 2169763500.110204696655273 12.968616425925916
3.084827064800000 2138678449.960048198699951 12.973043074074065
3.030842591166000 2183595491.742545127868652 12.977541814814806
1.746933000280000 2148896748.812351226806641 12.982032481481474
3.008641493130000 1558730178.503279924392700 12.987176074074066
3.016355958497000 1962354049.768236160278320 12.992641407407399
3.122415247590000 2138549287.120518684387207 12.997071796296288
3.030842591166000 2228146535.776829719543457 13.001576574074065
1.740214027202000 2159324230.570521831512451 13.006092907407398
1.733495054124000 1559363156.702165603637695 13.011241740740731
1.740214027202000 1493228781.234802007675171 13.015849166666657
1.739592790320000 1492453390.818928480148315 13.020453648148138
1.889379446994000 1493093897.544378757476807 13.025058351851841
3.085786146800000 1490904713.473096132278442 13.029664925925916
3.094462808058000 2000744438.349895238876343 13.035168055555545
3.084827064800000 2187249203.626562118530273 13.049451555555544
3.083866911200000 2179469618.606522083282471 13.055345148148136
3.079029078342000 2154975426.293369293212891 13.064291777777767
3.388756657184000 1895934197.002029657363892 13.074939722222211
3.023130523504000 2186455271.752166271209717 13.083972666666655
3.093500612167000 2112869023.302346944808960 13.088415074074062
3.085786146800000 2154971437.028267383575439 13.092919740740729
3.134020963136000 2180990434.032336711883545 13.097362574074063
1.726776081046000 2238090277.434350490570068 13.101856129629619
3.069402929476000 1571958552.955357551574707 13.107048833333323
3.093500612167000 2000465065.266397714614868 13.112536314814804
3.124358473635000 2193615364.397552013397217 13.116975148148137
3.029899240254000 2238094179.881101131439209 13.121470092592581
3.031784889231000 2159085339.420013904571533 13.125981055555544
3.076157243922000 2137825205.142060041427612 13.130402111111099
3.130124914868000 2172198250.560134887695312 13.134881851851841
3.024070423864000 2238130064.484229087829590 13.139376203703693
1.739592790320000 2159344848.858729362487793 13.143878981481471
3.170645265837000 1556637748.639857053756714 13.149025499999990
3.040444754052000 2081140271.977369546890259 13.154563814814805
1.726776081046000 2169572763.487926006317139 13.159082259259250
3.167687794503000 1558689225.987704753875732 13.164230277777769
3.085786146800000 2082339129.651319980621338 13.169779777777769
3.068447576644000 2214418312.822174549102783 13.174295537037029
3.076157243922000 2193702327.837456703186035 13.178724222222215
3.077114997138000 2193223713.496778488159180 13.183150518518511
1.727392979734000 2193753556.523848056793213 13.187578999999992
3.030842591166000 1563346840.914946556091309 13.192753962962955
3.029899240254000 2116540839.237057209014893 13.208045629629622
1.740214027202000 2127143331.565086603164673 13.213945314814806
1.734114353196000 1633939018.754243612289429 13.223682370370362
1.916958383025000 1487907504.694891452789307 13.233030592592584
3.116644008268000 1818602785.571525573730469 13.243676722222213
3.078071681433000 1973417190.690902948379517 13.249171944444436
3.021249672616000 2152989497.068806171417236 13.253673333333325
3.046266726490000 2142730020.383777379989624 13.258152203703695
3.030842591166000 2138041107.498111009597778 13.262588629629620
3.030842591166000 2138352950.047125339508057 13.267009462962953
1.740214027202000 2137758901.629450798034668 13.271428129629619
3.223644282716000 1558394505.779223680496216 13.276574277777767
3.115675335448000 2121241844.087400674819946 13.282133185185174
3.078071681433000 2269073617.644284725189209 13.286648759259247
3.085786146800000 2203501756.063778877258301 13.291141129629617
3.138811538434000 2193385132.845542430877686 13.295567740740728
3.031784889231000 2237756458.387540340423584 13.300051574074061
3.025011024336000 2159290252.159461498260498 13.304564444444431
3.022189572976000 2138927832.635002374649048 13.308988574074061
3.015418455842000 2138606561.698459625244141 13.313414370370356
1.740214027202000 2138714336.069288492202759 13.317827481481467
3.116644008268000 1558691511.640459060668945 13.322973962962950
3.060737909366000 2040100397.461075067520142 13.328499777777765
3.138811538434000 2204202327.729844570159912 13.332989925925913
1.732257377556000 2238435419.638366222381592 13.337481888888876
3.077114997138000 1571784586.980696439743042 13.342677592592580
1.740214027202000 2001145786.406197786331177 13.348177648148136
2.999994320518000 1563289068.512863874435425 13.353350777777765
3.186074196571000 1658373512.989753961563110 13.368793148148136
3.031784889231000 2222524422.367265701293945 13.374825111111099
3.023130523504000 1726638443.709062099456787 13.385659037037025
3.463794949783000 2134527158.639048576354980 13.394521574074062
3.078071681433000 2175604045.782749176025391 13.403480148148136
3.139787404369000 2192391768.464104652404785 13.407926462962950
1.740214027202000 2119889787.090566635131836 13.412430203703691
3.031784889231000 1565248676.229902744293213 13.417623703703692
3.077114997138000 1955530710.085323333740234 13.423112611111099
3.047213819965000 2185400794.682312965393066 13.428598148148136
3.084827064800000 2149082289.434646606445312 13.433092222222211
3.101215077534000 2183339409.171439170837402 13.437586851851840
1.740835726658000 2183403990.296134948730469 13.442014259259247
3.085786146800000 1565679565.366775512695312 13.447188481481470
3.103143909312000 2000213283.701574325561523 13.452670833333322
3.087705382400000 2193305557.756216049194336 13.457112074074063
3.038554658828000 2193592939.469250679016113 13.461553037037026
3.029899240254000 2148960433.797131061553955 13.466030296296285
3.039499354598000 2138529743.746826887130737 13.470443611111101
3.092539132462000 2138396391.429645299911499 13.474877499999989
3.038554658828000 2183233369.549113273620605 13.479377277777767
3.094462808058000 2148873516.857407569885254 13.483867555555545
3.093500612167000 2182875224.042950630187988 13.488361981481471
3.091576578478000 2193475757.157380580902100 13.492788259259250
3.093500612167000 2193885379.050042152404785 13.497213796296286
3.083866911200000 2193772537.468305587768555 13.501639759259248
3.145544249424000 2193805795.381413936614990 13.506071129629619
3.170645265837000 2233529644.708080768585205 13.510569777777768
3.032727889194000 2218000108.219252109527588 13.524943888888879
3.039499354598000 2144771062.491327047348022 13.530949166666657
1.740835726658000 2133080280.302063465118408 13.539799407407397
3.386650296113000 1627153680.564146995544434 13.549528944444434
1.739592790320000 1911955339.207952737808228 13.559633092592582
3.083866911200000 1454399276.184458017349243 13.564790944444434
3.037608907532000 1997855360.387643814086914 13.570294277777768
3.031784889231000 2139662989.173967838287354 13.574779351851841
1.740214027202000 2138219496.724116325378418 13.579216944444434
3.032727889194000 1557694344.875336408615112 13.584352240740731
3.039499354598000 1963205795.295217514038086 13.589820277777768
1.727392979734000 2138164510.599155426025391 13.594249351851843
3.037608907532000 1558738740.620936393737793 13.599390333333325
3.037608907532000 1962686960.361400842666626 13.604842370370362
3.038554658828000 2138346001.129683494567871 13.609268388888880
3.038554658828000 2138435216.308876037597656 13.613686796296287
3.060737909366000 2138761571.395751714706421 13.618120222222213
3.038554658828000 2138423627.234855890274048 13.622538851851843
3.039499354598000 2138127444.510346174240112 13.626972444444435
3.021249672616000 2138716283.390239000320435 13.631398222222213
1.740835726658000 2138565113.530639171600342 13.635816999999991
1.746933000280000 1558551838.163781404495239 13.640957999999991
3.114705580312000 1492875769.599124431610107 13.645559962962954
3.024070423864000 2042141051.806126832962036 13.651085907407399
3.016355958497000 2159340768.216490745544434 13.655594185185176
3.031784889231000 2138307147.942054748535156 13.659990425925917
3.192796012068000 2140981842.580128908157349 13.664434074074066
3.070357216066000 2257775499.094661235809326 13.678824018518510
3.086745943200000 2181190985.362481117248535 13.684823314814807
3.024070423864000 2145471410.604824781417847 13.693702222222214
3.402079226847000 1726928365.875545263290405 13.704474555555548
3.030842591166000 2120917777.962647438049316 13.713378629629622
3.124358473635000 2137280879.935589790344238 13.717794777777771
3.137834582146000 2112696102.081492662429810 13.722300981481474
1.732876215840000 2247536017.867262363433838 13.726745277777772
3.076157243922000 1567364148.904682636260986 13.731938259259254
1.746933000280000 2001411480.533286809921265 13.737442907407402
3.180336543872000 1549891383.782079935073853 13.742612314814810
3.070357216066000 2081339963.942307710647583 13.748158981481478
1.734114353196000 2214364263.029616832733154 13.752672203703700
3.021249672616000 1565541151.563132524490356 13.757841666666662
3.022189572976000 1962679748.625614166259766 13.763302018518514
3.030842591166000 2138604586.466165542602539 13.767735351851847
3.124358473635000 2137342236.434529304504395 13.772171314814811
1.739592790320000 2215684766.688018321990967 13.776710222222219
3.025011024336000 1571499104.831059217453003 13.781902703703700
3.037608907532000 1962690159.993761539459229 13.787364722222218
3.031784889231000 2138678239.367789745330811 13.791798314814811
3.070357216066000 2137719112.388463497161865 13.796231351851848
3.084827064800000 2183635056.498807430267334 13.800718499999997
3.085786146800000 2189607826.623528003692627 13.805160129629627
1.748804138900000 2193434369.888172626495361 13.809586592592590
3.040444754052000 1565885256.398791074752808 13.814763351851848
3.178359731204000 1958177277.388046979904175 13.820235629629625
3.046266726490000 2174889675.014359951019287 13.834647092592588
1.740835726658000 2127095823.913163900375366 13.840659277777773
3.024070423864000 1820418877.203997373580933 13.850215777777773
3.456080484416000 2138515029.111067771911621 13.860187166666663
3.069402929476000 2142759305.488281965255737 13.869133499999997
3.077114997138000 2153785240.192436218261719 13.873594814814812
3.083866911200000 2143231240.313952922821045 13.878039925925924
3.092539132462000 2140397376.377484321594238 13.882523407407405
3.039499354598000 2182771020.031629085540771 13.887019999999998
3.185083944406000 2148999876.329458236694336 13.891512222222220
3.131099470772000 2271579067.716330051422119 13.896047481481480
3.132072939002000 2242117035.002977848052979 13.900525407407406
3.029899240254000 2248705983.641842842102051 13.904956314814813
3.039499354598000 2159464993.687386035919189 13.909474018518516
3.047213819965000 2138608869.396936416625977 13.913894962962960
3.045318574810000 2138306592.255258560180664 13.918331425925922
1.747557100120000 2128166034.333796739578247 13.922768259259255
3.029899240254000 1558681342.171744346618652 13.927914148148144
3.031784889231000 1962031124.446930646896362 13.933376092592589
3.099286245756000 2138726299.431596755981445 13.937797185185181
3.078071681433000 2183208043.902801036834717 13.942291962962958
1.740835726658000 2175887521.174477577209473 13.946719462962959
1.733495054124000 1554757327.626314401626587 13.951893944444439
3.024070423864000 1491938850.656032800674438 13.956500759259255
3.131099470772000 1963200618.141643762588501 13.961965166666662
3.016355958497000 2227926512.056166172027588 13.966470314814810
3.024070423864000 2159156301.873491287231445 13.970988518518514
1.727392979734000 2019935868.186518192291260 13.975412277777773
3.083866911200000 1918229269.033257722854614 13.990781574074068
1.728008960418000 2037789364.135113239288330 13.997988148148142
1.734114353196000 1846731749.178481578826904 14.007590962962956
3.376834267764000 1826205777.925183534622192 14.018199666666661
1.739592790320000 2096445830.007236480712891 14.028128629629624
3.024070423864000 1523040354.995337486267090 14.033311796296291
3.022189572976000 1960838615.398666620254517 14.038786296296291
3.030842591166000 2138047660.921561717987061 14.043208740740734
3.038554658828000 2133503122.459072828292847 14.047627148148141
3.028956942189000 2137626363.355669975280762 14.052065407407401
3.070357216066000 2127723312.121098279953003 14.056491574074068
3.121444177065000 2182923220.796341896057129 14.060986666666659
3.025011024336000 2238064970.422988414764404 14.065475888888882
3.037608907532000 2158755707.275442600250244 14.069989296296288
1.740835726658000 2138493277.174117088317871 14.074425537037030
3.030842591166000 1559210400.310585737228394 14.079577092592585
1.733495054124000 1962190852.973426580429077 14.085049018518511
3.162930800470000 1550054547.677965164184570 14.090197759259251
1.740835726658000 2077124295.771111965179443 14.095729814814806
3.093500612167000 1577663363.453993320465088 14.100945462962954
3.115675335448000 2002164437.567276716232300 14.106450648148140
3.131099470772000 2238382857.825193881988525 14.110948111111103
3.131099470772000 2248545513.989311695098877 14.115366166666659
1.733495054124000 2248768141.637221336364746 14.119805259259252
3.029899240254000 1571493853.899428606033325 14.124995240740732
1.867207705440000 1962012332.154158592224121 14.130455222222214
3.115675335448000 1550126389.554984331130981 14.135629407407398
3.047213819965000 1685499953.362559556961060 14.151115296296288
3.047213819965000 2172231888.096299648284912 14.157096629629621
3.015418455842000 2149824865.458813667297363 14.165995185185176
3.508990786210000 2149066799.235118389129639 14.174972611111102
3.024070423864000 2165112029.672367572784424 14.183959648148139
3.030842591166000 2111199724.788676977157593 14.188481425925918
3.022189572976000 2137441396.592187881469727 14.192908074074067
1.735351799370000 2138162617.973433256149292 14.197328796296290
3.168673251258000 1555197242.361470699310303 14.202478129629624
3.084827064800000 2079768185.435533761978149 14.207993074074068
3.161947741420000 2214436400.407773971557617 14.212498111111104
1.747557100120000 2283112270.596500396728516 14.217005574074067
3.008641493130000 1577297602.617004156112671 14.222224999999993
1.739592790320000 1962719987.782321691513062 14.227681574074067
3.023130523504000 1557933241.071909904479980 14.232833333333327
2.992282252856000 1962896244.581089735031128 14.238305425925919
3.054928285332000 2138528578.963672399520874 14.242729166666660
3.023130523504000 2143585442.255378723144531 14.247222129629623
3.023130523504000 2147167448.494192123413086 14.251714611111105
3.024070423864000 2136362929.980428218841553 14.256152259259252
1.720671606272000 2138739575.749968767166138 14.260578370370364
3.058833777075000 1558845864.580406665802002 14.265719592592587
1.726776081046000 2001907323.570366859436035 14.271225407407401
3.009577294620000 1564923123.174712419509888 14.276399629629624
3.101215077534000 1963816908.281316518783569 14.281864407407403
3.016355958497000 2107456103.309437274932861 14.286390185185180
3.131099470772000 2135373801.206970214843750 14.301223777777773
3.023130523504000 2170390399.151306152343750 14.307228648148143
3.024070423864000 1863077624.935429811477661 14.317875999999995
3.385597703618000 1865693491.519379615783691 14.328469870370364
3.031784889231000 1891984190.467227935791016 14.339096370370365
3.029899240254000 2137456518.563349246978760 14.343533129629625
3.070357216066000 2097484426.291126728057861 14.347967240740736
3.123387403110000 2175443397.825107574462891 14.352447666666663
1.739592790320000 2238033151.090561866760254 14.356925481481477
3.053028242088000 1571574153.789091825485229 14.362118018518514
3.071312213484000 2002254315.390100479125977 14.367623722222218
3.061690861814000 2192513199.894851684570312 14.372061888888885
3.099286245756000 2191747039.989327430725098 14.376503814814811
