3.108929542901000 2187663603.942306041717529 0.001054092592593
1.720057107968000 2235999456.622414588928223 0.005552703703704
3.101215077534000 1571199991.441928148269653 0.010745981481481
3.107963267786000 2040147707.364224195480347 0.016263648148148
3.000927027763000 2242306896.147796154022217 0.020690166666667
2.992282252856000 2159003040.785926342010498 0.025202888888889
1.720671606272000 2138148676.171079635620117 0.029621888888889
3.077114997138000 1558933622.219263076782227 0.034767240740741
1.713338134890000 2041017007.614597082138062 0.040275666666667
2.977783631662000 1563637981.729945659637451 0.045465296296296
2.999060571142000 1961911018.976239919662476 0.050923388888889
3.007706388180000 2138100425.003981590270996 0.055341648148148
1.718829025792000 2057327236.540866613388062 0.059798555555556
2.992282252856000 1936677510.805984973907471 0.074763685185185
3.108929542901000 2094528039.957838058471680 0.080947981481481
3.024070423864000 2203769382.951870918273926 0.090720314814815
1.914907327230000 2136048630.112831354141235 0.099647111111111
2.993212562396000 1549227797.429885625839233 0.113247888888889
2.993212562396000 1973491408.521991252899170 0.119723944444444
2.998127863897000 2130151906.346972227096558 0.124157962962963
3.095424645856000 2138349516.433714389801025 0.128579203703704
3.108929542901000 2227896114.107399463653564 0.133101259259259
2.999994320518000 2248484030.889901638031006 0.137535166666667
3.054928285332000 2158292916.277289390563965 0.142033481481481
2.999060571142000 2182727586.761256694793701 0.146525907407407
1.712114849910000 2148662304.282503604888916 0.151000185185185
3.099286245756000 1558142935.287216663360596 0.156146000000000
3.106995913034000 2041667959.736818075180054 0.161659722222222
2.992282252856000 2248521169.999039649963379 0.166093407407407
2.976858117532000 2159204041.183301925659180 0.170606203703704
2.993212562396000 2138341027.381760358810425 0.175025203703704
3.101215077534000 2138570765.797019004821777 0.179455833333333
3.100251200124000 2225221057.948274135589600 0.183928851851852
2.993212562396000 2248620712.128238201141357 0.188361574074074
3.099286245756000 2159312592.787014484405518 0.192877092592593
3.106029637919000 2227804629.915426731109619 0.197376814814815
1.712114849910000 2248838135.826459884643555 0.201817666666667
1.718829025792000 1571949208.024590253829956 0.207010962962963
1.886009416804000 1492810342.954405546188354 0.211613129629630
2.999994320518000 1295838010.597437620162964 0.216236888888889
2.998127863897000 2197353834.032730102539062 0.231655814814815
3.163914591780000 2124616626.331756353378296 0.237570796296296
3.060737909366000 2209246121.548017024993896 0.246488777777778
3.093500612167000 2154382946.135397434234619 0.255484240740741
3.100251200124000 2006420427.294682264328003 0.268573481481481
3.045318574810000 2233308211.576812744140625 0.273012111111111
1.725543201674000 2200561317.816345691680908 0.277501018518519
1.726776081046000 1559769305.233871221542358 0.282666092592593
2.990420594324000 1492159005.159626007080078 0.287260166666667
2.994143564904000 1961163209.946120738983154 0.292714740740741
3.031784889231000 2137716345.612256526947021 0.297153240740741
3.053028242088000 2182482505.864359378814697 0.301645222222222
3.093500612167000 2191129478.173607826232910 0.306074111111111
3.016355958497000 2193359547.421076297760010 0.310512870370370
1.726776081046000 2148690114.775365829467773 0.314995055555556
1.726159641360000 1558136715.205461740493774 0.320137944444444
3.047213819965000 1493098729.227761507034302 0.324741444444444
3.047213819965000 2002296132.797756910324097 0.330236851851852
3.044371481335000 2193400531.476221084594727 0.334682888888889
1.727392979734000 2193462018.847695827484131 0.339121981481481
3.108929542901000 1564820403.369048357009888 0.344293240740741
3.043424035125000 2042462739.260317087173462 0.349816629629630
3.100251200124000 2204046967.071056842803955 0.354304407407407
1.720057107968000 2235061525.455182552337646 0.358794870370370
2.991350903864000 1570647145.481460332870483 0.363986444444444
2.998127863897000 1792048682.020867824554443 0.369472537037037
3.054928285332000 2130877902.476027488708496 0.383753925925926
3.008641493130000 2179849873.631002426147461 0.389688925925926
1.740835726658000 2107555569.857024669647217 0.398609129629630
3.355792434645000 1488348341.751046419143677 0.408505222222222
3.107963267786000 1952079205.659566640853882 0.418721944444444
1.725543201674000 1945488394.654901981353760 0.425555481481481
3.092539132462000 1552134786.882443428039551 0.430755185185185
2.984570185194000 2036267685.181150674819946 0.436280055555556
3.170645265837000 2159079532.873533248901367 0.440796240740741
1.719443066880000 2272409106.658785343170166 0.445339111111111
3.006770238420000 1577525919.670135974884033 0.450557870370370
3.099286245756000 1961678136.601739406585693 0.456019814814815
2.993212562396000 2227912183.645180702209473 0.460522055555556
3.061690861814000 2159385492.965276718139648 0.465024851851852
1.720671606272000 2183335071.031500816345215 0.469522074074074
3.053978794152000 1565714771.381231784820557 0.474696870370370
1.734114353196000 2001360341.784582376480103 0.480184407407407
3.047213819965000 1565833166.672042846679688 0.485351240740741
3.109896537774000 2001939300.217841625213623 0.490859833333333
1.726159641360000 2238416374.510208606719971 0.495349648148148
3.109896537774000 1570764478.957557916641235 0.500534055555556
2.991350903864000 2041517481.931145429611206 0.506055629629630
3.007706388180000 2147874756.058397769927979 0.510553518518518
3.007706388180000 2137410056.285178184509277 0.514995185185185
3.054928285332000 2132558662.948925495147705 0.519431703703704
2.998127863897000 2182885616.906371116638184 0.523930555555556
1.712726492400000 1940267852.659221887588501 0.528429574074074
2.991350903864000 2010735639.147166013717651 0.543530425925926
3.062642750699000 2073507057.024650096893311 0.549622333333333
1.719443066880000 2152357320.231060028076172 0.559384092592593
3.386650296113000 1822358104.715124130249023 0.569009148148148
3.091576578478000 1800663365.029996633529663 0.579393074074074
3.047213819965000 2039839949.567723274230957 0.585561962962963
1.726159641360000 2201053989.891887664794922 0.590039481481482
3.007706388180000 1550236822.805052995681763 0.595215722222222
3.039499354598000 1956596531.744929790496826 0.600684370370370
1.726776081046000 2182758768.276692390441895 0.605175518518519
3.136858716211000 1565442632.586210727691650 0.610342666666667
3.060737909366000 2082163578.628931045532227 0.615888759259259
3.046266726490000 2212252089.462217330932617 0.620402148148148
1.727392979734000 2193459279.958898067474365 0.624835537037037
3.062642750699000 1565915311.405675888061523 0.630007425925926
2.999994320518000 2001819067.894943952560425 0.635513481481482
3.008641493130000 2148243766.511354923248291 0.639992722222222
1.719443066880000 2138751936.488221645355225 0.644406018518519
1.712114849910000 1558599855.258752107620239 0.649549296296296
2.999060571142000 1492927839.035760402679443 0.654149351851852
2.994143564904000 1951971023.045225381851196 0.659609629629630
3.031784889231000 2137438255.687113523483276 0.664040537037037
1.720057107968000 2150547468.589695930480957 0.668524203703704
3.039499354598000 1564217756.079402685165405 0.673698018518519
1.715173290075000 1999699253.550024271011353 0.679185722222222
3.084827064800000 1565201274.254271745681763 0.684365222222222
3.038554658828000 1893479618.352011203765869 0.689902611111111
2.999060571142000 2143157495.676450252532959 0.704283370370370
3.101215077534000 2140146556.535327434539795 0.710256037037037
1.719443066880000 2195303913.105581283569336 0.719201759259259
3.546446947880000 1659125001.653836011886597 0.728999407407407
2.977783631662000 1881302092.877149581909180 0.740318222222222
3.139787404369000 2024837257.751219511032104 0.745313851851852
3.062642750699000 2270118721.796236038208008 0.749856685185185
3.107963267786000 2194413935.333623409271240 0.754373314814815
3.100251200124000 2234619100.623330116271973 0.758865314814815
3.115675335448000 2248109223.443162441253662 0.763290833333333
3.000927027763000 2248548116.227015018463135 0.767717037037037
1.720671606272000 2100411320.890942335128784 0.772333870370370
2.976858117532000 1533305061.864836931228638 0.777478000000000
1.720057107968000 1962366779.757430553436279 0.782947222222222
3.094462808058000 1558496371.490280866622925 0.788091666666667
2.993212562396000 2042256929.451678037643433 0.793615592592592
2.999994320518000 2158928428.835489749908447 0.798123925925926
3.046266726490000 2136015311.292077779769897 0.802565092592592
3.008641493130000 2174233578.987695217132568 0.807060518518518
3.139787404369000 2148914697.984085559844971 0.811549796296296
3.037608907532000 2272176583.367740154266357 0.816079814814815
3.084827064800000 2214518073.821785449981689 0.820592685185185
2.976858117532000 2238552132.369308471679688 0.825085166666667
2.992282252856000 2159459926.927382469177246 0.829601222222222
3.053978794152000 2138570777.018560647964478 0.834035074074074
3.044371481335000 2183360804.268556594848633 0.838529611111111
3.309505642443000 2193741421.195844650268555 0.842973703703704
3.007706388180000 1861936118.077539920806885 0.847477962962963
2.993212562396000 1650448333.103581666946411 0.863464092592592
2.999994320518000 2121403999.561520338058472 0.869376777777778
3.053978794152000 2166897049.683990478515625 0.878345685185185
3.485854583224000 2188649662.041386604309082 0.887255388888889
3.000927027763000 1929891994.220181703567505 0.899404944444444
3.053978794152000 2156082051.029939651489258 0.903925166666667
1.720057107968000 2174435067.598642349243164 0.908394629629629
3.047213819965000 1546222680.146822214126587 0.913570962962963
3.053028242088000 1998568033.930991649627686 0.919063592592592
3.054928285332000 2193138797.166365623474121 0.923499722222222
3.007706388180000 2144214736.015898227691650 0.927935314814815
3.108929542901000 2142427962.777947425842285 0.932420907407407
3.055878483768000 2227661086.197896003723145 0.936926259259259
3.005835133470000 2203826358.897989273071289 0.941402925925926
1.726776081046000 2148600681.269225120544434 0.945888018518518
3.039499354598000 1558421539.922449827194214 0.951036425925926
1.726776081046000 2001537396.681688785552979 0.956534537037037
3.137834582146000 1565612725.302161455154419 0.961711740740741
3.100251200124000 2081562215.961188793182373 0.967265722222222
2.992282252856000 2259000893.433265209197998 0.971742833333333
3.007706388180000 2158766291.718933105468750 0.976245518518518
3.039499354598000 2138618367.338411331176758 0.980677500000000
2.999060571142000 2183496850.979419708251953 0.985158611111111
2.999994320518000 2148735678.740886688232422 0.989639129629629
3.086745943200000 2138289324.783100605010986 0.994057462962963
3.107963267786000 2055050745.380869150161743 0.998540629629629
3.108929542901000 2079892013.681967735290527 1.003077555555555
1.726776081046000 2244093813.949439525604248 1.017330351851852
3.006770238420000 1686157566.625547409057617 1.024040740740741
3.015418455842000 1915186862.403583049774170 1.034088240740741
3.430801938710000 2130377985.349210739135742 1.042946314814815
3.013542403043000 1980645349.111681222915649 1.053537481481481
3.100251200124000 2140367283.262759208679199 1.058024481481481
3.016355958497000 2182665395.245764732360840 1.062520277777778
3.109896537774000 2138018963.910853147506714 1.067012240740741
3.015418455842000 2227164662.220838546752930 1.071533055555555
1.733495054124000 2155407711.056946754455566 1.076046055555555
2.993212562396000 1558629767.582599639892578 1.081186870370370
3.070357216066000 1962451834.199638843536377 1.086634296296296
3.061690861814000 2183008910.874735832214355 1.091119037037037
1.720057107968000 2193321562.162659645080566 1.095545000000000
3.101215077534000 1564046367.109384536743164 1.100712296296296
3.012383654280000 2041305879.871293067932129 1.106243092592592
3.005835133470000 2159324335.193696975708008 1.110755685185185
2.999994320518000 2126636522.582965850830078 1.115182981481481
3.009577294620000 2139321632.847609758377075 1.120622240740741
3.009577294620000 2138677035.536055088043213 1.125045500000000
1.720057107968000 2138813286.862507820129395 1.129471481481481
1.727392979734000 1550238914.825412511825562 1.134636037037037
3.015418455842000 1492916334.949699640274048 1.139241703703704
3.062642750699000 1961763049.443560600280762 1.144701351851852
3.047213819965000 2183431486.447460651397705 1.149190055555556
3.038554658828000 2105269323.571700096130371 1.153672203703704
1.713338134890000 2076535847.833674192428589 1.158129314814815
3.000927027763000 1971799952.390173673629761 1.173143333333333
1.733495054124000 2022937649.733907938003540 1.179218925925926
1.712114849910000 1454590355.024261236190796 1.187244981481482
3.046266726490000 1825660504.489635944366455 1.197837277777778
3.010512747840000 2157138190.163176536560059 1.207770851851852
3.110863172768001 1828485358.278121471405029 1.218967925925926
2.991350903864000 2203417786.512713432312012 1.223490703703704
2.993212562396000 2156650735.022530555725098 1.228003037037037
2.999994320518000 2131970436.098903179168701 1.232431611111111
3.099286245756000 2138153140.268836498260498 1.236847074074074
3.006770238420000 2227884563.725207328796387 1.241341777777778
2.999060571142000 2158060967.936934947967529 1.245845055555556
3.053028242088000 2138084893.244251251220703 1.250263240740741
2.999060571142000 2182919421.051978588104248 1.254742629629630
1.727392979734000 2148136108.900316238403320 1.259233314814815
1.719443066880000 1558290399.085832595825195 1.264386759259260
1.720057107968000 1492713152.971940040588379 1.268990000000001
3.083866911200000 1492891468.406499385833740 1.273590981481482
3.108929542901000 2041362725.545260429382324 1.279097185185186
2.993212562396000 2248476914.412065505981445 1.283535981481482
3.155216335103000 2158568713.144320487976074 1.288048703703705
1.726776081046000 2272925524.305456161499023 1.292579388888890
3.102179672916000 1576336795.015178203582764 1.297795222222223
3.008641493130000 2041544959.759328365325928 1.303310648148149
3.092539132462000 2159534605.146406173706055 1.307818648148149
1.726159641360000 2227331770.184298515319824 1.312336277777779
3.000927027763000 1571731128.438008785247803 1.317523388888890
1.712726492400000 1786427888.413929939270020 1.323007944444445
2.985498097029000 1934297423.192014217376709 1.337971907407408
1.726159641360000 1998986251.810861349105835 1.345066444444445
3.053978794152000 1821186409.017339706420898 1.354643055555556
3.430801938710000 2126857257.258002996444702 1.364586740740742
2.985498097029000 1998560200.180533885955811 1.375747037037038
3.062642750699000 1968917094.761864662170410 1.380826240740742
3.047213819965000 2156648263.594363689422607 1.385323611111112
3.038554658828000 2192339918.435637474060059 1.389750925925927
3.085786146800000 2192405947.037327289581299 1.394190111111112
1.720057107968000 2237840529.083427429199219 1.398659055555556
3.036664211762000 1571268978.805394887924194 1.403849055555557
2.984570185194000 2001389032.127429723739624 1.409336462962964
3.108929542901000 2147888778.075417041778564 1.413829981481482
3.047213819965000 2227764102.143369674682617 1.418344333333334
1.720057107968000 2201285063.349706172943115 1.422827092592593
2.999994320518000 1564968246.518509864807129 1.427995962962964
1.726159641360000 1963454144.869283437728882 1.433450944444445
3.000927027763000 1559403095.285172462463379 1.438602148148149
3.093500612167000 1962612036.701473951339722 1.444069685185186
3.001860429762000 2228439744.927726745605469 1.448576759259260
3.000927027763000 2159542482.153296470642090 1.453074944444445
3.000927027763000 2138451436.514131546020508 1.457511481481482
2.991350903864000 2138741255.871984481811523 1.461934555555556
1.720057107968000 2138554053.207876205444336 1.466370685185186
2.994143564904000 1559025767.188916206359863 1.471519351851852
3.153253916702000 1962704974.514834165573120 1.476990944444445
3.000927027763000 2187857679.058885097503662 1.481549759259260
2.998127863897000 2175725480.175896644592285 1.496044833333334
2.993212562396000 2127037935.600474357604980 1.501946648148149
3.062642750699000 2133068831.888574123382568 1.510801555555556
3.363506900012000 2174172809.256140708923340 1.519719759259260
3.009577294620000 1925698867.042321205139160 1.530841092592593
2.991350903864000 2114679404.704752683639526 1.535277111111112
3.024070423864000 2137533235.749236822128296 1.539705074074075
3.107963267786000 2118467300.386563539505005 1.544150703703704
3.053978794152000 2227150078.937116622924805 1.548666722222223
3.107963267786000 2203678096.212896823883057 1.553153685185185
1.726776081046000 2238458422.122008323669434 1.557637907407408
3.102179672916000 1563394332.185978412628174 1.562829666666667
1.726776081046000 2039913474.619826316833496 1.568342500000000
3.000927027763000 1571413149.272515296936035 1.573536703703704
3.005835133470000 1963107212.608053207397461 1.578988833333334
2.999060571142000 2138574702.567313671112061 1.583424944444445
3.108929542901000 2138423523.498366594314575 1.587846055555556
2.993212562396000 2227554295.553779125213623 1.592363000000000
3.047213819965000 2159289441.635605335235596 1.596879166666667
3.053978794152000 2183716927.694204330444336 1.601371148148148
3.054928285332000 2193732039.159903049468994 1.605797444444444
1.725543201674000 2193656181.749717712402344 1.610223555555556
3.106995913034000 1565726092.563404560089111 1.615393185185185
2.999994320518000 2040997526.881360530853271 1.620926759259259
3.100251200124000 2159503172.167004585266113 1.625439388888889
3.107963267786000 2227868715.633976459503174 1.629952351851852
3.146523606096000 2022265160.999549388885498 1.634389907407407
3.008641493130000 2174600917.342764377593994 1.648799481481481
2.992282252856000 2068744671.081623315811157 1.654808796296296
3.068447576644000 1897160913.289278984069824 1.665398925925926
3.371221365379000 2112024995.431210517883301 1.674316111111111
1.727392979734000 1558892133.171735048294067 1.686677203703704
3.100251200124000 1552036380.104158878326416 1.691829592592593
1.733495054124000 2034382159.464101076126099 1.697361314814815
3.001860429762000 1570970487.552051782608032 1.702560000000000
3.006770238420000 1962454441.381085395812988 1.708027518518519
3.000927027763000 2138589902.034664869308472 1.712450851851852
3.133047132348000 2137968336.185363769531250 1.716876981481481
3.100251200124000 2270579195.396191596984863 1.721407851851852
1.725543201674000 2258281032.577428817749023 1.725882092592593
1.726159641360000 1571425112.158798217773438 1.731074796296296
1.721285190144000 1492088961.062452077865601 1.735681888888889
1.706009917920000 1492020791.712315559387207 1.740279518518518
2.992282252856000 1493213241.481493473052979 1.744878981481481
3.147501869736000 1963059124.364108562469482 1.750353944444444
3.007706388180000 2258989610.198216915130615 1.754877611111111
1.719443066880000 2169362270.764479637145996 1.759410592592592
1.720057107968000 1545809890.371267318725586 1.764549148148148
3.092539132462000 1493035226.600449800491333 1.769150574074074
2.993212562396000 2041634364.321094274520874 1.774672666666666
2.991350903864000 2159319158.361018657684326 1.779187666666666
3.038554658828000 2138783926.229713439941406 1.783621851851852
3.064547592032000 1979519320.061696290969849 1.788256259259259
3.108929542901000 2187785336.679523468017578 1.802741129629629
3.008641493130000 2232206436.512580394744873 1.812393814814815
3.107963267786000 2164033162.536192417144775 1.821335185185185
3.480306050958000 2178412811.697636604309082 1.830271462962963
3.108929542901000 1925539855.191706418991089 1.841525166666667
3.108929542901000 2219954080.611257553100586 1.845965314814815
3.053978794152000 2234512579.637726306915283 1.850412537037037
3.061690861814000 2202975698.533347606658936 1.854910055555556
3.008641493130000 2192743964.254871845245361 1.859348888888889
2.999994320518000 2148691301.439436912536621 1.863833666666667
1.732876215840000 2137626889.256722211837769 1.868275203703704
3.000927027763000 1558758709.983707427978516 1.873424148148148
3.063595348626000 1962833807.890629529953003 1.878893833333333
3.100251200124000 2183088197.029083251953125 1.883391759259259
1.726776081046000 2238289870.026952266693115 1.887878444444444
1.728008960418000 1568379766.681156873703003 1.893075592592592
3.006770238420000 1442753350.295521259307861 1.897762851851852
3.062642750699000 1960275944.664914131164551 1.903236574074074
3.053978794152000 2183282530.529870986938477 1.907732777777778
3.107963267786000 2193001253.111894130706787 1.912166185185185
1.733495054124000 2229696859.184280872344971 1.916644851851852
3.053028242088000 1571000060.581655263900757 1.921841388888889
3.008641493130000 2001807649.229258298873901 1.927347148148148
3.008641493130000 2148928577.327761650085449 1.931831666666667
3.009577294620000 2138118466.317090272903442 1.936267370370371
1.740214027202000 2065968232.581688404083252 1.940693055555556
3.106995913034000 1432775202.535598516464233 1.945852185185185
3.031784889231000 1683342170.977955818176270 1.961351259259259
3.062642750699000 2181973513.623952865600586 1.967333370370371
2.985498097029000 2220412172.628957748413086 1.976287277777778
3.494652811251000 2109044291.835856199264526 1.985194111111111
3.101215077534000 1834482399.940212011337280 1.996096851851852
3.058833777075000 1993547091.946594715118408 2.002486833333334
3.037608907532000 2180973669.246173858642578 2.006980944444445
1.732876215840000 2192267758.969302654266357 2.011413759259260
3.000927027763000 1552833002.770995378494263 2.016586388888889
3.161947741420000 1951977081.669396877288818 2.022058314814815
3.007706388180000 2271235497.899314403533936 2.026580648148149
1.734114353196000 2169405740.426473617553711 2.031098314814815
1.720671606272000 1557866849.098044872283936 2.036241462962963
3.006770238420000 1491109143.165369033813477 2.040841944444445
1.720057107968000 1954800219.019549369812012 2.046320907407408
3.101215077534000 1558449295.029390335083008 2.051465592592593
3.092539132462000 2033860855.183865785598755 2.056997000000000
3.100251200124000 2248464391.301628112792969 2.061438018518519
3.054928285332000 2248585525.572993278503418 2.065866518518519
3.006770238420000 2203805856.268734455108643 2.070351740740741
2.994143564904000 2148996212.905952453613281 2.074821111111111
3.107963267786000 2138358009.997619628906250 2.079255500000000
3.000927027763000 2228250922.418457984924316 2.083772611111111
1.728625629605000 2158788483.581132888793945 2.088280185185185
1.726159641360000 1558915412.157947301864624 2.093415981481481
3.054928285332000 1492721862.621968984603882 2.098016425925926
2.975931569308000 1824216034.720586776733398 2.103520685185185
3.007706388180000 2136456251.676795482635498 2.117808851851851
3.008641493130000 2122127427.728991746902466 2.123875907407407
3.007706388180000 2131420515.832550525665283 2.133555333333333
3.501278718548000 2093263109.025434017181396 2.142410555555555
2.999994320518000 1744874846.146832704544067 2.155409962962962
3.015418455842000 2136276994.612148523330688 2.159926296296296
3.025951274752000 2126142982.112656354904175 2.164371814814814
3.062642750699000 2130059644.685939073562622 2.168809203703703
3.008641493130000 2182409664.436159133911133 2.173309092592592
1.733495054124000 2148435125.838303565979004 2.177798981481480
3.043424035125000 1558427737.257810354232788 2.182943018518517
3.069402929476000 1989577092.214795827865601 2.188451092592592
3.006770238420000 2192743894.807979583740234 2.192890240740740
3.069402929476000 2148384068.384539127349854 2.197374685185184
3.007706388180000 2183483346.511168479919434 2.201871574074073
3.106995913034000 2148934955.927503108978271 2.206359129629628
3.106995913034000 2228096214.860178470611572 2.210876796296295
3.035719164150000 2248642915.386062622070312 2.215305407407406
3.101215077534000 2204174987.303304195404053 2.219790388888887
1.732876215840000 2237502556.013444900512695 2.224275092592591
3.114705580312000 1572068108.582623481750488 2.229464518518517
3.014479905698000 2042064745.813848257064819 2.234988685185184
2.993212562396000 2159385540.240544795989990 2.239501592592591
1.733495054124000 2138805073.341969966888428 2.243932888888887
3.093500612167000 1557948134.251774311065674 2.249075796296295
3.000927027763000 1963097981.214727878570557 2.254647537037036
1.727392979734000 2043974504.041146278381348 2.259184203703702
1.726776081046000 1931714449.295068979263306 2.274192240740739
3.109896537774000 1564312603.323935985565186 2.281148518518517
2.993212562396000 2148044524.441948413848877 2.289194037037035
1.720057107968000 1896625628.928626298904419 2.299823518518517
3.371221365379000 1633230467.433183670043945 2.309546833333332
3.054928285332000 1918854236.842703580856323 2.316875185185184
3.053978794152000 2026789519.734937429428101 2.322632037037036
2.991350903864000 2190978760.280307769775391 2.327076888888888
3.005835133470000 2144152173.913043498992920 2.331578074074073
2.999060571142000 2129785652.607384443283081 2.336017388888888
2.998127863897000 2131718943.806372880935669 2.340433666666665
3.059786020481000 2137741900.724622488021851 2.344867648148147
3.100251200124000 2183389739.196336269378662 2.349363722222221
3.107963267786000 2228447484.703581809997559 2.353852185185184
3.107963267786000 2248064549.223057270050049 2.358292666666665
3.108929542901000 2248337441.383108139038086 2.362731407407406
3.053028242088000 2233704644.876096248626709 2.367163611111110
1.726776081046000 2203709427.237174510955811 2.371652574074073
1.720671606272000 1564739813.191138982772827 2.376827203703702
1.712114849910000 1493060742.185139417648315 2.381423740740739
3.001860429762000 1492886632.281113862991333 2.386026592592591
2.999994320518000 1963097910.975250720977783 2.391496981481480
1.728625629605000 2138751577.998196840286255 2.395932981481480
3.014479905698000 1558288604.530520439147949 2.401073425925925
3.048161618910000 1960383509.361823320388794 2.406536907407406
3.006770238420000 2183354414.845483303070068 2.411018629629628
2.993212562396000 2146963187.752372026443481 2.415503851851851
3.290449837752000 2138492247.932503700256348 2.419937555555554
1.713338134890000 1964752321.334136962890625 2.424454833333332
3.009577294620000 1937631984.711648225784302 2.439474740740740
3.101215077534000 2077784997.538487672805786 2.445568555555555
3.063595348626000 2221615546.941476821899414 2.455362074074073
3.367028616075000 2149462944.746561527252197 2.464341907407407
3.045318574810000 1843368881.794073104858398 2.475849759259258
3.108929542901000 2161866819.690539836883545 2.480335462962962
1.732876215840000 2237317359.024656772613525 2.484810240740740
3.046266726490000 1563648788.372937679290771 2.490011388888888
1.713950232810000 2001094748.145321846008301 2.495495518518517
3.000927027763000 1563525513.181780815124512 2.500667499999999
3.039499354598000 1961602311.041832447052002 2.506132407407407
1.720057107968000 2183060374.842580795288086 2.510632074074073
2.991350903864000 1565066637.530807495117188 2.515801555555555
1.707228859348000 1962352445.507798671722412 2.521273796296295
3.000927027763000 1558847552.085021018981934 2.526417629629629
2.999994320518000 1962769488.120847702026367 2.531875370370369
3.046266726490000 2135820952.650978326797485 2.536316777777777
3.047213819965000 2183356958.439194679260254 2.540813981481481
1.719443066880000 2183742059.785635948181152 2.545235333333332
3.039499354598000 1565386640.240979194641113 2.550411740740740
2.999060571142000 2002138009.011707067489624 2.555914870370370
3.039499354598000 2148524980.533846378326416 2.560409851851851
3.114705580312000 2183631924.588624000549316 2.564904703703703
2.984570185194000 2238656386.901962757110596 2.569393925925926
3.116644008268000 2159347498.247153282165527 2.573910388888888
1.719443066880000 2012081481.632736206054688 2.578444925925925
3.048161618910000 2011887486.184028863906860 2.593457074074073
3.101215077534000 2115697461.745632886886597 2.599611055555555
3.060737909366000 2178012166.650349140167236 2.609446685185184
3.434004861810000 2202681893.817111968994141 2.618361074074073
3.489107082112000 2011762199.141437768936157 2.627575444444444
3.107963267786000 2110308322.155960321426392 2.632062574074074
2.999994320518000 2247877392.464154720306396 2.636505537037036
3.061690861814000 2158825946.880078792572021 2.641006185185184
3.068447576644000 2180267101.701828002929688 2.645501351851851
1.726776081046000 2193279224.162002563476562 2.649944814814814
3.008641493130000 1557703755.398808717727661 2.655145722222221
1.720057107968000 1949831854.482424736022949 2.660615851851851
3.008641493130000 1558604418.768615484237671 2.665763925925925
3.047213819965000 1962901994.537555932998657 2.671228851851851
2.985498097029000 2182756441.616395473480225 2.675710703703703
3.123387403110000 2147779187.534780025482178 2.680203203703703
3.107963267786000 2272607092.465431213378906 2.684731222222221
3.039499354598000 2258878974.012268066406250 2.689223370370370
3.039499354598000 2203717329.264269351959229 2.693713740740740
3.053978794152000 2193327821.386131763458252 2.698139592592592
3.000927027763000 2193337598.058699131011963 2.702565796296296
1.720057107968000 2148950982.942509651184082 2.707050629629629
1.720671606272000 1558595051.623640775680542 2.712191111111110
3.046266726490000 1493227215.121120929718018 2.716793944444444
3.107963267786000 2001858517.980385065078735 2.722299944444444
3.000927027763000 2238349583.121694087982178 2.726784333333332
3.010512747840000 2135769620.191249370574951 2.731327555555555
1.720057107968000 2133294059.070388317108154 2.735753537037036
2.991350903864000 1935118133.723130464553833 2.750728092592591
3.104096008052000 1999062913.933196783065796 2.757827444444443
2.999060571142000 2178575227.753940582275391 2.766757240740739
1.900111774606000 2164687044.026199340820312 2.775697203703702
3.375784072974000 1621134036.759700536727905 2.785490537037036
2.999994320518000 1919354599.649967193603516 2.790908018518517
2.992282252856000 2136028575.490474939346313 2.795336833333332
3.000927027763000 2138056370.407834768295288 2.799767185185184
3.038554658828000 2137738713.890500068664551 2.804205203703702
3.154235673758000 2183428378.043747425079346 2.808692240740740
3.145544249424000 2276561133.049191474914551 2.813184870370369
2.993212562396000 2302566452.091998577117920 2.817623740740740
3.005835133470000 2169349407.137226581573486 2.822157611111110
3.107963267786000 2138386150.028822898864746 2.826590833333332
2.991350903864000 2228017792.586695671081543 2.831103740740740
2.993212562396000 2159137651.372069358825684 2.835604240740739
3.104096008052000 2137758867.272086381912231 2.840017055555554
3.102179672916000 2226558263.487337589263916 2.844519907407406
2.985498097029000 2248727165.453176021575928 2.848945462962962
3.016355958497000 2159369856.718475341796875 2.853458722222221
2.999994320518000 2138560339.630225181579590 2.857881833333332
3.025011024336000 2138673841.869566917419434 2.862310666666665
1.738971553438000 2138540906.260578155517578 2.866741981481480
3.047213819965000 1558884067.948112726211548 2.871879888888888
3.108929542901000 1991512619.921230792999268 2.877381185185184
3.108929542901000 2238141739.883677482604980 2.881870629629628
3.099286245756000 2248468089.899828433990479 2.886309314814813
3.007706388180000 2248487563.727538585662842 2.890740796296295
3.014479905698000 2154770414.682548046112061 2.895248037037036
3.007706388180000 2117944472.751094341278076 2.909495296296295
3.117613402632000 2125720708.357017278671265 2.915392092592591
1.740214027202000 2240109549.531630039215088 2.924329703703702
3.416445974266000 1865353304.245627403259277 2.933972740740739
3.061690861814000 1947398208.370917558670044 2.944114555555554
3.008641493130000 2166215029.074845790863037 2.948566666666665
1.732876215840000 2063612652.416448593139648 2.953068222222221
3.000927027763000 1558302598.753721475601196 2.958212425925924
1.726159641360000 1956807789.475820064544678 2.963687999999999
1.720671606272000 1556454157.958914995193481 2.968836314814813
3.093500612167000 1492697059.473800659179688 2.973443074074073
3.062642750699000 2041232868.162951469421387 2.978962092592591
3.047213819965000 2197018942.077943801879883 2.983457277777776
3.008641493130000 2184063652.709349632263184 2.987896296296295
2.994143564904000 2147873009.718349456787109 2.992385703703702
3.007706388180000 2138689805.642633199691772 2.996816259259258
3.007706388180000 2138458853.618173360824585 3.001247592592591
1.734114353196000 2138684495.599187612533569 3.005678592592591
3.046266726490000 1551588703.697733640670776 3.010848425925924
1.712726492400000 2001572984.500296115875244 3.016353907407406
2.992282252856000 1565546103.051561594009399 3.021522481481480
2.999994320518000 1963387022.970623254776001 3.026985981481479
3.016355958497000 2138538363.278119087219238 3.031422129629628
2.999994320518000 2138655007.643663406372070 3.035855722222220
3.169659809082000 2137943407.359051704406738 3.040281111111109
3.008641493130000 2253901138.163468360900879 3.044805944444442
3.008641493130000 2167090962.556361198425293 3.049340166666665
3.045318574810000 2015278161.205930233001709 3.053799611111109
3.099286245756000 2140619813.658093929290771 3.068128111111109
1.719443066880000 2237377730.702209472656250 3.074089981481480
1.726776081046000 1659553998.351195335388184 3.083883833333332
3.537636734007000 1685826412.790241718292236 3.094741648148147
3.015418455842000 2023019486.746501207351685 3.104918555555554
3.054928285332000 2116488264.671708345413208 3.109460870370369
1.733495054124000 2182024714.333569049835205 3.113938703703703
1.720671606272000 1565268280.623560190200806 3.119107351851851
2.983641236586000 1488920377.422050237655640 3.124714592592591
1.740835726658000 1962441020.090644836425781 3.130189777777777
3.123387403110000 1559051990.164217233657837 3.135341037037036
1.720671606272000 2081098614.686526536941528 3.140887314814814
2.993212562396000 1578005943.821301937103271 3.146102814814813
2.990420594324000 1962952132.749669075012207 3.151560037037036
3.148480862064000 2137795108.764519691467285 3.155944296296295
3.047213819965000 2273091635.808391571044922 3.160480166666665
2.993212562396000 2214315139.336026668548584 3.164995629629628
2.999060571142000 2148953283.073427677154541 3.169478499999999
3.008641493130000 2138600938.849282026290894 3.173904722222221
3.015418455842000 2138524758.433916330337524 3.178335685185184
2.992282252856000 2138528783.543907165527344 3.182769481481480
3.014479905698000 2138493020.225057125091553 3.187202925925924
3.008641493130000 2138519334.517307043075562 3.191624111111110
3.007706388180000 2137850405.741121768951416 3.196044462962961
2.992282252856000 2138775647.856775760650635 3.200475740740739
3.156197726922000 2138681671.945010423660278 3.204902166666665
3.015418455842000 2268614976.530412673950195 3.209447055555554
3.053028242088000 2257934978.651805877685547 3.223799037037036
1.733495054124000 2117643662.752358198165894 3.229780574074073
1.726776081046000 1488649397.410544395446777 3.239706870370369
3.408733906604000 1883581121.495327234268188 3.250406870370369
3.098322368346000 2164284556.600914955139160 3.260429611111110
1.727392979734000 2190301785.413991928100586 3.264944592592591
2.999994320518000 1505575198.349786758422852 3.270142574074073
3.090615098773000 1962236375.053033590316772 3.275598592592591
2.999994320518000 2220397261.960456371307373 3.280111148148146
2.985498097029000 2159273720.500718116760254 3.284623185185183
2.999994320518000 2138318675.854230165481567 3.289054833333332
2.999060571142000 2138335968.824709892272949 3.293493296296295
3.054928285332000 2117726921.306948900222778 3.297919777777776
3.013542403043000 2177972650.797376155853271 3.302417166666665
1.718829025792000 2148665721.866091251373291 3.306912203703702
3.068447576644000 1557188434.889594078063965 3.312059870370369
1.712114849910000 2001502723.362948894500732 3.317554166666665
2.997194809275000 1565289076.172715663909912 3.322717870370369
3.062642750699000 1962094872.760202884674072 3.328177814814814
3.015418455842000 2183677130.044843196868896 3.332674981481480
3.047213819965000 2149234230.107340335845947 3.337162259259258
3.061690861814000 2181500121.521698951721191 3.341657722222221
3.108929542901000 2193457249.911984920501709 3.346076166666666
3.001860429762000 2238052262.345232486724854 3.350555703703703
3.000927027763000 2159186787.033237457275391 3.355068666666666
3.005835133470000 2138798756.052763462066650 3.359504962962962
1.725543201674000 2138762093.058324575424194 3.363925925925925
2.994143564904000 1556096558.472158670425415 3.369073833333332
1.712726492400000 1653254876.089949607849121 3.384568944444443
3.001860429762000 1509271254.347024679183960 3.391502166666665
2.992282252856000 2070543696.733552455902100 3.401397388888888
3.000927027763000 1727796482.295206785202026 3.412148296296295
1.915591436670000 2120594579.425264358520508 3.421056740740739
3.483685846996000 1558466674.097591876983643 3.426207055555554
1.721285190144000 2054804545.530506610870361 3.431747703703702
3.008641493130000 1575169757.094501018524170 3.436966925925924
2.993212562396000 1962427133.298604249954224 3.442441407407406
3.007706388180000 2138565366.781198740005493 3.446882444444443
3.001860429762000 2138472672.745423316955566 3.451316018518517
3.000927027763000 2133549800.796812772750854 3.455750351851850
3.046266726490000 2124009002.925951004028320 3.460193351851850
2.999060571142000 2181121618.275753974914551 3.464680981481480
3.108929542901000 2148720245.358308792114258 3.469173277777776
3.030842591166000 2227858189.283514499664307 3.473683462962961
3.047213819965000 2158867475.116981983184814 3.478199037037035
3.055878483768000 2183334398.691838741302490 3.482683703703702
3.053978794152000 2193711324.131629467010498 3.487101833333331
3.016355958497000 2193544375.933450698852539 3.491540759259257
3.101215077534000 2148104159.964364051818848 3.496030648148146
2.992282252856000 2228151157.111959934234619 3.500542999999998
3.100251200124000 2159356152.053561210632324 3.505048722222220
3.061690861814000 2228188892.395853519439697 3.509566481481479
3.086745943200000 2192588018.934833049774170 3.514057518518516
1.726776081046000 2192888139.418254852294922 3.518488629629628
1.732876215840000 1565832882.534775733947754 3.523664629629628
1.909550757816000 1492166225.660905361175537 3.528269703703702
3.007706388180000 1491186557.902473688125610 3.532880425925924
1.727392979734000 2132843369.519149303436279 3.548260574074072
3.008641493130000 1481376827.405629634857178 3.554371240740739
3.094462808058000 2122158223.974510431289673 3.562450037037035
3.014479905698000 2209137727.658673286437988 3.571370351851850
1.915591436670000 2093658216.879487037658691 3.580282111111110
1.718829025792000 1476407056.527760267257690 3.587342555555554
1.942476930518000 1490037400.910099506378174 3.591949296296295
2.993212562396000 1387771964.509595870971680 3.596557740740739
2.976858117532000 1962221430.844329595565796 3.602028222222221
3.054928285332000 2137843597.312064170837402 3.606451277777777
2.992282252856000 2183410136.956933975219727 3.610943092592592
3.139787404369000 2148819179.488028049468994 3.615418166666666
3.000927027763000 2260627291.608746051788330 3.619947574074073
3.015418455842000 2169673701.584597110748291 3.624469111111110
3.045318574810000 2138768011.220617771148682 3.628905388888888
3.078071681433000 2183236059.066239833831787 3.633402537037036
3.031784889231000 2193499198.075380802154541 3.637836314814814
1.719443066880000 2193661483.807212829589844 3.642277592592592
3.047213819965000 1565308704.627558946609497 3.647444703703703
3.008641493130000 2001616451.909260034561157 3.652947611111110
3.108929542901000 2149184916.636111736297607 3.657442629629629
2.992282252856000 2227901246.510713100433350 3.661960425925925
3.001860429762000 2158894442.731142044067383 3.666464037037036
3.049109065120001 2138657992.456360816955566 3.670897499999999
3.153253916702000 2183495209.432717800140381 3.675389351851851
3.100251200124000 2283070634.659651756286621 3.679894537037037
1.733495054124000 2258196436.525612354278564 3.684384537037037
3.000927027763000 1571667907.275779485702515 3.689569166666666
3.100251200124000 1961309695.564284563064575 3.695047425925925
2.999994320518000 2219158746.614326477050781 3.699566740740740
3.008641493130000 2134349485.488382577896118 3.713900722222222
2.994143564904000 2127143257.979346513748169 3.719827481481481
2.993212562396000 1866253299.646709680557251 3.730426259259259
3.440651553682000 2198630302.181622028350830 3.739418888888888
3.108929542901000 2160884791.482103824615479 3.748365629629629
3.046266726490000 2190422717.095958709716797 3.752856944444444
3.054928285332000 2134182202.452630519866943 3.757378166666666
1.726776081046000 2185528631.203427314758301 3.761821648148147
3.000927027763000 1564741078.909489393234253 3.766993537037036
2.991350903864000 1962188429.617630481719971 3.772457999999999
3.098322368346000 2138653231.254222154617310 3.776898999999999
3.100251200124000 2224012558.599277496337891 3.781414129629629
2.999994320518000 2235675461.113685131072998 3.785850851851851
2.985498097029000 2158838869.226068496704102 3.790366277777777
3.047213819965000 2138619014.904615402221680 3.794786981481481
1.726776081046000 2183120228.079861164093018 3.799281833333333
1.720057107968000 1564271900.897542476654053 3.804448203703704
3.062642750699000 1493043888.433141946792603 3.809053314814815
1.721899459840000 1988972655.973998546600342 3.814557259259259
2.984570185194000 1565628972.949748516082764 3.819729388888889
3.046266726490000 1962569758.101416349411011 3.825193111111111
1.720057107968000 2183285051.544258594512939 3.829667870370370
3.077114997138000 1565554300.944302082061768 3.834837277777777
3.008641493130000 2039627713.061940431594849 3.840358407407407
3.039499354598000 2159344053.345800399780273 3.844874018518518
3.038554658828000 2183574056.866753578186035 3.849358185185185
3.015418455842000 2192445011.309374332427979 3.853779296296296
3.048161618910000 2145691818.005424737930298 3.858264981481482
3.015418455842000 2148254627.269645690917969 3.872578277777778
1.740214027202000 2127190824.240994215011597 3.878542462962963
1.732876215840000 1821155733.565520524978638 3.888113296296297
3.615833953382000 1862809901.071949958801270 3.898865592592593
1.733495054124000 2193631069.379734039306641 3.909004907407408
2.999060571142000 1548787792.083929538726807 3.914247407407408
3.007706388180000 1961521238.707582712173462 3.919722648148149
3.015418455842000 2130440833.601155281066895 3.924159444444445
3.053978794152000 2138379146.405544757843018 3.928599925925926
3.053028242088000 2182894985.026224613189697 3.933076888888889
3.006770238420000 2193486009.592706680297852 3.937513129629630
3.015418455842000 2145508674.961582183837891 3.941996018518519
3.008641493130000 2138150004.803294658660889 3.946429703703704
1.740214027202000 2138200055.139226675033569 3.950862925925926
3.007706388180000 1550187486.158044815063477 3.956047111111112
3.100251200124000 1959839272.330164670944214 3.961507462962964
1.738971553438000 2227348102.979917526245117 3.966020388888889
3.005835133470000 1571461074.258502244949341 3.971215703703704
3.101215077534000 1961977998.696218967437744 3.976669925925926
1.733495054124000 2227946590.853067398071289 3.981177407407408
3.054928285332000 1571822045.323232889175415 3.986369740740741
3.000927027763000 2001922104.304105043411255 3.991857611111112
3.068447576644000 2148355753.003077507019043 3.996334500000001
3.069402929476000 2183709292.265097618103027 4.000829277777779
3.106995913034000 2189539817.314200878143311 4.005261092592594
2.998127863897000 2230533882.787668228149414 4.009741407407409
3.061690861814000 2138699815.791782140731812 4.014174796296298
1.727392979734000 2231091921.941050529479980 4.028565629629631
2.992282252856000 1515598645.709426403045654 4.035555759259261
3.107963267786000 2153185673.143764972686768 4.045625425925928
3.047213819965000 2154672925.308182239532471 4.054527685185187
3.379986807804000 2174791268.707461833953857 4.063433074074076
3.000927027763000 2097056610.620539426803589 4.068025851851854
3.107963267786000 2070682105.577589988708496 4.072489481481483
1.718829025792000 2220864187.838119983673096 4.077018203703705
1.720671606272000 1562286690.174238920211792 4.082212222222224
2.999994320518000 1490768161.545186996459961 4.086808574074076
3.008641493130000 1961778879.665098667144775 4.092276185185187
2.999060571142000 2138409603.446620225906372 4.096712092592595
3.039499354598000 2138589141.065830707550049 4.101142648148151
3.046266726490000 2183527422.405161857604980 4.105637148148150
3.008641493130000 2193562228.282431602478027 4.110071388888891
1.719443066880000 2148789324.463190078735352 4.114558629629632
1.720671606272000 1550416041.195175647735596 4.119730037037039
2.992282252856000 1493561824.261809587478638 4.125334333333335
3.091576578478000 1963272808.550412416458130 4.130802555555557
2.994143564904000 2227958017.521409511566162 4.135317666666668
2.983641236586000 2159452118.388622283935547 4.139833240740742
3.007706388180000 2138013250.946049213409424 4.144271777777780
2.999060571142000 2138672361.884690523147583 4.148700444444446
2.992282252856000 2138451121.166079759597778 4.153136962962965
2.999060571142000 2138486117.782688140869141 4.157570425925928
3.054928285332000 2138422696.294311523437500 4.161994055555557
3.285340824012000 2183368153.013209819793701 4.166488462962965
3.101215077534000 2151333297.644098758697510 4.170985444444447
1.719443066880000 2245053826.340615749359131 4.185307222222225
3.008641493130000 1518228831.899797916412354 4.192315277777780
2.999060571142000 2108044738.574780941009521 4.202187444444447
3.425222622948000 2162869267.184763431549072 4.213015296296299
3.022189572976000 2175642852.274487495422363 4.221981500000003
3.014479905698000 2109226506.733387231826782 4.226511166666669
3.007706388180000 2096060829.948081254959106 4.230937592592595
3.006770238420000 2136895858.625048637390137 4.235376537037040
1.726159641360000 2138092598.332844734191895 4.239797462962966
3.053978794152000 1552959289.362008333206177 4.244946722222226
1.726159641360000 2001184085.070228815078735 4.250439351851855
1.728008960418000 1565382880.350114345550537 4.255610148148151
3.094462808058000 1492156409.349011659622192 4.260215111111115
2.990420594324000 2042194637.756948947906494 4.265739333333337
2.999060571142000 2158933395.190724849700928 4.270249907407411
1.732876215840000 2128532361.114012956619263 4.274681666666670
1.719443066880000 1558939985.668864488601685 4.279824574074078
2.999060571142000 1482109463.669073581695557 4.284425796296300
3.153253916702000 1962944559.522358894348145 4.289897129629633
3.154235673758000 2272706727.821245670318604 4.294427240740744
3.107963267786000 2303136294.985939979553223 4.298865870370374
3.161947741420000 2258877103.064066886901855 4.303353370370374
1.712726492400000 2293624944.221329689025879 4.307835370370374
1.724926761988000 1577262269.050554037094116 4.313048351851855
2.999060571142000 1493036435.586226701736450 4.317653129629633
3.006770238420000 1962780585.291373252868652 4.323111000000003
3.061690861814000 2136718636.003836393356323 4.327532648148152
3.045318574810000 2186913236.917841911315918 4.342879037037041
3.037608907532000 2117532179.288638591766357 4.348786333333337
3.052078750908000 1747285866.001754760742188 4.359614833333337
1.922312810132000 2155622698.359558105468750 4.368575833333337
1.712114849910000 1827509128.869138717651367 4.378243981481486
3.039499354598000 1491919614.380980014801025 4.382842648148152
2.993212562396000 1910609491.060994625091553 4.388357388888893
2.996261407276000 2130138558.536283969879150 4.392851277777782
3.000927027763000 2137826417.245918750762939 4.397268425925930
3.107963267786000 2138364357.030503511428833 4.401706888888892
3.139787404369000 2227902181.406342029571533 4.406219777777781
3.047213819965000 2293033544.272507190704346 4.410714666666670
3.108929542901000 2213948844.972462177276611 4.415230351851855
3.108929542901000 2237833127.225959300994873 4.419722796296300
2.999060571142000 2247722572.572782039642334 4.424148111111115
3.007706388180000 2159382660.669172286987305 4.428656166666670
2.992282252856000 2137970221.186550617218018 4.433082629629633
1.726776081046000 2138442690.419741392135620 4.437519222222226
3.015418455842000 1558750994.723639965057373 4.442657444444448
1.727392979734000 1962831717.578196525573730 4.448124444444448
2.992282252856000 1556736674.982989311218262 4.453268277777782
3.107963267786000 1961491130.684979915618896 4.458726129629634
3.009577294620000 2227975730.941410064697266 4.463243388888893
3.015418455842000 2159179152.853907585144043 4.467757018518522
2.999994320518000 2138128278.539061784744263 4.472174777777782
1.726776081046000 2138952464.832825660705566 4.476611259259263
1.726159641360000 1551152305.362532138824463 4.481783981481485
1.726776081046000 1395191951.942793607711792 4.486398851851856
3.100251200124000 1919313161.684560298919678 4.502793944444448
3.039499354598000 1886549767.998063087463379 4.510289092592597
2.984570185194000 2187953089.130651950836182 4.519194870370375
3.478142515562000 2108892791.093011617660522 4.528116703703708
3.107963267786000 1961163997.517500638961792 4.538798888888893
3.060737909366000 2216846649.328529834747314 4.543234981481485
3.055878483768000 2192217054.646495819091797 4.547733592592596
3.015418455842000 2183132689.026907920837402 4.552173240740744
3.061690861814000 2148793911.267867088317871 4.556662407407411
3.062642750699000 2182969454.503460407257080 4.561152370370374
3.008641493130000 2193512121.856890678405762 4.565591092592596
1.720671606272000 2148743866.479158878326416 4.570081444444448
3.138811538434000 1558591963.707064151763916 4.575224777777782
3.046266726490000 2079588025.544969320297241 4.580766203703708
3.016355958497000 2213795167.679551124572754 4.585282092592597
3.016355958497000 2148598479.886300563812256 4.589777370370375
3.006770238420000 2138481607.085359811782837 4.594205907407412
3.022189572976000 2138448260.755279064178467 4.598644296296301
3.000927027763000 2138419984.211120128631592 4.603077796296301
3.007706388180000 2138487022.843308210372925 4.607506518518523
3.108929542901000 2138609566.603491783142090 4.611932796296301
2.999994320518000 2227550730.596235275268555 4.616436981481487
3.106995913034000 2159585510.040819644927979 4.620950962962968
1.719443066880000 2228144852.522655010223389 4.625473314814820
3.006770238420000 1571892965.935933351516724 4.630671037037042
2.999060571142000 1962680492.270138263702393 4.636133259259265
1.726776081046000 2040434323.476459026336670 4.640566462962968
1.719443066880000 1981837633.382493019104004 4.656576185185190
3.038554658828000 1483093174.803433418273926 4.663152037037042
3.031784889231000 1759387172.752138137817383 4.673388925925931
3.355792434645000 2155429580.195177555084229 4.682368407407412
3.038554658828000 2139467164.670714616775513 4.691307796296301
1.726776081046000 2182864444.060005187988281 4.695803685185190
1.720057107968000 1537062567.371568679809570 4.700974703703708
3.024070423864000 1489395121.755203723907471 4.705583222222227
3.053028242088000 1991650627.087348222732544 4.711089277777782
2.976858117532000 2193286724.135773658752441 4.715529666666671
2.983641236586000 2147750237.833276748657227 4.720006814814820
3.045318574810000 2138567466.354593276977539 4.724437555555561
3.053978794152000 2183650778.863712310791016 4.728930092592598
3.001860429762000 2193289635.446722030639648 4.733358648148153
3.007706388180000 2148871446.306385517120361 4.737848629629634
1.720057107968000 2137590027.075812339782715 4.742280629629635
3.046266726490000 1558978128.639834165573120 4.747431962962968
3.028956942189000 2000990500.572660684585571 4.752929370370375
3.007706388180000 2193673381.367124557495117 4.757360407407412
1.719443066880000 2148905882.158853530883789 4.761850444444449
3.100251200124000 1558686413.435202598571777 4.766988962962968
3.062642750699000 2040294582.835093498229980 4.772517685185190
1.726776081046000 2204058407.882260799407959 4.777009722222227
3.053978794152000 1565437158.803366661071777 4.782169259259264
1.726776081046000 2002021562.961016893386841 4.787667370370375
3.137834582146000 1564670320.459088325500488 4.792837037037041
2.993212562396000 1987501277.567911624908447 4.798381425925930
2.990420594324000 2132888027.017703533172607 4.813197500000004
1.720671606272000 2131498340.916517972946167 4.819090981481486
3.079029078342000 1908255142.781672477722168 4.828835851851855
3.409793692214000 1934194393.675819635391235 4.838927629629633
3.099286245756000 2178823986.822075366973877 4.847820166666670
2.991350903864000 2209941896.705253601074219 4.852312166666670
3.039499354598000 2066910578.522580385208130 4.856820777777782
3.106995913034000 2164303211.117217540740967 4.861302314814819
1.720057107968000 2237714941.388079166412354 4.865780925925930
1.719443066880000 1562081501.990576982498169 4.871004611111115
2.991350903864000 1492509767.643900394439697 4.875608814814818
2.990420594324000 1962506782.791399240493774 4.881073351851855
2.992282252856000 2138698474.863490819931030 4.885499185185188
3.139787404369000 2138292516.893161535263062 4.889933370370374
2.992282252856000 2272305611.136343955993652 4.894459092592596
1.719443066880000 2120881458.074249505996704 4.899000851851856
1.720671606272000 1556618821.853551864624023 4.904148925925930
3.135882486825000 1493144409.431706905364990 4.908750425925930
2.993212562396000 2077706879.807772397994995 4.914299407407411
3.077114997138000 2168104016.477857589721680 4.918830740740744
2.983641236586000 2227968401.074659347534180 4.923338629629633
2.999060571142000 2159182359.002993106842041 4.927849166666670
2.999994320518000 2137088724.614948272705078 4.932288203703707
3.101215077534000 2138893375.826507806777954 4.936721740740744
3.063595348626000 2228262737.533346652984619 4.941233777777780
2.992282252856000 2203685538.484394550323486 4.945721166666670
3.052078750908000 2148787393.911401271820068 4.950211648148152
3.045318574810000 2178268982.259263992309570 4.954720000000004
3.107963267786000 2188849379.408111095428467 4.968985055555559
1.733495054124000 2215510881.870373249053955 4.974955740740745
2.992282252856000 1658277174.830000400543213 4.984724277777782
3.547551124520000 2087230468.706397056579590 4.994678388888893
2.999994320518000 1993202027.216101646423340 5.005399166666670
3.007706388180000 2091603828.847255229949951 5.009926203703707
3.000927027763000 2137141811.183398723602295 5.014352407407411
3.068447576644000 2138241300.525038719177246 5.018785944444447
3.000927027763000 2183327828.343660354614258 5.023260000000003
2.999060571142000 2148607654.140734195709229 5.027749944444448
3.016355958497000 2127150205.081677198410034 5.032179074074078
3.009577294620000 2138342949.654096126556396 5.036617259259263
3.099286245756000 2138496292.692746162414551 5.041032962962967
1.731638539272000 2219858069.072558879852295 5.045542981481486
1.726159641360000 1569867347.992522001266479 5.050743444444449
3.006770238420000 1492360676.952507972717285 5.055351240740745
3.007706388180000 1961341705.920227766036987 5.060815870370375
3.101215077534000 2138426617.040539026260376 5.065234092592597
3.007706388180000 2227917306.206964492797852 5.069741574074079
2.993212562396000 2158899006.057415962219238 5.074244777777782
1.725543201674000 2136907537.348633289337158 5.078681203703708
3.000927027763000 1551317255.175689220428467 5.083828129629634
3.022189572976000 1962200507.717303037643433 5.089299240740745
2.999994320518000 2127156112.428039073944092 5.093728740740745
1.713950232810000 2138097542.992396593093872 5.098149203703707
3.228340938525000 1558944645.460927963256836 5.103292814814819
3.039499354598000 1897451234.394702196121216 5.108770833333337
2.993212562396000 1672570793.753578662872314 5.125815259259263
2.992282252856000 1847416903.444824457168579 5.132808574074078
3.007706388180000 2164973949.932192802429199 5.142613055555559
1.719443066880000 2133231176.796321630477905 5.151441796296300
3.416445974266000 1621936442.791710138320923 5.161242240740744
3.193788661938000 1943979347.687517881393433 5.166762203703708
3.000927027763000 2208522346.414832592010498 5.171248796296300
2.977783631662000 2161784267.276588439941406 5.175782870370375
1.720057107968000 2137288514.985352516174316 5.180220537037042
2.999994320518000 1558924433.385622262954712 5.185355814814820
3.155216335103000 1963107239.368510961532593 5.190824370370375
3.114705580312000 2272554001.908972740173340 5.195364333333338
3.091576578478000 2258375481.423446178436279 5.199855259259264
3.046266726490000 2246452249.024892807006836 5.204280222222227
1.719443066880000 2204004161.866894245147705 5.208765388888894
2.993212562396000 1565533629.332569599151611 5.213937240740746
3.107963267786000 1963171540.330384969711304 5.219410092592597
1.721285190144000 2228347257.179867744445801 5.223927611111116
3.037608907532000 1571038756.481121301651001 5.229117185185190
3.069402929476000 1993407136.494277000427246 5.234626166666672
3.008641493130000 2192811420.423512935638428 5.239067851851857
2.992282252856000 2148808158.514892578125000 5.243554870370375
3.108929542901000 2138388409.334820508956909 5.247954962962968
1.719443066880000 2227946977.286537647247314 5.252465259259265
3.006770238420000 1572056967.578557014465332 5.257657296296301
2.999060571142000 1963264652.414563655853271 5.263127574074079
3.008641493130000 2138596501.650441169738770 5.267554000000005
1.726776081046000 2134528417.599057674407959 5.271956592592598
3.108929542901000 1938007399.424489259719849 5.286957759259264
2.999060571142000 2116545428.292964696884155 5.293113981481486
3.061690861814000 1774930711.699942350387573 5.302030296296302
3.015418455842000 2155719689.337650775909424 5.310945537037043
1.908188354152000 2165642677.578925609588623 5.319851592592598
2.977783631662000 1682964334.941419839859009 5.326730407407413
3.098322368346000 1960697599.674531936645508 5.332192629629636
2.993212562396000 2179598461.576270103454590 5.336713851851858
3.006770238420000 2146113077.421418190002441 5.341230259259265
3.000927027763000 2129566928.738288402557373 5.345653703703710
3.046266726490000 2137297550.833923816680908 5.350071685185191
2.999994320518000 2182999061.195246696472168 5.354569129629636
2.992282252856000 2148697195.704057216644287 5.359038462962969
3.101215077534000 2138547562.060625791549683 5.363471851851858
1.726159641360000 2227181072.508301734924316 5.367955629629636
2.999994320518000 1571887425.106989860534668 5.373148222222229
3.047213819965000 1963202348.941012382507324 5.378616407407414
3.047213819965000 2183095847.092635631561279 5.383113925925932
2.983641236586000 2193801681.683187007904053 5.387547314814821
1.725543201674000 2147980854.947046756744385 5.392021925925932
3.137834582146000 1558677079.243407249450684 5.397162907407414
1.713338134890000 2082133916.498339176177979 5.402709481481488
1.719443066880000 1577803556.458602666854858 5.407922740740747
3.039499354598000 1492319320.908509969711304 5.412530203703710
3.085786146800000 2001167209.928532361984253 5.418018314814821
2.985498097029000 2238152624.986047267913818 5.422497703703710
3.040444754052000 2159028742.608603000640869 5.426998055555562
3.007706388180000 2183190881.524085998535156 5.431492796296303
3.154235673758000 2145632072.067588329315186 5.435957740740747
2.991350903864000 2149142052.369857788085938 5.450336240740747
3.070357216066000 1844951403.044115066528320 5.457377148148155
1.719443066880000 2154715791.153488636016846 5.467124870370378
3.424158041928000 1645000498.722852230072021 5.476890555555562
3.438511605988000 1812765843.219904899597168 5.487197277777785
3.046266726490000 2009862111.757057666778564 5.491883037037044
1.719443066880000 2190052263.980218410491943 5.496324166666674
3.000927027763000 1560462841.743226051330566 5.501498481481488
2.999994320518000 1962901745.136325120925903 5.506970833333340
3.109896537774000 2138458660.365385055541992 5.511406537037043
1.726776081046000 2226585272.223930835723877 5.515921814814821
3.085786146800000 1570664377.627314329147339 5.521115648148155
3.001860429762000 2031864311.819751977920532 5.526648759259266
3.054928285332000 2159049454.783963203430176 5.531166166666673
3.008641493130000 2178078612.983502864837646 5.535660759259266
3.007706388180000 2147744006.400870800018311 5.540150888888896
2.999060571142000 2138153393.538465499877930 5.544582240740747
3.007706388180000 2128708174.070139646530151 5.549010425925933
2.993212562396000 2138262196.421630620956421 5.553441370370377
1.719443066880000 2138321653.219579219818115 5.557878055555562
3.108929542901000 1558507066.381156444549561 5.563023703703711
3.007706388180000 2041751884.287323474884033 5.568546962962970
3.098322368346000 2157938279.414422512054443 5.573055333333341
2.989489938300000 2228114385.546626091003418 5.577560240740748
1.734114353196000 2159238491.080074310302734 5.582073648148156
1.727392979734000 1530923996.203405380249023 5.587224462962971
3.107963267786000 1313743922.113154172897339 5.591838944444453
3.047213819965000 2022830588.243153333663940 5.597383074074082
3.101215077534000 2149311404.226901054382324 5.611746981481489
1.732257377556000 2232826767.407554149627686 5.617722462962971
2.982713324751000 1638046890.208476305007935 5.627539722222230
1.921626300308000 2106411976.173804283142090 5.637404370370378
3.090615098773000 1694794070.915026664733887 5.647217888888896
2.984570185194000 1971937927.225554466247559 5.654426870370378
1.720671606272000 2141078921.268040895462036 5.658926666666674
1.712726492400000 1557581736.493559122085571 5.664074759259266
3.038554658828000 1493181047.393593788146973 5.668674537037044
3.030842591166000 2001444694.559767246246338 5.674169944444452
1.706009917920000 2192577986.785723209381104 5.678603981481489
3.044371481335000 1565321800.718999862670898 5.683780925925933
2.985498097029000 2000867756.775038003921509 5.689283833333341
3.092539132462000 2148745542.011193275451660 5.693760814814822
2.991350903864000 2225557641.837365627288818 5.698283796296304
1.712726492400000 2159164676.629163742065430 5.702797018518526
2.983641236586000 1558724899.764766931533813 5.707937703703711
2.991350903864000 1961794413.681280136108398 5.713385537037044
2.992282252856000 2138606301.613624095916748 5.717818851851859
2.999060571142000 2138627235.005658149719238 5.722237185185192
3.038554658828000 2138429725.970755100250244 5.726671018518526
3.099286245756000 2183287975.544038295745850 5.731165870370377
3.101215077534000 2238444928.954573154449463 5.735650481481488
2.985498097029000 2247959204.461959838867188 5.740086333333340
3.099286245756000 2159473974.896084308624268 5.744599425925933
3.100251200124000 2213777524.933046340942383 5.749107796296303
3.061690861814000 2149958920.372938156127930 5.753568870370377
3.053978794152000 2086304616.318262815475464 5.758085055555562
1.720671606272000 2121788872.407187461853027 5.772479370370377
2.993212562396000 1479921432.264657974243164 5.778603833333340
2.991350903864000 2096652100.840336084365845 5.786592259259265
1.721285190144000 2134462529.477733135223389 5.795426611111117
3.362461500632000 1646700041.314284801483154 5.805242962962969
3.031784889231000 1917283123.765759468078613 5.814076555555562
2.998127863897000 2158266912.542551517486572 5.818575462962969
1.719443066880000 2145572401.600984811782837 5.823058814814821
3.100251200124000 1558242415.961627721786499 5.828209129629636
1.720057107968000 2040444878.698493480682373 5.833715000000007
3.146523606096000 1571073813.883564949035645 5.838913259259266
3.015418455842000 2079556918.213828325271606 5.844467037037044
3.108929542901000 2157032964.610800266265869 5.849003888888896
3.099286245756000 2227892559.001525402069092 5.853520407407415
3.001860429762000 2248770063.768892288208008 5.857946111111119
3.062642750699000 2141824703.614062547683716 5.862460370370377
1.720057107968000 2182412392.528906345367432 5.866957703703711
1.720057107968000 1564969342.185970067977905 5.872120425925933
2.999994320518000 1493060946.481006383895874 5.876717962962970
3.000927027763000 1962070409.586071491241455 5.882176500000007
3.053028242088000 2138489524.359473466873169 5.886602111111118
3.045318574810000 2183492923.584613800048828 5.891091462962970
3.222640922204000 2193550031.168809413909912 5.895517777777785
3.007706388180000 2141461057.177275657653809 5.899960425925934
1.728008960418000 2148098190.658904552459717 5.904439240740748
3.053978794152000 1559012708.495951414108276 5.909587444444452
1.720057107968000 1821268911.775888204574585 5.915091314814823
2.993212562396000 1966155466.688606500625610 5.931072111111119
3.062642750699000 2110769409.058951139450073 5.937288185185193
3.047213819965000 2169538916.943685531616211 5.947053759259267
3.489107082112000 2188179400.906878471374512 5.955887481481490
1.731638539272000 2023513905.380233049392700 5.966087370370379
1.727392979734000 1502534512.593732118606567 5.971288370370378
2.999994320518000 1481345080.621801614761353 5.975891481481489
3.109896537774000 1959604936.766722679138184 5.981360648148156
2.994143564904000 2214133640.911754131317139 5.985880222222230
3.016355958497000 2146198991.250979423522949 5.990418296296304
2.999994320518000 2138103802.719520568847656 5.994837648148156
2.991350903864000 2137736118.760326385498047 5.999276092592600
1.720057107968000 2138414114.926736116409302 6.003696944444452
3.039499354598000 1557175785.043703317642212 6.008845277777786
1.720671606272000 2001705490.826212167739868 6.014354129629638
3.054928285332000 1564978199.147156715393066 6.019526370370379
3.100251200124000 2002525992.089584112167358 6.025018425925935
3.108929542901000 2248481783.709742069244385 6.029452796296305
3.107963267786000 2248328556.913543701171875 6.033881703703713
1.728625629605000 2248477788.869999885559082 6.038315166666676
3.108929542901000 1571862322.303615570068359 6.043507648148157
3.047213819965000 2033688687.989468336105347 6.049021944444454
1.719443066880000 2197856695.893054008483887 6.053514333333343
3.047213819965000 1565443151.362274646759033 6.058682703703713
1.720057107968000 2001906653.867528915405273 6.064180759259269
2.993212562396000 1414368784.169390678405762 6.069353111111121
3.070357216066000 2113077607.029325962066650 6.085798500000010
3.000927027763000 2179460090.380091667175293 6.091781462962973
1.720671606272000 2131507308.035407781600952 6.100687185185195
3.369124600486000 1634098526.715744495391846 6.110434870370380
1.720057107968000 1774562278.942657947540283 6.122042592592602
3.045318574810000 1429027629.758250713348389 6.128238944444454
3.047213819965000 1985476877.386508226394653 6.133738611111120
2.992282252856000 2189203317.947800159454346 6.138188037037046
3.146523606096000 2148101038.256323337554932 6.142679185185194
3.154235673758000 2271778515.551712512969971 6.147219592592601
3.154235673758000 2303183835.400423049926758 6.151658648148157
1.720671606272000 2302870462.249679565429688 6.156089074074083
3.053028242088000 1577899451.450144529342651 6.161308222222231
3.028014293175000 2001367240.488722085952759 6.166793425925935
3.006770238420000 2193254232.182157516479492 6.171219388888898
3.100251200124000 2148875269.681020736694336 6.175691407407416
3.114705580312000 2226454658.200831413269043 6.180185870370379
3.006770238420000 2248991008.657557487487793 6.184624296296305
2.992282252856000 2159560600.900283336639404 6.189137277777786
3.108929542901000 2138453569.906312465667725 6.193568870370378
3.000927027763000 2227868420.405049800872803 6.198084092592601
2.999994320518000 2159126009.247402667999268 6.202581851851861
3.000927027763000 2138321741.757365703582764 6.206995444444453
2.999060571142000 2138576289.008224248886108 6.211433611111119
3.090615098773000 2138940065.519996881484985 6.215859740740749
3.099286245756000 2227338074.819837570190430 6.220377259259267
3.101215077534000 2177649179.388532161712646 6.224901888888897
2.983641236586000 2015810620.079927206039429 6.229355018518526
3.106995913034000 1650477164.704645156860352 6.245380000000008
2.998127863897000 2192677492.463476657867432 6.251369351851860
3.031784889231000 2162577508.794524192810059 6.260313259259267
3.368076803401000 2134581463.753441572189331 6.269165185185194
1.720057107968000 1974042208.293615341186523 6.279597574074082
2.993212562396000 1328966640.681552410125732 6.286249055555563
3.015418455842000 1932128509.336278200149536 6.291732444444452
1.719443066880000 2134766323.540461540222168 6.296168777777786
1.720671606272000 1559125767.467303991317749 6.301314370370378
2.989489938300000 1492828252.040693044662476 6.305919740740749
3.046266726490000 1962613227.554520845413208 6.311377203703712
3.007706388180000 2182945778.590762138366699 6.315872148148157
3.000927027763000 2147607203.699196815490723 6.320361611111119
2.999994320518000 2138091364.252214670181274 6.324803740740749
3.015418455842000 2138785859.481525421142578 6.329231259259267
3.006770238420000 2138267069.415623426437378 6.333657629629638
3.061690861814000 2138540969.920606374740601 6.338094037037045
3.009577294620000 2183230880.849520206451416 6.342586333333341
3.045318574810000 2142457428.177516222000122 6.347059166666675
2.999060571142000 2183163888.854569435119629 6.351555777777786
3.015418455842000 2106244634.723993301391602 6.356129944444453
3.014479905698000 2107077445.186528682708740 6.360560796296305
3.107963267786000 2138681676.376621007919312 6.364994962962972
3.144565985784000 2228114340.767464637756348 6.369512000000009
3.091576578478000 2293367132.146127223968506 6.374002259259268
3.054928285332000 2212456356.529566287994385 6.378507833333343
1.916958383025000 2193421441.497035503387451 6.382949203703713
3.046266726490000 1403660544.757087945938110 6.388133981481491
3.046266726490000 1647920599.209701776504517 6.403608685185195
3.016355958497000 1971738176.711274385452271 6.410465444444454
3.008641493130000 2133147670.946295976638794 6.420220240740750
3.378935830746000 2133115601.232611417770386 6.429078277777788
3.161947741420000 1826121314.623973369598389 6.440706444444455
3.147501869736000 2245674589.651494979858398 6.445238500000011
2.999994320518000 2297814508.501693725585938 6.449683148148159
1.720057107968000 2168387220.400191783905029 6.454205981481492
3.001860429762000 1556687637.683037519454956 6.459350648148159
3.008641493130000 1960870408.846958160400391 6.464823129629640
2.993212562396000 2138384174.139571905136108 6.469258907407418
1.713338134890000 2138541692.149158477783203 6.473679759259270
2.993212562396000 1558663591.881703615188599 6.478823148148159
3.008641493130000 1961731291.328377723693848 6.484281351851862
2.985498097029000 2137914502.472965240478516 6.488699500000011
2.999060571142000 2138276035.393213987350464 6.493142703703715
2.998127863897000 2138501652.487527847290039 6.497563648148159
2.999994320518000 2132844748.954062461853027 6.501985518518529
3.099286245756000 2138463624.103910684585571 6.506420944444455
3.108929542901000 2227848562.940104484558105 6.510933759259269
3.008641493130000 2248629299.650389194488525 6.515367259259270
2.999994320518000 2159356220.113354206085205 6.519882777777788
2.999994320518000 2139757572.259756326675415 6.525016648148158
3.007706388180000 2138545378.253517389297485 6.529429962962973
2.999060571142000 2138704307.946770906448364 6.533863629629639
3.302818159224000 2138577339.234443664550781 6.538294685185194
3.014479905698000 2014402033.086688041687012 6.542827111111120
3.067493290054000 2213219688.480284690856934 6.557154722222231
1.726159641360000 2179919950.139379978179932 6.563126925925935
3.031784889231000 1840515907.557680130004883 6.572734518518527
3.378935830746000 2190560662.848245620727539 6.582725074074083
3.000927027763000 2005421295.088036537170410 6.591878462962971
3.039499354598000 2063782540.538506746292114 6.596308407407416
3.093500612167000 2167560813.396932125091553 6.600808055555564
2.977783631662000 2231735876.033057689666748 6.605289537037046
1.726159641360000 2149873353.692279338836670 6.609807222222231
1.712114849910000 1557772498.811872720718384 6.614950703703713
2.991350903864000 1492621714.285714149475098 6.619552555555565
2.970069166295000 1961377316.335028409957886 6.625022962962972
2.993212562396000 2138187018.885567903518677 6.629459037037046
2.984570185194000 2138140406.917344570159912 6.633899833333342
1.720057107968000 2126988932.670605659484863 6.638322259259268
2.986426700046000 1558613912.016363620758057 6.643464629629638
3.000927027763000 1962540025.593630075454712 6.648934740740749
2.999060571142000 2138711750.903883695602417 6.653370333333342
3.007706388180000 2138670591.394691228866577 6.657783629629638
2.999060571142000 2138581945.442092657089233 6.662217925925935
3.107963267786000 2138358318.052904367446899 6.666651500000009
3.053028242088000 2228130657.095798492431641 6.671171388888898
3.028956942189000 2203837851.213084697723389 6.675661777777787
2.983641236586000 2192843040.374888896942139 6.680095685185194
3.047213819965000 2149130556.082904815673828 6.684582759259269
3.138811538434000 2183660891.384872913360596 6.689077222222232
1.888031434918000 2280005805.253426551818848 6.693594203703713
3.108929542901000 1558450268.231794834136963 6.698823925925936
3.107963267786000 1685860146.186825037002563 6.714339333333343
3.077114997138000 2238206669.604267597198486 6.720265055555565
3.062642750699000 2246627417.227793693542480 6.729280203703713
3.493566650886000 1894191492.403059720993042 6.739903388888898
3.106995913034000 2164145365.681502819061279 6.748928648148158
3.001860429762000 2161096333.877924919128418 6.753337888888899
3.046266726490000 2147377643.380404233932495 6.757845129629639
2.992282252856000 2174612753.759282112121582 6.762341407407417
3.114705580312000 2138040449.216095447540283 6.766838129629639
3.107963267786000 2227399403.215096950531006 6.771356166666677
1.726159641360000 2248508293.526911258697510 6.775787333333343
3.053978794152000 1571205065.205065250396729 6.780980351851862
2.999994320518000 2001657539.511300802230835 6.786473388888899
3.007706388180000 2144600062.618955373764038 6.790968537037047
3.046266726490000 2137649166.167470455169678 6.795389222222233
1.734114353196000 2182452612.844217777252197 6.799884111111122
1.720057107968000 1564723259.786629915237427 6.805055092592603
3.000927027763000 1491504521.275526285171509 6.809660888888899
3.100251200124000 1962834196.468621253967285 6.815110444444455
2.999994320518000 2228103838.473485469818115 6.819617444444456
3.137834582146000 2158685634.332185745239258 6.824130648148159
2.994143564904000 2272646357.886145591735840 6.828668611111122
3.106995913034000 2169435587.504000186920166 6.833182055555566
3.093500612167000 2227925594.502397537231445 6.837676944444455
3.147501869736000 2248556791.869532108306885 6.842115666666677
1.720671606272000 2293137282.385096549987793 6.846607759259269
1.923684552790000 1578173175.451365947723389 6.851823407407418
2.984570185194000 1490554241.670050621032715 6.856429166666677
2.983641236586000 1656742137.385750293731689 6.871894407407418
3.108929542901000 2130510025.826478481292725 6.877788444444455
3.108929542901000 2231699417.823184490203857 6.886729981481492
3.362461500632000 2178246240.763813018798828 6.895737425925937
3.006770238420000 1855296156.027219533920288 6.906709870370381
2.985498097029000 2071117048.473607778549194 6.911142981481492
3.093500612167000 2123653270.166687965393066 6.915583518518529
1.713338134890000 2220597258.052628040313721 6.920105851851862
3.093500612167000 1571476579.203803539276123 6.925293944444455
1.720671606272000 2036276802.139145135879517 6.930820555555566
2.993212562396000 1569563032.469145298004150 6.935965611111121
3.047213819965000 1952775338.272541522979736 6.941434574074084
3.075200559627000 2183037798.282943725585938 6.945934092592603
3.045318574810000 2234067235.000804424285889 6.950424148148159
1.712726492400000 2203644896.217072010040283 6.954893055555566
3.006770238420000 1564499274.216960668563843 6.960059888888899
2.975931569308000 1963580669.733995676040649 6.965529722222232
2.982713324751000 2138434847.919035673141479 6.969943185185195
2.999994320518000 2138429771.327137947082520 6.974376981481491
3.007706388180000 2138514692.422463178634644 6.978807962962972
3.007706388180000 2138374939.682193279266357 6.983221314814824
1.712114849910000 2138536010.953140258789062 6.987657722222232
3.038554658828000 1558940907.193343639373779 6.992803425925936
1.727392979734000 2002349079.872268915176392 6.998306888888899
2.975931569308000 1565637286.422434568405151 7.003473500000010
2.999060571142000 1961487671.019003391265869 7.008929629629639
2.999994320518000 2143394565.090387105941772 7.013367333333343
1.720057107968000 2235146786.899688243865967 7.027828962962973
2.983641236586000 1481088285.460665225982666 7.033941500000010
1.713950232810000 2096681099.242301464080811 7.041933537037047
1.719443066880000 1629317475.528783559799194 7.051672870370380
3.553051273153000 1486496683.293052911758423 7.061036240740751
3.145544249424000 2186796449.899202346801758 7.068339111111121
2.999060571142000 2233779679.055111408233643 7.072776240740751
2.985498097029000 2159213347.417016983032227 7.077317000000011
3.000927027763000 2133864501.998027086257935 7.081747296296307
3.048161618910000 2127849881.663473606109619 7.086183796296306
1.718829025792000 2182196837.772017955780029 7.090677814814825
2.985498097029000 1565424679.050419569015503 7.095841888888899
3.022189572976000 1953580211.813206195831299 7.101313166666676
2.983641236586000 2175987803.220905303955078 7.105810407407417
2.984570185194000 2148667325.006301403045654 7.110292314814824
3.077114997138000 2138422887.597306013107300 7.114705185185195
3.039499354598000 2217163070.401360511779785 7.119213462962973
1.718829025792000 2203517334.069930076599121 7.123705259259269
3.091576578478000 1554141333.445374011993408 7.129875851851862
3.037608907532000 2041784945.442088603973389 7.135389870370381
3.000927027763000 2204005787.423483848571777 7.139882370370381
3.045318574810000 2136796155.082726716995239 7.144375074074085
3.045318574810000 2183430278.572751998901367 7.148872203703714
3.106995913034000 2193892270.074276447296143 7.153295129629640
3.046266726490000 2238364257.627342224121094 7.157787981481492
3.062642750699000 2203898186.959002017974854 7.162267870370381
3.031784889231000 2183383342.659795761108398 7.166702351851862
3.241083240360000 2188152515.828057289123535 7.171148277777788
1.720057107968000 2107652655.612531423568726 7.175601111111122
3.107963267786000 1491147175.621021270751953 7.190756851851862
3.047213819965000 2173002129.970433712005615 7.196895000000010
3.013542403043000 2168919590.679045677185059 7.206734240740751
3.394364761480000 2133154404.209608554840088 7.215655629629640
3.478142515562000 1872609488.337316751480103 7.226355314814825
2.993212562396000 2112913461.696971654891968 7.230848722222232
3.000927027763000 2145017082.742742776870728 7.235369203703714
3.108929542901000 2137663092.300614595413208 7.239797166666677
3.101215077534000 2227017985.567289352416992 7.244316222222233
3.062642750699000 2241960356.565238475799561 7.248747388888900
3.064547592032000 2203208814.763822555541992 7.253239851851863
3.054928285332000 2193556911.382276535034180 7.257683407407418
3.139787404369000 2193376269.144365787506104 7.262110055555566
3.145544249424000 2282597838.277523517608643 7.266617777777788
3.000927027763000 2303255251.097757816314697 7.271058648148158
1.713338134890000 2168797300.772782325744629 7.275594925925936
3.092539132462000 1557865205.960314989089966 7.280743796296306
3.106029637919000 2041401185.405327320098877 7.286252148148158
1.726159641360000 2248380717.945294857025146 7.290690740740750
2.992282252856000 1571737645.802911281585693 7.295877537037047
1.720671606272000 1962176616.628567218780518 7.301337574074084
3.038554658828000 1557219012.786545276641846 7.306481870370380
3.099286245756000 2001192367.958935499191284 7.311965574074084
3.000927027763000 2238568728.812511920928955 7.316461370370380
2.999060571142000 2159556410.845588207244873 7.320974555555566
3.006770238420000 2138894762.386925458908081 7.325400518518529
3.008641493130000 2138484717.399489641189575 7.329827000000011
2.985498097029000 2056883667.228620529174805 7.334253796296307
3.155216335103000 1650511392.868564844131470 7.350235203703714
3.008641493130000 2228334385.110775470733643 7.356245018518528
1.718214984704000 2180924375.901062488555908 7.365197925925936
3.362461500632000 1649758153.940058469772339 7.375027870370380
3.014479905698000 1729206783.775703907012939 7.385310574074084
2.999994320518000 2026800572.866720438003540 7.389732777777787
2.992282252856000 2129174602.645696401596069 7.394178851851861
3.131099470772000 2137319350.202226161956787 7.398611000000010
3.139787404369000 2272403394.650606155395508 7.403143185185195
3.136858716211000 2303321616.153188228607178 7.407582166666677
3.016355958497000 2302552764.201197147369385 7.411965925925935
3.009577294620000 2157948664.619450092315674 7.416506870370380
1.734114353196000 2138563515.843390703201294 7.420932129629639
3.054928285332000 1559027667.471909523010254 7.426075888888898
2.998127863897000 2000140179.085191726684570 7.431579166666676
3.047213819965000 2147965369.535910606384277 7.436071037037046
3.000927027763000 2183517025.569234371185303 7.440568629629639
2.998127863897000 2148906562.407205581665039 7.445058851851861
3.061690861814000 2138499190.114386081695557 7.449494777777788
3.154235673758000 2183121006.168812751770020 7.453979703703713
3.069402929476000 2272635876.599439620971680 7.458500962962972
1.720671606272000 2213794692.806168079376221 7.463016148148157
1.734114353196000 1565048027.960208177566528 7.468187518518528
3.046266726490000 1493204633.484163045883179 7.472791685185195
3.046266726490000 2002254169.794363260269165 7.478293111111121
3.155216335103000 2193412367.340453147888184 7.482721740740750
3.024070423864000 2282901126.531416893005371 7.487229185185194
3.000927027763000 2055734579.439252376556396 7.491786592592602
3.029899240254000 2132061230.607517719268799 7.506056870370379
3.054928285332000 2179048376.136797428131104 7.512025148148157
1.726776081046000 2171316188.370002269744873 7.520985055555565
3.369124600486000 1821254068.783954620361328 7.530607777777787
3.139787404369000 2097996713.802402973175049 7.540537074074083
1.726776081046000 2165322066.042401790618896 7.545067833333342
2.998127863897000 1568279623.304658412933350 7.550294574074083
1.720057107968000 1960601391.619719028472900 7.555747851851861
2.976858117532000 1552265360.173303604125977 7.560894037037047
3.045318574810000 1962201668.347236156463623 7.566348537037046
3.037608907532000 2182900169.650651454925537 7.570845796296306
1.721285190144000 2193518375.040136337280273 7.575286703703713
3.006770238420000 1564439268.339865207672119 7.580456074074084
2.992282252856000 1963432742.397658586502075 7.585923444444454
2.985498097029000 2127527620.828082323074341 7.590361185185195
2.999994320518000 2137760640.722695112228394 7.594789055555565
1.718829025792000 2137782313.606651782989502 7.599225611111120
1.719443066880000 1558568546.993780136108398 7.604370500000010
3.038554658828000 1493222088.052744865417480 7.608971277777788
3.053028242088000 2002001140.601008892059326 7.614458962962973
3.005835133470000 2193709826.802193641662598 7.618889777777788
2.999060571142000 2148882857.319612979888916 7.623379870370381
2.992282252856000 2138560607.584750175476074 7.627798092592603
3.049109065120001 2138115833.371599435806274 7.632234222222233
1.718829025792000 2183442567.567567348480225 7.636729037037048
3.357879603360000 1565761882.757508993148804 7.641898759259270
2.999994320518000 1933758226.469876527786255 7.647409425925937
3.031784889231000 1651513437.584111213684082 7.663440333333345
1.720671606272000 2178493517.025352954864502 7.669423240740752
2.993212562396000 1636331345.637755393981934 7.679214962962974
3.424158041928000 1920217918.692775249481201 7.689265092592604
3.101215077534000 2143462651.594968557357788 7.698211629629641
2.990420594324000 2170865574.633680820465088 7.702713370370382
1.720057107968000 2158145333.825156688690186 7.707231703703715
3.094462808058000 1553823348.589384555816650 7.712382462962974
2.999994320518000 2041614764.627949476242065 7.717903666666678
2.999994320518000 2159460297.613661766052246 7.722406148148160
2.997194809275000 2138604616.194271087646484 7.726839814814826
3.032727889194000 2138390409.208768129348755 7.731260722222234
1.726159641360000 2183209887.840528011322021 7.735753333333345
1.718829025792000 1563404706.726457357406616 7.740915370370382
3.045318574810000 1492788187.807106256484985 7.745517018518530
3.039499354598000 2002212679.651947021484375 7.751022777777790
3.007706388180000 2193101177.589508056640625 7.755462166666678
3.000927027763000 2148862808.522607326507568 7.759939148148160
2.999060571142000 2137973003.393404960632324 7.764364944444456
1.733495054124000 2138751428.427807807922363 7.768785759259270
1.754278473582000 1549389770.875379085540771 7.773933370370381
1.734732730692000 1492889532.051927089691162 7.778533833333344
2.985498097029000 1488960976.650391817092896 7.783134592592603
3.046266726490000 1962509300.977391004562378 7.788596981481492
3.039499354598000 2183277099.482404232025146 7.793083537037047
3.261189258594000 2192884741.380392551422119 7.797509814814825
2.999994320518000 2185766771.306633949279785 7.801940055555566
2.999994320518000 2176008240.442872047424316 7.816250685185195
3.009577294620000 2127264982.270614385604858 7.822162611111120
2.992282252856000 2133248505.829987287521362 7.830999425925936
3.423092271432000 2129284370.577257633209229 7.839870870370381
3.039499354598000 2208070250.919600963592529 7.848892500000010
3.067493290054000 2173887456.711715698242188 7.853336222222232
3.016355958497000 2185263490.824869155883789 7.857797759259269
3.000927027763000 2146492752.905032157897949 7.862282314814825
3.107963267786000 2132178170.707273006439209 7.866718759259269
3.052078750908000 2227531989.734423160552979 7.871235833333343
3.016355958497000 2203719811.585355758666992 7.875725537037047
3.000927027763000 2147878710.789411544799805 7.880195111111121
3.008641493130000 2138647179.045652627944946 7.884625907407417
3.068447576644000 2138759315.803763628005981 7.889059333333344
3.077114997138000 2182903017.170352458953857 7.893554592592603
3.007706388180000 2148470922.902860641479492 7.898710425925936
3.100251200124000 2144240487.413292646408081 7.903208851851861
3.108929542901000 2227918327.968996524810791 7.907719666666676
1.726159641360000 2229171644.314211368560791 7.912156166666676
3.100251200124000 1566570997.269267320632935 7.917357592592602
2.992282252856000 2041424583.650975227355957 7.922871796296305
3.013542403043000 2159349194.690083980560303 7.927384666666676
3.015418455842000 2138544288.245520114898682 7.931816074074083
3.061690861814000 2138088443.287666797637939 7.936241592592602
3.162930800470000 2183800241.427470684051514 7.940736462962972
1.727392979734000 2283238820.608572483062744 7.945249148148157
3.178359731204000 1578114196.687451601028442 7.950467240740750
3.007706388180000 1961365006.626377344131470 7.955930814814824
3.053978794152000 2131659775.577077150344849 7.970178055555564
1.727392979734000 2118358680.092951297760010 7.976154907407416
2.992282252856000 1473396936.813622236251831 7.986085259259267
3.353705265930000 2112130118.845700263977051 7.998684851851860
3.008641493130000 2113722924.409912109375000 8.004853111111119
1.733495054124000 2137708989.975838184356689 8.009283148148157
3.000927027763000 1480509568.415608167648315 8.014439000000008
3.047213819965000 1945412260.092149257659912 8.019901166666674
1.707228859348000 2175355582.009383201599121 8.024396925925933
2.999060571142000 1565327438.952332973480225 8.029568203703711
2.994143564904000 1963420744.475390911102295 8.035033648148156
2.999060571142000 2135057686.771718740463257 8.039472370370378
3.101215077534000 2142697260.210971832275391 8.043901611111119
1.725543201674000 2237303949.541973114013672 8.048340944444453
1.727392979734000 1571372968.617412090301514 8.053534907407416
3.009577294620000 1492746906.030223369598389 8.058137648148156
3.039499354598000 1963219493.037475347518921 8.063607407407416
3.109896537774000 2182621471.209023475646973 8.068099555555564
3.101215077534000 2238518676.653975963592529 8.072584259259267
2.991350903864000 2233274383.409239768981934 8.077028500000008
1.713338134890000 2158963271.935329437255859 8.081543666666674
3.109896537774000 1559139651.007484436035156 8.086687574074082
3.161947741420000 2041762007.745310068130493 8.092210629629637
2.999994320518000 2293227716.732748985290527 8.096703703703712
2.991350903864000 2165487676.207887649536133 8.101221462962972
3.109896537774000 2138508984.846452951431274 8.105640425925936
2.994143564904000 2225555775.753962516784668 8.110144407407416
3.069402929476000 2037180265.499730587005615 8.114680925925935
2.997194809275000 2148631654.483315944671631 8.130009981481491
3.101215077534000 2126890670.146332263946533 8.135970537037046
1.726159641360000 2209200976.161054134368896 8.144917148148158
1.914907327230000 1638164188.111231327056885 8.154737185185196
2.991350903864000 1649483204.390946388244629 8.165554055555566
3.061690861814000 1952409949.959032773971558 8.171023648148159
3.023130523504000 2080571564.885496139526367 8.175526166666678
3.015418455842000 2120858961.045434713363647 8.179984351851864
1.721285190144000 2137893979.768279314041138 8.184418166666680
2.999994320518000 1558980749.724841833114624 8.189566722222235
1.713338134890000 1963082288.928287506103516 8.195019055555568
2.999994320518000 1558320457.570416212081909 8.200167018518531
3.013542403043000 1954728417.564208745956421 8.205643222222236
3.048161618910000 2138052700.282830715179443 8.210069370370384
3.069402929476000 2183205026.362472534179688 8.214568611111124
2.999994320518000 2193517202.495802879333496 8.219002722222235
1.734114353196000 2148409678.923500537872314 8.223490518518531
3.007706388180000 1553629233.023796796798706 8.228633611111123
3.092539132462000 1961404277.358030796051025 8.234104277777790
3.084827064800000 2228097767.545121669769287 8.238608537037051
2.999060571142000 2248319541.133944511413574 8.243034907407420
2.999994320518000 2159505227.195360660552979 8.247550111111124
2.993212562396000 2138063956.362539291381836 8.251970370370383
3.015418455842000 2138986005.955090522766113 8.256404796296309
3.000927027763000 2138917760.107420921325684 8.260818037037049
1.718829025792000 2138718968.498609304428101 8.265251703703717
3.233366375502000 1559150869.898317098617554 8.270400240740754
2.998127863897000 1873181918.263418197631836 8.275883981481496
3.077114997138000 2173932871.611845016479492 8.290282592592607
1.726159641360000 2179735986.239598274230957 8.296257870370384
3.008641493130000 1848589737.995903491973877 8.305849888888902
3.484769609656000 2106840952.395241022109985 8.315724407407421
3.100251200124000 2168399362.969174861907959 8.324689611111125
3.100251200124000 2151219777.291012763977051 8.329136537037051
1.720057107968000 2247115085.354971408843994 8.333577685185199
2.999060571142000 1571509540.570581674575806 8.338775759259274
2.980856464308000 1957295750.800677299499512 8.344222537037052
1.726776081046000 2137981402.683219909667969 8.348661648148163
2.991350903864000 1558841681.316464424133301 8.353802240740755
3.000927027763000 1961232053.445039272308350 8.359257481481496
3.046266726490000 2138533684.285409450531006 8.363682833333348
2.991350903864000 2181970788.905552387237549 8.368177574074089
3.009577294620000 2149328918.085312843322754 8.372662592592608
1.732257377556000 2138349174.771280527114868 8.377093462962979
2.991350903864000 1558678216.751466751098633 8.382232648148163
3.101215077534000 1963157250.378355503082275 8.387702222222236
3.090615098773000 2227461974.329284667968750 8.392212333333347
3.000927027763000 2248554899.645808696746826 8.396651240740756
2.983641236586000 2159217587.086508274078369 8.401166759259274
3.029899240254000 2138901060.277663946151733 8.405592574074088
3.006770238420000 2183309045.567338466644287 8.410092629629643
3.040444754052000 2148935079.717257022857666 8.414583037037051
3.039499354598000 2183229844.474199295043945 8.419077944444458
3.425222622948000 2193716334.867712020874023 8.423511314814828
3.046266726490000 2108378065.380917072296143 8.427959888888902
2.999994320518000 1662382681.367180109024048 8.443971759259272
2.991350903864000 2127861228.607056856155396 8.449956555555568
1.726776081046000 2133056270.715457677841187 8.458806629629642
3.341402483514000 1821048241.993020296096802 8.468384500000012
3.417508157581000 2112409457.054630756378174 8.478405629629641
3.051128906100000 2141085278.996659994125366 8.482929777777789
1.753651973358000 2118859348.457334995269775 8.487355740740751
1.727392979734000 1545995082.037625789642334 8.492529518518529
1.720057107968000 1488176732.691200971603394 8.497130314814825
3.100251200124000 1492825418.022533178329468 8.501734222222233
3.136858716211000 2041325906.171910762786865 8.507247851851861
1.719443066880000 2293120122.758603572845459 8.511737240740750
1.719443066880000 1576587043.009988784790039 8.516950500000009
3.090615098773000 1492781230.750649213790894 8.521550222222231
3.109896537774000 2042064150.488363742828369 8.527078888888898
2.991350903864000 2247816035.945081233978271 8.531517759259268
3.107963267786000 2158688840.844836235046387 8.535971833333342
3.083866911200000 2228417384.388976097106934 8.540489296296306
3.053978794152000 2248957387.894202709197998 8.544923351851862
3.038554658828000 2190810041.158367156982422 8.549418185185196
1.726776081046000 2193090197.616256713867188 8.553857203703714
1.728625629605000 1565370553.572196483612061 8.559023648148159
3.092539132462000 1484557249.650209903717041 8.563656055555567
1.721899459840000 2041545893.946503877639771 8.569180870370381
2.991350903864000 1571279231.259820461273193 8.574378407407419
3.039499354598000 1963059813.312018394470215 8.579846037037049
3.000927027763000 2078823250.109795331954956 8.584315629629641
2.999060571142000 2135581295.343590497970581 8.599689500000011
2.999994320518000 2128030735.641486644744873 8.605592888888900
3.106995913034000 2169641465.915408134460449 8.615219537037047
3.384543935042000 2175259287.475442409515381 8.624164777777787
3.005835133470000 2122822617.396473169326782 8.633137222222231
3.047213819965000 2137790493.797210931777954 8.637564740740750
1.734732730692000 2082831574.705364704132080 8.642068111111120
1.713338134890000 1559466069.760700941085815 8.647242944444454
3.092539132462000 1492813670.769936561584473 8.651844814814824
3.037608907532000 2041082137.640402317047119 8.657359722222232
1.712114849910000 2203949826.140399456024170 8.661849296296307
3.000927027763000 1565547969.924812078475952 8.667021518518530
3.108929542901000 1956296056.585770130157471 8.672475055555566
3.016355958497000 2228206818.750538349151611 8.676989296296307
1.727392979734000 2159593111.349273681640625 8.681499129629641
2.992282252856000 1558883933.293755769729614 8.686646074074085
2.998127863897000 1962709881.310462474822998 8.692113185185196
3.102179672916000 2138700823.215426921844482 8.696547018518530
3.106029637919000 2228147291.479746818542480 8.701046537037048
2.999994320518000 2248884016.672159671783447 8.705485074074085
1.726159641360000 2159219686.514195919036865 8.709993518518530
2.999060571142000 1558848538.306451559066772 8.715137222222234
1.712726492400000 1962563048.661536693572998 8.720605074074086
3.015418455842000 1559482631.157994747161865 8.725745185185197
1.734114353196000 1961415978.765579462051392 8.731201037037049
2.993212562396000 1558068074.475131750106812 8.736345185185197
3.106029637919000 1874107157.102005720138550 8.741823814814827
3.008641493130000 2199103891.707225322723389 8.756210055555568
3.101215077534000 2067957247.200230121612549 8.762191037037050
3.005835133470000 1968590093.660693645477295 8.772844148148161
3.371221365379000 2198006626.715734958648682 8.781781037037049
1.907507152320000 1988806890.544459581375122 8.790816500000012
3.046266726490000 1322038412.420542001724243 8.795978796296309
3.000927027763000 1971806454.436204671859741 8.801480037037049
2.998127863897000 2131773763.031606912612915 8.805956333333345
1.726159641360000 2137451329.656939744949341 8.810378944444457
1.720671606272000 1558958211.716267347335815 8.815524370370383
3.053978794152000 1490480302.890089750289917 8.820126944444457
3.100251200124000 2002238889.244095087051392 8.825630037037049
3.063595348626000 2238091582.591861724853516 8.830106870370383
3.045318574810000 2203587699.617262840270996 8.834596944444456
3.039499354598000 2193267339.634225368499756 8.839030962962974
3.016355958497000 2192905377.456049919128418 8.843472000000011
3.044371481335000 2148957673.747164249420166 8.847961814814825
3.047213819965000 2181202702.535584926605225 8.852454166666677
3.091576578478000 2193655472.621213436126709 8.856882777777788
1.740214027202000 2238151099.990089893341064 8.861367666666677
3.130124914868000 1571514832.177679538726807 8.866562203703714
1.734114353196000 2081075605.562325954437256 8.872108777777788
3.008104098232000 1578474341.902012348175049 8.877323722222233
3.098322368346000 1962839987.378407001495361 8.882781740740752
3.093500612167000 2227921096.856170654296875 8.887299703703714
1.718829025792000 2248288333.144731998443604 8.891718203703714
1.725543201674000 1523310028.871786594390869 8.897741000000011
2.977783631662000 1976469194.612124204635620 8.912987851851863
3.008641493130000 2073167591.962680339813232 8.919085333333344
3.045318574810000 2155387239.905256748199463 8.928897462962974
3.100251200124000 2211203723.315311431884766 8.937867962962974
3.138811538434000 2221475045.046935558319092 8.944044648148159
3.101215077534000 2123382043.917353630065918 8.953038814814827
3.070357216066000 1988036409.084855556488037 8.958461759259270
3.053978794152000 2201506815.824566841125488 8.962961092592604
1.726159641360000 2188545590.196732044219971 8.967404055555567
1.719443066880000 1533690677.947810411453247 8.975983870370381
1.713950232810000 1491871589.123769760131836 8.980592629629641
3.107963267786000 1492851257.918551921844482 8.985196796296307
3.045318574810000 2032597632.957596302032471 8.990721740740751
3.047213819965000 2203075054.487324714660645 8.995216500000010
3.039499354598000 2192477282.796786308288574 8.999646981481492
3.016355958497000 2192345388.094324111938477 9.004085574074084
3.053978794152000 2149123783.710082054138184 9.008567555555565
1.739592790320000 2183486222.127000331878662 9.013062148148158
3.108929542901000 1565552728.485322237014771 9.018226796296306
1.720057107968000 2042219225.199131011962891 9.023750796296305
3.139787404369000 1571397016.095969676971436 9.028945333333342
1.726159641360000 2081960012.548223733901978 9.034494296296305
3.091576578478000 1578226064.037624120712280 9.039707666666676
3.047213819965000 2041668654.045304298400879 9.045233277777786
3.000927027763000 2195438237.939256668090820 9.049722129629638
3.047213819965000 2148234982.346764087677002 9.054201425925934
2.992282252856000 1976812256.499473094940186 9.058735981481489
3.031784889231000 2132415722.727475643157959 9.073665537037044
2.998127863897000 2175668788.862189292907715 9.079645833333341
3.100251200124000 2163900297.773550987243652 9.088563870370379
3.369124600486000 2209291665.371150016784668 9.097497814814824
2.999994320518000 1928573647.259423732757568 9.108315018518528
3.000927027763000 2128650034.973187446594238 9.112762870370380
3.008641493130000 2127071823.896220922470093 9.117199648148159
2.998127863897000 2137258504.967948198318481 9.121622444444455
3.101215077534000 2132088646.129561424255371 9.126057055555567
3.123387403110000 2233077767.132267475128174 9.131565666666678
1.720671606272000 2245823837.939302921295166 9.135975537037048
1.720057107968000 1570983670.938404321670532 9.141171907407418
1.726776081046000 1492748350.839956045150757 9.145778629629641
3.146523606096000 1492650944.346207857131958 9.150376166666678
3.093500612167000 2081836291.933007478713989 9.155912444444455
3.147501869736000 2257904627.867912292480469 9.160399351851863
1.740214027202000 2293694303.598856925964355 9.164884314814826
3.053028242088000 1578003477.506435871124268 9.170092388888900
3.040444754052000 2001704543.154912471771240 9.175582944444455
2.998127863897000 2179478686.893387794494629 9.179975129629641
1.740214027202000 2149132734.827125549316406 9.184467796296307
3.099286245756000 1550693741.361437320709229 9.189612685185196
1.719443066880000 2042239585.742295742034912 9.195137962962974
3.131099470772000 1570674381.262310504913330 9.200327740740752
3.024070423864000 2082101193.518323659896851 9.205871574074086
3.030842591166000 1968029180.933171510696411 9.210425537037048
3.053978794152000 2208460794.657900333404541 9.224835185185196
3.107963267786000 2167802362.204724311828613 9.230808888888900
1.728008960418000 2193593543.369141578674316 9.239785018518530
1.713950232810000 1658541966.363193273544312 9.249550555555567
2.976858117532000 1430966558.377920866012573 9.267312851851864
3.047213819965000 1936317505.790564537048340 9.272781518518531
1.712726492400000 2183057677.723556041717529 9.277274555555568
3.131099470772000 1558131049.360852718353271 9.282450722222235
3.090615098773000 2078687523.454672098159790 9.287977537037049
3.094462808058000 2258816423.545917987823486 9.292465222222235
3.154235673758000 2248302231.695085525512695 9.296896333333347
3.006770238420000 2292580258.256766796112061 9.301370777777791
3.000927027763000 2169680101.313136100769043 9.305889222222236
2.985498097029000 2137978423.838904857635498 9.310328277777792
3.000927027763000 2138544713.673025846481323 9.314741129629644
3.000927027763000 2138646074.807342767715454 9.319174740740754
3.007706388180000 2138503853.097522497177124 9.323606000000014
3.007706388180000 2138121030.542176961898804 9.328031574074089
2.999994320518000 2125910467.746764659881592 9.332484759259273
3.053978794152000 2138784908.121122837066650 9.336914907407422
3.008641493130000 2183381859.652167797088623 9.341396629629644
2.999994320518000 2148929725.757038116455078 9.345881703703718
2.991350903864000 2136728788.740879774093628 9.350308074074087
3.039499354598000 2138634327.797399759292603 9.354743740740753
3.053978794152000 2183477729.444542407989502 9.359243537037049
3.084827064800000 2179899173.553719043731689 9.363680203703716
3.100251200124000 2024265320.503574848175049 9.368174000000012
2.991350903864000 2237743225.639979839324951 9.372623648148160
2.991350903864000 2134637410.529417514801025 9.386951759259270
3.108929542901000 2126703710.554780244827271 9.392858333333345
2.999994320518000 1906563508.442776918411255 9.403518333333345
1.712114849910000 2163935665.923609256744385 9.412423814814826
2.999994320518000 1457929622.685558557510376 9.427812296296308
2.999994320518000 1777891191.802983999252319 9.433993407407419
3.101215077534000 2131090745.124562978744507 9.438428907407419
2.993212562396000 2225758701.439558506011963 9.442936462962974
3.039499354598000 2159023349.621224403381348 9.447453944444456
2.990420594324000 2183596244.170141220092773 9.451948685185197
1.720671606272000 2145077018.295249223709106 9.456436796296309
3.108929542901000 1551269990.937729120254517 9.461586351851864
3.108929542901000 2041569559.187119483947754 9.467114018518531
2.993212562396000 2248544155.795330524444580 9.471547185185198
3.116644008268000 2156304016.543778419494629 9.476060462962975
3.107963267786000 2228311792.182250022888184 9.480580092592605
3.006770238420000 2248182273.222129344940186 9.485019703703717
1.720671606272000 2159190374.867527008056641 9.489527962962976
2.999994320518000 1558823021.085378646850586 9.494671074074088
2.998127863897000 1948767902.997168064117432 9.500144759259273
1.720671606272000 2138614962.251201152801514 9.504569722222236
1.718829025792000 1558949438.364055395126343 9.509713425925939
2.993212562396000 1492948346.342641115188599 9.514316018518532
2.993212562396000 1962613505.059047698974609 9.519768296296309
2.985498097029000 2137939304.670027017593384 9.524206370370383
1.726159641360000 2138917798.924424886703491 9.528627777777791
3.046266726490000 1408921802.677906751632690 9.533776907407420
1.726776081046000 1996867496.651751995086670 9.539293888888901
3.009577294620000 2007677639.251085758209229 9.557174592592604
1.720057107968000 2076966145.113209247589111 9.563268685185196
2.992282252856000 1673063035.941867828369141 9.573861407407419
3.386650296113000 2071230312.336533784866333 9.583738574074086
1.726159641360000 1700650553.431787252426147 9.596803518518531
3.123387403110000 1555394447.418628215789795 9.601957611111123
3.047213819965000 2033340676.183017730712891 9.607467296296308
3.048161618910000 2175450416.075865268707275 9.611946981481493
2.999060571142000 2192311049.793051719665527 9.616376425925937
3.007706388180000 2149106373.686140537261963 9.620870888888900
2.992282252856000 2138526930.173593282699585 9.625296944444456
1.719443066880000 2138074276.379173040390015 9.629717870370381
3.106029637919000 1558255736.383622646331787 9.634864518518530
3.000927027763000 2040421271.592656135559082 9.640393018518530
3.062642750699000 2159459367.746441364288330 9.644900703703716
3.061690861814000 2182736712.929869651794434 9.649382574074085
3.035719164150000 2193767706.471069812774658 9.653815981481493
3.000927027763000 2193520062.778359889984131 9.658252518518530
3.101215077534000 2148846823.522599697113037 9.662730166666678
2.999060571142000 2227829022.617422580718994 9.667247333333345
1.718829025792000 2159285494.491968631744385 9.671760944444456
1.733495054124000 1558086532.022896528244019 9.676904833333344
2.992282252856000 1493196424.690722227096558 9.681506351851862
3.007706388180000 1963264248.283706188201904 9.686976796296307
3.008641493130000 2138404254.694958448410034 9.691395444444455
3.059786020481000 2138715208.274156570434570 9.695828703703715
3.013542403043000 1974990341.756395339965820 9.700336462962973
2.999994320518000 2171369225.915073394775391 9.714657314814826
1.712726492400000 2122968040.695497989654541 9.720543851851863
1.719443066880000 1633681984.161398649215698 9.730280962962974
3.407672936876000 1657159687.097051620483398 9.741052259259270
3.494652811251000 2013221343.037586927413940 9.751209444444456
3.001860429762000 2118730404.601183652877808 9.755659185185197
3.061690861814000 2146262580.145374059677124 9.760153333333344
2.999994320518000 2177323564.134105205535889 9.764639592592603
3.001860429762000 2140820053.796438455581665 9.769135277777789
2.984570185194000 2137969969.316293239593506 9.773559148148159
1.718829025792000 2138429295.694587945938110 9.777989833333343
2.999994320518000 1558581554.911042690277100 9.783123388888900
1.713338134890000 1962396188.684480428695679 9.788596370370382
2.985498097029000 1558784486.955267429351807 9.793731833333345
2.993212562396000 1939263852.269603967666626 9.799189222222234
3.091576578478000 2137509207.856028795242310 9.803605740740752
2.993212562396000 2226980538.799125671386719 9.808112333333344
3.000927027763000 2158933956.923077106475830 9.812626222222233
1.726159641360000 2138598905.669368505477905 9.817056462962974
2.993212562396000 1559123333.261296987533569 9.822197907407418
1.719443066880000 1962921675.897693395614624 9.827657888888899
3.025011024336000 1558411529.626935958862305 9.832801481481491
3.100251200124000 2001907376.404380798339844 9.838310037037047
2.992282252856000 2238348181.507287025451660 9.842804500000010
3.006770238420000 2157610954.745004653930664 9.847318018518529
3.267882298952000 2138542008.235348224639893 9.851738888888899
3.101215077534000 2176732700.603969097137451 9.856246111111123
3.138811538434000 2137581091.059838533401489 9.870540740740752
2.999994320518000 2288165814.727891445159912 9.876569111111122
2.976858117532000 2126376626.264872550964355 9.885562111111122
3.005835133470000 1728230642.946381807327271 9.896323333333344
1.913540126370000 2092209814.001308679580688 9.905239166666677
2.999060571142000 1558245760.976923942565918 9.910395185185195
1.726159641360000 1908620032.055635690689087 9.915848666666676
1.719443066880000 1549850726.737393140792847 9.920999796296305
1.733495054124000 1492732927.039937019348145 9.925609370370379
3.085786146800000 1492797859.834455013275146 9.930209222222231
2.984570185194000 2031267609.417659282684326 9.935723685185195
2.984570185194000 2158273592.107099056243896 9.940235944444455
2.975006055178000 2138643138.336551427841187 9.944667166666676
3.038554658828000 2138748301.084627628326416 9.949092648148158
2.992282252856000 2183498749.510722637176514 9.953587185185194
3.007706388180000 2132005429.670093774795532 9.958075555555565
2.999994320518000 2138554690.437005758285522 9.962508925925935
1.720671606272000 2138299101.315392971038818 9.966935148148156
3.008641493130000 1556097273.503380775451660 9.972076055555563
3.038554658828000 1962876473.321642875671387 9.977535814814823
3.023130523504000 2183589331.992897033691406 9.982030388888898
1.734114353196000 2148695084.833837985992432 9.986520648148158
2.993212562396000 1559130189.581812381744385 9.991669407407418
3.054928285332000 1962419279.851985216140747 9.997134333333344
2.993212562396000 2183294345.126198291778564 10.001616537037048
3.052078750908000 2149019176.048497200012207 10.006107092592604
3.300764959336000 2183467698.278312683105469 10.010602037037048
3.100251200124000 2145895184.568816184997559 10.015086462962973
3.014479905698000 2162621035.584495544433594 10.029425833333343
1.712726492400000 2148617918.758950233459473 10.035451796296307
3.000927027763000 1633448198.360936403274536 10.045190870370382
3.438511605988000 2118779492.694504022598267 10.055178277777790
3.070357216066000 2174427491.982331275939941 10.064145740740752
3.047213819965000 2167282120.320432186126709 10.068588814814825
3.092539132462000 2086511815.729404449462891 10.073050851851862
3.101215077534000 2236840871.146069049835205 10.077543018518529
1.720671606272000 2248323253.022629737854004 10.081971037037048
1.720057107968000 1569039036.897303104400635 10.087164129629642
1.713950232810000 1484416247.145993232727051 10.091795370370383
2.986426700046000 1489786959.879025697708130 10.096399962962975
1.713950232810000 1963149977.482892274856567 10.101869055555568
3.093500612167000 1559294865.339241504669189 10.107017796296308
3.137834582146000 2031894142.521587371826172 10.112544444444456
3.100251200124000 2293247606.630657672882080 10.117018611111122
2.992282252856000 2258894822.474211692810059 10.121503092592604
3.146523606096000 2159079207.676761150360107 10.126011166666679
3.000927027763000 2227983816.820177555084229 10.130528888888900
3.006770238420000 2156332279.309580802917480 10.136045666666678
2.999994320518000 2139003464.029318809509277 10.140472111111123
1.740214027202000 2138561447.892539262771606 10.144893351851863
1.727392979734000 1556059467.907377958297729 10.150047703703715
3.001860429762000 1492867240.255297899246216 10.154649444444455
1.713338134890000 1962208702.544508457183838 10.160116555555566
3.040444754052000 1559213195.413543462753296 10.165265370370381
3.041389801664000 2000350997.392833471298218 10.170763037037048
3.047213819965000 2190033751.422975063323975 10.185208518518529
3.045318574810000 2179605737.343681335449219 10.191133314814826
2.999994320518000 2154940939.816316127777100 10.200100000000011
3.352662264255000 2165860564.922087192535400 10.209032074074086
3.030842591166000 2113834863.985844135284424 10.217948629629642
3.069402929476000 2088686451.817510366439819 10.222386425925938
3.024070423864000 2182243388.122573375701904 10.226870500000013
3.084827064800000 2148752938.365391254425049 10.231365629629643
1.720671606272000 2222081960.896831512451172 10.235883592592605
3.046266726490000 1570859774.769796848297119 10.241078277777790
1.713338134890000 2001121559.950214624404907 10.246568481481495
2.982713324751000 1565296226.638150453567505 10.251737759259273
3.006770238420000 1962592855.425806760787964 10.257207333333346
3.107963267786000 2138501477.299872875213623 10.261626055555569
3.107963267786000 2228032961.801736354827881 10.266138574074088
3.038554658828000 2248541001.536200523376465 10.270574722222236
3.156197726922000 2204014253.563390731811523 10.275067425925940
2.993212562396000 2281837036.671681404113770 10.279572870370384
1.726159641360000 2168722157.322463035583496 10.284106611111124
3.040444754052000 1559184713.329924345016479 10.289249314814828
3.004899680250000 2002095244.824419021606445 10.294753259259272
2.991350903864000 2148726250.216300487518311 10.299248037037049
3.053028242088000 2138694555.312900066375732 10.303674370370382
1.726776081046000 2182590138.674884319305420 10.308169296296308
1.726159641360000 1565678251.273709774017334 10.313337925925937
1.732876215840000 1492920833.752894878387451 10.317935611111123
2.991350903864000 1398644559.934517860412598 10.322664074074085
3.093500612167000 2110623302.441869974136353 10.337966555555566
3.000927027763000 2233097804.760670661926270 10.343969444444454
2.983641236586000 2091769484.279340028762817 10.352892592592601
3.068447576644000 1865853337.899415969848633 10.363491407407416
3.486938345884000 1925289819.867150068283081 10.374171796296304
1.727392979734000 2201806494.617992401123047 10.378672388888896
3.046266726490000 1570413478.195778369903564 10.383867611111118
3.115675335448000 1975476293.771304368972778 10.389365462962969
1.727392979734000 2237317333.443715572357178 10.393839259259265
3.004899680250000 1571643347.598194122314453 10.399036351851857
3.138811538434000 1960297744.687493801116943 10.404493425925931
3.046266726490000 2272033579.534337520599365 10.409036537037043
3.062642750699000 2214193784.142920494079590 10.413551870370377
3.068447576644000 2193549868.574460983276367 10.417983333333339
1.733495054124000 2193641303.260652065277100 10.422426888888895
3.106995913034000 1565259243.610217809677124 10.427598629629635
2.990420594324000 2041197684.740119457244873 10.433127166666672
3.146523606096000 2158905147.783251285552979 10.437638277777783
1.726159641360000 2272843601.082921981811523 10.442173333333338
1.720057107968000 1574909208.550797224044800 10.447353703703708
3.054928285332000 1483881529.003795623779297 10.451983685185191
3.016355958497000 2002647719.120990276336670 10.457482296296302
2.999994320518000 2148915569.326104164123535 10.461976888888895
3.037608907532000 2138576122.562534093856812 10.466403351851858
3.047213819965000 2183401920.755447864532471 10.470898111111117
3.314125916390000 2193510654.349757671356201 10.475316407407414
2.993212562396000 2193157740.920217990875244 10.479764629629637
2.987354957472000 2216612015.444015502929688 10.494153518518525
1.705400674028000 2066960115.530884265899658 10.500065037037043
1.719443066880000 1488525241.121495485305786 10.509972444444450
3.431870109590000 1654531086.517556190490723 10.520730055555562
3.000927027763000 1750578011.147911787033081 10.531045888888896
3.039499354598000 2065498554.377641201019287 10.535542222222229
3.061690861814000 2161763307.914414882659912 10.540044555555562
1.718829025792000 2186228449.281642436981201 10.544488851851860
1.720671606272000 1558572983.993561506271362 10.549666166666674
3.008641493130000 1491142698.755106687545776 10.554276111111118
3.146523606096000 1962956987.791087150573730 10.559745703703712
3.155216335103000 2271937144.372157573699951 10.564285796296303
3.039499354598000 2303440295.884725570678711 10.568711944444452
2.992282252856000 2213947514.118037700653076 10.573227444444452
3.100251200124000 2148718034.207431793212891 10.577715314814823
2.993212562396000 2227933038.938866615295410 10.582227611111119
3.061690861814000 2158987623.386172294616699 10.586735814814823
3.108929542901000 2174687574.447389125823975 10.591228796296305
3.093500612167000 2237667481.078319549560547 10.595723444444452
3.023130523504000 2244265263.422186851501465 10.600148814814823
3.023130523504000 2159469346.435890674591064 10.604648925925934
2.999994320518000 2138857610.269198417663574 10.609074962962971
3.107963267786000 2138531679.183088541030884 10.613496314814823
3.107963267786000 2228293843.880817890167236 10.618008537037046
3.000927027763000 2248677848.510780334472656 10.622444740740749
3.001860429762000 2159301282.419920444488525 10.626953000000007
3.101215077534000 2138250184.498767852783203 10.631394462962970
3.008641493130000 2225624682.261926651000977 10.635918629629636
3.009577294620000 2215580539.188646316528320 10.650253611111117
1.727392979734000 2130627126.243607759475708 10.656159740740746
3.007706388180000 1880046258.877749443054199 10.665851574074079
3.091576578478000 2071398365.667783021926880 10.675736685185189
3.484769609656000 1737168957.363733768463135 10.686607277777782
3.000927027763000 2141618694.086640119552612 10.691097111111114
3.000927027763000 2156054772.287615776062012 10.695615481481484
2.991350903864000 2119709775.567350625991821 10.700046407407410
3.102179672916000 2132066505.572788953781128 10.704476000000001
2.993212562396000 2227581314.623338222503662 10.708989333333335
1.726159641360000 2159413204.617067813873291 10.713508796296297
1.726159641360000 1558744814.271872997283936 10.718650222222223
2.999994320518000 1492846403.324398040771484 10.723258129629631
3.031784889231000 1962198046.843232393264771 10.728723166666668
2.983641236586000 2183325906.695118427276611 10.733209851851854
2.999994320518000 2149000808.354092121124268 10.737700000000002
3.007706388180000 2138598658.435732603073120 10.742133740740742
2.983641236586000 2133149509.670560598373413 10.746558203703705
3.008641493130000 2138050934.227063417434692 10.750978574074075
2.993212562396000 2138590769.050204038619995 10.755396481481483
3.114705580312000 2138430672.848014116287231 10.759830370370372
3.107963267786000 2227627119.894727706909180 10.764347759259261
3.007706388180000 2248818194.735830307006836 10.768778833333334
3.009577294620000 2158005861.016046047210693 10.773297074074074
1.720671606272000 2138537843.849353313446045 10.777718018518518
1.726776081046000 1558952215.521054744720459 10.782867296296295
3.063595348626000 1492886457.040242195129395 10.787476907407406
1.719443066880000 1994228079.963433027267456 10.792986833333332
3.092539132462000 1939298356.040916919708252 10.807985629629629
2.999060571142000 2101252045.738788843154907 10.814204518518517
2.975006055178000 1736490655.830191612243652 10.823099944444444
3.091576578478000 1695010344.560455083847046 10.833857074074073
3.360369533828000 1767786768.821538686752319 10.844675796296295
2.993212562396000 2116106763.913904190063477 10.850906574074074
1.726159641360000 2137203837.432993888854980 10.855325037037037
2.991350903864000 1519314476.900930166244507 10.860483574074074
3.054928285332000 1962714207.250091791152954 10.865945574074074
3.106995913034000 2182872025.160763263702393 10.870432277777777
3.108929542901000 2238273575.027002811431885 10.874924240740739
3.092539132462000 2242179328.011787414550781 10.879348370370369
3.102179672916000 2233531204.850469112396240 10.883783222222220
1.719443066880000 2246405359.980315208435059 10.888223537037035
3.037608907532000 1571872766.353341102600098 10.893418703703702
3.095424645856000 1959736019.593370437622070 10.898938333333332
2.999994320518000 2235951451.109041213989258 10.903431703703703
3.008641493130000 2158765862.766710281372070 10.907934444444443
3.100251200124000 2137693700.767669439315796 10.912368259259258
3.054928285332000 2220681314.623338222503662 10.916881592592592
3.008641493130000 2203490431.993138790130615 10.921372833333333
1.726776081046000 2148896107.752327919006348 10.925863240740741
3.007706388180000 1558632816.694834947586060 10.931002111111111
1.726159641360000 1962167631.451183080673218 10.936456537037037
1.740214027202000 1558851548.062895059585571 10.941597370370371
1.704148557650000 1493076622.247972249984741 10.946200037037038
3.146523606096000 1492652613.122717857360840 10.950805000000001
3.005835133470000 2079723743.271994829177856 10.956358074074075
3.053978794152000 2020607686.994677543640137 10.960916037037038
3.022189572976000 2146013596.477628707885742 10.975249814814815
3.115675335448000 2113935681.289722681045532 10.981222962962963
3.101215077534000 2244420063.463093757629395 10.990152037037037
3.437442229558000 2275471688.999077320098877 10.999122833333333
2.984570185194000 2186353201.566219329833984 11.008217629629629
3.100251200124000 2111215322.146022081375122 11.012718981481481
3.107963267786000 2226881760.124035358428955 11.017233814814814
3.106995913034000 2238014216.055731773376465 11.021681055555554
1.726159641360000 2248314540.950379371643066 11.026121388888887
2.999060571142000 1571473703.015578269958496 11.031304351851849
3.109896537774000 1962477846.440362215042114 11.036773333333331
1.726159641360000 2227260885.077693462371826 11.041288944444442
2.999060571142000 1566684273.426825284957886 11.046479851851849
3.008641493130000 1955284010.176326751708984 11.051953703703701
2.999060571142000 2136792155.748425722122192 11.056385351851850
2.999994320518000 2138776843.093061447143555 11.060805759259257
3.008641493130000 2127600767.096730947494507 11.065238055555552
1.720671606272000 2138301845.283902406692505 11.069665759259255
1.720057107968000 1559004222.353296756744385 11.074814722222218
2.991350903864000 1492920459.163350582122803 11.079417296296292
2.999994320518000 1962388476.044281959533691 11.084882240740736
3.008641493130000 2138752993.337007284164429 11.089318018518513
1.726776081046000 2138702245.731099128723145 11.093736277777772
3.100251200124000 1559177069.953695297241211 11.098883333333328
3.107963267786000 2041330683.144800901412964 11.104403555555550
3.114705580312000 2243559360.587918758392334 11.108848611111105
1.733495054124000 2126794356.193708181381226 11.113312370370364
3.109896537774000 2048921284.878675222396851 11.128420296296291
1.732257377556000 2163937253.867686271667480 11.134599222222217
3.053028242088000 1598743355.393599987030029 11.143500203703699
3.046266726490000 2139390001.175191164016724 11.153427666666662
3.486938345884000 2157318460.641206264495850 11.162381851851848
3.014479905698000 2228758593.665873050689697 11.168572888888885
1.720057107968000 2166844578.333113670349121 11.173066518518516
3.044371481335000 1564415310.140710830688477 11.178234722222220
3.117613402632000 2001947065.824776887893677 11.183742611111109
3.154235673758000 2220171472.866945266723633 11.188257740740738
2.999060571142000 2293276070.333871841430664 11.192752703703702
3.008641493130000 2169263733.842537879943848 11.197291370370369
1.726776081046000 2138134375.026196002960205 11.201709629629628
2.993212562396000 1558845006.807425498962402 11.206851074074072
3.007706388180000 1961886872.443287611007690 11.212328666666664
2.999994320518000 2138565424.425452947616577 11.216762111111109
3.060737909366000 2138686904.026319026947021 11.221197740740738
3.115675335448000 2182151003.176588535308838 11.225698259259257
2.999994320518000 2238329567.530779838562012 11.230187981481480
2.999994320518000 2159248018.994647502899170 11.234696074074073
3.017294159478000 2127826689.427487611770630 11.239132981481481
3.061690861814000 2125927955.590323209762573 11.243559777777778
1.740214027202000 2182431346.127614974975586 11.248039981481481
3.100251200124000 1565400365.604501962661743 11.253206462962963
3.054928285332000 2029183003.919325828552246 11.258711000000000
3.092539132462000 2203619020.877378463745117 11.263195740740741
3.345995598652000 2238210575.816451549530029 11.267685018518518
3.114705580312000 2197975504.786089420318604 11.272177203703704
1.719443066880000 2203967711.163373947143555 11.286484407407407
1.720057107968000 1611551652.926071166992188 11.293335333333333
3.001860429762000 1486681963.132923841476440 11.299763833333333
1.728008960418000 2098203696.704548358917236 11.306917351851851
2.976858117532000 1755528699.914771080017090 11.313913759259259
2.991350903864000 1792157898.866763114929199 11.321229740740741
3.047213819965000 1815961184.540739536285400 11.329088388888888
2.999994320518000 2146326300.950853109359741 11.335275814814814
3.353705265930000 2147680182.955828666687012 11.339753722222222
2.993212562396000 2136007882.053685188293457 11.344180092592591
2.990420594324000 2031490281.499939203262329 11.348609407407405
3.055878483768000 2131486407.928708314895630 11.353056444444443
3.070357216066000 2177530308.338450908660889 11.357549462962961
1.726776081046000 2193168531.722660064697266 11.361982851851851
3.061690861814000 1564790629.029947042465210 11.367152481481479
2.999994320518000 2000670830.519918918609619 11.372637666666664
3.147501869736000 2148556738.833303451538086 11.377122314814812
3.047213819965000 2273003630.275435447692871 11.381657222222220
3.047213819965000 2213917712.342327117919922 11.386165796296295
3.047213819965000 2193657144.048537254333496 11.390606814814813
3.069402929476000 2191425266.524965763092041 11.395041462962961
2.992282252856000 2193233939.100772857666016 11.399482314814813
1.726159641360000 2148433444.534359455108643 11.403967574074073
1.726776081046000 1558604273.577989578247070 11.409120685185185
1.719443066880000 1492982242.381837129592896 11.413725907407407
1.712726492400000 1492933022.170361757278442 11.418328314814815
1.719443066880000 1492850574.805242776870728 11.422925685185186
3.100251200124000 1492818733.947240591049194 11.427532888888889
3.100251200124000 2041390583.127880811691284 11.433061185185185
3.115675335448000 2248484283.495682239532471 11.437485055555555
2.989489938300000 2248606881.924155235290527 11.441902962962963
1.707837649596000 2157745434.038997173309326 11.446401833333335
3.046266726490000 1947746694.708363056182861 11.462172000000001
3.006770238420000 2124856642.001622676849365 11.468288518518520
3.000927027763000 2136652489.433531045913696 11.478041592592595
3.492479276934000 2159101467.972078323364258 11.487056296296299
1.915591436670000 1758474842.483558893203735 11.497934055555557
2.999994320518000 1533206867.075081825256348 11.503133314814816
2.999060571142000 1959903290.281342744827271 11.508609037037038
3.060737909366000 2120887535.566315650939941 11.513060814814816
3.000927027763000 2180848866.217373371124268 11.517536981481483
3.005835133470000 2148637418.608016490936279 11.522016333333335
2.991350903864000 2138384852.671695232391357 11.526452759259261
3.015418455842000 2137973218.276062250137329 11.530886407407408
3.053978794152000 2138374481.834462642669678 11.535322462962963
3.108929542901000 2172989438.422193050384521 11.539844444444444
3.139787404369000 2237298291.916501045227051 11.544335074074073
1.720057107968000 2292978299.337966918945312 11.548824611111110
3.007706388180000 1570673910.808424949645996 11.554048074074073
3.008641493130000 1962712702.974419116973877 11.559518796296295
3.015418455842000 2138894884.188060998916626 11.563944074074072
3.107963267786000 2137976712.826314687728882 11.568379833333331
2.999060571142000 2228293679.761988162994385 11.572880074074073
1.746933000280000 2159515704.020804405212402 11.577387648148147
2.993212562396000 1558697496.445348262786865 11.582532185185183
3.000927027763000 1961884640.451879024505615 11.587987592592590
3.101215077534000 2138663431.179598569869995 11.592409999999997
2.991350903864000 2228222702.818051815032959 11.596922574074071
3.349119348372000 2159357642.789250850677490 11.601423185185181
3.046266726490000 2105701265.822784900665283 11.605965685185181
3.028956942189000 2224560701.850596904754639 11.620283388888884
3.055878483768000 2129599229.598335027694702 11.626244685185181
1.727392979734000 2186674843.588804721832275 11.635148092592589
1.901469381074000 1821987306.967333555221558 11.644785925925921
3.000927027763000 1820159929.777751445770264 11.655418833333329
1.718829025792000 1920922532.013441085815430 11.660924333333329
2.994143564904000 1516349537.003804445266724 11.666083962962958
3.008641493130000 1943908172.890008449554443 11.671561648148144
3.061690861814000 2137501920.228921413421631 11.675988203703699
2.992282252856000 2183451279.811448097229004 11.680482499999997
3.099286245756000 2148986167.373538494110107 11.684957962962960
3.109896537774000 2227486489.590340137481689 11.689472999999996
3.000927027763000 2248172079.059294223785400 11.693914111111107
1.726159641360000 2158830986.378349781036377 11.698422185185182
2.991350903864000 1558929369.474400043487549 11.703568685185182
3.015418455842000 1961509046.999561786651611 11.709020666666664
1.732876215840000 2138442582.552981853485107 11.713454407407404
1.720057107968000 1559185205.166107416152954 11.718603351851849
3.138811538434000 1488352554.947154998779297 11.723206259259257
3.008641493130000 2080798619.263607025146484 11.728758851851850
3.106995913034000 2169562403.243641853332520 11.733280518518518
1.720057107968000 2228034262.242664337158203 11.737797962962961
3.144565985784000 1571828818.542516946792603 11.742988037037035
3.046266726490000 2081182458.433650493621826 11.748541407407405
3.099286245756000 2214454170.235962867736816 11.753059537037034
3.100251200124000 2238327947.544228553771973 11.757550092592590
3.076157243922000 2247447989.725542068481445 11.761991166666665
1.720057107968000 2114817995.842680454254150 11.766490148148145
1.699900188734000 1489926330.709699630737305 11.781658537037034
3.006770238420000 1479832703.282835483551025 11.788232574074071
3.100251200124000 2141565448.394431829452515 11.798249796296293
1.902826987542000 2225850680.503819465637207 11.807193333333331
3.009577294620000 1820810673.913914680480957 11.816896462962960
2.994143564904000 1875185385.400266170501709 11.822377537037035
3.100251200124000 2108268587.275202751159668 11.826811574074071
2.985498097029000 2226474507.339076519012451 11.831319407407404
2.992282252856000 2158982022.610229969024658 11.835832277777774
3.038554658828000 2137013114.014192104339600 11.840263499999995
3.038554658828000 2183489056.628650665283203 11.844758018518514
2.992282252856000 2193390946.329870223999023 11.849183888888884
3.014479905698000 2149113350.978829383850098 11.853668648148144
3.062642750699000 2138305331.206307888031006 11.858103055555551
2.992282252856000 2138513221.576541185379028 11.862526240740737
2.986426700046000 2138275893.283713579177856 11.866945018518514
3.101215077534000 2138154648.944474697113037 11.871381111111107
3.045318574810000 2222835921.176615238189697 11.875901296296293
2.999060571142000 2203328339.390343666076660 11.880395629629627
1.720057107968000 2148964404.123711109161377 11.884886370370367
3.084827064800000 1558891031.059475183486938 11.890034796296293
3.147501869736000 2033722373.369608640670776 11.895589018518516
2.992282252856000 2195692674.166271686553955 11.900043574074072
1.726776081046000 2158305553.156576633453369 11.904546518518517
3.093500612167000 1558871000.162100791931152 11.909687351851851
3.091576578478000 2037116469.039091110229492 11.915214333333331
3.383138565576000 2247501545.886434078216553 11.919634666666665
2.999994320518000 2156245780.041564464569092 11.924081129629629
3.092539132462000 1651650537.622000694274902 11.940129166666665
3.053978794152000 2215451278.507256507873535 11.946158333333331
3.040444754052000 2160120755.611859798431396 11.955060611111110
3.431870109590000 1926734091.704037189483643 11.965702333333333
1.740214027202000 2188675540.170982360839844 11.974722111111111
3.047213819965000 1564236182.845697164535522 11.979899518518518
3.131099470772000 1969700754.753870487213135 11.985393092592593
2.992282252856000 2272947060.198570251464844 11.989908703703705
2.993212562396000 2169440825.505802631378174 11.994429388888889
3.122415247590000 2137910384.818133831024170 11.998855722222222
3.147501869736000 2272559381.284340858459473 12.003395592592593
3.036664211762000 2285482878.155204296112061 12.007834907407409
3.106995913034000 2213357415.026944160461426 12.012340148148150
3.100251200124000 2238248613.933625698089600 12.016832611111113
3.000927027763000 2236052754.364840507507324 12.021261944444445
1.741456500966000 2159003861.573652744293213 12.025779388888889
1.725543201674000 1559317106.682972431182861 12.030927907407408
1.712726492400000 1492546051.123683691024780 12.035533296296297
1.706009917920000 1492366933.440579175949097 12.040137925925926
3.000927027763000 1493403310.115045309066772 12.044739981481481
3.092539132462000 1957804663.785781145095825 12.050212407407408
2.994143564904000 2226201676.334676742553711 12.054732851851853
3.100251200124000 2159076200.803410530090332 12.059241407407407
3.006770238420000 2228004115.850533962249756 12.063758722222222
3.084827064800000 2157692370.149841308593750 12.068274611111111
2.986426700046000 2225952466.000328063964844 12.072795351851852
3.008641493130000 2137263888.832190990447998 12.077331703703704
3.000927027763000 2019109491.064897298812866 12.081761796296297
1.794606714354000 2109101930.186667680740356 12.096458129629630
3.070357216066000 1474967277.558374404907227 12.102563351851853
3.098322368346000 2101924957.788756132125854 12.110558851851852
3.047213819965000 2276050108.605017662048340 12.119553388888889
3.378935830746000 2202099270.448496818542480 12.128480740740741
3.009577294620000 2115937319.526186466217041 12.134695092592594
3.153253916702000 2118001509.962692975997925 12.140140407407408
3.138811538434000 2170367213.034583568572998 12.144684444444446
3.006770238420000 2294784218.490064620971680 12.149114851851852
3.008641493130000 2168967552.056508064270020 12.153645185185185
1.727392979734000 2138202554.143077135086060 12.158083870370371
1.719443066880000 1558648578.820667743682861 12.163230222222223
1.712114849910000 1493069115.200038671493530 12.167837666666667
1.733495054124000 1481357165.230381250381470 12.172449185185187
3.117613402632000 1492583542.210653066635132 12.177051981481483
1.727392979734000 2042093525.179856300354004 12.182570796296298
3.100251200124000 1571708475.688475847244263 12.187763425925928
3.100251200124000 2041052021.108462095260620 12.193293944444447
3.029899240254000 2234549914.289647102355957 12.197733962962966
3.038554658828000 2203547863.135167121887207 12.202228259259263
1.734114353196000 2193680789.582316875457764 12.206669425925929
2.999994320518000 1565359286.950229167938232 12.211838666666671
3.038554658828000 1962530592.899292230606079 12.217308648148151
1.726159641360000 2183509501.897083759307861 12.221803851851854
2.993212562396000 1565871243.989846706390381 12.226976425925928
3.037608907532000 1962246697.682005405426025 12.232425740740743
3.094462808058000 2183495818.931876659393311 12.236910240740743
1.753651973358000 2237749160.900866985321045 12.241401388888891
3.038554658828000 1569815026.059943199157715 12.246599518518520
3.093500612167000 2166728463.038189888000488 12.261939425925927
2.977783631662000 2160104351.716360092163086 12.267900037037039
2.993212562396000 1726704611.860244989395142 12.278699888888891
3.417508157581000 2133387947.308805704116821 12.287528407407409
3.039499354598000 1975973320.775857448577881 12.296651888888890
2.992282252856000 2096446474.100370883941650 12.301816055555557
3.053978794152000 2146890508.537567377090454 12.306300592592594
2.976858117532000 2176627212.302772998809814 12.310794611111113
1.720057107968000 2142578708.545734405517578 12.315291981481483
1.726776081046000 1552160206.161111831665039 12.320444370370371
3.109896537774000 1492047767.326632976531982 12.325041500000001
2.999994320518000 2040857496.030390262603760 12.330569611111112
3.101215077534000 2158902634.264705181121826 12.335087703703705
1.720671606272000 2228233187.937622070312500 12.339604962962964
2.993212562396000 1570817575.281861066818237 12.344795333333334
2.999994320518000 1963002483.929013252258301 12.350260092592594
3.007706388180000 2126602963.259585618972778 12.354699648148149
2.990420594324000 2138469172.982790231704712 12.359114666666667
2.991350903864000 2138583711.804975748062134 12.363550962962963
2.990420594324000 2138808426.579878807067871 12.367966444444445
3.089653260975000 2137467934.206019639968872 12.372400037037037
3.005835133470000 2228183973.969203472137451 12.376907518518518
2.994143564904000 2159075127.715886116027832 12.381420574074074
3.007706388180000 2138528269.150982618331909 12.385839407407408
2.999994320518000 2138423219.019390821456909 12.390275425925926
3.046266726490000 2138479162.398237228393555 12.394704296296297
3.299737594984000 2183046834.502682685852051 12.399191333333334
3.094462808058000 1970702212.081721782684326 12.403639129629630
3.101215077534000 2162294874.715701580047607 12.418026407407407
2.999060571142000 2169328256.107203006744385 12.423952166666666
2.993212562396000 1725980435.635020017623901 12.434767370370370
1.900790577840000 2133307550.567444324493408 12.443611444444445
1.740214027202000 1491145548.694600105285645 12.453682148148149
3.101215077534000 1240934079.058031797409058 12.460287703703704
2.991350903864000 2018828263.082054615020752 12.465800981481483
3.100251200124000 2149574617.787275791168213 12.470306907407409
3.099286245756000 2226513632.250641822814941 12.474829814814816
1.727392979734000 2248465469.947223186492920 12.479272000000002
2.976858117532000 1570065265.687907218933105 12.484465018518520
3.000927027763000 1962993804.120885610580444 12.489937592592595
1.719443066880000 2138380794.979079484939575 12.494363518518520
3.077114997138000 1558390774.705721378326416 12.499504777777780
3.139787404369000 2040834808.822790622711182 12.505033388888892
2.991350903864000 2293342711.281969070434570 12.509527777777780
3.083866911200000 2162975507.502206325531006 12.514059777777780
2.997194809275000 2182881753.043363094329834 12.518541296296299
1.719443066880000 2148294498.167710304260254 12.523018592592594
2.984570185194000 1558515447.675024986267090 12.528166796296297
3.054928285332000 1963156973.988869667053223 12.533637388888890
1.713950232810000 2183017486.388272762298584 12.538137185185185
3.048161618910000 1565846515.578908920288086 12.543303833333333
3.085786146800000 2002162213.142639636993408 12.548801629629629
3.084827064800000 2228359681.785308361053467 12.553282648148148
3.416445974266000 2247646831.539813041687012 12.557720777777778
1.719443066880000 2056714523.589269161224365 12.562224944444445
1.718829025792000 1930307464.271492481231689 12.577292277777778
1.720671606272000 1481848901.354193925857544 12.583868555555556
2.991350903864000 1656860000.034435510635376 12.594623981481481
3.362461500632000 1886995595.731149673461914 12.606329796296297
1.726159641360000 1924929570.812377214431763 12.618484111111112
2.993212562396000 1548610366.793493986129761 12.623638388888891
3.030842591166000 1955693416.876991748809814 12.629111981481483
3.099286245756000 2179060235.607913017272949 12.633610981481482
2.999994320518000 2237128140.682812690734863 12.638105462962963
3.047213819965000 2148379425.921314239501953 12.642641555555556
3.029899240254000 2178495555.555555820465088 12.647141555555557
1.733495054124000 2192978233.675256252288818 12.651582666666668
1.720057107968000 1564995548.520411252975464 12.656753648148149
3.053978794152000 1492867676.917943000793457 12.661359518518520
3.053028242088000 2002057641.792149066925049 12.666865425925927
3.062642750699000 2193294150.571409225463867 12.671298907407408
3.000927027763000 2193080639.384272098541260 12.675745314814815
1.727392979734000 2147640774.289614200592041 12.680222537037038
3.102179672916000 1558602316.296517610549927 12.685366444444446
2.986426700046000 2041588692.669547796249390 12.690889574074076
3.133047132348000 2157100440.517783164978027 12.695400259259261
3.141740226592000 2272473405.361753463745117 12.699940648148150
2.999994320518000 2302893560.324448108673096 12.704374388888890
3.054928285332000 2169864619.029142379760742 12.708908370370372
3.046266726490000 2183386368.131324768066406 12.713402740740742
3.215932215054000 1998173511.914230108261108 12.718059481481482
3.463794949783000 2212995599.822347640991211 12.722562666666668
2.994143564904000 2243992639.405204296112061 12.727046000000001
3.054928285332000 2256307205.569522380828857 12.741409888888890
2.992282252856000 2168742919.248311519622803 12.747390500000002
3.069402929476000 1876461385.165855646133423 12.758021129629631
3.371221365379000 2130644429.960394859313965 12.766942537037039
3.053978794152000 1743058574.214449644088745 12.781072759259262
3.005835133470000 2178756278.874595165252686 12.785574185185187
3.006770238420000 2117095960.427331924438477 12.790074111111112
3.007706388180000 2134194875.951567411422729 12.794506370370371
2.993212562396000 2137669277.995968103408813 12.798943351851852
2.992282252856000 2138525574.034065246582031 12.803366240740742
3.101215077534000 2132411647.954003095626831 12.807798111111111
3.001860429762000 2226893377.068514347076416 12.812320277777777
3.016355958497000 2156950235.304254055023193 12.816833740740741
3.006770238420000 2138303744.926565885543823 12.821259481481482
3.007706388180000 2138781766.686439514160156 12.825692555555555
3.038554658828000 2138328963.688375473022461 12.830126907407408
2.998127863897000 2138263380.117154121398926 12.834565500000000
3.114705580312000 2138153925.192656993865967 12.838999111111111
2.999060571142000 2220667386.050786495208740 12.843512574074074
1.732876215840000 2158976424.937911510467529 12.847993925925927
3.059786020481000 1558809151.235179185867310 12.853137129629630
3.101215077534000 2002415878.494529485702515 12.858631166666667
3.053978794152000 2238355636.174318313598633 12.863112962962964
3.047213819965000 2203922844.992926597595215 12.867602722222223
3.048161618910000 2192927103.879369735717773 12.872043592592593
3.000927027763000 2193704921.864565372467041 12.876480333333333
3.107963267786000 2149348396.537612915039062 12.880960222222223
1.726776081046000 2010774828.335933446884155 12.885482944444446
3.147501869736000 1916496213.895819425582886 12.900780111111112
1.726159641360000 2220875462.421752929687500 12.906942314814817
3.077114997138000 1676500257.795279264450073 12.917645611111114
2.999994320518000 1761212415.299281835556030 12.927888648148151
1.733495054124000 1909551011.489697694778442 12.941533722222225
3.054928285332000 1533752290.874593019485474 12.946687018518521
3.117613402632000 1992627205.173103332519531 12.952197000000002
3.098322368346000 2237749739.544575214385986 12.956676333333336
3.107963267786000 2248478753.682945251464844 12.961113703703706
3.000927027763000 2247117177.814233779907227 12.965549981481484
3.014479905698000 2159005332.469863891601562 12.970068074074076
1.725543201674000 2138613266.394728660583496 12.974494462962966
3.007706388180000 1558764836.763202190399170 12.979638092592594
3.064547592032000 1961794273.537519931793213 12.985113000000002
3.106995913034000 2182917488.353717803955078 12.989612925925927
1.726776081046000 2238261902.503206729888916 12.994102722222223
1.720057107968000 1565973031.976370811462402 12.999294055555557
3.000927027763000 1484451822.140820503234863 13.003924851851854
3.016355958497000 1962013514.156231641769409 13.009375925925928
2.986426700046000 2138090243.393311977386475 13.013811666666669
2.999060571142000 2138518954.455842494964600 13.018245296296298
1.720057107968000 2138427279.467513322830200 13.022666203703706
3.053978794152000 1558522329.223292350769043 13.027810185185187
1.741456500966000 1990194489.781495809555054 13.033313092592595
3.078071681433000 1564986501.872551918029785 13.038485277777779
3.048161618910000 1823265125.757927417755127 13.043991888888890
3.054928285332000 2144292325.318552970886230 13.058345000000001
1.727392979734000 2173791360.839553833007812 13.064274074074076
2.999994320518000 1823130628.355213403701782 13.073915648148150
3.361414933208000 2108466822.240259647369385 13.083771648148149
3.145544249424000 2005286622.002339124679565 13.092987166666667
2.998127863897000 1993510876.887110233306885 13.099062740740742
3.054928285332000 2148916153.169013977050781 13.103606740740741
3.078071681433000 2172292474.626619338989258 13.108095259259260
3.116644008268000 2192545877.235742092132568 13.112540092592592
3.016355958497000 2237331374.165361404418945 13.117033055555556
3.015418455842000 2158982273.725318908691406 13.121528370370370
3.037608907532000 2138360642.156924247741699 13.125954425925926
1.734114353196000 2182885115.279824256896973 13.130453944444444
1.725543201674000 1565399508.075227975845337 13.135626370370369
3.013542403043000 1493534593.893467426300049 13.141237240740740
3.047213819965000 1962760794.549337387084961 13.146700388888888
2.985498097029000 2183059797.136777400970459 13.151182518518517
3.008641493130000 2148916934.225839138031006 13.155669814814814
3.032727889194000 2127376405.012363195419312 13.160088518518519
3.016355958497000 2138521947.968665361404419 13.164506796296296
3.061690861814000 2138849216.194880008697510 13.168940296296295
1.733495054124000 2183675384.342795372009277 13.173434499999999
1.720057107968000 1565371755.133669137954712 13.178596499999999
3.093500612167000 1492960873.096936702728271 13.183201648148147
1.726159641360000 2039330926.190276384353638 13.188715074074073
3.052078750908000 1571422216.037422657012939 13.193905018518517
3.007706388180000 1845589831.999184370040894 13.199716277777776
1.740835726658000 2112112375.669107198715210 13.214277555555554
2.999060571142000 1472863167.961455821990967 13.220396574074073
3.045318574810000 2123697481.077056884765625 13.228455574074072
1.726776081046000 2130640374.710382938385010 13.237343425925925
3.371221365379000 1488789782.261752605438232 13.247264444444443
3.039499354598000 1897031961.643474340438843 13.255966425925925
3.008641493130000 1964236285.395748138427734 13.261298333333333
2.999060571142000 2136208047.892110586166382 13.265777537037037
2.999994320518000 2134056966.813946723937988 13.270207666666666
1.726159641360000 2137365467.300294160842896 13.274626666666666
3.085786146800000 1543743155.304706335067749 13.279774611111112
3.006770238420000 2030282791.595326662063599 13.285301518518519
1.732876215840000 2158440530.803509235382080 13.289814592592593
3.000927027763000 1558935688.954242706298828 13.294952814814815
1.727392979734000 1961329668.911945343017578 13.300407333333334
3.039499354598000 1558986596.390421867370605 13.305551055555556
2.991350903864000 2001523693.566126346588135 13.311056925925927
3.060737909366000 2146922450.802789211273193 13.315534370370372
3.008641493130000 2182958538.771851062774658 13.319996370370372
3.108929542901000 2149145861.188265323638916 13.324470055555558
2.991350903864000 2228207962.006783485412598 13.328985481481483
2.992282252856000 2153710095.292979717254639 13.333484277777780
2.999994320518000 2138557683.641279697418213 13.337922277777780
1.727392979734000 2138304793.861447572708130 13.342348462962965
3.053978794152000 1559338565.344996213912964 13.347497203703705
3.052078750908000 2000978812.472148180007935 13.352982611111113
3.006770238420000 2193432761.674550533294678 13.357426037037039
3.007706388180000 1934015768.563732385635376 13.361942759259261
3.092539132462000 2213581984.278197288513184 13.376619240740743
2.990420594324000 2177977003.901235103607178 13.382562277777780
3.069402929476000 2133049895.517132997512817 13.391450851851854
1.907507152320000 2129881344.224503517150879 13.400351481481483
3.031784889231000 1503687622.597096920013428 13.414323777777780
3.007706388180000 1880904593.211206674575806 13.419823037037039
3.061690861814000 2124559493.785459518432617 13.424324129629632
3.008641493130000 2176519135.351835727691650 13.428814074074076
1.720057107968000 2148236916.303917407989502 13.433306518518521
3.000927027763000 1557165998.552118301391602 13.438448129629631
2.993212562396000 1962639686.754823446273804 13.443915388888890
2.992282252856000 2137052688.266309499740601 13.448351333333335
1.720671606272000 2138587104.508643388748169 13.452769185185186
1.712726492400000 1558744960.112893581390381 13.457913333333334
2.993212562396000 1492813835.092008590698242 13.462518370370370
2.999994320518000 1963550014.903533220291138 13.467985629629629
3.008641493130000 2138057127.836677312850952 13.472424018518518
3.101215077534000 2138724166.192754030227661 13.476852611111111
3.007706388180000 2227938969.707201480865479 13.481350074074074
3.093500612167000 2159270799.347471714019775 13.485845407407407
3.047213819965000 2227291130.191857337951660 13.490352999999999
3.039499354598000 2203857930.164592266082764 13.494845574074073
3.008641493130000 2193337727.115255355834961 13.499282259259259
1.718829025792000 2149156773.715558052062988 13.503756388888888
3.002793484384000 1558205111.968223094940186 13.508903351851851
3.123387403110000 1962391845.049143552780151 13.514357888888888
3.060737909366000 2017079687.857867240905762 13.518885740740741
2.994143564904000 2147674759.180983543395996 13.533273370370370
3.101215077534000 2130617910.753465890884399 13.539240611111111
2.999994320518000 2241495686.274509429931641 13.548165611111111
3.494652811251000 2157977035.620507240295410 13.557094092592592
3.214931254926000 2182378546.110015392303467 13.566278648148147
3.016355958497000 2080998136.460257530212402 13.570800111111110
3.137834582146000 2120299503.834010124206543 13.575234111111110
1.732876215840000 2264547133.804711818695068 13.579775555555553
3.006770238420000 1577121037.433269023895264 13.584989277777776
3.061690861814000 1962727341.182216882705688 13.590448888888886
3.053978794152000 2182994099.614332199096680 13.594943259259257
2.993212562396000 2193009488.330229282379150 13.599387314814813
1.733495054124000 2148624959.810056209564209 13.603879870370369
3.053978794152000 1558027904.967602729797363 13.609024314814814
3.045318574810000 2001839055.404177904129028 13.614529314814813
2.999060571142000 2193244615.962284564971924 13.618968018518517
3.007706388180000 2148430927.188392639160156 13.623455499999999
1.720671606272000 2138281469.145927190780640 13.627881351851851
3.038554658828000 1557816817.216205358505249 13.633033259259259
3.000927027763000 2001634431.649293899536133 13.638528203703704
3.095424645856000 2148998898.119374275207520 13.643015481481481
2.999060571142000 2228007806.009557723999023 13.647518185185184
3.007706388180000 2158968960.428576946258545 13.651998129629629
3.006770238420000 2138534001.969193935394287 13.656436870370369
3.015418455842000 2138925028.622232437133789 13.660852629629629
3.053978794152000 2138558435.868871212005615 13.665291018518518
3.006770238420000 2064901996.429952383041382 13.669793499999999
3.092539132462000 2172375286.180201530456543 13.684425888888889
3.000927027763000 2226014653.213456630706787 13.690423814814814
3.054928285332000 2196827907.881879329681396 13.699368851851851
1.915591436670000 2130266334.444202184677124 13.708287462962963
3.431870109590000 1479996698.390558242797852 13.718271370370370
1.726159641360000 1915847144.931042671203613 13.723782037037036
3.078071681433000 1553692157.037937164306641 13.728963611111110
1.707228859348000 2041796370.562120437622070 13.734486351851851
2.983641236586000 1566352690.505337476730347 13.739675037037037
1.726159641360000 1961152214.426102638244629 13.745130425925925
2.992282252856000 1549364954.546592950820923 13.750306666666665
2.999994320518000 1962708465.141538381576538 13.755762592592591
3.039499354598000 2137440103.436588525772095 13.760188277777775
2.999060571142000 2183116766.701407432556152 13.764683629629626
3.053978794152000 2149026702.269692897796631 13.769177629629626
2.993212562396000 2183357587.405809879302979 13.773667648148145
3.101215077534000 2148999264.632977485656738 13.778150166666663
3.101215077534000 2227251378.766988277435303 13.782663055555552
3.061690861814000 2248471806.703196048736572 13.787093777777775
1.719443066880000 2203876377.216014385223389 13.791586537037034
3.055878483768000 1562033442.587717056274414 13.796756259259256
1.732876215840000 2002030473.987506389617920 13.802264296296293
2.992282252856000 1565832255.524738311767578 13.807438833333331
2.999994320518000 1961335679.408788919448853 13.812911592592590
3.000927027763000 2138011448.550364732742310 13.817350129629627
3.232360988773000 2138769724.101506471633911 13.821768018518517
3.008641493130000 2035500162.015304327011108 13.826225759259257
3.101215077534000 2131723872.578535556793213 13.840496277777776
2.993212562396000 2209858850.608850479125977 13.846482055555553
2.985498097029000 1886306316.490633726119995 13.857129962962960
3.387703672662000 1865879340.024431943893433 13.867726314814812
2.999060571142000 2123016158.414853334426880 13.876631203703701
3.001860429762000 2137426649.983051538467407 13.881056333333330
3.068447576644000 2049616153.951981782913208 13.885498314814811
3.047213819965000 2182430793.182698249816895 13.889994499999997
1.801328087816000 2193393514.885375022888184 13.894430870370368
3.099286245756000 1526558839.590687274932861 13.899619333333330
2.982713324751000 2033290520.844190835952759 13.905127129629626
3.047213819965000 2158925762.364047050476074 13.909639166666663
3.084827064800000 2177782453.098879337310791 13.914125555555552
3.043424035125000 2191456591.035372734069824 13.918558203703700
1.726159641360000 2193079508.969151973724365 13.922999351851848
2.999994320518000 1564505570.377267122268677 13.928170555555552
3.037608907532000 1948604027.164685964584351 13.933624259259256
1.734114353196000 2182478576.370585441589355 13.938120851851849
1.714561419870000 1565698772.274675369262695 13.943293018518515
3.099286245756000 1492726921.917395353317261 13.947899962962961
3.029899240254000 2041700487.981446027755737 13.953425370370368
3.005835133470000 2203995408.809965133666992 13.957910611111108
1.726159641360000 2148915000.495720386505127 13.962393425925923
3.038554658828000 1558951490.091271162033081 13.967534796296293
2.992282252856000 2001464821.990796804428101 13.973040129629627
3.099286245756000 2148947671.876933097839355 13.977530314814812
3.099286245756000 2204271676.724841117858887 13.982071796296294
3.115675335448000 2237635153.040390968322754 13.986516277777776
3.039499354598000 2162735867.721876621246338 14.000930351851849
3.008641493130000 2183797373.602691650390625 14.006902481481479
3.009577294620000 2125321664.444577455520630 14.015889129629628
3.037608907532000 1695031715.029762029647827 14.026641129629628
2.992282252856000 1672241215.856415748596191 14.041490592592590
3.106995913034000 2088952978.702360391616821 14.045984222222220
3.007706388180000 2225092085.688173770904541 14.050502759259256
3.009577294620000 2131610948.899106025695801 14.055005833333331
3.047213819965000 2135228479.859234571456909 14.059426111111108
1.726776081046000 2182963732.615965366363525 14.063928166666663
3.060737909366000 1559236450.990882873535156 14.069085370370367
3.023130523504000 1953911030.660949707031250 14.074579148148144
3.045318574810000 2135984854.763967990875244 14.079002981481478
3.062642750699000 2183265693.761192321777344 14.083501407407404
3.102179672916000 2192277098.791162967681885 14.087943999999997
1.719443066880000 2237403851.237484931945801 14.092427407407405
1.733495054124000 1570716256.470445632934570 14.097618388888886
1.713338134890000 1492869253.971445798873901 14.102223018518515
1.720671606272000 1492899457.997851371765137 14.106825296296293
2.984570185194000 1484967606.219605684280396 14.111455814814812
3.053978794152000 1952364380.632764101028442 14.116929740740739
3.040444754052000 2182675131.229543685913086 14.121427796296294
3.046266726490000 2193712826.674676895141602 14.125866462962961
3.000927027763000 2165617189.262350559234619 14.130299462962961
2.985498097029000 2148517270.790669441223145 14.134793777777777
2.999060571142000 2138386286.172559022903442 14.139227259259258
3.000927027763000 2138234639.349744558334351 14.144654185185184
3.060737909366000 2020753490.035004138946533 14.149108666666665
3.108929542901000 2147963668.403448581695557 14.163442685185183
3.061690861814000 2236421096.669827461242676 14.169418351851849
1.713338134890000 2205718074.475012302398682 14.179258092592590
3.425222622948000 1846216691.525894165039062 14.188867759259256
3.098322368346000 2166735235.212138652801514 14.198900074074071
3.054928285332000 2139285787.853944301605225 14.203395055555553
3.000927027763000 2198045626.655007839202881 14.207884796296295
2.999994320518000 2148044575.530071735382080 14.212374055555554
3.047213819965000 2131292290.334712266921997 14.216805722222221
3.052078750908000 2182402883.562376976013184 14.221303759259257
1.725543201674000 2193558178.639249801635742 14.225731055555553
3.053978794152000 1565572851.845880985260010 14.230900222222219
1.712726492400000 2001620934.597041606903076 14.236406259259256
1.725543201674000 1565670503.102789402008057 14.241580814814812
2.984570185194000 1489262104.716217517852783 14.246178425925923
2.985498097029000 1962693132.340814113616943 14.251635296296293
1.719443066880000 2137789892.548704624176025 14.256061074074070
2.984570185194000 1558912412.642719507217407 14.261212333333329
3.048161618910000 1963211747.621126890182495 14.266682944444440
2.984570185194000 2183486682.150622367858887 14.271179833333330
3.099286245756000 2148366208.929588794708252 14.275665129629626
3.100251200124000 2227248500.227891445159912 14.280175074074071
3.045318574810000 2248673246.614144325256348 14.284601166666663
1.718829025792000 2204243945.500220775604248 14.289090481481479
3.039499354598000 1565670420.538667440414429 14.294263740740737
2.999060571142000 2001970823.405888080596924 14.299766629629627
3.114705580312000 2042154677.778552532196045 14.304281870370367
2.999060571142000 2195933566.001605987548828 14.318672092592589
3.007706388180000 2125849872.317271471023560 14.324662055555551
3.007706388180000 2131773542.070265293121338 14.333504185185181
1.922312810132000 1865069552.171551227569580 14.344107203703699
