2.961433982208000 2132669383.882925271987915 0.001054092592593
2.977783631662000 2136109764.480904102325439 0.005498962962963
2.984570185194000 2137226037.972042322158813 0.009936925925926
3.125330267490000 2133191160.840565204620361 0.014362518518519
3.024070423864000 2265982795.891531944274902 0.018911388888889
1.720671606272000 2124582442.627704620361328 0.033471907407407
3.016355958497000 1481085701.864029169082642 0.039605574074074
3.023130523504000 2148214141.544473648071289 0.047642833333333
2.975006055178000 2187694071.407920360565186 0.056481981481481
1.894074003360000 2125311540.503633022308350 0.065445740740741
1.900790577840000 1475079701.019726753234863 0.072519166666667
2.962354700928000 1492307370.352782249450684 0.077120685185185
3.348077969278000 1961605899.513117074966431 0.082586296296296
3.109896537774000 2105962368.552829265594482 0.087024074074074
2.976858117532000 2266246518.832545280456543 0.091567037037037
1.712114849910000 2168070541.366825580596924 0.096103907407407
2.962354700928000 1559163514.456522464752197 0.101252166666667
3.030842591166000 1962776849.241167545318604 0.106710111111111
3.014479905698000 2183165462.177957057952881 0.111209740740741
2.970069166295000 2193067958.002355575561523 0.115643851851852
2.970992970330000 2147844951.759188652038574 0.120125611111111
3.028956942189000 2137686449.408276557922363 0.124547722222222
3.070357216066000 2183084303.725564956665039 0.129046666666667
3.080943159546000 2238174403.073675632476807 0.133538814814815
2.985498097029000 2243387389.572001457214355 0.137968129629630
2.961433982208000 2159099641.747680187225342 0.142480777777778
2.975931569308000 2138040392.271908044815063 0.146899481481481
2.982713324751000 2138371158.234354972839355 0.151330555555556
2.961433982208000 2138260018.545900821685791 0.155764000000000
3.077114997138000 2137331179.429942846298218 0.160177462962963
2.975931569308000 2228058101.799486160278320 0.164679777777778
1.706619161812000 2159071818.846592903137207 0.169187518518518
3.016355958497000 1558480837.868305206298828 0.174329314814815
1.705400674028000 2001272716.238768815994263 0.179822000000000
1.921626300308000 1563877899.081681251525879 0.184990462962963
2.975931569308000 1489727709.102584838867188 0.189604537037037
3.024070423864000 1657746815.691199779510498 0.205056462962963
1.705400674028000 2169152220.819679260253906 0.211012722222222
3.008641493130000 1848631038.592959403991699 0.221499666666667
3.418571132094000 1762531592.304188489913940 0.231744777777778
3.417508157581000 2174424202.847174167633057 0.240677611111111
1.720057107968000 2192736405.545320510864258 0.245120462962963
2.969146049870000 1565020587.571511983871460 0.250289888888889
3.063595348626000 1962649794.834088325500488 0.255755203703704
3.124358473635000 2175763931.116827964782715 0.260268481481482
2.971916430560000 2292404805.914972305297852 0.264756777777778
2.984570185194000 2168578170.344943046569824 0.269293759259259
2.969146049870000 2138067380.510557174682617 0.273724648148148
3.085786146800000 2137917424.010917425155640 0.278148407407407
3.077114997138000 2227704487.628599643707275 0.282668240740741
2.975931569308000 2248060933.997925758361816 0.287096833333333
1.699900188734000 2159278271.574541568756104 0.291609611111111
3.077114997138000 1557321928.460342168807983 0.296753611111111
2.985498097029000 2041848918.643339872360229 0.302274796296296
3.028956942189000 2157195404.755543708801270 0.306780259259259
2.975006055178000 2183088183.726386070251465 0.311279703703704
1.705400674028000 2148684416.291384220123291 0.315770148148148
3.023130523504000 1558091933.816298007965088 0.320910722222222
2.976858117532000 2002394490.283905267715454 0.326409425925926
3.038554658828000 2148418620.252692699432373 0.330881259259259
3.046266726490000 2183342573.163542747497559 0.335373351851852
2.990420594324000 2193493708.085298538208008 0.339797018518519
3.030842591166000 2148055763.738712787628174 0.344284203703704
1.713338134890000 2183490055.589870452880859 0.348781425925926
3.046266726490000 1565431611.508112668991089 0.353953944444444
1.754278473582000 1908025790.301960706710815 0.359472814814815
3.071312213484000 1925933967.532379865646362 0.374561351851852
3.132072939002000 2174053607.123387336730957 0.380675796296296
2.960512234752000 2237441922.468295097351074 0.390552759259259
3.533225138086000 2137149640.505468368530273 0.399487629629630
3.524414921534000 2285724938.196446895599365 0.408491666666667
3.015418455842000 2302820364.103698253631592 0.412929759259259
3.332649038544000 2213880450.840078353881836 0.417430000000000
2.985498097029000 2086098980.008496522903442 0.421919870370370
3.077114997138000 2137850684.519331932067871 0.426351203703704
3.085786146800000 2219219367.054368495941162 0.430869759259259
3.046266726490000 2247596059.607213973999023 0.435302481481482
3.022189572976000 2203575215.617691516876221 0.439792166666667
3.029899240254000 2192381707.286547660827637 0.444231092592593
2.977783631662000 2193238685.626924037933350 0.448652296296296
2.977783631662000 2148680247.148761272430420 0.453124037037037
2.977783631662000 2138304964.183740139007568 0.457560259259259
2.985498097029000 2138125066.304688215255737 0.461994055555556
2.985498097029000 2138187836.139733552932739 0.466415166666667
2.984570185194000 2138476189.679195642471313 0.470840962962963
1.699293343440000 2138066316.703803062438965 0.475254129629630
1.706009917920000 1557898104.308063507080078 0.480397370370370
3.083866911200000 1492879616.665862083435059 0.485000259259259
2.984570185194000 2040938993.860742807388306 0.490511240740741
3.015418455842000 2159096533.113605976104736 0.495006148148148
3.077114997138000 2182910077.378543853759766 0.499491074074074
3.062642750699000 2237279668.323673248291016 0.503980055555556
2.977783631662000 2248600408.178659915924072 0.508398962962963
2.985498097029000 2159107416.029265403747559 0.512909462962963
2.976858117532000 2138480619.960310459136963 0.517332685185185
2.977783631662000 2035552961.810703039169312 0.521767222222222
3.047213819965000 2173774219.184000968933105 0.536168111111111
3.093500612167000 2178426359.400720119476318 0.542141944444445
2.985498097029000 2176382459.461684226989746 0.551141203703704
1.915591436670000 2164433788.358497142791748 0.560096074074074
3.024070423864000 1624286054.894836902618408 0.569882462962963
3.402079226847000 2001212589.681118726730347 0.575385500000000
3.328504261200000 2192084546.367565155029297 0.579829259259259
1.712726492400000 2139214270.658108472824097 0.584309833333333
3.071312213484000 1512373465.752685308456421 0.589456222222222
2.968221902030000 2040792401.518890380859375 0.594971944444444
2.992282252856000 2158435588.789342403411865 0.599484185185185
3.022189572976000 2137586972.433320760726929 0.603911833333333
3.101215077534000 2183129660.164558887481689 0.608404203703704
2.975931569308000 2282661341.721494674682617 0.612902018518519
2.983641236586000 2169244757.934185981750488 0.617428259259259
3.075200559627000 2138239543.218024015426636 0.621861851851852
3.093500612167000 2227950641.178747653961182 0.626358777777778
1.707228859348000 2248373057.859515190124512 0.630797370370370
2.984570185194000 1570215217.499839544296265 0.635990222222222
1.700507485886000 1962836495.416755437850952 0.641463055555555
2.968221902030000 1554393655.931380510330200 0.646612222222222
3.066538648050000 1961799062.617553949356079 0.652076611111111
3.025011024336000 2228014617.113964080810547 0.656574129629630
3.070357216066000 2203827445.921810150146484 0.661053240740741
2.970992970330000 2238075507.221245288848877 0.665538462962963
3.107963267786000 2159043342.396318912506104 0.670054185185185
2.968221902030000 2134642162.406695127487183 0.674475185185185
3.024070423864000 2136697360.580756187438965 0.678888333333333
2.985498097029000 2183309980.335330009460449 0.683380314814815
3.225649510644000 2148529743.067102909088135 0.687868444444444
1.707228859348000 2134322892.110146760940552 0.692298888888889
2.970992970330000 1935589369.064963579177856 0.707271962962963
1.706619161812000 2004302179.313076972961426 0.714376648148148
2.975006055178000 1907742508.163754224777222 0.724119351851852
3.348077969278000 1741926521.014989614486694 0.734326351851852
3.364553078088000 2147955565.741788387298584 0.743375925925926
3.449438591526000 2137662101.681277751922607 0.747794962962963
1.712726492400000 2225695909.745913982391357 0.752305685185185
1.706009917920000 1531621101.289895296096802 0.757505648148148
3.115675335448000 1483191653.339548110961914 0.762114277777778
2.970992970330000 2081388132.653949499130249 0.767645796296296
3.023130523504000 2151246111.454576015472412 0.772168814814815
3.078071681433000 2183317813.123726844787598 0.776668722222222
3.024070423864000 2238249315.385824680328369 0.781145425925926
3.031784889231000 2203645215.319909572601318 0.785623259259259
3.015418455842000 2149966321.641490936279297 0.790686407407407
3.024070423864000 2190011907.342861652374268 0.795128111111111
2.976858117532000 2192372435.766444683074951 0.799568648148148
2.984570185194000 2145891871.814448833465576 0.804055777777777
3.000927027763000 2131813655.281016826629639 0.808500944444444
2.992282252856000 2138098413.561022281646729 0.812930851851852
3.038554658828000 2138603314.169766664505005 0.817366351851852
3.031784889231000 2183384583.060400009155273 0.821861407407407
3.092539132462000 2193407631.245861053466797 0.826279888888889
2.979635694016000 2237956619.334035873413086 0.830759611111111
2.993212562396000 2158892331.621568202972412 0.835260055555555
3.038554658828000 2138171199.282934904098511 0.839681370370370
1.720671606272000 2182491442.965450763702393 0.844180592592592
3.025951274752000 1565567834.407454252243042 0.849349907407407
2.969146049870000 2002024841.336306571960449 0.854855962962963
2.976858117532000 2146196161.836394786834717 0.859357537037037
3.040444754052000 2132813572.004817008972168 0.873612370370370
3.086745943200000 2181851152.676154136657715 0.879590407407407
2.991350903864000 2224282329.307247161865234 0.888495296296296
3.361414933208000 2132588962.839135646820068 0.897412981481481
3.331613229984000 2117385842.007910490036011 0.906313333333333
2.969146049870000 2137320505.956364393234253 0.910740592592592
3.169659809082000 2137512179.840609550476074 0.915174148148148
2.993212562396000 2119049009.935729265213013 0.919660388888889
3.030842591166000 2141795876.288660049438477 0.924151129629630
3.030842591166000 2182521391.265696048736572 0.928650629629630
3.008641493130000 2193064690.330906391143799 0.933084574074074
2.969146049870000 2193336260.272430419921875 0.937526074074074
2.985498097029000 2148232656.343429565429688 0.942016722222222
2.969146049870000 2138229636.429945945739746 0.946434333333333
3.062642750699000 2138289358.143424510955811 0.950863037037037
1.706009917920000 2227805813.015491485595703 0.955362518518518
2.969146049870000 1567956885.766528606414795 0.960558018518519
2.970992970330000 1987649414.422787904739380 0.967033111111111
3.008641493130000 2138470361.678803205490112 0.971475870370370
1.701720950545000 2182036957.746478557586670 0.975913370370370
1.713338134890000 1565763508.452526330947876 0.981080574074074
1.707228859348000 1492779521.096842765808105 0.985683685185185
1.699293343440000 1492733954.251520156860352 0.990288574074074
2.970069166295000 1492390986.160423278808594 0.994888907407407
1.713338134890000 1961401878.233943939208984 1.000343203703704
2.970069166295000 1559201492.617797136306763 1.005494481481481
2.970069166295000 1962396026.849277734756470 1.010957074074074
2.960512234752000 2138409282.453958988189697 1.015395555555556
2.977783631662000 2136277364.159919977188110 1.019832962962963
3.016355958497000 2132320695.277417421340942 1.034064425925926
3.040444754052000 2178775700.905604839324951 1.040037518518518
1.707228859348000 2112842151.598943710327148 1.048998296296296
3.525510672719000 1488538058.799839019775391 1.058930296296296
3.066452078844000 1792813783.770721435546875 1.069275796296296
3.340363503911000 2257985906.602360725402832 1.073764370370370
2.970069166295000 2154007836.951968193054199 1.078272925925926
3.303844759168000 2131903214.491519212722778 1.082707703703704
3.037608907532000 2089052129.847975492477417 1.087136814814815
2.985498097029000 2182347867.780482769012451 1.091617018518519
2.970069166295000 2137153897.368875265121460 1.096122907407407
3.030842591166000 2138211413.873146533966064 1.100550592592593
2.985498097029000 2183238224.308332920074463 1.105032518518519
2.969146049870000 2148714486.626935958862305 1.109522611111111
2.984570185194000 2138245535.229730129241943 1.113958574074074
2.992282252856000 2138365077.237542867660522 1.118379759259259
3.077114997138000 2138270335.257799148559570 1.122815814814815
3.069402929476000 2227729215.003074169158936 1.127333407407408
3.084827064800000 2243046567.114373683929443 1.131773037037037
3.083866911200000 2247582824.858757019042969 1.136198037037037
3.086745943200000 2248723241.890880107879639 1.140624351851852
1.713338134890000 2248441804.967547416687012 1.145055333333334
3.115675335448000 1571487936.460362672805786 1.150245444444445
3.013542403043000 2082018796.137798070907593 1.155784407407408
3.078071681433000 2213434872.609498977661133 1.160284277777778
3.031784889231000 2238449203.815745830535889 1.164774444444445
2.970069166295000 2204009098.571995258331299 1.169256222222222
3.030842591166000 2147477821.948765277862549 1.173746814814815
2.976858117532000 2183079761.433379650115967 1.178236592592593
2.995074220928000 2148701316.729948520660400 1.182718796296296
2.975931569308000 2058418681.815896749496460 1.187139018518519
2.977783631662000 1652283890.853218317031860 1.203144648148148
3.016355958497000 2170308526.313541889190674 1.209214962962963
2.969146049870000 2172561090.594309329986572 1.218135685185185
3.542040969822000 2168024657.710675716400146 1.227050333333334
3.371221365379000 2251302298.441089153289795 1.236095111111111
2.984570185194000 2169244341.729717731475830 1.240630425925926
3.332649038544000 2138101121.577309370040894 1.245063666666667
2.992282252856000 2121673782.161058187484741 1.249551351851852
3.038554658828000 2147275214.450676202774048 1.254041722222223
3.069402929476000 2137798371.286382198333740 1.258462388888889
2.976858117532000 2227669201.880637645721436 1.262964407407408
2.984570185194000 2159062994.678297519683838 1.267477722222223
2.983641236586000 2138458896.782281637191772 1.271909203703704
3.084827064800000 2136616732.428275346755981 1.276339722222223
1.705400674028000 2228094828.964357852935791 1.280857407407408
2.961433982208000 1571280604.544789552688599 1.286047722222223
2.970992970330000 1962995907.647202730178833 1.291505055555556
2.977783631662000 2136214177.814330577850342 1.295918314814815
2.976858117532000 2139826229.111608743667603 1.300970518518519
2.976858117532000 2138315280.149290323257446 1.305406314814815
3.030842591166000 2138385557.575377464294434 1.309837703703704
1.712726492400000 2183175267.432646274566650 1.314324814814815
3.005835133470000 1565502181.058306217193604 1.319491351851852
2.975931569308000 2001696165.727784633636475 1.324994351851852
2.970069166295000 2148743538.324420452117920 1.329482351851852
1.706009917920000 2138315552.046915531158447 1.333915851851852
3.023130523504000 1559016529.074393510818481 1.339059425925927
2.975931569308000 2001052342.820259571075439 1.344567981481482
3.006770238420000 2047395123.864817619323730 1.349288629629630
2.977783631662000 2141136370.685109853744507 1.363618851851852
2.969146049870000 2128744921.736644983291626 1.369579259259260
2.969146049870000 2230774991.571914196014404 1.378642870370371
3.532126989196000 2133118765.511670827865601 1.387492240740741
2.977783631662000 2240224122.280701637268066 1.396489148148149
3.354749432970000 2168874469.509010314941406 1.401027222222223
2.991350903864000 2138081932.913765668869019 1.405452703703704
2.975931569308000 2129967492.473946809768677 1.409875611111112
3.100251200124000 2075700904.714301824569702 1.414303037037038
2.984570185194000 2271672722.084064006805420 1.418845444444445
2.969146049870000 2161836093.005791664123535 1.423382796296297
1.700507485886000 2138274986.713090419769287 1.427807925925926
2.977783631662000 1557326677.707373380661011 1.432951629629630
3.009577294620000 1962565051.770246744155884 1.438401277777778
3.070357216066000 2182738508.547361373901367 1.442886092592593
2.975006055178000 2227662930.843513965606689 1.447400277777778
3.059786020481000 2158786858.434353828430176 1.451906759259260
2.970069166295000 2226496672.182235717773438 1.456417000000000
1.712726492400000 2159477634.270208358764648 1.460934907407408
3.008641493130000 1558938763.325612545013428 1.466083722222222
1.713338134890000 2002397297.060822725296021 1.471586648148148
3.116644008268000 1564428788.421580553054810 1.476755907407407
2.970069166295000 2081028601.670077562332153 1.482284592592593
2.970069166295000 2169379467.165263652801514 1.486820777777778
3.030842591166000 2138224093.215561151504517 1.491254944444445
1.720057107968000 2183238285.448383331298828 1.495751962962963
1.706009917920000 1564313352.367373704910278 1.500921388888889
1.693786112424000 1492686164.691113710403442 1.505523944444445
2.969146049870000 1492735319.429587125778198 1.510128796296296
3.123387403110000 1961548291.011988878250122 1.515599870370370
1.713950232810000 2149636410.748931884765625 1.529964777777778
3.024070423864000 1450793409.492699623107910 1.536155500000000
2.977783631662000 1738057952.462592840194702 1.547410574074074
1.888031434918000 2164904905.392000675201416 1.556315740740741
2.976858117532000 1810682639.638443708419800 1.565940796296296
3.337247725109000 1962514050.677905797958374 1.571411074074074
1.801970433432000 2138140703.643524885177612 1.575844611111111
1.699900188734000 1510387095.847414016723633 1.581001148148148
3.083866911200000 1491949905.892572641372681 1.585605814814814
2.977783631662000 2041198475.847423315048218 1.591117074074074
3.071312213484000 2158991698.948533535003662 1.595634574074074
3.078071681433000 2226445345.392172336578369 1.600147425925925
2.977783631662000 2248394887.229343891143799 1.604583666666666
2.984570185194000 2158954690.019985675811768 1.609096203703703
2.970069166295000 2138237092.779974937438965 1.613530629629629
3.093500612167000 2138485830.332854032516479 1.617948648148148
3.076157243922000 2222997966.586288928985596 1.622456666666666
1.708447120310000 2248254932.576295375823975 1.626892407407407
2.984570185194000 1571037629.652879714965820 1.632084333333333
3.085786146800000 1962857326.163998365402222 1.637539666666666
2.975931569308000 2227866511.826404094696045 1.642052481481481
2.976858117532000 2158974776.361376762390137 1.646552962962962
2.953721914546000 2138536728.287991285324097 1.650983648148148
1.699293343440000 2138357753.373078107833862 1.655410037037037
3.008641493130000 1558356933.247397661209106 1.660553129629629
3.093500612167000 2002329041.093124866485596 1.666056888888888
3.016355958497000 2191758709.262453556060791 1.670490759259259
3.024070423864000 2193439241.034195423126221 1.674931500000000
2.970069166295000 2193308957.112607955932617 1.679365592592592
1.706009917920000 2029131265.621729612350464 1.683877648148148
3.030842591166000 1933420444.949960231781006 1.698856444444444
1.721285190144000 2128891597.072985172271729 1.704983277777777
3.070357216066000 1709246353.111959218978882 1.715673518518518
1.894750407996000 1991523724.363120794296265 1.725779944444444
2.969146049870000 1815005407.595865964889526 1.735467962962963
1.896103217268000 1961162547.518829107284546 1.740919018518518
3.388756657184000 1558572713.740211009979248 1.746069351851852
3.017294159478000 1997202503.310634851455688 1.751579092592592
3.036664211762000 2132070722.633497476577759 1.756014259259259
2.969146049870000 2192575254.097438335418701 1.760458092592592
2.976858117532000 2148619095.734370708465576 1.764948333333333
2.985498097029000 2138327999.097733020782471 1.769381611111111
2.977783631662000 2138128303.872756958007812 1.773815240740741
2.969146049870000 2138219189.740551710128784 1.778254148148148
2.976858117532000 2138251577.016193389892578 1.782675296296296
3.122415247590000 2138178687.785073518753052 1.787108851851852
1.706619161812000 2135175104.459407091140747 1.791602888888889
3.018232011296000 1545568079.554118871688843 1.796776166666666
3.078071681433000 1992449476.085683822631836 1.802279611111111
1.706619161812000 2231697649.207127571105957 1.806772185185185
2.968221902030000 1559359416.318858146667480 1.812003351851851
3.023130523504000 1963070155.883140087127686 1.817469222222222
1.713338134890000 2183265464.300453662872314 1.821956259259259
2.970069166295000 1565544276.875483274459839 1.827128259259259
3.014479905698000 1962468101.234125137329102 1.832600722222222
3.015418455842000 2183514682.796385765075684 1.837095148148148
3.079029078342000 2193605521.464715003967285 1.841534388888888
2.970069166295000 2238082492.807301998138428 1.846014240740740
2.984570185194000 2158833616.298811435699463 1.850529907407407
3.029899240254000 2136085611.144072294235229 1.854962092592592
2.976858117532000 2144436017.546810865402222 1.869273018518518
3.123387403110000 2072069005.913198709487915 1.875248351851851
2.975931569308000 1788169552.991071939468384 1.886094518518518
3.348077969278000 2165864240.805653095245361 1.895081018518518
2.976858117532000 2117571572.739731788635254 1.903999166666666
3.340363503911000 2137856810.210403680801392 1.908428925925926
3.032727889194000 2138341433.479583978652954 1.912864907407407
3.479223880517000 2173857612.582767486572266 1.917364888888888
3.130124914868000 2186910678.899687290191650 1.921859907407407
3.123387403110000 2292416085.371129512786865 1.926354444444444
2.991350903864000 2302986946.480570316314697 1.930780666666666
3.062642750699000 2169227568.430097103118896 1.935306777777777
3.069402929476000 2227565138.119505405426025 1.939816425925925
1.720057107968000 2247439623.090706348419189 1.944250148148147
3.024070423864000 1571487115.102704524993896 1.949442129629629
2.978709835188000 2001777886.497064590454102 1.954930648148147
1.712726492400000 2148759541.338574886322021 1.959415518518518
3.079029078342000 1557868500.032387256622314 1.964561555555555
3.016355958497000 2074627041.042108774185181 1.971089629629629
3.023130523504000 2203897381.965753078460693 1.975579851851851
3.082907829200000 2192512076.324378490447998 1.980005407407407
1.720057107968000 2233945648.628001689910889 1.984489944444444
3.022189572976000 1571569543.016795635223389 1.989679777777777
3.077114997138000 2001442108.458114385604858 1.995170888888888
3.062642750699000 2237979996.442708969116211 1.999647870370370
3.084827064800000 2247812283.704444885253906 2.004073185185185
1.706009917920000 2248622381.857288837432861 2.008507166666666
2.970069166295000 1571896288.264123201370239 2.013698907407407
3.030842591166000 1963331972.581873416900635 2.019169740740740
3.024070423864000 2154597356.654230117797852 2.023671611111110
3.016355958497000 2148799063.433441638946533 2.038042462962962
2.984570185194000 2179459189.058377265930176 2.043972925925925
2.968221902030000 2159447108.175391674041748 2.052877018518517
3.356836213230000 1864923078.268076658248901 2.063468111111110
3.398905881693000 1851914740.471453428268433 2.074134888888888
3.362461500632000 2182505414.893749237060547 2.078613277777777
2.969146049870000 2148367389.965316295623779 2.083092925925925
3.015418455842000 2130862788.476042032241821 2.087512703703702
3.078071681433000 2135294506.796563625335693 2.092013888888888
2.970069166295000 2237689234.458632946014404 2.096508166666665
3.039499354598000 2159000123.578843593597412 2.101003722222221
2.976858117532000 2182568669.156382083892822 2.105496277777777
2.986426700046000 2148571449.830722808837891 2.109976111111110
2.976858117532000 2129964543.878311634063721 2.114397851851851
2.977783631662000 2138179229.621182918548584 2.118815111111110
2.984570185194000 2138069008.699136972427368 2.123251481481480
1.713338134890000 2138624257.512594223022461 2.127684777777777
2.977783631662000 1558092158.337321519851685 2.132831314814814
1.719443066880000 1963194305.861792087554932 2.138298925925925
3.113736907492000 1559139216.102380752563477 2.143447462962962
2.975931569308000 2081427912.850013017654419 2.148990907407407
1.714561419870000 2169636355.463657855987549 2.153522703703703
2.987354957472000 1558561018.266614913940430 2.158668703703702
2.977783631662000 1961349104.365329504013062 2.164133481481480
2.968221902030000 2138734768.632414579391479 2.168552055555554
3.084827064800000 2128220160.087728500366211 2.173010259259258
3.070357216066000 2227736642.050836086273193 2.177526574074073
3.031784889231000 2248206958.879349708557129 2.181952574074073
3.053028242088000 2203865855.928522586822510 2.186429518518517
2.985498097029000 2230483831.240243434906006 2.190925499999998
1.713950232810000 2112090001.200739145278931 2.205268518518517
2.977783631662000 1481451280.745160818099976 2.211376074074072
2.984570185194000 2122720815.329442501068115 2.219441888888887
2.984570185194000 2133549860.385179758071899 2.229117981481480
3.353705265930000 2132853123.580642461776733 2.237965555555554
3.067493290054000 2112826252.854224443435669 2.244129259259257
3.348077969278000 2227557884.601140499114990 2.248629592592591
3.030842591166000 2153962263.218376636505127 2.253125648148147
3.046266726490000 2180978228.348890304565430 2.257619259259258
3.069402929476000 2148376964.398919105529785 2.262059407407406
3.061690861814000 2237723668.758524417877197 2.266553611111110
2.977783631662000 2248347314.693376541137695 2.270987203703702
2.984570185194000 2158809810.798794269561768 2.275485648148146
2.972839890790000 2137596442.937041044235229 2.279919185185184
2.977783631662000 2138188842.497107744216919 2.284336740740739
2.970069166295000 2137065575.275908708572388 2.288773259259258
2.962354700928000 2138327710.722104310989380 2.293188851851850
2.975931569308000 2138170227.161669254302979 2.297622796296295
3.069402929476000 2138308922.643597126007080 2.302041018518517
2.969146049870000 2227800493.542814731597900 2.306543611111110
2.969146049870000 2159019565.154882431030273 2.311051814814813
1.706009917920000 2138496764.896305322647095 2.315485240740739
1.706009917920000 1558188641.360474824905396 2.320631592592591
2.968221902030000 1492930293.159609079360962 2.325236592592591
2.952802567474000 1962289135.549664020538330 2.330698851851851
1.706619161812000 2138335294.166868925094604 2.335125037037036
2.954640235561000 1558426818.608566045761108 2.340273203703703
1.705400674028000 1962999619.627234697341919 2.345725944444443
2.977783631662000 1559052589.552587747573853 2.350874481481481
1.687064738962000 1962094740.700018167495728 2.356331481481480
3.024070423864000 1551349813.644058227539062 2.361483907407406
3.025011024336000 1917181896.951256275177002 2.366998018518518
2.984570185194000 2187446522.145834922790527 2.381271666666666
2.976858117532000 2138625596.472787857055664 2.387244277777777
1.685258146382000 2132131311.968004226684570 2.396088074074073
3.354749432970000 1633767668.454056739807129 2.405830537037036
3.354749432970000 1729698307.767930746078491 2.416077796296295
3.360369533828000 2137371757.130867242813110 2.420512740740739
3.078071681433000 2137195783.397126197814941 2.424939685185183
2.975931569308000 2173726272.425357818603516 2.429461888888887
2.977783631662000 2158166198.083590507507324 2.433980370370369
3.016355958497000 2132778505.305938243865967 2.438409370370369
2.968221902030000 2182870210.207480430603027 2.442890833333331
3.008641493130000 2148532349.560639381408691 2.447385999999998
3.015418455842000 2183148323.624168872833252 2.451880925925924
2.968221902030000 2192103165.122040271759033 2.456298870370369
3.053978794152000 2148755077.618726253509521 2.460771111111109
3.060737909366000 2227649479.278063774108887 2.465273407407406
2.970069166295000 2248067916.661434173583984 2.469697129629628
2.970069166295000 2158801603.981163501739502 2.474199814814813
2.976858117532000 2133141679.753753423690796 2.478621759259258
2.970069166295000 2138230399.545714378356934 2.483056888888887
3.069402929476000 2138220270.948319196701050 2.487485777777776
2.970069166295000 2226854373.162860393524170 2.491990314814813
2.969146049870000 2159147847.708612918853760 2.496503592592591
1.720671606272000 2138323720.100232124328613 2.500945129629628
2.962354700928000 1559104410.907442331314087 2.506091462962961
3.031784889231000 1963192073.150097131729126 2.511563722222220
3.108929542901000 2182406391.451680660247803 2.516055833333331
2.969146049870000 2282966275.527380943298340 2.520566240740739
2.969146049870000 2126593124.864591598510742 2.525181907407406
2.970992970330000 2100481292.666123867034912 2.529617185185183
2.983641236586000 2134140083.599622726440430 2.534056333333331
2.975931569308000 2134053398.329741477966309 2.548294537037035
2.969146049870000 2127105397.148676395416260 2.554186537037035
3.123387403110000 2132027640.415108442306519 2.563035629629628
3.394364761480000 2198152718.729022502899170 2.571973629629628
1.916274528090000 2174865672.564766407012939 2.580957481481480
1.908870063208000 1564674844.247940063476562 2.586117629629628
1.888705942822000 1492516212.105360507965088 2.590719814814813
2.960512234752000 1487419958.821258544921875 2.595324851851850
2.959591516032000 1927867319.191536664962769 2.600800259259258
2.961433982208000 2132224936.071549892425537 2.605225055555554
2.960512234752000 2138113944.043321371078491 2.609657055555554
2.983641236586000 2138326430.702411413192749 2.614082814814813
1.712726492400000 2138242444.745151042938232 2.618516814814813
2.961433982208000 1558932927.618800878524780 2.623665481481479
2.976858117532000 1961609907.309951543807983 2.629119740740739
1.699293343440000 2138506174.076393127441406 2.633555851851850
3.015418455842000 1558875209.148186683654785 2.638702388888887
1.706619161812000 2001681028.704991817474365 2.644200851851850
3.007706388180000 1565414993.863797903060913 2.649361481481479
2.976858117532000 2001760488.290141582489014 2.654853055555554
1.707228859348000 2148874092.039647102355957 2.659342666666665
2.969146049870000 1556994689.080951929092407 2.664489296296294
2.962354700928000 1962656417.655665636062622 2.669956851851850
2.960512234752000 2138570144.569742918014526 2.674382499999998
1.712726492400000 2138408811.162479639053345 2.678808703703702
3.022189572976000 1558398357.289527654647827 2.683922203703702
2.968221902030000 1997991621.327162742614746 2.689412333333332
2.976858117532000 2148897048.123036384582520 2.693891592592591
3.009577294620000 2138195741.363920450210571 2.698310499999998
2.976858117532000 2177998736.696088790893555 2.702796092592591
2.969146049870000 2134574212.538572549819946 2.717108962962961
1.707837649596000 2127201052.014532804489136 2.723016499999998
2.977783631662000 1819704662.620188236236572 2.732575185185183
3.339325297646000 1956176166.293181180953979 2.742756222222221
3.532126989196000 2119216213.016522407531738 2.751672240740739
2.978709835188000 2270955504.353322505950928 2.756213259259257
3.022189572976000 2169203894.195444583892822 2.760749925925924
2.985498097029000 2175535653.281542301177979 2.768978611111109
2.975931569308000 2148163131.894662380218506 2.773465777777776
1.720671606272000 2138100211.235729217529297 2.777884222222221
3.038554658828000 1558782075.237344264984131 2.783027944444443
3.084827064800000 1992294078.278174877166748 2.789308962962962
2.993212562396000 2230454980.609509944915771 2.793792833333332
2.975931569308000 2158470551.442903041839600 2.798293148148147
3.021249672616000 2137803211.942999124526978 2.802714148148147
3.016355958497000 2177234515.276943206787109 2.807214999999999
2.984570185194000 2192650308.591744899749756 2.811652722222221
2.984570185194000 2130572594.650920391082764 2.816131166666666
3.039499354598000 2138469727.078354835510254 2.820548388888888
2.977783631662000 2183488229.171829223632812 2.825032166666666
3.078071681433000 2148933841.440756797790527 2.829517462962962
2.976858117532000 2227942164.847058296203613 2.834017481481480
2.992282252856000 2159142168.239934921264648 2.838533518518517
2.992282252856000 2138551542.063687801361084 2.842966611111110
2.977783631662000 2138066644.075454711914062 2.847393111111110
2.974080196350000 2138425353.277555227279663 2.851826462962962
1.721285190144000 2137649041.036283493041992 2.856252537037036
2.969146049870000 1554390668.162983417510986 2.861400981481480
3.087705382400000 1959413542.582696437835693 2.866876166666665
1.701113879322000 2136403868.985264301300049 2.881195166666665
1.700507485886000 1480500907.987580299377441 2.887344296296295
3.025011024336000 1803277655.271481037139893 2.896162185185184
1.706619161812000 2121987249.571758508682251 2.906108111111109
3.401021838942000 1835063372.738201618194580 2.915720259259257
3.022189572976000 1851618463.196336030960083 2.923144037037035
3.402079226847000 2192788079.525450229644775 2.927583333333332
2.999994320518000 2192342864.312150955200195 2.932011388888887
2.969146049870000 2090845021.652176856994629 2.936493018518517
3.068447576644000 2130146568.748199701309204 2.940928555555554
1.713950232810000 2227165520.949187755584717 2.945440796296295
2.969146049870000 1571207257.217566490173340 2.950624907407406
1.713338134890000 1962114819.768744468688965 2.956079833333332
2.970992970330000 1558374652.096422910690308 2.961223074074073
3.070357216066000 1962864151.391314506530762 2.966683537037035
2.959591516032000 2232037075.616246700286865 2.972194796296295
2.970069166295000 2159360456.117240428924561 2.976693314814813
1.713338134890000 2138491139.050039291381836 2.981123907407406
3.006770238420000 1558649705.527439117431641 2.986264925925924
3.022189572976000 2001686620.643205881118774 2.991763999999998
3.046266726490000 2192368786.517697334289551 2.996204388888887
2.976858117532000 2238567002.093492507934570 3.000689185185183
1.712726492400000 2159356472.416536331176758 3.005181611111109
1.720671606272000 1552183286.163748025894165 3.010337685185183
1.720057107968000 1492610335.358376502990723 3.014943592592591
2.969146049870000 1492794186.289816379547119 3.019545740740739
3.061690861814000 1962308917.930660963058472 3.025015370370368
2.970069166295000 2227915271.396308898925781 3.029533499999998
3.102179672916000 2156713051.181828975677490 3.034048629629628
2.961433982208000 2046847985.251300573348999 3.038608981481480
2.954640235561000 1647284642.156552553176880 3.054704629629628
1.713338134890000 2126203320.087691068649292 3.060609203703702
3.009577294620000 1633474318.814969539642334 3.070334222222221
3.362461500632000 2168694100.363927841186523 3.080317888888887
2.959591516032000 2155010611.315285682678223 3.089261870370369
1.893397598724000 2137662360.936067104339600 3.093684629629628
1.894074003360000 1558125656.487064838409424 3.098825629629628
3.069402929476000 1487855896.459473133087158 3.103435740740739
2.985498097029000 2002747825.387677192687988 3.108962481481480
2.962354700928000 2158339430.735672950744629 3.113470574074073
2.963276105472000 2137701943.609369039535522 3.117893425925924
3.015418455842000 2138269481.089119434356689 3.122326499999998
1.712726492400000 2182957395.823864936828613 3.126808759259258
1.712726492400000 1564420495.117226123809814 3.131979999999999
3.116644008268000 1489725328.411681890487671 3.136585499999998
2.968221902030000 2081934882.694564580917358 3.142124222222221
2.975931569308000 2169419501.800279140472412 3.146660555555554
2.969146049870000 2138321372.150755882263184 3.151091555555554
2.969146049870000 2138510114.321277379989624 3.155525129629628
3.063595348626000 2136259328.350352525711060 3.159922814814813
2.962354700928000 2223337202.033329486846924 3.164425555555554
3.078071681433000 2159034579.523852348327637 3.168926185185183
3.060737909366000 2228048935.358565330505371 3.173440833333331
3.078071681433000 2248410624.605361461639404 3.177869407407405
3.078071681433000 2248328698.919287204742432 3.182295499999998
2.970069166295000 2248475878.603590488433838 3.186729092592590
1.712114849910000 2159104641.859205245971680 3.191242370370368
3.024070423864000 1557744083.000108003616333 3.196382925925924
1.713950232810000 2002395611.057226181030273 3.201881592592590
2.976858117532000 1565207631.078598976135254 3.207053425925924
2.976858117532000 1960518677.256200313568115 3.212523537037035
3.062642750699000 2136831005.980170011520386 3.226783629629627
2.975931569308000 2169508025.027203559875488 3.232774148148146
3.016355958497000 1898047239.764514684677124 3.243415685185183
3.354749432970000 2186247984.172017097473145 3.252345018518516
3.355792434645000 2119410591.957031250000000 3.261295555555553
3.331613229984000 2137570805.944855213165283 3.265710203703701
1.902148689746000 2136786702.167616844177246 3.270147574074072
2.970069166295000 1503960156.970385789871216 3.275329018518516
2.969146049870000 1960095361.513657569885254 3.280802148148145
3.069402929476000 2138367304.159011125564575 3.285236962962960
3.061690861814000 2227814788.810465335845947 3.289747129629627
2.969146049870000 2248217779.427032470703125 3.294188592592590
3.036664211762000 2158455901.370808124542236 3.298699314814812
2.977783631662000 2182919665.738161563873291 3.303186814814812
2.971916430560000 2148221654.505233287811279 3.307673777777775
1.706619161812000 2137346417.735701799392700 3.312086722222220
3.018232011296000 1558888489.636027812957764 3.317230074074072
2.976858117532000 2001442393.517332553863525 3.322723925925923
3.017294159478000 2148789368.178781032562256 3.327213592592590
2.959591516032000 2183058484.379832744598389 3.331703870370368
3.076157243922000 2148105976.108764648437500 3.336193351851849
3.108929542901000 2227900263.867401123046875 3.340705999999997
1.707228859348000 2293301092.043682098388672 3.345192999999997
3.123387403110000 1577580298.524412155151367 3.350411259259257
3.077114997138000 2079713980.467056989669800 3.355923314814812
3.070357216066000 2258756590.285049915313721 3.360415055555553
2.962354700928000 2238749437.921558856964111 3.364862833333330
2.970069166295000 2158610300.633430480957031 3.369376759259256
3.077114997138000 2137151133.290351629257202 3.373800129629627
2.977783631662000 2111983930.364914894104004 3.378335944444442
1.707228859348000 2214373561.911456108093262 3.392668240740738
1.706619161812000 1510485062.147855520248413 3.399622981481479
3.117613402632000 1824954987.124703407287598 3.410223240740738
2.968221902030000 1802169144.569655418395996 3.420505481481479
3.415382604154000 2122672828.004580497741699 3.429480203703701
3.060737909366000 2182195530.125761508941650 3.433959574074071
3.404195184096000 2193069367.920045852661133 3.438402870370367
2.986426700046000 2192938821.988545894622803 3.442842555555552
3.045318574810000 2088481018.090584993362427 3.447330259259256
2.977783631662000 2182209061.560726165771484 3.451821759259256
3.023130523504000 2140724571.852523565292358 3.456314629629627
2.985498097029000 2183383140.053523540496826 3.460798629629627
1.706619161812000 2148660928.665399551391602 3.465288944444441
1.713950232810000 1558940933.754352092742920 3.470432259259256
2.969146049870000 1492386489.096322536468506 3.475034851851849
3.069402929476000 1961486387.482369184494019 3.480509796296293
2.984570185194000 2222772243.814734935760498 3.485031444444441
3.030842591166000 2158989223.669367313385010 3.489545796296293
2.979635694016000 2183317600.964684486389160 3.494045444444442
1.712726492400000 2148696622.444137096405029 3.498533129629627
3.077114997138000 1558631492.120666265487671 3.503674333333330
3.068447576644000 2041384736.079819917678833 3.509197888888886
1.713950232810000 2248238956.998778820037842 3.513626703703701
3.122415247590000 1571639188.119800090789795 3.518821777777775
2.992282252856000 2079885391.018092155456543 3.524357185185182
3.031784889231000 2168328311.052148342132568 3.528893759259256
3.079029078342000 2182914509.622570514678955 3.533378777777775
3.093500612167000 2238425337.908990383148193 3.537863055555552
3.417508157581000 2248538609.402689456939697 3.542304259259256
1.713338134890000 2054961178.301006317138672 3.546767685185182
2.999994320518000 1488714685.810058355331421 3.561982296296293
2.976858117532000 2126492831.541218519210815 3.568120296296293
2.965451521340000 2151866744.074858665466309 3.577880962962960
1.894750407996000 2133083839.870683670043945 3.586725203703701
2.962354700928000 1813737761.349196910858154 3.596344092592589
3.345995598652000 1962195486.885095596313477 3.601802259259256
2.975931569308000 2138268935.978358983993530 3.606238259259256
3.285340824012000 2129847345.604434728622437 3.610668018518516
2.976858117532000 2082061443.970919847488403 3.615100240740738
2.969146049870000 2137581513.712860345840454 3.619539166666664
3.084827064800000 2137192547.999797344207764 3.623925759259257
2.992282252856000 2227954672.125083446502686 3.628431203703701
2.977783631662000 2149216176.506599426269531 3.632968648148145
2.976858117532000 2138147403.755025625228882 3.637404185185182
3.009577294620000 2138483548.523189067840576 3.641837537037034
1.713338134890000 2183113902.122130870819092 3.646327259259257
3.062642750699000 1564801447.946951627731323 3.651499333333331
3.015418455842000 2039658510.381134033203125 3.657015037037034
3.053028242088000 2203319119.119944095611572 3.661508018518516
2.984570185194000 2238066155.428090095520020 3.665992407407404
3.121444177065000 2159156392.595249176025391 3.670485018518515
3.054928285332000 2272375995.416786193847656 3.675010388888886
3.068447576644000 2258677882.077339172363281 3.679500462962960
2.975931569308000 2243925140.314824104309082 3.683925037037034
1.720671606272000 2159384184.997922420501709 3.688426388888886
1.701113879322000 1558940376.346605062484741 3.693564481481479
2.962354700928000 1492868451.013601779937744 3.698167611111109
1.712726492400000 1962777637.987013101577759 3.703643166666664
2.968221902030000 1558131419.678367614746094 3.708783611111108
2.977783631662000 1841870801.103569746017456 3.714254074074071
1.708447120310000 2152231608.458159446716309 3.729354111111108
3.015418455842000 1480858796.282261848449707 3.735462962962960
1.705400674028000 2173727557.965902805328369 3.743548814814812
3.017294159478000 1836587239.257183790206909 3.753159888888886
3.338285931374000 1975443983.947224855422974 3.763316203703701
3.363506900012000 2121372515.018269538879395 3.769595592592590
3.446221273266000 2137578805.601939916610718 3.774009407407405
3.078071681433000 2225685424.831768035888672 3.778517074074071
3.023130523504000 2213338109.313160419464111 3.782952851851849
3.132072939002000 2203221525.751754760742188 3.787440499999997
2.979635694016000 2098363819.158876657485962 3.792137481481479
2.999060571142000 2135716138.159657239913940 3.796561777777775
2.991350903864000 2137931599.297895908355713 3.800982351851849
1.713338134890000 2138213722.354670047760010 3.805417666666663
1.715173290075000 1553298618.903754949569702 3.810566555555552
2.975931569308000 1491832616.749576091766357 3.815175185185182
3.023130523504000 1961668499.091681003570557 3.820649277777775
3.078071681433000 2183159583.984302520751953 3.825141629629627
2.977783631662000 2238261234.737150669097900 3.829626314814812
2.977783631662000 2159194305.264501094818115 3.834124296296293
1.707228859348000 2138333115.889304161071777 3.838552851851849
2.983641236586000 1546473278.538549661636353 3.843694370370367
2.977783631662000 1961321916.552973747253418 3.849150925925923
3.084827064800000 2138407799.494059801101685 3.853587111111108
1.712726492400000 2227911107.647760868072510 3.858102351851849
3.068447576644000 1566579449.507292509078979 3.863300388888886
3.021249672616000 2040417499.304971694946289 3.868829074074071
3.013542403043000 2203644503.842298984527588 3.873318574074071
2.969146049870000 2193436080.564687252044678 3.877757611111108
3.070357216066000 2148783726.865043163299561 3.882242166666663
2.969146049870000 2201142386.453577041625977 3.896608129629626
2.978709835188000 2065546592.610002517700195 3.902596203703700
2.976858117532000 1898770041.972718000411987 3.913185092592589
1.900790577840000 2134054271.087763786315918 3.922040499999996
2.946009846884000 1840541023.102499246597290 3.931748444444441
3.402079226847000 1961145612.017050981521606 3.937222148148145
2.975931569308000 2176741657.567829132080078 3.941716685185181
2.982713324751000 2148570745.402301311492920 3.946208666666663
3.115675335448000 2083560292.005042791366577 3.950630203703700
1.713338134890000 2271787187.378976821899414 3.955172888888885
2.961433982208000 1577247853.000123977661133 3.960393351851848
3.068447576644000 1963003446.067518711090088 3.965858518518515
1.707228859348000 2227356015.240005493164062 3.970364203703700
3.016355958497000 1559337183.779150962829590 3.976565185185182
3.107963267786000 2001929498.060135841369629 3.982063851851848
2.962354700928000 2282643324.469729423522949 3.986555796296293
1.712726492400000 2163834155.182548522949219 3.991092388888885
3.016355958497000 1550190636.816775560379028 3.996263944444441
2.978709835188000 2001572246.162133216857910 4.001764685185181
3.007706388180000 2148842056.633737087249756 4.006254222222219
3.015418455842000 2183083011.121461868286133 4.010746703703700
3.078071681433000 2193275581.803297996520996 4.015180555555552
3.077114997138000 2238127379.807592868804932 4.019667574074070
3.078071681433000 2245900803.695072650909424 4.024093888888885
1.706619161812000 2248545765.690376281738281 4.028519814814810
1.708447120310000 1568197713.589066267013550 4.033714759259255
1.706619161812000 1492671736.568847894668579 4.038319518518515
3.069402929476000 1492900079.228786230087280 4.042924092592589
3.023130523504000 2040519982.715478658676147 4.048452481481478
3.031784889231000 2083336404.244584560394287 4.052967166666663
3.009577294620000 2147048361.814012050628662 4.067356388888886
1.701113879322000 2178566123.488941192626953 4.073272648148145
2.961433982208000 1646456308.469715118408203 4.083035537037034
3.363506900012000 1955485613.014632225036621 4.093223499999997
2.971916430560000 2116233408.084833145141602 4.102108907407405
1.894750407996000 2137426003.795320272445679 4.106539314814812
2.961433982208000 1558479624.321170806884766 4.111681611111108
3.107963267786000 1958605762.716457843780518 4.117148425925923
2.976858117532000 2208435606.445657730102539 4.121702740740738
3.123387403110000 2168105104.970210075378418 4.126237537037034
3.100251200124000 2272142985.915952682495117 4.130777740740738
2.968221902030000 2303442850.161029815673828 4.135211018518516
2.968221902030000 2169257048.336702823638916 4.139745185185182
2.976858117532000 2136856722.029659271240234 4.144158259259257
3.014479905698000 2136603056.715720415115356 4.148596574074071
3.015418455842000 2182822607.090772628784180 4.153091722222220
2.962354700928000 2193264514.242753505706787 4.157525425925924
2.970069166295000 2148673684.905559062957764 4.162012851851849
2.968221902030000 2138171249.229013204574585 4.166426388888886
2.969146049870000 2138454180.903767108917236 4.170859685185182
1.707228859348000 2138311769.499174594879150 4.175291259259256
2.970069166295000 1557935072.509684801101685 4.180434888888886
1.706619161812000 1962914552.890670776367188 4.185904592592590
1.713338134890000 1558973131.383681535720825 4.191048277777775
2.970992970330000 1492786131.498594284057617 4.195645425925924
2.975931569308000 1961840349.903180837631226 4.201115722222220
2.967298785605000 2138354287.293234109878540 4.205538999999998
2.962354700928000 2138464359.592633485794067 4.209970351851850
2.976858117532000 2138287836.171768903732300 4.214401370370369
2.983641236586000 2138381746.810598850250244 4.218817037037035
3.009577294620000 2059437301.087423324584961 4.223256685185183
2.962354700928000 1666282192.293822288513184 4.239278462962961
2.961433982208000 2135025790.636330604553223 4.245238851851850
3.016355958497000 2181672061.314442157745361 4.255133203703702
3.473668555200001 2170850297.983186244964600 4.264048074074072
3.363506900012000 2163356362.913619518280029 4.273085833333331
3.045318574810000 2158388059.701492309570312 4.277590962962961
3.124358473635000 2180635637.681639194488525 4.282066666666664
2.993212562396000 2087146160.533178567886353 4.286540185185183
2.976858117532000 2137459179.882363080978394 4.290976314814813
3.116644008268000 2137764719.149931430816650 4.295409944444443
1.720057107968000 2263851566.533629417419434 4.299929240740739
3.016355958497000 1577722000.319540023803711 4.305145074074073
3.024070423864000 2001740462.550678968429565 4.310630759259258
3.031784889231000 2193076850.940907955169678 4.315054185185184
1.712114849910000 2193300490.093410968780518 4.319475111111109
1.700507485886000 1564672140.661608219146729 4.324644333333332
1.700507485886000 1492791864.554254531860352 4.329241499999998
1.705400674028000 1492661111.557950735092163 4.333846314814814
3.103143909312000 1492712129.681386232376099 4.338451333333333
2.968221902030000 2076001282.582265377044678 4.343995703703703
2.976858117532000 2169614375.482306480407715 4.348531203703703
3.047213819965000 2127551773.262352943420410 4.352976870370370
1.713950232810000 2227810726.405350685119629 4.357495314814814
2.970992970330000 1564793289.634168148040771 4.362687944444444
3.015418455842000 1960801377.097127914428711 4.368158388888888
3.106995913034000 2183444975.327014923095703 4.372650481481481
2.970069166295000 2282829671.165411949157715 4.377155166666665
3.014479905698000 2169399379.061902046203613 4.381694296296295
1.706619161812000 2050564921.285101175308228 4.386197185185185
2.961433982208000 1982575028.442015647888184 4.401872351851852
2.945092900196000 2073814629.672093629837036 4.407929296296296
2.977783631662000 2133793378.376062870025635 4.417656685185185
3.355792434645000 2136896878.075336456298828 4.426500944444444
1.902826987542000 2155476001.820112228393555 4.435657888888889
3.040444754052000 1557355512.993138074874878 4.440801629629630
2.976858117532000 2001483894.434789419174194 4.446300074074074
1.700507485886000 2095631291.636968851089478 4.450794944444445
2.970069166295000 1557696187.285663366317749 4.455930296296296
3.062642750699000 1962475805.550760030746460 4.461401018518519
2.970069166295000 2227745942.108092784881592 4.465913259259259
1.713338134890000 2158893475.333376884460449 4.470423777777778
3.053028242088000 1558228833.248684406280518 4.475564833333333
3.040444754052000 2041390558.630562305450439 4.481088592592593
3.006770238420000 2203642143.663684368133545 4.485565870370371
3.053978794152000 2193324739.878115653991699 4.489999333333333
3.023130523504000 2188241462.213355064392090 4.494436037037037
2.970992970330000 2192999536.106386184692383 4.498867129629629
1.712726492400000 2148459530.952744483947754 4.503354555555555
2.976858117532000 1558270373.092386960983276 4.508494777777777
1.707228859348000 1963225741.776198625564575 4.513962759259258
3.015418455842000 1558627632.687447309494019 4.519106425925925
2.975006055178000 2000503654.203343152999878 4.524609981481481
3.015418455842000 2148840029.663809776306152 4.529104796296296
2.970069166295000 2183306860.365946769714355 4.533599481481481
2.976858117532000 2148447579.497795581817627 4.538090055555555
2.961433982208000 2138170906.210313320159912 4.542508333333333
3.399963269598000 2138543050.838962078094482 4.546941722222222
3.030842591166000 2225540503.056911945343018 4.551454870370370
3.069402929476000 2231326456.418977737426758 4.565773666666667
1.714561419870000 2237760314.451382637023926 4.571752333333333
2.984570185194000 1876246465.916586160659790 4.581354592592593
1.888031434918000 2106245617.187587738037109 4.591248037037038
1.888705942822000 1811208290.275091409683228 4.600871092592593
3.463794949783000 1492102850.660165548324585 4.605474314814815
2.961433982208000 2036985506.467869043350220 4.610990185185186
3.394364761480000 2158837779.125815868377686 4.615508259259260
1.718829025792000 2161508834.314923763275146 4.620007759259259
3.015418455842000 1556913747.297544479370117 4.625172814814815
3.023130523504000 2001011298.748633384704590 4.630660148148148
2.999994320518000 2193172708.849358081817627 4.635101148148148
1.713338134890000 2193232383.507377624511719 4.639532759259259
3.069402929476000 1563508850.794743299484253 4.644698648148148
2.970992970330000 2040772420.734776258468628 4.650218092592592
3.015418455842000 2158829404.757014274597168 4.654726055555555
2.978709835188000 2183130542.745654582977295 4.659215574074073
2.971916430560000 2148144352.189630508422852 4.663703055555555
2.969146049870000 2137414140.567366361618042 4.668121129629629
1.713338134890000 2134849846.500845909118652 4.672554740740740
3.007706388180000 1558607868.774515628814697 4.677696018518517
3.015418455842000 2002309754.176177024841309 4.683196796296295
2.953721914546000 2193580279.523872852325439 4.687627611111110
3.008641493130000 2147956770.444544315338135 4.692117851851851
3.068447576644000 2183506726.863417148590088 4.696617499999999
2.977783631662000 2238209239.018353939056396 4.701107314814815
2.975931569308000 2159424973.224507808685303 4.705620148148148
3.031784889231000 2138532578.116521596908569 4.710056777777777
2.953721914546000 2126271980.744725942611694 4.714503851851851
3.039499354598000 2027001118.329291343688965 4.718925129629628
3.024070423864000 2186045405.545201301574707 4.733818888888887
2.976858117532000 2116330174.965847730636597 4.739742796296294
2.970069166295000 1726183752.616947650909424 4.750534277777776
3.510081741985000 2093052381.380433559417725 4.759392740740739
2.975006055178000 1781015262.927711486816406 4.770274833333332
3.340363503911000 2168872709.763243675231934 4.774813018518517
1.713950232810000 2138037521.047472953796387 4.779234240740740
3.116644008268000 1533626180.594019651412964 4.784383092592591
2.977783631662000 2074008567.798574686050415 4.790694407407406
3.008641493130000 2158318354.352883338928223 4.795231629629628
3.008641493130000 2182440639.702065467834473 4.799726777777776
3.025011024336000 2192391775.869860172271729 4.804152777777776
1.720671606272000 2187069513.414431095123291 4.808597962962961
2.976858117532000 1564704934.411963701248169 4.813769129629628
3.015418455842000 1962677514.260796785354614 4.819226333333331
2.978709835188000 2183350288.113269805908203 4.823725592592591
3.060737909366000 2134239187.113090038299561 4.828221685185183
1.707228859348000 2227943865.454904556274414 4.832720796296295
3.069402929476000 1571848169.556840181350708 4.837910796296295
1.706619161812000 2041559288.119546651840210 4.843426703703702
2.970069166295000 1570679551.722784519195557 4.848616944444443
2.999994320518000 1962847960.637937068939209 4.854074351851851
3.098322368346000 2138468392.977238416671753 4.858507555555554
1.714561419870000 2266644018.378529071807861 4.863029740740739
3.008641493130000 1564125226.306185960769653 4.868246370370368
1.706619161812000 2001856662.798324823379517 4.873751648148146
2.963276105472000 1565002664.031280994415283 4.878923425925924
3.029899240254000 1958771195.322224378585815 4.884383444444443
3.017294159478000 2149088279.475982666015625 4.898695944444443
3.031784889231000 2179405035.182565212249756 4.904625333333332
3.025011024336000 2186046558.220828533172607 4.913461740740739
3.455006312576000 2172476780.645281314849854 4.922444907407406
1.706009917920000 2195986672.595472812652588 4.931398888888888
3.349119348372000 1570146263.196739673614502 4.936592722222221
3.409793692214000 1963002971.134648561477661 4.942065129629628
3.115675335448000 2182255404.158565998077393 4.946560981481480
3.123387403110000 2234769997.702356815338135 4.951074462962961
2.977783631662000 2300583537.389338970184326 4.955498629629628
1.713950232810000 2168475896.132641792297363 4.960016499999998
2.977783631662000 1558708246.110019922256470 4.965165055555554
3.007706388180000 1962786631.605733871459961 4.970622925925924
2.967298785605000 2182791738.552187919616699 4.975120388888887
2.975006055178000 2147335867.099030017852783 4.980597037037035
3.078071681433000 2138617560.120240211486816 4.985032592592590
2.993212562396000 2228217209.834894657135010 4.989544870370368
3.029899240254000 2159210202.423834800720215 4.994058685185183
3.024070423864000 2182872432.321152687072754 4.998556370370368
2.953721914546000 2193287015.430937290191650 5.002984703703701
1.699900188734000 2148734633.277244091033936 5.007474925925924
3.071312213484000 1558096677.913314342498779 5.012612259259257
3.018232011296000 2041706256.239265203475952 5.018121722222221
2.966375325375000 2203806451.612903118133545 5.022616722222221
3.077114997138000 2148793004.893100738525391 5.027093925925924
1.713338134890000 2227860189.622026443481445 5.031611685185183
2.970069166295000 1570732893.454995632171631 5.036801111111109
3.062642750699000 1962836303.019830465316772 5.042266833333332
2.977783631662000 2227971058.363173007965088 5.046781666666665
3.007706388180000 2056128241.088027000427246 5.051324037037036
2.970992970330000 2147834545.510587692260742 5.066343944444443
2.978709835188000 2154727608.638489246368408 5.074442925925925
3.007706388180000 2164670959.696583747863770 5.083412388888887
3.526607240106000 2171666431.615797996520996 5.092315111111110
3.076157243922000 2238150135.905772209167480 5.098569444444443
3.471509415150000 2247461010.959682464599609 5.103065722222222
2.977783631662000 2247729365.201833248138428 5.107506037037036
1.706009917920000 2150534347.697562694549561 5.112016555555555
2.985498097029000 1521280721.581951856613159 5.117161629629629
2.976858117532000 1953580975.609755992889404 5.122628296296296
3.070357216066000 2138054445.141065835952759 5.127058851851851
1.706619161812000 2227549446.890377044677734 5.131563685185185
1.706619161812000 1570220298.926701307296753 5.136758814814814
3.054928285332000 1492979432.252868890762329 5.141357888888888
2.970069166295000 2041568190.061661243438721 5.146871888888888
3.060737909366000 2158920376.252638339996338 5.151390129629629
3.025951274752000 2227839456.273109436035156 5.155907648148148
3.031784889231000 2202627150.294950485229492 5.160399925925925
2.985498097029000 2193037483.064880371093750 5.164828592592592
2.977783631662000 2148415320.354915618896484 5.169324185185184
2.970069166295000 2138267913.084885120391846 5.173757629629629
2.976858117532000 2138509801.300713777542114 5.178191092592591
1.713950232810000 2138414517.462199211120605 5.182627129629628
3.014479905698000 1558661614.269659757614136 5.187768314814813
3.023130523504000 2001824589.623308420181274 5.193271388888888
2.975006055178000 2193199838.231554031372070 5.197713037037036
2.970069166295000 2147224646.771425008773804 5.202200740740739
2.970069166295000 2138210007.977312564849854 5.206634611111109
1.712726492400000 2138309922.269091367721558 5.211072999999998
1.713950232810000 1556414127.558459997177124 5.216216611111109
3.078071681433000 2007246421.324351549148560 5.232315055555554
2.975931569308000 2178469263.860894680023193 5.238470796296294
3.060737909366000 2135401762.836937427520752 5.248227796296294
3.348077969278000 1966465510.198050498962402 5.258880703703701
3.340363503911000 2119951751.232486009597778 5.267869611111109
1.713338134890000 2135890547.054948806762695 5.272283481481479
3.349119348372000 1557819483.178656339645386 5.277429611111108
3.007706388180000 1920977842.157098293304443 5.282901296296293
2.986426700046000 2182119308.924598693847656 5.287379555555552
2.977783631662000 2144307678.981690406799316 5.291869203703700
2.976858117532000 2136727221.907018899917603 5.296308166666663
2.970069166295000 2138485966.500679254531860 5.300726166666664
2.970069166295000 2138392700.236566305160522 5.305164666666664
2.976858117532000 2137974008.259448766708374 5.309590574074071
2.977783631662000 2138356617.785652160644531 5.314011740740738
2.975931569308000 2139925765.664363145828247 5.320987648148146
2.976858117532000 2136625879.542825698852539 5.325422296296294
2.977783631662000 2138306004.435331821441650 5.329848037037035
2.984570185194000 2138285229.586066484451294 5.334269037037035
2.967298785605000 2138307539.740655183792114 5.338694722222220
3.084827064800000 2138392241.379310131072998 5.343128499999998
2.983641236586000 2227704646.126587390899658 5.347643611111109
3.068447576644000 2158173211.231909275054932 5.352159185185183
3.032727889194000 2228122201.213234901428223 5.356674203703702
2.985498097029000 2203687016.870499610900879 5.361151666666665
3.047213819965000 2139025170.398819923400879 5.365645481481479
3.016355958497000 2182601340.999324798583984 5.370141851851850
2.976858117532000 2193456185.857674598693848 5.374575351851850
1.737827382900000 2148769782.482347488403320 5.379067962962961
1.715173290075000 1555810290.280202388763428 5.384213055555554
2.977783631662000 1932347811.807209253311157 5.400226185185184
2.979635694016000 2112979655.190870046615601 5.406453999999998
1.720057107968000 2133152417.024659395217896 5.416144518518517
3.339325297646000 1633564068.249614238739014 5.425872425925925
2.984570185194000 2110561570.375235080718994 5.435911074074073
1.888031434918000 2136643287.478662490844727 5.440337296296295
3.340363503911000 1558908220.168049097061157 5.445487907407407
2.976858117532000 1957200934.611086845397949 5.450956611111111
1.707228859348000 2087409558.454591035842896 5.455385499999999
2.977783631662000 1557372422.063213586807251 5.460527962962963
1.706619161812000 1954458002.735978364944458 5.466010462962963
2.999060571142000 1558279382.860927820205688 5.471154870370371
3.014479905698000 2001204347.679779052734375 5.476658018518519
2.968221902030000 2193361727.413483142852783 5.481083388888889
3.061690861814000 2148453912.935887336730957 5.485573481481482
3.079029078342000 2227709734.338966369628906 5.490086333333334
2.953721914546000 2247721389.713980197906494 5.494525296296297
3.061690861814000 2158716201.736560344696045 5.499036129629631
3.008641493130000 2227934390.727091312408447 5.503551074074076
1.712114849910000 2202892207.101542949676514 5.508043055555557
3.063595348626000 1565610608.558526277542114 5.513210092592594
3.101215077534000 2041443015.303915262222290 5.518731555555557
1.713338134890000 2293174710.356982231140137 5.523218240740742
3.060737909366000 1577288618.723325729370117 5.528433759259261
3.069402929476000 2041028862.889514446258545 5.533945129629631
3.007706388180000 2248228870.093761920928955 5.538381092592593
3.022189572976000 2203755393.427199363708496 5.542868722222223
3.079029078342000 2193414776.902010440826416 5.547304574074075
3.070357216066000 2238239385.961659431457520 5.551799407407408
2.984570185194000 2239025721.793548583984375 5.556232166666668
2.993212562396000 2135084032.593082427978516 5.570568314814816
3.017294159478000 2065049633.572378396987915 5.576458518518519
3.039499354598000 1747172332.475068569183350 5.587232481481482
3.533225138086000 2155050037.131776809692383 5.596209518518520
3.122415247590000 2236540857.347270488739014 5.605242981481482
3.362461500632000 2302672677.253970146179199 5.609685759259260
1.720057107968000 2169178835.796669960021973 5.614203870370371
3.085786146800000 1557982882.131246566772461 5.619353351851853
3.024070423864000 1998352573.841921806335449 5.624886944444445
2.968221902030000 2203103349.504114627838135 5.629360796296297
3.077114997138000 2148437081.668254375457764 5.633851185185186
2.977783631662000 2227435943.653625011444092 5.638351129629631
1.714561419870000 2158746608.228891849517822 5.642863685185186
2.976858117532000 1557621541.943575382232666 5.648001981481483
3.014479905698000 1963194775.865587472915649 5.653446796296297
3.025011024336000 2183210847.457626819610596 5.657926425925926
3.133047132348000 2193358798.973997592926025 5.662344870370370
2.984570185194000 2282926766.066838264465332 5.666847185185185
2.975931569308000 2169449601.665464401245117 5.671366000000000
3.008641493130000 2138466639.391485214233398 5.675801814814815
1.712114849910000 2182548053.814325809478760 5.680286370370371
3.060737909366000 1565385819.821823835372925 5.685447722222222
3.070357216066000 2041750395.760665416717529 5.690969203703704
2.953721914546000 2248286261.405024051666260 5.695408037037037
2.970069166295000 2153917211.346843242645264 5.699924222222222
1.706619161812000 2136799556.457518339157104 5.704349870370370
3.015418455842000 1558638150.639015674591064 5.709487981481481
3.017294159478000 2001969834.963222026824951 5.714973851851852
3.300764959336000 2193282477.942871570587158 5.719392092592592
2.985498097029000 2230608593.698394775390625 5.723877722222222
3.024070423864000 2135728403.577573299407959 5.738213944444444
2.976858117532000 2179086908.048582553863525 5.744177037037037
2.999994320518000 2132956295.991931438446045 5.753100703703704
3.369124600486000 2174118114.790250301361084 5.762001962962963
2.960512234752000 2152681133.188095092773438 5.771046259259260
3.402079226847000 2137591799.796377658843994 5.775466203703704
1.896103217268000 2181970429.182948589324951 5.779935074074075
1.712726492400000 1533455958.753289461135864 5.785107203703705
3.116644008268000 1454716114.104620933532715 5.789805296296297
1.713950232810000 2076584165.456457614898682 5.795352240740741
1.713950232810000 1576324101.719345092773438 5.800568481481482
3.018232011296000 1492666757.881351232528687 5.805170296296297
3.072266855488000 1997324270.943038225173950 5.810673981481482
3.076157243922000 2237394061.174369335174561 5.815152981481482
2.976858117532000 2248372300.079688549041748 5.819591555555556
2.946925770194000 2145655943.393530130386353 5.824127092592593
3.118582436224000 2138057369.792536735534668 5.828561611111112
2.982713324751000 2272647097.477256298065186 5.833098851851853
3.016355958497000 2169369953.592026233673096 5.837635907407408
3.085786146800000 2183177820.078613758087158 5.842130462962964
2.977783631662000 2238207542.417322635650635 5.846615222222224
2.976858117532000 2159203440.141294479370117 5.851113314814816
2.968221902030000 2138267767.615247011184692 5.855549444444446
3.070357216066000 2137803043.035772562026978 5.859934685185186
3.024070423864000 2221373925.336577415466309 5.864440833333334
1.713338134890000 2203142138.468858242034912 5.868917037037038
2.976858117532000 1564897738.217570781707764 5.874089129629630
2.984570185194000 1962770102.401106119155884 5.879554203703704
3.024070423864000 2002641367.629494905471802 5.884004185185185
2.985498097029000 2142885215.680999994277954 5.899012203703704
3.024070423864000 2139209356.056842088699341 5.904975462962962
2.965118228736000 1884258108.773289442062378 5.915584685185185
3.411914447552000 2165065979.150039672851562 5.924494907407407
3.015418455842000 2147238877.177410364151001 5.933507907407408
3.407672936876000 2192642086.353529453277588 5.937930296296297
2.979635694016000 2193204230.899065971374512 5.942373796296296
1.712726492400000 2145241635.810359716415405 5.946864944444444
2.986426700046000 1514150845.150557041168213 5.952007574074074
2.984570185194000 1962135520.646014928817749 5.957465537037036
3.131099470772000 2138093025.009425640106201 5.961886092592592
3.138811538434000 2272325747.944914340972900 5.966416407407407
3.024070423864000 2303035326.710531234741211 5.970854870370370
2.971916430560000 2214029929.302799224853516 5.975365500000000
3.084827064800000 2147209951.087873220443726 5.980855314814814
2.975931569308000 2227783013.420372486114502 5.985377185185184
3.091576578478000 2159122187.724889278411865 5.989880425925925
1.713950232810000 2222653695.088311672210693 5.994378388888888
2.984570185194000 1571454586.311689615249634 5.999570166666667
1.713338134890000 1962178978.051778078079224 6.005040111111111
2.970069166295000 1559150282.461465358734131 6.010183388888889
1.706619161812000 1962947236.878644943237305 6.015651574074074
3.069402929476000 1558236416.135025024414062 6.020795203703703
2.977783631662000 2041719035.799811124801636 6.026308888888889
3.085786146800000 2159046306.315168380737305 6.030827111111111
3.086745943200000 2227909577.500605106353760 6.035342129629630
3.084827064800000 2248559375.706853866577148 6.039763129629629
3.030842591166000 2247679871.305047035217285 6.044183574074074
1.714561419870000 2203991831.537869930267334 6.048663314814815
3.024070423864000 1563149025.109514236450195 6.053837685185185
2.999994320518000 2130261388.074291467666626 6.069182685185185
1.706619161812000 2183512295.312587738037109 6.075106351851852
2.970992970330000 1875723035.185636281967163 6.084758333333333
3.394364761480000 2107781485.274423360824585 6.094631555555556
3.023130523504000 2174276000.247356414794922 6.103615444444444
3.401021838942000 2191723630.546448230743408 6.108060648148148
2.976858117532000 2193660461.336500644683838 6.112504259259259
2.977783631662000 2136026263.871763229370117 6.117009814814814
3.053028242088000 2137748795.732977628707886 6.121453888888889
3.079029078342000 2227393914.301759719848633 6.125971462962963
1.712726492400000 2248168005.039233684539795 6.130410703703704
2.999994320518000 1570979837.083923578262329 6.135600833333333
2.969146049870000 2001177646.524307012557983 6.141103333333334
2.970069166295000 2137836482.606112718582153 6.145591925925926
2.975931569308000 2138306743.699321985244751 6.150024870370371
3.070357216066000 2138343834.586466312408447 6.154458203703704
1.713338134890000 2227942970.219146728515625 6.158978259259259
2.969146049870000 1562720247.879369258880615 6.164171944444444
2.976858117532000 1962804725.644805669784546 6.169648759259259
3.016355958497000 2138556295.551646232604980 6.174069870370370
2.961433982208000 2183193648.334624290466309 6.178564462962963
2.992282252856000 2136343510.699352264404297 6.183081870370370
2.969146049870000 2137953440.516621351242065 6.187509500000000
2.968221902030000 2136257490.061325311660767 6.191939444444444
3.078071681433000 2138215572.261622190475464 6.196375870370370
2.970069166295000 2227908906.142861366271973 6.200886074074074
3.024070423864000 2159243188.050164222717285 6.205383888888888
2.970069166295000 2183237395.659432411193848 6.209876388888888
1.712726492400000 2147001922.862211465835571 6.214354666666665
2.963276105472000 1463056320.096131801605225 6.219532740740739
1.685860194480000 1632150234.124112606048584 6.235015981481480
3.052078750908000 1480820457.547098159790039 6.241115333333331
3.068447576644000 2225603169.276914596557617 6.249227944444442
3.059786020481000 2242823740.243545532226562 6.258910518518516
3.471509415150000 2227673020.303202152252197 6.267854555555553
3.330576264096000 2227554242.956475734710693 6.274012037037035
1.900790577840000 2157691129.263987541198730 6.278523333333331
3.036664211762000 1558421639.653725147247314 6.283663759259256
2.969146049870000 1994011796.944254159927368 6.289157962962959
1.713338134890000 2091831427.724142551422119 6.293654111111108
3.070357216066000 1557778410.930518627166748 6.298801777777775
3.117613402632000 2040341982.083770513534546 6.304308888888886
1.712726492400000 2292921514.235751152038574 6.308788351851849
3.070357216066000 1577387665.151337623596191 6.314006629629627
3.063595348626000 2039677254.829683542251587 6.319532833333330
2.975006055178000 2247562246.918875217437744 6.323936888888886
3.007706388180000 2158536852.512009143829346 6.328451129629626
3.007706388180000 2183350538.308856010437012 6.332938777777774
3.069402929476000 2193506913.979750156402588 6.337379592592589
3.008641493130000 2233298726.471898078918457 6.341869888888885
3.017294159478000 2203633642.883982658386230 6.346354685185181
2.976858117532000 2193370583.888891220092773 6.350790777777774
2.977783631662000 2148635775.355414867401123 6.355280833333329
1.706619161812000 2138489672.388458728790283 6.359716981481477
1.707228859348000 1550293740.279937982559204 6.364860981481477
1.707228859348000 1492274882.430965900421143 6.369468203703699
3.008641493130000 1492736675.461741447448730 6.374065333333328
1.713950232810000 2001953993.963986396789551 6.379550925925921
2.976858117532000 1564453657.191755056381226 6.384723129629625
3.011448201060000 1962862818.184282541275024 6.390188166666661
2.977783631662000 2070114031.110634803771973 6.394681092592587
3.083866911200000 2133414611.097035884857178 6.409299611111106
2.969146049870000 2233080861.842613220214844 6.415294518518513
3.079029078342000 2087617705.260799884796143 6.424222185185180
1.900790577840000 1770041289.893958806991577 6.435037314814809
1.908188354152000 1868453171.916171312332153 6.444707833333328
3.015418455842000 1492452740.545089244842529 6.449307148148143
3.401021838942000 2001789901.824228048324585 6.454798055555550
3.155216335103000 2129053392.030703306198120 6.459227555555549
3.171631456638000 2326521928.643142223358154 6.463764999999994
3.024070423864000 2351442651.253565788269043 6.468205666666661
3.015418455842000 2224311866.403750896453857 6.472732296296290
2.975931569308000 2193517653.195351123809814 6.477170166666661
3.016355958497000 2148953848.830994129180908 6.481639777777772
3.038554658828000 2182993529.686229228973389 6.486124648148142
3.117613402632000 2193392313.968327045440674 6.490550666666661
3.131099470772000 2282813835.724369049072266 6.495063407407402
1.701720950545000 2303462389.797105312347412 6.499489166666661
2.976858117532000 1576589738.312052488327026 6.504707425925921
2.976858117532000 1959077502.702006578445435 6.510173185185180
2.970069166295000 2138445180.172093629837036 6.514608759259255
3.030842591166000 2138403655.922067165374756 6.519039925925921
2.976858117532000 2183320502.836800575256348 6.523534425925921
2.970069166295000 2147883357.638974666595459 6.528029648148143
2.985498097029000 2138675710.994764566421509 6.532450944444440
2.976858117532000 2138650989.789017677307129 6.536886981481477
2.970069166295000 2128192523.980040550231934 6.541329333333328
3.078071681433000 2138325511.945392608642578 6.545756888888884
2.977783631662000 2227902398.785217285156250 6.550269203703699
2.977783631662000 2159056646.658926010131836 6.554782888888885
2.983641236586000 2137479583.907757759094238 6.559215666666662
2.975931569308000 2021493475.785970687866211 6.563656388888885
3.069402929476000 2130976636.320126533508301 6.577933851851848
1.713338134890000 2195038908.577234745025635 6.583911777777773
2.976858117532000 1657653981.586418390274048 6.593683148148144
3.354749432970000 1920504591.483277559280396 6.603733962962958
3.362461500632000 2122697842.714013099670410 6.612639185185181
1.713338134890000 2137579680.390168666839600 6.617058925925922
2.975006055178000 1558248061.290554523468018 6.622207444444441
3.029899240254000 1929672049.318747520446777 6.627668518518515
2.976858117532000 2174338646.258419036865234 6.632147462962959
2.976858117532000 2148502526.089117050170898 6.636619314814811
2.968221902030000 2138315827.203200817108154 6.641062555555552
1.706619161812000 2138451078.857400417327881 6.645498833333329
2.953721914546000 1557847452.191428899765015 6.650637962962959
2.976858117532000 1961739553.950118780136108 6.656113185185181
1.713338134890000 2138380488.784061670303345 6.660541407407403
3.071312213484000 1558724734.837302207946777 6.665684999999995
2.985498097029000 2041619520.103324890136719 6.671190814814810
3.078071681433000 2159167358.742399215698242 6.675686148148144
1.712726492400000 2226790302.701636791229248 6.680193703703700
3.024070423864000 1571198265.895953655242920 6.685383703703700
3.077114997138000 1997547733.214887857437134 6.690887092592589
1.713338134890000 2238189923.359484672546387 6.695378962962959
1.706619161812000 1570109331.982939481735229 6.700571777777774
2.968221902030000 1493078333.970194816589355 6.705175759259255
3.123387403110000 1962571223.250815868377686 6.710638888888885
3.129151446638000 2272552042.101658821105957 6.715181685185181
1.713338134890000 2303366625.253274917602539 6.719623499999996
3.060737909366000 1577509336.272958278656006 6.724831185185181
2.970069166295000 2041283337.920479059219360 6.730348481481477
3.061690861814000 2259465129.237956047058105 6.744738388888885
3.063595348626000 2233490108.670520305633545 6.750745333333329
2.984570185194000 2210190016.950023174285889 6.759758759259255
3.345995598652000 2165295236.008565425872803 6.768717944444441
2.977783631662000 2120627815.730495691299438 6.777633629629626
1.889379446994000 2137770288.806392669677734 6.782048351851848
3.023130523504000 1558720726.226855993270874 6.787199277777773
1.732876215840000 1952335289.417673349380493 6.792715462962959
2.970069166295000 1529942362.390654802322388 6.797891481481478
2.976858117532000 1962775580.418822526931763 6.803360074074070
2.994143564904000 2130772760.806772470474243 6.807803018518515
3.039499354598000 2133898111.737879514694214 6.812225074074070
3.024070423864000 2183179685.570828914642334 6.816724703703700
3.070357216066000 2193436100.274828433990479 6.821158444444440
2.969146049870000 2238050732.584121704101562 6.825650407407403
2.977783631662000 2158814744.917844295501709 6.830164203703700
2.970069166295000 2138221492.069316148757935 6.834605462962959
2.968221902030000 2138461173.443387269973755 6.839038759259256
2.967298785605000 2138261682.712221860885620 6.843464814814811
2.963276105472000 2138223260.060986042022705 6.847885999999996
3.016355958497000 2137275441.510570764541626 6.852312092592589
2.976858117532000 2183637223.922710895538330 6.856801240740737
2.976858117532000 2148938819.909173011779785 6.861278611111108
1.720057107968000 2131663225.677131652832031 6.865713166666663
3.007706388180000 1558597673.765807628631592 6.870858981481478
1.713338134890000 2000706271.607605934143066 6.876344018518514
2.977783631662000 1565500017.895106077194214 6.881518203703699
1.720671606272000 1963534911.130378484725952 6.886986055555551
1.706619161812000 1558019802.265794515609741 6.892122018518513
2.978709835188000 1406933514.802592039108276 6.896734574074069
2.969146049870000 1635775495.328341245651245 6.913502351851847
2.970992970330000 2170169716.454127311706543 6.919538999999995
3.101215077534000 2128582212.452496051788330 6.928393092592588
3.481387818656000 2249209955.811172008514404 6.937357148148143
3.077995418340000 2231517229.255298137664795 6.946311018518514
3.462718380238000 2246993041.537631988525391 6.950742074074069
1.699900188734000 2247779372.384937286376953 6.955167999999994
1.706009917920000 1562288911.691143512725830 6.960365666666661
3.122415247590000 1492757146.989345788955688 6.964975222222217
2.969146049870000 2081783549.725784301757812 6.970526407407402
3.015418455842000 2169191512.811197757720947 6.975063092592587
3.008641493130000 2183188339.994231700897217 6.979557722222216
2.959591516032000 2194020887.870669841766357 6.984997703703698
3.131099470772000 2148394309.043671607971191 6.989488259259254
3.062642750699000 2316865077.753867149353027 6.994049185185180
2.969146049870000 2268634417.259567260742188 6.998557259259254
2.970069166295000 2159050782.983058929443359 7.003065185185180
2.952802567474000 2138044590.554383754730225 7.007481499999995
2.976858117532000 2126769577.314384222030640 7.011920925925921
1.699900188734000 2137627117.794276952743530 7.016353166666661
3.060737909366000 1559145502.417127132415771 7.021501611111105
2.968221902030000 2041839955.898121833801270 7.027010740740735
1.700507485886000 2159072064.797343254089355 7.031505666666661
2.970992970330000 1558021166.115503311157227 7.036651907407402
2.992282252856000 1962799927.932583093643188 7.042099481481475
2.970069166295000 2138421550.946798801422119 7.046535481481476
1.706619161812000 2138444841.469552040100098 7.050951037037031
2.975931569308000 1557946015.266735553741455 7.056091722222216
3.016355958497000 1957708783.138972282409668 7.061563907407401
2.976858117532000 2182201211.421978950500488 7.066058166666661
3.069402929476000 2153428283.640661239624023 7.080380148148143
2.976858117532000 1911066619.217081785202026 7.087405148148142
2.970992970330000 2202450745.844580173492432 7.097181537037031
3.354749432970000 2132777181.469853639602661 7.106011592592586
2.975006055178000 2186120925.620644092559814 7.115088185185178
3.348077969278000 2137701868.386105298995972 7.119522592592586
2.985498097029000 2136523343.253552436828613 7.123940555555548
3.348077969278000 2132081628.049773931503296 7.128373944444437
3.069402929476000 2083580244.228838920593262 7.132802092592585
3.070357216066000 2227093853.095582485198975 7.137320777777770
2.975931569308000 2248183799.254359245300293 7.141746499999992
2.968221902030000 2158746659.226770877838135 7.146260037037029
3.078071681433000 2138332653.470643520355225 7.150690851851844
2.970069166295000 2227447041.896728038787842 7.155208574074067
2.982713324751000 2159248616.746588230133057 7.159726907407400
1.719443066880000 2137003772.128210544586182 7.164140370370363
3.031784889231000 1549928945.948861837387085 7.169289814814807
2.969146049870000 2001394804.234582424163818 7.174799999999992
2.985498097029000 2148649525.482869148254395 7.179289944444437
3.023130523504000 2138485648.179196357727051 7.183708018518511
2.977783631662000 2182505116.236764907836914 7.188187222222215
2.977783631662000 2148817527.547070026397705 7.192664407407400
3.021249672616000 2138282946.110497951507568 7.197077759259252
3.024070423864000 2183305124.755482673645020 7.201565055555548
1.706619161812000 2193250356.472795486450195 7.206006722222215
2.970992970330000 1565140846.684380531311035 7.211178092592585
3.115675335448000 1962030554.680273771286011 7.216643703703697
2.984570185194000 2272769826.629228115081787 7.221181185185178
3.031784889231000 2169714233.228011131286621 7.225717518518511
3.090615098773000 2183404365.364151477813721 7.230207407407400
1.705400674028000 2011893077.581265449523926 7.234665814814807
2.968221902030000 1927536926.673552274703979 7.249708388888881
1.706009917920000 1949781917.865441560745239 7.256801537037029
1.712726492400000 1487649625.207594394683838 7.266703314814807
3.455006312576000 1825837280.681822299957275 7.277298018518510
3.357879603360000 2229099803.335041046142578 7.287382851851843
2.992282252856000 2158445793.205196380615234 7.291901555555547
3.337830396000000 2137052594.911740303039551 7.296314037037028
1.713950232810000 2059554392.467194080352783 7.300750925925917
3.092539132462000 1558550148.692728042602539 7.305894518518509
2.968221902030000 1962450908.401186704635620 7.311361999999991
2.976858117532000 2138258742.542450666427612 7.315800703703695
1.721899459840000 2137194158.312736034393311 7.320228648148139
2.969146049870000 1558580951.043815374374390 7.325372703703694
3.060737909366000 1962439135.758207082748413 7.330847851851843
1.707228859348000 2227339206.614824295043945 7.335362962962954
3.005835133470000 1570513704.474617242813110 7.340549833333324
2.975931569308000 2001702735.560262680053711 7.346048740740732
2.975931569308000 2148728265.809501171112061 7.350530925925916
3.076157243922000 2138246941.203481435775757 7.354967129629620
2.968221902030000 2227917016.836866378784180 7.359484333333324
2.970992970330000 2151006037.984411239624023 7.364038833333324
2.984570185194000 2134454844.307979822158813 7.368477796296287
2.969146049870000 2138404683.278294801712036 7.372919129629620
2.977783631662000 2138468197.110958814620972 7.377344537037028
2.977783631662000 2138516034.179442167282104 7.381765648148139
3.062642750699000 2138391704.376575946807861 7.386201722222213
2.954640235561000 2227752670.389961242675781 7.390714518518510
2.975006055178000 2159046365.940526008605957 7.395222537037029
2.976858117532000 2137201773.280569076538086 7.399658759259251
3.039499354598000 2139605763.443017482757568 7.404088981481473
3.078071681433000 2231124544.560121536254883 7.418487962962955
2.985498097029000 2230710192.593235492706299 7.424461981481473
1.713950232810000 2132627906.157312154769897 7.433396555555547
3.484769609656000 1837117087.897869348526001 7.443057388888881
3.083866911200000 1979686730.797594070434570 7.453227555555547
3.354749432970000 2247626748.820223808288574 7.457669703703695
2.968221902030000 2158699224.952508449554443 7.462183166666659
3.298173898404000 2130483965.672990083694458 7.466611166666659
3.015418455842000 2099564091.407341718673706 7.471037425925918
3.070357216066000 2182636048.841216564178467 7.475529685185177
2.970069166295000 2236663669.435667991638184 7.480019425925918
2.976858117532000 2159147700.572037696838379 7.484535444444437
3.084827064800000 2138309550.761262178421021 7.488968870370363
1.713338134890000 2226151817.077574729919434 7.493481611111104
1.706619161812000 1571535049.182435750961304 7.498666388888882
1.699293343440000 1492546188.647377014160156 7.503271296296290
3.031784889231000 1492909460.440358161926270 7.507863518518512
3.077114997138000 2001161825.726141214370728 7.513366351851845
3.062642750699000 2238370542.078318119049072 7.517848074074068
2.975006055178000 2248220295.078274726867676 7.522287574074068
3.061690861814000 2159025575.605440139770508 7.526787666666660
3.069402929476000 2227969942.851977825164795 7.531295129629624
1.712726492400000 2248402404.632380008697510 7.535734092592587
2.970069166295000 1570686743.034850597381592 7.540926611111106
2.976858117532000 1962950000.847156047821045 7.546391518518513
2.970992970330000 2138428557.084044694900513 7.550817740740736
1.700507485886000 2138520337.027935028076172 7.555248629629625
3.070357216066000 1558041478.985061168670654 7.560391796296291
1.726776081046000 2041652150.550273418426514 7.565905888888884
3.038554658828000 1493473956.338567733764648 7.571127888888884
3.083866911200000 2128782900.178695678710938 7.586486074074069
3.025011024336000 2232403542.391486167907715 7.592458185185181
2.976858117532000 2189014558.332103252410889 7.601363611111107
3.399963269598000 2198141035.997790813446045 7.610349759259255
3.348077969278000 2159839961.833716392517090 7.619316370370366
3.023130523504000 2147424703.305406570434570 7.623805648148144
3.079029078342000 2182204821.362343788146973 7.628299537037033
2.977783631662000 2231657880.474131584167480 7.632775555555551
3.031784889231000 2158330725.099863529205322 7.637281703703700
1.706009917920000 2164498783.694129943847656 7.641803592592589
1.714561419870000 1565072169.595329284667969 7.646980185185181
1.719443066880000 1492794039.455426692962646 7.651584537037033
2.954640235561000 1491829559.502764463424683 7.656183296296293
2.970069166295000 1962473611.925924301147461 7.661644166666663
1.699900188734000 2137985976.661337614059448 7.666057444444442
3.070357216066000 1558575794.326266527175903 7.671203314814812
3.019169863114000 2039655788.299080848693848 7.676729629629627
2.970069166295000 2187486393.938892841339111 7.681207481481478
1.707228859348000 2148463450.051153182983398 7.685696518518515
3.070357216066000 1558847445.562494039535522 7.690847685185182
3.069402929476000 2041211187.995333194732666 7.696371462962960
2.984570185194000 2248411005.846437931060791 7.700802777777774
3.054928285332000 2159280457.977675914764404 7.705315370370367
3.061690861814000 2227827867.340539455413818 7.709833203703701
3.070357216066000 2248294317.987121105194092 7.714264666666664
1.706619161812000 2248171205.413081645965576 7.718698370370368
1.707837649596000 1571659791.497997283935547 7.723890611111108
3.016355958497000 1491907022.271634101867676 7.728487888888886
2.993212562396000 1909442977.851275205612183 7.734008648148146
3.016355958497000 2132363038.523527860641479 7.748325055555553
2.968221902030000 2187459412.945392131805420 7.757256018518516
1.721285190144000 2148521127.608638286590576 7.766174925925924
3.354749432970000 1634215169.889986038208008 7.775911074074072
3.331613229984000 2097634752.820712327957153 7.785814666666664
3.416445974266000 2093001697.907413482666016 7.790755388888886
1.907507152320000 2180169600.752534389495850 7.795243925925924
2.985498097029000 1511261873.981628894805908 7.800415129629627
3.044371481335000 1957367045.939122200012207 7.805886944444442
3.037608907532000 2181333119.098235130310059 7.810381833333331
2.969146049870000 2192980280.724920749664307 7.814813481481479
2.970069166295000 2148490102.805510520935059 7.819305962962960
2.983641236586000 2137775512.501407146453857 7.823747685185182
3.115675335448000 2137359025.285821437835693 7.828185833333331
2.985498097029000 2272278772.201118946075439 7.832724518518516
3.031784889231000 2169350631.216213703155518 7.837260148148146
3.061690861814000 2183059362.047512531280518 7.841754851851849
1.707228859348000 2238205106.196845054626465 7.846242499999997
3.023130523504000 1571693490.605383157730103 7.851437555555552
2.976858117532000 2001431556.632344245910645 7.856940888888886
2.977783631662000 2148829343.056671142578125 7.861435611111108
3.077114997138000 2131613935.181308031082153 7.865858203703700
2.969146049870000 2226844501.119375228881836 7.870374611111107
2.976858117532000 2158851871.336857318878174 7.874880203703700
1.707228859348000 2138532156.442180395126343 7.879300722222219
3.039499354598000 1558068143.689292430877686 7.884444537037034
3.062642750699000 2002040373.789005041122437 7.889947740740737
3.108929542901000 2238231026.536831855773926 7.894432074074071
1.707228859348000 2291233246.340726852416992 7.898909537037033
2.963276105472000 1574318589.341359376907349 7.904133259259256
2.975931569308000 1656071280.212158918380737 7.919593370370367
2.978709835188000 2123644456.714750766754150 7.925496074074071
2.962354700928000 2132682865.819480657577515 7.934350370370368
3.462718380238000 2123629673.478384017944336 7.943172314814812
2.960512234752000 2163956655.773711681365967 7.952176888888887
3.347037365308000 2158603461.644178390502930 7.956690907407405
1.715173290075000 2133444779.687082290649414 7.961122314814813
3.024070423864000 1558282969.639468669891357 7.966275203703701
2.970069166295000 1952621211.253465652465820 7.971772111111109
2.969146049870000 2147257541.464138507843018 7.976263944444443
2.969146049870000 2138099170.645890712738037 7.980685055555554
2.970069166295000 2139478339.264208555221558 7.986128425925925
3.016355958497000 2138424209.474181652069092 7.990556444444443
1.699293343440000 2182909835.015151023864746 7.995036092592591
3.001860429762000 1563739547.468558311462402 8.000210277777777
2.964197167104000 1967572650.139201879501343 8.005797685185184
3.015418455842000 2118711035.695809841156006 8.010272222222222
1.707228859348000 2182834134.029519081115723 8.014755203703704
1.699900188734000 1565603806.606086254119873 8.019929444444445
3.063595348626000 1492075199.768244743347168 8.024532000000001
2.975931569308000 2042108620.608757972717285 8.030057518518520
2.961433982208000 2159166996.352210998535156 8.034560500000001
2.954640235561000 2137828540.694692850112915 8.039002111111113
3.069402929476000 2138332140.912327527999878 8.043423037037039
3.067493290054000 2228215063.736876964569092 8.047935222222224
3.108929542901000 2244993882.988704204559326 8.052376388888890
2.970069166295000 2293606825.972354412078857 8.056865777777778
2.970069166295000 2169378294.662340641021729 8.061397518518518
2.976858117532000 2138261599.148456573486328 8.065833907407407
3.029899240254000 2000921872.647900104522705 8.070262574074075
1.706619161812000 2147644289.437847614288330 8.085289148148149
1.708447120310000 1630711101.810191631317139 8.094846148148148
3.124358473635000 1655953691.673621654510498 8.105607351851852
3.464872321242000 2244246507.751168251037598 8.115583148148147
3.352662264255000 2203591271.172969341278076 8.121873925925925
3.076157243922000 2158173647.433633804321289 8.126384555555555
3.350160339904000 2219754445.114373207092285 8.130899500000000
2.969146049870000 2143228852.788781166076660 8.135392037037038
3.125330267490000 2147540314.784979343414307 8.139874814814815
3.024070423864000 2271223171.208762645721436 8.144419407407408
3.024070423864000 2214142606.413516044616699 8.148935333333334
2.984570185194000 2193107001.718751907348633 8.153363611111113
1.707228859348000 2148651143.235188484191895 8.157856222222224
3.070357216066000 1559041974.349008798599243 8.163002222222223
2.970069166295000 2041055279.109744071960449 8.168528722222224
2.975931569308000 2157075253.903445243835449 8.173041592592593
3.075200559627000 2138573689.027830839157104 8.177472500000000
3.038554658828000 2227863952.549403667449951 8.181990259259260
2.977783631662000 2159057758.267005920410156 8.186503962962965
2.977783631662000 2138440784.951464414596558 8.190922259259262
3.015418455842000 2127415644.268079757690430 8.195346314814817
3.061690861814000 2182870210.870210647583008 8.199835648148150
3.023130523504000 2237296509.925992965698242 8.204327222222224
2.970992970330000 2203696840.976575374603271 8.208817592592593
2.969146049870000 2148616781.449735164642334 8.213302703703704
2.977783631662000 2138307109.781173467636108 8.217733740740741
2.960512234752000 2138358836.274374961853027 8.222169685185186
1.699293343440000 2138291740.794199705123901 8.226583166666668
2.978709835188000 1558642694.524495601654053 8.231723907407408
3.116644008268000 1963057652.300104618072510 8.237198296296297
2.978709835188000 2215842121.670398235321045 8.251574111111111
2.970069166295000 2128584439.232146263122559 8.257574481481482
2.969146049870000 2166230165.325898647308350 8.266554500000002
1.916274528090000 2169768023.707367897033691 8.276377981481483
2.976858117532000 1841534580.081293106079102 8.286082240740742
3.471509415150000 1962715132.877932310104370 8.291550222222224
2.975931569308000 2218920197.449609279632568 8.296052074074076
3.347037365308000 2159066461.604257106781006 8.300555370370372
3.062642750699000 2068591036.426260232925415 8.304991018518519
3.031784889231000 2227492054.738141536712646 8.309490555555556
2.977783631662000 2203523927.232443332672119 8.313970574074075
1.719443066880000 2148562238.664609909057617 8.318448111111111
1.706009917920000 1558863342.766412496566772 8.323591555555556
2.985498097029000 1492033428.898159027099609 8.328190592592593
1.713950232810000 1963210590.661713123321533 8.333658722222223
3.075200559627000 1558561940.626282453536987 8.338802537037038
2.984570185194000 2040864972.088378906250000 8.344329240740741
3.013542403043000 2159334063.823500633239746 8.348841685185185
3.031784889231000 2183182913.120282649993896 8.353338962962964
2.985498097029000 2193649306.878461837768555 8.357762055555556
1.713950232810000 2137357706.487555980682373 8.362272685185186
2.970069166295000 1551114171.840490341186523 8.367420870370371
3.081948390000000 1962040732.811187267303467 8.372887388888890
3.025011024336000 2228145039.482423782348633 8.377404166666667
1.713950232810000 2204085791.503246307373047 8.381899129629630
2.968221902030000 1565360077.162209272384644 8.387063814814816
3.047213819965000 1962159183.340915203094482 8.392518740740742
3.031784889231000 2183175767.159163951873779 8.397015851851853
1.713338134890000 2193467323.445412158966064 8.401444500000000
3.023130523504000 1562454462.467020511627197 8.406617481481481
2.970069166295000 1669524327.116582870483398 8.422104314814815
2.974080196350000 2130981248.953624725341797 8.428077314814814
3.116644008268000 2132703246.954669952392578 8.436912944444444
3.362461500632000 2247609216.963046073913574 8.445877092592593
3.008641493130000 2118935832.658414125442505 8.454885944444445
3.344954994682000 2182401466.340813159942627 8.459386944444445
3.015418455842000 2148562394.826277732849121 8.463876870370370
3.024070423864000 2149770604.110442161560059 8.468337055555555
2.983641236586000 2163076387.905248641967773 8.472782203703703
3.078071681433000 2148603793.362441062927246 8.477269574074073
2.976858117532000 2227537958.340506076812744 8.481787685185184
2.969146049870000 2159070468.945957660675049 8.486306092592592
1.713338134890000 2138275424.528895616531372 8.490719481481481
3.007706388180000 1558768916.553199768066406 8.495860481481481
3.079029078342000 1999762134.596120595932007 8.501350981481481
1.712726492400000 2238264285.743783473968506 8.505835185185186
3.030842591166000 1571114100.288242101669312 8.511019870370371
3.024070423864000 2001648270.336506605148315 8.516520833333333
3.032727889194000 2193623157.357389926910400 8.520946592592592
2.977783631662000 2193751776.338049411773682 8.525379870370370
2.985498097029000 2148874150.402901649475098 8.529872740740741
2.985498097029000 2138447963.536492824554443 8.534309444444444
1.699293343440000 2138352588.842664480209351 8.538743000000000
2.977783631662000 1559003693.938990831375122 8.543891574074074
2.970069166295000 1961587899.508531808853149 8.549351407407407
1.713950232810000 2138314020.644406557083130 8.553782703703703
2.975006055178000 1559000824.010737419128418 8.558929166666667
2.985498097029000 1961588629.986580610275269 8.564393833333334
3.031784889231000 2138517522.586482048034668 8.568815111111112
3.069402929476000 2178042586.108287811279297 8.573315796296297
3.023130523504000 2202643123.821154594421387 8.587630648148149
3.094462808058000 2160320525.352936744689941 8.593673851851854
2.983641236586000 2186403726.747016906738281 8.602534722222224
1.902826987542000 2134200730.268701314926147 8.611435555555557
3.517796207352000 1840158573.713518857955933 8.621149462962965
3.356836213230000 2081170803.867560625076294 8.626682666666669
3.036664211762000 2169391515.448749065399170 8.631213777777781
3.015418455842000 2173353803.457164287567139 8.635711148148150
1.706009917920000 2172867630.867781162261963 8.640151592592595
1.707228859348000 1564993757.588129758834839 8.645322314814818
2.962354700928000 1492619817.790559768676758 8.649926296296300
3.015418455842000 1962490341.421108722686768 8.655392555555560
1.713950232810000 2182712323.904420375823975 8.659879018518522
2.992282252856000 1564791741.047424554824829 8.665045129629632
2.961433982208000 1961616534.704788208007812 8.670511074074076
2.976858117532000 2132874336.829890251159668 8.674947537037038
2.969146049870000 2138329254.393106460571289 8.679383148148149
3.022189572976000 2138244875.601087331771851 8.683811851851853
3.028956942189000 2182461760.688064098358154 8.688298944444446
2.970069166295000 2193450637.635560035705566 8.692725018518519
3.024070423864000 2148513051.840051651000977 8.697212111111112
3.015418455842000 2183344418.581616401672363 8.701699222222222
2.983641236586000 2193472421.542425632476807 8.706140759259259
1.713338134890000 2148749870.089164257049561 8.710631018518519
3.060737909366000 1558602627.913756132125854 8.715776629629630
1.726776081046000 2034092244.208446025848389 8.721323500000000
1.713338134890000 1571385140.722575426101685 8.726518907407408
3.007706388180000 1492748761.927768945693970 8.731118351851853
3.123387403110000 2000237016.637825965881348 8.736618981481483
3.077114997138000 2164660722.181282043457031 8.741142314814816
3.099286245756000 2283520206.269507408142090 8.755470925925927
2.970069166295000 2268699632.618964195251465 8.761434055555556
3.023130523504000 2179232820.152507781982422 8.770395351851853
3.352662264255000 2113107912.144090414047241 8.779306407407409
3.353705265930000 1721884682.173450469970703 8.790759777777780
3.410854267236000 2132676171.232790708541870 8.795186500000002
3.070357216066000 2182601358.360088825225830 8.799685388888891
2.970069166295000 2158469885.076409816741943 8.804181129629631
2.984570185194000 2150098281.950236320495605 8.808701759259261
2.985498097029000 2137350411.917390823364258 8.813132259259261
2.983641236586000 2137941563.239696025848389 8.817568203703706
2.976858117532000 2138130152.169828891754150 8.822004037037040
3.024070423864000 2138142175.185956954956055 8.826438055555558
2.977783631662000 2182801933.684536933898926 8.830920000000003
2.983641236586000 2148566642.634972095489502 8.835415092592594
2.984570185194000 2138392872.954483032226562 8.839848907407410
3.024070423864000 2137601255.729684114456177 8.844284870370373
3.037608907532000 2183417975.275642871856689 8.848774370370373
3.108929542901000 2185738321.965211868286133 8.853216074074076
1.713950232810000 2237936592.005939483642578 8.857705518518522
2.975006055178000 1571177820.772767543792725 8.862893222222226
2.986426700046000 1956284857.235825538635254 8.868356777777782
3.025011024336000 2137821935.882554292678833 8.872791925925931
2.979635694016000 2183383723.712327003479004 8.877281074074078
2.970069166295000 2148670447.707056999206543 8.881773925925931
3.076157243922000 2138442680.598814249038696 8.886197481481487
2.969146049870000 2227759959.313747882843018 8.890712611111116
2.983641236586000 2159095868.513812541961670 8.895230759259265
3.117613402632000 2138046518.641384363174438 8.899651925925932
3.024070423864000 2134140318.849640607833862 8.904094981481487
3.023130523504000 2148413911.896494865417480 8.918415259259264
2.985498097029000 2180251162.819834232330322 8.924327611111115
3.124358473635000 1876188246.761413574218750 8.934928944444449
3.479223880517000 2247661014.848161220550537 8.943892518518522
1.708447120310000 2197128265.422346115112305 8.952964851851856
3.345995598652000 1571219300.751235485076904 8.958151370370375
3.068447576644000 1947805110.358091354370117 8.963610870370376
2.984570185194000 2221477164.979740142822266 8.968126351851858
2.976858117532000 2096488313.072712659835815 8.972643111111116
2.977783631662000 2137402070.663919210433960 8.977064666666672
2.963276105472000 2138423220.473427057266235 8.981500407407413
2.970069166295000 2139572288.930261135101318 8.986921425925932
2.976858117532000 2137996127.888402938842773 8.991350055555561
3.108929542901000 2138397472.332742452621460 8.995781018518525
3.021249672616000 2271229606.979044914245605 9.000310981481487
2.979635694016000 2213753239.394984245300293 9.004821425925931
2.970992970330000 2148229568.055653095245361 9.009314888888893
1.706619161812000 2138429712.940233469009399 9.013750666666670
2.978709835188000 1558490171.852993726730347 9.018891796296300
2.977783631662000 1958423946.379608154296875 9.024362351851856
2.984570185194000 2138387074.636359214782715 9.028787759259263
2.970069166295000 2138384716.853538513183594 9.033224018518522
2.969146049870000 2138329954.587651014328003 9.037652574074079
3.031784889231000 2137008533.578503131866455 9.042083870370375
2.976858117532000 2182781640.237859249114990 9.046568314814818
2.969146049870000 2148723799.788131237030029 9.051060962962966
3.023130523504000 2138623115.072716474533081 9.055482000000003
3.032727889194000 2182584435.397613525390625 9.059948925925928
1.706009917920000 2193628564.517878055572510 9.064389555555557
2.976858117532000 1565782473.252266407012939 9.069561333333334
1.720671606272000 1950749273.646831035614014 9.075068296296298
1.699900188734000 1934928546.918762922286987 9.090017500000002
2.967298785605000 1482397494.103025913238525 9.096588666666669
2.975931569308000 1956008870.261501550674438 9.106759981481485
1.902148689746000 2093000039.673010826110840 9.115628777777781
1.888031434918000 1477060467.808698177337646 9.125609907407410
3.353705265930000 1491953648.697023153305054 9.130214037037041
1.902148689746000 1962892385.714624166488647 9.135684018518521
2.968221902030000 1551788962.335778951644897 9.140830370370374
3.024070423864000 1922261040.155860900878906 9.146305333333336
2.976858117532000 2182207183.526833057403564 9.150800185185188
3.052078750908000 2144414029.289653778076172 9.155282870370373
2.970069166295000 2227464431.403127193450928 9.159795277777780
2.969146049870000 2156376579.183140277862549 9.164301240740743
2.970069166295000 2138142449.691015720367432 9.168742314814818
2.969146049870000 2138173941.738164186477661 9.173175685185187
1.707228859348000 2138529846.166691064834595 9.177611703703706
3.063595348626000 1558643586.501993656158447 9.182753203703706
2.985498097029000 2041499084.611412525177002 9.188276055555558
3.032727889194000 2154101962.166993141174316 9.192792981481485
3.023130523504000 2183324631.783584594726562 9.197289129629633
2.977783631662000 2193708922.194839477539062 9.201707574074078
2.975931569308000 2148711365.859093666076660 9.206195185185189
2.977783631662000 2138446737.758469820022583 9.210611314814818
1.715173290075000 2138169085.031200885772705 9.215044981481485
3.016355958497000 1550295772.569038152694702 9.220189074074078
2.985498097029000 2002195561.598470926284790 9.225691555555560
3.060737909366000 2148801620.734854221343994 9.230184259259264
3.115675335448000 2227876444.171024322509766 9.234699537037041
2.970069166295000 2293262333.736646175384521 9.239184000000005
1.706009917920000 2169548682.357263565063477 9.243720018518523
3.015418455842000 1555132757.113722562789917 9.248868518518524
2.969146049870000 1670981453.075551748275757 9.264357759259264
3.005835133470000 2140304905.918151855468750 9.270321833333337
2.946925770194000 2172539904.301853656768799 9.279250370370374
1.894074003360000 2147263494.557288646697998 9.288161370370373
3.093500612167000 1811897355.496861696243286 9.297787907407411
3.516702853872000 2081182031.250000000000000 9.303334574074078
3.337247725109000 2303174907.897045135498047 9.307768018518523
3.021249672616000 2151672966.736454010009766 9.312270222222226
2.970069166295000 2192543317.962734699249268 9.316707907407411
2.977783631662000 2148566591.766476631164551 9.321199481481484
3.115675335448000 2138605839.873886108398438 9.325628166666670
3.070357216066000 2272596954.265008449554443 9.330166388888893
2.983641236586000 2258484827.739790916442871 9.334656796296301
2.969146049870000 2159246012.411318302154541 9.339156870370374
1.699293343440000 2138218952.512038230895996 9.343583333333337
1.713950232810000 1557888848.479174375534058 9.348726129629632
3.107963267786000 1492868973.505139589309692 9.353330796296300
2.962354700928000 2081269562.608347654342651 9.358885611111114
2.970069166295000 2169483909.683582305908203 9.363421925925929
3.024070423864000 2128869891.401730060577393 9.367845296296299
3.007706388180000 2181233923.931796550750732 9.372342722222225
2.985498097029000 2193571023.798945426940918 9.376760907407411
3.006770238420000 2149021686.826815605163574 9.381232814814817
2.976858117532000 2183025355.811274528503418 9.385717870370373
3.076157243922000 2148750352.655848979949951 9.390207611111114
3.070357216066000 2227993228.259310245513916 9.394725296296299
2.976858117532000 2248502296.975021839141846 9.399151407407411
2.975931569308000 2159077027.348980903625488 9.403659666666670
2.962354700928000 2137895559.131470680236816 9.408090314814817
3.024070423864000 2134647043.363994598388672 9.412529481481483
1.713950232810000 2189191766.801962852478027 9.426841907407409
2.977783631662000 1513449858.618439435958862 9.433823277777780
2.994143564904000 1740927998.110568284988403 9.444016425925929
3.370173568294000 2160324774.076385021209717 9.453010370370373
3.140763997206000 2117550969.517534732818604 9.461892222222225
3.525510672719000 2271763899.547703266143799 9.466428740740744
3.024070423864000 2302647432.738328933715820 9.470862777777780
1.713338134890000 2202113084.959331035614014 9.475377574074077
3.084827064800000 1533975717.368200778961182 9.480552740740745
2.976858117532000 2041379507.397742986679077 9.486081203703707
3.087705382400000 2158432565.586894989013672 9.490591759259262
3.025011024336000 2227506936.708444595336914 9.495096777777780
3.038554658828000 2203235961.283917903900146 9.499573814814816
3.077114997138000 2192525048.014687538146973 9.503951333333335
2.975931569308000 2238334531.527925014495850 9.508438537037039
2.970069166295000 2159371801.044405937194824 9.512938703703705
2.993212562396000 2138559698.896428585052490 9.517357018518521
3.037608907532000 2138116111.141273736953735 9.521791148148150
2.984570185194000 2183213560.636371612548828 9.526280722222225
2.970069166295000 2148508957.870662212371826 9.530750203703706
2.995074220928000 2138591274.200622320175171 9.535183629629632
1.713338134890000 2138426809.646992921829224 9.539614870370373
3.029899240254000 1557933989.168635129928589 9.544757685185187
2.985498097029000 2002212360.083571434020996 9.550261962962965
1.713338134890000 2148921809.070098400115967 9.554751685185188
2.983641236586000 1558634658.913027048110962 9.559897814814818
2.976858117532000 1962161261.521226406097412 9.565352722222226
2.978709835188000 2138632482.058090448379517 9.569788333333337
3.007706388180000 2138233930.206403970718384 9.574217796296299
1.713338134890000 2068904401.982065916061401 9.578713666666669
2.962354700928000 1978414582.377849102020264 9.594339833333336
2.969146049870000 2001677489.194468021392822 9.601422111111114
3.023130523504000 2230684227.965539932250977 9.610476111111115
3.349119348372000 1885687361.940123081207275 9.621114611111116
3.352662264255000 2154841547.556810379028320 9.630076407407412
1.720057107968000 2137717456.195648908615112 9.634512166666671
3.025011024336000 1558480847.847991943359375 9.639658092592597
3.032727889194000 1940682010.902483224868774 9.645161425925931
2.984570185194000 2193046443.588093280792236 9.649592129629635
3.024070423864000 2148676614.287600994110107 9.654079833333340
2.962354700928000 2182859964.404014110565186 9.658574722222228
1.713950232810000 2148349573.589868545532227 9.663052240740747
2.977783631662000 1557756571.847887039184570 9.668200462962970
1.707228859348000 1962981293.035159587860107 9.673670796296303
2.969146049870000 1558657054.901424884796143 9.678820092592600
3.008641493130000 1961727399.344609022140503 9.684284740740749
3.069402929476000 2183358750.760494709014893 9.688759166666674
3.068447576644000 2238155209.836323261260986 9.693238407407415
3.062642750699000 2243802849.074364662170410 9.697664796296305
3.016355958497000 2248400323.030122756958008 9.702090481481489
1.698686498146000 2203640466.881087303161621 9.706575722222230
1.706619161812000 1565109674.228223085403442 9.711742370370377
2.963276105472000 1492062886.548125267028809 9.716341481481487
3.006770238420000 1961598954.147294282913208 9.721802203703710
3.093500612167000 2182993795.268583297729492 9.726296981481488
3.100251200124000 2283029438.199480533599854 9.730809259259265
3.101215077534000 2303304086.251835346221924 9.735235574074080
3.025951274752000 2303498296.942865848541260 9.739661166666673
3.040444754052000 2116132160.723592519760132 9.744173629629636
2.970069166295000 2186253668.383719444274902 9.758704703703710
3.077114997138000 2123491988.163698196411133 9.764675037037044
2.983641236586000 2176485197.307017326354980 9.773603592592600
3.408733906604000 2165517871.303485870361328 9.782571000000008
3.017294159478000 2098117960.895389556884766 9.791671944444452
3.417508157581000 2179008839.501496791839600 9.796169851851859
2.975931569308000 2193546349.250242233276367 9.800589796296304
1.713950232810000 2137729581.195166587829590 9.805064611111119
2.970069166295000 1516056170.280096292495728 9.810214296296303
3.016355958497000 1953437521.521602630615234 9.815699740740747
1.707228859348000 2181401388.544507980346680 9.820180851851859
1.713338134890000 1565265429.799426794052124 9.825351222222229
3.108929542901000 1492616916.904429435729980 9.829953018518525
2.969146049870000 2081219017.614588260650635 9.835501870370377
1.713950232810000 2168422012.280758857727051 9.840037722222229
3.029899240254000 1557278727.496704101562500 9.845178944444452
2.985498097029000 2001697590.179096698760986 9.850684962962971
2.977783631662000 2148656076.015143394470215 9.855175296296304
3.016355958497000 2138322490.950764417648315 9.859610907407415
2.992282252856000 2182307946.239094257354736 9.864087518518525
2.976858117532000 2141943504.691423177719116 9.868571666666673
2.984570185194000 2138167416.026399850845337 9.872999314814821
2.985498097029000 2137833153.415509700775146 9.877425203703710
2.985498097029000 2138346130.831579446792603 9.881850740740747
2.968221902030000 2120564136.768055438995361 9.886265351851858
2.975931569308000 2137952240.076442480087280 9.890703444444449
2.970992970330000 2137691765.387181520462036 9.895116388888894
2.975931569308000 2138246482.869111061096191 9.899554981481486
2.976858117532000 2137815963.010687589645386 9.903952648148152
2.992282252856000 2138724220.462671518325806 9.908370629629633
1.713338134890000 2135114830.780519008636475 9.912812592592596
2.966375325375000 1937150390.240702867507935 9.927777240740744
2.970069166295000 2076602910.337533473968506 9.933870462962966
2.976858117532000 1885541464.363901853561401 9.945289907407410
3.354749432970000 2093157856.251971721649170 9.954153925925930
3.363506900012000 1888006339.331897020339966 9.964787129629633
2.975931569308000 2135179630.301740884780884 9.969226185185189
1.923684552790000 2138171305.294906139373779 9.973646925925930
3.068447576644000 1519739394.702296495437622 9.978795907407411
2.975931569308000 2025617976.923697471618652 9.984304203703708
3.047213819965000 2156386340.742730140686035 9.989819388888893
3.015418455842000 2227680189.128400325775146 9.994331314814819
2.975931569308000 2203372796.073830604553223 9.998814055555560
2.953721914546000 2148580388.113258361816406 10.003303962962967
3.008641493130000 2138631860.329128742218018 10.007737666666671
3.023130523504000 2182132585.858335494995117 10.012216944444448
1.706619161812000 2193521594.545939445495605 10.016660796296300
3.062642750699000 1565653486.689918518066406 10.021832314814818
1.712726492400000 2041651806.695043802261353 10.027348833333336
2.976858117532000 1567149128.621832609176636 10.032544944444448
3.107963267786000 1962806952.615180492401123 10.038019037037040
3.030842591166000 2227895699.863507270812988 10.042536981481485
2.967298785605000 2203914657.459746837615967 10.047031722222226
3.053028242088000 2148480041.592051029205322 10.051519759259262
2.970069166295000 2227226512.802611827850342 10.056029111111114
3.015418455842000 2159464294.062885761260986 10.060544648148150
2.976858117532000 2183065554.073750019073486 10.065029777777781
2.976858117532000 2148724315.068492889404297 10.069507111111115
2.977783631662000 2138613218.612288475036621 10.073927925925929
3.076157243922000 2025921512.477353572845459 10.078364111111114
1.699900188734000 2173213908.501909255981445 10.093326981481484
2.983641236586000 1480126329.155057668685913 10.099481685185188
2.991350903864000 2123310068.295769453048706 10.107559296296298
1.699900188734000 2132254689.765255451202393 10.116411314814817
3.354749432970000 1633461511.523894786834717 10.126141500000003
2.978709835188000 2064828420.596339941024780 10.133318611111115
3.348077969278000 2137053681.058565855026245 10.137746685185189
1.713338134890000 2137874267.305399417877197 10.142172888888892
2.975931569308000 1558425297.997500181198120 10.147313685185187
2.976858117532000 1947158922.396679639816284 10.152770925925928
1.699293343440000 2131621923.038279771804810 10.157194481481485
2.969146049870000 1558242791.813965559005737 10.162333314814818
2.961433982208000 1962901763.445808887481689 10.167805555555558
2.960512234752000 2126923689.603711366653442 10.172260314814817
2.976858117532000 2133850015.853678703308105 10.176699055555558
3.053028242088000 2138063355.468504428863525 10.181119148148150
3.023130523504000 2228020534.184610366821289 10.185626537037040
3.014479905698000 2203699954.656003952026367 10.190118944444448
1.699293343440000 2193038573.143886089324951 10.194560722222226
2.977783631662000 1565086729.429971694946289 10.199730055555559
2.978709835188000 1962357412.409898757934570 10.205186870370374
3.063595348626000 2138437911.563144207000732 10.209607685185189
2.977783631662000 2227656498.270578861236572 10.214115722222227
1.700507485886000 2157360058.069913864135742 10.218631351851856
3.078071681433000 1558879989.924795866012573 10.223777833333338
3.069402929476000 2041051486.467394351959229 10.229283055555561
3.102179672916000 2248257994.222452163696289 10.233719129629634
3.031784889231000 2293205912.696120262145996 10.238206648148152
3.015418455842000 2203291285.650733947753906 10.242702425925930
3.253479591316000 2193327945.555083274841309 10.247143203703708
3.024070423864000 2149046211.893414974212646 10.251639000000004
2.991350903864000 2188375392.943561077117920 10.265965814814820
1.706619161812000 2128942176.627400159835815 10.271919129629634
2.984570185194000 1852398194.845931529998779 10.281554092592597
1.888705942822000 2107573338.822731494903564 10.292259351851856
3.354749432970000 1841515473.954277038574219 10.301960240740744
3.070357216066000 1961959869.954565286636353 10.307434111111114
3.338285931374000 2227822418.296097755432129 10.311950759259261
2.984570185194000 2094366014.993385314941406 10.316486092592594
2.970992970330000 2137678672.588619947433472 10.320905722222223
2.984570185194000 2138509177.492794036865234 10.325338870370372
1.706619161812000 2138254854.845652103424072 10.329770296296298
3.079029078342000 1558378940.547545671463013 10.334914462962963
2.987354957472000 2039281928.679055690765381 10.340445018518519
2.970992970330000 2159206986.964067935943604 10.344958185185186
1.781163967430000 2138029085.067127704620361 10.349384537037038
2.976858117532000 1558785644.816183567047119 10.354525537037038
2.982713324751000 1960646908.746103048324585 10.359954833333335
3.068447576644000 2138645751.743142366409302 10.364390203703705
2.992282252856000 2218320813.329567909240723 10.368914814814817
2.970069166295000 2158487564.964497566223145 10.373429388888891
2.992282252856000 2138277985.448234319686890 10.377868203703706
1.721899459840000 2138522853.298796653747559 10.382286481481483
1.713338134890000 1558395242.794678211212158 10.387428000000002
2.968221902030000 1491882497.658395051956177 10.392034685185187
3.062642750699000 1962789270.760759830474854 10.397510203703707
2.984570185194000 2227726723.809289455413818 10.402027814814819
3.023130523504000 2159110285.524486541748047 10.406543870370374
3.031784889231000 2183053102.558926105499268 10.411038666666670
3.008641493130000 2191909131.863914489746094 10.415478148148152
3.063595348626000 2106134053.738317728042603 10.419916666666671
2.975931569308000 1676381822.107131004333496 10.435956907407412
3.007706388180000 2154690044.423460483551025 10.441997259259264
2.970069166295000 2171230087.502338409423828 10.450907074074079
3.401021838942000 2133127894.411373138427734 10.459801129629636
3.078071681433000 2141125226.326365709304810 10.468740203703710
3.485854583224000 2237243182.240962505340576 10.473219925925932
3.354749432970000 2248049346.770246505737305 10.477646648148154
3.030842591166000 2097360451.209122657775879 10.482167833333339
2.986426700046000 2181843077.915312767028809 10.486647055555562
2.976858117532000 2148407689.289917945861816 10.491131407407414
2.985498097029000 2137990068.119834184646606 10.495565314814820
2.992282252856000 2136846730.414756536483765 10.499955666666672
2.970069166295000 2138511594.567404270172119 10.504373444444450
3.040444754052000 2138466456.686343669891357 10.508812425925932
2.970992970330000 2183225069.835865020751953 10.513293833333339
3.070357216066000 2148777408.802947998046875 10.517766240740746
3.031784889231000 2214959443.629840373992920 10.522287611111118
1.699900188734000 2202790961.057815074920654 10.526777648148155
2.963276105472000 1565124559.518693685531616 10.531948759259265
2.968221902030000 1961282801.328145742416382 10.537403314814821
2.977783631662000 2138708057.859015703201294 10.541831703703709
2.976858117532000 2138491471.936283588409424 10.546268037037041
1.706009917920000 2138204708.908054590225220 10.550689129629633
2.970069166295000 1558595328.790177583694458 10.555827777777782
3.062642750699000 1962646158.223474740982056 10.561294962962968
3.015418455842000 2228066202.662551879882812 10.565807481481487
1.706619161812000 2203820832.405964851379395 10.570300481481487
2.977783631662000 1565615245.943857669830322 10.575477814814821
2.999994320518000 1961579837.742217540740967 10.580942370370376
2.985498097029000 2133228159.582965135574341 10.596175129629636
2.983641236586000 2126555931.099075555801392 10.602087000000006
2.975006055178000 2132869691.828464984893799 10.610939092592599
2.985498097029000 2132952825.944579601287842 10.619789296296302
3.363506900012000 2118988885.185802221298218 10.628679666666672
2.982713324751000 2137858390.408091545104980 10.633103148148153
1.720671606272000 2137984186.151586771011353 10.637529648148153
3.517796207352000 1554474924.980030775070190 10.642676425925931
3.031784889231000 2036059360.182461977005005 10.648230092592597
1.706619161812000 2213070450.603387832641602 10.652746259259263
1.801328087816000 1564513377.878466367721558 10.657912333333337
3.023130523504000 1492507680.788367748260498 10.662512555555560
1.714561419870000 2000578352.017824172973633 10.668014907407413
3.062642750699000 1565547627.393889188766479 10.673192055555560
2.969146049870000 2040623579.201934576034546 10.678705388888893
3.016355958497000 2158645574.715949058532715 10.683213574074079
3.015418455842000 2182980047.412090301513672 10.687713129629635
3.053978794152000 2186995387.557655334472656 10.692157629629635
3.014479905698000 2237878637.796411514282227 10.696651981481487
2.969146049870000 2203948059.662090778350830 10.701141462962969
2.977783631662000 2148723287.739019870758057 10.705632222222228
3.068447576644000 2138277188.705394983291626 10.710068296296301
3.084827064800000 2226194625.403831481933594 10.714590944444449
3.085786146800000 2248471261.919380664825439 10.719024666666671
3.115675335448000 2248139913.440129756927490 10.723466037037042
2.970069166295000 2293300507.614212989807129 10.727953259259264
3.015418455842000 2168581224.549749851226807 10.732491888888894
2.977783631662000 2183499454.110240936279297 10.736986759259265
2.976858117532000 2148405775.000824451446533 10.741479944444450
1.859826719314000 2138237234.642119169235229 10.745915777777784
2.970069166295000 1466798710.924911260604858 10.751087444444451
3.006770238420000 1632427384.869404792785645 10.766565037037044
1.706009917920000 1972117041.831968545913696 10.773408111111118
3.059786020481000 1848527730.206357717514038 10.783875370370378
3.355792434645000 2124265515.351562500000000 10.794248907407415
3.022189572976000 2211301885.097643852233887 10.803320055555563
3.408733906604000 2175266953.873579502105713 10.807807722222229
2.969146049870000 2190812803.801651477813721 10.812234648148156
3.022189572976000 2148753684.766332626342773 10.816723851851860
3.040444754052000 2176270877.349049091339111 10.821220351851860
2.984570185194000 2192840535.803705215454102 10.825658129629637
3.079029078342000 2140292605.220039367675781 10.830133759259267
2.970992970330000 2227491526.675281524658203 10.834647925925934
2.977783631662000 2156651353.548291683197021 10.839158703703712
2.970992970330000 2138129882.714605569839478 10.843592333333341
3.060737909366000 2137198482.078000307083130 10.848028222222229
1.713950232810000 2227735236.422433376312256 10.852540703703712
1.693181215656000 1571029513.814521312713623 10.857728481481489
3.061690861814000 1483283990.870557546615601 10.862328981481490
3.095424645856000 2035931394.122079849243164 10.867858148148157
2.977783631662000 2246441577.617057323455811 10.872298037037046
3.029899240254000 2148614968.366329669952393 10.876829074074083
3.024070423864000 2183228116.513829708099365 10.881316222222232
2.983641236586000 2193616266.003884792327881 10.885749462962972
3.084827064800000 2148792095.468387603759766 10.890237277777786
2.976858117532000 2211328664.960125923156738 10.894751500000007
1.720057107968000 2158464991.288912296295166 10.899258314814821
2.977783631662000 1558451752.855472564697266 10.904406000000007
3.076157243922000 1963150205.900680065155029 10.909874296296303
2.960512234752000 2227750318.878859043121338 10.914389537037044
2.985498097029000 2006830814.569155693054199 10.918901351851860
2.985498097029000 2133970762.334486484527588 10.933955500000009
2.975931569308000 2126797123.600009918212891 10.939868240740749
2.976858117532000 2130559138.479825258255005 10.948717370370378
3.408733906604000 2132808245.377616643905640 10.957567222222231
3.040444754052000 2130332525.850062370300293 10.966595425925934
3.340363503911000 2192420743.012127876281738 10.971040296296305
3.319283286080000 2148572918.726517677307129 10.975535407407417
3.075200559627000 2071228238.651059389114380 10.979974555555565
2.991350903864000 2226690590.615650653839111 10.984486796296306
3.030842591166000 2156285242.501434803009033 10.990004518518528
2.983641236586000 2182601211.072664260864258 10.994500074074084
1.713338134890000 2148223939.212488174438477 10.998984425925936
1.707228859348000 1558015979.164493322372437 11.004132333333343
2.982713324751000 1479897352.138966560363770 11.008735629629639
2.975931569308000 1962887813.605497598648071 11.014200740740749
2.970069166295000 2138096806.075087785720825 11.018641462962972
2.980561552844000 2138394863.322318792343140 11.023080129629639
2.969146049870000 2138281520.779552221298218 11.027506222222231
3.022189572976000 2138548007.038162469863892 11.031937092592601
3.024070423864000 2182338045.558367729187012 11.036436814814824
1.712726492400000 2193619508.898400783538818 11.040875814814823
2.975006055178000 1565144420.005874872207642 11.046045407407416
2.991350903864000 1962730453.866552591323853 11.051513240740748
1.713338134890000 2138428718.727953672409058 11.055949370370378
2.975931569308000 1558431228.102990627288818 11.061097629629637
3.078071681433000 1963042900.614030361175537 11.066550370370377
2.968221902030000 2228016945.958127021789551 11.071070185185192
2.981785067325000 2159084971.456988334655762 11.075576055555562
2.984570185194000 2133937174.435688495635986 11.080012796296302
1.713338134890000 2111872122.589178562164307 11.094251259259265
2.975931569308000 1480351765.991018295288086 11.100354222222228
1.719443066880000 2152810597.057738780975342 11.108488555555560
1.713950232810000 1880467546.341249227523804 11.118196129629634
3.417508157581000 1826568916.031814575195312 11.128796925925931
2.969146049870000 2130346378.265498161315918 11.136033074074080
3.355792434645000 2147891539.575349330902100 11.140522166666672
3.031784889231000 2138659635.954212665557861 11.144963000000006
2.976858117532000 2173832677.295580863952637 11.149441814814821
2.968221902030000 2100132694.672258377075195 11.153914907407414
2.986426700046000 2137607933.060114860534668 11.158356703703710
2.991350903864000 2138297526.950965404510498 11.162785185185191
2.992282252856000 2137967013.562760829925537 11.167221351851857
2.986426700046000 2138597297.828806877136230 11.171647148148153
1.706009917920000 2137405828.384138584136963 11.176065500000005
2.985498097029000 1558768532.080048084259033 11.181211481481487
2.983641236586000 1962966390.222610235214233 11.186684425925931
2.976858117532000 2138023539.042400598526001 11.191118351851857
2.992282252856000 2138763049.459151268005371 11.195554111111116
2.962354700928000 2133360148.078505277633667 11.199966185185190
3.033670538208000 2138356883.073450088500977 11.204396000000004
2.993212562396000 2181926888.628080844879150 11.208892944444449
1.754278473582000 2148706327.011966705322266 11.213376074074079
2.977783631662000 1559039777.923396587371826 11.218519444444450
2.983641236586000 1960792221.057075738906860 11.223958629629635
2.991350903864000 2128131213.764727830886841 11.228414462962968
3.000927027763000 2138304231.347020626068115 11.232852240740746
2.977783631662000 2138364564.263323068618774 11.237282796296302
2.977783631662000 2138280026.049711465835571 11.241718759259266
2.990420594324000 2138417621.219093799591064 11.246145240740747
1.868541822436000 2138283942.028013467788696 11.250563722222228
3.008641493130000 1557109357.076331615447998 11.255713518518524
3.115675335448000 1669233445.049757957458496 11.271190314814820
3.068447576644000 2220687119.633180141448975 11.277187814814820
3.024070423864000 1928004179.930461168289185 11.287909240740746
1.894750407996000 1929802598.915500402450562 11.298591759259264
3.464872321242000 1625346801.776842832565308 11.308451111111115
3.339325297646000 2040596289.033036708831787 11.313975277777782
3.424158041928000 2158777285.491933822631836 11.318472648148152
2.969146049870000 2160072569.642191410064697 11.322992444444449
3.022189572976000 2157561523.698367118835449 11.327498537037041
3.076157243922000 2180319102.689608097076416 11.331962907407410
3.062642750699000 2238050373.342248916625977 11.336449407407411
3.056828328576000 2248558656.559416294097900 11.340885777777782
3.038554658828000 2248293535.835320472717285 11.345311888888894
3.070357216066000 2203527709.191804885864258 11.349796962962968
3.015418455842000 2237799892.695006370544434 11.354284000000005
2.977783631662000 2203154529.687776565551758 11.358779240740747
1.713338134890000 2148473773.377247333526611 11.363271777777785
2.975931569308000 1550172072.460642576217651 11.368424000000006
1.713338134890000 1962068984.879748344421387 11.373898629629636
2.976858117532000 1559158877.294456720352173 11.379046907407414
2.991350903864000 1962263063.282654285430908 11.384517074074081
2.968221902030000 2138527594.593916893005371 11.388948296296302
2.975006055178000 2138666716.793864488601685 11.393381462962969
3.024070423864000 2138046514.931828022003174 11.397813333333339
3.062642750699000 2182956598.131611824035645 11.402303240740746
1.713338134890000 2238160465.260674476623535 11.406777037037042
2.962354700928000 1571206827.323583364486694 11.411961000000005
3.045318574810000 1962906686.876615524291992 11.417434407407413
1.712726492400000 2176119280.184483528137207 11.421931444444450
3.007706388180000 1471645509.903759479522705 11.427128685185190
3.062642750699000 2128736015.846094131469727 11.442480055555560
2.970069166295000 2225064718.525434017181396 11.448450925925931
3.015418455842000 2131982478.487083911895752 11.457377518518523
3.416445974266000 2174050925.014046669006348 11.466309314814820
1.894750407996000 2194009702.055401325225830 11.475295574074080
2.969146049870000 1564470363.370844602584839 11.480469351851857
3.365598866816000 1962624202.397886514663696 11.485937129629635
1.713950232810000 2071030410.239935874938965 11.490375814814820
2.984570185194000 1558335592.806107044219971 11.495528333333338
3.024070423864000 1962136706.851285219192505 11.500987703703709
2.984570185194000 2182615298.881747722625732 11.505473870370375
3.069402929476000 2148421166.493953704833984 11.509959296296302
3.078071681433000 2227238475.475286960601807 11.514477037037043
3.045318574810000 2248245299.088206768035889 11.518912740740747
3.071312213484000 2203656675.929328441619873 11.523397759259266
2.969146049870000 2238158118.489421367645264 11.527866981481488
3.025011024336000 2153225780.937825679779053 11.532362407407414
1.714561419870000 2182932314.896493911743164 11.536854888888895
2.970069166295000 1565481016.510962724685669 11.542026537037042
3.015418455842000 1962316596.732798337936401 11.547481425925930
3.023130523504000 2182519258.202568054199219 11.551960037037041
3.022189572976000 2193531409.609124183654785 11.556379833333338
1.713338134890000 2193936979.518343448638916 11.560822833333338
1.706619161812000 1565007368.579346418380737 11.565994944444450
2.969146049870000 1492835208.391236543655396 11.570592333333339
2.975931569308000 1961819954.318585634231567 11.576065018518525
2.970069166295000 2137382311.073633670806885 11.580501148148155
1.707228859348000 2128186219.041552543640137 11.584949314814821
3.101215077534000 1557613248.231843948364258 11.590102203703710
2.969146049870000 2222669937.194944858551025 11.605714888888896
3.118582436224000 2127666713.930793046951294 11.611722629629636
2.984570185194000 2196843058.933699131011963 11.620661111111117
3.416445974266000 2133267603.302364826202393 11.629610925925931
2.970069166295000 2119441577.643807172775269 11.638515907407413
3.525510672719000 2137488647.688465118408203 11.642957000000006
3.370173568294000 2272316158.323917388916016 11.647496685185191
2.977783631662000 2146858603.601555585861206 11.651977259259265
2.985498097029000 2147442359.426863908767700 11.656451666666673
2.984570185194000 2138405861.111690759658813 11.660887685185191
2.977783631662000 2138094704.927726030349731 11.665303740740747
1.715173290075000 2138334344.450053930282593 11.669742055555561
3.071312213484000 1558700747.069714546203613 11.674883129629636
2.970069166295000 2037300879.293885231018066 11.680411555555562
2.975931569308000 2159003011.479728221893311 11.684925148148155
1.721899459840000 2138210577.930514335632324 11.689343851851859
2.985498097029000 1558772480.294972419738770 11.694486833333341
2.975931569308000 1962796652.685671329498291 11.699957222222229
2.977783631662000 2135461036.053940773010254 11.704383203703712
3.077114997138000 2138446273.307533740997314 11.708804759259268
3.068447576644000 2227769910.343498706817627 11.713322000000009
3.024070423864000 2248204956.682468414306641 11.717740277777786
2.970069166295000 2203736572.320035934448242 11.722227277777785
3.069402929476000 2148703783.783783912658691 11.726715240740749
2.984570185194000 2227889215.843193054199219 11.731227518518526
2.990420594324000 2159359507.477838039398193 11.735733425925934
2.999994320518000 2137457547.169811248779297 11.740154018518528
2.968221902030000 2138730098.584937095642090 11.744572092592602
2.976858117532000 2138542745.989494562149048 11.749003740740751
2.976858117532000 2135520907.009738683700562 11.753428537037047
1.714561419870000 2112343297.573711156845093 11.767671444444455
3.016355958497000 1455146912.484820604324341 11.773786574074084
3.006770238420000 2121424482.581412076950073 11.781822370370380
2.962354700928000 1875169646.160178661346436 11.792484759259269
3.325968753798000 2148289684.813753604888916 11.801403648148158
2.982713324751000 2129607469.230363130569458 11.807713981481491
3.385597703618000 2135242342.112846136093140 11.812148407407417
2.976858117532000 2176096521.882469177246094 11.816642111111120
3.323901162322000 2148616395.908046722412109 11.821124259259268
1.705400674028000 2074199802.530443191528320 11.825569388888898
2.985498097029000 1555871515.875271081924438 11.830717740740750
3.017294159478000 1961890138.639899015426636 11.836182203703713
2.977783631662000 2183286928.886870861053467 11.840669055555564
3.061690861814000 2148961628.520546436309814 11.845161203703713
3.047213819965000 2227764423.628996372222900 11.849676685185194
1.700507485886000 2248061462.127034187316895 11.854110611111121
2.970069166295000 1570740973.995406866073608 11.859303425925935
2.961433982208000 1962215575.788733005523682 11.864778685185195
2.976858117532000 2125538169.502864122390747 11.869207759259270
3.132072939002000 2137739372.507711887359619 11.873638092592603
2.977783631662000 2272398437.627678394317627 11.878170611111122
2.970069166295000 2169316089.226388454437256 11.882696759259270
1.713950232810000 2138565457.097032785415649 11.887130537037047
1.706009917920000 1557879100.196845293045044 11.892276518518528
1.712726492400000 1492621584.435647249221802 11.896879629629639
1.712114849910000 1492848231.092234134674072 11.901483851851861
2.950965583424999 1492765695.216369628906250 11.906078611111120
2.970069166295000 1963394918.761833429336548 11.911546074074083
2.969146049870000 2137499358.323757171630859 11.915961592592602
1.715173290075000 2138453979.013176202774048 11.920392944444453
2.953721914546000 1480452185.054093837738037 11.925567407407415
2.975931569308000 1654880581.854031562805176 11.941045388888897
2.977783631662000 2186119920.701116085052490 11.949882092592601
2.975931569308000 2134364488.358648300170898 11.958690888888897
3.347037365308000 2164759455.052988052368164 11.967686666666674
3.047213819965000 2116980842.197114467620850 11.973841203703712
3.363506900012000 2182513335.308934688568115 11.978340537037045
2.976858117532000 2148622845.334290027618408 11.982830148148157
3.025011024336000 2138117378.793636798858643 11.987264351851861
2.976858117532000 2128409614.711504936218262 11.992766722222232
3.101215077534000 2147566874.040825843811035 11.997255537037047
2.978709835188000 2227633754.319515228271484 12.001773148148159
2.983641236586000 2158848783.013982295989990 12.006278814814825
1.712726492400000 2138203957.496339321136475 12.010717648148159
2.970069166295000 1558686265.337699174880981 12.015864129629641
2.970069166295000 1961832713.187234163284302 12.021323814814826
3.098322368346000 2138522179.085785865783691 12.025759925925938
2.977783631662000 2271986594.987655162811279 12.030282833333345
1.718829025792000 2153469007.690926074981689 12.034819203703716
2.976858117532000 1558530980.267941236495972 12.039964055555568
3.064547592032000 1962485458.916855573654175 12.045417314814827
3.123387403110000 2227751200.646359920501709 12.049932629629643
2.976858117532000 2293284003.957783699035645 12.054424481481494
2.983641236586000 2169521774.802538871765137 12.058961240740754
3.070357216066000 2138335271.269264698028564 12.063395129629642
2.977783631662000 2227791159.276099681854248 12.067899537037050
2.977783631662000 2158302563.597894191741943 12.072415759259272
3.077114997138000 2137255944.067640781402588 12.076844388888901
2.976858117532000 2227879983.930079460144043 12.081361685185197
3.015418455842000 2158905731.178946495056152 12.085862407407419
3.040444754052000 2182246034.851298809051514 12.090358759259271
2.970069166295000 2190129537.600790023803711 12.105551259259270
3.038554658828000 2139904836.280470848083496 12.111526925925936
2.976858117532000 2170524515.526500225067139 12.120410185185195
3.477059942378000 2133026283.056622266769409 12.129313259259268
3.106029637919000 2166372494.607573509216309 12.138302203703713
3.526607240106000 2292444966.667078971862793 12.142793925925934
1.707228859348000 2302964489.116421222686768 12.147232314814824
1.706009917920000 1571436177.173418283462524 12.152440018518528
3.059786020481000 1452824033.093698501586914 12.157050944444453
2.962354700928000 1961717480.427288055419922 12.162503074074083
3.062642750699000 2137976892.520143985748291 12.166936462962973
2.968221902030000 2227502990.180395126342773 12.171451240740751
1.713338134890000 2158746193.581793308258057 12.175957518518528
3.076157243922000 1557722060.532365322113037 12.181105055555564
3.070357216066000 2041367793.894898891448975 12.186618962962971
2.970069166295000 2248249049.191290378570557 12.191049888888896
2.976858117532000 2159008516.463249683380127 12.195568370370378
2.961433982208000 2135440202.083991289138794 12.199966981481488
3.005835133470000 2133715636.473369121551514 12.204385425925933
3.006770238420000 2183342217.018083572387695 12.208876944444452
2.977783631662000 2193598809.632969856262207 12.213320018518525
1.712726492400000 2148798415.714268207550049 12.217813222222228
2.975931569308000 1559081064.369782924652100 12.222964592592598
1.713338134890000 1958981678.908922433853149 12.228437944444449
1.713950232810000 1559232185.362836837768555 12.233588203703709
3.062642750699000 1492896651.946556806564331 12.238188444444450
3.008641493130000 2042315890.407284498214722 12.243711925925931
2.960512234752000 2202792944.563840866088867 12.248201240740746
3.278647780975000 2148833456.226543426513672 12.252671648148153
2.985498097029000 2138011209.555248498916626 12.257109000000005
2.961433982208000 2176383800.038168430328369 12.271470259259264
3.024070423864000 2066904202.187474250793457 12.277365777777781
2.977783631662000 1926256473.270308732986450 12.287990666666671
3.347037365308000 2133578806.251459360122681 12.296872740740746
2.975931569308000 2155690438.712869167327881 12.306755185185191
3.399963269598000 2127858726.499496698379517 12.311205444444450
1.720057107968000 2183011406.593587398529053 12.315702518518524
1.908870063208000 1559839690.801044464111328 12.320872388888894
1.713338134890000 1444211057.941492080688477 12.325481444444449
2.969146049870000 1491912682.648310184478760 12.330087037037043
1.713338134890000 1962176682.179364681243896 12.335554481481488
3.108929542901000 1558040703.472359895706177 12.340698277777784
3.132072939002000 2081340408.852439165115356 12.346225944444452
2.970069166295000 2303322223.520964622497559 12.350662018518525
2.992282252856000 2162902706.477658748626709 12.355196407407414
2.977783631662000 2138358972.218163490295410 12.359632425925932
3.023130523504000 2137443534.778032064437866 12.364065833333340
2.969146049870000 2173506420.356562137603760 12.368543777777784
2.978709835188000 2141445120.666361093521118 12.373025833333340
2.977783631662000 2138439408.141403198242188 12.377451314814822
2.993212562396000 2138079661.974187850952148 12.381877888888896
3.029899240254000 2138465688.875149965286255 12.386310907407415
3.085786146800000 2183160448.965739727020264 12.390785388888897
2.970992970330000 2238055659.593466758728027 12.395265000000009
3.093500612167000 2158903399.205593585968018 12.399778037037047
3.068447576644000 2226853210.896345138549805 12.404295351851861
2.978709835188000 2248384575.779520034790039 12.408719370370379
3.031784889231000 2159206000.131834506988525 12.413214333333343
2.992282252856000 2183375084.653375625610352 12.417698851851862
1.707837649596000 2148781204.765616416931152 12.422189351851861
2.970069166295000 1557007024.901892423629761 12.427337703703714
2.975931569308000 2196329169.901197910308838 12.442748185185195
3.062642750699000 2124992069.920322418212891 12.448646962962973
2.977783631662000 2178240000.497668266296387 12.457577500000010
3.417508157581000 2167031287.922318458557129 12.466504740740751
3.024070423864000 2190980887.674106597900391 12.475542925925936
3.423092271432000 2192008150.239146232604980 12.479964518518528
1.861155542606000 2193322393.079445838928223 12.484391481481492
1.706619161812000 1533333970.346671342849731 12.489566092592602
3.062642750699000 1492087418.655097723007202 12.494176092592602
2.982713324751000 2041288675.893964529037476 12.499701833333342
3.078071681433000 2158001755.479721546173096 12.504216796296305
3.085786146800000 2228018340.647172451019287 12.508732166666675
2.985498097029000 2248420069.073783397674561 12.513155777777786
2.990420594324000 2158891732.759999752044678 12.517669129629638
3.024070423864000 2137921146.774072408676147 12.522110574074082
2.975931569308000 2183213531.440262794494629 12.526599981481489
1.718214984704000 2148744556.286797046661377 12.531085277777786
1.699900188734000 1557913916.074106931686401 12.536234000000007
2.969146049870000 1493019766.501912355422974 12.540838685185193
2.969146049870000 1963113027.824680566787720 12.546311444444452
2.969146049870000 2138253412.055930852890015 12.550740185185193
2.979635694016000 2138402928.844107627868652 12.555178796296303
1.713950232810000 2138342168.614168405532837 12.559602000000007
3.025011024336000 1558384291.513127565383911 12.564748074074082
3.017294159478000 2002375337.070140838623047 12.570248907407414
3.061690861814000 2192250927.721315860748291 12.574680314814822
3.021249672616000 2238238750.133902549743652 12.579175018518526
2.970069166295000 2203801935.412109375000000 12.583670185185193
1.706009917920000 2144429277.102472066879272 12.588161370370377
3.069402929476000 1947617895.360852241516113 12.603968074074080
3.060737909366000 2083622341.614571571350098 12.611175351851857
2.969146049870000 2242219083.001770019531250 12.620027907407414
3.332649038544000 2198125816.952859401702881 12.628970351851859
1.914223726800000 2117369246.276178836822510 12.637899351851859
1.900790577840000 1558464302.933916807174683 12.643046055555562
3.401021838942000 1492462699.179140567779541 12.647648277777785
3.068447576644000 1996959701.341943264007568 12.653154388888897
1.713338134890000 2176689339.114092826843262 12.657647796296304
3.015418455842000 1562747013.352073192596436 12.662865462962971
1.714561419870000 2001348351.137947082519531 12.668367574074082
3.060737909366000 1560678411.378257513046265 12.673528814814823
3.059786020481000 2041488952.080465316772461 12.679057759259267
2.969146049870000 2248322563.658930778503418 12.683488925925934
3.070357216066000 2158511312.348227500915527 12.687965351851860
3.075200559627000 2228027829.473606109619141 12.692472962962970
3.071312213484000 2246569704.305002212524414 12.696910092592599
2.970069166295000 2248372776.914984226226807 12.701345870370377
1.700507485886000 2159003360.537686347961426 12.705859037037044
2.976858117532000 1558378399.968334674835205 12.711005462962969
2.970069166295000 1961882535.300123214721680 12.716465259259266
2.978709835188000 2138760956.325775146484375 12.720877981481488
2.993212562396000 2138406946.149798393249512 12.725312092592599
2.976858117532000 2138441164.288135051727295 12.729738259259266
2.978709835188000 2138573968.663810968399048 12.734156296296304
3.122415247590000 2138281357.858581542968750 12.738588111111119
2.984570185194000 2272685031.083263874053955 12.743127888888896
1.713338134890000 2169689262.412916183471680 12.747649388888895
3.115675335448000 1558136639.257246732711792 12.752795407407413
3.039499354598000 1968389598.989160060882568 12.758364666666672
3.125330267490000 2153744933.267424583435059 12.773424777777784
2.991350903864000 2285539661.127865791320801 12.779423981481488
2.977783631662000 2091926119.076861381530762 12.788365296296302
1.901469381074000 1707563087.501225948333740 12.799127685185191
3.334721812992000 1792622952.504968643188477 12.808855018518525
3.342441076448000 1961963140.347611188888550 12.814326222222229
2.970992970330000 2126797789.556783676147461 12.818759722222229
1.741456500966000 2135759141.345275878906250 12.823200777777783
1.720671606272000 1524355966.760038614273071 12.828350759259266
2.985498097029000 1492477753.943116188049316 12.832952074074081
1.715173290075000 1962641679.170575857162476 12.838419500000006
2.970069166295000 1558877550.506050825119019 12.843562814814820
2.978709835188000 1962039287.744660139083862 12.849035259259265
2.970992970330000 2138117283.384089231491089 12.853474333333340
3.070357216066000 2138110346.908752679824829 12.857892722222228
2.970069166295000 2227932162.858445644378662 12.862399703703710
2.969146049870000 2158926010.622602462768555 12.866918370370376
3.025011024336000 2129632160.197227716445923 12.871335148148153
2.986426700046000 2182477310.799853324890137 12.875834351851857
2.977783631662000 2141630069.947353839874268 12.880329796296301
1.714561419870000 2138678715.800574064254761 12.884755092592599
2.976858117532000 1558841830.639240980148315 12.889901240740747
3.069402929476000 1962470474.523848295211792 12.895361685185192
3.070357216066000 2227830467.596390724182129 12.899876500000007
1.713950232810000 2247419894.244577407836914 12.904299703703710
1.700507485886000 1571468722.580092906951904 12.909491592592600
2.968221902030000 1492749307.061336755752563 12.914094907407415
3.068447576644000 1962318190.922701358795166 12.919549703703712
3.355792434645000 2226914914.947818279266357 12.924056740740749
1.720671606272000 2156121997.984317302703857 12.928576851851860
3.021249672616000 1935128270.239567041397095 12.943541351851859
2.970069166295000 1896142675.372764825820923 12.950832962962970
3.116644008268000 1727782256.193247556686401 12.961607092592599
3.480306050958000 2232803985.493068695068359 12.970598962962969
3.083866911200000 2226479486.659413814544678 12.979637796296302
3.408733906604000 2246204201.270151138305664 12.984072962962969
1.706619161812000 2202876000.892436504364014 12.988555074074080
2.968221902030000 1554293593.057496547698975 12.994730666666673
2.966375325375000 1941463011.214055299758911 13.000203296296302
2.970069166295000 2137888111.713005065917969 13.004640592592599
1.712726492400000 2132975877.559199571609497 13.009076296296303
3.079986118944000 1558670711.039627075195312 13.014222907407415
2.969146049870000 2041355523.651708364486694 13.019743611111119
3.062642750699000 2147431988.762117862701416 13.024278537037045
3.061690861814000 2227780964.017450332641602 13.028795129629637
3.076157243922000 2248501760.622421741485596 13.033212759259268
3.077114997138000 2248442002.625164031982422 13.037656925925935
1.699900188734000 2248242574.257425785064697 13.042100925925935
3.022189572976000 1571529968.510507822036743 13.047293722222230
3.114705580312000 2000723817.687277078628540 13.052781240740750
2.962354700928000 2265664323.678463935852051 13.057275870370379
2.979635694016000 2169495851.555155754089355 13.061806796296304
2.970069166295000 2138510932.366602659225464 13.066220296296304
3.023130523504000 2136624634.055685997009277 13.070654537037045
3.024070423864000 2183045606.641176700592041 13.075153962962972
3.030842591166000 2193497276.752151012420654 13.079587666666676
2.985498097029000 2192429949.333833694458008 13.084028500000009
2.976858117532000 2149163501.770196437835693 13.088516388888898
2.975931569308000 2138666186.351222276687622 13.092937351851861
2.968221902030000 2136994450.536392688751221 13.097378888888898
3.084827064800000 2136596209.615936279296875 13.112487296296305
3.031784889231000 2233321767.915538311004639 13.118484314814824
2.984570185194000 2155408549.612036228179932 13.127481907407416
3.532126989196000 2148253890.716948032379150 13.136390814814824
3.540939603453000 2238464823.706729888916016 13.145384666666676
3.062642750699000 2302521051.556619167327881 13.149827462962971
3.278647780975000 2213826528.267826080322266 13.154341166666676
2.992282252856000 2103174956.927005052566528 13.158823222222232
2.982713324751000 2131319124.563640594482422 13.163252759259269
1.728008960418000 2137478807.615230560302734 13.167688314814825
1.713338134890000 1558236015.237464904785156 13.172836444444455
1.706009917920000 1492533433.647687435150146 13.177439259259270
3.124358473635000 1492569313.268436431884766 13.182039148148158
2.984570185194000 2082097444.729253292083740 13.187587592592603
2.985498097029000 2167059503.592423439025879 13.192123888888899
1.720057107968000 2138013133.923298835754395 13.196545574074085
2.976858117532000 1555104760.603194475173950 13.201694703703714
2.986426700046000 1962725712.000650405883789 13.207159222222232
3.017294159478000 2138220970.812182664871216 13.211595370370381
1.712726492400000 2182269326.703820228576660 13.216094518518529
3.124358473635000 1565394883.251347780227661 13.221267074074085
3.023130523504000 2081204782.728070259094238 13.226797777777788
3.023130523504000 2214098099.714524269104004 13.231293203703714
2.968221902030000 2193605555.856527805328369 13.235736962962974
2.970992970330000 2148006705.873619079589844 13.240227222222234
2.982713324751000 2138582351.139400959014893 13.244640685185198
3.048161618910000 2134650265.380378484725952 13.249078759259271
2.993212562396000 2182922384.544436454772949 13.253576240740752
3.078071681433000 2146985150.513798713684082 13.258070722222234
1.706009917920000 2162344617.007291316986084 13.272608277777790
1.705400674028000 1710859053.147167205810547 13.279288888888901
3.069402929476000 1655457107.195427417755127 13.290045462962976
3.008641493130000 1961951379.338684558868408 13.300185185185198
3.348077969278000 1894547455.594383716583252 13.310932074074087
3.332649038544000 2135546179.661924362182617 13.315429203703717
2.959591516032000 2136463750.418200254440308 13.319857351851866
3.061690861814000 2108295706.145875930786133 13.324296944444459
2.968221902030000 2227448277.555831909179688 13.328821092592607
2.964197167104000 2158949197.334296226501465 13.333333833333347
2.962354700928000 2138401039.247925996780396 13.337760111111125
2.970069166295000 2137998346.175530910491943 13.342194277777791
2.961433982208000 2138054870.692353963851929 13.346630296296309
2.969146049870000 2138136509.448148012161255 13.351063851851865
3.007706388180000 2138264772.246804952621460 13.355487500000013
2.970069166295000 2182377604.285058975219727 13.359968185185199
1.706009917920000 2148960160.696350574493408 13.364448685185199
2.970069166295000 1546840365.175820112228394 13.369592833333346
2.961433982208000 1917806677.114625930786133 13.375134703703717
2.968221902030000 2124779016.442651033401489 13.379576629629643
3.015418455842000 2137495787.476280927658081 13.383968296296310
2.970069166295000 2183286178.473890304565430 13.388470666666679
2.976858117532000 2148971247.245627880096436 13.392958481481493
1.726159641360000 2138168813.126572132110596 13.397397314814826
2.969146049870000 1558328450.941501379013062 13.402541777777790
2.961433982208000 1960104561.602276802062988 13.407968314814827
2.954640235561000 2138618396.483148574829102 13.412391462962976
1.713950232810000 2138574255.359118223190308 13.416827481481494
2.977783631662000 1557372990.238042116165161 13.421975962962975
3.070357216066000 1878192074.280859231948853 13.427468629629642
1.699900188734000 2159007692.277923107147217 13.441824055555568
3.109896537774000 1517682415.523533344268799 13.448831814814827
1.713338134890000 2226656667.050695419311523 13.458797629629641
1.906825950488000 1851548283.888766288757324 13.468463648148161
3.053978794152000 1819725334.774724483489990 13.479084388888902
3.340363503911000 2040264511.654554605484009 13.484611555555569
3.301791177076000 2153101474.848780632019043 13.489124259259272
2.983641236586000 2069126058.910715341567993 13.493559722222235
2.965451521340000 2137120171.673819541931152 13.497986722222235
3.022189572976000 2138301877.649909257888794 13.502419962962975
2.969146049870000 2183108983.459341526031494 13.506907222222234
3.024070423864000 2148230697.850894451141357 13.511397462962973
3.114705580312000 2182743641.904134273529053 13.515894500000011
3.070357216066000 2282017103.271770000457764 13.520409555555567
1.713338134890000 2258638775.232141971588135 13.524894759259270
3.070357216066000 1571330556.407494783401489 13.530087462962975
2.970069166295000 2041422699.077954769134521 13.535610611111123
2.970069166295000 2158269166.881990432739258 13.540125777777789
1.720057107968000 2138561335.993522167205811 13.544562481481492
2.976858117532000 1559027451.686688423156738 13.549703500000010
1.707837649596000 1963152278.218029260635376 13.555176425925936
3.032727889194000 1557980055.429615497589111 13.560314740740750
2.977783631662000 2001353105.737475872039795 13.565815611111121
3.085786146800000 2148851696.385780811309814 13.570297907407419
2.970069166295000 2227675710.174048900604248 13.574795370370381
3.039499354598000 2159016348.639665126800537 13.579308148148160
2.970069166295000 2183430360.659519672393799 13.583803000000012
1.718829025792000 2147734561.231307029724121 13.588293259259272
2.976858117532000 1460803398.733199596405029 13.593687425925939
3.070357216066000 1954358491.714987277984619 13.599161388888902
1.713950232810000 2161958394.120026111602783 13.613492518518532
3.070357216066000 1611473407.634272813796997 13.620343203703717
3.017294159478000 2176161629.920222282409668 13.630322333333346
3.331613229984000 2155748228.557304382324219 13.639312703703716
2.985498097029000 2116839826.094442844390869 13.648346981481494
3.349119348372000 2137661684.207881212234497 13.652768666666679
2.954640235561000 2138219545.058918237686157 13.657194148148161
3.078071681433000 2128310595.393744230270386 13.661613259259273
2.953721914546000 2205951798.321812629699707 13.666122092592605
2.976858117532000 2158487249.054915428161621 13.670633740740753
2.976858117532000 2138258032.334731817245483 13.675051648148161
2.960512234752000 2138305003.195128202438354 13.679485481481494
2.969146049870000 2138037208.717518806457520 13.683904000000013
2.970069166295000 2135399832.068275451660156 13.688337018518531
3.050178707664000 2137957265.565183401107788 13.692763148148162
3.110863172768001 2222582378.941487789154053 13.697271222222236
3.123387403110000 2292785225.231192111968994 13.701744814814829
1.691972322264000 2303520138.176174640655518 13.706183592592607
3.069402929476000 1577995780.051150798797607 13.711396925925941
2.983641236586000 2041278106.389895200729370 13.716922722222238
2.970069166295000 2159054743.822518348693848 13.721441074074090
2.979635694016000 2138468430.087586164474487 13.725874796296312
3.068447576644000 2126386555.109862804412842 13.730339111111126
3.023130523504000 2227624025.612472057342529 13.734862370370386
1.691972322264000 2203862101.413984775543213 13.739349296296313
1.713338134890000 1564889886.304206132888794 13.744519037037053
1.699293343440000 1492882433.232270717620850 13.749118314814831
3.007706388180000 1493064491.571506261825562 13.753715814814830
3.054928285332000 2002082002.792873144149780 13.759219240740757
3.114705580312000 2237103826.757638931274414 13.763713907407423
3.014479905698000 2284860657.108222007751465 13.769030129629645
3.029899240254000 2149073324.973403930664062 13.783443388888903
2.969146049870000 2141745900.025565147399902 13.789745370370385
3.107963267786000 2129762314.385904073715210 13.798300555555571
3.024070423864000 2261896640.805580615997314 13.807289703703718
1.901469381074000 2199265798.286524295806885 13.816303222222237
2.968221902030000 1565094352.185632944107056 13.821476314814829
3.362461500632000 1962422515.203377008438110 13.826951462962978
3.363506900012000 2131611278.648974657058716 13.831372796296311
1.713950232810000 2083485902.633518695831299 13.835794425925940
2.978709835188000 1556866154.377979755401611 13.840937166666681
3.007706388180000 1962174779.827664852142334 13.846391648148161
1.713338134890000 2182757625.388882160186768 13.850891722222235
2.962354700928000 1564676828.875282049179077 13.856063388888902
1.701113879322000 1963144411.171545505523682 13.861517722222235
2.999994320518000 1558707898.787347078323364 13.866667129629642
2.970069166295000 1993883131.995264768600464 13.872173500000011
1.699900188734000 2147908413.354635715484619 13.876670759259271
3.115675335448000 1559067643.653778314590454 13.881821388888900
3.016355958497000 2081641453.345446825027466 13.887365685185197
2.954640235561000 2214337284.611425399780273 13.891863370370382
2.945092900196000 2147808640.724924564361572 13.896343018518531
2.967298785605000 2138728496.859314680099487 13.900774111111124
2.975006055178000 2138603897.217886924743652 13.905199870370383
3.108929542901000 2138588423.320712327957153 13.909626074074087
3.000927027763000 2272555607.213644504547119 13.914166851851865
2.953721914546000 2213753614.863201618194580 13.918680111111124
2.967298785605000 2148889435.782241344451904 13.923164851851865
3.025011024336000 2138210585.769331932067871 13.927591129629644
3.175395064076000 2181900694.610383510589600 13.932086055555569
3.069402929476000 2107000008.315524101257324 13.936540018518532
2.969146049870000 1677443758.900002717971802 13.952600666666680
