3.008641493130000 1490121011.383937358856201 0.004260388888889
2.991350903864000 1960944640.666245222091675 0.009739407407407
1.720057107968000 2121534561.961569309234619 0.014169722222222
3.007706388180000 1558591766.329346895217896 0.019322907407407
3.138811538434000 1961573498.220024824142456 0.024779703703704
2.999060571142000 2272368039.393419742584229 0.029315148148148
3.014479905698000 2168798917.670946121215820 0.033839000000000
3.162930800470000 2138314679.520976305007935 0.038264666666667
3.154235673758000 2272173481.082095146179199 0.042805240740741
3.123387403110000 2303060949.594940662384033 0.047223888888889
3.008641493130000 2258741476.990358829498291 0.051695444444444
3.006770238420000 2159235877.387754440307617 0.056190796296296
3.108929542901000 2137601537.112067222595215 0.060624314814815
3.062642750699000 2132411233.504466295242310 0.065158370370370
3.015418455842000 2230545631.387338638305664 0.079457129629630
1.727392979734000 2146299400.231467962265015 0.085425481481481
3.006770238420000 1633687739.314198970794678 0.095161055555556
3.390862626228000 1866005376.044612646102905 0.106797037037037
3.062642750699000 1986296535.507518053054810 0.115845981481481
3.108929542901000 2078769960.489336729049683 0.121690629629630
3.008641493130000 2219623201.186845779418945 0.126184333333333
1.902148689746000 2156628029.947369575500488 0.130681111111111
3.017294159478000 1556217519.440656185150146 0.135827351851852
3.047213819965000 1961709169.986179828643799 0.141294462962963
3.123387403110000 2182796310.435195446014404 0.145781592592593
1.721285190144000 2236904912.947892665863037 0.150271240740741
3.000927027763000 1571417151.779380321502686 0.155466037037037
3.000927027763000 1961778871.575440883636475 0.160936462962963
1.726159641360000 2138349817.981430768966675 0.165372314814815
3.006770238420000 1558393544.833743095397949 0.170516629629630
3.101215077534000 1962608814.110710144042969 0.175981351851852
3.014479905698000 2226862766.215455532073975 0.180486370370370
3.006770238420000 2153311691.565790176391602 0.184994685185185
3.014479905698000 2138545824.762270450592041 0.189432888888889
3.005835133470000 2138460855.363460540771484 0.193866351851852
3.136858716211000 2138103713.541144609451294 0.198300574074074
3.062642750699000 2227792349.771625995635986 0.202813148148148
3.021249672616000 2203784623.407584190368652 0.207287481481481
3.053978794152000 2148947684.866955757141113 0.211759666666667
3.068447576644000 2183155862.785348892211914 0.216252222222222
3.062642750699000 2123972875.510195970535278 0.220848314814815
3.069402929476000 2041846894.527433395385742 0.225302518518518
1.726159641360000 2165584509.706787586212158 0.239545129629630
1.721899459840000 1474535483.890461683273315 0.245673888888889
3.054928285332000 1487585117.156313896179199 0.256042277777778
3.500188944212000 2158945656.993091106414795 0.265941333333333
3.054928285332000 2051524463.083904981613159 0.276163462962963
3.053028242088000 2165237609.058845520019531 0.280752388888889
3.025011024336000 2192424665.755342960357666 0.285195796296296
3.021249672616000 2148203288.441018581390381 0.289690777777778
3.047213819965000 2137468594.554635286331177 0.294124722222222
3.024070423864000 2134089789.173218488693237 0.298562277777778
1.732257377556000 2137866177.227693557739258 0.302986592592593
3.132072939002000 1558523094.887985467910767 0.308124814814815
3.107963267786000 2030739973.266521930694580 0.313638777777778
2.999994320518000 2247669617.975647449493408 0.318064518518519
1.726776081046000 2158841177.942908287048340 0.322577722222222
1.713338134890000 1558613420.324922323226929 0.327720833333333
3.054928285332000 1491964052.761269807815552 0.332320166666667
3.116644008268000 2001564718.159314155578613 0.337803629629630
1.733495054124000 2238335983.897820472717285 0.342275074074074
3.023130523504000 1571566899.071569681167603 0.347465037037037
3.025951274752000 1962086866.241004228591919 0.352940888888889
3.015418455842000 2138521628.945651531219482 0.357369111111111
3.000927027763000 2138445858.914294719696045 0.361800092592593
3.009577294620000 2138455342.586840152740479 0.366241518518519
3.014479905698000 2121515498.013927459716797 0.370698481481481
3.062642750699000 2136164054.576340436935425 0.375135351851852
3.004899680250000 2183240722.979842662811279 0.379634222222222
1.734114353196000 1938375161.984375238418579 0.384135685185185
3.000927027763000 1920101769.616026878356934 0.399110685185185
3.016355958497000 2074481816.157925605773926 0.405182925925926
3.167687794503000 2129437047.380401134490967 0.414864222222222
3.502367276618000 2247474193.008656978607178 0.423829277777778
3.077114997138000 2016981781.430641651153564 0.434218555555556
3.001860429762000 2177379315.451094150543213 0.438720574074074
3.006770238420000 2147482155.151445150375366 0.443212481481481
3.039499354598000 2138043702.477953910827637 0.447632944444444
3.115675335448000 2135056658.717208385467529 0.452059055555556
3.106995913034000 2225829136.417857646942139 0.456576629629630
3.029899240254000 2248221752.629949092864990 0.461002148148148
3.115675335448000 2141114954.447818756103516 0.465502481481481
1.734114353196000 2227603702.625221729278564 0.470017796296296
3.007706388180000 1571299238.209364175796509 0.475210240740741
3.007706388180000 1962090092.410292148590088 0.480675000000000
1.720057107968000 2138442783.179905652999878 0.485106648148148
2.985498097029000 1558973106.349869489669800 0.490247611111111
2.992282252856000 1963324522.323181629180908 0.495717759259259
3.006770238420000 2135965033.238922834396362 0.500144185185185
1.726776081046000 2137510846.640554666519165 0.504569518518519
2.999060571142000 1558721104.306406021118164 0.509713018518518
3.101215077534000 1963075362.308995962142944 0.515165444444444
3.106029637919000 2227859968.273357391357422 0.519683203703704
3.047213819965000 2248551151.911763191223145 0.524109018518518
3.061690861814000 2202965100.100327491760254 0.528594333333333
3.362461500632000 2193634760.768345355987549 0.533032925925926
3.045318574810000 1886390043.128388166427612 0.537545722222222
3.015418455842000 1658605309.620138168334961 0.553593462962963
3.008641493130000 2124804378.557345390319824 0.559567018518519
1.732876215840000 2127473140.508850574493408 0.568408296296296
3.385597703618000 1850431258.694963932037354 0.578058944444445
2.999060571142000 1791362958.150575160980225 0.588263518518519
3.023130523504000 2017324086.627658128738403 0.594491962962963
1.726776081046000 2121774219.408930301666260 0.598927111111111
3.061690861814000 1557970071.708445787429810 0.604073981481482
3.015418455842000 1999417495.003062009811401 0.609577351851852
3.062642750699000 2148619796.049700736999512 0.614066462962963
3.070357216066000 2183084602.215674400329590 0.618566388888889
2.993212562396000 2191451053.397814750671387 0.622992981481482
3.052078750908000 2148193089.338673591613770 0.627482555555556
3.014479905698000 2182363393.948372364044189 0.631982722222222
3.016355958497000 2147393629.775505542755127 0.636477592592593
1.720057107968000 2138652785.820388078689575 0.640890814814815
1.720057107968000 1558709664.644573688507080 0.646034611111111
3.011666350244000 1492468662.331294298171997 0.650642129629630
1.732876215840000 1963110472.671160459518433 0.656114574074074
3.160963583980000 1553205909.969025611877441 0.661262185185185
3.009577294620000 2082146136.197413206100464 0.666807240740740
3.023130523504000 2169366088.963079452514648 0.671333462962963
3.054928285332000 2138536407.178621053695679 0.675764314814815
2.999994320518000 2183400446.207238674163818 0.680246537037037
3.016355958497000 2147964316.940792083740234 0.684736685185185
3.101215077534000 2138650243.296277523040771 0.689162777777778
3.008641493130000 2133599790.444938898086548 0.693722703703704
3.154235673758000 2042297590.208870410919189 0.698255907407407
3.108929542901000 2172284134.704561233520508 0.712632500000000
3.008641493130000 2192323698.366720676422119 0.718718870370370
3.015418455842000 1881907680.056750297546387 0.729369833333333
3.378935830746000 1864926625.573770523071289 0.739960111111111
1.726159641360000 1959064652.996910095214844 0.748986074074074
3.000927027763000 1488279394.718318462371826 0.754274092592593
3.069402929476000 1953002037.265402078628540 0.759755296296296
3.053978794152000 2182296194.069011688232422 0.764237092592593
3.016355958497000 2190180504.931725978851318 0.768662333333333
1.726159641360000 2148688085.000826835632324 0.773141592592593
3.106995913034000 1557486998.385608911514282 0.778280555555556
3.016355958497000 2041370436.402876853942871 0.783806370370370
3.115675335448000 2157905873.744702339172363 0.788311351851852
3.107963267786000 2181495394.906729698181152 0.792829296296296
3.060737909366000 2247759697.627798080444336 0.797263370370370
3.070357216066000 2203148503.950695991516113 0.801737500000000
3.009577294620000 2193397560.486900806427002 0.806173722222222
1.740214027202000 2145218239.723735809326172 0.810656814814815
1.719443066880000 1558494086.898294687271118 0.815800759259259
3.155216335103000 1491754455.445544481277466 0.820401870370370
3.023130523504000 2081785565.537771463394165 0.825950833333333
3.025951274752000 2168879614.020335674285889 0.830487629629630
1.745685729320000 2138365289.857192277908325 0.834918611111111
3.107963267786000 1559210303.115321874618530 0.840067000000000
3.115675335448000 2040732434.994856119155884 0.845575111111111
3.030842591166000 2248541796.866851329803467 0.850013907407407
3.107963267786000 1952041024.138309955596924 0.854564074074074
3.015418455842000 2157222697.946194171905518 0.870537129629630
3.131099470772000 2150969967.806081771850586 0.876525148148148
3.124358473635000 2178183158.143576145172119 0.885455500000000
3.484769609656000 2234753046.356372356414795 0.894329185185185
2.991350903864000 2055328980.049965620040894 0.904558444444444
1.740214027202000 2156724527.713748931884766 0.909073518518518
3.063595348626000 1557538738.894346475601196 0.914219796296296
1.734114353196000 2001304802.688456058502197 0.919724814814815
3.154235673758000 1564268503.716872453689575 0.924891444444444
2.999060571142000 2081426653.172066211700439 0.930435500000000
1.728008960418000 2168918057.886764526367188 0.934959018518518
1.718829025792000 1558933679.103108644485474 0.940107666666667
3.000927027763000 1491723597.585513114929199 0.944709518518518
3.101215077534000 1962531731.604080677032471 0.950169666666666
1.726159641360000 2227892146.493838787078857 0.954687111111111
3.116644008268000 1571339964.891749382019043 0.959877407407407
3.059786020481000 2041694681.364660501480103 0.965400962962963
3.016355958497000 2203881698.910384654998779 0.969897962962963
3.038554658828000 2148677638.218900680541992 0.974393314814815
3.037608907532000 2138115529.524305105209351 0.978807129629629
3.017294159478000 2182978060.303247928619385 0.983299240740741
3.000927027763000 2148822773.330255031585693 0.987791500000000
3.023130523504000 2135566467.035858631134033 0.992225611111111
3.009577294620000 2135287666.206632137298584 0.996667037037037
3.015418455842000 2138443218.786849737167358 1.001095666666666
3.008641493130000 1922019997.667910575866699 1.005542481481481
2.990420594324000 2134391616.536076068878174 1.019789222222222
3.070357216066000 2118833246.030147075653076 1.024844685185185
3.016355958497000 2168997201.400168418884277 1.035504777777777
1.908870063208000 2201271982.031872749328613 1.044500129629629
3.016355958497000 1685287264.909787416458130 1.057335037037037
3.007706388180000 1912315278.379385709762573 1.062850092592593
3.070357216066000 2134830140.219063520431519 1.067291555555556
1.740214027202000 2182273670.942389011383057 1.071787222222222
1.740835726658000 1564485762.420245170593262 1.076953518518519
3.054928285332000 1490322250.227486848831177 1.081552888888889
3.054928285332000 2001848496.715257167816162 1.087038407407408
3.000927027763000 2193170653.947533607482910 1.091464518518519
2.994143564904000 2147947598.469150543212891 1.095959722222222
3.007706388180000 2137046695.240243434906006 1.100392722222222
1.726159641360000 2138024832.967732429504395 1.104816351851852
3.107963267786000 1558426219.946860074996948 1.109960018518518
1.726776081046000 2041710166.685656309127808 1.115486055555555
3.053978794152000 1569749687.189194440841675 1.120680888888889
3.024070423864000 1993398472.122284173965454 1.126188407407407
3.098322368346000 2148509475.128304958343506 1.130669925925926
3.155216335103000 2227782708.041571617126465 1.135192259259259
3.016355958497000 2293034756.145400524139404 1.139676944444444
1.739592790320000 2139653816.512257099151611 1.144194351851852
3.025011024336000 1557761171.486726522445679 1.149343870370370
1.726776081046000 1963411776.659373760223389 1.154811685185185
2.990420594324000 1558906196.943972826004028 1.159959981481481
3.006770238420000 1817018873.787457227706909 1.165442796296296
3.013542403043000 2133775396.786181449890137 1.179684537037037
3.014479905698000 2127029372.074455499649048 1.185599074074074
3.077114997138000 2165489877.637681007385254 1.194547907407407
3.362461500632000 2172470790.442206859588623 1.203469074074074
3.015418455842000 1990700702.340594530105591 1.212602555555555
3.107963267786000 2040129638.590863704681396 1.217960185185185
1.726776081046000 2225104270.370477199554443 1.222465388888889
3.154235673758000 1560827448.396231412887573 1.227664370370370
3.069402929476000 2079773339.806150436401367 1.233195574074074
1.732876215840000 2214085630.127475738525391 1.237703333333333
3.000927027763000 1563537725.519383430480957 1.242878629629629
3.015418455842000 1961617114.601630687713623 1.248350240740740
1.740214027202000 2138414773.847838878631592 1.252763444444444
3.061690861814000 1558876898.078914165496826 1.257914851851851
3.009577294620000 2001990197.102954149246216 1.263408314814815
3.000927027763000 2148628552.798286437988281 1.267895518518518
3.017294159478000 2137565636.532523155212402 1.272321407407407
3.016355958497000 2138274020.769957065582275 1.276734833333333
3.023130523504000 2138777666.857412338256836 1.281168370370370
3.014479905698000 2138372497.286465883255005 1.285604296296296
3.116644008268000 2138561392.523949861526489 1.290040685185185
3.016355958497000 2228006350.642673492431641 1.294543000000000
3.021249672616000 2153334624.220544815063477 1.299057074074074
1.732876215840000 2138251212.451596021652222 1.303490240740740
3.015418455842000 1558020671.369180917739868 1.308630648148148
1.727392979734000 1962360391.159974336624146 1.314101555555555
3.160963583980000 1505108266.060915470123291 1.319253814814815
3.061690861814000 2154795324.016348838806152 1.334640555555555
3.099286245756000 2178893624.901618957519531 1.340640462962962
1.732876215840000 2212694911.795804023742676 1.349625296296296
3.417508157581000 1907152305.848403930664062 1.359328481481481
1.727392979734000 1611186433.225671052932739 1.370531777777777
1.734114353196000 1554473818.527546882629395 1.375712851851851
3.006770238420000 1490058046.914072275161743 1.380267277777777
3.015418455842000 1963320971.771763801574707 1.385737240740740
3.162930800470000 2096628280.114652156829834 1.390989851851851
3.014479905698000 2266136861.655764579772949 1.395536481481481
2.999060571142000 2168841030.053469181060791 1.400056203703703
3.008641493130000 2122247980.977807283401489 1.404495462962962
2.991350903864000 2112296624.308491230010986 1.408924185185185
3.046266726490000 2137684947.978422880172729 1.413359666666666
1.720057107968000 2182590207.544061660766602 1.417856703703703
3.162930800470000 1565413852.215831995010376 1.423031166666666
3.014479905698000 2080543603.777992963790894 1.428579870370370
1.720057107968000 2169662946.756576061248779 1.433116685185184
3.107963267786000 1558819980.648108482360840 1.438264999999999
3.007706388180000 2042300676.592707395553589 1.443791055555555
3.061690861814000 2158852789.987335205078125 1.448265388888888
2.999060571142000 2183598987.154150009155273 1.452763166666666
3.061690861814000 2149042186.449001312255859 1.457250740740740
3.070357216066000 2183139709.064827442169189 1.461743277777777
3.016355958497000 2193399918.825395107269287 1.466169037037036
3.061690861814000 2077507274.068520069122314 1.470762981481481
1.726776081046000 1954734983.841229438781738 1.475272629629629
3.046266726490000 1486703617.878184080123901 1.490432425925925
3.017294159478000 2123862898.714618921279907 1.496556851851851
3.108929542901000 2147815274.503677845001221 1.506337129629629
3.425222622948000 2179557125.888763427734375 1.515255055555555
3.007706388180000 2058821961.931595325469971 1.525534796296296
2.992282252856000 2118741345.987778663635254 1.530038166666666
3.016355958497000 2137202895.042198657989502 1.534474870370370
3.000927027763000 2134353896.226296424865723 1.538895814814814
3.156197726922000 2137991378.878669738769531 1.543333666666666
3.146523606096000 2272156181.505593776702881 1.547879185185185
1.712726492400000 2301308866.254800796508789 1.552315481481481
3.062642750699000 1577639521.038957357406616 1.557525833333333
3.014479905698000 1996694371.945382356643677 1.563038888888888
2.999994320518000 2145440103.083870887756348 1.567537203703703
1.733495054124000 2137777351.713629245758057 1.571960888888888
1.733495054124000 1558337325.722840785980225 1.577106481481481
1.718829025792000 1492808928.564234972000122 1.581703462962962
3.047213819965000 1492711333.977767229080200 1.586301240740740
3.000927027763000 2002555717.981191635131836 1.591799166666666
3.008641493130000 2144480769.709079265594482 1.596266462962962
2.999060571142000 2138505285.571142196655273 1.600702018518518
3.002793484384000 2138011140.474684476852417 1.605123666666666
3.108929542901000 2138604549.563121557235718 1.609548999999999
3.145544249424000 2226415825.233944416046143 1.614057037037036
3.155216335103000 2293013356.622227191925049 1.618531166666666
3.139787404369000 2303288335.419273853302002 1.622970055555554
3.017294159478000 2303233189.925232887268066 1.627403574074073
1.740214027202000 1965152156.827612400054932 1.631951148148147
1.727392979734000 1934495632.660790681838989 1.646912796296295
1.732876215840000 1479628358.981863975524902 1.653492722222221
3.149459490048000 1656839043.602882862091064 1.664269277777776
3.386650296113000 2209336584.859263420104980 1.674255092592591
3.023130523504000 1933820243.275559186935425 1.684817722222221
3.022189572976000 2136694598.957767009735107 1.689245537037036
3.000927027763000 2137886277.147237300872803 1.693678666666665
1.732257377556000 2137772008.144056320190430 1.698117259259258
3.046266726490000 1559218105.722274780273438 1.703263166666665
1.720057107968000 2001153295.283221960067749 1.708765981481480
2.999060571142000 1562720335.976665019989014 1.713933888888888
2.993212562396000 1962573529.711202383041382 1.719390740740739
3.007706388180000 2138142250.326827287673950 1.723824499999999
3.007706388180000 2137903906.360881090164185 1.728260759259258
3.053028242088000 2137703682.900042533874512 1.732678574074073
2.993212562396000 2181678079.388896465301514 1.737158629629628
1.720057107968000 2148716324.555089473724365 1.741635185185184
3.008641493130000 1550057252.018246889114380 1.746782666666665
3.108929542901000 1963037001.171523332595825 1.752251962962962
3.003963878760000 2226852960.576178550720215 1.756772166666665
1.727392979734000 2159327185.868236541748047 1.761272666666665
3.009577294620000 1558607309.587620019912720 1.766413555555554
3.008641493130000 1960149507.035804748535156 1.771873722222221
1.713950232810000 2137867102.267937183380127 1.776266685185184
3.244760490233000 1559304972.804972887039185 1.781414685185184
3.016355958497000 1790874315.902906417846680 1.786879444444443
3.169659809082000 2136234057.056627273559570 1.801114814814813
3.005835133470000 2190528508.096292495727539 1.806825018518517
3.015418455842000 2170484471.767366409301758 1.816602907407406
3.440651553682000 2132952638.321387767791748 1.825449722222221
3.045318574810000 1966779632.514242649078369 1.835756999999999
1.726776081046000 2190365845.719865322113037 1.840194814814813
3.100251200124000 1549043969.822243690490723 1.845364185185184
3.005835133470000 1961888189.275560855865479 1.850822814814813
1.732876215840000 2138179613.920245885848999 1.855258666666665
1.740214027202000 1546898363.562885046005249 1.861398925925924
1.720057107968000 1492643077.257731199264526 1.865996092592591
2.999994320518000 1492318075.622378826141357 1.870601333333332
1.721899459840000 1962517358.978448629379272 1.876058537037036
1.718829025792000 1549603353.772994518280029 1.881237888888887
2.999994320518000 1492130615.399478197097778 1.885838333333332
3.053978794152000 1962475142.687780618667603 1.891305462962962
3.063595348626000 2182991032.333945751190186 1.895792777777776
3.147501869736000 2192943816.572485923767090 1.900236555555554
3.054928285332000 2282036782.742681026458740 1.904743499999999
3.123387403110000 2214303827.368576526641846 1.909259222222221
3.029899240254000 2238136777.024825572967529 1.913749092592591
2.992282252856000 2159156291.521086692810059 1.918264870370369
3.000927027763000 2138340806.159420490264893 1.922680870370369
3.007706388180000 2138247393.657900810241699 1.927114499999999
1.720057107968000 2138509095.481599569320679 1.931532648148147
3.070357216066000 1503478237.132287025451660 1.936688388888888
3.106995913034000 2203046734.001602649688721 1.952241740740740
1.728625629605000 2204208266.040911674499512 1.958215759259258
3.062642750699000 1633790727.444970369338989 1.968009296296295
3.381037393728000 2140139363.592672348022461 1.977950518518517
3.440651553682000 1985622777.926796436309814 1.987063629629628
3.161947741420000 2043396747.341772079467773 1.991635388888888
3.061690861814000 2268447681.478077888488770 1.996149759259258
3.077114997138000 2211930941.119037628173828 2.000663888888888
3.015418455842000 2193524838.715054988861084 2.005107370370369
3.038554658828000 2147219728.278353929519653 2.009597259259258
1.726776081046000 2137893782.535438060760498 2.014015518518517
1.732257377556000 1557786832.391009807586670 2.019167611111110
3.024070423864000 1492321015.331212043762207 2.023776944444443
3.153253916702000 1961869851.517107725143433 2.029227129629628
3.077114997138000 2272335999.673509597778320 2.033764722222221
3.084827064800000 2213804786.974308967590332 2.038277740740739
3.039499354598000 2192996063.748882293701172 2.042709481481480
3.005835133470000 2193296124.768437385559082 2.047147925925924
3.016355958497000 2148544509.700408935546875 2.051637999999998
3.053028242088000 2138477046.234275579452515 2.056058722222220
3.062642750699000 2182451011.348038196563721 2.060551259259257
1.726776081046000 2182917357.542109012603760 2.064994092592591
3.053028242088000 1564791124.241261720657349 2.070159222222220
3.000927027763000 2001770794.041411638259888 2.075667611111109
3.106029637919000 2148590385.448246002197266 2.080157333333332
3.077114997138000 2226900181.785427570343018 2.084680370370369
3.254492553364000 2204007556.062772274017334 2.089175166666665
1.719443066880000 1979332759.201707124710083 2.093626333333332
1.726159641360000 1934379565.754389762878418 2.108634907407406
3.053028242088000 1483170136.266808032989502 2.115206981481480
3.023130523504000 2140636879.551351785659790 2.125162814814813
1.920940301280000 2135387535.422570466995239 2.134050222222220
1.718829025792000 1754115520.883394956588745 2.143991666666665
2.992282252856000 1392572931.476447820663452 2.150934129629628
3.039499354598000 1951696570.616883039474487 2.156409685185183
3.009577294620000 2179186656.017390251159668 2.160907759259257
3.054928285332000 2148017854.198951244354248 2.165400944444442
3.016355958497000 2182764511.183745861053467 2.169882481481479
3.107963267786000 2147902353.722362041473389 2.174372611111109
1.726776081046000 2227516278.648652076721191 2.178872370370368
1.720057107968000 1571698244.963979959487915 2.184070111111109
2.986426700046000 1491328343.975954532623291 2.188672499999998
1.718214984704000 1963123423.185520887374878 2.194142388888887
1.719443066880000 1558468930.269670009613037 2.199294777777776
2.999994320518000 1492896406.838597536087036 2.203896111111109
3.102179672916000 1961912795.303581237792969 2.209365999999998
3.114705580312000 2227970764.392740249633789 2.213870907407405
3.106995913034000 2248460397.218219280242920 2.218304518518516
3.047213819965000 2248571036.187025547027588 2.222740833333331
3.063595348626000 2203528291.603356361389160 2.227225870370368
3.062642750699000 2193325427.040023803710938 2.231662092592590
3.061690861814000 2191705463.480680942535400 2.236093537037035
3.000927027763000 2182304445.311786174774170 2.240553499999998
3.016355958497000 2148802798.035421848297119 2.245032833333331
3.014479905698000 2138737007.900333166122437 2.249465370370368
1.726776081046000 1922768756.963831901550293 2.253902981481479
3.115675335448000 1556710436.609853029251099 2.259058444444442
1.720671606272000 1660720782.673001766204834 2.274558981481479
3.013542403043000 1480975367.444879531860352 2.280721407407405
1.795246663158000 2094719473.939624786376953 2.288696833333331
3.006770238420000 1625433637.980389833450317 2.298432851851849
3.362461500632000 2106571398.989480495452881 2.308270111111108
3.016355958497000 1904892179.295409202575684 2.315983018518516
3.054928285332000 2031068255.931631803512573 2.320429518518516
3.055878483768000 2181051844.966851234436035 2.324932259259256
3.100251200124000 2173232021.561988353729248 2.329357055555553
3.005835133470000 2234199462.917816638946533 2.333846333333330
3.068447576644000 2158560688.566352367401123 2.338338759259256
3.006770238420000 2183152158.831885337829590 2.342823351851849
3.060737909366000 2129923009.811022520065308 2.347323203703700
3.005835133470000 2181866136.088385581970215 2.351818648148145
3.007706388180000 2146158404.728945970535278 2.356273481481478
3.061690861814000 2137697949.306352138519287 2.360711907407404
3.016355958497000 2183367160.267978668212891 2.365206462962960
3.045318574810000 2148866896.141845226287842 2.369693351851848
2.994143564904000 2183072407.190372943878174 2.374180833333330
1.732257377556000 2148896523.754345417022705 2.378655648148145
3.014479905698000 1558945369.094187259674072 2.383801629629626
3.046266726490000 1947616705.665547370910645 2.389911333333330
3.101215077534000 2178448894.976492881774902 2.394413499999997
2.993212562396000 2193072436.092545509338379 2.398854962962960
3.008641493130000 2148777698.450364112854004 2.403342277777774
1.726776081046000 2132142537.210727930068970 2.407782703703700
3.039499354598000 1557253885.003885030746460 2.412930703703700
3.022189572976000 1823761876.018591403961182 2.418453037037034
3.060737909366000 2174948767.281031608581543 2.432765722222219
3.069402929476000 2181654575.892857074737549 2.438739055555553
1.740835726658000 2186514744.254507541656494 2.447596240740738
1.881312461840000 1815819556.944431066513062 2.457255592592590
3.118582436224000 1362382432.615468025207520 2.472021592592589
3.006770238420000 2011752477.932093858718872 2.477553759259256
2.993212562396000 2154280297.867798328399658 2.482064833333330
3.015418455842000 2137533179.706156730651855 2.486492740740738
3.062642750699000 2135622490.094407081604004 2.490914111111108
3.045318574810000 2182702065.309549331665039 2.495413481481478
3.006770238420000 2192789563.310920715332031 2.499839462962960
3.023130523504000 2147141489.006297826766968 2.504329407407404
3.015418455842000 2138525655.315791606903076 2.508765351851848
3.016355958497000 2108210530.272654294967651 2.513199129629626
1.726159641360000 2137285887.900036334991455 2.517633333333330
1.719443066880000 1558685304.664660215377808 2.522776814814812
3.107963267786000 1492736330.605617284774780 2.527384296296293
3.059786020481000 2039699804.885244369506836 2.532908111111108
3.100251200124000 2203821911.116998195648193 2.537381740740738
3.069402929476000 2238101062.008949756622314 2.541871833333330
3.053978794152000 2203916162.617749214172363 2.546354055555553
3.032727889194000 2192269083.243053436279297 2.550781296296293
3.017294159478000 2148653633.919338226318359 2.555258148148145
1.732876215840000 2138272808.046940326690674 2.559676666666664
1.727392979734000 1550347497.252688169479370 2.564833222222219
3.115675335448000 1492411690.278318881988525 2.569443574074071
3.267882298952000 2041992184.357991218566895 2.574969055555552
3.015418455842000 1955404361.268658161163330 2.579491185185182
3.062642750699000 2134244273.757359027862549 2.593737648148145
3.000927027763000 2117264054.514480113983154 2.599705481481479
1.734732730692000 1728395465.852264404296875 2.610492759259257
1.914907327230000 1870534717.036623954772949 2.620189407407405
2.999060571142000 1337945793.926461219787598 2.632963703703701
3.060737909366000 1935830113.081679344177246 2.638426814814812
2.992282252856000 2178599271.859637737274170 2.642928388888886
3.047213819965000 2135839248.935026407241821 2.647405981481478
2.999060571142000 2182998257.775141716003418 2.651902148148145
2.999060571142000 2147123903.045369625091553 2.656371592592590
3.094462808058000 2138497722.238475322723389 2.660802518518516
3.101215077534000 2227938814.956161022186279 2.665305555555553
3.047213819965000 2247827873.988120555877686 2.669738999999997
1.719443066880000 2203354091.088978290557861 2.674231148148146
2.991350903864000 1565138582.705353736877441 2.679404018518516
1.720671606272000 1962176374.988149642944336 2.684873425925923
3.000927027763000 1559033618.344345092773438 2.690019425925923
3.007706388180000 1962929003.941967725753784 2.695487648148146
2.992282252856000 2138077469.286546230316162 2.699923814814813
3.114705580312000 2131370472.488713741302490 2.704349944444442
1.720057107968000 2228032579.052111625671387 2.708872277777776
3.002793484384000 1571510503.091664552688599 2.714059462962961
3.046266726490000 1962651722.456278324127197 2.719527537037035
3.054928285332000 2183175149.250349044799805 2.724022222222220
2.985498097029000 2190798692.246831893920898 2.728445981481479
2.999994320518000 2148637194.920299053192139 2.732925685185183
3.077114997138000 1928232732.625978946685791 2.737353592592591
1.732876215840000 2163915527.263870239257812 2.752635314814813
2.992282252856000 1480784245.417441606521606 2.758769685185183
3.001860429762000 2050944185.646275758743286 2.766732259259257
1.726159641360000 1723919996.286094665527344 2.777502592592591
3.371221365379000 1850973760.429322481155396 2.787150870370369
3.060737909366000 1867990404.649399042129517 2.795843351851850
3.070357216066000 2170372375.198098182678223 2.800330462962961
1.726159641360000 2190004233.290193080902100 2.804766203703702
3.023130523504000 1565256933.951116800308228 2.809938018518517
3.052078750908000 1963203044.241073608398438 2.815405537037035
3.053978794152000 2182335500.135940074920654 2.819900981481480
1.726776081046000 2192169819.665701389312744 2.824339240740739
3.052078750908000 1564685919.930605173110962 2.829505592592591
2.999994320518000 2001667090.859378337860107 2.834991685185183
3.016355958497000 2148434544.185719966888428 2.839476333333331
3.061690861814000 2135471256.695646286010742 2.843915370370369
3.046266726490000 2182594498.647107124328613 2.848411907407406
1.726776081046000 2192167686.704464435577393 2.852850740740739
3.000927027763000 1565450978.002995967864990 2.858018111111110
2.993212562396000 1990869156.388327598571777 2.864481722222221
3.008641493130000 2138256354.790888071060181 2.868916259259258
2.999994320518000 2138638229.329238414764404 2.873353999999998
3.001860429762000 2138720231.822971582412720 2.877782666666665
1.726776081046000 2138561614.559419155120850 2.882219148148146
3.000927027763000 1558620145.670353412628174 2.887367759259257
3.114705580312000 1962143112.348865747451782 2.892820351851850
3.060737909366000 2025632723.165968656539917 2.897542796296295
3.108929542901000 2230530459.752604961395264 2.912130351851850
3.007706388180000 2225875856.421962738037109 2.918101037037035
3.009577294620000 2131479475.924558401107788 2.927028222222221
3.378935830746000 2133055596.710402250289917 2.935877666666665
3.116644008268000 1974084350.395507335662842 2.944958833333332
3.061690861814000 2129130771.113831043243408 2.950632444444443
1.728008960418000 2200153788.853805065155029 2.955107314814814
3.145544249424000 1562541202.776354551315308 2.960275296296295
1.739592790320000 2081622640.373325109481812 2.965811129629629
2.992282252856000 1577511351.966027498245239 2.971022333333333
3.007706388180000 1959961870.693685054779053 2.976489111111110
3.006770238420000 2138495183.993985176086426 2.980922629629629
3.063595348626000 2138168989.023106575012207 2.985356185185184
3.061690861814000 2183046941.045606136322021 2.989851185185184
3.040444754052000 2193394093.622630596160889 2.994290203703703
3.023130523504000 2182428450.627954959869385 2.998735851851851
3.024070423864000 2148457648.378670215606689 3.003209203703703
3.059786020481000 2138317988.837077140808105 3.007645185185184
3.063595348626000 2183218766.590530395507812 3.012144907407406
3.008641493130000 2192790590.552166461944580 3.016583314814814
3.015418455842000 2149035764.384582042694092 3.021058592592591
1.740214027202000 2138664254.933851957321167 3.025476296296295
3.069402929476000 1558988969.608824253082275 3.030620333333332
1.733495054124000 2001753386.107343196868896 3.036108444444443
3.108929542901000 1564815076.737887382507324 3.041277555555554
3.017294159478000 2042157606.928160429000854 3.046800907407406
3.107963267786000 1955784008.843036174774170 3.051324240740739
2.999060571142000 2279339938.425673484802246 3.065940722222221
3.015418455842000 2124428857.492490768432617 3.071933388888888
1.725543201674000 2197526246.098552703857422 3.080940018518517
3.554156615158000 1821107145.342767477035522 3.090518907407406
3.052078750908000 1839777641.689104795455933 3.101798166666666
1.740214027202000 2208284059.542586803436279 3.106306611111110
1.720057107968000 1563994254.251174449920654 3.111482740740740
3.148480862064000 1491938098.670091629028320 3.116082055555555
2.999994320518000 2080863507.574012994766235 3.121630999999999
3.015418455842000 2167302406.229041576385498 3.126159370370370
3.000927027763000 2138027701.247307300567627 3.130595592592592
3.100251200124000 2137947919.586637020111084 3.135021796296296
1.726776081046000 2227773565.258743286132812 3.139538999999999
3.054928285332000 1570898959.150210380554199 3.144734185185184
1.720057107968000 2002074045.408504724502563 3.150237314814814
3.017294159478000 1565169466.119685649871826 3.155401462962962
3.006770238420000 1961923247.047507286071777 3.160869222222221
1.726159641360000 2138565464.007952928543091 3.165302814814814
3.148480862064000 1558988149.065460920333862 3.170446962962962
2.999060571142000 2081567203.664350271224976 3.175997944444443
3.014479905698000 2137545857.969981193542480 3.180517333333332
3.006770238420000 2132987377.700604438781738 3.184953925925925
1.732876215840000 2138413799.726911783218384 3.189388796296295
3.110863172768001 1558883839.818233489990234 3.194539888888887
3.053978794152000 2041635910.758764505386353 3.200071296296294
3.038554658828000 2201222993.846230030059814 3.204567185185184
2.999994320518000 1955209295.001947402954102 3.209036333333332
3.047213819965000 1649081254.091801881790161 3.225074499999999
2.984570185194000 2194759556.262235164642334 3.231119111111110
3.101215077534000 1876155790.970543622970581 3.241745648148147
1.727392979734000 2210604971.860907077789307 3.250689314814813
3.362461500632000 1640623953.392781019210815 3.260555851851850
1.725543201674000 1950042430.047483921051025 3.266007962962961
3.062642750699000 1549493845.435274600982666 3.271162222222221
3.063595348626000 1994788419.142357826232910 3.276672592592591
3.007706388180000 2189658405.441904544830322 3.281115481481480
3.115675335448000 2148580246.811739921569824 3.285605333333331
3.122415247590000 2227679619.291213035583496 3.290123222222221
3.053028242088000 2248281309.598158836364746 3.294541314814813
3.007706388180000 2203243109.844971656799316 3.299013611111109
3.008641493130000 2148453817.695895671844482 3.303503666666665
3.060737909366000 2137718245.674291133880615 3.307924907407406
3.046266726490000 2185693361.884368419647217 3.313329999999998
3.155216335103000 2193484875.131902694702148 3.317752444444443
3.015418455842000 2282937833.680210113525391 3.322254703703702
3.014479905698000 2169396346.111289024353027 3.326773481481480
3.023130523504000 2138345493.481609344482422 3.331209648148147
3.023130523504000 2138508040.599807977676392 3.335643166666665
3.008641493130000 2138610965.163241147994995 3.340077074074073
3.014479905698000 2133755781.668106794357300 3.344492370370369
3.124358473635000 2137062283.838076353073120 3.348931129629628
1.740835726658000 2228025786.966174125671387 3.353443888888887
3.100251200124000 1571774343.948499679565430 3.358639111111109
1.732257377556000 2033476060.739613056182861 3.364185555555554
3.000927027763000 1483488569.837988615036011 3.369408092592591
3.106995913034000 1654602062.151623249053955 3.384889944444443
3.016355958497000 2194483282.242470264434814 3.391009518518517
3.008641493130000 2123596857.515390634536743 3.399985666666665
3.368076803401000 1726244051.949660062789917 3.410752499999998
1.726159641360000 2153645105.686991214752197 3.419787740740739
2.999994320518000 1546350658.226027011871338 3.424936259259257
3.107963267786000 1955888980.338362932205200 3.430403759259257
3.017294159478000 2138056088.253081083297729 3.434843851851850
2.999060571142000 2138254443.663386106491089 3.439269629629627
3.000927027763000 2138049010.763065814971924 3.443682870370368
2.990420594324000 2138368857.220469474792480 3.448114074074072
3.024070423864000 2137372897.516748905181885 3.452542259259257
3.060737909366000 2138616146.983555793762207 3.456978129629627
3.030842591166000 2174283351.772651195526123 3.461463981481479
3.024070423864000 2148548859.324205875396729 3.465958555555554
1.726159641360000 2138322093.684175491333008 3.470389518518517
3.115675335448000 1557051616.199412822723389 3.475536481481480
1.740214027202000 2040164629.357391595840454 3.481053925925924
3.077114997138000 1571646769.642908096313477 3.486252296296295
1.726776081046000 2002302227.245662927627563 3.491757351851850
3.015418455842000 1564284356.350472211837769 3.496923925925924
3.078071681433000 1962867372.981755495071411 3.502394851851850
1.726776081046000 2183137008.483969688415527 3.506889166666665
3.116644008268000 1564925362.532019853591919 3.512050907407406
3.069402929476000 2041477244.300988435745239 3.517558685185184
3.108929542901000 2203904716.736020565032959 3.522048999999999
3.061690861814000 2041910423.606310129165649 3.526763370370369
2.999060571142000 1643284706.066622734069824 3.542842851851850
2.992282252856000 2124545656.317399740219116 3.548750111111109
3.054928285332000 2132238600.440605163574219 3.557601574074072
3.371221365379000 2151080855.703092098236084 3.566502203703702
3.007706388180000 2137277059.308327674865723 3.575467592592591
1.726159641360000 2136683006.208692312240601 3.579905814814813
3.000927027763000 1552589539.898187398910522 3.585045981481480
2.992282252856000 1962347809.275728225708008 3.590505870370369
1.719443066880000 2113379814.577522993087769 3.594928203703702
3.007706388180000 1552990334.288992881774902 3.600076222222220
3.154235673758000 1961660316.439630985260010 3.605547981481480
3.008641493130000 2272265999.559252262115479 3.610085722222220
3.008641493130000 2169122961.365502357482910 3.614619666666665
3.107963267786000 2138172681.578285932540894 3.619040777777776
3.030842591166000 2227427445.835980892181396 3.623558092592591
3.013542403043000 2132926034.071242809295654 3.628073685185183
1.720671606272000 2134244537.867854833602905 3.632500629629628
1.732876215840000 1558790641.068110942840576 3.637643666666665
2.999994320518000 1492872002.025780439376831 3.642250944444442
2.999060571142000 1962375559.868617773056030 3.647708574074072
3.054928285332000 2138517902.647424459457397 3.652134259259257
3.007706388180000 2182377375.143838882446289 3.656624240740739
3.062642750699000 2149024988.709296226501465 3.661093666666665
1.734114353196000 2183151468.296131610870361 3.665572907407405
3.022189572976000 1565672307.560039043426514 3.670742388888887
2.999994320518000 1962900109.993074655532837 3.676197277777776
1.720057107968000 2134620239.199659109115601 3.680628722222220
3.015418455842000 1937195441.410853147506714 3.695605740740739
3.014479905698000 2075593200.182954788208008 3.701678888888887
3.155216335103000 2134236605.813500642776489 3.711380444444443
3.502367276618000 2262360983.387718677520752 3.720369777777776
3.024070423864000 2195255558.291271686553955 3.729395333333332
3.060737909366000 2145267315.045923471450806 3.733913722222221
3.092539132462000 2181035186.912416458129883 3.738400870370369
3.015418455842000 2193023979.933110237121582 3.742830499999998
3.108929542901000 2148547389.410974502563477 3.747325370370369
3.016355958497000 2217973556.190032958984375 3.751859092592591
3.046266726490000 2151356864.390051364898682 3.756362203703702
2.994143564904000 2183040845.592780113220215 3.760856092592591
3.069402929476000 2148676576.127482414245605 3.765351111111110
3.062642750699000 2183077577.185797691345215 3.769846037037035
3.013542403043000 2193176909.373839855194092 3.774284907407406
3.010512747840000 2148913729.994133472442627 3.778767388888888
3.070357216066000 2138301521.681766271591187 3.783188666666665
3.000927027763000 2183288288.883565902709961 3.787672851851851
3.022189572976000 2148942349.911688804626465 3.792160333333332
1.740214027202000 2126569083.516005277633667 3.796587074074073
1.740214027202000 1558828494.160944223403931 3.801729648148147
1.738971553438000 1490224225.175213813781738 3.806329851851851
3.052078750908000 1492594894.079304695129395 3.810932351851851
1.720057107968000 2001665895.988772869110107 3.816434962962961
1.726159641360000 1565490060.507489204406738 3.821604203703702
3.015418455842000 1493088396.722947359085083 3.826206351851850
3.063595348626000 1962816415.739080190658569 3.831679870370369
3.146523606096000 2183353662.750518321990967 3.836181648148147
1.733495054124000 2230976282.520112514495850 3.850538148148146
3.100251200124000 1481351281.320757389068604 3.856713055555554
3.063595348626000 2156608446.131286621093750 3.865793259259258
3.008641493130000 2155704845.188508510589600 3.874778499999998
3.362461500632000 2151269236.526946067810059 3.883685166666665
3.016355958497000 2163310964.649490833282471 3.889990277777776
3.077114997138000 2136288676.616415977478027 3.894416222222221
2.999060571142000 2182021230.862987995147705 3.898913518518517
3.106029637919000 2148488462.728116512298584 3.903403796296295
2.997194809275000 2220887030.864854812622070 3.907926499999999
3.001860429762000 2157415849.619622230529785 3.912444425925925
1.728008960418000 2138015072.298357725143433 3.916857722222221
2.993212562396000 1558802409.560514211654663 3.922003888888888
2.985498097029000 1963183120.344936132431030 3.927471351851850
3.000927027763000 2138418806.646525621414185 3.931884685185184
2.991350903864000 2137576251.896813154220581 3.936278018518517
2.992282252856000 2138565266.694841861724854 3.940703592592591
3.093500612167000 2138435078.896083593368530 3.945122203703702
3.154235673758000 2228192215.182326793670654 3.949626222222221
1.718829025792000 2293502431.539480209350586 3.954115833333332
3.000927027763000 1578238757.642246961593628 3.959331722222221
1.726159641360000 1962144501.296127796173096 3.964789574074073
3.107963267786000 1557342767.963538169860840 3.969933481481480
1.720057107968000 2042109326.612416505813599 3.975458888888888
2.984570185194000 1571077531.786571025848389 3.980654129629628
3.006770238420000 1963064108.211407899856567 3.986119425925925
2.022410896478000 2138428396.183362483978271 3.990542555555554
3.008641493130000 1472756013.819445848464966 3.995720444444443
3.008641493130000 1636448086.816970348358154 4.011194462962962
3.106995913034000 2126313696.048250436782837 4.017089648148147
3.053978794152000 2178366481.141755580902100 4.026023259259258
3.355792434645000 2203208999.233232498168945 4.034935129629629
3.007706388180000 2155121274.266545772552490 4.043883777777777
3.016355958497000 2136146803.831863164901733 4.048279666666666
3.101215077534000 2026617411.870706319808960 4.052719166666666
3.108929542901000 2226567559.236349582672119 4.057224814814814
3.077114997138000 2248443201.636704921722412 4.061642000000000
1.726776081046000 2193663083.178563594818115 4.066118981481481
1.734114353196000 1564266395.555301189422607 4.071292018518518
3.000927027763000 1492145470.786340475082397 4.075894444444444
2.999994320518000 1962468817.262525081634521 4.081366370370370
1.720057107968000 2138618971.040947198867798 4.085799833333333
3.006770238420000 1558999892.120479822158813 4.090949611111110
3.002793484384000 1960167821.229050397872925 4.096419055555555
3.008641493130000 2129545967.873195409774780 4.100856333333333
3.009577294620000 2138604106.752077102661133 4.105273629629629
3.009577294620000 2128078290.395109176635742 4.109729499999999
3.125330267490000 2137151495.918324947357178 4.114164407407407
3.109896537774000 2227765952.297943115234375 4.118679314814814
2.999994320518000 2248467638.790845870971680 4.123112777777777
3.117613402632000 2159214268.431219100952148 4.127628314814814
3.070357216066000 2227909829.540325164794922 4.132141166666666
3.007706388180000 2202853215.095896244049072 4.136630981481481
3.016355958497000 2149115593.681692600250244 4.141121166666666
1.726159641360000 2138563304.045404195785522 4.145561962962963
3.005835133470000 1470764872.174312353134155 4.151005574074073
3.069402929476000 1654653989.447614908218384 4.166483907407406
3.017294159478000 2225440721.077726840972900 4.172577666666665
3.001860429762000 2148451172.204068183898926 4.181480648148147
3.435072237920000 2133049788.700997829437256 4.190328037037036
3.054928285332000 2145774506.297025918960571 4.199284351851850
3.069402929476000 2191918835.962066173553467 4.203724833333331
3.060737909366000 2094060040.476725816726685 4.208171833333331
1.732876215840000 2183286444.306910037994385 4.212600203703702
3.007706388180000 1563404335.350191831588745 4.217769592592591
1.726776081046000 1962852067.758948326110840 4.223236685185183
3.053028242088000 1557823125.479365348815918 4.228379481481480
3.116644008268000 2001556502.165201187133789 4.233883203703702
3.023130523504000 2237876467.307096481323242 4.238365148148147
3.107963267786000 2158866940.744935035705566 4.242878592592591
3.022189572976000 2228036398.538152217864990 4.247393425925925
3.124358473635000 2158736953.899731159210205 4.251892074074073
3.095424645856000 2226940999.168656349182129 4.256413981481480
3.130124914868000 2248618619.495608806610107 4.260852777777776
1.739592790320000 2242434417.208604335784912 4.265294999999998
1.740835726658000 1571471251.992056608200073 4.270489240740739
3.017294159478000 1489219537.105542421340942 4.275094722222220
3.114705580312000 1962041296.557605266571045 4.280567333333331
1.740214027202000 2228117440.144309520721436 4.285084370370368
3.017294159478000 1571760698.453231334686279 4.290276796296294
3.007706388180000 1963023310.783274888992310 4.295729685185183
3.069402929476000 2138257767.635478973388672 4.300160462962960
3.023130523504000 2182198953.051952362060547 4.304660314814813
3.071312213484000 2146012655.255515098571777 4.309155592592591
3.015418455842000 2150205899.145151138305664 4.323459611111109
3.007706388180000 2170028041.396487236022949 4.329496981481479
3.014479905698000 2133978428.705931663513184 4.338347907407405
3.494652811251000 2166385995.574810028076172 4.347311740740738
3.008641493130000 2197790112.343883991241455 4.356343203703702
3.018232011296000 2106203806.950755357742310 4.360867092592590
3.000927027763000 2136765939.288463592529297 4.365293611111109
3.029899240254000 2132076507.854147911071777 4.369719203703701
1.725543201674000 2137835280.554383516311646 4.374152555555553
1.740214027202000 1559002314.049586772918701 4.379306259259256
3.024070423864000 1492605338.620742559432983 4.383910722222219
3.117613402632000 1948703783.833975553512573 4.389893777777774
3.071312213484000 2210119552.670143604278564 4.394417740740737
1.742077969135000 2202095393.061645030975342 4.398890462962959
1.726776081046000 1565312864.249158143997192 4.404053925925922
1.727392979734000 1485872031.365491390228271 4.408663851851848
1.720057107968000 1492415402.585894346237183 4.413261444444440
1.727392979734000 1492648622.966661214828491 4.417860703703699
2.993212562396000 1492667748.259856224060059 4.422460685185181
3.000927027763000 1963031536.982985496520996 4.427923407407403
3.060737909366000 2137308336.366945743560791 4.432349129629625
3.047213819965000 2183380017.269943714141846 4.436831333333329
3.015418455842000 2193518880.380248069763184 4.441249499999995
3.145544249424000 2148869690.032791137695312 4.445739222222217
3.155216335103000 2271821998.800376892089844 4.450277685185180
3.238060256760000 2303084300.032142162322998 4.454713999999996
3.024070423864000 2251016375.181018352508545 4.459202499999996
3.000927027763000 2129860996.981114625930786 4.473544314814810
1.733495054124000 2067023398.817327260971069 4.479434925925921
1.720057107968000 1487996769.254067897796631 4.489339759259255
3.371221365379000 1826187322.985202074050903 4.499925555555551
2.993212562396000 2094823920.600534200668335 4.509850055555551
2.999060571142000 2137187616.695273399353027 4.514273574074070
2.999994320518000 2005241477.878214120864868 4.518704851851848
2.999994320518000 2127197220.135236740112305 4.523141518518515
3.038554658828000 2136134261.947834491729736 4.527573981481478
3.009577294620000 2182729866.201664447784424 4.532055574074071
1.733495054124000 2147699672.586565971374512 4.536535129629626
3.092539132462000 1558445398.229131698608398 4.541673851851848
1.726159641360000 2041811074.130105972290039 4.547182185185181
3.102179672916000 1570764887.151539325714111 4.552374333333329
3.000927027763000 2042256358.550923824310303 4.557902759259255
3.069402929476000 2142631266.742422103881836 4.562416962962959
2.991350903864000 2171093742.158673286437988 4.566918870370366
3.102179672916000 2128368129.185704231262207 4.571356925925921
3.099286245756000 2227505094.924765586853027 4.575871222222218
1.726159641360000 2247554948.031496047973633 4.580280944444440
2.994143564904000 1571854925.456120252609253 4.585476740740736
1.719443066880000 1962218015.913966655731201 4.590931999999995
3.000927027763000 1558726256.017686605453491 4.596075018518514
3.106995913034000 1962612531.596674203872681 4.601540314814810
3.054928285332000 2228051084.855523586273193 4.606052777777773
3.007706388180000 2203748151.330628871917725 4.610535481481477
3.008641493130000 2146522804.617780685424805 4.615030185185180
3.106029637919000 1911956575.265808582305908 4.619497685185180
3.054928285332000 1675799456.727091789245605 4.635573092592587
3.000927027763000 2180693994.598758220672607 4.641559370370365
3.144565985784000 2197019924.447288513183594 4.650530296296290
1.907507152320000 2201336887.055542469024658 4.659455037037032
3.013542403043000 1661611145.013227939605713 4.669317611111105
3.462718380238000 1962088847.239043712615967 4.674791425925920
1.727392979734000 2033456149.290385961532593 4.679225240740735
3.055878483768000 1535285518.781287193298340 4.684367277777771
2.994143564904000 2001726357.904946804046631 4.689865944444438
3.108929542901000 2148693658.077614784240723 4.694353425925920
3.008641493130000 2227337468.077344417572021 4.698870999999994
3.071312213484000 2158864337.936636924743652 4.703384666666661
1.733495054124000 2182944910.859795570373535 4.707884444444439
1.732876215840000 1564495903.666272401809692 4.713051666666662
3.008641493130000 1492729341.110356330871582 4.717658462962958
2.992282252856000 1962761474.828805923461914 4.723118481481476
2.999060571142000 2138373115.814005851745605 4.727552314814810
3.106995913034000 2132859049.639584541320801 4.731986499999995
1.726159641360000 2226886794.544849872589111 4.736495999999995
3.108929542901000 1571741373.775707483291626 4.741687962962958
3.000927027763000 2041536065.584777593612671 4.747204148148144
3.123387403110000 2159277401.628083229064941 4.751719796296292
3.106995913034000 2224044464.699216365814209 4.756230240740736
3.008641493130000 2247526771.476041793823242 4.760666277777773
3.037608907532000 2159184658.181728363037109 4.765179722222217
3.023130523504000 2109232723.206994771957397 4.769601999999995
3.007706388180000 2135622701.231021165847778 4.774036740740735
3.114705580312000 2021959944.693858623504639 4.778483370370365
3.010512747840000 2156400792.457814216613770 4.793205499999995
1.726776081046000 2129408880.176154136657715 4.799185111111106
1.726159641360000 1851223863.616775751113892 4.808853944444439
1.894750407996000 1683176407.484789848327637 4.819729333333328
3.016355958497000 1662821227.223333120346069 4.830601814814809
3.078071681433000 1864088282.961164712905884 4.836063629629624
3.062642750699000 2180007751.044043540954590 4.840560037037031
3.115675335448000 2186319289.798375129699707 4.844990703703698
3.007706388180000 2237853979.672650814056396 4.849480185185180
3.116644008268000 2113807435.929450988769531 4.854077981481476
3.016355958497000 2195277607.267690658569336 4.858597222222216
2.999994320518000 2157910126.187623977661133 4.863111370370365
1.725543201674000 2138309717.560041189193726 4.868534351851846
3.139787404369000 1559225849.601403713226318 4.873684370370365
1.720671606272000 2081906915.382174491882324 4.879228907407401
3.008641493130000 1577391615.770792722702026 4.884441074074068
1.720057107968000 1962979998.036700248718262 4.889911833333326
1.726159641360000 1551976227.330650329589844 4.895056240740734
3.000927027763000 1490611471.261597871780396 4.899666796296290
3.024070423864000 1962025989.395947694778442 4.905143388888883
3.123387403110000 2138204839.716336011886597 4.909564370370364
3.162930800470000 2227946614.791740894317627 4.914076648148142
1.726776081046000 2293061442.255198478698730 4.918554203703698
3.015418455842000 1577915721.484846353530884 4.923772351851846
3.007706388180000 1962107193.277652502059937 4.929242222222216
1.720671606272000 2137980284.958307981491089 4.933679518518512
1.793325386160000 1457086407.989568710327148 4.938849222222216
2.985498097029000 1931116216.900597572326660 4.954865092592587
1.721899459840000 2077386349.462283849716187 4.960952222222216
3.053028242088000 1674801625.304306507110596 4.971525740740735
1.740214027202000 2140881505.938374757766724 4.981481388888883
3.355792434645000 1815675794.316384792327881 4.991142037037031
3.014479905698000 1887168529.916120529174805 4.996714407407402
3.161947741420000 2110988568.000399827957153 5.001159370370365
3.154235673758000 2271773338.568764209747314 5.005686925925921
3.154235673758000 2303028789.968651771545410 5.010117481481476
3.107963267786000 2302920401.941967010498047 5.014545981481477
3.126301699680000 2258336009.897927761077881 5.019036259259255
3.008641493130000 2245956527.721603870391846 5.023477574074070
3.039499354598000 2158926998.994112968444824 5.027969648148144
3.008641493130000 2136842136.899842023849487 5.032405981481477
1.726776081046000 2138623244.929797410964966 5.036821759259255
3.022189572976000 1558470193.882878303527832 5.041965185185181
3.009577294620000 1958864023.526701211929321 5.047430999999996
3.000927027763000 2138265139.211863279342651 5.051866685185181
3.052078750908000 2137731916.749123573303223 5.056283499999996
3.100251200124000 2183242624.934656620025635 5.060782518518514
3.014479905698000 2230966921.140357494354248 5.065321055555551
1.740214027202000 2156150469.654658317565918 5.069843685185181
3.023130523504000 1558573840.452618837356567 5.074985777777774
3.025011024336000 1962302263.013086557388306 5.080457833333329
1.733495054124000 2138667459.765589237213135 5.084878685185181
3.023130523504000 1558985422.299669265747070 5.090022259259255
3.009577294620000 1962977572.706745862960815 5.095492611111107
3.001860429762000 2030163750.140517950057983 5.099940444444441
3.012604551224999 2131563995.817394256591797 5.114197018518515
3.006770238420000 2126460029.490675210952759 5.120112259259256
1.733495054124000 2131148207.877068519592285 5.128977185185182
3.363506900012000 1747567453.396080255508423 5.141356925925923
3.000927027763000 1930236838.798157691955566 5.151524648148145
1.747557100120000 2136599947.403792858123779 5.155960962962960
2.999994320518000 1482553783.442787408828735 5.161112796296294
2.992282252856000 1961009508.173365354537964 5.166572037037034
2.999994320518000 2138120264.230780363082886 5.171009796296294
3.047213819965000 2138178211.008211851119995 5.175422999999998
1.720057107968000 2182962643.915492534637451 5.179907370370368
1.706009917920000 1564170416.704005718231201 5.185073574074072
3.001860429762000 1492625277.946433305740356 5.189679111111109
3.038554658828000 1963413406.042541742324829 5.195146518518516
1.712726492400000 2183062137.654229164123535 5.199631185185183
3.053978794152000 1564826537.604626655578613 5.204792833333331
3.053978794152000 1992194748.698303222656250 5.210284240740738
2.999994320518000 2193006178.383594512939453 5.214717259259257
2.998127863897000 2148512523.290517330169678 5.219209629629628
3.062642750699000 2126194309.939940452575684 5.223665092592591
3.005835133470000 2182893934.401924133300781 5.228161611111109
3.016355958497000 2147289800.484803199768066 5.232630777777776
3.008641493130000 2138745668.890317440032959 5.237066814814813
3.084827064800000 2138470209.285744428634644 5.241482185185183
3.015418455842000 2183473735.906366825103760 5.245969370370369
3.006770238420000 2148756640.013189315795898 5.250462333333331
3.031784889231000 2138494243.286628723144531 5.254880685185183
3.007706388180000 2057040279.115134954452515 5.259323296296294
1.720057107968000 1629670732.963866472244263 5.275318981481480
3.048161618910000 1480374110.707281351089478 5.281428185185184
3.053978794152000 2122149903.406225681304932 5.289470648148146
3.000927027763000 2185604971.527729988098145 5.298338925925925
3.372269942946000 2109089123.578720331192017 5.307264111111110
3.053028242088000 1787853366.835581541061401 5.315179555555554
3.061690861814000 2148734152.201185703277588 5.319696481481480
3.070357216066000 2192075824.404886245727539 5.324138518518517
3.031784889231000 2183119920.042153358459473 5.328566777777776
3.004899680250000 2148740172.729220867156982 5.333061074074072
3.153253916702000 2137982839.404942989349365 5.337487666666664
3.116644008268000 2272354156.639774322509766 5.342027925925923
3.117613402632000 2258587276.514135837554932 5.346518018518516
3.126301699680000 2247965190.574293136596680 5.350949555555554
3.115675335448000 2247962249.996874332427979 5.355393018518517
3.070357216066000 2248293416.260482788085938 5.359811592592591
3.078071681433000 2203360110.287268161773682 5.364284759259258
3.106995913034000 2193308274.316524982452393 5.368722185185184
3.114705580312000 2238426165.311876296997070 5.373214703703702
1.746309364800000 2248228310.005812644958496 5.377643055555554
3.008641493130000 1571246590.690140008926392 5.382833092592591
1.726776081046000 1962276655.064096927642822 5.388286333333332
3.053978794152000 1519609187.811793327331543 5.393446148148146
3.070357216066000 2000834927.164823293685913 5.398937999999998
1.732876215840000 2193457047.709947586059570 5.403381129629627
3.001860429762000 1559131984.982265710830688 5.408555259259257
3.348077969278000 1962639776.016703605651855 5.414018629629628
3.024070423864000 2178721175.611988544464111 5.418509907407405
3.083866911200000 2176758953.341005325317383 5.432815037037035
1.732876215840000 2148544678.597381591796875 5.438829185185184
1.720057107968000 1632439497.413380622863770 5.448580222222221
3.370173568294000 1656628245.446225166320801 5.459344592592592
3.016355958497000 2145451076.397980690002441 5.469458055555554
1.720057107968000 2137709871.503397703170776 5.473880999999999
3.109896537774000 1471121466.284941434860229 5.479029814814814
3.016355958497000 2032903327.827243089675903 5.484545592592592
3.145544249424000 2159004363.249817848205566 5.489040203703703
2.993212562396000 2272254616.187649250030518 5.493581388888888
2.991350903864000 2169102367.045804023742676 5.498099444444444
3.039499354598000 2138189208.898426055908203 5.502518037037037
3.039499354598000 2182441194.172595977783203 5.507010222222222
2.985498097029000 2193245109.580463409423828 5.511446333333334
3.007706388180000 2148894833.117926120758057 5.515931092592593
2.994143564904000 2137602063.947299242019653 5.520367037037038
2.992282252856000 2138620270.513825416564941 5.524785240740742
2.999994320518000 2138563592.626312494277954 5.529219425925927
2.993212562396000 2138362174.550099849700928 5.533655592592593
2.992282252856000 2138292964.495752573013306 5.538076555555556
1.734114353196000 2128410123.459897756576538 5.542490944444445
3.045318574810000 1558706450.067882061004639 5.547633296296297
3.126301699680000 2000952816.352951765060425 5.553126018518519
1.721899459840000 2238346297.410205841064453 5.557620870370370
1.720671606272000 1571556779.603536844253540 5.562808407407408
3.085786146800000 1485447658.944896936416626 5.567414592592593
3.201503127305000 2040406530.169018745422363 5.572939944444445
3.090615098773000 2158326006.212303161621094 5.577447129629630
3.070357216066000 2232303403.144063472747803 5.591799870370370
3.053028242088000 2189062547.225254058837891 5.597755370370370
3.109896537774000 2253400881.473255157470703 5.606776462962963
3.432937088315000 2224910663.685675621032715 5.615697185185185
3.077114997138000 2158946031.537800788879395 5.624731611111112
1.725543201674000 2168227235.254440784454346 5.629179277777778
3.025011024336000 1547179878.800879478454590 5.634359000000001
3.025011024336000 1960564959.970210552215576 5.639829462962964
3.062642750699000 2112209677.554054260253906 5.644264314814816
3.061690861814000 2175888387.926344871520996 5.648757722222223
1.726776081046000 2193284491.484124183654785 5.653203666666667
3.060737909366000 1565302764.250930786132812 5.658375518518519
1.719443066880000 2001369620.671179771423340 5.663871092592593
1.719443066880000 1564434051.599188327789307 5.669045592592593
3.115675335448000 1492958993.356150627136230 5.673644666666667
1.726776081046000 2041836024.578211307525635 5.679168981481482
1.725543201674000 1570280951.650695085525513 5.684361518518519
3.054928285332000 1493234455.380234241485596 5.688965648148148
3.005835133470000 2002135983.876014947891235 5.694469296296297
3.045318574810000 2148256332.759410858154297 5.698954351851852
1.728625629605000 2183039292.803816318511963 5.703441555555556
3.024070423864000 1564676556.885476589202881 5.708610648148149
2.999060571142000 1962804574.754259347915649 5.714083518518519
3.061690861814000 2138284267.519380092620850 5.718519611111112
3.153253916702000 2183183222.776152610778809 5.723014240740741
3.354749432970000 2282856967.177834987640381 5.727531851851852
3.101215077534000 2167507028.915701866149902 5.732068666666667
3.007706388180000 2161132469.725965023040771 5.746409888888889
3.025011024336000 2068356047.152006387710571 5.752395259259259
3.115675335448000 1899080140.054310321807861 5.762999611111111
3.386650296113000 2224700807.218358993530273 5.771939777777778
3.007706388180000 2118236593.586690902709961 5.780922833333333
3.006770238420000 2112344319.678815603256226 5.785350888888889
3.016355958497000 2137975991.963837385177612 5.789775333333333
1.732876215840000 2138373580.171281814575195 5.794188685185185
3.055878483768000 1554228744.130821943283081 5.799335629629629
3.114705580312000 1985597224.463450193405151 5.804844074074074
3.016355958497000 2237888654.690948009490967 5.809333611111112
3.016355958497000 2159167832.885313510894775 5.813845925925927
1.726776081046000 2138186829.323393344879150 5.818272425925927
1.740835726658000 1558487816.639616489410400 5.823418333333334
3.116644008268000 1492679715.288155794143677 5.828015574074075
3.092539132462000 2041472529.388491392135620 5.833538648148149
1.719443066880000 2248304612.393029689788818 5.837957500000001
3.015418455842000 1563629072.824764728546143 5.843148296296297
3.161947741420000 1962464368.594901323318481 5.848614500000001
1.728625629605000 2272933832.291343212127686 5.853152351851853
3.109896537774000 1574396140.410667181015015 5.858368796296298
3.016355958497000 2042100696.993774414062500 5.863892518518520
3.062642750699000 2156146555.639667034149170 5.869396685185187
3.062642750699000 2183380350.900336265563965 5.873888833333335
3.106029637919000 2193753212.487580299377441 5.878324648148149
1.726776081046000 2236558998.940743446350098 5.882817666666668
2.984570185194000 1471787030.305179834365845 5.888039240740742
1.720671606272000 2134539316.244457960128784 5.903430814814816
3.002793484384000 1480348392.852266311645508 5.909533759259260
1.733495054124000 2095707263.653427362442017 5.917515407407409
3.007706388180000 1820595089.458600997924805 5.927079111111112
3.376834267764000 1919882549.518645524978638 5.937120222222223
3.016355958497000 2117359358.032098531723022 5.943293370370371
1.718829025792000 2135081714.794427633285522 5.947724092592594
3.107963267786000 1549315280.241507530212402 5.952870777777779
3.131099470772000 2041107691.688657283782959 5.958393574074075
3.099286245756000 2248172609.038524627685547 5.962831777777780
3.000927027763000 2247941710.774573802947998 5.967268148148150
1.726159641360000 2149013509.866618633270264 5.971797074074075
1.726159641360000 1557462971.563111066818237 5.976941018518520
2.999060571142000 1492807853.460038423538208 5.981541962962964
3.113736907492000 1963216280.439506769180298 5.987012740740743
3.008641493130000 2228011171.395973205566406 5.991524925925928
3.054928285332000 2159008032.671939849853516 5.996041203703705
3.068447576644000 2182141212.864159584045410 6.000542944444446
3.100251200124000 2192575420.186526298522949 6.004968888888891
3.099286245756000 2238167869.522746086120605 6.009461796296299
3.106995913034000 2235927064.736109256744385 6.013890888888891
3.061690861814000 2248424332.455653667449951 6.018328796296299
3.001860429762000 2203435486.605979442596436 6.022806333333335
3.015418455842000 2148718338.172883510589600 6.027283333333335
3.008641493130000 2138440441.822517871856689 6.031709444444446
3.014479905698000 2138407011.665165662765503 6.036130648148149
1.740835726658000 2137137838.403280496597290 6.040556388888890
3.371221365379000 1559085189.303565740585327 6.045702444444446
3.063595348626000 2001087501.009937763214111 6.051203333333335
2.999060571142000 2188968051.445909976959229 6.065466425925928
3.002793484384000 2058567083.268723726272583 6.071437722222225
2.998127863897000 1863880569.374087572097778 6.082017240740743
3.494652811251000 1898305528.558743238449097 6.092611388888892
3.000927027763000 2199898180.782071590423584 6.101580444444447
3.000927027763000 2132257922.037481784820557 6.106100185185188
3.024070423864000 2137200537.737982511520386 6.110522000000002
3.015418455842000 2130062990.219610214233398 6.114958314814817
2.999994320518000 2119143311.036789178848267 6.119387944444447
3.045318574810000 2137740685.220368862152100 6.123822851851854
3.068447576644000 2180679484.948668956756592 6.128292740740743
1.720671606272000 2193316245.977473735809326 6.132712296296299
3.008641493130000 1565667386.052504301071167 6.137886462962966
3.102179672916000 1962653063.024853706359863 6.143344333333336
3.115675335448000 2227620790.232600212097168 6.147852148148151
3.015418455842000 2247868330.105516433715820 6.152288888888892
1.720057107968000 2159458784.209291458129883 6.156788018518522
1.726776081046000 1559040339.198826313018799 6.161937407407410
1.734114353196000 1492794712.699179172515869 6.166539629629632
1.734114353196000 1492904961.990436315536499 6.171136425925929
3.038554658828000 1487565120.088874101638794 6.175737185185188
2.990420594324000 2001344468.526196718215942 6.181239703703707
3.107963267786000 2148766611.230557918548584 6.185727129629632
3.016355958497000 2227925734.486178874969482 6.190227000000003
2.999994320518000 2158939686.458462238311768 6.194727555555558
3.008641493130000 2138267729.991455316543579 6.199148814814817
3.430801938710000 2138432097.989159822463989 6.203566537037040
3.114705580312000 2135893259.740476846694946 6.208002018518521
3.040444754052000 2162532608.990479469299316 6.222339407407410
1.740214027202000 2182896232.580430030822754 6.228290037037040
3.023130523504000 1663795638.685412168502808 6.238157092592595
3.369124600486000 2110328047.382498979568481 6.248043537037040
3.069402929476000 2218797102.747422695159912 6.257140277777781
3.014479905698000 2177608322.744599819183350 6.261570796296300
3.005835133470000 2138360733.763014078140259 6.266053018518522
1.740835726658000 2138194962.737311601638794 6.270478555555560
3.109896537774000 1558928504.378787517547607 6.275627537037041
3.078071681433000 2026605985.707377195358276 6.281141907407411
1.739592790320000 2203669408.105350494384766 6.285625000000004
3.108929542901000 1562433546.456264495849609 6.290797925925930
1.719443066880000 2040106271.495043277740479 6.296290148148152
1.713950232810000 1571585070.739148378372192 6.301480055555560
3.014479905698000 1492771093.359960079193115 6.306079537037041
3.006770238420000 1962780335.726544380187988 6.311550259259263
3.085786146800000 2138540216.969033718109131 6.315983388888893
3.078071681433000 2182431889.537408828735352 6.320460185185189
3.015418455842000 2193563048.533493518829346 6.324903851851856
3.138811538434000 2137210547.903626680374146 6.329418703703707
3.107963267786000 2227699647.381160259246826 6.333940425925929
3.021249672616000 2248204641.033343315124512 6.338379092592596
3.123387403110000 2159063951.792778015136719 6.342887407407410
3.078071681433000 2228050598.621754169464111 6.347399314814818
1.740835726658000 2203619964.143672466278076 6.351892555555558
3.016355958497000 1564105708.169434309005737 6.357057018518521
3.115675335448000 1961715202.823066473007202 6.362514703703706
3.054928285332000 2224754616.830697536468506 6.367036203703706
3.008641493130000 2230456411.464183807373047 6.381346796296299
3.006770238420000 2140334907.787171840667725 6.387302222222225
3.008641493130000 2108214870.462742328643799 6.396149240740743
3.440651553682000 2123393943.384346961975098 6.405149500000002
1.726776081046000 1733613609.368778228759766 6.416031981481484
3.008641493130000 1549332351.708349943161011 6.421201037037039
1.726159641360000 1956967010.281367063522339 6.426673000000002
2.992282252856000 1553616922.910740613937378 6.431816148148150
1.720057107968000 1960173571.518208026885986 6.437276166666669
1.733495054124000 1558708767.229831933975220 6.442419055555558
2.992282252856000 1492654817.150164365768433 6.447024129629631
3.046266726490000 1961589635.721081733703613 6.452473759259261
3.116644008268000 2182861650.776084899902344 6.456958518518521
3.092539132462000 2238375750.275359153747559 6.461447611111113
3.000927027763000 2248001572.965081214904785 6.465874259259262
3.007706388180000 2159059566.994402885437012 6.470387074074076
1.726159641360000 2118602577.859800100326538 6.474822277777780
1.726159641360000 1554857830.319988727569580 6.479971185185187
2.977783631662000 1491770843.385120153427124 6.484576962962965
3.061690861814000 1962819091.118550300598145 6.490042370370372
3.009577294620000 2183237430.583102226257324 6.494524148148150
3.156197726922000 2148339142.699252128601074 6.499014555555557
1.725543201674000 2272616592.341429233551025 6.503536722222224
3.005835133470000 1577156120.333794355392456 6.508745074074076
3.008641493130000 1963381271.424119472503662 6.514212259259261
1.733495054124000 2138504409.999916076660156 6.518625629629631
3.070357216066000 1558333890.933422565460205 6.523773351851854
3.008641493130000 1732934612.099336624145508 6.541355888888891
3.106029637919000 2133369011.314554452896118 6.547306925925928
3.008641493130000 2256584117.090544700622559 6.556291425925928
3.485854583224000 2164944197.879333496093750 6.565266592592595
3.106995913034000 2192881242.579075813293457 6.574265796296299
2.997194809275000 2204281659.525029182434082 6.578712851851854
3.070357216066000 2137328747.590394258499146 6.583141500000003
3.062642750699000 2176878813.873881340026855 6.587631685185188
3.107963267786000 2192988509.866844654083252 6.592075111111114
2.990420594324000 2236953956.003136634826660 6.596561962962966
2.992282252856000 2158713937.153419494628906 6.601070296296299
3.085786146800000 2138459766.271546125411987 6.605500888888892
2.998127863897000 2210689369.966957569122314 6.610001240740743
1.733495054124000 2158759145.915659427642822 6.614509425925928
2.991350903864000 1542192314.204707145690918 6.619649740740743
3.009577294620000 1962218203.255227565765381 6.625115592592596
3.000927027763000 2138627451.962822914123535 6.629550814814817
3.008641493130000 2138699684.036942243576050 6.633964129629632
3.099286245756000 2138340747.364418506622314 6.638396000000003
3.107963267786000 2227784144.008015155792236 6.642906037037040
1.726776081046000 2248141347.176183700561523 6.647347425925929
1.727392979734000 1570303859.323726654052734 6.652539277777781
3.101215077534000 1493061241.732245445251465 6.657142166666670
3.005835133470000 2042138246.807482719421387 6.662662888888892
3.093500612167000 2159083185.448091983795166 6.667170888888893
1.727392979734000 2227984562.628286361694336 6.671690944444448
3.062642750699000 1482247464.979858636856079 6.676890333333337
3.078071681433000 2102330824.039222717285156 6.692890111111115
1.725543201674000 2132868619.262463331222534 6.698849888888893
3.006770238420000 1902355170.518094539642334 6.708618592592597
1.928345273386000 1705692045.301481962203979 6.718792407407411
2.999994320518000 1390332992.481202840805054 6.728952129629634
3.093500612167000 1861510045.358968973159790 6.735619111111115
3.099286245756000 2220753734.615841865539551 6.740137648148152
3.107963267786000 2245147760.002341270446777 6.744567629629634
3.017294159478000 2248513474.726258754730225 6.748993611111115
3.039499354598000 2158868752.930724143981934 6.753495722222226
3.060737909366000 2177800586.170833110809326 6.757975518518522
3.106995913034000 2192868086.348941326141357 6.762414870370375
3.008641493130000 2236929695.307789325714111 6.766899055555560
3.047213819965000 2158776015.432429313659668 6.771391759259264
3.023130523504000 2183103775.490434646606445 6.775884185185189
3.094462808058000 2147480993.507162570953369 6.780376314814819
3.016355958497000 2228197918.632994651794434 6.784889018518522
3.005835133470000 2147334015.156182527542114 6.789397629629634
1.734114353196000 2138307138.031974792480469 6.793838629629634
1.734114353196000 1558552072.393502950668335 6.798987444444449
3.053028242088000 1488945170.259080410003662 6.803589907407412
3.014479905698000 2000292079.274527549743652 6.809095388888894
3.025011024336000 2148680230.110846042633057 6.813582759259264
3.008641493130000 2138396875.117937803268433 6.817998925925931
3.036664211762000 2138508693.326200485229492 6.822429740740746
3.113736907492000 2138232332.598235845565796 6.826863518518524
3.108929542901000 2227940435.271244525909424 6.831378370370375
3.093500612167000 2033792661.478986501693726 6.835842888888894
3.162930800470000 2179672455.933413028717041 6.850867500000005
3.070357216066000 2285127602.361877441406250 6.856879666666671
3.015418455842000 2181270905.677305698394775 6.865796259259264
3.373318130272001 2117916135.434713125228882 6.875705092592598
3.006770238420000 1631801468.270810604095459 6.888925481481486
3.109896537774000 2135180660.070411920547485 6.893364962962968
3.031784889231000 2226803872.802291393280029 6.897884611111116
3.031784889231000 2158704241.071428775787354 6.902397796296301
3.021249672616000 2134837600.468854427337646 6.906821500000005
3.117613402632000 2137447463.503268480300903 6.911254925925931
3.030842591166000 2214698013.532731533050537 6.915773462962968
2.999994320518000 2158619218.132821559906006 6.920288296296301
1.740214027202000 2118492435.956112384796143 6.924779574074079
1.726776081046000 1557739883.664391517639160 6.929921148148153
1.727392979734000 1490991893.848009586334229 6.934526703703709
3.007706388180000 1492754172.457550287246704 6.939123648148153
3.116644008268000 1961964740.510390043258667 6.944578444444449
2.999060571142000 2228274665.507256031036377 6.949093296296301
3.123387403110000 2159272049.842699527740479 6.953596351851856
3.069402929476000 2228106035.607870101928711 6.958108462962968
1.740214027202000 2203747247.439406394958496 6.962594185185190
2.999060571142000 1564885283.319516420364380 6.967754240740746
3.016355958497000 1961810537.220860242843628 6.973224092592598
3.016355958497000 2138508838.257385969161987 6.977661870370375
3.016355958497000 2138561865.488874435424805 6.982085296296301
3.030842591166000 2138071421.378581047058105 6.986498851851857
3.016355958497000 1920884972.911794900894165 6.990949333333338
3.000927027763000 2134139310.133183002471924 7.005190407407413
1.742077969135000 2128651215.898689270019531 7.011077685185191
3.016355958497000 1848612697.241784572601318 7.020717574074079
3.362461500632000 1920060550.032107114791870 7.030753351851857
3.091576578478000 1713479389.773316144943237 7.041685537037042
3.122415247590000 2115946242.703944444656372 7.046384296296301
3.108929542901000 2229241394.266458511352539 7.050824703703708
2.984570185194000 2247659521.660649776458740 7.055256703703709
3.006770238420000 2157053399.992605686187744 7.059764611111116
1.754278473582000 2138232587.864763259887695 7.064197981481486
3.155216335103000 1548201883.295983314514160 7.069354425925931
3.054928285332000 2080266134.140568256378174 7.074909129629634
3.016355958497000 2203063492.778858661651611 7.079429037037041
3.014479905698000 2148341061.355477809906006 7.083906888888893
3.054928285332000 2136990362.818970680236816 7.088293833333338
3.062642750699000 2183389199.316600799560547 7.092781203703708
3.110863172768001 2193413341.575577259063721 7.097214851851856
3.031784889231000 2238190936.180779933929443 7.101689296296300
3.008641493130000 2159524147.960692882537842 7.106197000000003
3.115675335448000 2138362499.371722459793091 7.110618259259263
3.068447576644000 2227732133.707704067230225 7.115136129629633
3.070357216066000 2203766536.322307109832764 7.119620925925929
3.070357216066000 2193369939.087691307067871 7.124062648148151
3.070357216066000 2192809843.886421680450439 7.128495555555559
3.021249672616000 2193695963.938395023345947 7.132932407407411
3.006770238420000 2148913975.336424827575684 7.137408944444449
1.740835726658000 2138787338.049938917160034 7.141829888888893
3.061690861814000 1407071843.394505977630615 7.147170981481485
3.013542403043000 1664613242.573532342910767 7.162977185185190
3.015418455842000 2131507666.527021169662476 7.168944685185189
3.060737909366000 2229419698.963040351867676 7.178009648148152
1.908188354152000 2188677383.681059360504150 7.187001925925930
1.728008960418000 1463493185.935092926025391 7.200128370370375
3.156197726922000 1462772824.095685958862305 7.204849055555560
1.718829025792000 2080010872.614102602005005 7.210394759259263
1.713338134890000 1575987495.073655605316162 7.215610481481486
3.137834582146000 1492565962.720921993255615 7.220212407407412
3.106995913034000 2079713667.932990550994873 7.225745092592597
3.047213819965000 2258331485.215749740600586 7.230217444444449
2.999994320518000 2203104325.447886943817139 7.234707666666671
2.999994320518000 2148644930.584770679473877 7.239197555555561
3.000927027763000 2138177518.262851238250732 7.243618592592598
3.062642750699000 2138558034.647675752639771 7.248036611111116
3.155216335103000 2182479518.601193904876709 7.252508148148153
1.713338134890000 2283018282.548476219177246 7.257020648148153
1.732257377556000 1578072094.195132732391357 7.262239129629634
3.015418455842000 1490282859.283246040344238 7.266837018518523
3.102179672916000 1961795702.317816734313965 7.272294740740746
3.008641493130000 2228063866.840955734252930 7.276813981481486
3.017294159478000 2153587387.897203445434570 7.281329925925930
3.109896537774000 2138231508.535166263580322 7.285753888888893
2.998127863897000 2227856479.298795223236084 7.290270981481486
3.114705580312000 2158875212.565823554992676 7.294779388888894
3.007706388180000 2213495380.882509708404541 7.299297648148153
2.985498097029000 2091071474.061035156250000 7.303979222222227
2.999994320518000 1985813810.861033201217651 7.308423925925931
3.016355958497000 2112299970.757763862609863 7.322672722222228
3.000927027763000 1848849188.822896480560303 7.329641333333338
3.039499354598000 1728141098.549804449081421 7.341250240740746
3.440651553682000 2166596672.924618721008301 7.350187018518524
3.106995913034000 1988991669.348335981369019 7.360430314814820
3.109896537774000 2229793388.633985996246338 7.364926500000005
1.740835726658000 2244731368.731735706329346 7.369368703703708
3.015418455842000 1571116862.448437690734863 7.374558407407412
3.124358473635000 1962953735.905447721481323 7.380011000000005
3.077114997138000 2225965462.529057979583740 7.384527833333339
1.735351799370000 2165079871.401493549346924 7.389832888888894
1.734114353196000 1559671976.105735778808594 7.395010018518524
3.076157243922000 1491826250.145986318588257 7.399608370370376
3.061690861814000 2000850250.776212215423584 7.405113500000006
3.015418455842000 2186646354.008321285247803 7.409560037037043
3.007706388180000 2135340331.614674329757690 7.414053203703709
3.069402929476000 2138075232.218906402587891 7.418471129629635
3.054928285332000 2182951280.042874336242676 7.422963166666673
3.014479905698000 2193347345.483690738677979 7.427399351851858
1.734114353196000 2146999896.899988889694214 7.431889777777784
3.000927027763000 1558397132.230068445205688 7.437042833333340
3.031784889231000 1950204814.102065324783325 7.442518259259266
3.116644008268000 2137908947.157056093215942 7.446945074074081
3.029899240254000 2227968230.513483524322510 7.451456740740748
3.022189572976000 2158906864.600648403167725 7.455957555555563
3.024070423864000 2072603924.851490020751953 7.460558814814823
2.996261407276000 1988276469.560733079910278 7.465011518518526
3.069402929476000 2134013455.867171049118042 7.479272129629638
3.002793484384000 2160066464.843628406524658 7.485230166666675
1.726776081046000 2149783373.868466377258301 7.494131148148156
3.362461500632000 1851576740.033413648605347 7.503796777777786
3.117613402632000 2006747662.777049064636230 7.515865944444452
3.024070423864000 2194140362.756952762603760 7.520460388888897
3.107963267786000 2145626735.455038309097290 7.524968759259267
3.024070423864000 2224680940.900073528289795 7.529477444444453
3.046266726490000 2158658331.418442249298096 7.533990481481490
3.162930800470000 2136905081.303361177444458 7.538421759259267
3.163914591780000 2271121314.762958526611328 7.542965037037045
3.029899240254000 2302693828.078959941864014 7.547395796296304
3.078071681433000 2169146074.567308902740479 7.551934574074082
3.085786146800000 2180145592.983788967132568 7.556419425925934
1.745685729320000 2193395898.031774044036865 7.560850000000007
1.733495054124000 1565503001.587705373764038 7.566017018518526
2.999994320518000 1484438560.864092588424683 7.570622148148155
3.014479905698000 1962179019.697663784027100 7.576079648148156
3.108929542901000 2137591311.673994779586792 7.580497666666674
3.115675335448000 2228245409.674234867095947 7.584999888888897
3.023130523504000 2248508692.577731132507324 7.589425759259267
3.124358473635000 2158969502.051680088043213 7.593934259259267
3.130124914868000 2227938212.224359989166260 7.598438925925934
3.124358473635000 2248333186.647387981414795 7.602857537037045
1.734114353196000 2248359683.233752727508545 7.607295907407416
3.006770238420000 1570457913.010587215423584 7.612485555555564
3.280686968800000 1962855331.017073392868042 7.617943481481490
3.000927027763000 2018935731.385427474975586 7.622468759259267
3.116644008268000 2186960577.218775272369385 7.636800574074083
3.114705580312000 1909804607.589592218399048 7.643817981481490
3.000927027763000 2243283631.286195278167725 7.653526203703712
3.384543935042000 2163315320.919989109039307 7.662456259259267
3.030842591166000 1940212395.094754219055176 7.672895574074082
3.016355958497000 2112674623.178487300872803 7.677333277777786
3.030842591166000 2135129745.752097845077515 7.681769018518526
1.726159641360000 2137894672.238945722579956 7.686204555555563
1.735351799370000 1558355884.798548698425293 7.691349166666675
3.024070423864000 1492354406.376550674438477 7.695958648148157
3.014479905698000 1961662056.601791381835938 7.701423074074082
3.030842591166000 2138316908.850174903869629 7.705856759259268
3.016355958497000 2138217526.419113636016846 7.710290277777786
3.061690861814000 2138464351.803285598754883 7.714703518518527
3.062642750699000 2183235151.369832038879395 7.719182981481490
3.016355958497000 2193374059.773342609405518 7.723614537037045
3.115675335448000 2148752115.812917709350586 7.728104537037045
3.068447576644000 2227013529.450304508209229 7.732626907407416
3.063595348626000 2204005182.629937171936035 7.737114833333342
3.015418455842000 2193497904.694988727569580 7.741542722222230
1.726776081046000 2148653041.306181907653809 7.746020574074082
1.726776081046000 1558596866.707234144210815 7.751163666666675
1.726776081046000 1492822332.326283931732178 7.755760888888897
3.053978794152000 1492140933.142868757247925 7.760363018518527
3.070357216066000 2002304025.099222183227539 7.765864148148157
3.031784889231000 2193302699.785372734069824 7.770290425925935
3.024070423864000 1943089079.017728567123413 7.774792462962972
1.732876215840000 2178009484.068226814270020 7.789237740740750
3.015418455842000 1562655030.112804889678955 7.795704166666676
3.106995913034000 1716593558.471068620681763 7.806983407407417
3.547551124520000 2178719446.924242496490479 7.815903222222231
3.100251200124000 1766495960.161882638931274 7.827438796296305
3.101215077534000 2199406518.094660282135010 7.831956703703713
3.102179672916000 2236659206.955431461334229 7.836446666666676
3.101215077534000 2248195265.554630756378174 7.840875203703713
3.008641493130000 2248257577.653743267059326 7.845314425925936
3.046266726490000 2155520255.230746269226074 7.849807092592602
3.170645265837000 2182834778.589028835296631 7.854293888888899
3.023130523504000 2282643932.651093959808350 7.858808796296306
3.099286245756000 2168793981.840916156768799 7.863340759259269
3.106995913034000 2227818801.493200302124023 7.867845129629639
1.733495054124000 2248835254.491017818450928 7.873288092592603
1.725543201674000 1571851416.431099891662598 7.878483074074084
1.726776081046000 1492448302.068882226943970 7.883088351851861
3.106995913034000 1492799787.658451795578003 7.887693092592602
1.719443066880000 2033186626.127590894699097 7.893217407407416
2.984570185194000 1571748711.257513284683228 7.898411962962972
3.100251200124000 1962997452.850639581680298 7.903879222222231
1.719443066880000 2226952666.666666507720947 7.908379222222231
3.062642750699000 1571462848.120257854461670 7.913563148148157
3.007706388180000 2001890038.072563886642456 7.919054611111120
3.001860429762000 2148776577.029404163360596 7.923549407407417
3.059786020481000 1930134961.312897205352783 7.928058518518528
3.047213819965000 2147693492.848369598388672 7.942638203703713
1.740214027202000 2174771105.265460014343262 7.948565722222232
2.993212562396000 1821907199.075188875198364 7.958177296296306
3.350160339904000 2202722021.128912925720215 7.968235481481491
3.007706388180000 1973005941.571823358535767 7.977311518518528
1.732257377556000 2017239096.163951396942139 7.982703351851861
1.726159641360000 1557159805.484866142272949 7.987848148148157
3.053978794152000 1489096329.869021654129028 7.992448851851861
2.993212562396000 2001627134.763253688812256 7.997939962962972
3.091576578478000 2147704787.398586750030518 8.002429759259268
1.720057107968000 2227864102.028016090393066 8.006947037037046
3.124358473635000 1571039565.842571496963501 8.012137166666676
3.078071681433000 2080375898.522912025451660 8.017676092592602
2.994143564904000 2213495805.772144317626953 8.022186259259268
2.982713324751000 2148878167.082551479339600 8.026676166666675
1.712114849910000 2138466536.744829177856445 8.031094777777787
1.718829025792000 1558557583.263429641723633 8.036238537037045
3.093500612167000 1489686749.022824764251709 8.040843648148156
1.713950232810000 2042409575.965573072433472 8.046369055555564
2.999060571142000 1570054358.956062555313110 8.051559518518527
3.094462808058000 1962106418.764573097229004 8.057031611111119
3.107963267786000 2228084684.034385681152344 8.061546870370378
3.091576578478000 2248389689.842790126800537 8.065978314814823
3.052078750908000 2237581161.522685527801514 8.070420759259267
3.000927027763000 2203131462.881287097930908 8.074917592592600
1.914907327230000 2148627401.106615066528320 8.079402407407414
3.013542403043000 1398791096.883694410324097 8.084574129629637
2.999994320518000 2191174990.682520389556885 8.099977277777786
3.061690861814000 2126311363.057885169982910 8.105870481481489
1.727392979734000 2155597335.159703254699707 8.114793259259267
3.500188944212000 1836310430.181769847869873 8.124421833333342
3.014479905698000 1821806979.171925783157349 8.135792703703713
3.078071681433000 2112265916.372299432754517 8.140301222222231
3.069402929476000 2182707152.030030727386475 8.144800333333341
3.069402929476000 2190558399.453260421752930 8.149244185185193
3.016355958497000 2192495617.071319580078125 8.153684814814822
3.022189572976000 2147643511.008111476898193 8.158159629629637
3.079029078342000 2123541708.190692186355591 8.162600759259266
3.111798479536000 2181946326.484347820281982 8.167093629629637
3.070357216066000 2237110575.788806915283203 8.171567685185192
3.053028242088000 2201511802.677288532257080 8.176040148148155
3.015418455842000 2192061262.087362289428711 8.180483111111119
1.726159641360000 2149014646.379238605499268 8.184972907407415
3.062642750699000 1551178538.536242723464966 8.190140481481489
1.735351799370000 2001766884.047729730606079 8.195643703703711
3.005835133470000 1564772235.112142324447632 8.200815703703711
3.024070423864000 1962738180.723013877868652 8.206288166666674
3.014479905698000 2133099122.179105520248413 8.210712000000008
1.728008960418000 2138311085.505303859710693 8.215147722222230
3.007706388180000 1558553502.502946376800537 8.220286111111120
3.162930800470000 1962443996.380850791931152 8.225750870370380
3.102179672916000 2272564882.567796707153320 8.230288555555566
3.383138565576000 2258750727.889080524444580 8.234778962962974
1.740214027202000 1989808567.152396202087402 8.239282814814825
3.108929542901000 1973844027.528477668762207 8.254273351851861
1.732876215840000 2118563506.019207477569580 8.261666351851861
1.739592790320000 1485983650.875386238098145 8.269722055555565
3.117613402632000 1654825977.234138965606689 8.280487037037046
3.556368534186999 1990375659.077538728713989 8.290591648148157
3.007706388180000 1975581837.370665073394775 8.298013888888898
3.069402929476000 2123609849.179846763610840 8.302555722222230
3.070357216066000 2181415988.404504299163818 8.307040222222231
1.733495054124000 2193150302.563630580902100 8.311465370370378
3.021249672616000 1555309481.677830696105957 8.316635185185193
3.070357216066000 1959710214.822516679763794 8.322103092592601
3.007706388180000 2182177858.214228153228760 8.326584814814822
3.124358473635000 2148449791.521890163421631 8.331061703703710
3.023130523504000 2227354515.009038925170898 8.335579351851859
3.030842591166000 2158614042.294484138488770 8.340087425925933
3.021249672616000 2137473980.403371572494507 8.344523185185192
3.024070423864000 2138748597.585791587829590 8.348936870370377
3.112767873900000 2138525250.585499763488770 8.353372777777784
3.000927027763000 2228089750.692520618438721 8.357885277777784
3.014479905698000 2159145606.205328941345215 8.362383203703711
3.031784889231000 2138541227.505620956420898 8.366814351851859
3.025011024336000 2138553590.480613470077515 8.371240407407415
1.739592790320000 2138534775.110462188720703 8.375653685185192
1.735351799370000 1557933823.767702579498291 8.380796518518526
3.154235673758000 1493010728.620255231857300 8.385396537037044
3.109896537774000 2042683191.001874685287476 8.390997703703711
1.725543201674000 2256014310.783756256103516 8.395493148148155
3.053978794152000 1518093629.838503122329712 8.400694481481489
3.106029637919000 1896016210.283965110778809 8.406212240740748
3.016355958497000 2159544041.878123283386230 8.420581981481488
1.740214027202000 2127092723.371714115142822 8.426563333333339
3.077114997138000 1633199885.713197231292725 8.436285462962969
3.448366019049000 2176426642.700959682464600 8.446279166666672
3.116644008268000 2021539980.313096761703491 8.456645148148153
3.069402929476000 2217418298.071938037872314 8.461145925925932
3.130124914868000 2203463860.118052959442139 8.465635425925932
3.177371876744000 2237327985.754445552825928 8.470128055555561
3.154235673758000 2292361933.345426559448242 8.474619981481487
1.738971553438000 2300266861.679899692535400 8.479051462962968
3.062642750699000 1577680223.149646520614624 8.484269685185190
3.170645265837000 2000036561.024949312210083 8.489762277777782
1.726776081046000 2282567660.616418838500977 8.494269796296301
3.162930800470000 1577579162.156887054443359 8.499488222222228
3.013542403043000 2064267334.072421789169312 8.505033925925931
1.726776081046000 2168881684.860513687133789 8.509568425925931
3.108929542901000 1558559534.267486572265625 8.514712055555560
2.999994320518000 2041000930.857766866683960 8.520222703703707
1.727392979734000 2158222892.385272026062012 8.524717648148151
3.070357216066000 1558944925.969955682754517 8.529858203703707
3.015418455842000 2001436600.166446924209595 8.535354333333336
3.009577294620000 2148830550.697858333587646 8.539844259259262
3.116644008268000 2138763613.871730804443359 8.544275333333335
3.028956942189000 2225483649.092891693115234 8.548793148148150
3.039499354598000 2159351174.827472686767578 8.553301296296297
1.732876215840000 1940112901.878914594650269 8.557958240740742
3.109896537774000 2049418427.761594057083130 8.573844296296297
1.726159641360000 1981308431.141717910766602 8.581174703703704
3.021249672616000 1839175287.470996379852295 8.590919648148148
3.084827064800000 1922380719.486001491546631 8.600877888888888
3.078071681433000 2021222202.518177032470703 8.614035555555555
3.122415247590000 2178861340.863090038299561 8.618482111111110
3.109896537774000 2224108135.296930789947510 8.622973740740740
3.124358473635000 2247391142.955079078674316 8.627403777777777
3.115675335448000 2246656664.358013629913330 8.631842259259258
1.726776081046000 2248128419.709535598754883 8.636283425925924
3.123387403110000 1570182307.810287475585938 8.641475296296294
1.740214027202000 2041358943.012977361679077 8.646989222222221
3.116644008268000 1571130549.701753854751587 8.652173851851851
3.092539132462000 2025777089.824818134307861 8.657695092592592
1.747557100120000 2203454206.686178207397461 8.662187500000000
3.068447576644000 1565009814.948811769485474 8.667357240740740
3.024070423864000 1999540559.120073318481445 8.672852648148147
3.161947741420000 2148953134.720683097839355 8.677347407407407
3.013542403043000 2272689223.159922599792480 8.681885259259259
3.068447576644000 2169558037.977789402008057 8.686414222222222
1.733495054124000 2138242745.803607702255249 8.690850351851852
3.160963583980000 1558666232.241991519927979 8.695994092592592
3.078071681433000 2081061784.040070295333862 8.701532499999999
3.030842591166000 2214190334.334531784057617 8.706045611111110
3.015418455842000 2148392506.705178260803223 8.710533574074073
1.741456500966000 1931339823.119864702224731 8.714962185185184
3.006770238420000 2052284407.441551446914673 8.731132648148147
3.061690861814000 1862464717.418434858322144 8.738403574074074
3.054928285332000 1734940754.328818559646606 8.749205425925926
3.377885635956000 2155021345.311455726623535 8.758184759259258
3.379986807804000 1989074647.790307044982910 8.767325462962962
3.029899240254000 1998529486.805352687835693 8.771767499999999
1.726159641360000 2136651694.055929422378540 8.776187092592592
3.015418455842000 1557560612.219204664230347 8.781335333333333
3.015418455842000 1962535480.814779758453369 8.786808296296297
3.013542403043000 2138343415.367274045944214 8.791244129629630
3.016355958497000 2133416596.126285552978516 8.795663277777779
1.726159641360000 2137799803.827871799468994 8.800081166666669
3.008641493130000 1557421180.350533485412598 8.805224648148149
3.053028242088000 1962726407.940527439117432 8.810694944444446
3.060737909366000 2182904763.872247219085693 8.815176981481484
3.154235673758000 2189837520.973066806793213 8.819602851851855
3.068447576644000 2282709282.573735713958740 8.824105314814817
1.734114353196000 2212957545.231952190399170 8.828612944444448
3.061690861814000 1565410694.516597270965576 8.833781740740744
3.063595348626000 2001532276.494837522506714 8.839275648148151
3.067493290054000 2193523020.627083301544189 8.843708870370373
3.023130523504000 2180283232.102584362030029 8.848151111111113
3.061690861814000 2141922051.594773530960083 8.852645537037040
3.077114997138000 2183235036.712897777557373 8.857139870370373
3.024070423864000 2193279859.020240783691406 8.861574444444447
3.016355958497000 2148822619.543305397033691 8.866066462962966
1.740835726658000 1926305915.570610523223877 8.870500148148151
3.029899240254000 1544393283.440839529037476 8.876664018518522
3.007706388180000 2117029898.359153747558594 8.891942944444448
3.024070423864000 2126159945.781090974807739 8.897844944444449
3.016355958497000 2133109208.407403707504272 8.906699574074079
3.369124600486000 2118642603.259946346282959 8.915530666666671
3.024070423864000 2004898978.161170244216919 8.924789574074078
1.726776081046000 2117249474.614717245101929 8.929230759259262
1.740214027202000 1555912275.717219352722168 8.934379888888891
3.007706388180000 1492434558.624943017959595 8.938973907407410
1.732876215840000 1961957359.251688957214355 8.944445981481485
3.046266726490000 1559212847.420701265335083 8.949597037037041
3.007706388180000 1994181169.786231040954590 8.955111814814819
1.739592790320000 2148166280.498363018035889 8.959603555555560
3.048161618910000 1557578192.025334596633911 8.964749481481487
2.998127863897000 2001893877.798268795013428 8.970252222222229
3.069402929476000 2148735396.125452041625977 8.974737333333339
3.023130523504000 2182957995.809479713439941 8.979227185185191
3.077114997138000 2148827087.258171558380127 8.983719388888895
3.008641493130000 2182831412.704638957977295 8.988204481481487
2.999060571142000 2147886383.437318325042725 8.992689351851858
3.107963267786000 2138228034.102306842803955 8.997120462962970
3.161947741420000 2227965654.807834625244141 9.001632388888895
3.015418455842000 2287981524.763494968414307 9.006124888888895
3.016355958497000 2169323866.280256271362305 9.010661740740746
1.733495054124000 2138281522.003200054168701 9.015082814814820
2.999994320518000 1558678496.147565126419067 9.020231074074079
1.733495054124000 1961852396.445789575576782 9.025689388888894
3.125330267490000 1554764712.852941513061523 9.030846444444450
3.046266726490000 1684610259.769547224044800 9.046366611111116
2.998127863897000 2125052734.277591943740845 9.052307648148153
1.732257377556000 1726704067.451125621795654 9.063100648148152
3.092539132462000 1814412890.695276737213135 9.072673444444449
3.455006312576000 1946293515.210017204284668 9.082898796296302
3.077114997138000 2175286063.936063766479492 9.087347685185192
3.122415247590000 2165115751.445691108703613 9.091776555555562
3.039499354598000 2237691606.350881099700928 9.096269370370377
3.015418455842000 2148581487.049314022064209 9.100777925925932
3.008641493130000 2138122789.230596065521240 9.105216425925931
3.159980524930000 2138249745.503902196884155 9.109636925925932
3.059786020481000 2272332010.933292865753174 9.114169462962968
3.061690861814000 2213506279.871068000793457 9.118667962962968
1.739592790320000 2193061578.512603759765625 9.123106740740747
3.024070423864000 1559291446.605693578720093 9.128282074074081
3.024070423864000 1962537837.435154199600220 9.133750888888896
3.015418455842000 2138665022.629928588867188 9.138173907407415
1.732876215840000 2138272275.049346446990967 9.142592777777786
3.123387403110000 1558425356.960275411605835 9.147736518518526
3.008641493130000 2040838377.567559480667114 9.153254981481489
1.766459088240000 2159228603.067837238311768 9.157770166666674
3.082907829200000 1465883945.866412162780762 9.163496740740749
3.015418455842000 1972851214.598806142807007 9.168984759259267
3.139787404369000 2148292391.734229564666748 9.173479870370379
3.031784889231000 2227676321.654485225677490 9.178000018518526
3.069402929476000 2159002078.438460350036621 9.182508388888897
3.029899240254000 2183123574.058083057403564 9.186990481481489
3.023130523504000 2144877529.356582880020142 9.191491333333341
3.101215077534000 2129117629.174592494964600 9.205744222222229
1.724926761988000 2216193443.229086399078369 9.211754407407414
3.115675335448000 1626625516.081349611282349 9.221563907407413
1.921626300308000 2136481389.458179712295532 9.231521425925932
3.484769609656000 1478281937.544357538223267 9.241540981481487
3.015418455842000 2031238832.494954824447632 9.247074148148153
3.115675335448000 2145323707.533235073089600 9.251587481481486
3.023130523504000 2227608896.876000404357910 9.256100925925931
3.115675335448000 2110929177.354154348373413 9.260613240740746
3.112767873900000 2209126249.036047458648682 9.265127833333338
3.186074196571000 2247460252.493466854095459 9.269570925925931
3.078071681433000 2292700089.422217369079590 9.274064796296301
1.734114353196000 2213508611.564687252044678 9.278578537037042
3.029899240254000 1565245517.858741521835327 9.283750296296301
3.006770238420000 1962049165.161460876464844 9.289214870370374
3.025011024336000 2138509980.461640834808350 9.293641111111116
3.015418455842000 2133333539.710096597671509 9.298067870370375
3.024070423864000 2138382550.391609907150269 9.302503500000004
3.029899240254000 2138487547.258385181427002 9.306921685185189
3.082907829200000 2138342283.335141420364380 9.311360611111116
1.726776081046000 2170727888.288008213043213 9.315884148148154
1.740214027202000 1564817629.690603733062744 9.321058500000005
3.117613402632000 1492670549.573429822921753 9.325662407407412
3.022189572976000 2041566904.010210275650024 9.331176111111116
3.059786020481000 2159020617.750768184661865 9.335676907407413
3.059786020481000 2183383495.245926856994629 9.340158444444450
3.029899240254000 2192282980.496749401092529 9.344602148148153
3.023130523504000 2142525791.773292541503906 9.349103296296301
3.069402929476000 2136219920.952107667922974 9.363360944444448
3.083866911200000 2181004940.959718704223633 9.369331444444448
3.114705580312000 2186145331.632813453674316 9.378174055555560
3.377885635956000 2178316089.050206661224365 9.387153592592597
3.008641493130000 2156780909.270314216613770 9.396162037037040
1.748180271240000 2134965048.924823045730591 9.400596277777781
3.063595348626000 1528083950.457588195800781 9.405750111111114
3.007706388180000 1991043607.652596235275269 9.411238444444448
3.114705580312000 2147830435.429970741271973 9.415715925925930
1.726159641360000 2227594024.784681797027588 9.420233351851856
1.739592790320000 1570992926.512742280960083 9.425427500000003
3.017294159478000 1492558217.785917043685913 9.430028518518522
1.727392979734000 1963253102.812855720520020 9.435495481481485
3.059786020481000 1550816122.247190952301025 9.440645944444448
1.732257377556000 2001240105.523117542266846 9.446142370370374
3.101215077534000 1565583120.580073356628418 9.451314129629633
2.999994320518000 1850443811.780636310577393 9.456784500000003
3.023130523504000 2137440814.786872863769531 9.461202833333337
3.054928285332000 2138103329.170651912689209 9.465636703703707
1.739592790320000 2183324692.856995582580566 9.470136055555558
3.146523606096000 1565140465.936840057373047 9.475300481481485
3.017294159478000 2080435027.136657238006592 9.480851944444447
1.719443066880000 2169664090.725387096405029 9.485388222222225
1.726776081046000 1558469465.703763484954834 9.490537259259263
1.720057107968000 1492619660.580194473266602 9.495136611111114
3.062642750699000 1492580605.446118116378784 9.499739277777781
3.000927027763000 1904470318.578910827636719 9.505265555555559
3.052078750908000 2256276860.903702735900879 9.519700000000004
2.999994320518000 2182656714.754159450531006 9.525680611111115
3.016355958497000 2179335865.401179313659668 9.534710462962966
3.429734959985000 2116878383.856959819793701 9.543571981481485
3.061690861814000 2143680140.473954677581787 9.552525796296299
1.734114353196000 2186908871.202966690063477 9.556970055555558
1.732876215840000 1564820888.950934886932373 9.562143444444446
3.007706388180000 1487091972.094332456588745 9.566748907407410
3.007706388180000 1938400386.434128284454346 9.572211962962966
3.006770238420000 2135947733.614903211593628 9.576631629629633
1.720057107968000 2138081683.830413341522217 9.581062444444447
3.106995913034000 1558802524.680368900299072 9.586211611111114
1.720057107968000 2042113560.503491878509521 9.591737462962966
3.002793484384000 1570539283.868323087692261 9.596932555555558
2.999060571142000 1962666078.168756961822510 9.602407888888891
3.100251200124000 2138130609.684703350067139 9.606836407407409
3.054928285332000 2227882702.729413986206055 9.611333370370371
3.053978794152000 2204057992.620476245880127 9.615805203703705
3.000927027763000 2193417093.895871639251709 9.620244518518520
3.053978794152000 2148135726.123630046844482 9.624736407407410
1.719443066880000 2180044535.012967586517334 9.629234740740744
3.005835133470000 1565112696.934975624084473 9.634406592592596
3.053978794152000 1962783895.824379682540894 9.639878833333336
2.999994320518000 2182482267.050437927246094 9.644376111111114
3.108929542901000 2126874712.184432506561279 9.648871981481484
3.107963267786000 2224085431.949174880981445 9.653395833333336
3.013542403043000 2083567716.378494262695312 9.657855611111113
1.739592790320000 2188331409.162811279296875 9.672173148148151
1.720057107968000 1442357036.987642288208008 9.678282796296299
3.008641493130000 1480461599.274536848068237 9.688636333333337
1.908188354152000 1915988460.016017436981201 9.698694759259263
3.000927027763000 1591931067.627367258071899 9.708713166666671
3.107963267786000 1953402994.180430650711060 9.714176851851857
2.993212562396000 2194284962.843401432037354 9.718697259259264
3.024070423864000 2153101097.844970703125000 9.723206092592596
2.999994320518000 2137965597.575129985809326 9.727641611111114
3.077114997138000 2138272888.640151023864746 9.732075518518521
3.014479905698000 2181636768.043577194213867 9.736563111111113
3.008641493130000 2149081368.595531940460205 9.741054333333336
3.007706388180000 2138094668.601189374923706 9.745470518518522
1.727392979734000 2107936068.140539646148682 9.749905796296300
3.077114997138000 1557575605.121672153472900 9.755051685185189
3.047213819965000 2001343345.040571689605713 9.760556351851855
3.006770238420000 2185502232.673329353332520 9.764997962962967
3.024070423864000 2148406459.840609073638916 9.769484944444448
3.060737909366000 2138389156.399690389633179 9.773911518518522
3.069402929476000 2183194943.864332199096680 9.778393055555560
3.070357216066000 2191411946.098401546478271 9.782825000000004
3.016355958497000 2193235772.154430866241455 9.787268555555560
3.070357216066000 2148903481.397505760192871 9.791760685185189
1.727392979734000 2183380123.026754379272461 9.796258351851856
3.008641493130000 1564233958.121044158935547 9.801419611111115
1.726776081046000 1963506715.887154102325439 9.806887574074077
3.356836213230000 1558622117.891037940979004 9.812031055555558
3.116644008268000 1998612380.302567005157471 9.817540703703706
3.118582436224000 2204231215.114338397979736 9.831853333333335
3.108929542901000 2234280400.938899517059326 9.837778314814816
3.024070423864000 2210183151.861045360565186 9.846753259259261
3.501278718548000 2117356331.170512437820435 9.855695055555557
3.376834267764000 1936582473.557679891586304 9.866394444444447
3.021249672616000 2147371354.838709592819214 9.870915277777781
3.024070423864000 2123329233.731711864471436 9.875339074074077
1.746309364800000 2132945117.264233350753784 9.880759722222225
1.734114353196000 1558663696.238977909088135 9.885905092592594
3.122415247590000 1492301721.361630916595459 9.890505240740742
1.740214027202000 2040839419.296300172805786 9.896015796296298
3.169659809082000 1568641546.342072963714600 9.901203666666669
3.060737909366000 2080760859.765524625778198 9.906749537037040
3.025011024336000 2213900946.706225872039795 9.911262259259262
3.061690861814000 2148538549.829483985900879 9.915747555555559
1.719443066880000 2183390339.866160869598389 9.920247148148151
1.720057107968000 1564862461.442558765411377 9.925416203703707
1.720057107968000 1493025476.553602933883667 9.930018111111114
1.740835726658000 1492580003.057390451431274 9.934621407407409
3.062642750699000 1483349957.761776447296143 9.939224925925927
3.031784889231000 2001042146.057890415191650 9.944729592592594
1.734114353196000 2149226713.387612342834473 9.949221722222223
1.720057107968000 1540996500.069007635116577 9.954454629629630
3.147501869736000 1491579912.200299024581909 9.959061074074075
1.734114353196000 2080611085.459618806838989 9.964595851851852
3.147501869736000 1577952402.277525424957275 9.969806185185186
3.024070423864000 2073785523.682455062866211 9.975358037037038
3.015418455842000 2175745581.345003128051758 9.989728925925927
3.047213819965000 2126972405.199619293212891 9.995643888888891
3.070357216066000 2153393912.330076217651367 10.004559907407410
3.378935830746000 2155506624.347037315368652 10.013504185185187
3.424158041928000 2136952137.002644062042236 10.022476166666669
3.023130523504000 2180982344.650231361389160 10.026969611111113
1.732257377556000 2146194579.224493503570557 10.031450314814817
3.016355958497000 1551816041.254500150680542 10.036589148148151
3.031784889231000 1949981292.384441375732422 10.042053351851855
3.115675335448000 2137651435.070582628250122 10.046482092592596
3.061690861814000 2227384008.067293167114258 10.050999648148151
3.092539132462000 2203696021.884578704833984 10.055494611111115
3.170645265837000 2193416703.561076164245605 10.059928351851855
3.015418455842000 2271471496.558763027191162 10.064446000000004
3.024070423864000 2150989725.649051666259766 10.068971833333338
3.031784889231000 2136610248.875011444091797 10.073408092592597
3.167687794503000 2138533690.514499664306641 10.077839222222227
1.740214027202000 2272565134.562676429748535 10.082359351851856
3.131099470772000 1577495838.617206096649170 10.087572629629634
3.029899240254000 2040906260.070899248123169 10.093089074074078
3.074243519025000 2159197763.366101264953613 10.097606444444448
3.083866911200000 2183236991.933557033538818 10.102101518518522
3.169659809082000 2193424409.412687301635742 10.106540759259262
1.739592790320000 2282791493.417917251586914 10.111047944444447
2.999060571142000 1577733537.192433595657349 10.116256092592595
3.087705382400000 1958397916.814716339111328 10.121728481481483
3.047213819965000 2066786757.666279077529907 10.126235351851854
1.725543201674000 2123069837.794410943984985 10.141171814814816
3.024070423864000 1448617974.214848041534424 10.147263462962965
3.069402929476000 1842268476.299436330795288 10.158367277777780
1.900790577840000 1934567776.298269033432007 10.169006444444447
3.507898611490000 1851130059.472200870513916 10.178724648148151
3.022189572976000 2031388302.875908613204956 10.184256555555558
3.162930800470000 2141064051.976603984832764 10.188771407407410
3.000927027763000 2271718700.035892486572266 10.193311703703706
3.033670538208000 2168931027.157750129699707 10.197844888888891
1.740835726658000 2138356331.009477615356445 10.202278240740743
1.746309364800000 1559025516.779586553573608 10.207422277777781
1.728008960418000 1484859959.632348775863647 10.212028092592595
3.109896537774000 1491102026.049204111099243 10.216634759259263
3.014479905698000 2041338962.678246736526489 10.222165740740744
3.084827064800000 2158736609.639743328094482 10.226668703703707
3.084827064800000 2183309832.474014759063721 10.231165518518521
1.733495054124000 2193360250.574232578277588 10.235599777777781
1.727392979734000 1564895479.569169282913208 10.240776685185187
3.130124914868000 1492798909.262022495269775 10.245381111111113
3.106995913034000 2041923515.101963996887207 10.250907740740743
3.070357216066000 2248328306.749903678894043 10.255333592592596
2.999994320518000 2202977967.347410678863525 10.259818518518522
3.006770238420000 2148825780.305312633514404 10.264305722222225
3.023130523504000 2136987960.552663087844849 10.268744833333336
3.125330267490000 2138430549.587173461914062 10.273183518518522
3.068447576644000 2226514183.059078216552734 10.277698555555558
3.291004107671000 2203838824.577025413513184 10.282190555555559
2.999994320518000 2189225699.751923084259033 10.286624666666670
3.000927027763000 2174068292.367399692535400 10.300939481481485
3.077114997138000 2126931923.098664045333862 10.306836407407411
3.009577294620000 2171214949.887540817260742 10.315736759259263
3.455006312576000 2132537318.026146411895752 10.324642444444448
3.031784889231000 2143555326.100676536560059 10.333591907407412
3.024070423864000 2124514374.719284057617188 10.338086037037041
1.734114353196000 2137057799.559177160263062 10.342522185185189
3.025011024336000 1539787400.016551494598389 10.347668870370374
3.016355958497000 1957677804.498322486877441 10.353128518518522
1.740835726658000 2138057732.131628513336182 10.357546111111114
1.727392979734000 1558408794.213954210281372 10.362692592592596
3.070357216066000 1492650191.826656103134155 10.367297444444448
3.068447576644000 2000717659.784538984298706 10.372792981481485
3.070357216066000 2193062191.164000988006592 10.377226444444448
3.070357216066000 2193136732.106816768646240 10.381667407407411
3.030842591166000 2193494024.919489860534668 10.386100944444449
3.014479905698000 2102088321.294075965881348 10.391028240740745
3.016355958497000 2122864881.816015005111694 10.395457148148152
3.154235673758000 2137298804.614588499069214 10.399893962962967
3.014479905698000 2269955030.907083511352539 10.404438648148153
1.732876215840000 2162579173.743119716644287 10.408963740740745
3.009577294620000 1558238523.781045913696289 10.414104000000004
3.010512747840000 1934843000.344275236129761 10.419644351851856
3.008641493130000 2106060567.144638061523438 10.424085703703708
3.078071681433000 2137331394.547163963317871 10.428517648148153
3.032727889194000 2183435714.875010013580322 10.433006907407412
3.031784889231000 2147050945.434454441070557 10.437498277777783
1.740835726658000 2133634480.629984378814697 10.441938129629635
3.107963267786000 1937152479.813172817230225 10.456909388888894
3.053028242088000 2167382235.731171607971191 10.464311888888894
2.999060571142000 2173638684.684529304504395 10.472906925925930
3.510081741985000 2149749280.048239231109619 10.481813129629634
1.734114353196000 2197451804.029097557067871 10.490842814814819
3.008641493130000 1551896189.205959796905518 10.496035666666671
3.161947741420000 1952882457.793109893798828 10.501500370370374
1.738971553438000 2270925993.038199901580811 10.506027722222226
3.024070423864000 1577456715.759829759597778 10.511235759259263
3.069402929476000 1960930463.126443147659302 10.516689833333336
3.068447576644000 2183124064.807015895843506 10.521174944444446
3.015418455842000 2188274825.084381103515625 10.525613592592595
1.726159641360000 2147975833.137106895446777 10.530096314814818
3.101215077534000 1558950300.912444114685059 10.535247314814818
3.000927027763000 2040734860.878298997879028 10.540760074074077
3.154235673758000 2159328885.863770961761475 10.545276444444447
3.131099470772000 2272489917.355371952056885 10.549813944444447
3.024070423864000 2245770623.858819961547852 10.554296796296299
3.079029078342000 2158687882.356319904327393 10.558810111111114
3.069402929476000 2183137135.982332706451416 10.563304703703707
3.007706388180000 2193433472.089874267578125 10.567735592592596
3.023130523504000 2140423538.804704904556274 10.572235333333337
3.062642750699000 2136554762.550316095352173 10.576674870370374
1.753651973358000 2183472114.980943202972412 10.581174166666671
1.726776081046000 1560758357.998237133026123 10.586342203703708
3.015418455842000 1492738651.324398040771484 10.590941777777783
3.005835133470000 1961461258.997690916061401 10.596395851851856
3.016355958497000 2134900958.013404607772827 10.600835981481486
1.718829025792000 2134267167.262098312377930 10.615090611111116
1.726776081046000 1647316302.028071880340576 10.622717814814820
1.720057107968000 1826039757.931413888931274 10.633320870370376
3.431870109590000 1884162498.570195436477661 10.644006092592598
3.015418455842000 2178128548.651401519775391 10.654041203703709
3.030842591166000 2102947018.527618169784546 10.658526000000005
3.123387403110000 2136642696.291847944259644 10.662966666666673
3.045318574810000 2172077605.257634639739990 10.667466648148155
3.022189572976000 2192902043.980594158172607 10.671909685185192
1.740214027202000 2131073272.664325475692749 10.676402796296303
1.733495054124000 1558140181.607724428176880 10.681554314814822
3.108929542901000 1491136921.943501710891724 10.686154259259267
2.999994320518000 2041372181.722594261169434 10.691684462962970
3.005835133470000 2158722437.777988433837891 10.696185222222230
3.015418455842000 2136976472.704906702041626 10.700611129629637
3.015418455842000 2122113353.277127981185913 10.705037148148156
3.016355958497000 2138040545.789427518844604 10.709471092592601
3.024070423864000 2138505390.020642518997192 10.713911740740748
1.739592790320000 2138449986.152723073959351 10.718324962962971
3.031784889231000 1558609914.421598672866821 10.723468611111119
1.740214027202000 1962161861.296569585800171 10.728938314814823
1.740835726658000 1559030391.300126314163208 10.734087814814822
3.153253916702000 1492710144.169867038726807 10.738692722222229
3.007706388180000 2081812561.953681230545044 10.744241222222229
3.022189572976000 2168827298.699069499969482 10.748772166666674
3.479223880517000 2138379646.770400762557983 10.753213722222229
3.022189572976000 2267483561.671805381774902 10.757748629629637
3.069402929476000 2257561629.841736793518066 10.772105851851858
3.036664211762000 2167134726.318730831146240 10.778070481481487
3.031784889231000 2151039591.389760971069336 10.786982351851858
3.053978794152000 2158264710.522810935974121 10.796020037037042
3.378935830746000 2141380752.150554180145264 10.804964759259265
1.742077969135000 2120739768.595041275024414 10.809446240740746
3.030842591166000 1551324448.569085359573364 10.814594462962969
3.106995913034000 1958454364.420843124389648 10.820062500000006
3.116644008268000 2225906783.515038490295410 10.824582444444451
1.733495054124000 2248590747.330960750579834 10.829005592592599
3.025011024336000 1571817381.706737756729126 10.834190055555563
3.015418455842000 1962045645.266416549682617 10.839645166666674
3.030842591166000 2134742852.131205081939697 10.844079277777785
3.114705580312000 2137300758.750785827636719 10.848496870370377
3.171631456638000 2227984470.327232360839844 10.853004370370378
3.024070423864000 2293331155.052142620086670 10.857498796296305
3.025011024336000 2169640450.541492462158203 10.862025037037046
3.023130523504000 2138210996.844688415527344 10.866462000000009
3.029899240254000 2138427885.804345130920410 10.870880018518527
3.028956942189000 2138502920.797668457031250 10.875308666666674
3.078071681433000 2138215100.570399284362793 10.879750000000008
3.125330267490000 2185643221.106729507446289 10.885248685185193
1.733495054124000 2238061406.943625926971436 10.889741481481488
3.022189572976000 1571097786.333012342453003 10.894936481481489
1.734114353196000 1947942504.549975156784058 10.900410666666675
1.740214027202000 1558868584.381240129470825 10.905557611111119
1.727392979734000 1491846498.680452585220337 10.910167777777785
3.092539132462000 1488991773.760343074798584 10.914780388888897
2.992282252856000 1684970681.290362834930420 10.930273592592600
3.013542403043000 2138985101.504701614379883 10.936258537037045
3.008641493130000 2131716332.324352741241455 10.945123370370379
3.446221273266000 2133146357.512141466140747 10.953988648148156
3.014479905698000 2138240394.528336763381958 10.962952000000008
3.079029078342000 2128701401.513899326324463 10.967433925925935
3.170645265837000 2157010901.189706802368164 10.971933944444453
3.169659809082000 2275275526.024363040924072 10.976448944444453
1.734114353196000 2303369531.875166893005371 10.980892203703712
1.739592790320000 1577706560.390656709671021 10.986110388888898
3.071312213484000 1492646044.600278377532959 10.990715907407417
3.078071681433000 2001907357.223070144653320 10.996223722222231
3.023130523504000 2191911268.053486824035645 11.000649870370379
3.022189572976000 2148316454.236114978790283 11.005145166666676
3.070357216066000 2138553749.199693918228149 11.009570555555564
3.124358473635000 2182940082.798284530639648 11.014052666666675
3.115675335448000 2237985863.070676326751709 11.018540518518527
3.022189572976000 2246714252.316940784454346 11.022976444444453
3.071312213484000 2155457153.456164360046387 11.027469222222230
3.061690861814000 2182928207.495836734771729 11.031961592592600
1.734114353196000 2192230212.047288417816162 11.036402425925933
3.070357216066000 1565153842.845468997955322 11.041569314814822
3.116644008268000 2002209394.590992927551270 11.047072481481489
3.008641493130000 2238123094.045631408691406 11.051564981481489
3.108929542901000 2159095881.310894489288330 11.056080981481490
3.062642750699000 2226862813.901437282562256 11.060598500000008
3.069402929476000 2204037155.812036514282227 11.065091092592601
3.130124914868000 2184573621.460506916046143 11.069564425925934
3.030842591166000 2228546947.844871520996094 11.074064888888897
3.078071681433000 2176189557.414879798889160 11.088429148148157
3.030842591166000 2178753140.883051395416260 11.094389962962971
3.039499354598000 2132852381.547693490982056 11.103277740740749
3.448366019049000 1865024220.364956617355347 11.113875648148156
3.115675335448000 1866886610.939714908599854 11.124536092592599
1.739592790320000 2230826515.636950016021729 11.129015629629636
3.107963267786000 1562841615.803144693374634 11.134212907407415
1.726776081046000 2041700564.441524505615234 11.139737870370377
1.720057107968000 1564336067.561591386795044 11.144930388888895
1.732257377556000 1492419421.038653850555420 11.149532500000007
1.721285190144000 1484343675.761284351348877 11.154162833333340
3.115675335448000 1492420603.624323844909668 11.158760370370377
3.108929542901000 2041506024.540329456329346 11.164288685185191
1.726159641360000 2246915067.922327041625977 11.168732759259266
3.062642750699000 1571115931.381290435791016 11.173925166666672
3.013542403043000 2001734828.966398477554321 11.179430907407413
1.734114353196000 2148577500.958379745483398 11.183923444444451
1.732876215840000 1558421554.014645814895630 11.189067111111118
3.007706388180000 1492872668.745599031448364 11.193669425925933
3.008641493130000 1963100422.317875385284424 11.199141870370378
3.008641493130000 2138540273.816792011260986 11.203570351851859
3.008641493130000 2138493220.749096870422363 11.208009277777785
3.025011024336000 2137494856.367678403854370 11.212432222222230
3.000927027763000 2138531651.176785230636597 11.216863629629637
3.069402929476000 2138850655.219159603118896 11.221289629629638
3.062642750699000 2181919134.269725322723389 11.225786796296305
3.016355958497000 1667407847.305665969848633 11.242616351851860
3.069402929476000 2147430533.524922132492065 11.248570462962970
3.068447576644000 2174109715.079223155975342 11.257478722222229
3.385597703618000 2220518304.276468753814697 11.266449000000007
3.161947741420000 2015495005.025493860244751 11.275550740740748
3.030842591166000 2110994613.742676496505737 11.281667129629637
3.131099470772000 2154590123.466848373413086 11.286213259259267
3.106995913034000 2211002563.428421020507812 11.290721111111118
3.070357216066000 2247127311.887201309204102 11.295157722222228
3.115675335448000 2203124047.752531051635742 11.299650018518525
3.024070423864000 2236567927.886358261108398 11.304144981481489
1.720057107968000 2157860259.317688941955566 11.308652537037045
3.070357216066000 1558299266.683226585388184 11.313796592592601
1.734114353196000 2001635304.915563583374023 11.319304796296304
3.031784889231000 1564355043.033455371856689 11.324470888888897
3.061690861814000 1962600079.278766632080078 11.329936833333340
1.740214027202000 2182943737.176476478576660 11.334431611111118
3.024070423864000 1565047622.118330001831055 11.339600777777784
3.030842591166000 1962358535.174681186676025 11.345075833333340
3.031784889231000 2138645690.628528594970703 11.349504166666673
3.000927027763000 2138702250.497814416885376 11.353940222222228
3.014479905698000 2138466297.816148757934570 11.358371740740747
3.071312213484000 2138394863.429470062255859 11.362810500000005
3.022189572976000 2183198762.605951786041260 11.367300222222228
3.077114997138000 2148884133.723566532135010 11.371792629629637
1.740214027202000 2183137888.321855068206787 11.376277740740747
1.726776081046000 1407890982.642847299575806 11.381459722222228
1.727392979734000 1486673167.798953771591187 11.386080000000007
3.008641493130000 1474209331.655154466629028 11.400675481481489
3.000927027763000 1907217313.473940372467041 11.407937648148156
3.008641493130000 2131877462.201734542846680 11.416779666666674
3.554156615158000 2133043188.241944551467896 11.425624666666675
3.076157243922000 2003310051.107325315475464 11.436386333333342
3.077114997138000 2207016368.778466701507568 11.440891296296305
1.734114353196000 2169077355.297491550445557 11.445334000000010
3.001860429762000 1564227916.255523443222046 11.450513777777788
3.101215077534000 1962529937.168696165084839 11.455981092592603
1.726776081046000 2222980055.668161869049072 11.460485296296307
3.014479905698000 1571062632.401087045669556 11.465677851851863
3.000927027763000 1962460601.879096508026123 11.471153296296308
3.006770238420000 2137978770.729745626449585 11.475574166666679
3.023130523504000 2138212619.506062269210815 11.480007925925937
3.004899680250000 2136837969.579741001129150 11.484426277777789
3.069402929476000 2138612332.318791627883911 11.488861777777789
3.070357216066000 2183444621.484418392181396 11.493359611111122
3.130124914868000 2192936989.161985397338867 11.497793592592604
3.006770238420000 2238259101.366338729858398 11.502285185185197
2.999994320518000 2159126505.085940837860107 11.506803814814827
3.060737909366000 2128573057.046477794647217 11.511261518518531
3.069402929476000 2182785026.296792984008789 11.515750870370383
3.156197726922000 2191772560.106076717376709 11.520192092592605
3.030842591166000 2282035576.800875663757324 11.524709185185198
3.023130523504000 2169896296.659155368804932 11.529245629629642
3.023130523504000 2138486897.434717178344727 11.533671537037050
3.116644008268000 1921837665.044011592864990 11.538114796296309
3.079029078342000 2217841448.543450355529785 11.542625074074087
3.101215077534000 2228772372.363049030303955 11.556940851851865
3.063595348626000 2125945112.067520141601562 11.562904518518531
3.062642750699000 2167689132.750861167907715 11.571821388888901
3.492479276934000 2143557363.914590597152710 11.580673740740753
1.733495054124000 1607563666.706953763961792 11.591858870370382
1.733495054124000 1419690405.944152355194092 11.598505925925938
2.991350903864000 1480615267.672928571701050 11.603110425925937
3.007706388180000 1956143053.393167972564697 11.608569925925938
1.719443066880000 2132670284.019361257553101 11.612996462962975
3.076157243922000 1558796635.272125959396362 11.618147944444457
1.732876215840000 1998997360.516974449157715 11.623641444444457
1.726776081046000 1564052420.958352088928223 11.628810425925939
3.054928285332000 1491966928.778964519500732 11.633412166666680
1.732876215840000 2001337792.844603061676025 11.638918500000013
2.991350903864000 1563809219.642313718795776 11.644090629629643
1.720057107968000 1961540917.028794050216675 11.649562407407421
3.107963267786000 1558630317.283937454223633 11.654712018518532
3.043424035125000 2041593472.197575330734253 11.660242777777791
3.044371481335000 2202802552.809285163879395 11.664737462962975
3.070357216066000 2193613492.269010066986084 11.669171277777791
3.008641493130000 2193518732.096618652343750 11.673612555555568
3.007706388180000 2148773198.937591552734375 11.678102703703717
2.991350903864000 2138346586.193889379501343 11.682521037037050
3.007706388180000 2138397471.064427852630615 11.686949777777791
3.053028242088000 2138388374.790350675582886 11.691388407407420
3.322866596818000 2182052763.196989536285400 11.695875962962976
3.122415247590000 1935121499.093290328979492 11.700379425925940
3.170645265837000 2202745944.230181217193604 11.714731407407422
3.021249672616000 2278445195.581659317016602 11.720703148148162
3.100251200124000 2172716307.577624320983887 11.729646388888904
3.377885635956000 2240108998.213754177093506 11.738603722222237
3.070357216066000 1866844944.700631618499756 11.749097111111126
3.039499354598000 2179719691.782234668731689 11.753586481481497
1.738971553438000 2121819940.696812629699707 11.758083148148163
1.726776081046000 1557399701.744614362716675 11.763236574074089
3.160963583980000 1490447870.914236783981323 11.767836444444459
1.741456500966000 2080661088.228918313980103 11.773389129629644
3.070357216066000 1574670567.920184373855591 11.778601129629644
3.029899240254000 2001892201.186775684356689 11.784106240740755
3.077114997138000 2147523710.652182102203369 11.788601407407421
3.077114997138000 2183354291.813533306121826 11.793077629629643
3.001860429762000 2193225917.072377204895020 11.797516574074088
3.062642750699000 2148063026.613711357116699 11.802006740740755
1.733495054124000 2183163356.954515457153320 11.806501555555569
3.108929542901000 1565568824.823218345642090 11.811671148148161
1.726159641360000 2041080468.702893733978271 11.817199407407420
3.108929542901000 1571427276.134720802307129 11.822387092592605
3.077114997138000 2042082581.345338344573975 11.827915648148160
3.061690861814000 2202887027.494950294494629 11.832408055555568
3.069402929476000 2193540723.272412300109863 11.836837000000013
3.053978794152000 2193587381.272046566009521 11.841278370370384
3.069402929476000 2193563648.834592819213867 11.845706166666680
3.116644008268000 1978295628.175374746322632 11.850134777777791
3.008641493130000 2200167319.393092155456543 11.865355833333346
2.999994320518000 2127234003.350083589553833 11.871325833333346
1.734114353196000 2093124009.060022592544556 11.880155833333346
3.008641493130000 1484966806.988786697387695 11.891091870370383
3.063595348626000 1941751907.797632217407227 11.905244314814828
3.016355958497000 2175398943.191397666931152 11.909747740740753
3.004899680250000 2148602644.719426155090332 11.914238870370383
3.029899240254000 2128650209.512976646423340 11.918667129629641
1.753651973358000 2131746943.780577898025513 11.923107074074085
3.071312213484000 1558567150.965057849884033 11.928252611111123
3.015418455842000 1996093572.797901153564453 11.933758722222235
3.014479905698000 2148684226.790106773376465 11.938253333333346
3.063595348626000 2138044020.481635808944702 11.942687296296310
1.740214027202000 2182274200.009085178375244 11.947171722222235
3.126301699680000 1564691144.475411176681519 11.952321259259271
3.180336543872000 2041690143.960850715637207 11.957846166666679
3.062642750699000 2292870582.416223526000977 11.962338944444456
3.115675335448000 2169570894.284297943115234 11.966859629629640
3.007706388180000 2227961952.805428028106689 11.971382277777789
3.031784889231000 2159023837.462151527404785 11.975895870370382
3.116644008268000 2137868429.868346214294434 11.980318240740752
1.733495054124000 2217867724.064969062805176 11.984834333333344
3.008641493130000 1571489483.195568799972534 11.990029722222234
3.039499354598000 1962627712.290077447891235 11.995504629629641
3.123387403110000 2138283050.252432346343994 11.999935592592605
3.015418455842000 2227160381.883098125457764 12.004453166666678
1.739592790320000 1953114750.340751409530640 12.008977481481493
3.108929542901000 1933719709.241336345672607 12.023965092592604
1.734114353196000 2079679929.053110122680664 12.031190111111123
3.047213819965000 1876157730.067968606948853 12.040802407407419
3.077114997138000 1706063668.226416349411011 12.051020888888901
1.720057107968000 1722257534.278862237930298 12.066734870370382
3.025011024336000 1555532884.908182382583618 12.071916240740753
3.024070423864000 1954858819.980817794799805 12.077380370370383
3.015418455842000 2128125280.840114593505859 12.081806574074086
3.030842591166000 2137274882.447597742080688 12.086237222222234
3.063595348626000 2138347500.062696933746338 12.090667703703716
3.015418455842000 2181909002.280313491821289 12.095150518518530
3.070357216066000 2148260453.618441581726074 12.099645240740752
3.162930800470000 2182890378.636579036712646 12.104142370370383
3.016355958497000 2281859243.619965076446533 12.108659500000012
3.077114997138000 2169732209.370711326599121 12.113193722222235
3.085786146800000 2183340215.439856529235840 12.117690981481495
1.740214027202000 2193057515.000731945037842 12.122119777777790
3.016355958497000 1565117588.840678453445435 12.127284037037050
3.102179672916000 1959080012.493464708328247 12.132738740740754
3.041389801664000 2226380397.153473854064941 12.137258870370383
3.031784889231000 2159213427.761806964874268 12.141774666666679
3.006770238420000 2138420164.908147573471069 12.146208111111124
3.116644008268000 2138213384.592883586883545 12.150639685185197
3.063595348626000 2227879618.818963527679443 12.155144203703715
3.070357216066000 2203534650.399455070495605 12.159629481481494
3.317220107810000 2193544850.706128120422363 12.164070759259271
3.022189572976000 1855695330.239905118942261 12.168572537037049
3.033670538208000 1651947540.550897121429443 12.184568666666678
3.108929542901000 2192263537.317130565643311 12.190697814814826
3.078071681433000 2194703982.080636978149414 12.199626703703714
1.941783219542000 2190386910.922944545745850 12.208536592592603
3.014479905698000 1695349401.375375747680664 12.220325962962974
3.031784889231000 1906942291.337625980377197 12.225813296296307
3.032727889194000 2121065746.022215604782104 12.230254629629641
3.024070423864000 2137746905.054867982864380 12.234679407407420
3.030842591166000 2128314999.414607763290405 12.239108222222235
3.122415247590000 2137877766.519565582275391 12.243531148148161
3.115675335448000 2227707178.655660152435303 12.248053814814828
3.101215077534000 2246327451.757588386535645 12.252492240740754
3.008641493130000 2247890429.330606460571289 12.256910833333347
3.030842591166000 2144488485.705758810043335 12.261440629629643
3.030842591166000 2137742960.094969987869263 12.265855277777790
3.015418455842000 2137957213.622808218002319 12.270289018518531
3.007706388180000 2133074669.578642129898071 12.274715185185197
3.016355958497000 2138081045.510558128356934 12.279133370370383
3.016355958497000 2138351174.673145532608032 12.283569592592606
3.115675335448000 2138519355.785765171051025 12.287984962962977
1.734732730692000 2226918972.722187519073486 12.292487333333346
3.014479905698000 1571280887.169862508773804 12.297677370370383
3.130124914868000 1962810316.529894590377808 12.303127092592606
3.178359731204000 2227929686.890142440795898 12.307634444444457
1.733495054124000 2293289684.471024990081787 12.312124259259271
3.192796012068000 1577493012.653913259506226 12.317340037037049
3.478142515562000 2081408197.727970361709595 12.322889000000012
1.739592790320000 2003755614.601643323898315 12.327419185185198
1.727392979734000 1974322173.173362255096436 12.342408018518531
3.116644008268000 1582254541.460276365280151 12.349488870370383
1.726776081046000 2196560618.910700798034668 12.357546037037050
3.186074196571000 1637760826.805096864700317 12.367356222222234
3.378935830746000 2209376802.032437801361084 12.377320537037049
1.732876215840000 1828037749.409323215484619 12.385565944444457
3.014479905698000 1509050470.864247798919678 12.391201759259271
1.719443066880000 1951721671.527068138122559 12.396675574074086
3.063595348626000 1557840486.337067127227783 12.401820611111123
3.007706388180000 1996728851.712152242660522 12.407324296296309
3.016355958497000 2146337797.079473972320557 12.411818666666679
3.078071681433000 2137755760.137255907058716 12.416244037037050
3.061690861814000 2177535400.144196033477783 12.420738944444457
3.015418455842000 2193464179.471881389617920 12.425177481481494
3.016355958497000 2148388476.189689159393311 12.429659666666680
3.124358473635000 2137501484.670929193496704 12.434093870370384
3.061690861814000 2227523809.915350437164307 12.438598296296311
3.078071681433000 2203630391.161097049713135 12.443083518518533
3.030842591166000 2193385065.227170467376709 12.447529518518532
3.038554658828000 2148483987.496803760528564 12.452020222222236
3.070357216066000 2137514007.180591583251953 12.456440574074088
3.017294159478000 2183230426.550840854644775 12.460930074074088
1.732876215840000 2148599429.869861602783203 12.465412481481495
3.061690861814000 1558950368.805100202560425 12.470556722222236
3.132072939002000 2001889641.260128259658813 12.476064685185198
3.115675335448000 2237119762.481882572174072 12.480549333333347
3.106029637919000 2037837733.788947820663452 12.485128685185199
1.752399905202000 2235411714.129495620727539 12.489565555555568
3.110863172768001 2011638148.425426483154297 12.504580203703716
3.038554658828000 2156807637.114242076873779 12.510761518518530
3.078071681433000 2139869477.180688858032227 12.520529074074085
1.920940301280000 2130517433.255269527435303 12.529424907407419
3.349119348372000 1380460548.132253885269165 12.539677907407420
3.005835133470000 1723921795.083319425582886 12.545738907407420
3.070357216066000 2133191607.667646169662476 12.550175055555568
3.061690861814000 2171942004.036077499389648 12.554671537037050
3.084827064800000 2191890812.706098556518555 12.559108018518533
2.999060571142000 2187089024.752082347869873 12.563539370370384
1.727392979734000 2148669364.419364452362061 12.568028703703717
3.162930800470000 1549699959.726137638092041 12.573178629629643
3.016355958497000 2081202424.541810512542725 12.578726833333347
3.016355958497000 2169174530.564061164855957 12.583244666666680
3.146523606096000 2137968568.482989072799683 12.587663444444457
3.006770238420000 2272328847.537445068359375 12.592193518518531
1.733495054124000 2168572108.932604312896729 12.596719592592605
3.006770238420000 1558888835.307835102081299 12.601865444444456
3.002793484384000 1937490041.110945224761963 12.607324925925939
3.014479905698000 2138045834.359901428222656 12.611759574074087
1.726776081046000 2138493854.524316310882568 12.616187703703718
3.022189572976000 1550363086.709840059280396 12.621357777777792
3.108929542901000 1962840056.442307472229004 12.626830425925940
3.053028242088000 2226822981.442792415618896 12.631350981481495
3.075200559627000 2201924244.996666431427002 12.635823000000013
3.016355958497000 2193410806.142755031585693 12.640261833333346
1.740214027202000 2081177881.965799093246460 12.644898907407420
3.000927027763000 1439106436.060578823089600 12.650065111111124
3.038554658828000 1646885630.372029304504395 12.665519388888901
3.023130523504000 2183318360.096740722656250 12.672785851851865
3.030842591166000 1876083997.990328311920166 12.683401185185199
1.914907327230000 2137153550.927919626235962 12.692260111111125
3.486938345884000 1514169070.728636026382446 12.705392462962976
3.084827064800000 1854082708.803611755371094 12.710929962962977
3.029899240254000 2186079517.655489444732666 12.715426518518532
3.006770238420000 2143584999.835271596908569 12.719923259259273
3.015418455842000 2129947399.417792558670044 12.724325407407422
3.126301699680000 2137297383.500692844390869 12.728749611111125
3.062642750699000 2227519515.141587734222412 12.733271740740754
3.030842591166000 2203555974.443266868591309 12.737761388888902
3.061690861814000 2148745039.264745712280273 12.742246611111124
1.727392979734000 2182973180.739568710327148 12.746741722222236
3.108929542901000 1565428836.124564409255981 12.751918870370384
3.024070423864000 2028571756.185878038406372 12.757442203703716
3.069402929476000 2158768757.116256237030029 12.761947407407421
3.100251200124000 2182919890.253849506378174 12.766442629629642
3.037608907532000 2193224603.144819259643555 12.770883796296308
3.030842591166000 2148791297.174674987792969 12.775373611111123
3.023130523504000 2138323675.071151733398438 12.779804666666678
3.015418455842000 2138421208.103254318237305 12.784218074074085
3.169659809082000 2137515523.851686000823975 12.788652111111121
1.732876215840000 2272086689.956830501556396 12.793194907407418
3.023130523504000 1577465485.531688213348389 12.798410648148160
1.739592790320000 1962460481.680775642395020 12.803886074074086
1.727392979734000 1558110183.831736087799072 12.809029666666678
2.999994320518000 1320732645.866172552108765 12.813646722222234
3.160963583980000 1655540411.759417295455933 12.829095333333346
3.006770238420000 2250350276.212419509887695 12.835099166666678
3.007706388180000 2179183313.957577705383301 12.844051425925938
3.392253602320000 2134049473.554391145706177 12.852910629629642
3.006770238420000 1886946137.025524377822876 12.864241851851865
1.728625629605000 2131474826.356298208236694 12.868681018518531
3.064547592032000 1557970976.937030315399170 12.873826351851864
1.726159641360000 1996487668.967742443084717 12.879336388888902
3.016355958497000 1562425109.328141927719116 12.884511092592605
3.114705580312000 1988600214.448311567306519 12.890970388888901
3.016355958497000 2227611126.817695617675781 12.895490000000011
1.726776081046000 2158683580.326900959014893 12.900006037037048
3.153253916702000 1558201508.399779796600342 12.905154981481493
3.069402929476000 2081807036.866451978683472 12.910703537037049
3.017294159478000 2213236204.013378143310547 12.915221759259271
3.008641493130000 2148033245.310845375061035 12.919716962962974
3.154235673758000 2138651446.859134197235107 12.924137777777789
3.161947741420000 2271701915.743191719055176 12.928678129629640
1.726776081046000 2303648896.820653438568115 12.933108925925936
3.126301699680000 1571023532.463287115097046 12.938320796296306
3.116644008268000 2041632520.542901515960693 12.943853481481492
3.107963267786000 2242813064.697784900665283 12.948292925925937
1.720057107968000 2247765038.811859607696533 12.952723129629641
3.045318574810000 1571628935.757021903991699 12.957910611111123
3.117613402632000 2001740026.233478069305420 12.963416722222235
3.029899240254000 2016452134.277794837951660 12.967926444444457
3.006770238420000 2133352259.286769866943359 12.982236925925939
3.069402929476000 2067361467.705390453338623 12.988129722222235
1.733495054124000 1728715970.399156808853149 12.998880166666678
3.368076803401000 1840147493.820812225341797 13.008567703703715
1.726776081046000 1772015739.904528617858887 13.020194203703715
3.022189572976000 1356059665.519363880157471 13.026602148148159
3.161947741420000 1939676197.569314956665039 13.032072333333344
3.030842591166000 2270671120.633259296417236 13.036601518518529
3.070357216066000 2166481305.834344387054443 13.041135018518530
1.740214027202000 2182463405.897055149078369 13.045632555555567
3.116644008268000 1564740687.355456352233887 13.050797277777789
3.024070423864000 2041640383.287176847457886 13.056320648148160
1.727392979734000 2157682914.095675468444824 13.060825444444456
3.054928285332000 1558775750.208590984344482 13.065974629629642
3.000927027763000 1994320427.578258514404297 13.071469833333346
3.006770238420000 2146770230.243508577346802 13.075965074074087
3.014479905698000 2137437834.981505155563354 13.080380740740754
1.720057107968000 2138821691.876001119613647 13.084809092592605
3.033670538208000 1558677735.457811594009399 13.089953129629643
3.097358131950000 1962179951.116844177246094 13.095408314814829
3.062642750699000 2227745668.591736793518066 13.099910314814830
3.070357216066000 2203190957.012398719787598 13.104399981481496
3.116644008268000 2193656642.443320751190186 13.108823833333348
3.054928285332000 2238535530.917479038238525 13.113303500000015
3.117613402632000 2202942401.647785663604736 13.117798870370386
3.101215077534000 2238409385.950033664703369 13.122275222222237
3.083866911200000 2037149598.209371566772461 13.126817388888904
3.083866911200000 2150071930.485669136047363 13.141855055555570
3.077114997138000 2117365534.535993576049805 13.147762740740756
1.734114353196000 1930741055.090113639831543 13.158419018518535
3.448366019049000 1646470469.882576704025269 13.168193722222238
1.734114353196000 1896097231.754052639007568 13.180390240740756
1.739592790320000 1564657528.060895442962646 13.185557574074089
1.738971553438000 1487206187.601438522338867 13.190155777777793
3.016355958497000 1489627895.384268999099731 13.194762407407422
3.153253916702000 1961213569.697915792465210 13.200219555555570
3.016355958497000 2270336845.713726043701172 13.204757296296311
3.032727889194000 2169830841.548606395721436 13.209295666666682
3.115675335448000 2138205580.152034282684326 13.213729370370386
3.061690861814000 2227524638.681990623474121 13.218234481481497
1.733495054124000 2203535742.746367454528809 13.222719462962978
3.000927027763000 1565478130.242106914520264 13.227897000000015
3.016355958497000 1962467521.361720800399780 13.233354148148162
3.022189572976000 2138389503.317916870117188 13.237774592592606
1.732876215840000 2138545483.503219127655029 13.242192962962976
3.061690861814000 1549158777.439616680145264 13.247340629629642
3.108929542901000 1999263559.322033882141113 13.252847296296309
3.007706388180000 2238485873.192436218261719 13.257342296296310
3.123387403110000 2158882059.105784893035889 13.261857740740755
3.053978794152000 2227942992.367538928985596 13.266373055555571
3.069402929476000 2203720638.356764316558838 13.270855629629645
3.016355958497000 2193366974.543816089630127 13.275294629629645
3.008641493130000 1953221047.872488021850586 13.279964055555570
3.054928285332000 2124084310.185608863830566 13.284415870370385
1.728008960418000 2122615067.456080913543701 13.298725592592607
3.007706388180000 1475209230.146821260452271 13.304859277777792
3.139787404369000 1897490037.176576375961304 13.315992333333348
3.370173568294000 2203489923.877583026885986 13.324932611111127
2.992282252856000 1870590657.288684129714966 13.335643277777793
1.739592790320000 2136025445.271378517150879 13.340079814814830
3.062642750699000 1517977773.146684169769287 13.345233740740756
2.999060571142000 1999432952.256482601165771 13.350731481481496
3.025011024336000 2137895780.451623678207397 13.355225555555570
3.107963267786000 2137883029.192499876022339 13.359652111111126
3.007706388180000 2225289281.132021427154541 13.364169759259275
3.007706388180000 2157871457.514785289764404 13.368685055555570
3.022189572976000 2138137573.902469873428345 13.373101537037051
3.030842591166000 2126191560.020449638366699 13.377556962962977
3.008641493130000 2137610328.403108596801758 13.381989185185200
3.030842591166000 2138446683.599814414978027 13.386414722222236
3.009577294620000 2089316105.495173692703247 13.391044037037052
1.746933000280000 2133754737.053728580474854 13.395465444444460
3.010512747840000 1557306115.400389909744263 13.400612740740756
3.109896537774000 1962601569.737257480621338 13.406070129629645
3.078071681433000 2221295766.801301002502441 13.410590833333350
3.085786146800000 2203144868.900278568267822 13.415085574074091
3.077114997138000 2193468020.516242027282715 13.419526500000016
3.068447576644000 2193325366.911273956298828 13.423967981481498
3.123387403110000 2192634328.514079570770264 13.428401074074090
3.024070423864000 2238528640.367548942565918 13.432883222222237
1.748804138900000 2144790441.357366800308228 13.437399592592607
3.038554658828000 1474012221.683588266372681 13.442824074074089
1.739592790320000 2167579431.899446964263916 13.459371092592608
3.108929542901000 1478542805.696513175964355 13.465480092592609
3.022189572976000 2173029781.501515865325928 13.473563037037053
3.023130523504000 2163836203.752818107604980 13.482500518518535
3.378935830746000 2133046101.309049606323242 13.491350592592608
3.006770238420000 2116977683.238994836807251 13.497514370370386
3.108929542901000 2053121305.580181837081909 13.501963648148163
3.022189572976000 2224849227.911106109619141 13.506469222222236
3.029899240254000 2141925818.396545648574829 13.510985166666680
1.726776081046000 2137684149.335251569747925 13.515413185185199
3.078071681433000 1558100794.953771829605103 13.520556740740755
3.070357216066000 2000729342.480723619461060 13.526047074074087
3.100251200124000 2193246210.716265678405762 13.530490648148161
3.079029078342000 2193232484.700837135314941 13.534929888888902
3.061690861814000 2193318429.880338668823242 13.539368333333346
3.067493290054000 2180675510.382750511169434 13.543810351851866
3.070357216066000 2193249694.385453701019287 13.548248888888903
1.740214027202000 2192488222.142205238342285 13.552671814814829
1.732876215840000 1565218995.073891639709473 13.557840796296311
3.029899240254000 1492846289.468175888061523 13.562441314814830
3.094462808058000 1962741980.455320596694946 13.567914055555571
3.100251200124000 2218535209.881403446197510 13.572429833333349
3.061690861814000 2247790144.626889705657959 13.576857574074090
3.031784889231000 2204127958.112588882446289 13.581342259259275
1.733495054124000 2148541063.279868602752686 13.585834648148163
1.733495054124000 1559212273.142520189285278 13.590983500000014
3.000927027763000 1492761004.367163419723511 13.595588574074089
1.732257377556000 1960709865.839189767837524 13.601067074074090
3.117613402632000 1470061452.853602409362793 13.606245388888905
3.013542403043000 2139642650.484910964965820 13.621626222222238
3.030842591166000 2127563377.845857381820679 13.627622592592608
3.106995913034000 2165037687.151460170745850 13.636598537037052
3.500188944212000 2178591579.937551021575928 13.645536185185200
3.348077969278000 2231629077.821342945098877 13.654458092592607
1.725543201674000 2166184318.650609016418457 13.658911129629644
3.024070423864000 1555399426.627966880798340 13.664111037037051
1.739592790320000 1952435473.778559684753418 13.669586129629643
3.025011024336000 1558674000.129456281661987 13.674735870370384
3.070357216066000 1962639670.932358503341675 13.680205870370385
1.740214027202000 2182281368.789974212646484 13.684702407407421
3.000927027763000 1565673844.588615894317627 13.689871722222236
3.156197726922000 1963004614.905739545822144 13.695345129629644
1.740214027202000 2272324598.574976921081543 13.699885666666681
3.016355958497000 1576864486.778504371643066 13.705096037037052
3.030842591166000 1962740402.249560117721558 13.710558833333348
3.016355958497000 2137093965.873901367187500 13.714990111111126
3.023130523504000 2138443601.112196683883667 13.719425777777792
3.016355958497000 2138327574.500188589096069 13.723844111111125
1.733495054124000 2138596688.592275619506836 13.728275481481496
1.731638539272000 1549032813.790588140487671 13.733454537037051
3.016355958497000 1492362018.805754184722900 13.738063055555569
1.733495054124000 1962840826.023391723632812 13.743535055555569
3.008641493130000 1556671014.388489246368408 13.748683203703717
3.133047132348000 1963041914.585055828094482 13.754148462962975
3.079029078342000 2137887710.430112123489380 13.758661925925939
3.114705580312000 1665303213.545266151428223 13.774739703703716
3.062642750699000 2222042738.165268421173096 13.780721000000012
3.013542403043000 2201884175.616247653961182 13.789627203703716
3.388756657184000 2132994152.996589422225952 13.798520648148161
3.178359731204000 2120101768.410802364349365 13.807420666666680
1.740214027202000 2271809682.232931613922119 13.811962777777790
3.062642750699000 1520882722.115592718124390 13.817182574074087
3.101215077534000 1995271859.162623405456543 13.822674592592605
3.016355958497000 2228535057.083079338073730 13.827170962962976
3.007706388180000 2158678741.799611091613770 13.831681814814827
3.102179672916000 2137906726.980884313583374 13.836123574074087
3.062642750699000 2226525816.657763957977295 13.840630425925939
3.060737909366000 2203856298.155932426452637 13.845115277777790
3.055878483768000 2193418011.586790561676025 13.849561592592604
1.733495054124000 2193216983.806681156158447 13.854003296296307
3.000927027763000 1565620641.921256780624390 13.859180462962973
3.108929542901000 1961925753.621032476425171 13.864657722222232
3.125330267490000 2228001623.196959972381592 13.869175555555564
3.147501869736000 2246396169.973089694976807 13.873614166666675
3.015418455842000 2293137600.436013698577881 13.878099240740749
3.032727889194000 2169264182.543054103851318 13.882632722222230
3.107963267786000 2138082513.732069015502930 13.887059370370379
3.062642750699000 2232177331.570576190948486 13.892578222222230
3.069402929476000 2192076794.520997047424316 13.897099185185192
1.720057107968000 2192349074.704979896545410 13.901529203703712
1.733495054124000 1556947061.099329471588135 13.906698685185193
1.914223726800000 1492488589.945643424987793 13.911304759259266
3.025951274752000 1490514190.679344892501831 13.915914592592600
1.739592790320000 2175453786.055093288421631 13.931330814814823
3.106995913034000 1480561857.872172832489014 13.937442944444452
3.062642750699000 2144145646.294797182083130 13.945495685185193
1.733495054124000 2155546613.058371067047119 13.954486370370379
3.494652811251000 1646857687.964653968811035 13.964260666666675
3.036664211762000 2202348845.162908554077148 13.971570500000009
3.023130523504000 2143649932.368733882904053 13.976088462962972
3.015418455842000 2066221432.568083286285400 13.980523388888898
3.025011024336000 2131379776.987030744552612 13.984962592592602
3.106995913034000 2130996486.337611913681030 13.989400296296306
3.014479905698000 2227840702.224010467529297 13.993910833333343
1.727392979734000 2156229735.737219333648682 13.998409722222233
3.154235673758000 1558907671.291969299316406 14.003561203703715
3.015418455842000 2074961856.240705728530884 14.009115240740751
1.739592790320000 2169689390.320091247558594 14.013650407407418
3.000927027763000 1558579276.247035980224609 14.018789259259270
3.008641493130000 1963548736.645579814910889 14.024254574074085
3.008641493130000 2137572743.829680204391479 14.028677629629641
3.015418455842000 2127985255.163626670837402 14.033096000000011
3.006770238420000 2138441633.429567813873291 14.037534740740751
3.107963267786000 2138118671.533700227737427 14.041968703703715
3.029899240254000 2227875610.478022575378418 14.046473370370382
3.001860429762000 2158995387.998949527740479 14.050986555555568
3.079986118944000 2138406176.168571233749390 14.055422962962975
1.740214027202000 2183224127.062603950500488 14.059917685185198
3.023130523504000 1564926410.184727191925049 14.065084462962975
3.031784889231000 1962140882.293148994445801 14.070550018518531
3.264233834934000 2128373007.057251453399658 14.074984648148162
3.117613402632000 2135050996.045816898345947 14.079429074074087
3.030842591166000 2155149956.935682773590088 14.093748740740754
3.023130523504000 2118663485.707245111465454 14.099760592592606
3.062642750699000 2133109168.322452306747437 14.108568092592606
3.501278718548000 2187916836.112240791320801 14.117493351851865
1.740835726658000 2212236833.950992107391357 14.126457907407421
1.746309364800000 1527059453.840594768524170 14.131659888888903
1.740214027202000 1491094541.992552280426025 14.136269833333348
3.062642750699000 1480203976.640153169631958 14.140877296296310
3.040444754052000 2000983877.209690332412720 14.146380203703718
3.016355958497000 2148570276.312037944793701 14.150861851851866
1.748180271240000 2138302078.626299142837524 14.155287851851867
3.069402929476000 1557819466.858789682388306 14.160428592592607
3.016355958497000 2002039352.202209711074829 14.165934425925942
1.748804138900000 2148232240.842355251312256 14.170429759259275
3.115675335448000 1558610909.195696115493774 14.175570851851868
3.018232011296000 2041188315.211930036544800 14.181099407407423
3.062642750699000 2159053869.190668106079102 14.185607240740756
3.084827064800000 2183315819.045651435852051 14.190089648148163
1.735351799370000 2193224583.270761489868164 14.194528981481497
3.107963267786000 1565482857.061087846755981 14.199705500000016
3.133047132348000 2041213053.609931707382202 14.205236537037054
3.067493290054000 2248547104.396911144256592 14.209675259259276
3.029899240254000 2203552428.810720443725586 14.214152759259276
3.017294159478000 2148679127.289505481719971 14.218647907407425
3.040444754052000 2138496794.925438165664673 14.223073759259277
3.037608907532000 2135869710.928968667984009 14.227499814814832
1.746933000280000 2135656037.838516473770142 14.231924074074092
3.022189572976000 1925149200.945579528808594 14.246894314814833
3.015418455842000 1830924026.635643482208252 14.254327962962980
1.740214027202000 2132921219.529552698135376 14.263175333333351
3.371221365379000 1632542743.777346372604370 14.272897129629646
3.069402929476000 2111931681.646977424621582 14.282912333333350
1.727392979734000 2168882421.084310054779053 14.287404351851869
1.734114353196000 1492653363.214274168014526 14.292585407407424
3.060737909366000 1485877115.114543199539185 14.297187425925943
3.000927027763000 2001849572.983326673507690 14.302688555555573
3.025011024336000 2148650543.235600471496582 14.307167888888907
1.734114353196000 2138304793.861447572708130 14.311594074074092
1.726776081046000 1557648882.900927305221558 14.316734703703721
3.063595348626000 1492875013.578920841217041 14.321337425925943
3.006770238420000 2001493047.617766857147217 14.326845796296313
