1.914223726800000 1475160461.141028404235840 0.001440870370370
3.030842591166000 1331149126.175111770629883 0.010411648148148
3.161947741420000 1689522534.803278446197510 0.016932425925926
3.154235673758000 2266044763.662825584411621 0.021436740740741
3.016355958497000 2289859250.322419643402100 0.025888037037037
2.999994320518000 2166452870.391535758972168 0.030424777777778
3.008641493130000 2138135691.512063026428223 0.034850666666667
1.726159641360000 2137002731.954665184020996 0.039277018518519
3.070357216066000 1558293247.523539304733276 0.044416148148148
3.107963267786000 2130016059.878091096878052 0.049681166666667
3.046266726490000 2238235291.688689231872559 0.054165907407407
3.078071681433000 2159263191.699604988098145 0.058663685185185
3.076157243922000 2182461733.148117065429688 0.063156259259259
3.093500612167000 2193312207.346005916595459 0.067597574074074
3.138811538434000 2193448009.873495578765869 0.072038944444444
3.124358473635000 2238331176.643253326416016 0.076518259259259
1.740214027202000 2248674087.842776775360107 0.080951685185185
1.728008960418000 1571604982.320682287216187 0.086141888888889
3.076157243922000 1492929007.750315904617310 0.090743851851852
1.740214027202000 2002245060.645743370056152 0.096244833333333
3.107963267786000 1565277606.192805767059326 0.101419296296296
3.023130523504000 2041847153.054726839065552 0.106945037037037
3.069402929476000 2158847577.179226398468018 0.111460740740741
1.740835726658000 2109767832.301627397537231 0.116106648148148
3.009577294620000 1433898888.551906347274780 0.121296740740741
3.016355958497000 1654175902.797346353530884 0.136806148148148
3.016355958497000 2125156394.841188907623291 0.142723388888889
3.062642750699000 2150266430.016507625579834 0.151675500000000
3.431870109590000 2171389707.117656707763672 0.160604000000000
3.070357216066000 1966669852.240313768386841 0.170978703703704
3.014479905698000 2113432401.982875347137451 0.175416703703704
3.015418455842000 2139312216.858215332031250 0.179900944444444
3.116644008268000 2132226444.348529338836670 0.184320148148148
3.112767873900000 2226826563.364692687988281 0.188837648148148
3.014479905698000 2247781588.801823616027832 0.193273555555556
3.015418455842000 2157931367.727339744567871 0.197792000000000
3.024070423864000 2120912174.586884975433350 0.202213018518519
1.738971553438000 2138255366.237032651901245 0.206631074074074
3.052078750908000 1558440925.489857196807861 0.211774296296296
3.053978794152000 2001931665.575673341751099 0.217262555555556
3.146523606096000 2184978133.757162570953369 0.221690148148148
3.014479905698000 2283038112.120540618896484 0.226203148148148
3.023130523504000 2169745288.786223888397217 0.230716611111111
3.016355958497000 2138564014.317755699157715 0.235150370370370
1.726776081046000 2138466195.297464847564697 0.239576666666667
3.061690861814000 1559304847.649913072586060 0.244725018518518
3.045318574810000 2001642335.840105056762695 0.250228629629630
3.016355958497000 2193474138.760685443878174 0.254654314814815
3.108929542901000 2148979473.521214008331299 0.259139037037037
3.014479905698000 2227866466.622821331024170 0.263644222222222
3.008641493130000 2158464248.220202922821045 0.268159925925926
1.733495054124000 2138279563.886059999465942 0.273596833333333
3.031784889231000 1499239949.153272867202759 0.278753944444444
3.046266726490000 1656916626.516420841217041 0.294205166666667
3.023130523504000 2109420573.775824069976807 0.300183111111111
3.108929542901000 1727485941.483153343200684 0.310956203703704
3.440651553682000 2178530155.847709655761719 0.319889425925926
3.122415247590000 2166025545.502927303314209 0.328866870370370
3.177371876744000 2236640495.782633304595947 0.333361074074074
3.131099470772000 2239310901.527943611145020 0.337857555555555
1.733495054124000 2250783463.917525768280029 0.342348296296296
3.154235673758000 1571305038.370278596878052 0.347546185185185
3.009577294620000 2081523187.983815193176270 0.353079462962963
3.139787404369000 2168745243.107359886169434 0.357609925925926
3.021249672616000 2272516518.091242790222168 0.362130222222222
3.016355958497000 2169481141.792142868041992 0.366661111111111
3.015418455842000 2122053259.527995109558105 0.371117277777778
3.093500612167000 2138124062.081146240234375 0.375552333333333
3.101215077534000 2228092802.323339939117432 0.380066907407407
3.115675335448000 2242414938.105343818664551 0.384508444444444
3.014479905698000 2248252672.157000064849854 0.388947222222222
3.124358473635000 2154741346.593177795410156 0.393446092592593
3.107963267786000 2227802451.428360939025879 0.397965000000000
3.070357216066000 2248661679.803203105926514 0.402391444444444
3.077114997138000 2203892706.305473804473877 0.406881370370370
3.029899240254000 2193726569.842483043670654 0.411314759259259
3.029899240254000 2149011026.741498947143555 0.415802166666667
3.124358473635000 2138518967.981345415115356 0.420233611111111
3.078071681433000 2225966798.243995666503906 0.424751444444444
3.077114997138000 2204051172.971569061279297 0.429243833333333
1.747557100120000 2192944826.575680732727051 0.433667259259259
1.747557100120000 1562558629.398948907852173 0.438843685185185
3.016355958497000 1933262801.526425838470459 0.454843296296296
3.014479905698000 2105763477.846877336502075 0.461066814814815
1.739592790320000 2096746668.755660295486450 0.470759000000000
3.432937088315000 1678396613.950407505035400 0.482165277777778
3.061690861814000 1932108451.237538814544678 0.492337796296296
2.993212562396000 2128603538.224867820739746 0.496767722222222
3.068447576644000 2148716996.066985130310059 0.501259611111111
3.023130523504000 2176242863.667973995208740 0.505759925925926
3.006770238420000 2148675576.344804763793945 0.510249425925926
3.008641493130000 2138323414.183394908905029 0.514678444444444
1.726159641360000 2138555008.760825157165527 0.519096259259259
3.007706388180000 1558503859.542909145355225 0.524235037037037
1.746933000280000 1962190338.128253698348999 0.529702500000000
1.727392979734000 1558475736.509182214736938 0.534846259259259
1.726159641360000 1492999682.300945520401001 0.539451129629630
2.991350903864000 1492880099.842988729476929 0.544050944444444
3.008641493130000 1961355372.572663545608521 0.549518185185185
3.000927027763000 2138841700.550207614898682 0.553954222222222
1.733495054124000 2138891097.709694147109985 0.558388370370370
3.069402929476000 1558592340.309221744537354 0.563537500000000
3.014479905698000 2002088886.197813987731934 0.569042666666667
3.007706388180000 2148207955.644062042236328 0.573524925925926
3.024070423864000 2139000790.751967430114746 0.577951092592593
1.734114353196000 2138742095.727894306182861 0.582387277777778
1.720057107968000 1558924595.623215913772583 0.587525500000000
3.152273255357000 1492853392.019440412521362 0.592128351851852
3.155216335103000 2078074639.746317386627197 0.597664574074074
3.032727889194000 2297634336.949848651885986 0.611932111111111
1.733495054124000 2126783321.295627593994141 0.617931777777778
3.115675335448000 1633501949.458483695983887 0.627678074074074
3.115675335448000 2208041766.891816139221191 0.637624814814815
3.425222622948000 2200660122.834626674652100 0.646697537037037
3.046266726490000 2146783076.637595176696777 0.651188370370370
3.061690861814000 2192119649.768892288208008 0.655623537037037
3.016355958497000 2192847771.018000125885010 0.660046333333333
3.015418455842000 2142847271.166717767715454 0.664534074074074
3.008641493130000 2138602931.787739515304565 0.668972018518519
1.740214027202000 2136619207.718169927597046 0.673406000000000
1.735351799370000 1558240741.207523107528687 0.678548759259259
3.001860429762000 1492888649.387730598449707 0.683153666666667
3.062642750699000 1962229228.245247602462769 0.688616925925926
3.070357216066000 2183260594.180099010467529 0.693113629629630
3.007706388180000 2192680939.952135086059570 0.697555148148148
3.060737909366000 2149220862.270792484283447 0.702032129629629
3.059786020481000 2183505542.287737846374512 0.706529537037037
1.740835726658000 2193569781.484932899475098 0.710960962962963
1.739592790320000 1565480401.485180377960205 0.716138037037037
3.001860429762000 1492967020.668443202972412 0.720738000000000
3.015418455842000 1962873916.047910690307617 0.726204962962963
3.023130523504000 2129470767.900998353958130 0.730661314814815
3.017294159478000 2138431869.074775457382202 0.735085666666667
3.085786146800000 2138685570.168444395065308 0.739498592592593
3.014479905698000 2183396484.302414417266846 0.743983240740741
3.016355958497000 2149037639.198218345642090 0.748473240740741
3.007706388180000 2058963905.377276897430420 0.752912703703704
3.068447576644000 1653201511.885796308517456 0.768919203703704
3.124358473635000 2226002589.413795948028564 0.775012388888889
3.062642750699000 2224246187.223484039306641 0.783923703703704
3.083866911200000 2130568046.532054662704468 0.792905166666667
3.456080484416000 1738426603.218767642974854 0.803793851851852
3.109896537774000 2120072943.998800516128540 0.808240185185185
3.107963267786000 2236967291.652875900268555 0.812716333333333
3.048161618910000 2248155167.219041824340820 0.817141666666667
3.032727889194000 2152756438.032399654388428 0.821654777777778
3.015418455842000 2138290290.148307323455811 0.826093759259259
3.029899240254000 2138705118.136550426483154 0.830526796296296
3.083866911200000 2138586899.468423128128052 0.834958055555555
3.078071681433000 2183179129.515010833740234 0.839440018518518
3.022189572976000 2193628350.852487087249756 0.843858462962963
3.047213819965000 2148689249.516376972198486 0.848338537037037
1.732876215840000 2138579879.628855466842651 0.852769277777778
3.013542403043000 1558281298.489032268524170 0.857913148148148
3.023130523504000 1963073600.418033838272095 0.863370796296296
1.734114353196000 2138455665.220097064971924 0.867804444444444
1.740214027202000 1558817576.909782171249390 0.872947555555555
3.123387403110000 1492184417.780641078948975 0.877546814814815
1.740214027202000 2042053350.578506231307983 0.883073500000000
3.070357216066000 1572008884.353547334671021 0.888263648148148
3.070357216066000 2001499872.184699773788452 0.893769277777778
3.163914591780000 2193502456.017241954803467 0.898202833333333
3.015418455842000 2283152344.038693904876709 0.902713092592592
3.093500612167000 2169370781.006714344024658 0.907244518518518
3.028956942189000 2179443350.118483543395996 0.911745851851852
1.726776081046000 2178072029.696249485015869 0.926068648148148
3.168673251258000 1736768667.531080961227417 0.932866944444444
3.024070423864000 1982903849.555988788604736 0.943020592592592
1.915591436670000 2182551868.344146728515625 0.951974351851852
2.999060571142000 1653328200.645508527755737 0.961889018518518
2.992282252856000 1961452638.574766159057617 0.967350370370370
1.739592790320000 2085626374.453669071197510 0.971778055555555
2.991350903864000 1558884993.971675872802734 0.976923518518518
1.720671606272000 1961927251.309963941574097 0.982394407407407
3.008641493130000 1558439575.956457376480103 0.987535388888889
2.999060571142000 1963377171.719907283782959 0.993005537037037
3.107963267786000 2138735796.952275991439819 0.997431425925926
3.155216335103000 2225880775.623268604278564 1.001943925925926
3.062642750699000 2293510041.815148353576660 1.006439018518518
3.038554658828000 2213795788.702661991119385 1.010939259259259
3.016355958497000 2148589906.847686290740967 1.015424148148148
2.999060571142000 2138388277.776618242263794 1.019860166666666
3.107963267786000 2138500427.243026018142700 1.024281277777778
3.008641493130000 2227872565.384473323822021 1.028796592592592
3.008641493130000 2158996848.860805511474609 1.033286444444444
3.106995913034000 2137963130.751677989959717 1.037717518518518
3.107963267786000 2227218322.754407405853271 1.042228000000000
3.123387403110000 2248784771.802228450775146 1.046668592592592
2.999994320518000 2248806871.577681541442871 1.051102314814815
2.999994320518000 2159366677.781482696533203 1.055600814814815
3.154235673758000 2138548235.470916748046875 1.060037000000000
3.147501869736000 2272966721.110657691955566 1.064572185185185
1.726776081046000 2302259141.892173767089844 1.069013481481481
3.016355958497000 1574062724.198739051818848 1.074232685185185
1.720057107968000 1656396244.592764854431152 1.089686944444444
3.076157243922000 1511951288.307970046997070 1.096646259259259
1.741456500966000 2219024033.314599990844727 1.106696351851852
3.384543935042000 1878122935.786871194839478 1.116329203703704
3.054928285332000 1911667112.848572254180908 1.126428611111111
3.092539132462000 2117064922.249541521072388 1.130932574074074
3.038554658828000 2192366706.573837280273438 1.135371888888889
3.014479905698000 2142724229.619705438613892 1.139864018518518
3.160963583980000 2137690894.230567693710327 1.144282259259259
3.028956942189000 2272335964.282216548919678 1.148819888888889
3.014479905698000 2169308343.380264759063721 1.153351092592592
3.023130523504000 2137244850.030195236206055 1.157766796296296
3.014479905698000 2135130923.822119474411011 1.162205481481482
3.023130523504000 2137366432.933725357055664 1.166626481481482
1.734114353196000 2138262708.987346410751343 1.171044833333333
3.110863172768001 1554823817.121617555618286 1.176186481481482
3.029899240254000 2041112585.321218252182007 1.181691277777778
2.993212562396000 2159279672.074644565582275 1.186204500000000
2.999060571142000 2138719198.497182130813599 1.190640611111111
1.726776081046000 2138541432.543227672576904 1.195076648148148
3.000927027763000 1558969111.094328165054321 1.200225925925926
3.030842591166000 1962441435.648925304412842 1.205698222222222
3.069402929476000 2138973992.732399463653564 1.210111518518519
3.063595348626000 2183467111.538731575012207 1.214596092592592
1.740214027202000 2186732775.627418994903564 1.219045537037037
1.725543201674000 1564371222.516399621963501 1.224214444444444
3.014479905698000 1480107577.576894044876099 1.228825759259259
3.024070423864000 1865506878.392447471618652 1.234322037037037
1.726159641360000 2109934705.763271331787109 1.248592481481481
3.070357216066000 1481201801.287847995758057 1.254695111111111
3.060737909366000 2120751204.946963787078857 1.262732962962963
3.024070423864000 2170344610.789559364318848 1.271710777777778
3.370173568294000 2154854088.219472885131836 1.281625444444444
3.356836213230000 2137000389.249632596969604 1.287905333333333
3.123387403110000 2082252435.285037755966187 1.292344314814815
3.014479905698000 2226666751.277348518371582 1.296867574074074
3.109896537774000 2152011889.377099990844727 1.301381407407407
1.734114353196000 2226934766.189412593841553 1.305892814814815
3.016355958497000 1571951121.034647464752197 1.311084777777778
3.007706388180000 1962637121.232635498046875 1.316555740740741
3.069402929476000 2138290840.091146469116211 1.320976777777778
3.013542403043000 2182278409.515041351318359 1.325442222222222
3.017294159478000 2148866133.903381824493408 1.329912277777778
3.023130523504000 2138850741.474606513977051 1.334351629629630
1.740835726658000 2138162902.333997964859009 1.338772592592593
3.007706388180000 1558763271.389382839202881 1.343916629629630
1.726776081046000 1962807646.429117679595947 1.349365796296296
3.108929542901000 1558194380.529539585113525 1.354508629629630
3.007706388180000 2001835644.446244001388550 1.359997407407407
3.115675335448000 2149164080.565563678741455 1.364474092592593
1.739592790320000 2227996423.679181098937988 1.368989388888889
3.170645265837000 1571246482.464931488037109 1.374181629629630
3.015418455842000 2081820190.821989774703979 1.379730722222222
3.022189572976000 2169775299.611403465270996 1.384267462962963
3.347037365308000 2138396932.471774578094482 1.388701000000000
3.075200559627000 2135451649.078173160552979 1.393126592592593
3.038554658828000 2148056939.814910411834717 1.407438000000000
3.070357216066000 2127521266.318983793258667 1.413399870370370
3.124358473635000 2167538023.294895648956299 1.422325685185185
3.371221365379000 2133870205.046508073806763 1.431334481481481
3.069402929476000 1717664907.355418443679810 1.442218370370370
3.131099470772000 2163694121.045789718627930 1.446705500000000
3.013542403043000 2207085307.529752254486084 1.451201000000000
3.015418455842000 2152120070.016930103302002 1.455718425925926
3.024070423864000 2138321268.329364538192749 1.460151203703704
3.029899240254000 2138010547.738546609878540 1.464582555555556
1.725543201674000 2138244185.900887966156006 1.469018611111111
1.740214027202000 1551283427.981414556503296 1.474183944444444
3.021249672616000 1492831305.271886348724365 1.478784518518518
3.075200559627000 1954133460.993243694305420 1.484258166666667
3.022189572976000 2182894290.307952404022217 1.488750203703703
3.085786146800000 2142881682.647695541381836 1.493240481481481
3.092539132462000 2182202065.795759677886963 1.497737000000000
3.068447576644000 2193793418.876246452331543 1.502170555555555
3.028956942189000 2193652480.643103599548340 1.506611981481481
3.041389801664000 2148953426.894700050354004 1.511102333333333
3.076157243922000 2138625014.088740348815918 1.515538500000000
1.747557100120000 2183306622.180194854736328 1.520023148148148
3.040444754052000 1565380637.523095369338989 1.525184907407407
3.030842591166000 1962324965.821568489074707 1.530657277777777
3.037608907532000 2138414992.097538948059082 1.535086277777777
3.133047132348000 2137255380.753138065338135 1.539512203703703
3.123387403110000 2228021426.870231628417969 1.544021944444444
3.030842591166000 2129109898.629497289657593 1.548464759259259
3.036664211762000 2173415833.869710922241211 1.563224259259259
3.131099470772000 2129795327.340171098709106 1.569130166666666
3.016355958497000 2240156119.077519893646240 1.578081074074074
3.386650296113000 2132963402.863257169723511 1.587002537037037
3.015418455842000 1855481587.362863779067993 1.597651925925926
3.023130523504000 2104042531.535740375518799 1.602091333333333
3.031784889231000 2118605530.323270082473755 1.606527481481481
3.121444177065000 2138433509.838639497756958 1.610962000000000
3.022189572976000 2227642632.354208469390869 1.615475351851852
3.015418455842000 2159311583.550542831420898 1.619972629629630
1.739592790320000 2138317536.912443161010742 1.624401277777778
3.023130523504000 1557771872.974724769592285 1.629544611111111
1.739592790320000 1963459184.157557010650635 1.635009537037037
3.015418455842000 1558747588.858528375625610 1.640153481481481
3.023130523504000 1962166078.995234012603760 1.645620759259259
3.078071681433000 2138761697.006168365478516 1.650052092592592
3.016355958497000 2183067606.528437137603760 1.654541851851852
3.030842591166000 2148902144.178520202636719 1.659016500000000
1.732257377556000 2136789681.396193742752075 1.663450777777777
3.114705580312000 1559276200.343186616897583 1.668598611111111
1.726159641360000 2041005657.850686311721802 1.674130092592592
1.739592790320000 1571481135.675488710403442 1.679322629629629
3.015418455842000 1492864142.001359701156616 1.683925611111111
1.740214027202000 1962960905.970336437225342 1.689390592592592
3.099286245756000 1559003536.543685197830200 1.694537907407407
3.062642750699000 1963094836.131852388381958 1.700011481481481
3.114705580312000 2186641978.471518993377686 1.704493055555555
3.024070423864000 2284154277.331686019897461 1.718884166666666
3.023130523504000 2127576307.215327262878418 1.724869111111111
3.023130523504000 2132943997.925849199295044 1.733725925925925
3.377885635956000 1865259771.563607692718506 1.744305092592592
1.822141744254000 1854161260.851290225982666 1.754966907407407
3.062642750699000 1524735083.772380590438843 1.760119759259259
3.023130523504000 2000574356.417632818222046 1.765617055555555
3.021249672616000 2142391812.986155509948730 1.770104740740740
3.038554658828000 2138306504.656942605972290 1.774530629629629
3.023130523504000 2138686028.139342308044434 1.778960962962962
3.031784889231000 2138526282.667159080505371 1.783374870370370
3.020309422200000 2137341589.534533977508545 1.787808499999999
1.740214027202000 2138270063.119927883148193 1.792244499999999
3.123387403110000 1558484084.092733860015869 1.797387851851851
1.726776081046000 2041496657.362013339996338 1.802914092592592
3.109896537774000 1571398709.686622858047485 1.808106629629629
3.059786020481000 2040723586.493213176727295 1.813619907407407
2.998127863897000 2203874218.310558319091797 1.818097388888888
3.008641493130000 2149243925.075588703155518 1.822586851851851
3.007706388180000 2138660299.313113689422607 1.827005611111110
3.039499354598000 2138632631.337271213531494 1.831441814814814
3.069402929476000 2126988211.152466058731079 1.835899888888888
2.994143564904000 2182625973.682688713073730 1.840383629629629
1.741456500966000 2148949518.863916397094727 1.844873388888888
3.072266855488000 1558385183.744895935058594 1.850016388888888
3.069402929476000 2002072819.004708051681519 1.855507425925925
3.016355958497000 2126863506.227620124816895 1.860048129629629
3.066538648050000 2133386453.183426618576050 1.864475574074073
3.038554658828000 2146877880.720704078674316 1.878794907407407
1.720671606272000 2147589017.642242431640625 1.884765425925925
3.054928285332000 1633369781.523855924606323 1.894502907407407
3.362461500632000 1884739060.400550127029419 1.906148925925925
3.007706388180000 2135777814.994696617126465 1.915105425925925
1.725543201674000 2132216714.871103525161743 1.919529740740740
3.008641493130000 1549077811.373122930526733 1.924680611111111
1.734114353196000 1958265495.951691150665283 1.930151574074074
3.106995913034000 1558603530.780004978179932 1.935294703703703
3.098322368346000 2041835215.354612827301025 1.940821333333333
3.053028242088000 2248532402.766639709472656 1.945255111111111
3.006770238420000 2202681997.665582180023193 1.949729222222222
2.999060571142000 2149127092.789642333984375 1.954208888888889
3.062642750699000 2138820964.395733356475830 1.958627314814815
3.046266726490000 2183064885.196761131286621 1.963112444444444
1.727392979734000 2193327273.866460323333740 1.967545870370370
3.007706388180000 1565358993.502997159957886 1.972704944444444
3.000927027763000 1962442648.449174880981445 1.978169777777778
3.007706388180000 2138625935.005867958068848 1.982603796296296
2.999060571142000 2138510958.595296144485474 1.987039685185185
3.006770238420000 2138587791.058287143707275 1.991458425925926
2.991350903864000 2138538647.241757869720459 1.995876833333333
3.000927027763000 2138453607.300598621368408 2.000312796296296
3.009577294620000 2138729083.998162269592285 2.004746314814815
3.014479905698000 2138690721.908559560775757 2.009167722222222
2.999994320518000 2137828433.302891254425049 2.013588203703704
3.108929542901000 2136961534.771382093429565 2.018027518518518
1.742077969135000 2105765992.434783697128296 2.022565833333333
3.014479905698000 1934805701.458538293838501 2.037638000000000
3.030842591166000 2083987186.929209232330322 2.043731314814815
3.024070423864000 2237615803.952297210693359 2.053633666666667
3.486938345884000 2132578012.017943382263184 2.062484629629630
3.083866911200000 2197044552.283403873443604 2.072276703703704
1.745685729320000 2202876361.132528305053711 2.076768129629630
3.068447576644000 1549728485.776429414749146 2.081944722222222
3.078071681433000 2001490357.736093521118164 2.087429833333333
3.023130523504000 2187147227.054832935333252 2.091868555555556
3.078071681433000 2148054548.150833129882812 2.096364074074074
3.070357216066000 2182692463.752546310424805 2.100845870370371
1.726159641360000 2193350783.463910579681396 2.105289574074074
3.061690861814000 1564987653.701200246810913 2.110453814814815
3.016355958497000 2002002536.064928531646729 2.115959574074074
3.016355958497000 2148686698.536175251007080 2.120449333333334
3.024070423864000 2138488230.407089233398438 2.124862777777778
3.025011024336000 2138109717.436250925064087 2.129296388888889
3.016355958497000 2137529792.865074396133423 2.133732574074074
1.733495054124000 2138889453.239212989807129 2.138166092592593
3.016355958497000 1558910823.071937799453735 2.143309425925926
3.024070423864000 1962361913.749558687210083 2.148764685185185
3.170645265837000 2138640609.467801570892334 2.153198425925926
3.023130523504000 2266556259.503294467926025 2.157729018518519
3.077114997138000 2169972115.443534374237061 2.162262259259260
3.069402929476000 2183510484.093596935272217 2.166756722222222
3.031784889231000 2193746074.645535945892334 2.171183074074074
1.860491130960000 2148911404.308321475982666 2.175673092592592
3.030842591166000 1557356965.245637893676758 2.180826722222222
3.063595348626000 2117884163.571114778518677 2.196116481481481
3.015418455842000 2181002080.637071132659912 2.202097555555556
3.014479905698000 2119348054.081636905670166 2.211025074074074
3.448366019049000 1720852165.660289287567139 2.221795888888889
3.078071681433000 2141358963.213194608688354 2.230742333333333
3.084827064800000 2171912439.593400955200195 2.235187518518518
1.726776081046000 2193042986.472554683685303 2.239624314814814
3.007706388180000 1565387618.300765991210938 2.244795925925926
3.023130523504000 1943141125.839913845062256 2.250269370370370
3.014479905698000 2137914777.969349384307861 2.254705277777778
3.020309422200000 2138421212.411854743957520 2.259146074074074
3.071312213484000 2138501934.191390514373779 2.263564611111111
3.114705580312000 2138320386.810399293899536 2.268003574074074
3.015418455842000 2226795330.885968208312988 2.272523425925926
3.021249672616000 2155017603.584632396697998 2.278028407407407
3.014479905698000 2135984893.308994770050049 2.282441462962963
3.030842591166000 2138288296.872061491012573 2.286872851851852
3.030842591166000 2138524816.421895742416382 2.291311370370371
3.008641493130000 2138448680.584882736206055 2.295740240740741
1.734114353196000 2137982491.897490501403809 2.300174166666667
3.078071681433000 1559128179.870288610458374 2.305325203703704
3.013542403043000 2002179435.361639261245728 2.310823314814815
3.023130523504000 2148843791.103794574737549 2.315300462962963
1.734114353196000 2138564351.956571102142334 2.319721462962963
3.016355958497000 1559136527.062481641769409 2.324866962962963
1.740214027202000 1962625342.058298587799072 2.330314648148148
1.720057107968000 1557806339.294706821441650 2.335463018518519
3.114705580312000 1488469274.817087173461914 2.351067000000000
3.106995913034000 2121697874.848071813583374 2.360117333333333
3.024070423864000 2240352038.802098274230957 2.368982833333333
3.515608278768000 2135273763.264086008071899 2.377904166666667
1.738971553438000 2224391920.136894702911377 2.384159314814815
3.116644008268000 1570305524.347574949264526 2.389351481481482
3.023130523504000 2014440887.417529106140137 2.394878129629630
3.015418455842000 2151099335.135890483856201 2.399384759259259
1.732876215840000 2137893915.548226833343506 2.403820777777778
3.000927027763000 1556968231.522361040115356 2.408967388888889
3.004899680250000 1962216529.973588228225708 2.414429296296296
2.999994320518000 2138433496.549910545349121 2.418865574074074
3.016355958497000 2138554598.457777023315430 2.423296407407407
3.100251200124000 2138343588.605129480361938 2.427717500000000
3.021249672616000 2228110168.552468299865723 2.432229777777777
1.734114353196000 2159291417.896629810333252 2.436730314814815
3.079986118944000 1555470824.002214431762695 2.441882000000000
3.101215077534000 2002392539.348539590835571 2.447382462962963
3.021249672616000 2238219147.813468933105469 2.451874611111111
3.016355958497000 2159158573.577646732330322 2.456380055555555
3.015418455842000 2138428537.437541246414185 2.460816333333333
3.015418455842000 2138635154.269293546676636 2.465250018518518
3.082907829200000 2137999137.497906684875488 2.469672981481482
3.161947741420000 2183775930.122368335723877 2.474167611111111
3.024070423864000 2283153517.913705348968506 2.478681018518519
3.116644008268000 2169585954.483487129211426 2.483204407407408
3.083866911200000 2227873691.890850543975830 2.487722166666667
3.062642750699000 2200834633.462521553039551 2.492213648148148
3.024070423864000 2190129587.461339473724365 2.506470000000000
1.727392979734000 2139549956.882913827896118 2.512439962962963
3.030842591166000 1632848520.791040182113647 2.522182407407408
1.726776081046000 1918981867.265428543090820 2.532211333333334
3.556368534186999 1694844906.734216451644897 2.539024796296296
3.067493290054000 1912034559.869892120361328 2.546403296296297
3.016355958497000 2178565316.340464591979980 2.550919351851852
3.022189572976000 2148488831.331661701202393 2.555409425925926
3.024070423864000 2137200794.112843036651611 2.559830851851852
3.029899240254000 2138216886.484049081802368 2.564266351851852
3.023130523504000 2133125069.105895519256592 2.568687907407408
3.023130523504000 2138284406.433580636978149 2.573113759259260
1.740835726658000 2127562154.644213199615479 2.577547592592593
3.024070423864000 1559265233.953856229782104 2.582700555555556
3.023130523504000 1962569919.069331407546997 2.588151037037037
3.084827064800000 2138494450.656741857528687 2.592589333333334
3.029899240254000 2183340647.931078433990479 2.597083981481482
3.020309422200000 2147973573.514128684997559 2.601574425925926
1.746309364800000 2138910702.833213806152344 2.605992259259259
3.024070423864000 1559269639.708825111389160 2.611128537037037
3.023130523504000 1962849566.865186691284180 2.616601129629630
3.110863172768001 2138593681.694131851196289 2.621032111111111
3.037608907532000 2227169630.340146064758301 2.625549777777778
3.108929542901000 2159386444.152862071990967 2.630066074074074
3.045318574810000 2183508840.313974380493164 2.634560425925926
3.024070423864000 2133286413.617751836776733 2.639046944444444
3.032727889194000 2138076140.161994934082031 2.643484666666667
3.015418455842000 2020314692.941220760345459 2.647916500000000
3.023130523504000 1649617794.098812580108643 2.664689018518518
3.023130523504000 2154978756.260052204132080 2.670757037037037
3.069402929476000 2131815669.514477014541626 2.679605074074074
3.555263192182000 2172690703.540596485137939 2.688502925925926
3.022189572976000 2222252634.673147201538086 2.697448796296296
3.131099470772000 2146591259.808106184005737 2.701982555555555
3.018232011296000 2227794678.869660854339600 2.706486611111111
3.024070423864000 2153354402.455006122589111 2.710994407407407
1.726776081046000 2138261043.118056774139404 2.715420240740741
1.739592790320000 1558830595.157601118087769 2.720569203703703
3.077114997138000 1492737436.153585910797119 2.725166462962963
1.740214027202000 2001497494.539813041687012 2.730669259259259
3.007706388180000 1565319972.891857862472534 2.735833759259259
3.068447576644000 1962763400.086227416992188 2.741288740740740
3.107963267786000 2182213923.231357097625732 2.745780833333333
3.000927027763000 2238353351.932251453399658 2.750268018518518
3.008641493130000 2153303179.718772411346436 2.754778666666666
3.021249672616000 2138488851.282008409500122 2.759199537037037
3.023130523504000 2138547871.051818370819092 2.763633129629629
1.740214027202000 2138376981.423825263977051 2.768064333333333
3.061690861814000 1558761365.436401128768921 2.773208259259259
3.069402929476000 1999946689.334830999374390 2.778698092592592
3.012604551224999 2193386579.014413356781006 2.783132000000000
3.124358473635000 2148599232.451615333557129 2.787619592592592
3.155216335103000 2228104686.228912830352783 2.792126888888888
3.079986118944000 2293464933.774834156036377 2.796600962962962
2.999994320518000 2214160999.802605628967285 2.801104074074074
3.052078750908000 2145819909.199995040893555 2.805595018518518
3.100251200124000 2150501093.726755619049072 2.819910666666666
3.015418455842000 2171036513.457711219787598 2.825884111111111
1.739592790320000 1813651222.436801671981812 2.833775907407407
3.102179672916000 1851835881.675284624099731 2.843452981481481
1.920254302252000 1994275845.021422863006592 2.853566685185185
1.804822866534000 1721624636.578431129455566 2.860503074074074
3.023130523504000 1455760097.712671756744385 2.865112203703703
3.009577294620000 1961217022.976752281188965 2.870581499999999
3.008641493130000 2138316190.651115655899048 2.875017759259258
3.067493290054000 2138337684.899603366851807 2.879430814814814
3.060737909366000 2177442154.288262367248535 2.883915925925925
3.077114997138000 2192684068.384332656860352 2.888359222222221
3.014479905698000 2193231970.428485393524170 2.892777888888888
1.740835726658000 2148715253.117516040802002 2.897262703703703
3.015418455842000 1556781332.286312341690063 2.902403685185184
3.008641493130000 1962673396.747052669525146 2.907866537037036
3.116644008268000 2138568917.162310600280762 2.912297111111110
1.739592790320000 2227866138.337405204772949 2.916807018518518
3.016355958497000 1571141399.666338682174683 2.922001907407407
3.015418455842000 1962968676.508904218673706 2.927474666666666
1.740214027202000 2138337843.933243036270142 2.931908666666666
1.713338134890000 1551217922.490174293518066 2.937077425925925
1.740835726658000 1491896461.495109081268311 2.941677611111110
3.013542403043000 1493245743.425318956375122 2.946275074074074
3.115675335448000 1963118569.731672286987305 2.951747240740740
3.046266726490000 2228030832.038759231567383 2.956265148148148
1.922312810132000 2203963070.077864170074463 2.960760148148148
3.038554658828000 1475313511.013059139251709 2.965964407407407
3.161947741420000 2158210641.421360969543457 2.981341425925926
3.061690861814000 2284174594.443437099456787 2.987367666666666
1.733495054124000 2170887947.774304866790771 2.996379833333333
3.378935830746000 1822119857.772370338439941 3.005999259259259
1.740835726658000 2098173222.814347743988037 3.015909851851851
3.109896537774000 1558376749.696605205535889 3.021052277777777
3.008641493130000 1929527615.866275310516357 3.026529537037036
3.016355958497000 2131197831.161985158920288 3.030955870370370
3.021249672616000 2137732147.337783098220825 3.035384092592592
1.734114353196000 2137969393.682327985763550 3.039815518518518
3.061690861814000 1558900656.105667591094971 3.044963740740740
3.015418455842000 1986685442.533126354217529 3.050465944444444
3.062642750699000 2148603638.286271572113037 3.054949129629629
3.079029078342000 2183401777.777777671813965 3.059449129629629
3.132072939002000 2193116777.919447898864746 3.063893462962962
3.006770238420000 2238192425.886128425598145 3.068382925925925
1.733495054124000 2159368698.652645111083984 3.072891074074073
3.124358473635000 1558127261.806711912155151 3.078039981481481
3.000927027763000 2041246583.888430595397949 3.083561203703703
3.023130523504000 2159285116.778324604034424 3.088064037037036
3.029899240254000 2138303821.155870199203491 3.092497444444444
3.024070423864000 2138481296.549181938171387 3.096918296296296
3.008641493130000 2138543291.208997488021851 3.101354018518518
3.169659809082000 2137734942.781524419784546 3.105783111111111
1.733495054124000 2272775409.372656822204590 3.110303351851851
3.069402929476000 1578153393.838680982589722 3.115518685185184
3.014479905698000 2001916172.141803503036499 3.121017166666666
3.123387403110000 2144880649.118618249893188 3.125515574074073
3.029899240254000 2161777775.766243457794189 3.139836277777777
3.047213819965000 2126813040.272157669067383 3.145813203703703
3.070357216066000 2136250667.468882799148560 3.154677537037037
1.921626300308000 2253623073.040831089019775 3.163703944444444
1.726776081046000 1840661687.483482360839844 3.173373833333333
3.014479905698000 1487726804.476057767868042 3.177979407407407
3.016355958497000 1918996609.111994266510010 3.183440666666666
3.015418455842000 2132093721.473615407943726 3.187863148148148
3.030842591166000 2137820881.066096782684326 3.192298851851851
3.170645265837000 2138357564.739492177963257 3.196719703703703
1.727392979734000 2272189459.601665973663330 3.201259907407407
3.006770238420000 1577052647.282388687133789 3.206473500000000
3.015418455842000 1962850996.841388940811157 3.211943555555555
3.031784889231000 2138492817.320162057876587 3.216384537037037
3.131099470772000 2131967775.636516332626343 3.220833666666667
3.068447576644000 2226491952.169602870941162 3.225335685185185
3.063595348626000 2203091448.307240486145020 3.229812814814815
3.039499354598000 2193697059.597778797149658 3.234244685185185
3.016355958497000 2149248267.360409736633301 3.238736333333334
3.015418455842000 2138603071.448559522628784 3.243170240740741
1.739592790320000 2138572311.790798902511597 3.247591296296297
3.025011024336000 1558839595.334101200103760 3.252735000000000
1.740214027202000 1962824597.581077575683594 3.258195037037038
3.161947741420000 1558813720.757653236389160 3.263335666666667
3.175395064076000 2082425614.065558433532715 3.268880074074075
3.025011024336000 2257997837.436288833618164 3.273367203703704
1.808049461278000 2140002531.288607120513916 3.278883351851853
3.006770238420000 1556428659.147464752197266 3.284040518518519
3.076157243922000 1657012567.841527462005615 3.299487055555556
3.053028242088000 2120273808.489242553710938 3.305453648148149
2.999994320518000 1730503227.030809879302979 3.316382740740742
1.928345273386000 2119177809.979838609695435 3.325200518518519
3.025011024336000 1898889350.884984970092773 3.334998759259260
3.124358473635000 1904623699.316443920135498 3.340476648148149
3.016355958497000 2147084130.363576889038086 3.344999611111112
3.021249672616000 2118347177.787464380264282 3.349502907407408
3.030842591166000 2138164591.550237417221069 3.353935203703704
3.023130523504000 2138551335.512228012084961 3.358371703703704
3.014479905698000 2138512211.088171720504761 3.362784814814815
3.115675335448000 2138222226.863028526306152 3.367218555555556
3.014479905698000 2227947486.570006370544434 3.371730981481482
3.008641493130000 2158852589.051961898803711 3.376236777777778
3.023130523504000 2138314079.030804872512817 3.380675740740741
3.030842591166000 2138040729.528908252716064 3.385116962962964
3.016355958497000 2137743145.586242675781250 3.389545037037037
1.732876215840000 2138334617.750053167343140 3.393971314814815
3.007706388180000 1557192878.658648490905762 3.399117037037037
3.030842591166000 1963068299.117259025573730 3.404592407407408
3.152273255357000 2138640491.575553178787231 3.409031648148149
3.123387403110000 2272289928.818501472473145 3.413566222222223
3.107963267786000 2259023425.958494186401367 3.418041314814815
3.013542403043000 2248823539.760731697082520 3.422462203703704
1.733495054124000 2159485456.257736682891846 3.426965222222222
1.739592790320000 1558864898.762370824813843 3.432103481481482
3.054928285332000 1492767959.512899637222290 3.436706685185186
1.740835726658000 1995221441.854343175888062 3.442193703703704
3.028014293175000 1448592832.018930196762085 3.447390166666667
3.169659809082000 2117145782.002921581268311 3.462677833333334
3.156197726922000 2217509384.129016876220703 3.468693703703704
3.016355958497000 1996055181.914225101470947 3.479421185185186
3.453930940544000 2133375113.529384851455688 3.488351814814815
3.017294159478000 2139072974.575114488601685 3.497442500000000
3.017294159478000 2120432332.266791820526123 3.501939555555556
3.023130523504000 2132047316.357618570327759 3.506370722222222
1.739592790320000 2137749031.460824251174927 3.510806574074074
3.160963583980000 1558890363.269424915313721 3.515945092592593
3.086745943200000 2077567717.940189361572266 3.521456925925926
3.059786020481000 2214260150.801362991333008 3.525973537037037
3.170645265837000 2184334586.921224117279053 3.530410185185185
3.030842591166000 2282432790.341442584991455 3.534907444444444
3.024070423864000 2169207854.061825752258301 3.539441074074074
3.084827064800000 2135279900.707085847854614 3.543872407407407
3.071312213484000 2183264270.927594661712646 3.548354129629629
1.738350316556000 2193560498.800638675689697 3.552785500000000
3.015418455842000 1564545096.774193525314331 3.557952166666666
3.015418455842000 1963151886.149012088775635 3.563409592592592
3.037608907532000 2138510926.523995637893677 3.567830537037037
3.021249672616000 2138602257.533144235610962 3.572248666666666
3.023130523504000 2138547019.386814355850220 3.576687537037037
3.079029078342000 2138589408.605978965759277 3.581108666666666
3.077114997138000 2182693078.853356361389160 3.585602944444444
3.115675335448000 2193754823.826379776000977 3.590034074074074
1.747557100120000 2238536692.142168521881104 3.594526407407407
3.059786020481000 1568925125.823238372802734 3.599725499999999
1.726159641360000 1646350903.085414171218872 3.615435018518518
3.125330267490000 1481090585.866878509521484 3.621570592592592
3.118582436224000 2182728657.928463459014893 3.629647796296296
3.015418455842000 2178158305.682672977447510 3.638655685185185
3.116644008268000 2164776542.154576301574707 3.647581388888888
3.508990786210000 2202236943.485585689544678 3.653868870370370
3.124358473635000 2233836219.525938034057617 3.658305703703703
3.030842591166000 2236816672.925271987915039 3.662744037037036
3.109896537774000 2159023546.592717647552490 3.667258333333332
3.123387403110000 2221790876.208754539489746 3.671773999999999
3.016355958497000 2247992047.149044990539551 3.676207537037036
3.016355958497000 2147878999.375528335571289 3.680744703703703
3.031784889231000 2138134201.348133802413940 3.685162333333333
3.014479905698000 2137716617.705968856811523 3.689600259259258
1.740835726658000 2138599886.207704544067383 3.694026777777777
3.063595348626000 1558315072.044241905212402 3.699170222222221
3.077114997138000 2001743913.344584465026855 3.704678629629628
3.106995913034000 2193497771.992189407348633 3.709117074074073
3.069402929476000 2237906749.457150936126709 3.713611537037036
3.115675335448000 2204178960.406259059906006 3.718096907407406
3.069402929476000 2238435750.443921089172363 3.722570925925924
1.740835726658000 2204268314.195442676544189 3.727043018518517
1.720057107968000 1565614086.946563720703125 3.732217759259257
3.007706388180000 1493026422.199958801269531 3.736820370370368
3.022189572976000 1962962419.556319713592529 3.742290611111109
3.093500612167000 2138461550.048956871032715 3.746716277777776
3.031784889231000 2183580460.551524639129639 3.751210888888887
3.016355958497000 2149030776.218001842498779 3.755696074074072
3.047213819965000 2135929945.518738985061646 3.760138648148146
3.014479905698000 2181345620.294936656951904 3.764627999999998
3.084827064800000 2175388691.528090000152588 3.778942407407406
3.023130523504000 2169397552.691574096679688 3.784912685185184
3.069402929476000 2150855713.333292007446289 3.793828962962961
3.385597703618000 2162571285.649000167846680 3.802824851851850
1.740214027202000 1717138142.705630064010620 3.813685333333332
3.069402929476000 1544533732.184718132019043 3.818835925925924
3.062642750699000 2001823257.972730159759521 3.824341962962961
3.070357216066000 2193348172.735309600830078 3.828782925925924
3.123387403110000 2185339449.847643852233887 3.833219407407406
1.719443066880000 2237127691.276167869567871 3.837693740740739
3.116644008268000 1571703270.037307739257812 3.842890759259258
3.023130523504000 2041901664.951546430587769 3.848415333333332
3.053028242088000 2159168772.340179920196533 3.852912296296295
3.077114997138000 2183188227.433577060699463 3.857402333333332
3.038554658828000 2192177239.883788108825684 3.861825925925924
3.062642750699000 2143528237.420462369918823 3.866313666666665
3.071312213484000 2183692630.970564842224121 3.870799407407405
2.994143564904000 2193319668.936615943908691 3.875218388888887
1.739592790320000 2148876013.415593624114990 3.879690796296295
3.024070423864000 1558750229.876353502273560 3.884826407407406
1.732876215840000 1962919697.329578161239624 3.890283999999999
3.005835133470000 1558381969.882701396942139 3.895435462962961
3.123387403110000 1963144259.642304897308350 3.900905666666665
3.070357216066000 2228217263.979918956756592 3.905420740740739
3.070357216066000 2203394415.314602375030518 3.909913185185183
3.039499354598000 2193906113.518815040588379 3.914331444444442
3.062642750699000 2148112577.457297801971436 3.918823166666665
3.068447576644000 2148767293.983043670654297 3.933972944444442
3.123387403110000 2117969946.083612918853760 3.939877148148146
3.046266726490000 1964646670.195319652557373 3.950548166666665
3.370173568294000 2093671111.129551887512207 3.959474518518517
3.029899240254000 1716481703.460324764251709 3.970307370370369
3.021249672616000 2091056116.840067863464355 3.974737611111109
3.061690861814000 2136778493.384122133255005 3.979171388888887
3.091576578478000 2176626113.765229225158691 3.983652351851850
3.024070423864000 2148689220.832318305969238 3.988136481481479
3.038554658828000 2138008855.303338050842285 3.992557351851850
1.725543201674000 2138386549.986208915710449 3.996988574074072
1.733495054124000 1557599533.890075922012329 4.002137574074072
3.076157243922000 1492705070.347756862640381 4.006741685185183
3.000927027763000 2001887108.323164463043213 4.012250407407405
3.047213819965000 2148732191.393795967102051 4.016740277777775
3.110863172768001 2181984295.352941989898682 4.021230574074072
3.025011024336000 2237625279.234855175018311 4.025707092592590
3.022189572976000 2154016233.592944622039795 4.030217629629627
1.738971553438000 2138448348.659067630767822 4.034656222222219
3.023130523504000 1550954397.697330713272095 4.039828962962960
3.177371876744000 1963207008.277893543243408 4.045298685185182
3.014479905698000 2272296293.575285434722900 4.049835851851848
1.732876215840000 2169740398.162327766418457 4.054370574074071
3.061690861814000 1558807712.110028982162476 4.059513999999997
3.023130523504000 2002177211.608417987823486 4.065011925925923
1.734114353196000 2148719914.971657276153564 4.069454888888886
3.078071681433000 1558865899.113724708557129 4.074597092592589
3.124358473635000 2125553804.450608253479004 4.079884759259256
3.068447576644000 2163474904.638398647308350 4.094264722222219
3.123387403110000 2184370779.623202800750732 4.100241018518515
1.726776081046000 2176386332.091083526611328 4.109220148148145
3.502367276618000 1658736517.562088966369629 4.119004481481478
3.162930800470000 1984233716.251463651657104 4.129157185185182
3.170645265837000 2246707594.372337341308594 4.133642962962960
3.031784889231000 2295172822.157264232635498 4.138083944444442
3.003963878760000 2167092228.650623321533203 4.142600296296294
3.124358473635000 2138299673.262540340423584 4.147043777777776
1.746933000280000 2227906390.794042587280273 4.151560981481479
3.108929542901000 1570854764.582998514175415 4.156746814814812
1.739592790320000 2041111655.036631345748901 4.162277407407405
1.734114353196000 1571615424.968150138854980 4.167466685185182
3.023130523504000 1489895254.866957664489746 4.172072574074071
1.726776081046000 1962114023.564463853836060 4.177542203703701
3.106995913034000 1559265919.868644237518311 4.182685148148146
3.006770238420000 2042014320.290439605712891 4.188194037037034
3.006770238420000 2159214568.819083690643311 4.192707481481478
3.014479905698000 2138546342.563023805618286 4.197143648148145
1.740214027202000 2137481035.883944749832153 4.201564277777774
3.023130523504000 1558658866.009845018386841 4.206703129629626
3.115675335448000 1963415944.071103572845459 4.212170388888885
1.734114353196000 2228060731.516361236572266 4.216688148148144
3.064547592032000 1565666849.835148334503174 4.221877999999996
3.061690861814000 2001656285.919781684875488 4.227387962962958
3.075200559627000 2190843769.143895149230957 4.231831648148144
3.017294159478000 2190271447.285228252410889 4.246095518518514
3.016355958497000 2133559328.338546037673950 4.252069648148144
1.725543201674000 2133271168.596781253814697 4.260934981481477
3.446221273266000 1633006685.612720966339111 4.270676740740736
3.038554658828000 1853929879.266915798187256 4.283468962962958
1.740214027202000 2103223411.754521131515503 4.287961166666662
3.115675335448000 1558083541.900405645370483 4.293110944444440
1.727392979734000 2027143388.288572072982788 4.298639574074069
3.100251200124000 1567087756.208190202713013 4.303832833333328
3.016355958497000 2041001929.627330303192139 4.309351074074069
3.031784889231000 2158275180.468048572540283 4.313868648148143
3.023130523504000 2138532779.456193447113037 4.318281981481476
3.007706388180000 2138704193.615689754486084 4.322719944444439
3.178359731204000 2138692975.830815553665161 4.327133277777772
3.138811538434000 2272188513.601883411407471 4.331664240740735
3.124358473635000 2258388467.725304126739502 4.336154055555550
3.077114997138000 2248355635.421455383300781 4.340585351851846
3.022189572976000 2203621853.447920322418213 4.345080277777772
3.008641493130000 2148281585.050802230834961 4.349567574074068
3.006770238420000 2138693986.491848945617676 4.354001111111105
3.131099470772000 2138875723.752468109130859 4.358427629629623
3.015418455842000 2227998319.176150321960449 4.362944814814808
3.023130523504000 2159172747.876050949096680 4.367463388888882
3.024070423864000 2138552220.988921403884888 4.371884592592585
3.122415247590000 2138588362.645446300506592 4.376315407407400
3.106995913034000 2228032876.532632350921631 4.380832870370363
3.024070423864000 2248696584.182232856750488 4.385259444444437
3.070357216066000 2077007753.211340665817261 4.389768925925919
3.145544249424000 1643392595.141962289810181 4.405803444444437
3.025951274752000 1874697047.040876150131226 4.415866796296290
3.131099470772000 2092058757.599429368972778 4.425681129629623
3.386650296113000 1768549489.910573482513428 4.436476259259252
3.032727889194000 2120717201.250339984893799 4.445457518518511
3.077114997138000 2136247183.125070571899414 4.449890129629622
3.053028242088000 2128074747.740777969360352 4.454390203703697
3.022189572976000 2193014789.049597263336182 4.458830425925919
3.037608907532000 2148230634.712615966796875 4.463309851851845
3.069402929476000 2138396784.730404615402222 4.467726277777770
1.739592790320000 2183262788.588390827178955 4.472218129629622
3.007706388180000 1565442037.751515626907349 4.477392314814807
3.070357216066000 1962227092.852480411529541 4.482839425925918
1.734732730692000 2182974615.260605812072754 4.487319370370362
3.015418455842000 1562021814.896088838577271 4.492484037037029
1.739592790320000 1961496553.949625492095947 4.497935796296288
3.061690861814000 1559103775.250296354293823 4.503075999999991
3.116644008268000 2001607684.447996377944946 4.508567611111102
3.115675335448000 2238241286.200144290924072 4.513059740740732
3.139787404369000 2248185877.269454002380371 4.517456907407398
3.130124914868000 2248706835.485283851623535 4.521895888888880
3.124358473635000 2248791724.034345149993896 4.526334444444435
1.740214027202000 2248648234.396433830261230 4.530775796296287
3.085786146800000 1571525669.264353752136230 4.535963222222213
1.732876215840000 2002106281.854218959808350 4.541456999999991
3.015418455842000 1565419361.086303949356079 4.546620277777769
3.023130523504000 1875386429.840142011642456 4.552093888888880
3.024070423864000 2209740709.742426395416260 4.566851981481473
1.740214027202000 2131174544.437917709350586 4.572747222222214
3.016355958497000 1908644903.342030286788940 4.582492351851843
1.922998298364000 1740684419.247025489807129 4.592709611111102
3.160963583980000 1812521078.351052045822144 4.602316185185177
3.465949291744000 2080910464.229827642440796 4.607854629629621
3.024070423864000 2171040040.306559085845947 4.612375537037028
3.039499354598000 2141597956.745623111724854 4.616870907407399
3.000927027763000 2138547029.982319116592407 4.621301296296288
3.076157243922000 2137169375.409651279449463 4.625737092592584
3.030842591166000 2183325212.352670192718506 4.630236944444436
1.727392979734000 2148609024.884701251983643 4.634722074074066
3.023130523504000 1558776008.813617944717407 4.639865629629622
3.010512747840000 1962921333.252086877822876 4.645335962962955
3.022189572976000 2138011811.171713590621948 4.649766796296288
3.000927027763000 2122655595.501170635223389 4.654258499999992
1.742077969135000 2137087641.747560501098633 4.658682444444437
1.738971553438000 1558450401.315292358398438 4.663829870370362
3.021249672616000 1492838576.482093334197998 4.668431407407399
1.741456500966000 1981908889.930997610092163 4.674512777777769
3.014479905698000 1559112222.106327056884766 4.679661462962954
3.023130523504000 1962474923.760387897491455 4.685138833333325
3.028956942189000 2138092017.266283035278320 4.689574796296288
3.162930800470000 2138902643.267432689666748 4.694010944444436
3.162930800470000 2271039362.813939094543457 4.698547092592584
3.015418455842000 2303373551.280390262603760 4.702977888888880
1.988816031088000 2169537767.922528743743896 4.707504314814806
1.739592790320000 1557424451.437685966491699 4.712659203703695
3.078071681433000 1970171255.007506847381592 4.728718425925917
3.030842591166000 2125167558.169018983840942 4.734853166666658
1.739592790320000 2133986105.862087965011597 4.744604148148140
3.439582177252000 1821015639.413648128509521 4.754159777777770
3.116644008268000 2179655994.429954528808594 4.764213555555547
3.013542403043000 2178720321.532240390777588 4.768692111111103
3.030842591166000 2158266921.088267803192139 4.773204888888881
1.740214027202000 2131818981.064021825790405 4.777640888888881
3.108929542901000 1559033266.905040979385376 4.782788925925917
1.732876215840000 2041704859.088443756103516 4.788320370370362
1.735351799370000 1570684509.153195381164551 4.793509814814806
3.060737909366000 1492762860.979983568191528 4.798115333333325
3.069402929476000 1992934523.829443931579590 4.803648870370361
3.014479905698000 2193218112.149064540863037 4.808085425925917
3.070357216066000 2148903700.277902603149414 4.812570074074065
3.025011024336000 2183120445.035036563873291 4.817057444444435
3.030842591166000 2146617545.277937173843384 4.821547203703695
3.029899240254000 2138766275.266607522964478 4.825980481481472
3.078071681433000 2138775034.218909025192261 4.830404611111102
3.007706388180000 2183386754.732364654541016 4.834901814814805
3.139787404369000 2148873187.300592899322510 4.839394296296287
3.023130523504000 2227953041.674694061279297 4.843912092592583
3.084827064800000 2159255478.046779155731201 4.848425055555546
3.070357216066000 2183515734.107191562652588 4.852917537037027
3.078071681433000 2193818318.355903625488281 4.857356314814805
3.029899240254000 2193030419.663618087768555 4.861792407407397
3.070357216066000 2019845858.658380985260010 4.866280351851842
3.037608907532000 2147155143.020912170410156 4.881303407407398
3.016355958497000 2128534082.129725933074951 4.887271833333323
1.740835726658000 2125645841.677501440048218 4.896287888888879
3.386650296113000 1488109111.725123643875122 4.906187018518509
3.038554658828000 2116307058.052939414978027 4.916280296296287
1.740835726658000 2136979190.775593757629395 4.920712981481472
3.094462808058000 1546533315.606213569641113 4.925866555555547
3.046266726490000 2001889362.876969337463379 4.931366685185176
3.013542403043000 2148791010.401188850402832 4.935853351851843
3.017294159478000 2138249890.303681135177612 4.940284777777769
3.039499354598000 2138344993.424760580062866 4.944720611111102
1.740214027202000 2136420285.476927518844604 4.949134277777768
3.069402929476000 1558651834.220811128616333 4.954284814814804
3.028956942189000 2002027260.920182228088379 4.959788555555545
1.734114353196000 2148936620.095504760742188 4.964283203703693
3.024070423864000 1550122197.466787099838257 4.969428185185174
3.030842591166000 1962120647.935410022735596 4.974884833333323
3.036664211762000 2138862899.781423568725586 4.979307388888878
1.740214027202000 2138589178.072477340698242 4.983746592592581
3.116644008268000 1559112147.784739494323730 4.988895222222211
3.030842591166000 2041240175.522825241088867 4.994411018518507
3.076157243922000 2159415668.255653381347656 4.998928999999989
3.076157243922000 2183722381.307502746582031 5.003423574074063
3.007706388180000 2193530492.159278392791748 5.007857925925914
1.726159641360000 2148916867.271228313446045 5.012350518518507
3.029899240254000 1558815002.174228191375732 5.017460888888877
3.115675335448000 1872352064.216295957565308 5.022923907407396
3.014479905698000 2157110344.070937156677246 5.037946111111100
1.726776081046000 2133437591.804101705551147 5.043921999999989
3.006770238420000 1906396005.673542737960815 5.053648759259248
3.370173568294000 2070939823.964658021926880 5.063524722222211
3.130124914868000 1714848699.622009992599487 5.074347074074063
3.006770238420000 2191733339.883569717407227 5.078870518518507
3.067493290054000 2158826222.043218612670898 5.083376481481470
3.070357216066000 2183202630.827369213104248 5.087850499999989
3.060737909366000 2187212424.598903656005859 5.092289722222211
3.169659809082000 2192663049.335221290588379 5.096723111111100
3.078071681433000 2282634927.543968677520752 5.101232870370359
1.732876215840000 2212623154.731605052947998 5.105743907407397
3.008641493130000 1565662346.499160289764404 5.110914888888878
3.076157243922000 1962744778.708194971084595 5.116370648148138
3.006770238420000 2183242148.198504447937012 5.120865370370359
1.740214027202000 2148322337.977283477783203 5.125355481481471
3.016355958497000 1558481875.213460206985474 5.130506499999989
1.732876215840000 1962929526.904602527618408 5.135954074074063
3.031784889231000 1558788335.043473720550537 5.141097685185175
1.740835726658000 1963105306.995862722396851 5.146567055555545
3.029899240254000 1559217097.352524042129517 5.151711018518508
3.009577294620000 1963067974.672376632690430 5.157168388888879
1.733495054124000 2134530867.961724519729614 5.161602148148138
3.101215077534000 1551435331.841267108917236 5.166765259259249
3.078071681433000 2042188857.766996622085571 5.172292444444435
3.031784889231000 2094573663.891954421997070 5.176806314814805
3.016355958497000 2172712388.065487384796143 5.191137611111102
3.106995913034000 2124766859.030823469161987 5.197045259259250
3.028956942189000 2208665276.498269557952881 5.205970370370361
3.440651553682000 2133275969.448683261871338 5.214902518518509
3.457155456384000 2142175816.810946941375732 5.223855018518510
3.106995913034000 2151398909.801329612731934 5.228281666666658
1.739592790320000 2237465411.900969982147217 5.232758425925917
1.741456500966000 1566611231.957823753356934 5.237943037037028
3.092539132462000 1492460992.109136819839478 5.242547518518510
3.101215077534000 2001519541.881241321563721 5.248038574074066
1.740835726658000 2238251134.506794929504395 5.252515148148140
3.023130523504000 1571236957.196970939636230 5.257702129629621
3.162930800470000 1962476500.280426263809204 5.263150185185176
3.023130523504000 2272340217.431271553039551 5.267682907407398
3.116644008268000 2168494109.776791572570801 5.272222759259249
3.124358473635000 2227429453.681710243225098 5.276744611111101
3.106029637919000 2249223010.104591369628906 5.282176685185175
3.117613402632000 2248421228.042332649230957 5.286610722222212
3.061690861814000 2248467184.509737968444824 5.291052222222213
1.734114353196000 2203975000.823967456817627 5.295547185185176
3.013542403043000 1565127628.950138568878174 5.300719296296287
3.008641493130000 1962578272.629715204238892 5.306189611111102
3.024070423864000 2138488183.959693908691406 5.310607648148139
3.045318574810000 2138594078.191278219223022 5.315038851851843
3.077114997138000 2137227130.338899612426758 5.319472592592583
3.192796012068000 2166593190.104434967041016 5.323967685185176
1.727392979734000 2146223230.063889503479004 5.328463296296287
3.077114997138000 1937669736.002493143081665 5.343438185185176
3.014479905698000 2110525011.591986179351807 5.349588666666658
1.740835726658000 1900622503.535245895385742 5.361060444444435
1.921626300308000 1820774246.160342693328857 5.370620759259250
3.109896537774000 1679421108.481770515441895 5.381545277777769
3.006770238420000 2009646516.206903457641602 5.387037907407398
3.009577294620000 2152999532.790714740753174 5.391556462962954
3.007706388180000 2131842339.271299123764038 5.395983925925917
3.060737909366000 2137668504.315479278564453 5.400414574074064
3.038554658828000 2183159018.689850807189941 5.404896111111102
1.740214027202000 2148386458.005922317504883 5.409373814814805
3.024070423864000 1558721011.051631927490234 5.414521370370361
3.024070423864000 1963329178.182064771652222 5.419982388888879
3.016355958497000 2138432533.920793056488037 5.424420833333324
1.726776081046000 2138270996.303798437118530 5.428854814814805
3.131099470772000 1558360399.203895568847656 5.434000240740732
3.093500612167000 2041370505.335212469100952 5.439519129629621
3.006770238420000 2157800800.829518318176270 5.444037592592584
3.016355958497000 2138669696.094799518585205 5.448463314814806
1.739592790320000 2138500841.983562469482422 5.452884092592583
3.016355958497000 1558358618.755931377410889 5.458035648148139
3.023130523504000 1963167650.615264415740967 5.463503037037028
3.008641493130000 2138565410.894502639770508 5.467934425925916
3.024070423864000 2138586805.787609577178955 5.472367907407397
3.028014293175000 2138660600.370516061782837 5.476786166666657
3.114705580312000 2138726623.810318946838379 5.481222462962953
3.406613151266000 2227399717.641651153564453 5.485734722222213
3.015418455842000 2201306361.809376716613770 5.490231462962953
3.013542403043000 2176349421.860990524291992 5.504544629629620
3.100251200124000 2066917786.571179389953613 5.510450666666657
1.734114353196000 1965398765.234459161758423 5.521092962962953
1.920940301280000 1649394915.398030042648315 5.530915648148138
1.733495054124000 1647827974.040265560150146 5.541752944444434
3.060737909366000 1492683629.288060426712036 5.546359296296286
3.006770238420000 1951337359.618647575378418 5.551860185185175
3.015418455842000 2137593494.663912773132324 5.556361333333323
3.007706388180000 2137782268.655218124389648 5.560789148148138
3.007706388180000 2138459851.352540969848633 5.565206759259249
3.062642750699000 2135991478.874710321426392 5.569640185185175
3.061690861814000 2183689432.703003406524658 5.574135185185176
1.719443066880000 2182303026.753404140472412 5.578561759259250
3.071312213484000 1565092126.607390165328979 5.583733185185176
3.054928285332000 2002531072.077528953552246 5.589236518518510
3.061690861814000 2192989535.510336875915527 5.593669499999991
1.726159641360000 2193729173.963076114654541 5.598111055555546
2.983641236586000 1565670931.061537027359009 5.603280185185175
3.045318574810000 1963004995.072657108306885 5.608748537037028
3.139787404369000 2183519035.997810363769531 5.613248296296287
1.732876215840000 2282601934.407639026641846 5.617755370370361
3.023130523504000 1578104651.658262968063354 5.622970555555546
3.015418455842000 1963618949.201584339141846 5.628436240740731
3.008641493130000 2138380492.588541507720947 5.632855074074064
3.009577294620000 2138779683.801397085189819 5.637290870370361
2.990420594324000 2137882252.280591249465942 5.641706148148138
3.015418455842000 2138979824.923920869827271 5.646142314814805
1.746933000280000 2134476020.425190925598145 5.650581277777768
3.070357216066000 1937563887.263374328613281 5.665549629629620
3.030842591166000 2125298322.678880214691162 5.671679333333324
1.740214027202000 2135710363.698552131652832 5.681424888888880
1.908870063208000 1850844561.284421682357788 5.691082499999990
3.147501869736000 1846724415.083381891250610 5.701796277777769
3.029899240254000 2039853253.207211256027222 5.707352333333324
3.014479905698000 2167978698.128227710723877 5.711888537037027
3.184092585814000 2137663998.195963621139526 5.716323037037028
3.169659809082000 2271879816.536263465881348 5.720853148148139
3.037608907532000 2296403465.905762672424316 5.725279333333324
3.020309422200000 2168453039.081212997436523 5.729802203703694
3.136858716211000 2138116074.462862968444824 5.734216037037028
1.739592790320000 2227673332.210311412811279 5.738723277777768
3.039499354598000 1571503570.090456485748291 5.743912999999990
3.177371876744000 1962533786.091879844665527 5.749388351851842
3.028956942189000 2271482123.192129611968994 5.753928685185175
3.030842591166000 2163928000.950698852539062 5.758447777777768
3.030842591166000 2138248811.769143581390381 5.762866111111101
3.107963267786000 2138444566.836485624313354 5.767304388888880
1.740214027202000 2183208110.157061100006104 5.771798981481473
1.734114353196000 1565678891.331275939941406 5.776971685185176
3.076157243922000 1492294639.227540016174316 5.781572666666658
3.023130523504000 2002072528.300364017486572 5.787079074074065
3.177371876744000 2148927925.515479564666748 5.791574166666658
3.024070423864000 2272566398.562854766845703 5.796109907407399
3.016355958497000 2169037547.641489982604980 5.800628611111102
3.031784889231000 2138812629.308723449707031 5.805059222222213
3.177371876744000 2135504838.696116447448730 5.809464296296287
1.726776081046000 2149600952.133019924163818 5.823833592592583
3.008641493130000 1481544402.169513463973999 5.830010092592583
3.067493290054000 2099032815.671356201171875 5.837993518518509
3.078071681433000 2188427056.804915904998779 5.846908370370361
1.908188354152000 1896803202.790715217590332 5.857568055555546
3.148480862064000 1702928819.463051319122314 5.864479537037028
3.008641493130000 2070128550.890551328659058 5.870044129629621
3.102179672916000 2141102905.687451124191284 5.874586944444435
3.070357216066000 2183055302.424836635589600 5.879082092592584
3.053028242088000 2187372976.765162944793701 5.883516685185176
3.031784889231000 2148554719.511286735534668 5.887991018518510
3.014479905698000 2138083774.441865444183350 5.892427092592584
3.161947741420000 2138361680.443891048431396 5.896842592592584
1.740214027202000 2272377004.702021121978760 5.901367833333325
3.016355958497000 1577245999.459482431411743 5.906575462962954
3.124358473635000 1962898875.795930385589600 5.912045999999991
1.745685729320000 2217751702.402142524719238 5.916582074074065
3.078071681433000 1570564188.719221830368042 5.921773796296288
3.053978794152000 1997952394.892242670059204 5.927277407407399
3.007706388180000 2193236089.209281444549561 5.931716407407398
3.023130523504000 2148951987.502745151519775 5.936185537037028
3.014479905698000 2137040568.282067060470581 5.940614740740732
1.725543201674000 2138552315.265177488327026 5.945050277777769
3.062642750699000 1558241292.243946790695190 5.950198944444436
3.024070423864000 2002478574.384823083877563 5.955702481481473
3.107963267786000 2149071359.707309722900391 5.960197185185176
1.734114353196000 2227867232.067060470581055 5.964712722222213
3.006770238420000 1571002927.567691087722778 5.969899685185176
3.016355958497000 1960031055.521659612655640 5.975363018518509
3.014479905698000 2134928827.112193584442139 5.989610537037028
1.732876215840000 2129339601.405770301818848 5.995517407407398
3.084827064800000 1850989269.236750602722168 6.005162574074065
3.386650296113000 2126830649.222745895385742 6.015090685185176
3.024070423864000 2135218397.699770450592041 6.024043092592583
1.740835726658000 2137251506.459245204925537 6.028465407407398
3.014479905698000 1513370045.303164720535278 6.033619981481472
3.108929542901000 1962536191.231172561645508 6.039086314814806
3.016355958497000 2227820840.545706748962402 6.043601018518509
3.016355958497000 2158960941.605360031127930 6.048111833333324
1.740835726658000 2138319250.558768033981323 6.052527962962953
1.738971553438000 1552816351.952189922332764 6.057671759259249
3.008641493130000 1491827107.601741075515747 6.062270851851842
3.014479905698000 1962806225.612220525741577 6.067723833333324
3.123387403110000 2138357298.529522180557251 6.072159277777769
3.106029637919000 2227785353.970324039459229 6.076674722222213
3.039499354598000 2248336956.521739006042480 6.081111166666657
3.070357216066000 2158633966.270771980285645 6.085611055555546
3.007706388180000 2183590116.063252925872803 6.090100944444435
3.101215077534000 2139091672.299100160598755 6.094786111111102
3.022189572976000 2227901624.221658229827881 6.099282851851842
3.030842591166000 2159453484.971433639526367 6.103778611111101
3.014479905698000 2138548312.861015081405640 6.108212481481472
3.014479905698000 2138303877.366997480392456 6.112648481481472
3.108929542901000 2138215795.999061822891235 6.117069666666657
3.024070423864000 2227156939.433279991149902 6.121591462962953
1.740214027202000 2159311584.887526988983154 6.126100370370360
3.077114997138000 1558154461.954528093338013 6.131249666666656
3.039499354598000 1998814618.775872707366943 6.136756537037027
3.031784889231000 2135073031.286921739578247 6.151066740740730
3.014479905698000 2122421400.744090557098389 6.156979999999989
3.024070423864000 2132535114.618942260742188 6.165820888888878
3.578399395168000 2133144489.261415481567383 6.174645074074063
1.745685729320000 2188372089.006237030029297 6.183650685185174
3.031784889231000 1539805978.723404169082642 6.188872907407396
3.185083944406000 1962171935.493704795837402 6.194340074074063
3.030842591166000 2272134428.690303325653076 6.198879999999988
3.029899240254000 2164409361.170023441314697 6.203411722222211
3.177371876744000 2138015295.281589031219482 6.207847851851841
3.168673251258000 2272412660.364205837249756 6.212390462962952
1.739592790320000 2303381570.960300922393799 6.216814037037025
3.023130523504000 1576986256.556138277053833 6.222021907407395
3.077114997138000 1956830275.275935888290405 6.227493185185173
3.077114997138000 2182808054.289677143096924 6.231979407407395
3.023130523504000 2193474726.681645393371582 6.236405462962950
3.029899240254000 2148639488.646921157836914 6.240890296296284
1.740835726658000 2138796656.122910022735596 6.245316296296283
3.047213819965000 1558228916.443445920944214 6.250459851851839
3.029899240254000 1963340689.907213687896729 6.255932407407395
3.030842591166000 2138146207.012105703353882 6.260353333333320
3.030842591166000 2138524566.116654872894287 6.264771870370358
1.732876215840000 2138670188.131329059600830 6.269210259259246
3.017294159478000 1548478092.183909654617310 6.274384296296283
3.106995913034000 1962847979.430620670318604 6.279858092592580
3.106995913034000 2142995145.712493419647217 6.285378222222209
3.015418455842000 2201013149.753337383270264 6.301988870370358
3.116644008268000 2152288749.608855724334717 6.307966111111099
3.060737909366000 2166451929.170549869537354 6.316907777777765
3.370173568294000 1916923842.785384178161621 6.327602759259247
1.740835726658000 2136792281.170012950897217 6.336566888888877
1.741456500966000 1545674790.882890939712524 6.341700907407395
1.740835726658000 1439992547.991896867752075 6.346308166666654
1.733495054124000 1487903370.533560514450073 6.350914537037025
3.023130523504000 1492198710.726242542266846 6.355516611111099
1.732257377556000 1962707853.871075868606567 6.360986666666655
1.733495054124000 1558470048.401180028915405 6.366140351851840
3.062642750699000 1492960873.609315872192383 6.370739407407395
1.734114353196000 2001751459.881054162979126 6.376238333333321
3.054928285332000 1565377027.931840658187866 6.381410314814802
3.107963267786000 2001144295.516571760177612 6.386913296296284
1.720057107968000 2232369472.041225910186768 6.391398074074062
1.734114353196000 1571566235.656790733337402 6.396588296296285
1.726159641360000 1492709647.058823585510254 6.401192462962952
3.047213819965000 1492298410.169123172760010 6.405794629629618
3.146523606096000 2001906405.452711820602417 6.411285611111100
3.015418455842000 2282951129.225093364715576 6.415792962962952
3.125330267490000 2169496517.494229793548584 6.420326203703692
3.114705580312000 2228216083.491834640502930 6.424843833333322
3.016355958497000 2248532262.231148242950439 6.429288314814803
3.007706388180000 2157497116.985589027404785 6.433803907407396
3.025011024336000 2138909778.208945274353027 6.438232499999988
3.008641493130000 2137815566.652192831039429 6.442667907407396
3.123387403110000 2025456429.052285194396973 6.447124240740729
3.030842591166000 2159021231.872081756591797 6.461466759259248
3.108929542901000 2067069989.159052133560181 6.467445462962952
1.734114353196000 1967391882.514379024505615 6.478093259259248
1.914907327230000 1852041724.137931108474731 6.487759925925915
3.166701970725000 1678816602.804078817367554 6.498687129629618
3.007706388180000 2048118616.024071455001831 6.504238499999989
3.131099470772000 2168631055.352723598480225 6.508773055555545
3.040444754052000 2227960142.996531486511230 6.513290129629619
1.742077969135000 2151563302.662008762359619 6.517806351851841
3.005835133470000 1558730335.703797578811646 6.522951981481471
3.015418455842000 1963082416.222100973129272 6.528412296296286
3.084827064800000 2138354686.327684402465820 6.532830388888878
3.078071681433000 2183272068.103640079498291 6.537320277777767
3.007706388180000 2188509637.422505855560303 6.541756111111100
3.021249672616000 2149277195.992625713348389 6.546245981481470
3.015418455842000 2138013461.296676635742188 6.550664685185174
3.160963583980000 2138624619.356132268905640 6.555097962962951
3.006770238420000 2271033299.623207569122314 6.559639222222210
1.739592790320000 2169546050.339572906494141 6.564157425925914
3.117613402632000 1558971342.860534191131592 6.569305777777766
1.760370946436000 2041590801.855178117752075 6.574831851851839
3.180336543872000 1571847736.904197692871094 6.580027537037025
1.747557100120000 2080562889.048870801925659 6.585557999999988
3.076157243922000 1577835274.808428049087524 6.590770722222210
2.999994320518000 2001943571.488823413848877 6.596259148148136
3.054928285332000 2148445594.956463336944580 6.600744537037025
1.739592790320000 2074524217.556544780731201 6.605241962962952
3.023130523504000 1972172580.678987741470337 6.620252870370359
3.076157243922000 2075874490.075917005538940 6.626326759259247
3.085786146800000 2133815876.869517326354980 6.636029203703692
3.371221365379000 2130770148.025461196899414 6.644940333333322
1.908188354152000 1718331760.982130527496338 6.655787499999988
3.069402929476000 1535127050.785499811172485 6.660893944444433
3.070357216066000 1988176957.712137937545776 6.666392851851840
3.068447576644000 2183146510.149911880493164 6.670851018518507
3.024070423864000 2192649024.860425949096680 6.675289129629618
3.156197726922000 2142483317.539450168609619 6.679783759259247
1.740214027202000 2270590359.527163505554199 6.684319037037024
3.063595348626000 1576766471.793121099472046 6.689526592592580
1.726776081046000 2001936572.786570310592651 6.695020203703692
3.008641493130000 1565030289.792279243469238 6.700191851851840
3.109896537774000 1962171010.516689538955688 6.705659351851840
3.106995913034000 2228239675.993867397308350 6.710176870370359
3.059786020481000 2248480732.701271057128906 6.714602907407396
3.048161618910000 2204049574.491805553436279 6.719087740740729
3.044371481335000 2193673669.023951053619385 6.723528925925915
3.162930800470000 2193556113.356258869171143 6.727955481481470
3.109896537774000 2283034393.272452831268311 6.732465407407396
3.015418455842000 2258671904.789415836334229 6.736952925925915
3.029899240254000 2159153283.052351474761963 6.741460925925916
3.108929542901000 2137420738.765034437179565 6.745876703703694
3.115675335448000 2228190230.156934738159180 6.750378462962953
3.115675335448000 2248467595.705318927764893 6.754812888888879
3.275589568525000 2248479290.804391860961914 6.759254018518509
3.101215077534000 2055217031.810661554336548 6.763697555555546
3.070357216066000 1675060643.001776933670044 6.779830222222213
3.023130523504000 2185584678.431044578552246 6.785808722222213
3.024070423864000 2229823465.072039604187012 6.794832851851843
3.369124600486000 2134087332.620858669281006 6.803670074074065
3.077114997138000 2137856572.669723749160767 6.812647907407399
3.000927027763000 2182258741.862655162811279 6.817151037037029
3.038554658828000 2068717979.579807281494141 6.821643685185177
3.029899240254000 2138008095.473058223724365 6.826072314814806
3.031784889231000 2138110086.829166412353516 6.830497777777769
3.116644008268000 2140839248.260824441909790 6.838523611111102
1.726776081046000 2227760519.209348201751709 6.843029037037027
1.720057107968000 1571791122.845827341079712 6.848219222222212
2.999994320518000 1492774050.223559379577637 6.852828981481472
3.001860429762000 1961842472.784932374954224 6.858294703703694
3.093500612167000 2138513401.803607225418091 6.862730259259250
3.107963267786000 2228039875.966957569122314 6.867245185185175
1.725543201674000 2241640024.415328025817871 6.871674703703694
1.734114353196000 1571324225.657406806945801 6.876869074074064
3.008641493130000 1492417697.063369512557983 6.881469962962953
3.022189572976000 1962353384.581952571868896 6.886923888888879
3.115675335448000 2138369394.261424064636230 6.891367499999991
1.734114353196000 2227963876.066869258880615 6.895884870370361
3.054928285332000 1571464189.333904504776001 6.901072648148139
1.726776081046000 2001682066.095669031143188 6.906573092592583
3.053978794152000 1565505702.222827434539795 6.911740018518509
3.000927027763000 2002573517.782571077346802 6.917243222222213
1.727392979734000 2145024733.322620868682861 6.921737833333324
3.018232011296000 1937272397.948200225830078 6.936705722222213
3.078071681433000 2079247787.745126247406006 6.942797629629621
3.116644008268000 2150541732.355081081390381 6.952570666666658
1.914907327230000 1767014181.477121829986572 6.963410314814807
3.016355958497000 1814064955.900272369384766 6.973106351851844
3.030842591166000 1953707339.767317056655884 6.978559648148140
3.108929542901000 2103278013.158059597015381 6.982987296296288
3.136858716211000 2227567790.252960681915283 6.987504907407399
3.016355958497000 2238909895.898658275604248 6.991934351851844
3.161947741420000 2159070970.127789020538330 6.996441203703696
3.016355958497000 2272234510.288301467895508 7.000968999999992
1.727392979734000 2169142539.717809200286865 7.005469499999992
2.999994320518000 1558720245.292796850204468 7.010615277777770
3.069402929476000 1963018816.166460275650024 7.016083388888881
3.025011024336000 2182957636.231054306030273 7.020578407407400
1.728008960418000 2148979154.966799736022949 7.025062999999992
3.115675335448000 1558008339.094365835189819 7.030206111111103
1.732876215840000 2034582186.429472923278809 7.035752444444436
3.155216335103000 1571834085.706339120864868 7.040945888888881
3.077114997138000 2081176774.012263298034668 7.046481833333325
3.031784889231000 2214485545.564906120300293 7.050981925925917
3.023130523504000 2148883218.064473628997803 7.055469555555547
3.007706388180000 2138525392.582692861557007 7.059903629629621
3.061690861814000 2138395128.348633766174316 7.064337444444435
3.015418455842000 2183256073.100066661834717 7.068824444444435
3.016355958497000 2148929873.043894290924072 7.073314185185176
3.371221365379000 2137702682.653903484344482 7.077732833333324
3.007706388180000 2135300145.802957534790039 7.082178203703695
1.732876215840000 2136890773.009004592895508 7.096429870370361
1.733495054124000 1717143932.262019395828247 7.103196685185176
3.031784889231000 1671518868.199085474014282 7.114013925925916
3.439582177252000 1920165630.530973196029663 7.124058370370361
3.000927027763000 1874155390.831380128860474 7.134755888888879
3.016355958497000 2099879459.869418859481812 7.139248629629620
3.023130523504000 2135484826.501729726791382 7.143664833333323
3.006770238420000 2137730237.100537300109863 7.148101925925916
2.999994320518000 2133405637.301019668579102 7.152530759259250
3.024070423864000 2138289124.635212659835815 7.156966370370361
3.024070423864000 2138474394.138643503189087 7.161402203703694
3.060737909366000 2137707920.232216358184814 7.165823370370361
3.070357216066000 2183404894.327030181884766 7.170318370370361
3.102179672916000 2193673774.397124290466309 7.174749296296287
1.726159641360000 2190300662.783691406250000 7.179175074074065
3.015418455842000 1565606343.250181674957275 7.184347092592583
3.117613402632000 1962364369.506434917449951 7.189812240740731
3.077114997138000 2227995099.711820125579834 7.194316888888880
1.726776081046000 2203962682.201329708099365 7.198811814814805
3.023130523504000 1565516577.670687198638916 7.203968796296286
3.008641493130000 1963362714.482160568237305 7.209436314814805
1.740835726658000 2138091541.227963447570801 7.213849222222212
2.999060571142000 1559489030.920711517333984 7.218994999999990
3.024070423864000 1958663569.105883359909058 7.224479203703694
3.007706388180000 2137425957.995501518249512 7.228916999999990
3.024070423864000 2138669587.251062870025635 7.233338574074065
3.301791177076000 2136767752.260140419006348 7.237758981481472
3.008641493130000 2180819737.562183856964111 7.242259518518509
1.739592790320000 2153856911.651224613189697 7.256562259259249
3.060737909366000 1480892835.476826190948486 7.262667444444435
3.028956942189000 2122468950.208193540573120 7.270726185185175
3.108929542901000 2149924405.589168071746826 7.279626999999990
3.029899240254000 2241702592.880338668823242 7.289566611111101
3.038554658828000 2110545654.181267023086548 7.295823796296286
3.247789919507000 2137142213.207121849060059 7.300260796296286
1.735351799370000 2148543520.604186534881592 7.304757814814805
1.746933000280000 1562991546.512085914611816 7.309929907407398
3.031784889231000 1492937166.839528322219849 7.314536462962953
3.084827064800000 1948039609.398840427398682 7.319998129629619
3.005835133470000 2181906083.720930099487305 7.324477296296286
3.022189572976000 2148798362.790697574615479 7.328956462962953
3.028956942189000 2138436347.176643610000610 7.333374962962953
3.014479905698000 2137645472.238313436508179 7.337818537037027
1.734114353196000 2138494952.710457086563110 7.342239685185175
1.739592790320000 1558991754.938035964965820 7.347383055555545
3.016355958497000 1492964144.387607336044312 7.351987944444434
1.726776081046000 1962601722.347767591476440 7.357445611111101
3.061690861814000 1556971789.067588806152344 7.362591370370360
3.023130523504000 2002267391.560485363006592 7.368092388888879
3.047213819965000 2132237995.980049133300781 7.372570055555546
3.031784889231000 2183315947.711341857910156 7.377066462962953
3.093500612167000 2148253795.263906478881836 7.381559148148138
3.030842591166000 2183590226.539616584777832 7.386054314814804
3.008641493130000 2149020982.422583580017090 7.390546611111100
3.077114997138000 2129404533.362243413925171 7.394987759259248
3.069402929476000 2183184598.634069442749023 7.399477981481470
3.015418455842000 2082260670.502877235412598 7.403919092592582
3.069402929476000 2134500182.126795053482056 7.418865944444434
3.024070423864000 2184003185.069289207458496 7.424831277777767
3.061690861814000 2196662540.330545902252197 7.433830981481471
3.402079226847000 2155468933.389045238494873 7.442739259259248
3.069402929476000 2139236248.898960828781128 7.451695444444433
1.746309364800000 2134626866.288415908813477 7.456176759259248
3.156197726922000 1564678197.297664880752563 7.461349240740729
3.032727889194000 2075423662.811438322067261 7.466903666666655
1.740214027202000 2169317372.851932048797607 7.471437240740729
3.013542403043000 1558559054.353804826736450 7.476588333333321
3.155216335103000 1962141632.864680528640747 7.482053166666654
1.740214027202000 2270240626.267343044281006 7.486573777777766
1.733495054124000 1577955921.008290052413940 7.491794203703692
3.100251200124000 1492863488.026783227920532 7.496396296296284
3.013542403043000 2040524498.718022108078003 7.501907166666655
3.106029637919000 2159421978.591799736022949 7.506406999999988
3.116644008268000 2228086320.661808013916016 7.510919888888877
3.170645265837000 2248542693.973181247711182 7.515346092592580
3.108929542901000 2293385747.556269168853760 7.519822777777765
3.062642750699000 2259045063.846635818481445 7.524312703703691
1.733495054124000 2203644042.928502082824707 7.528805962962950
3.059786020481000 1565230200.429491758346558 7.533980037037025
1.726776081046000 2002756970.501256227493286 7.539478074074061
3.122415247590000 1556119662.219485759735107 7.544651277777765
3.177371876744000 2041306898.446609735488892 7.550178018518506
3.013542403043000 2283602334.323103904724121 7.554680870370357
3.153253916702000 2174947966.791201591491699 7.569070185185172
3.014479905698000 2272345489.998277664184570 7.575091370370357
3.031784889231000 2198174257.205431938171387 7.584079574074061
3.383491342547000 2133044860.340449571609497 7.592940407407395
1.739592790320000 2120739068.349189281463623 7.601849722222210
2.999060571142000 1536440436.159800052642822 7.606976962962951
3.029899240254000 1941038712.631204128265381 7.612437425925914
3.108929542901000 2137484597.349515438079834 7.616868481481469
1.741456500966000 2227845461.771044254302979 7.621388518518506
3.092539132462000 1563759778.210699796676636 7.626578629629617
3.015418455842000 1962625992.912134885787964 7.632033962962950
3.024070423864000 2138695133.713283538818359 7.636469240740728
3.030842591166000 2138546905.903850793838501 7.640897925925913
3.115675335448000 2138632375.151132106781006 7.645324388888875
3.132072939002000 2226662604.834731101989746 7.649828833333320
3.008641493130000 2243303080.379368305206299 7.654255296296283
3.116644008268000 2159108033.832717895507812 7.658763314814801
3.016355958497000 2227964462.002184391021729 7.663272833333320
3.023130523504000 2159142501.550581932067871 7.667781296296282
3.068447576644000 2138616476.347203016281128 7.672215037037023
3.124358473635000 2183523305.948483467102051 7.676711981481467
3.023130523504000 2238298639.955738544464111 7.681197129629615
3.162930800470000 2158730923.859871387481689 7.685701981481467
3.038554658828000 2272931993.540283679962158 7.690242944444430
3.023130523504000 2169819547.703122138977051 7.694768814814800
3.030842591166000 2138608567.146608352661133 7.699204796296282
3.139787404369000 2138613479.560982704162598 7.703638944444430
1.740835726658000 2226621867.545434474945068 7.708157055555541
3.078071681433000 1956271625.369150161743164 7.724203666666653
3.094462808058000 2110877258.442840576171875 7.730338055555541
3.155216335103000 2149874259.821842193603516 7.740048555555541
1.909550757816000 2000160464.898303270339966 7.750717555555541
1.914223726800000 1559392543.264896154403687 7.760823259259245
3.000927027763000 1301495419.982033014297485 7.765440740740726
3.017294159478000 1783323899.051705360412598 7.771275777777763
3.015418455842000 2119517677.673336505889893 7.775716407407393
3.060737909366000 2124617407.535200595855713 7.780171055555542
1.740214027202000 2181154636.873356342315674 7.784649648148134
3.101215077534000 1564569380.099106788635254 7.789818037037023
3.101215077534000 2041748429.021236658096313 7.795346555555541
3.007706388180000 2248062596.340727806091309 7.799767592592579
3.068447576644000 2158587002.372792243957520 7.804262999999986
3.078071681433000 2183235459.322340965270996 7.808759962962950
3.022189572976000 2193644969.229999542236328 7.813201518518505
3.031784889231000 2148460409.456354618072510 7.817690759259246
1.726776081046000 2138881800.558898210525513 7.822104203703690
3.023130523504000 1559216451.509578466415405 7.827249740740727
3.016355958497000 1963674184.597558498382568 7.832715685185171
1.732876215840000 2138658180.269125699996948 7.837149796296282
3.008641493130000 1558822520.627730131149292 7.842300629629616
3.016355958497000 1962206100.806561231613159 7.847755888888875
3.068447576644000 2138527397.431934595108032 7.852189259259245
3.014479905698000 2183126094.203345775604248 7.856688981481468
3.023130523504000 2147632283.925669670104980 7.861179462962950
3.007706388180000 2137944637.490411758422852 7.865597481481468
3.123387403110000 2138685060.278245925903320 7.870026018518505
3.138811538434000 2001516123.884462833404541 7.874551740740728
3.140763997206000 2163285964.357596397399902 7.888960296296283
1.720671606272000 2229720435.820820808410645 7.894885259259246
3.015418455842000 1823539545.783440113067627 7.904533944444432
3.361414933208000 1920251221.793587446212769 7.914571555555542
3.000927027763000 1898909233.682849168777466 7.925396055555542
3.076157243922000 2121918389.794141292572021 7.929840851851838
3.068447576644000 2182983385.498497009277344 7.934331574074061
3.123387403110000 2183721310.035999774932861 7.938760629629616
1.740835726658000 2237119467.694097042083740 7.943249833333320
3.008641493130000 1571606911.169631958007812 7.948439499999987
3.023130523504000 1961093992.698082208633423 7.953902296296283
2.993212562396000 2138358424.557047843933105 7.958332796296283
3.007706388180000 2138379014.667168140411377 7.962764462962950
1.745062093840000 2138012646.325001239776611 7.967195555555542
1.719443066880000 1558488674.247202396392822 7.972333796296283
3.016355958497000 1492526298.857970237731934 7.976938981481468
1.727392979734000 1961345175.345053434371948 7.982409148148135
1.718829025792000 1559300721.911174297332764 7.987552388888876
1.733495054124000 1492874154.023090124130249 7.992157518518505
3.070357216066000 1492889245.663379192352295 7.996759796296283
3.025011024336000 2000899596.578336715698242 8.002249870370358
3.045318574810000 2148729947.353402137756348 8.006727666666654
3.023130523504000 2183321549.529059886932373 8.011222222222209
3.114705580312000 2149009618.240010261535645 8.015712148148134
3.016355958497000 2228205140.825140953063965 8.020227203703691
3.022189572976000 2159438906.336597442626953 8.024738037037023
1.739592790320000 1924965693.911044120788574 8.029183851851839
1.739592790320000 1936651746.226257324218750 8.044144685185172
3.124358473635000 1561846009.770466089248657 8.051085481481469
3.078071681433000 2083638469.564165353775024 8.062107759259247
3.377885635956000 2188093222.816924095153809 8.071037777777764
1.734732730692000 1942569040.179988384246826 8.081540518518505
3.107963267786000 1366892893.094423294067383 8.087611296296283
3.070357216066000 2033602030.967222929000854 8.093136851851838
3.015418455842000 2195346136.048125743865967 8.097618925925913
3.007706388180000 2148440683.141394138336182 8.102106907407395
3.079029078342000 2138498331.833308935165405 8.106530703703690
3.037608907532000 2193285094.296276092529297 8.110964129629616
1.740214027202000 2148880497.203231811523438 8.115433574074061
1.726776081046000 1558675145.707260608673096 8.120577703703690
1.732876215840000 1492905849.263862609863281 8.125180055555541
3.024070423864000 1492063996.398192644119263 8.129786796296282
3.185083944406000 1963146052.546749353408813 8.135244370370355
1.740214027202000 2272760789.149198532104492 8.139779962962947
3.107963267786000 1570185667.325989961624146 8.145013537037022
3.063595348626000 2129917523.686837673187256 8.154530074074058
3.023130523504000 2203806602.976163387298584 8.159021314814799
3.023130523504000 2149002492.471089363098145 8.163516333333318
3.036664211762000 2138360373.853671312332153 8.167942703703687
3.016355958497000 2133972529.751058578491211 8.172363648148131
3.069402929476000 2138415391.945433616638184 8.176794537037020
3.039499354598000 2183480137.443452835083008 8.181289314814798
3.005835133470000 2148107014.251242637634277 8.185778851851834
3.086745943200000 1914349008.323998689651489 8.190226055555538
3.062642750699000 2149415258.010571956634521 8.204533537037019
3.024070423864000 2180248439.130787849426270 8.210459722222204
3.061690861814000 2159124807.852579116821289 8.219458888888871
1.941783219542000 1744132451.628536224365234 8.230234870370353
3.015418455842000 1532385282.839862585067749 8.243351833333316
3.068447576644000 1952592223.269388437271118 8.248833999999983
1.726776081046000 2169469282.931756019592285 8.253326314814798
3.161947741420000 1563765370.645386457443237 8.258501222222206
3.024070423864000 2041436105.150214672088623 8.264024185185169
3.115675335448000 2159081487.867963790893555 8.268534740740725
3.014479905698000 2137689656.040057182312012 8.272950629629614
1.740214027202000 2137506517.791923284530640 8.277387203703688
3.162930800470000 1558136527.833745718002319 8.282534166666650
3.076157243922000 2116729457.252600908279419 8.289086222222206
3.061690861814000 2212841137.927493095397949 8.293594092592576
3.061690861814000 2193402881.267590999603271 8.298035296296280
3.078071681433000 2193920096.396430492401123 8.302461462962947
3.023130523504000 2193384612.820010185241699 8.306905037037021
3.030842591166000 2148927456.048357009887695 8.311390185185170
1.741456500966000 2138377717.357256650924683 8.315824129629615
3.006770238420000 1558740841.512000799179077 8.320969629629614
3.022189572976000 1962180422.043439388275146 8.326427203703687
3.077114997138000 2138524032.614646673202515 8.330858296296281
3.038554658828000 2183604448.033487796783447 8.335352999999985
3.023130523504000 2148953288.854392051696777 8.339838407407393
3.022189572976000 1900417375.078616142272949 8.344284537037023
3.023130523504000 2131085717.849569797515869 8.348738425925912
3.070357216066000 2134624063.844444036483765 8.362986018518505
3.022189572976000 2158384520.332857608795166 8.368965666666654
3.023130523504000 2149515997.794125080108643 8.377864462962950
3.093500612167000 2165823893.670406341552734 8.386853981481469
3.030842591166000 1940397233.329305648803711 8.400034685185172
3.076157243922000 2130885226.832105398178101 8.404524055555543
1.732876215840000 2181251850.906831264495850 8.409023851851838
3.124358473635000 1558946692.715601444244385 8.414199296296283
3.029899240254000 2037864263.917082309722900 8.419709444444432
3.037608907532000 2158610737.014227390289307 8.424216870370358
1.726776081046000 2138323497.624852180480957 8.428637648148136
3.023130523504000 1557621701.576333284378052 8.433783203703692
3.030842591166000 1962784290.296848058700562 8.439238666666656
3.161947741420000 2132014550.773087978363037 8.443670148148136
3.015418455842000 2272809344.711679458618164 8.448209851851841
3.022189572976000 2169450220.552197456359863 8.452743925925915
1.727392979734000 2138682519.736320018768311 8.457179722222211
3.037608907532000 1558529741.183593273162842 8.462318499999988
3.108929542901000 1962837613.380028724670410 8.467786018518506
1.740214027202000 2227648635.072260856628418 8.472283611111099
1.726776081046000 1569349897.409592151641846 8.477482277777765
3.063595348626000 1493113900.103446722030640 8.482082962962950
3.078071681433000 2001997226.552219867706299 8.487571518518505
3.014479905698000 2193623238.375790596008301 8.491997148148135
3.016355958497000 2148952513.470550537109375 8.496482240740727
3.031784889231000 1919474335.219590425491333 8.500919796296282
3.123387403110000 2131021903.408262014389038 8.505362703703689
3.074243519025000 2161463855.421686649322510 8.519681740740726
3.108929542901000 2134466395.018303155899048 8.526926037037022
1.734114353196000 2207773122.915309906005859 8.535770277777763
3.361414933208000 1649147275.856199979782104 8.545562685185171
3.029899240254000 1875462676.913294792175293 8.559076314814801
3.123387403110000 2134048523.931158542633057 8.563498722222208
3.130124914868000 2217408972.838553905487061 8.568011518518505
3.016355958497000 2244327628.912406921386719 8.572452518518505
3.022189572976000 2158252416.411875247955322 8.576958740740727
3.068447576644000 2138372993.011547327041626 8.581394629629616
3.092539132462000 2175968647.625319004058838 8.585894259259245
3.124358473635000 2193221533.956526756286621 8.590333759259245
3.039499354598000 2238220054.584882736206055 8.594825574074060
3.030842591166000 2158859464.572110176086426 8.599328722222207
3.025951274752000 2128467075.698879480361938 8.603750481481466
3.123387403110000 2138464566.004829645156860 8.608167666666651
1.740835726658000 2227933021.902848243713379 8.612674944444429
3.169659809082000 1570905675.054595232009888 8.617864648148132
3.032727889194000 2081543484.137074708938599 8.623413925925909
3.132072939002000 2169594244.310644149780273 8.627950499999983
3.024070423864000 2228022783.077068328857422 8.632468148148131
3.037608907532000 2159264218.140889644622803 8.636976277777761
3.038554658828000 2138827206.772472620010376 8.641412537037020
3.131099470772000 2138036403.912062406539917 8.645843277777761
1.738971553438000 2218566703.833666801452637 8.650360759259243
3.161947741420000 1571390555.396916151046753 8.655548907407391
3.062642750699000 1898422652.576695680618286 8.661118055555539
3.029899240254000 2229453191.637576580047607 8.675473277777762
3.079029078342000 2068205712.016824960708618 8.681443148148132
3.047213819965000 1898538692.580742120742798 8.692023222222206
1.739592790320000 2126272956.481338024139404 8.700991277777762
3.277628756350000 1362331576.891299724578857 8.717487870370354
3.153253916702000 1717498885.315894842147827 8.722970240740723
3.062642750699000 2268335051.166899681091309 8.727497907407390
3.070357216066000 2162851509.902608394622803 8.732030944444427
1.732876215840000 2180114705.652025222778320 8.736523925925908
3.069402929476000 1564343221.174000501632690 8.741692388888872
3.013542403043000 2001683270.458062410354614 8.747185333333316
3.123387403110000 2147712068.098022937774658 8.751675592592576
3.106995913034000 2227244744.295475006103516 8.756193611111096
3.000927027763000 2248050569.027308940887451 8.760611481481465
3.031784889231000 2159275923.652651786804199 8.765122055555539
3.023130523504000 2137857646.159054040908813 8.769553111111094
3.024070423864000 2132254012.904733657836914 8.773990185185168
3.008641493130000 2138566224.070904493331909 8.778415537037020
3.024070423864000 2138497870.699483633041382 8.782833611111094
3.030842591166000 2138634752.173422098159790 8.787262111111094
3.008641493130000 2138531613.194418191909790 8.791693277777760
3.031784889231000 2138544204.609566211700439 8.796124481481463
3.156197726922000 2138297313.032733917236328 8.800545685185167
3.015418455842000 2273032435.103250980377197 8.805080666666649
3.038554658828000 2168971876.033969402313232 8.809614166666650
3.031784889231000 2138921872.715805530548096 8.814047814814797
3.092539132462000 2139000037.568092346191406 8.818484203703687
3.115675335448000 1968115330.555076122283936 8.822990092592576
3.037608907532000 2284291485.785582065582275 8.837357351851836
3.017294159478000 2128639951.953141927719116 8.843339166666651
1.740214027202000 2158482559.534183025360107 8.852371481481466
3.385597703618000 1488270566.228324413299561 8.862271296296282
3.101215077534000 1795195587.877322196960449 8.873910944444429
3.007706388180000 1939840501.792114734649658 8.879490944444429
3.062642750699000 2154097610.800614356994629 8.883987259259245
3.008641493130000 2172271987.515327453613281 8.888472759259244
3.132072939002000 2148334189.235416889190674 8.892965888888874
3.099286245756000 2225443131.977467060089111 8.897479425925910
3.024070423864000 2248635835.733725547790527 8.901908999999984
3.021249672616000 2148016089.336223125457764 8.906446166666651
3.046266726490000 2138235721.650780916213989 8.910864277777762
1.733495054124000 2138373773.829740285873413 8.915302592592576
3.015418455842000 1556427635.913294792175293 8.920446462962946
3.101215077534000 1962136266.769499063491821 8.925921018518501
1.740214027202000 2228139445.417372703552246 8.930436259259242
3.107963267786000 1571537982.560938835144043 8.935628944444428
3.007706388180000 2042069265.026690721511841 8.941155222222205
3.116644008268000 2158496173.327910423278809 8.945663055555539
3.116644008268000 2228383632.724667072296143 8.950159833333316
3.060737909366000 2248664027.634829998016357 8.954604037037020
3.070357216066000 2203985498.230536937713623 8.959099018518502
1.739592790320000 2193439776.611863136291504 8.963535740740724
3.022189572976000 1565308879.007387161254883 8.968699814814798
3.015418455842000 1961492221.631883621215820 8.974172018518502
3.023130523504000 2069086729.043030023574829 8.978652981481465
3.024070423864000 1909296651.394074678421021 8.983107018518503
3.123387403110000 1651586645.826617956161499 8.999078166666651
3.100251200124000 2237359913.653134346008301 9.005066074074058
3.123387403110000 2242498506.733785152435303 9.013939240740726
3.510081741985000 2240277784.626957416534424 9.022801555555541
1.741456500966000 1901594224.329143524169922 9.034298055555540
3.092539132462000 1558459561.677789688110352 9.039498018518504
3.124358473635000 1954024602.997092485427856 9.044962574074059
3.107963267786000 2224714888.576293945312500 9.049464907407392
1.726776081046000 2245462902.916586875915527 9.053908203703688
3.061690861814000 1571675750.824347019195557 9.059103111111096
1.740214027202000 2001722812.297559976577759 9.064591703703689
3.053978794152000 1564698552.873303890228271 9.069762870370356
3.030842591166000 2001876411.973535776138306 9.075271314814801
3.024070423864000 2148418432.487527370452881 9.079758962962948
3.023130523504000 2138093057.780536174774170 9.084174777777763
3.161947741420000 2138188283.000212669372559 9.088613722222208
1.740214027202000 2272412585.760148525238037 9.093159129629615
3.186074196571000 1575890930.532417774200439 9.098372592592579
3.021249672616000 2082305197.427485227584839 9.103921277777765
3.015418455842000 2169420626.747094154357910 9.108452611111097
3.024070423864000 2138538140.740648031234741 9.112888666666652
3.022189572976000 2138541165.254768848419189 9.117317518518504
3.128177615849999 2138147936.422909736633301 9.121742592592579
3.107963267786000 2228244903.988183498382568 9.126255925925912
3.083866911200000 2248853082.430833816528320 9.130686351851839
3.069402929476000 1982591951.963824510574341 9.135182962962951
3.132072939002000 2186316823.748424053192139 9.139619592592581
3.017294159478000 2203287526.894797325134277 9.153932907407397
3.116644008268000 2151564352.211135864257812 9.159922370370360
3.116644008268000 2206023804.878048896789551 9.168843666666657
3.021249672616000 2212828962.416203975677490 9.177863018518508
3.031784889231000 2007768776.398233890533447 9.191792296296287
3.031784889231000 2135557199.178096055984497 9.196226444444434
3.112767873900000 2136805715.789429903030396 9.200659907407397
3.023130523504000 2220677125.543395996093750 9.205179666666657
1.740835726658000 2155063273.688140869140625 9.209692981481473
3.024070423864000 1558313497.760267734527588 9.214839925925917
3.061690861814000 1962426758.070749998092651 9.220302037037028
3.014479905698000 2181128579.542181015014648 9.224801629629621
1.739592790320000 2139551491.866667985916138 9.229293888888879
3.015418455842000 1557633496.011093139648438 9.234435462962953
3.007706388180000 1963021988.420720577239990 9.239895407407397
3.060737909366000 2138549750.691824913024902 9.244318759259249
3.061690861814000 2183498895.719677448272705 9.248813055555546
3.062642750699000 2193520390.903965473175049 9.253247222222212
3.070357216066000 2192790040.780925750732422 9.257688296296287
3.029899240254000 2194002945.655993938446045 9.262114148148139
3.084827064800000 2149012837.399817466735840 9.266599018518511
3.015418455842000 2170044285.217106342315674 9.271121888888882
3.077114997138000 2147593255.972133636474609 9.275614203703697
1.738971553438000 2183503456.287642002105713 9.280109499999993
1.726776081046000 1565416577.319587469100952 9.285273851851844
1.726776081046000 1443621070.710266351699829 9.291010092592584
3.016355958497000 1364315252.539418697357178 9.295631666666658
1.726776081046000 1657885099.711616754531860 9.311081777777769
3.038554658828000 1617126502.398219585418701 9.318004351851844
2.998127863897000 2105818034.789232730865479 9.327874370370361
3.394364761480000 2134719663.959722280502319 9.336731333333324
1.914223726800000 1956372197.766293525695801 9.347273518518509
3.077114997138000 1262278879.775639533996582 9.352437166666657
3.122415247590000 1992594193.763672113418579 9.357931259259249
1.732876215840000 2232551615.055729866027832 9.362427148148138
3.109896537774000 1570935956.902914047241211 9.367621277777767
3.115675335448000 2041797767.946913242340088 9.373146833333323
3.078071681433000 2245329087.809818267822266 9.377590148148137
3.106029637919000 2203739598.645635604858398 9.382074962962951
2.999060571142000 2238039867.109634399414062 9.386562092592580
3.025011024336000 2159019575.662335395812988 9.391075444444432
3.061690861814000 2138411134.813895940780640 9.395494018518507
3.070357216066000 2182848351.811890602111816 9.399973685185174
3.161947741420000 2193168597.652723312377930 9.404404351851840
1.740214027202000 2282934291.454560756683350 9.408911629629618
3.038554658828000 1577500655.685271024703979 9.414122462962951
3.079029078342000 1948465466.450659275054932 9.419597814814802
3.061690861814000 2183233768.490022659301758 9.424074703703690
1.740835726658000 2193375305.087927818298340 9.428513314814801
3.025011024336000 1564716986.542970180511475 9.433679277777763
3.015418455842000 1963081617.143128395080566 9.439137462962949
3.093500612167000 2138750894.370175123214722 9.443563296296281
3.178359731204000 2183341153.204375743865967 9.448058018518504
3.030842591166000 2068084808.277249574661255 9.452697240740726
3.070357216066000 2259202860.358331680297852 9.467292666666651
3.158997099750000 2200490097.194204807281494 9.473351555555540
3.123387403110000 2262601684.762260913848877 9.482254888888873
3.510081741985000 2178303511.998867988586426 9.491285833333317
3.101215077534000 1949889859.237291574478149 9.502369629629612
3.015418455842000 2230110875.909666061401367 9.506805018518500
3.016355958497000 2148180797.332417964935303 9.511336796296279
3.017294159478000 2134105216.925728321075439 9.515763981481465
3.021249672616000 2137340501.193715810775757 9.520200796296280
3.060737909366000 2138055779.586725234985352 9.524636907407391
3.024070423864000 2183135491.305689811706543 9.529136444444427
1.738971553438000 2146949803.255157947540283 9.533626185185168
1.738971553438000 1558422041.259891271591187 9.538772425925909
1.739592790320000 1492764717.248486518859863 9.543372722222205
3.059786020481000 1487618513.425490379333496 9.547978388888872
3.014479905698000 2001071159.078725099563599 9.553470777777761
1.740214027202000 2147985737.790307998657227 9.557950370370353
3.154235673758000 1558832034.008213996887207 9.563090740740723
3.030842591166000 2081777270.543008327484131 9.568640074074056
3.025951274752000 2169407105.859633922576904 9.573166333333315
3.016355958497000 2137750150.375939846038818 9.577599666666648
3.032727889194000 2138960341.824652194976807 9.582033388888870
3.024070423864000 2138964714.472143650054932 9.586446592592575
3.029899240254000 2138776884.774762630462646 9.590879777777760
3.121444177065000 2136318656.093489170074463 9.595316814814797
1.901469381074000 2227289184.692179679870605 9.599824314814798
3.030842591166000 1416251799.251511335372925 9.605034814814799
1.732876215840000 1654181231.380337715148926 9.620475481481465
3.116644008268000 1587975549.522438764572144 9.627269259259243
3.006770238420000 2241418955.714090347290039 9.637294185185169
3.085786146800000 2165644447.298481464385986 9.646233944444429
3.022189572976000 1922670730.503130197525024 9.660299592592578
3.161947741420000 2124736356.944217205047607 9.664827740740726
3.031784889231000 2272335359.584849357604980 9.669366925925912
1.733495054124000 2146318723.080820798873901 9.673898666666652
1.732876215840000 1557280851.247580051422119 9.679044925925911
3.062642750699000 1492473573.227953433990479 9.683646740740727
1.734114353196000 2002058654.282974243164062 9.689149796296283
1.732257377556000 1564664347.938449621200562 9.694309074074061
3.060737909366000 1492763174.291790008544922 9.698915759259247
3.000927027763000 2001756286.318991422653198 9.704419333333322
3.016355958497000 2148784305.481704711914062 9.708912055555544
3.015418455842000 2138588184.623618841171265 9.713340685185173
3.062642750699000 2129550064.638671875000000 9.717766999999988
3.024070423864000 2183487315.563723087310791 9.722261425925915
1.727392979734000 2149092388.682994365692139 9.726753518518507
3.054928285332000 1558678924.434817314147949 9.731900166666655
1.727392979734000 2002110836.675909280776978 9.737403425925914
3.046266726490000 1564630256.913176298141479 9.742577388888877
3.154235673758000 1963129782.170968294143677 9.748040388888878
3.014479905698000 2272355915.140204906463623 9.752565499999989
3.058833777075000 2169808520.388540267944336 9.757091462962952
3.101215077534000 1969530243.054270982742310 9.761596629629619
3.147501869736000 2203350248.453202247619629 9.776555851851841
3.008641493130000 2270192723.624066352844238 9.782535629629619
3.062642750699000 2178224228.712208271026611 9.791465499999989
3.109896537774000 2175288210.422363281250000 9.800391462962951
3.015418455842000 1990121687.459704399108887 9.814322111111100
3.023130523504000 2142322850.086562633514404 9.818836074074063
3.006770238420000 2127131659.323052167892456 9.823274296296285
1.733495054124000 2134788129.600261211395264 9.827699870370360
1.727392979734000 1558053852.795165300369263 9.832847648148137
3.062642750699000 1492069758.275348901748657 9.837451907407397
3.053978794152000 1999310869.104736804962158 9.842959703703693
3.023130523504000 2193046534.719556808471680 9.847398444444433
1.726159641360000 2148516895.407025814056396 9.851883555555544
3.061690861814000 1558775085.832739591598511 9.857029222222211
3.037608907532000 2001235944.137584209442139 9.862517574074063
3.106995913034000 2193486450.801634788513184 9.866935629629619
3.108929542901000 2238626600.058577537536621 9.871424759259249
1.726159641360000 2248513234.465928077697754 9.875863925925914
1.720057107968000 1571910277.295557498931885 9.881058944444433
3.062642750699000 1492271174.976144552230835 9.885658407407396
3.023130523504000 2002022120.138486385345459 9.891156999999989
3.008641493130000 2148756566.256121158599854 9.895649666666655
1.727392979734000 2138312615.513276338577271 9.900078370370359
3.147501869736000 1559412677.515431404113770 9.905226592592582
3.107963267786000 2081061749.869542360305786 9.910762666666656
3.124358473635000 2045768033.853094577789307 9.915261407407398
3.061690861814000 2165974266.225713253021240 9.930671333333324
3.022189572976000 2181478805.078601837158203 9.936648481481472
3.053978794152000 2163918971.999326705932617 9.945558981481472
3.379986807804000 1886132188.392670392990112 9.956190833333324
1.920940301280000 2011870358.302931785583496 9.967302370370360
1.726776081046000 1401300348.317183732986450 9.972470074074064
3.068447576644000 1480425419.567754507064819 9.977071370370361
3.006770238420000 1992400466.560364484786987 9.982564685185176
3.017294159478000 2145649215.069673299789429 9.987057888888879
3.017294159478000 2137493843.121995449066162 9.991483833333323
3.007706388180000 2138403111.196466207504272 9.995919425925916
3.077114997138000 2137787150.777258634567261 10.000348574074064
3.008641493130000 2183116803.456796169281006 10.004822851851841
3.024070423864000 2148961904.643993377685547 10.009310129629618
3.172617280416000 2137477516.059957265853882 10.013746629629619
3.038554658828000 2272993864.729557037353516 10.018274185185174
3.023130523504000 2169748939.370407104492188 10.022805037037026
1.738971553438000 2138702012.464674472808838 10.027241277777767
3.039499354598000 1551181703.897108554840088 10.032411777777767
3.129151446638000 1962485313.860298633575439 10.037874222222213
1.738971553438000 2228325869.829483985900879 10.042383407407398
3.076157243922000 1571706518.949439764022827 10.047578518518510
3.039499354598000 2002540084.331389188766479 10.053081499999990
3.017294159478000 2147893178.160207748413086 10.057568722222213
3.030842591166000 2138849866.567549228668213 10.062002925925917
3.123387403110000 2138976008.401435375213623 10.066446611111102
3.024070423864000 2021417500.081975460052490 10.070964685185176
3.016355958497000 2149180529.323750972747803 10.075494574074066
1.740835726658000 2135136379.701045751571655 10.089746722222214
3.009577294620000 1717137900.472689151763916 10.096516499999993
3.171631456638000 1954589897.563983678817749 10.106696296296288
3.456080484416000 2247858927.903328418731689 10.115655203703696
3.077114997138000 1865330313.726378440856934 10.127103018518511
1.738971553438000 2133486743.717421293258667 10.131550944444436
3.068447576644000 1557218142.795821905136108 10.136727981481473
1.734114353196000 1996446623.364828586578369 10.142233407407398
3.054928285332000 1565379636.886803627014160 10.147407796296287
3.077114997138000 1999920810.003230571746826 10.152911203703695
3.177371876744000 2170959138.932583332061768 10.157396592592583
3.031784889231000 2280655010.870903015136719 10.161910851851843
3.031784889231000 2169501921.805763244628906 10.166449407407399
3.124358473635000 2137912209.850915431976318 10.170865240740731
3.115675335448000 2227794514.648521900177002 10.175380296296288
3.131099470772000 2248338274.477427005767822 10.179821462962954
3.076157243922000 2248263826.588146686553955 10.184255351851842
3.030842591166000 2203786289.407327175140381 10.188742555555546
3.160963583980000 2148416253.373053550720215 10.193230740740731
3.016355958497000 2271694912.206862449645996 10.197762648148139
3.124358473635000 2169455668.284075736999512 10.202296648148138
3.062642750699000 2228209861.495844841003418 10.206809148148139
3.069402929476000 2203751433.072424888610840 10.211299629629620
3.139787404369000 2192037696.151485919952393 10.215735685185175
1.739592790320000 2238292171.072440624237061 10.220225444444434
3.133047132348000 1571306218.185447692871094 10.225420481481471
3.024070423864000 1869522363.501799583435059 10.231250499999989
3.069402929476000 2135447505.425475358963013 10.245816555555544
3.030842591166000 2176510691.527900695800781 10.251797407407397
3.015418455842000 2133162673.549158096313477 10.260723259259249
3.447294244914000 2132672387.110806226730347 10.269578222222211
3.008641493130000 1874865951.152259111404419 10.281183444444434
3.031784889231000 2143347469.653529644012451 10.285685462962952
3.076157243922000 2139406272.653909921646118 10.291101092592582
3.083866911200000 2174424509.767580032348633 10.295597259259248
3.062642750699000 2192537979.616931915283203 10.300039944444434
1.740214027202000 2190299744.834142208099365 10.304481499999989
3.008641493130000 1553744687.709295272827148 10.309652074074062
3.029899240254000 1962703556.829967498779297 10.315115740740730
1.740835726658000 2138501980.789059638977051 10.319551870370359
3.062642750699000 1553559367.096816062927246 10.324692203703693
3.024070423864000 2000648373.456426143646240 10.330188407407396
3.100251200124000 2149001252.744254112243652 10.334667462962951
3.016355958497000 2225581626.201834201812744 10.339178314814802
3.147501869736000 2159033653.371913433074951 10.343683944444432
3.008641493130000 2272207314.836327552795410 10.348227222222210
2.998127863897000 2169673553.516219139099121 10.352755444444432
1.727392979734000 2138272772.860617160797119 10.357186888888876
1.726159641360000 1558590960.894778728485107 10.362337759259246
3.016355958497000 1492998056.424061775207520 10.366939814814801
3.098322368346000 1963478881.682556390762329 10.372407685185172
3.007706388180000 2228234856.692603111267090 10.376920129629616
3.124358473635000 2084278968.845931053161621 10.381426407407393
3.030842591166000 2190610108.999314785003662 10.385940537037023
3.025011024336000 2172560840.404706001281738 10.400328666666653
3.123387403110000 2126323647.190409421920776 10.406206351851838
3.048161618910000 2195362584.828647136688232 10.415162314814800
1.928345273386000 2165251377.587912082672119 10.424074833333320
3.023130523504000 1753751743.086851835250854 10.433928574074061
3.160963583980000 1705515499.098151922225952 10.442101092592580
3.176382918536000 2270608231.738405227661133 10.446641333333321
1.740835726658000 2298072685.491625785827637 10.451089722222211
3.069402929476000 1577098889.172625303268433 10.456311055555544
1.726776081046000 1998002546.569205284118652 10.461808648148136
3.161947741420000 1565299095.103544473648071 10.466986240740729
1.734114353196000 2081750156.806747436523438 10.472536833333322
1.740214027202000 1576714031.492091417312622 10.477750370370359
1.733495054124000 1492625814.863102912902832 10.482352370370359
1.728008960418000 1492459916.646236896514893 10.486960129629619
3.063595348626000 1492958863.957547426223755 10.491559592592582
3.000927027763000 2001953017.358764410018921 10.497067537037026
3.016355958497000 2147660727.254720687866211 10.501555240740730
3.116644008268000 2138446289.725975751876831 10.505970907407397
3.061690861814000 2228465684.200147151947021 10.510478333333323
3.077114997138000 2204035915.795031070709229 10.514968259259248
3.108929542901000 2193536694.832384586334229 10.519399703703693
3.014479905698000 2238241408.878042221069336 10.523891851851841
1.732876215840000 2159123132.186264514923096 10.528407925925915
3.030842591166000 1558754822.503094911575317 10.533553555555544
3.053978794152000 1963135643.796274662017822 10.539008611111100
1.726159641360000 1921638707.098965644836426 10.543456833333323
3.060737909366000 1937168979.268322944641113 10.558409796296287
3.016355958497000 2126978452.482753753662109 10.564538370370361
3.061690861814000 2201877519.916607856750488 10.574380333333323
3.439582177252000 2155755139.756099224090576 10.583298648148139
3.547551124520000 2024251452.305789709091187 10.592402944444435
3.107963267786000 1974973271.772727251052856 10.597669259259250
3.069402929476000 2254377066.217955112457275 10.602159481481472
3.008641493130000 2197705350.389687061309814 10.606664518518508
3.079029078342000 2146527919.619895219802856 10.611150611111102
3.022189572976000 2182845742.970894336700439 10.615643833333325
3.159980524930000 2148918833.753345966339111 10.620133703703695
3.186074196571000 2272420352.033408641815186 10.624674518518511
1.726776081046000 2303031394.182547569274902 10.629105629629622
1.741456500966000 1572735484.695144891738892 10.634324259259252
3.022189572976000 1492831941.696027994155884 10.638928481481473
3.031784889231000 1958642013.837176084518433 10.644399518518510
1.721285190144000 2138293943.025105476379395 10.648834870370361
1.740214027202000 1558097513.555550575256348 10.653978314814806
3.178359731204000 1492869199.398322105407715 10.658582722222214
3.124358473635000 2081925557.120260715484619 10.664132092592585
3.078071681433000 2258733833.173269271850586 10.668624888888880
3.069402929476000 2203768606.364233016967773 10.673112351851843
1.740835726658000 2192743471.172249317169189 10.677553481481473
3.007706388180000 1565343357.335475444793701 10.682717629629622
3.079029078342000 1962915810.377310514450073 10.688172907407399
3.053028242088000 2183306074.910590648651123 10.692672592592585
3.016355958497000 1990522100.774849414825439 10.697258907407399
3.007706388180000 2127397897.644819498062134 10.701763555555546
3.008641493130000 2222477075.712722301483154 10.717108351851843
3.116644008268000 2216752555.328415393829346 10.725025722222213
3.178359731204000 2208971595.539730548858643 10.733955592592583
3.395420537520000 2246897961.526477336883545 10.742989222222212
3.025011024336000 1897889015.265954732894897 10.751325370370360
3.009577294620000 1855171633.355278491973877 10.755797759259249
3.028956942189000 2135438951.085731506347656 10.760234092592581
3.114705580312000 2128076761.176799058914185 10.764677407407396
1.732876215840000 2224000444.000443935394287 10.769181907407395
3.008641493130000 1560943610.274579286575317 10.774408759259247
3.008641493130000 1962636526.082807064056396 10.779880648148136
1.740214027202000 2138454656.282598495483398 10.784300999999989
3.008641493130000 1558874883.998647451400757 10.789449407407396
3.007706388180000 1962571334.659396886825562 10.794914388888877
3.062642750699000 2138235862.287746429443359 10.799350907407396
3.016355958497000 2183367166.857358932495117 10.803850425925914
3.070357216066000 2148718142.134615898132324 10.808343037037025
3.060737909366000 2183167913.539180755615234 10.812835759259247
3.106995913034000 2193827804.743103027343750 10.817253870370358
3.014479905698000 2237662599.706781387329102 10.821725314814802
3.123387403110000 2159218303.271020412445068 10.826238574074061
3.030842591166000 2228175154.953596115112305 10.830756055555543
3.008641493130000 2157542284.273325920104980 10.835272444444433
3.024070423864000 2138577568.624828577041626 10.839703407407397
1.726159641360000 2138426763.231011867523193 10.844142333333323
3.032727889194000 1546333840.915947198867798 10.849298703703694
3.046266726490000 1808829260.676087141036987 10.854991592592583
3.067493290054000 2126535939.027753353118896 10.859423481481471
1.740214027202000 2125124857.334372043609619 10.873734333333323
3.108929542901000 1478452184.766780138015747 10.879876611111101
1.725543201674000 2098309761.896557569503784 10.887937999999989
3.100251200124000 1488290559.335098266601562 10.897884333333323
3.418571132094000 1993518326.394474744796753 10.908083648148137
3.161947741420000 1928042276.797536134719849 10.915636166666657
1.726159641360000 1847236279.807644605636597 10.920118611111102
3.099286245756000 1552442221.520078182220459 10.925276240740731
3.062642750699000 2033737161.915051460266113 10.930795481481471
3.016355958497000 2202449300.525845527648926 10.935275037037027
3.153253916702000 2148538175.985713481903076 10.939754777777768
3.168673251258000 2271392022.917584896087646 10.944292777777768
3.061690861814000 2302950783.550672054290771 10.948713537037028
1.745685729320000 2214213553.038105010986328 10.953208907407399
3.006770238420000 1562716762.840041637420654 10.958375759259251
3.016355958497000 1962910364.999086141586304 10.963846092592584
3.115675335448000 2137886638.353479146957397 10.968267537037029
3.015418455842000 2228092924.853216171264648 10.972784129629622
3.075200559627000 2159169883.677391052246094 10.977284703703695
3.059786020481000 2182822570.781613826751709 10.981766407407399
3.093500612167000 2193814311.458176612854004 10.986205740740733
1.732257377556000 2193893751.409880638122559 10.990638740740733
3.024070423864000 1565660922.360526561737061 10.995808648148140
1.732876215840000 1963116076.416042804718018 11.001278703703695
1.733495054124000 1558500194.401244163513184 11.006422703703695
3.023130523504000 1492983286.303451299667358 11.011029703703695
3.039499354598000 1962844724.409449100494385 11.016497759259250
3.061690861814000 1934739294.333028316497803 11.020948499999990
3.075200559627000 2271314833.093523502349854 11.035376074074065
3.024070423864000 2179638482.032295227050781 11.041298222222213
1.740835726658000 2132807824.192439556121826 11.050214537037029
3.439582177252000 1851188570.968403577804565 11.059872851851843
1.908870063208000 1815499791.916059255599976 11.071397759259250
3.070357216066000 1252226936.570656776428223 11.076581129629620
3.078071681433000 1991482692.651589155197144 11.082069592592584
1.740835726658000 2187515922.132514953613281 11.086510185185176
3.155216335103000 1564559009.681821584701538 11.091680240740732
3.030842591166000 2081595659.451350927352905 11.097223148148140
1.739592790320000 2168269757.871918201446533 11.101759314814807
3.023130523504000 1558537262.547886848449707 11.106897777777769
3.070357216066000 1962746659.802822589874268 11.112365685185177
3.069402929476000 2182993473.746662616729736 11.116860351851843
3.114705580312000 2193522173.129057884216309 11.121307259259250
3.023130523504000 2229639676.163401603698730 11.125801981481473
3.023130523504000 2159484440.909892082214355 11.130319407407399
3.022189572976000 2128492772.558189868927002 11.134770037037029
3.016355958497000 2138327495.292688369750977 11.139205611111104
3.038554658828000 2138553671.184147834777832 11.143641055555548
3.023130523504000 2138349081.155836820602417 11.148059851851844
3.061690861814000 2138646370.650554656982422 11.152485703703697
3.007706388180000 2183112949.542474746704102 11.156980499999992
3.077114997138000 2148278017.853979587554932 11.161475814814807
1.734114353196000 2182941526.557322978973389 11.165975166666659
1.727392979734000 1565708246.060645103454590 11.171147333333325
3.029899240254000 1326768706.429124593734741 11.175928814814807
3.030842591166000 1955603687.009369373321533 11.181413537037029
3.070357216066000 2257970283.654856681823730 11.195862499999992
1.727392979734000 2173494477.295548439025879 11.201837833333325
3.068447576644000 1847760679.013417005538940 11.211439999999993
3.371221365379000 1941841842.197254419326782 11.221558351851844
3.024070423864000 1865675420.416087150573730 11.234264018518511
3.077114997138000 2124233222.267167806625366 11.238704703703696
3.039499354598000 2176141685.820276260375977 11.243192462962956
3.032727889194000 2145644592.557196855545044 11.247687981481475
3.024070423864000 2137560976.837231397628784 11.252103592592587
3.047213819965000 2138260451.260826826095581 11.256542185185179
3.022189572976000 2119593927.751096248626709 11.260976444444438
3.005835133470000 2136995203.616889715194702 11.265416518518512
3.005835133470000 2137524661.350914955139160 11.269843148148141
3.023130523504000 2137673943.897145032882690 11.274279444444437
3.024070423864000 2138371746.033070564270020 11.278717759259251
3.067493290054000 2138298663.041015148162842 11.283130759259251
1.747557100120000 2183436616.583194255828857 11.287623259259250
3.079029078342000 1554041469.219203472137451 11.293793833333325
3.030842591166000 2002253576.475338220596313 11.299297907407398
1.740835726658000 2148749387.512682914733887 11.303787796296287
3.076157243922000 1559337306.668584823608398 11.308936314814806
3.018232011296000 2002066434.719408988952637 11.314439907407399
3.078071681433000 2149056281.556281566619873 11.318929240740733
3.023130523504000 2183445240.439476966857910 11.323424481481474
3.030842591166000 2148922556.698307037353516 11.327909722222214
1.820841704138000 2136326565.539350271224976 11.332346129629622
3.028956942189000 1388231360.027614593505859 11.337496351851843
3.078071681433000 1655908230.623533487319946 11.352973555555547
3.038554658828000 2112658688.604788541793823 11.358954462962954
3.071312213484000 1730348657.738893508911133 11.369724018518509
1.908870063208000 2253710834.931406021118164 11.378762685185176
1.900790577840000 1530813834.520387411117554 11.388876944444435
3.016355958497000 1335662718.374825239181519 11.393485907407399
3.062642750699000 1737654121.679419517517090 11.399785703703696
3.061690861814000 2180382094.423359870910645 11.404279648148140
1.732876215840000 2185474381.430645942687988 11.408730629629622
3.062642750699000 1559202557.887236595153809 11.413902722222215
3.117613402632000 2001838204.519031286239624 11.419397999999992
1.740214027202000 2237972777.984380722045898 11.423879666666659
1.726159641360000 1570778311.139007568359375 11.429072296296289
3.008641493130000 1491334757.886349678039551 11.433674129629622
3.015418455842000 1963389154.953429460525513 11.439141722222216
3.015418455842000 2131663402.124392986297607 11.443568259259253
3.006770238420000 2138062810.664256572723389 11.447994259259254
3.012604551224999 2138404105.297454357147217 11.452427555555550
3.015418455842000 2136608222.132137537002563 11.456858685185180
3.015418455842000 2138731491.795686721801758 11.461297407407402
3.116644008268000 2120328001.204748630523682 11.465724333333329
3.016355958497000 2227952188.186508178710938 11.470225777777774
3.029899240254000 2159525394.312036037445068 11.474728462962959
1.734114353196000 2138859793.105760812759399 11.479146537037034
3.108929542901000 1558763259.355256795883179 11.484290703703699
3.014479905698000 2041009884.435371875762939 11.489806296296292
3.067493290054000 2149311292.494796752929688 11.494343888888885
3.070357216066000 2108102359.550561904907227 11.498958703703700
3.037608907532000 2045087807.738860130310059 11.503410981481478
3.009577294620000 2173994419.936046600341797 11.517721185185181
3.084827064800000 2126142724.432058334350586 11.523641685185181
3.062642750699000 2154148504.430969715118408 11.532562481481477
3.362461500632000 2155521261.194741725921631 11.541491111111107
3.067493290054000 1638612832.550860643386841 11.554271111111106
3.029899240254000 2181712310.825941562652588 11.558753314814810
3.076157243922000 2144275064.838829040527344 11.563251648148144
1.734114353196000 2179247317.848350524902344 11.567749833333329
3.016355958497000 1564935906.335654258728027 11.572925129629624
3.000927027763000 1960366595.880876541137695 11.578392851851847
3.008641493130000 2138371010.359434843063354 11.582808222222218
3.114705580312000 2138471013.797390699386597 11.587246796296292
3.116644008268000 2228079335.180055141448975 11.591759296296292
3.030842591166000 2240792735.866449832916260 11.596178777777773
3.070357216066000 2158362566.171843051910400 11.600680944444440
3.025011024336000 2183222000.189528942108154 11.605175518518514
3.029899240254000 2147706102.631220340728760 11.609660833333329
3.038554658828000 2138783943.092824697494507 11.614096907407403
3.069402929476000 2138670916.354619503021240 11.618532962962957
3.023130523504000 2183598145.744483470916748 11.623027129629625
1.733495054124000 2148872600.406616210937500 11.627517666666662
1.732876215840000 1558724891.993087530136108 11.632661370370366
1.734114353196000 1493140279.689877510070801 11.637261703703700
3.038554658828000 1492405557.276226758956909 11.641865611111108
3.059786020481000 1963356122.252185106277466 11.647338814814811
1.732876215840000 2183073127.724265098571777 11.651833740740736
3.155216335103000 1511026846.261030912399292 11.657016888888885
3.007706388180000 1698638705.916155815124512 11.672549685185182
3.077114997138000 2145106381.011382341384888 11.678557962962959
3.115675335448000 2187862749.254885196685791 11.687467851851848
1.914223726800000 2226276358.106255054473877 11.696381407407403
3.015418455842000 1477134677.040230751037598 11.709498796296291
3.124358473635000 1748849851.606987953186035 11.715638648148143
3.108929542901000 2224389557.098101615905762 11.720160592592588
3.014479905698000 2230655936.734702110290527 11.724614499999996
3.014479905698000 2151524089.403292655944824 11.729120092592588
3.062642750699000 2136395942.019276618957520 11.733543018518514
1.754278473582000 2183508450.159289360046387 11.738042166666663
3.113736907492000 1565459733.058224439620972 11.743211833333330
3.124358473635000 2042018793.476256608963013 11.748735814814811
3.070357216066000 2248185423.003266811370850 11.753174314814810
3.060737909366000 2202691630.028623104095459 11.757664351851847
3.023130523504000 2194010697.462898731231689 11.762102925925921
3.070357216066000 2148979728.196984767913818 11.766592833333329
3.062642750699000 2183256756.534198760986328 11.771090537037033
3.024070423864000 2193599668.628952503204346 11.775516592592588
1.733495054124000 2149003022.570175647735596 11.780001370370366
3.077114997138000 1558759806.977775096893311 11.785139907407403
3.015418455842000 2002099026.700916767120361 11.790640481481477
3.008641493130000 2149110022.271714687347412 11.795130481481477
3.106995913034000 2138551652.702713727951050 11.799564296296293
2.999994320518000 2228286567.433542728424072 11.804079166666662
3.061690861814000 2159398913.105844974517822 11.808597648148144
3.300764959336000 2183487855.467303276062012 11.813097462962959
3.113736907492000 1968068902.433953762054443 11.817551425925922
3.061690861814000 2162113970.062771797180176 11.831933370370367
3.114705580312000 2177239475.954347610473633 11.837901185185181
3.070357216066000 2208799688.067127227783203 11.846901222222218
3.385597703618000 2155528023.185057640075684 11.855878907407403
1.738971553438000 1858774050.793517351150513 11.867336333333329
3.015418455842000 1534862587.763289928436279 11.872487499999995
1.740214027202000 1946639793.856103420257568 11.877985277777773
3.107963267786000 1556784536.472112655639648 11.883129999999996
1.720057107968000 2041680720.650676727294922 11.888655870370366
3.123387403110000 1570707587.516689538955688 11.893843240740736
2.999060571142000 2041600316.342226028442383 11.899369370370366
3.029899240254000 2159008261.001667022705078 11.903879629629625
3.106995913034000 2138370544.552387714385986 11.908313444444440
3.000927027763000 2228166904.989203929901123 11.912833203703700
3.031784889231000 2151728582.849879741668701 11.917349962962959
1.733495054124000 2137820482.059112071990967 11.921764666666663
3.170645265837000 1558971211.826492786407471 11.926905666666663
3.131099470772000 2080835482.748933315277100 11.932442629629627
3.016355958497000 2258702589.350087642669678 11.936937537037034
1.726159641360000 2159612008.157537460327148 11.941450518518515
3.108929542901000 1558467390.599909305572510 11.946593888888886
3.036664211762000 2000639129.921591758728027 11.952085092592590
1.726776081046000 2148819691.988233566284180 11.956579870370367
3.077114997138000 1558755722.937114238739014 11.961723240740739
3.178359731204000 2002162064.672431707382202 11.967226759259256
3.014479905698000 2066124119.826296091079712 11.971755537037033
3.069402929476000 2175136783.850558757781982 11.986124111111108
1.732876215840000 2169106434.569065093994141 11.992096481481479
3.014479905698000 1864770513.816149473190308 12.001777851851848
3.439582177252000 1938368652.718930482864380 12.011900296296293
3.077114997138000 1984836135.091462850570679 12.022271870370368
3.107963267786000 1948041020.279405355453491 12.027408444444442
1.734114353196000 2233453453.602491378784180 12.031886055555553
3.107963267786000 1565277943.958593606948853 12.037074018518515
3.028956942189000 2038944120.887769460678101 12.042603481481478
3.062642750699000 2158986821.136979103088379 12.047123907407403
3.023130523504000 2183109738.662535667419434 12.051618592592588
3.132072939002000 2148324967.954926967620850 12.056111685185181
1.733495054124000 2227800551.244401454925537 12.060626722222217
3.016355958497000 1570923983.487690448760986 12.065821499999995
3.085786146800000 1963042787.099917888641357 12.071294333333329
3.117613402632000 2181807025.630051612854004 12.075794259259254
3.015418455842000 2238322523.333980560302734 12.080276277777772
3.030842591166000 2159326545.232958316802979 12.084773981481476
3.006770238420000 2138684388.573337793350220 12.089208055555551
3.025011024336000 2137935522.813488960266113 12.093625925925920
1.741456500966000 2138722563.127885103225708 12.098059166666660
3.007706388180000 1558889314.089030742645264 12.103208037037030
3.115675335448000 1963093170.567858457565308 12.108666166666659
3.017294159478000 2227963356.838307380676270 12.113183203703695
3.069402929476000 2158623772.393031597137451 12.117686092592583
3.016355958497000 2183503102.767288208007812 12.122168351851842
3.024070423864000 1958886409.175706624984741 12.126992685185176
3.008641493130000 2127082749.205739498138428 12.131428444444435
1.740214027202000 2113556984.730244636535645 12.145675925925916
3.031784889231000 1480268192.315219402313232 12.152772685185175
3.024070423864000 2108073283.692607879638672 12.160825611111100
3.117613402632000 2195596069.347990512847900 12.169827981481470
3.447294244914000 2167178829.578479290008545 12.178774425925914
3.124358473635000 1558469707.405557394027710 12.189340814814802
3.031784889231000 2231921640.406639099121094 12.193832925925912
3.030842591166000 2154882316.737922668457031 12.198346296296283
1.741456500966000 2129878607.490015745162964 12.202769962962948
3.030842591166000 1557304667.303636312484741 12.207906166666652
3.016355958497000 1963104433.627689123153687 12.213373222222208
3.115675335448000 2137582186.960674285888672 12.217794037037022
1.740214027202000 2228139942.360276699066162 12.222311240740726
3.071312213484000 1571088964.927288293838501 12.227506796296282
3.077114997138000 1995988496.003875017166138 12.233012129629616
3.061690861814000 2186300213.550442695617676 12.237452055555542
3.069402929476000 2179997850.886509418487549 12.241898333333319
1.732257377556000 2193444461.190655708312988 12.246321666666653
3.013542403043000 1565430394.834331274032593 12.251495425925912
3.115675335448000 1962888493.016816854476929 12.256952981481467
3.130124914868000 2228082428.381897926330566 12.261475425925910
3.078071681433000 2248035800.810915946960449 12.265901148148133
3.023130523504000 2204191807.681534290313721 12.270396777777762
3.023130523504000 2148267053.641096115112305 12.274882351851836
1.746309364800000 2138289391.940412998199463 12.279317833333318
3.008641493130000 1559065691.696189403533936 12.284461388888873
1.727392979734000 1785458309.939163923263550 12.290068462962948
3.052078750908000 1541195960.433145284652710 12.296235240740726
3.143587357800000 1933239304.004193782806396 12.301746129629615
3.015418455842000 1690683786.202089786529541 12.317847870370356
1.720057107968000 2065663688.364257812500000 12.323850129629616
3.015418455842000 1488267132.526509046554565 12.333734944444430
3.378935830746000 1740968092.028353929519653 12.343952407407393
3.011666350244000 1918486954.612541675567627 12.360652648148134
3.061690861814000 2136565127.952632665634155 12.365090777777764
3.078071681433000 2176329347.286548137664795 12.369604981481467
3.015418455842000 2192281582.603543758392334 12.374043518518505
1.726159641360000 2148594905.335912227630615 12.378534055555543
1.728008960418000 1559175055.586337089538574 12.383681203703691
3.154235673758000 1490263093.758671760559082 12.388285814814802
3.117613402632000 2080854890.316123008728027 12.393836277777766
3.023130523504000 2258709845.244190692901611 12.398321240740728
3.015418455842000 2158669204.212051391601562 12.402821555555542
3.014479905698000 2138384563.949114799499512 12.407252740740727
3.016355958497000 2138245961.516737461090088 12.411678907407394
3.147501869736000 2132233829.038198947906494 12.416113296296283
3.154235673758000 2272462948.509972572326660 12.420645277777764
3.169659809082000 2303510546.340486526489258 12.425084240740727
3.023130523504000 2302996951.757148265838623 12.429494796296282
3.078071681433000 2169724420.492228984832764 12.434023703703689
3.023130523504000 2183578365.662401676177979 12.438510740740726
3.038554658828000 2149014832.678141117095947 12.442995333333320
1.738971553438000 2136669262.844191551208496 12.447432055555542
3.024070423864000 1559306904.330993413925171 12.452578851851838
3.301791177076000 1962581980.651455163955688 12.458045814814801
1.725543201674000 1925250752.519848585128784 12.462493833333319
3.014479905698000 1937412674.262128829956055 12.477452407407393
3.093500612167000 2074410165.923347949981689 12.483539555555542
1.726776081046000 2208204707.143461704254150 12.493386685185172
3.439582177252000 1645234372.536317586898804 12.503134777777765
3.092539132462000 1740509539.862918853759766 12.515576722222210
3.037608907532000 2128941071.891551494598389 12.520076555555544
3.046266726490000 2137744624.205575942993164 12.524514314814803
3.169659809082000 2129027024.990581274032593 12.528938203703692
1.732876215840000 2271812365.902805328369141 12.533478166666654
3.075200559627000 1575940905.169199943542480 12.538693888888877
3.028956942189000 2000892567.670123815536499 12.544184166666655
3.116644008268000 2148897992.480082035064697 12.548656240740730
1.734114353196000 2227712510.356255054473877 12.553171314814804
1.739592790320000 1570538870.303929567337036 12.558363796296286
3.008641493130000 1492643843.544523715972900 12.562971425925916
3.007706388180000 1963316061.439753055572510 12.568443814814804
3.116644008268000 2136870682.360826015472412 12.572864740740730
3.115675335448000 2228144791.483047008514404 12.577382092592583
3.131099470772000 2247898071.232784748077393 12.581800574074064
3.014479905698000 2248714398.354616641998291 12.586239481481472
1.732257377556000 2159502844.958979129791260 12.590747129629621
3.008641493130000 1558776699.658555507659912 12.595888685185177
3.078071681433000 1962897844.734278440475464 12.601363648148139
3.098322368346000 2182716870.827501773834229 12.605849037037027
1.732876215840000 2227988413.598431110382080 12.610362629629620
3.015418455842000 1571292902.140160322189331 12.615556944444435
3.016355958497000 1816077570.504790782928467 12.621026759259250
1.739592790320000 2175319889.252687931060791 12.635387111111102
3.059786020481000 1511351533.874559879302979 12.642346611111103
3.130124914868000 2124756463.823581218719482 12.652314481481474
3.456080484416000 2178018699.657152175903320 12.661280777777771
3.162930800470000 2039752613.339048385620117 12.670439629629623
3.075200559627000 2051787386.098565101623535 12.676290611111105
3.037608907532000 2211300465.857646465301514 12.680798425925920
3.024070423864000 2135969039.382759809494019 12.685305944444439
3.024070423864000 2131222965.788979768753052 12.689747333333328
3.092539132462000 2135004629.900465726852417 12.694179074074068
3.115675335448000 2182509816.188273429870605 12.698678444444438
1.740835726658000 2238155271.731724262237549 12.703163055555549
3.114705580312000 1571230381.605394124984741 12.708359425925920
3.077114997138000 2041198043.386364221572876 12.713879166666661
3.067493290054000 2196516209.383443355560303 12.718354740740736
3.007706388180000 2193573535.296275615692139 12.722797555555552
3.031784889231000 2149066491.226622581481934 12.727287148148145
1.740214027202000 2138531875.909843683242798 12.731714037037033
1.733495054124000 1559263636.167566537857056 12.736865777777775
3.030842591166000 1493032952.014984607696533 12.741472925925923
3.029899240254000 1953875144.790587186813354 12.746940592592589
1.740214027202000 2138561196.047668457031250 12.751378666666662
3.083866911200000 1558816125.463515281677246 12.756517537037032
3.024070423864000 2001345487.797908067703247 12.762025851851847
1.746309364800000 2149274044.225801467895508 12.766520462962959
3.071312213484000 1559143685.511453390121460 12.771674981481477
3.007706388180000 1830882821.494865894317627 12.777191888888884
1.727392979734000 2175358428.220815658569336 12.791505462962958
3.008641493130000 1589948108.850432634353638 12.798301740740735
3.001860429762000 2169200601.368223667144775 12.808328259259254
3.369124600486000 2135793302.409774780273438 12.817167259259254
1.921626300308000 1972359729.264703512191772 12.827725611111106
3.006770238420000 1372435044.948299407958984 12.832881740740735
1.733495054124000 1953449739.603601932525635 12.838354166666662
1.726776081046000 1553580034.968305349349976 12.843501685185180
3.015418455842000 1491394239.054283618927002 12.848100981481476
3.101215077534000 1961627308.508442163467407 12.853572888888884
3.069402929476000 2227903971.828679084777832 12.858095481481477
3.061690861814000 2203093960.091177940368652 12.862588129629625
3.030842591166000 2192934597.227613449096680 12.867024740740735
3.023130523504000 2148723227.565691471099854 12.871506962962957
3.124358473635000 2138198021.044704437255859 12.875933166666661
3.108929542901000 2227957883.338323593139648 12.880447962962958
3.015418455842000 2248513484.077980518341064 12.884868814814810
3.070357216066000 2159542986.388123512268066 12.889371962962958
3.040444754052000 2182923383.412224769592285 12.893871037037032
1.733495054124000 2148924767.010309219360352 12.898361777777772
3.023130523504000 1558889328.546659231185913 12.903509814814809
3.040444754052000 1962918085.441590547561646 12.908975537037032
1.740214027202000 2183564746.568501949310303 12.913462833333329
3.069402929476000 1565266142.330690145492554 12.918628685185180
3.029899240254000 2002512198.982323646545410 12.924127777777771
1.923684552790000 2123945428.896698474884033 12.928617333333326
3.016355958497000 1398098872.842423915863037 12.933781092592586
3.168673251258000 1656238380.879672288894653 12.949232555555549
3.076157243922000 2267744909.350924968719482 12.955253944444438
3.069402929476000 2187831170.955870628356934 12.964196148148142
3.369124600486000 2187194492.003173828125000 12.973065407407402
3.070357216066000 1973997813.809437274932861 12.982213740740736
3.132072939002000 1883396047.793863296508789 12.988907611111106
3.063595348626000 2222631679.452145099639893 12.993407314814810
3.047213819965000 2182985201.316538333892822 12.997897203703699
3.046266726490000 2147469782.845091581344604 13.002393055555551
3.132072939002000 2137734855.825453519821167 13.006826981481478
3.107963267786000 2228087091.578462600708008 13.011333944444441
3.033670538208000 2246989935.328419208526611 13.015760870370368
1.745685729320000 2158820442.795625686645508 13.020263407407406
3.077114997138000 1558724102.940541267395020 13.025409851851849
1.765828256966000 2000114259.320445299148560 13.030902555555553
3.132072939002000 1564991567.197329044342041 13.036071962962961
3.022189572976000 2041537366.476453542709351 13.041595333333332
3.037608907532000 2159542997.058485031127930 13.046102962962962
3.030842591166000 2138833499.968625068664551 13.050529722222221
3.029899240254000 2138722450.719767093658447 13.054960166666666
3.093500612167000 2138589716.220385551452637 13.059401537037036
3.091576578478000 2183267413.871541023254395 13.063879129629630
3.178359731204000 2191564524.814346313476562 13.068315407407407
1.739592790320000 2282928550.897220134735107 13.072825222222223
1.727392979734000 1577452330.711682319641113 13.078038222222222
3.023130523504000 1493166788.061214923858643 13.082640092592593
3.061690861814000 1885177234.612433910369873 13.088143574074074
3.016355958497000 2057219570.670268297195435 13.092654481481482
3.029899240254000 2131208784.707240819931030 13.106990000000000
1.740214027202000 2125177996.987525701522827 13.112879092592593
1.740214027202000 1819599724.254917144775391 13.122442407407407
3.386650296113000 1703283987.085484027862549 13.133363222222222
3.060737909366000 1869457431.848401784896851 13.145939351851851
3.115675335448000 2170302513.121333599090576 13.150437962962963
3.031784889231000 2226906881.522685050964355 13.154929055555556
1.734114353196000 2157907956.433753967285156 13.159431351851852
3.062642750699000 1554260911.854979276657104 13.164571870370370
3.078071681433000 1999979213.645756721496582 13.170074055555554
1.734114353196000 2191998342.062624931335449 13.174497222222222
3.071312213484000 1565091172.234919786453247 13.179666518518518
3.116644008268000 2001770698.749082088470459 13.185164703703704
3.108929542901000 2235371870.653685569763184 13.189638481481481
1.733495054124000 2248539622.641509532928467 13.194064962962962
3.008641493130000 1571811962.888537168502808 13.199262518518518
1.733495054124000 1962866767.792969226837158 13.204719574074074
3.079029078342000 1557970161.934865951538086 13.209863388888889
3.015418455842000 2002292925.044165849685669 13.215366629629630
3.009577294620000 2148969089.417690753936768 13.219859277777777
3.023130523504000 2138715208.411565780639648 13.224297611111110
3.025011024336000 2124447480.992563962936401 13.228730574074072
3.031784889231000 2129895942.039866209030151 13.233170407407405
1.733495054124000 2137308161.329282283782959 13.237601648148146
3.016355958497000 1559471711.693555593490601 13.242747407407405
3.016355958497000 1785846157.484518051147461 13.248228722222221
1.740835726658000 2134334569.479854822158813 13.262450537037036
1.793965811826000 1590611168.596355438232422 13.269251351851851
3.123387403110000 1671767222.942708253860474 13.280075092592591
3.352662264255000 2147262039.483593225479126 13.290034222222221
3.029899240254000 2001454849.307995319366455 13.303375759259259
3.076157243922000 1836795977.935435056686401 13.307810555555555
3.069402929476000 2181375612.896835327148438 13.312297444444445
3.024070423864000 2178870272.210489273071289 13.316734370370371
1.740835726658000 2147768173.877851009368896 13.321218574074075
3.161947741420000 1555219410.817644357681274 13.326360037037038
3.024070423864000 2081403144.192256212234497 13.331908185185187
3.068447576644000 2169553443.558841705322266 13.336436500000001
3.077114997138000 2183129248.159440517425537 13.340918833333335
3.017294159478000 2193508414.262541770935059 13.345337037037039
3.022189572976000 2148003274.256160736083984 13.349816425925928
3.062642750699000 2138743836.734693765640259 13.354240037037039
3.015418455842000 2183373822.827854633331299 13.358727407407409
3.084827064800000 2139107357.946031808853149 13.363238277777780
3.006770238420000 2183125967.628430843353271 13.367738111111114
3.014479905698000 2148868268.659671306610107 13.372227888888892
1.726776081046000 2138375163.886014938354492 13.376648870370373
3.008641493130000 1558732196.705265998840332 13.381795129629632
1.732876215840000 1962973037.328494310379028 13.387254666666669
3.023130523504000 1559233306.013286113739014 13.392406222222224
1.733495054124000 1962047591.838114500045776 13.397883351851853
3.006770238420000 1558714145.322989940643311 13.403027703703705
3.071312213484000 1717525142.718328714370728 13.408516370370371
3.078071681433000 1663977295.409181594848633 13.424548370370371
3.018232011296000 2166061185.597539901733398 13.430582833333334
3.106029637919000 2149903141.421088218688965 13.439495407407408
3.502367276618000 2235507388.245803356170654 13.448451074074075
3.024070423864000 1861232408.636028051376343 13.459783444444446
3.078071681433000 2154087673.821505546569824 13.464291314814815
1.733495054124000 2182520170.368871212005615 13.468773962962963
3.014479905698000 1555272704.497952938079834 13.473948333333334
3.039499354598000 1962185145.091065883636475 13.479405314814816
3.116644008268000 2136951398.931154012680054 13.483823370370372
3.029899240254000 2227434422.622107982635498 13.488325685185186
3.030842591166000 2159107324.347529411315918 13.492833481481483
1.732876215840000 2138177656.075203180313110 13.497269851851854
3.106029637919000 1553095765.987666368484497 13.502419944444446
3.061690861814000 2040897613.352326154708862 13.507932092592593
3.016355958497000 2203960911.622150897979736 13.512421444444445
3.069402929476000 2131688018.837967872619629 13.516911981481483
3.077114997138000 2182922458.054554939270020 13.521409666666669
3.016355958497000 2192982820.275576114654541 13.525852888888892
1.726159641360000 2149171671.430161952972412 13.530343055555559
3.124358473635000 1559355261.738886594772339 13.535494500000002
3.172617280416000 2041736344.421704292297363 13.541023037037039
3.168673251258000 2292662695.901425838470459 13.545500203703705
3.023130523504000 2303778441.664649963378906 13.549938462962965
3.031784889231000 2169905260.191390991210938 13.554472518518521
3.030842591166000 2138653820.625743627548218 13.558908722222224
1.746309364800000 1922215410.024774312973022 13.563348833333334
3.023130523504000 1975905957.941768407821655 13.578394111111113
1.726776081046000 2023502198.752674579620361 13.584496055555556
1.726776081046000 1484315772.194568157196045 13.592505814814816
3.014479905698000 1487418960.681684255599976 13.601835648148150
3.385597703618000 2107607330.147018909454346 13.611719740740742
3.007706388180000 1948968482.842175245285034 13.618231185185186
3.037608907532000 1894983960.408903360366821 13.624502703703705
3.071312213484000 2180988817.198974609375000 13.628988759259260
3.015418455842000 2193212339.469089031219482 13.633421388888889
3.124358473635000 2133652025.099828958511353 13.637901277777779
3.077114997138000 2226427111.641233444213867 13.642419222222223
3.031784889231000 2203590825.983417034149170 13.646906129629631
3.008641493130000 2148670247.366199493408203 13.651381425925928
3.123387403110000 2138476784.939417362213135 13.655819796296299
3.131099470772000 2227834211.292259693145752 13.660337148148152
3.023130523504000 2248043164.506214141845703 13.664771518518522
3.015418455842000 2158825556.759952545166016 13.669281740740745
3.162930800470000 2137213726.140173196792603 13.673695055555561
3.085786146800000 2272502225.801309108734131 13.678225259259264
3.106995913034000 2214110781.956490993499756 13.682738629629634
3.062642750699000 2236354054.656723022460938 13.687223185185189
3.079986118944000 2203853838.417700290679932 13.691697685185190
3.023130523504000 2193608665.723833084106445 13.696136629629635
3.029899240254000 2148652971.162729263305664 13.700626703703708
1.740214027202000 2138403159.478435039520264 13.705057814814820
3.025011024336000 1553492188.455753803253174 13.710204518518523
1.740835726658000 1963053787.024839639663696 13.715658814814820
3.243750680475000 1526881840.384574651718140 13.720921000000004
3.106995913034000 1877383980.700616359710693 13.726401888888892
3.007706388180000 2161618153.849730491638184 13.740739833333336
2.993212562396000 2067944372.382611274719238 13.746736055555559
3.014479905698000 1695610935.371718883514404 13.757490148148150
1.922312810132000 1728177307.721415519714355 13.768256740740743
3.124358473635000 1683801025.687676906585693 13.778027962962964
1.741456500966000 1767760041.614981174468994 13.784969907407408
3.030842591166000 1569021387.822544336318970 13.790170166666668
3.122415247590000 1956138029.493655204772949 13.795644037037038
3.015418455842000 2226684996.085151195526123 13.800161500000002
3.015418455842000 2158944423.915453433990479 13.804671833333336
3.007706388180000 2138487077.459927082061768 13.809097777777779
3.019169863114000 2134368355.995055675506592 13.813502333333336
1.740214027202000 2138497031.745233297348022 13.817919444444447
3.014479905698000 1558962692.631291389465332 13.823069851851855
3.006770238420000 1962649625.439535379409790 13.828520685185188
3.014479905698000 2138642679.403463602066040 13.832956166666669
1.740835726658000 2138353752.260397911071777 13.837380166666669
3.015418455842000 1558475585.318032503128052 13.842518240740743
3.022189572976000 1962381477.106077909469604 13.847973351851854
1.726159641360000 2138573027.098066329956055 13.852411962962965
3.024070423864000 1558630878.134975194931030 13.857557759259262
3.093500612167000 1963209579.418678045272827 13.863025500000003
3.038554658828000 2228025913.487427711486816 13.867530518518521
3.014479905698000 2159244202.402286529541016 13.872046277777780
3.038554658828000 2138658642.091404914855957 13.876477111111114
1.727392979734000 2138588738.829199790954590 13.880903333333336
3.006770238420000 1396092292.777508497238159 13.886060833333335
1.720057107968000 1654359232.836497545242310 13.901503000000002
3.167687794503000 1593193292.646605014801025 13.908342370370372
1.726776081046000 2228237339.374595642089844 13.918339462962965
3.502367276618000 1851869053.567428827285767 13.928012629629633
3.069402929476000 1752710758.721418142318726 13.940260574074077
3.072266855488000 2199028090.003251552581787 13.944760000000004
3.053978794152000 2193251887.193774223327637 13.949200259259264
3.070357216066000 2182720900.458319664001465 13.953640796296302
1.719443066880000 2193089010.051680088043213 13.958069759259265
3.014479905698000 1565134249.948109388351440 13.963244462962969
3.030842591166000 1962324099.469428300857544 13.968706777777784
3.093500612167000 2137810808.330274105072021 13.973145740740748
3.006770238420000 2226752384.194787979125977 13.977660425925933
3.168673251258000 2159093272.428314208984375 13.982176666666673
3.076157243922000 2265166056.634912490844727 13.986709925925933
3.106029637919000 2214247507.505281448364258 13.991206759259265
3.106995913034000 2238267936.775344371795654 13.995691648148155
3.015418455842000 2248305606.375780105590820 14.000125092592599
3.006770238420000 2159059620.429326057434082 14.004636037037043
3.108929542901000 2138803601.453598737716675 14.009074574074081
1.739592790320000 2227403150.654537677764893 14.013581574074081
3.015418455842000 1572054886.856042385101318 14.018774074074081
3.107963267786000 1963398467.173087358474731 14.024234814814822
3.100251200124000 2228038019.749878883361816 14.028739296296303
1.720057107968000 2248577593.888710021972656 14.033165833333340
3.057881179148000 1571113704.310926675796509 14.038350333333341
3.023130523504000 1829216042.101442813873291 14.043860833333341
1.734114353196000 2175514494.357158660888672 14.058171000000007
3.125330267490000 1589145506.633266448974609 14.064964759259267
3.015418455842000 1783502389.068659782409668 14.075243055555562
3.446221273266000 2198099658.980592727661133 14.084170537037044
3.029899240254000 1985146605.581008195877075 14.093329907407416
3.024070423864000 2042269761.389001131057739 14.097826611111119
3.016355958497000 2137143320.722922801971436 14.102266407407415
3.061690861814000 2131705837.356574058532715 14.106696685185192
3.083866911200000 2169225053.778506755828857 14.111190425925932
3.138811538434000 2188892046.733881950378418 14.115631648148154
3.024070423864000 2192979058.838273048400879 14.120064703703710
3.038554658828000 2148767937.672616481781006 14.124557111111118
3.046266726490000 2138444433.306184053421021 14.128990722222229
3.029899240254000 2138035482.767539262771606 14.133430018518524
1.734114353196000 2137173332.551820516586304 14.137853222222228
3.061690861814000 1559142034.362630367279053 14.143004166666673
3.131099470772000 2001726553.733239173889160 14.148499592592598
3.032727889194000 2238318132.751019954681396 14.152994222222228
3.024070423864000 2152070824.880288600921631 14.157503518518524
3.029899240254000 2138509140.148950576782227 14.161934518518525
3.078071681433000 2138726649.707964658737183 14.166360666666673
3.069402929476000 2183450513.031368732452393 14.170842018518526
3.038554658828000 2193441362.892800331115723 14.175268333333340
3.008641493130000 2148742601.898380756378174 14.179745833333341
1.734114353196000 2136195725.985291004180908 14.184180037037045
1.734732730692000 1558866273.731812953948975 14.189323351851860
1.879969246960000 1492475602.591444969177246 14.193925388888896
3.117613402632000 1490200951.635246515274048 14.198537333333341
3.084827064800000 1684639157.165880918502808 14.214049370370379
3.016355958497000 2148766840.207756996154785 14.220064240740749
3.060737909366000 2135774247.596707820892334 14.228906277777787
3.394364761480000 2214516934.544990539550781 14.237909351851862
3.038554658828000 2120798748.705165624618530 14.246883759259269
3.024070423864000 2137545460.617496252059937 14.251319833333342
1.740214027202000 1969286818.602556467056274 14.255761277777786
3.038554658828000 1552779489.835556268692017 14.260909944444453
3.116644008268000 1961423008.393037080764771 14.266366407407416
1.799399136376000 2226867064.679881095886230 14.270882666666676
3.022189572976000 1570382567.950190067291260 14.276075740740749
3.162930800470000 1961757086.180370569229126 14.281504277777787
3.038554658828000 2272967573.477814197540283 14.286043314814824
1.726776081046000 2169285579.572591781616211 14.290579703703713
3.024070423864000 1556348319.250716209411621 14.295732277777788
3.023130523504000 1990321714.359334230422974 14.302200518518529
3.170645265837000 2128689160.956042051315308 14.306632370370380
3.024070423864000 2272315993.314036369323730 14.311174777777788
3.116644008268000 2169521431.727794647216797 14.315700777777788
3.015418455842000 2227976165.879575252532959 14.320218111111123
