2.946925770194000 2195861703.998031139373779 0.001053296296296
3.323901162322000 2196772538.101305484771729 0.010006037037037
3.000927027763000 1876170355.459662675857544 0.017687796296296
2.946925770194000 2102931612.862591981887817 0.022392222222222
1.725543201674000 2144831856.798122167587280 0.026873851851852
3.000927027763000 1550583354.905514001846313 0.032024518518519
3.062642750699000 1993881686.900184631347656 0.037529685185185
2.954640235561000 2237681865.990224361419678 0.042019407407407
2.946925770194000 2158099722.376457214355469 0.046521907407407
2.946925770194000 2138309055.957206726074219 0.050953203703704
2.954640235561000 2138458521.190261363983154 0.055389203703704
2.954640235561000 2137955900.555963516235352 0.059802629629630
2.959591516032000 2138350243.926888704299927 0.064236259259259
2.961433982208000 2138299868.087095737457275 0.068672407407407
3.059786020481000 2137042602.245388984680176 0.073106185185185
3.000927027763000 2228212010.096110343933105 0.077611037037037
3.053978794152000 2203876628.652740001678467 0.082100944444444
3.054928285332000 2238589628.173573970794678 0.086585314814815
3.000927027763000 2248731140.650799751281738 0.091026574074074
2.962354700928000 2203425474.098295688629150 0.095517555555556
1.712726492400000 2148797615.698992252349854 0.099994370370370
3.062642750699000 1558123003.028088092803955 0.105137574074074
2.954640235561000 2042056593.657006502151489 0.110663648148148
1.698686498146000 2159239873.981853008270264 0.115172111111111
2.946925770194000 1558696993.166451215744019 0.120312870370370
2.952802567474000 1800436958.197530508041382 0.125790129629630
2.946925770194000 2135053001.696989774703979 0.140041944444444
3.045318574810000 2123455320.614151954650879 0.145957962962963
2.952802567474000 2174735763.797735691070557 0.155904240740741
3.322866596818000 2164365321.037062644958496 0.164844018518519
3.047213819965000 1919594415.325386285781860 0.175623518518519
2.946925770194000 2222673713.675371170043945 0.180148685185185
2.930585711560000 2158338437.708726882934570 0.184667925925926
1.699293343440000 2128794268.919911861419678 0.189103777777778
1.685860194480000 1557757424.781624078750610 0.194255444444444
2.977783631662000 1491890499.311544418334961 0.198855111111111
1.700507485886000 2001682839.176431417465210 0.204353314814815
2.947842375756000 1564645006.189048528671265 0.209529722222222
3.041389801664000 1962206556.075448036193848 0.214987481481482
2.930585711560000 2227748984.161548137664795 0.219494796296296
2.946009846884000 2158484268.833087444305420 0.224008129629630
2.256769025280000 2138582070.283683061599731 0.228426203703704
2.945092900196000 1558126834.008097171783447 0.233572037037037
3.024070423864000 1962697667.330434560775757 0.239040259259259
2.992282252856000 2183190939.529263019561768 0.243514722222222
1.694994780780000 2191898308.063058376312256 0.247940944444445
2.946925770194000 1564282867.369642972946167 0.253109444444444
2.983641236586000 1963253983.777253627777100 0.258581870370370
2.970069166295000 2183228467.388342380523682 0.263067314814815
2.946009846884000 2148951882.862445831298828 0.267557129629630
3.061690861814000 2138311849.078052043914795 0.271988166666667
2.954640235561000 2025634844.976331710815430 0.276506592592593
2.952802567474000 2139947059.157591342926025 0.291832574074074
2.999994320518000 2065134004.385153293609619 0.297736333333333
3.046266726490000 1723375398.934348821640015 0.308552185185185
2.961433982208000 2205274626.438034534454346 0.317471574074074
3.394364761480000 2174666322.147898674011230 0.324495148148148
2.954640235561000 1903741200.371597051620483 0.332389000000000
2.953721914546000 2144390852.836536169052124 0.336880981481482
3.061690861814000 2137111761.019427776336670 0.341313388888889
2.953721914546000 2219189385.068592548370361 0.345820666666667
1.700507485886000 2158176156.152953147888184 0.350334759259259
1.700507485886000 1558661995.160454034805298 0.355477574074074
1.692576768960000 1492778561.093247652053833 0.360084981481482
3.085786146800000 1492545122.996848106384277 0.364685370370370
1.706009917920000 2078011577.424023151397705 0.370213370370370
2.953721914546000 1564977277.775231599807739 0.375466018518519
2.953721914546000 1953204017.793666601181030 0.380936129629630
1.685860194480000 2137178404.893620729446411 0.385368203703704
2.992282252856000 1558839993.948170423507690 0.390508981481481
3.031784889231000 2002006920.694762468338013 0.396010462962963
3.047213819965000 2237954935.728411197662354 0.400505277777778
2.984570185194000 2248577660.985601425170898 0.404930851851852
3.038554658828000 2203134372.875770092010498 0.409425944444444
1.700507485886000 2238622464.106238365173340 0.413910629629630
3.039499354598000 1571834846.491931676864624 0.419105796296296
3.039499354598000 2041588257.786662578582764 0.424626870370370
2.984570185194000 2247964861.652661800384521 0.429067518518519
2.961433982208000 1996948356.015897989273071 0.433680296296296
2.999060571142000 2176516462.123580932617188 0.448662500000000
3.006770238420000 2171064223.770148277282715 0.454630925925926
2.930585711560000 2155394485.094206809997559 0.463587796296296
3.322866596818000 2149836314.054701805114746 0.472504148148148
2.969146049870000 1991217217.749983310699463 0.481689759259259
2.963276105472000 2007577332.400664567947388 0.487619907407407
3.005835133470000 2135562965.255357265472412 0.492047981481481
3.037608907532000 2181146960.461285114288330 0.496544277777778
1.693786112424000 2225076666.337025165557861 0.501038500000000
2.959591516032000 1570227451.679623365402222 0.506231462962963
1.706009917920000 1962146536.475156068801880 0.511706777777778
2.999994320518000 1558209665.224060058593750 0.516850074074074
2.947842375756000 2001237545.471050024032593 0.522358259259259
2.944176976886000 2148934614.479372978210449 0.526843055555555
2.954640235561000 2138285171.610576152801514 0.531279240740741
2.962354700928000 2138543498.749638557434082 0.535700185185185
3.006770238420000 2138432207.566555976867676 0.540133925925926
2.945092900196000 2183082202.370371818542480 0.544613611111111
2.984570185194000 2148078938.541239738464355 0.549085444444444
2.962354700928000 2183432607.537649154663086 0.553570092592592
2.955559240614000 2148921315.929653167724609 0.558054740740741
2.966375325375000 2138505313.953197240829468 0.562491000000000
3.007706388180000 2138359472.722024202346802 0.566917648148148
3.014479905698000 2183176007.679915904998779 0.571412296296296
2.951884246459000 2193268729.090703964233398 0.575846129629630
2.946009846884000 2148926587.350664138793945 0.580338240740741
3.349119348372000 2138553401.636940717697144 0.584759314814815
1.693181215656000 1979197505.914826393127441 0.589267759259259
2.947842375756000 1974467442.851583957672119 0.604258777777778
2.946009846884000 2085854327.134806871414185 0.610440055555556
1.693786112424000 1885401693.692178010940552 0.621885574074074
2.952802567474000 1820544883.475499629974365 0.631448814814815
3.443004753348000 1914599227.796474933624268 0.641837555555556
3.030842591166000 2226709851.330812454223633 0.646357907407407
2.961433982208000 2248092007.823339939117432 0.650789092592593
2.999994320518000 2158790187.048117637634277 0.655304666666667
3.047213819965000 2180385815.731898784637451 0.659782240740741
2.998127863897000 2237985809.845299720764160 0.664253259259259
2.945092900196000 2203769389.121754169464111 0.668733148148148
2.946925770194000 2147379207.662816286087036 0.673210759259259
2.946925770194000 2138684162.956516027450562 0.677636388888889
3.038554658828000 2138649728.223346710205078 0.682062000000000
2.946009846884000 2227807122.537486076354980 0.686579740740741
3.053978794152000 2158470303.308936595916748 0.691091092592592
3.028956942189000 2227529040.616966724395752 0.695593407407407
2.962354700928000 2248333502.102642536163330 0.700019055555555
1.691972322264000 2159093353.028065204620361 0.704532388888889
1.706619161812000 1558539321.473704576492310 0.709675888888889
2.999994320518000 1492862022.732488632202148 0.714275277777778
3.053978794152000 2001591659.461796045303345 0.719758537037037
3.223644282716000 2238342724.385122776031494 0.724230222222222
2.953721914546000 2203133363.598844528198242 0.728717259259259
3.053978794152000 2137575525.121655941009521 0.733226796296296
2.960512234752000 2227646744.541457653045654 0.737746555555555
1.713338134890000 2156971881.527502536773682 0.742241425925926
3.280686968800000 1558860595.122968435287476 0.747392555555555
1.701720950545000 1998007262.261790990829468 0.752900481481481
2.952802567474000 1935831744.219451904296875 0.767919722222222
2.946009846884000 1999059689.403626918792725 0.775030296296296
2.944176976886000 2132539277.357018947601318 0.783862074074074
3.462718380238000 2132894915.268415927886963 0.792716833333333
2.946925770194000 2199777350.060997486114502 0.801703203703704
2.961433982208000 2157780679.429014205932617 0.806221703703704
1.699900188734000 2138051560.413989782333374 0.810646574074074
3.009577294620000 1553059505.684947252273560 0.815791740740741
2.968221902030000 2000988407.171612262725830 0.821298018518518
1.700507485886000 2149159913.324325084686279 0.825793277777778
1.727392979734000 1558913883.097275257110596 0.830944759259259
2.994143564904000 1492616203.558409452438354 0.835547314814815
2.999060571142000 1999136048.748106241226196 0.840987222222222
2.992282252856000 2193028726.092867374420166 0.845427629629630
2.946009846884000 2193602214.049866199493408 0.849863944444444
2.937383232918000 2148754502.628863811492920 0.854333555555555
3.014479905698000 2138479259.516062498092651 0.858767092592593
3.045318574810000 2183246462.191278457641602 0.863262185185185
1.699293343440000 2236483926.386434078216553 0.867757129629630
3.037608907532000 1571401559.308257341384888 0.872951740740741
3.000927027763000 2041382733.094511032104492 0.878477833333333
2.999060571142000 2203710417.087436199188232 0.882970629629630
2.999994320518000 2193587530.316968917846680 0.887399148148148
3.047213819965000 2193404352.184445858001709 0.891832851851852
3.046266726490000 2237794681.228398799896240 0.896322888888889
3.232360988773000 2248135064.652830600738525 0.900753962962963
2.970992970330000 2085204710.055673360824585 0.905264407407407
2.970069166295000 2132604433.058846712112427 0.919591944444444
2.962354700928000 2124431591.879569768905640 0.925485629629630
1.707837649596000 2132834869.284049034118652 0.934351333333333
3.059786020481000 1632742547.601037263870239 0.944070425925926
3.330576264096000 2184765414.552359104156494 0.954077203703704
3.101215077534000 2157971260.196109771728516 0.958592814814815
2.977783631662000 2271844192.357528686523438 0.963137592592592
3.000927027763000 2213538994.971167564392090 0.967655981481481
3.054928285332000 2186882809.861533164978027 0.972097481481481
3.053978794152000 2237557613.262037277221680 0.976589277777778
3.016355958497000 2247583943.480512142181396 0.980987629629629
2.999060571142000 2203949281.550514221191406 0.985476462962963
2.954640235561000 2191115904.448243141174316 0.989918500000000
2.955559240614000 2148241763.046311855316162 0.994408203703704
3.062642750699000 2138052345.212623596191406 0.998839611111111
1.713338134890000 2227889108.228235244750977 1.003351851851852
1.713338134890000 1571730018.597293853759766 1.008549740740741
1.699293343440000 1491880753.239218711853027 1.013146185185185
2.959591516032000 1493099967.408492326736450 1.017748611111111
2.953721914546000 1963341897.762689590454102 1.023209037037037
2.969146049870000 2138535025.359520912170410 1.027645240740741
3.014479905698000 2138514478.995083570480347 1.032063518518518
2.962354700928000 2183032451.471444129943848 1.036548277777777
3.101215077534000 2148014676.522513866424561 1.041037685185185
2.962354700928000 2272957065.678658008575439 1.045576055555555
3.069402929476000 2169649488.343085289001465 1.050089351851851
3.061690861814000 2227855590.470863342285156 1.054591722222222
2.946925770194000 2117638411.143540859222412 1.059026777777777
2.962354700928000 2138404068.274212121963501 1.074168333333333
3.014479905698000 2128976873.387446165084839 1.080068222222222
1.706619161812000 2144237408.382566452026367 1.088979574074074
2.954640235561000 1487823462.248838663101196 1.098905685185185
3.392253602320000 2086802234.250706672668457 1.108871740740740
3.040444754052000 2168168512.391944885253906 1.113383333333333
3.046266726490000 2237097913.758816242218018 1.117881055555555
2.991350903864000 2237778115.285920143127441 1.122319296296296
3.053978794152000 2203331482.463700771331787 1.126788333333333
2.961433982208000 2238147191.688620567321777 1.131273037037037
1.699900188734000 2158784097.156690120697021 1.135786555555555
1.707228859348000 1558573085.420398473739624 1.140924759259259
3.037608907532000 1478838897.022152900695801 1.145529129629629
2.962354700928000 2040902199.282017946243286 1.151043555555555
2.959591516032000 2156556001.652987003326416 1.156555462962963
2.999994320518000 2138723013.966877937316895 1.160981277777777
1.700507485886000 2182300381.544141292572021 1.165475685185185
2.969146049870000 1565542567.855442285537720 1.170648037037037
3.039499354598000 1963252877.851565837860107 1.176108000000000
3.061690861814000 2227799567.643243789672852 1.180605314814815
2.999994320518000 2247764842.840512275695801 1.185043481481481
3.093500612167000 2204024934.426499843597412 1.189533777777777
2.964197167104000 2282988061.679266452789307 1.194033759259259
2.969146049870000 2169515939.011695861816406 1.198570148148148
3.131099470772000 2138266970.658374071121216 1.202988722222222
2.968221902030000 2272186934.804609775543213 1.207526648148148
3.262204621026000 2168799433.066749572753906 1.212060462962963
1.699900188734000 2057935100.081271648406982 1.216480944444444
3.099286245756000 1491849270.654594659805298 1.231622629629629
2.968221902030000 2191756462.060871124267578 1.237823351851852
1.699293343440000 2193546154.151070594787598 1.247634074074074
3.409793692214000 1662580758.609028816223145 1.257491296296296
3.385597703618000 2185328213.810617923736572 1.270047925925925
3.037608907532000 2246379993.574846744537354 1.274486499999999
1.699900188734000 2241148443.096812725067139 1.278932648148148
3.037608907532000 1570786713.748620986938477 1.284119296296296
2.961433982208000 2041085626.357712030410767 1.289643296296296
1.700507485886000 2158922267.276335239410400 1.294150907407407
3.108929542901000 1558489578.043113946914673 1.299292296296296
3.000927027763000 2080803266.557960033416748 1.304823092592592
3.045318574810000 2213173981.288082122802734 1.309318148148148
2.962354700928000 2238472600.701104640960693 1.313797851851851
2.976858117532000 2159398373.182154178619385 1.318305629629629
1.693786112424000 2138407573.600924730300903 1.322742092592592
2.946925770194000 1558668443.312761545181274 1.327891203703703
1.699900188734000 1962177638.000216960906982 1.333355499999999
2.940125510898000 1555893201.995982170104980 1.338499166666666
2.953721914546000 1963040048.449251890182495 1.343972629629629
2.991350903864000 2138455743.689809560775757 1.348385685185185
2.998127863897000 2183506359.015373229980469 1.352877703703703
2.984570185194000 2192714772.646677017211914 1.357316462962962
3.007706388180000 2192223326.988579273223877 1.361752907407407
1.693786112424000 2193122427.013541698455811 1.366191833333332
2.985498097029000 1565028733.097387075424194 1.371356222222221
1.699900188734000 1997885175.191273689270020 1.376860259259258
3.039499354598000 1938258870.037560462951660 1.391887962962962
2.954640235561000 2115390100.860860109329224 1.398029537037036
2.950965583424999 1770587890.430096864700317 1.406937092592591
3.038554658828000 2133065671.173573255538940 1.415791814814814
2.960512234752000 2167373952.874693393707275 1.424718370370369
3.463794949783000 1799192864.453867435455322 1.432697203703702
3.047213819965000 2225618774.323858261108398 1.437208092592591
3.054928285332000 2248355223.656559467315674 1.441649425925925
2.946925770194000 2248209770.894267559051514 1.446087777777777
3.006770238420000 2153921442.120552539825439 1.450588351851851
3.007706388180000 2182801538.455196380615234 1.455080592592591
2.946925770194000 2193166061.022171974182129 1.459503999999999
2.982713324751000 2148645878.612168312072754 1.463994351851851
2.999060571142000 2182933450.477651596069336 1.468483907407406
3.029899240254000 2193219550.071175098419189 1.472919999999999
3.054928285332000 2195796190.668960571289062 1.477494537037036
2.944176976886000 2213781764.549029827117920 1.481939277777776
3.014479905698000 2157529324.954189777374268 1.486456666666665
3.036664211762000 2183124664.046261787414551 1.490956018518517
2.968221902030000 2237961125.302805900573730 1.495443370370369
3.023130523504000 2159133609.222583770751953 1.499954037037036
2.945092900196000 2138334238.199844598770142 1.504388222222221
2.993212562396000 2138371280.432822227478027 1.508824222222221
2.969146049870000 2182463930.497056484222412 1.513313240740740
3.000927027763000 2149002182.784473896026611 1.517801222222221
3.000927027763000 2183338074.244983673095703 1.522295851851851
1.699900188734000 2193519742.264806270599365 1.526721870370369
2.952802567474000 1565568798.206727504730225 1.531893462962962
1.699900188734000 1958784529.489941358566284 1.537369592592592
2.992282252856000 1536487619.266417264938354 1.542528444444444
3.007706388180000 1670977523.507935285568237 1.558013759259258
3.045318574810000 2178851749.052641868591309 1.563931777777777
3.008641493130000 2178254914.786972522735596 1.572906018518518
1.874593488762000 2202042594.377243041992188 1.581822166666666
1.880640854400000 1814055918.118940591812134 1.591498351851851
1.700507485886000 1491932062.285631418228149 1.596098425925925
2.984570185194000 1492269869.006158113479614 1.600708481481481
3.053028242088000 1996621236.420855045318604 1.606216314814814
2.999994320518000 2236783908.861427783966064 1.610706018518518
3.106029637919000 2203572261.907704353332520 1.615201240740740
3.108929542901000 2282133666.007337570190430 1.619713870370370
3.054928285332000 2303342569.838006019592285 1.624144759259259
2.962354700928000 2255492690.450367450714111 1.628635333333333
3.009577294620000 2158057040.031551837921143 1.633142888888888
3.008641493130000 2183326254.379586219787598 1.637624962962962
2.962354700928000 2193513083.477867603302002 1.642045296296296
2.954640235561000 2148660163.018530845642090 1.646523314814814
2.953721914546000 2138230751.248184204101562 1.650959388888888
2.970992970330000 2138268726.990408182144165 1.655395944444444
3.015418455842000 2138242698.749311208724976 1.659832018518518
3.100251200124000 2183242869.105023860931396 1.664321481481481
1.706009917920000 2282962921.016348361968994 1.668834370370370
2.953721914546000 1576948616.292152881622314 1.674051833333333
2.954640235561000 1962591730.985743761062622 1.679512648148147
3.047213819965000 2138379902.952723741531372 1.683951111111111
2.953721914546000 2227751374.947591781616211 1.688456333333333
2.953721914546000 2159250878.079440116882324 1.692964277777777
3.048161618910000 2135438698.053085327148438 1.697404351851851
3.046266726490000 2112264548.358037948608398 1.701926944444444
3.000927027763000 2155279334.844893932342529 1.716350759259259
1.698686498146000 2174404177.357752799987793 1.722319444444444
2.960512234752000 1821631809.091608524322510 1.731949814814814
3.331613229984000 2105572157.628306150436401 1.741834296296296
2.954640235561000 2121519465.306966304779053 1.750703351851851
3.046266726490000 2137286178.084260225296021 1.755118240740740
3.000927027763000 2227020391.235792636871338 1.759628166666666
2.946925770194000 2197063740.632745742797852 1.764118296296296
1.693786112424000 2148445839.654376029968262 1.768610444444444
2.946925770194000 1557631455.711454391479492 1.773759129629629
2.954640235561000 1962580226.476413011550903 1.779229407407407
2.953721914546000 2137993028.711689233779907 1.783665592592592
2.953721914546000 2138003462.632768869400024 1.788104518518518
2.954640235561000 2138392343.619683027267456 1.792545259259259
2.961433982208000 2138171685.397023677825928 1.796966351851851
3.017294159478000 2137433051.627478837966919 1.801392648148147
2.963276105472000 2183502435.044868946075439 1.805887203703703
3.017294159478000 2148824732.414327144622803 1.810382129629629
2.969146049870000 2183451117.421904087066650 1.814881574074073
3.054928285332000 2148887075.290013313293457 1.819372111111110
3.055878483768000 2227867999.704862117767334 1.823889777777777
3.022189572976000 2234312123.953293323516846 1.828352629629629
3.100251200124000 2203581690.611426830291748 1.832842129629629
2.966375325375000 2282129471.455987453460693 1.837338759259258
3.007706388180000 2169530581.271195888519287 1.841865555555555
1.706009917920000 2183378561.367960453033447 1.846362111111110
1.867207705440000 1565538081.284970283508301 1.851531851851851
2.977783631662000 1490716795.485512495040894 1.856139240740740
2.994143564904000 1657359400.372671604156494 1.871603166666666
2.999060571142000 2195780135.732313632965088 1.877641740740740
2.954640235561000 2186511484.767066478729248 1.886505333333333
2.990420594324000 2132894672.201104879379272 1.895401370370370
3.510081741985000 2144181101.825638294219971 1.904369314814814
2.969146049870000 2282378206.784541130065918 1.908884481481481
2.969146049870000 2167079122.536643028259277 1.913402555555555
3.031784889231000 2132692394.076906681060791 1.917838425925925
3.016355958497000 2227741288.101091384887695 1.922350666666666
2.962354700928000 2203664360.004289150238037 1.926841148148147
2.992737743580000 2148867983.895943164825439 1.931325870370370
3.025011024336000 2182791066.026717662811279 1.935813111111110
2.966375325375000 2193281828.146833896636963 1.940239370370370
2.962354700928000 2148576130.668811321258545 1.944729092592592
3.016355958497000 2137114030.105083942413330 1.949162944444444
1.713338134890000 2183353156.265329837799072 1.953655185185184
2.954640235561000 1565398810.461071491241455 1.958829925925925
2.961433982208000 1962805243.762541770935059 1.964302388888888
1.700507485886000 2138358878.770870208740234 1.968723462962962
2.951884246459000 1558569689.859432697296143 1.973869277777777
2.961433982208000 1962775395.895921468734741 1.979324555555555
2.952802567474000 2137003372.878384590148926 1.983760814814814
2.999060571142000 2138366841.412727832794189 1.988194055555555
2.953721914546000 2183428030.271837234497070 1.992691574074074
2.959591516032000 2147936778.850133419036865 1.997166166666666
3.020309422200000 2138705484.089370250701904 2.001597166666666
2.970069166295000 2183340280.130562305450439 2.006079203703703
3.053978794152000 1915653442.661540269851685 2.010799388888888
3.047213819965000 2187895224.681162834167480 2.025196333333333
3.039499354598000 2169518441.144784450531006 2.031126611111111
3.038554658828000 1764192758.139035224914551 2.041984777777777
3.338285931374000 2175060184.519874572753906 2.051005185185184
2.947842375756000 2121734831.377408742904663 2.060001277777777
3.008641493130000 2109216082.417375802993774 2.064433999999999
2.961433982208000 2181176039.029210090637207 2.068932055555555
3.000927027763000 2140204733.199374914169312 2.073411055555554
3.000927027763000 2183344030.311766147613525 2.077907537037036
3.006770238420000 2193257145.001313209533691 2.082349259259258
1.705400674028000 2192916997.439046382904053 2.086767462962962
1.693181215656000 1565251733.886841058731079 2.091942092592591
1.686462242578000 1492713696.283368110656738 2.096547018518517
2.941039376736000 1491935772.838671445846558 2.101148740740739
2.954640235561000 1961854440.538837909698486 2.106617296296295
3.101215077534000 2116133050.861594200134277 2.111057814814813
2.953721914546000 2227315745.008940219879150 2.115573296296295
3.038554658828000 2092552536.896982431411743 2.120112962962961
3.005835133470000 2225571112.476951599121094 2.124632407407406
3.092539132462000 2132376044.579717636108398 2.129128722222220
2.946009846884000 2280651532.667140960693359 2.133630074074072
2.953721914546000 2169319798.076569080352783 2.138153240740739
3.014479905698000 2138279909.971457242965698 2.142571592592591
3.085786146800000 2183095805.218080997467041 2.147055999999998
2.955559240614000 2237577533.799110889434814 2.151546037037035
1.699293343440000 2155966175.917468547821045 2.157060407407406
2.962354700928000 1558715482.060720920562744 2.162201722222220
3.062642750699000 1872294284.547935962677002 2.167690740740739
2.954640235561000 2263854105.269910812377930 2.182124537037035
3.062642750699000 2127339350.895210266113281 2.188111129629628
2.954640235561000 2172063910.535998344421387 2.197069833333331
3.449438591526000 2180437824.602287769317627 2.206001703703702
3.052078750908000 2202103213.451426982879639 2.214975555555553
1.706619161812000 2247085465.378260612487793 2.219413999999998
3.107963267786000 1526094866.310160398483276 2.224608444444442
2.946925770194000 2072728751.663348436355591 2.230161166666664
2.999060571142000 2111809386.918421983718872 2.234696240740738
2.954640235561000 2163048130.588976383209229 2.239192111111109
2.954640235561000 2148131315.586721420288086 2.243686796296294
2.953721914546000 2138236089.979755640029907 2.248105074074072
3.000927027763000 2138292136.239463329315186 2.252538444444443
2.951884246459000 2182296155.908280372619629 2.256994055555554
3.030842591166000 2148609053.328332424163818 2.261487185185183
3.099286245756000 2183468704.554349422454834 2.265982277777776
3.068447576644000 2283178957.662218093872070 2.270489240740739
3.001860429762000 2258848986.918237686157227 2.274966777777776
3.013542403043000 2203771480.419854640960693 2.279456870370369
2.969146049870000 2193289507.503610134124756 2.283880666666665
1.699900188734000 2148813699.549062728881836 2.288352833333331
2.961433982208000 1558032427.263347625732422 2.293503962962961
2.969146049870000 1962483515.364962577819824 2.298961907407405
1.699900188734000 2138421913.553187131881714 2.303397518518516
3.008641493130000 1559031900.568161487579346 2.308540814814813
3.358922993490000 2001716054.330584049224854 2.314039388888887
2.943260712450000 2231440759.975085735321045 2.318528814814813
2.953721914546000 2176210130.024952411651611 2.332882185185183
1.700507485886000 2128300563.242470026016235 2.338787148148146
2.963276105472000 1909701248.891970634460449 2.349337240740739
3.045318574810000 2165425387.532433032989502 2.359357907407405
3.447294244914000 2162693025.073993682861328 2.368311407407405
1.707228859348000 2247301974.642839431762695 2.372734148148146
2.945092900196000 1565300966.512533426284790 2.377928462962961
3.047213819965000 1962103188.645988702774048 2.383381259259258
2.961433982208000 2227657817.665734291076660 2.387895962962961
2.999994320518000 2159054176.239531517028809 2.392393629629628
2.960512234752000 2182679844.370792865753174 2.396891499999998
3.000927027763000 2147408300.498427629470825 2.401361111111109
3.055878483768000 2182942992.471950531005859 2.405845574074072
3.053028242088000 2238133757.489347934722900 2.410339611111109
2.976858117532000 2247886449.192287921905518 2.414781740740739
3.052078750908000 2158705931.220543384552002 2.419284592592591
2.962354700928000 2227573740.285477638244629 2.423807222222220
1.713950232810000 2149056772.496096611022949 2.428325907407405
2.970992970330000 1557876629.055768489837646 2.433471185185183
2.954640235561000 1963449302.174288749694824 2.438936574074072
2.971916430560000 2135840531.561461925506592 2.443367962962961
3.047213819965000 2138322822.526870965957642 2.447783759259257
3.055878483768000 2227772261.522678375244141 2.452278518518516
2.962354700928000 2248248073.400619983673096 2.456716870370368
1.706619161812000 2158487724.919891357421875 2.461224648148146
1.693786112424000 1558989693.761597156524658 2.466374351851850
3.061690861814000 1493005811.426455736160278 2.470975759259257
2.968221902030000 1958627835.306544065475464 2.476516018518517
2.954640235561000 2172168630.852123260498047 2.490885999999998
2.953721914546000 2126730098.916627645492554 2.496783222222220
3.031784889231000 2130788758.958883523941040 2.505619888888887
2.947842375756000 2199393861.252129077911377 2.514567907407406
3.329540455536000 2169399051.601394176483154 2.523620203703702
1.699900188734000 2137156303.968755006790161 2.528048777777776
1.699900188734000 1558198070.572814464569092 2.533191351851850
3.031784889231000 1486178635.652303218841553 2.537794555555554
2.993212562396000 2041330715.915219783782959 2.543322574074073
2.953721914546000 2203427356.215519905090332 2.547807166666665
2.987354957472000 2148551782.486319065093994 2.552294240740739
3.001860429762000 2182904598.795582771301270 2.556786962962962
2.952802567474000 2182380945.653393268585205 2.561243611111110
3.048161618910000 2136290807.001366615295410 2.565742203703703
3.047213819965000 2227462008.755184173583984 2.570243240740739
2.955559240614000 2248198457.067592144012451 2.574672037037036
2.937383232918000 2158910657.071030616760254 2.579180259259258
3.047213819965000 2138373504.852177858352661 2.583611259259258
3.047213819965000 2227580614.760338783264160 2.588111055555554
2.998127863897000 2248256747.766782760620117 2.592537074074073
1.699900188734000 2202947428.761319160461426 2.596995222222221
1.693181215656000 1564237369.773467779159546 2.602162499999999
2.963276105472000 1406273752.659254074096680 2.606776018518517
2.946925770194000 1962030696.767906427383423 2.612248907407406
2.946009846884000 2138291585.593954324722290 2.616674518518517
3.017294159478000 2126262199.203453779220581 2.621101037037035
1.699293343440000 2182013971.381733417510986 2.625596999999998
3.208220147392000 1552439196.803239583969116 2.630773537037035
2.953721914546000 1906055322.546413898468018 2.636270592592591
1.706009917920000 2172322426.816197395324707 2.650887518518517
3.007706388180000 1589902643.621111869812012 2.657678148148146
2.953721914546000 1941430994.902636528015137 2.667777777777776
3.323901162322000 2140946322.133656978607178 2.676694481481480
2.991350903864000 2120978528.264154911041260 2.685602833333332
2.992282252856000 2151998225.772511005401611 2.690090962962961
2.945092900196000 2190831957.327804565429688 2.694520944444443
3.000927027763000 2141237148.443623065948486 2.699010240740739
2.999994320518000 2182614978.366785049438477 2.703491518518517
1.692576768960000 2193108547.902507305145264 2.707935537037036
2.946009846884000 1529550779.247319221496582 2.713100777777776
2.953721914546000 1963038806.152095794677734 2.718569555555554
3.045318574810000 2114686216.297585010528564 2.722998296296295
2.991350903864000 2223565280.948704719543457 2.727508148148146
3.084827064800000 2202918456.632968425750732 2.732003370370369
3.044371481335000 2282942459.070919036865234 2.736513203703702
2.969146049870000 2258868850.222613811492920 2.740992814814813
2.939211304827000 2157804467.831368446350098 2.745511537037035
3.139787404369000 2138673246.978918313980103 2.749944888888887
3.001860429762000 2316838245.004769325256348 2.754488111111109
2.999994320518000 2223958656.837052345275879 2.759024666666665
2.960512234752000 2186269297.277026653289795 2.763469018518517
3.047213819965000 2148221664.647862911224365 2.767963796296295
1.693181215656000 2227876080.797976493835449 2.772480777777777
3.008641493130000 1570784885.733145475387573 2.777670870370369
2.946925770194000 2002048591.715179920196533 2.783174018518517
1.707837649596000 2148745977.547759532928467 2.787659259259258
2.983641236586000 1467268584.703359603881836 2.792840740740739
3.053978794152000 1666356558.761427164077759 2.808355611111110
3.100251200124000 2206993513.890930652618408 2.814402722222221
2.929673565640000 2228723298.612985134124756 2.823324092592591
1.895427316284000 1929074071.977979421615601 2.834122148148147
2.953721914546000 1624053243.023755550384521 2.843904685185184
3.081948390000000 1960276186.091854333877563 2.849375499999999
3.084827064800000 2272288727.569331169128418 2.853916240740739
3.047213819965000 2303047367.606264114379883 2.858342222222221
2.999060571142000 2251475541.259433269500732 2.862832777777776
3.099286245756000 2203355613.056340694427490 2.867327259259258
2.991350903864000 2282824587.151437282562256 2.871831870370368
2.992282252856000 2213987362.975736141204834 2.876342425925924
2.946925770194000 2193291561.959942817687988 2.880778685185183
2.946925770194000 2147664872.806510925292969 2.885265870370368
1.699900188734000 2138346772.877696752548218 2.889692185185183
2.992282252856000 1558838756.321624040603638 2.894840592592590
1.686462242578000 2002045425.638230323791504 2.900344092592591
3.062642750699000 1564841461.579795837402344 2.905513537037035
3.053978794152000 2042473229.463181018829346 2.911036814814813
2.940125510898000 2248454668.470906734466553 2.915470814814813
2.993212562396000 2149254093.241406440734863 2.920007425925923
2.953721914546000 2183030052.709603309631348 2.924504462962961
2.952802567474000 2148234294.785889625549316 2.928995481481479
2.953721914546000 2138347251.700453042984009 2.933427851851850
1.693786112424000 2138648162.303730487823486 2.937861240740738
3.000927027763000 1559064813.217151165008545 2.943012796296294
3.347037365308000 2002653551.183727741241455 2.948510962962960
3.060737909366000 2145723889.526104211807251 2.952999370370367
2.961433982208000 2161612695.609744548797607 2.967345537037034
2.946925770194000 2067071809.004768610000610 2.973325907407405
3.039499354598000 1728394733.177577495574951 2.984097740740738
3.386650296113000 2207412444.064838409423828 2.993073907407405
2.946925770194000 2143928664.866535902023315 3.002119888888886
2.954640235561000 2125187031.760888338088989 3.006611203703701
3.131099470772000 2044742573.635621547698975 3.011034259259257
3.084827064800000 2271469349.559276103973389 3.015565944444442
2.970069166295000 2302976396.623556613922119 3.020001907407405
3.007706388180000 2161336313.068677425384521 3.024526296296294
3.108929542901000 2181732040.057319641113281 3.028997666666665
3.107963267786000 2283090179.965486049652100 3.033504703703702
3.061690861814000 2303713347.574306011199951 3.037943296296295
2.962354700928000 2258571364.935595035552979 3.042433129629628
2.968221902030000 2158547228.512598514556885 3.046938999999999
3.061690861814000 2138150604.675263643264771 3.051370518518517
1.707837649596000 2227810030.582042694091797 3.055887814814814
3.000927027763000 1556105987.906462430953979 3.061078833333332
2.955559240614000 2001124075.020853996276855 3.066584462962962
1.700507485886000 2148542748.470315933227539 3.071063722222221
2.963276105472000 1558624931.107148647308350 3.076204555555555
1.713950232810000 1962009776.896650314331055 3.081659592592592
2.952802567474000 1559313576.798908710479736 3.086804944444443
3.008641493130000 1962760807.561477661132812 3.092265370370369
2.962354700928000 2183071840.393091201782227 3.096765314814814
3.236381413188000 2145424768.909815311431885 3.101256907407406
1.694390109048000 2111248767.383850336074829 3.105696425925925
2.960512234752000 1930218291.909219264984131 3.120670259259258
2.932408646040000 2081032875.372478961944580 3.126766796296295
3.062642750699000 2151552288.041611671447754 3.136635740740739
2.952802567474000 2238669631.222982883453369 3.145589259259258
3.101215077534000 2120271341.809454441070557 3.154562907407406
3.107963267786000 2278666762.456268310546875 3.160104888888887
2.960512234752000 2302144398.284642219543457 3.164526814814813
2.962354700928000 2164972601.900592327117920 3.169061462962961
1.712726492400000 2133340217.327558040618896 3.173482166666665
2.954640235561000 1558328222.748047113418579 3.178623999999999
2.977783631662000 1962738974.105004549026489 3.184083370370369
2.969146049870000 2124626904.006882429122925 3.188539129629628
1.699900188734000 2137659241.124025583267212 3.192971611111110
3.001860429762000 1543889019.713745594024658 3.198114666666665
3.116644008268000 2001598387.460721969604492 3.203613240740740
1.699293343440000 2282592860.578603267669678 3.208117703703703
2.954640235561000 1576740510.785380601882935 3.213325370370369
3.016355958497000 1963027168.782125234603882 3.218798018518517
2.999060571142000 2172306392.057788848876953 3.223276666666666
2.968221902030000 2192405783.277692794799805 3.227703222222221
2.952802567474000 2148797508.870307445526123 3.232181333333332
3.001860429762000 2138428196.073837280273438 3.236607481481480
2.962354700928000 2182179003.987834930419922 3.241107277777777
3.006770238420000 2149108547.435109615325928 3.245597037037036
2.970069166295000 2183364223.685348033905029 3.250094425925925
3.062642750699000 2149079147.195056915283203 3.254584185185184
2.970069166295000 2227632039.762638092041016 3.259099870370370
2.961433982208000 2157348417.405457496643066 3.263605481481481
2.960512234752000 2134852613.585384607315063 3.277970592592592
1.700507485886000 2067419647.095437765121460 3.283861388888888
3.054928285332000 1673136802.096603631973267 3.295301407407407
3.448366019049000 1994839311.297396898269653 3.305383703703703
2.961433982208000 2231168997.944821834564209 3.314304259259258
3.106995913034000 2157263496.307353019714355 3.318820240740740
1.693181215656000 2203540948.872989177703857 3.323365203703703
2.960512234752000 1572571495.481302499771118 3.328584259259258
2.998127863897000 1962332986.930339097976685 3.334054944444444
2.952802567474000 2182835479.869270801544189 3.338548259259258
1.699293343440000 2148721121.486076354980469 3.343038333333332
3.039499354598000 1557008124.408831357955933 3.348187425925925
3.106995913034000 2027615038.601309776306152 3.353716407407406
2.945092900196000 2292583000.057722091674805 3.358207925925925
2.962354700928000 2169440836.016808509826660 3.362733796296296
3.038554658828000 2138542124.266586542129517 3.367165129629629
2.946925770194000 2227500221.576641082763672 3.371678240740740
2.953721914546000 2158926728.433796882629395 3.376193407407407
3.055878483768000 2138295307.227104187011719 3.380627333333333
2.928762437740000 2222806524.503932476043701 3.385126611111110
2.970069166295000 2159247770.227877616882324 3.389642518518518
2.952802567474000 2138329947.457669496536255 3.394076333333333
2.990420594324000 2138199571.669858694076538 3.398494870370369
3.115675335448000 2183181686.854094982147217 3.402994370370370
2.962354700928000 2282818032.726241111755371 3.407499759259259
2.962354700928000 2169221019.334747314453125 3.412031037037036
1.699900188734000 2138577207.448808193206787 3.416464259259258
2.936469707313000 1535049223.372516393661499 3.421640962962962
2.945092900196000 1648521394.349115610122681 3.437062999999999
2.976858117532000 2067396708.899634361267090 3.442972314814814
2.930585711560000 1835710341.598452329635620 3.456498592592592
3.399963269598000 2165719111.202976226806641 3.465457851851851
2.984570185194000 2168986244.372360229492188 3.471697722222221
2.929673565640000 2191426938.183273792266846 3.476139166666666
2.999994320518000 2147802368.175165653228760 3.480618314814814
3.008641493130000 2176572248.244523525238037 3.485117462962962
2.962354700928000 2193366985.084352016448975 3.489551037037036
2.946009846884000 2148627222.699629783630371 3.494033407407406
2.999994320518000 2138088288.303392648696899 3.498451592592592
3.024070423864000 2183166041.745040416717529 3.502931166666666
2.975931569308000 2193181240.063592910766602 3.507357462962962
2.968221902030000 2148543974.829055309295654 3.511842351851851
1.699293343440000 2138163757.044458150863647 3.516278462962962
3.046266726490000 1558126744.098212718963623 3.521426777777777
1.699900188734000 2042105953.075051546096802 3.526953333333332
3.046266726490000 1571674672.239896059036255 3.532145703703703
3.000927027763000 2040499103.166126012802124 3.537658925925925
2.962354700928000 2203950033.410052776336670 3.542148592592592
2.952802567474000 2148791059.925015926361084 3.546618685185184
2.946925770194000 2138262269.624929666519165 3.551054888888888
3.047213819965000 2138570896.539576292037964 3.555470425925925
2.984570185194000 2227848374.916709899902344 3.559972759259258
2.940125510898000 2192275503.552302360534668 3.564461240740740
3.000927027763000 2148529705.057921886444092 3.568940462962962
2.999060571142000 2182117849.926127433776855 3.573440222222221
1.699900188734000 2191934926.504344463348389 3.577877370370369
2.993212562396000 1475443792.161216020584106 3.583082259259258
2.953721914546000 1666636428.190592765808105 3.598573111111110
3.054928285332000 2140176922.144936323165894 3.604534092592591
2.945092900196000 2208536248.594915390014648 3.613479777777777
3.324934573177000 2163952792.845016956329346 3.622424592592592
1.692576768960000 2116536684.154162168502808 3.631312777777777
3.092539132462000 1557385953.807533740997314 3.636461925925925
2.947842375756000 2081003672.575982809066772 3.642003499999999
2.946925770194000 2164234307.571596622467041 3.646535055555554
2.946009846884000 2138045448.279607057571411 3.650968259259258
1.699900188734000 2138211550.060313701629639 3.655389592592591
1.685860194480000 1551209816.373044967651367 3.660557074074073
2.953721914546000 1491468798.673465728759766 3.665158314814814
2.945092900196000 1963336483.355688095092773 3.670625648148147
2.939211304827000 2138344023.617028474807739 3.675041796296295
2.984570185194000 2137973405.542528629302979 3.679480203703702
3.099286245756000 2183264266.379917621612549 3.683975037037035
2.931496839460000 2283111419.355368137359619 3.688487518518517
2.946009846884000 2168823299.154346942901611 3.693000796296295
2.952802567474000 2138398918.165388822555542 3.697437703703702
2.993212562396000 2138721882.068562984466553 3.701850499999999
2.991350903864000 2183215747.329123973846436 3.706334740740739
1.693786112424000 2145993268.076885938644409 3.710763611111110
2.945092900196000 1564776090.530999183654785 3.715933111111110
1.693786112424000 1961552302.887044668197632 3.721393648148147
2.944176976886000 1558651263.543102264404297 3.726540111111110
2.946009846884000 1961795867.564541578292847 3.732015314814813
2.945092900196000 2015107125.629979610443115 3.736468722222221
2.953721914546000 2132023095.066160202026367 3.750727018518517
2.946925770194000 2127003754.128129720687866 3.756631629629628
3.092539132462000 1863984117.306929588317871 3.767232499999999
3.000927027763000 2201217643.215166091918945 3.776188203703702
3.356836213230000 2207674878.674538612365723 3.785174592592591
3.006770238420000 2147824987.425480842590332 3.789666333333332
3.014479905698000 2181499736.634184837341309 3.794166481481480
2.970069166295000 2193440033.054126262664795 3.798603648148146
3.069402929476000 2142513208.762886524200439 3.803087203703702
3.061690861814000 2227163285.887639045715332 3.807604388888887
3.006770238420000 2248140092.065980911254883 3.812045648148146
2.969146049870000 2203532130.973861694335938 3.816520388888887
1.706619161812000 2148614428.231089591979980 3.820997722222220
2.946009846884000 1543563210.788894891738892 3.826149796296295
2.961433982208000 1962670993.002445459365845 3.831617314814813
2.952802567474000 2138412008.627752542495728 3.836047462962962
2.939211304827000 2138082516.878071069717407 3.840460925925925
1.692576768960000 2136149295.950935602188110 3.844899537037036
2.953721914546000 1549549999.641502380371094 3.850065129629628
2.976858117532000 1961693353.970581769943237 3.855532888888888
3.001860429762000 2183108963.288723468780518 3.860025907407406
1.692576768960000 2193426233.951438426971436 3.864466999999999
1.692576768960000 1564944559.875048398971558 3.869636407407406
2.946925770194000 1493055929.365935325622559 3.874238111111110
1.699293343440000 1963417953.511053323745728 3.879706555555554
2.955559240614000 1559058238.774299144744873 3.884855537037036
3.000927027763000 1961210189.489342212677002 3.890333222222221
3.047213819965000 2065444815.724412918090820 3.894849907407406
1.693786112424000 2174722701.335250854492188 3.909168203703702
3.001860429762000 1481677919.532490015029907 3.915328499999998
2.961433982208000 2136951637.827686786651611 3.923345555555554
1.692576768960000 2150697022.132545471191406 3.932238944444443
1.886683422842000 1651226539.885528802871704 3.942097481481480
2.952802567474000 1477025799.058120489120483 3.948593555555554
3.000927027763000 1961537214.922523975372314 3.954064777777776
2.984570185194000 2182111355.546767234802246 3.958559888888887
3.000927027763000 2193112355.793345451354980 3.962990259259258
3.061690861814000 2184716125.712707996368408 3.967417166666665
2.985498097029000 2282500473.560560226440430 3.971933777777776
2.937383232918000 2213889222.134238243103027 3.976447314814813
2.931496839460000 2148807064.578529834747314 3.980937111111110
2.939211304827000 2137333781.363877534866333 3.985373537037035
2.946925770194000 2138550919.009651660919189 3.989786499999998
3.032727889194000 2138108955.429602622985840 3.994220185185184
2.952802567474000 2227964803.541781902313232 3.998737685185183
2.946009846884000 2158990281.707467079162598 4.003253796296295
2.946925770194000 2138215456.713599920272827 4.007687444444443
2.962354700928000 2138486334.739094734191895 4.012100499999998
2.946925770194000 2128538699.098455190658569 4.016555814814813
3.110863172768001 2138332770.721925258636475 4.020988407407406
2.952802567474000 2270278994.561223030090332 4.025523740740739
2.954640235561000 2169726291.536280632019043 4.030056814814813
2.954640235561000 2138550194.195030212402344 4.034491074074072
3.008641493130000 2138478175.584485530853271 4.038909333333332
2.994143564904000 2183068863.857829093933105 4.043394296296295
2.952802567474000 2193419613.543520450592041 4.047827740740740
1.982097058010000 2148731173.184357643127441 4.052302740740740
3.069402929476000 1556390110.721309423446655 4.057444111111110
2.968221902030000 2221543792.277381896972656 4.072788648148147
1.700507485886000 2126897169.318143367767334 4.078775296296295
2.976858117532000 1633855466.558119773864746 4.088511092592592
3.348077969278000 2109391886.745374202728271 4.098381999999999
1.706009917920000 2218947086.876230239868164 4.107507370370369
2.993212562396000 1557690706.796382188796997 4.112648722222221
2.946925770194000 1996592592.343290090560913 4.118151037037036
3.093500612167000 2148506668.862854957580566 4.122648166666665
3.099286245756000 2272323922.224715709686279 4.127186407407406
1.699900188734000 2303013418.188356399536133 4.131615166666665
3.000927027763000 1577369420.507100582122803 4.136828537037035
2.993212562396000 2001167484.105358600616455 4.142333537037035
3.046266726490000 2193257160.031558036804199 4.146769814814813
2.953721914546000 2236721769.933503150939941 4.151239537037035
2.938297779222000 2159048951.106570243835449 4.155734574074072
2.999060571142000 2138991043.859499216079712 4.161162259259257
3.063595348626000 2183411183.993671417236328 4.165656777777775
1.699900188734000 2238123344.930499553680420 4.170149148148146
2.940125510898000 1571451600.702225208282471 4.175338999999997
2.938297779222000 1962699151.638303279876709 4.180807055555553
2.940125510898000 2137805384.078474760055542 4.185237814814812
2.946925770194000 2138556381.111575365066528 4.189669296296294
3.038554658828000 2138500588.923213481903076 4.194087277777775
3.106995913034000 2227838718.021358013153076 4.198597666666664
1.687064738962000 2293279398.131934642791748 4.203092314814811
3.054928285332000 1577392873.501997232437134 4.208307592592589
2.962354700928000 1941082809.773415088653564 4.213857796296293
2.946009846884000 2167750175.965100765228271 4.228223018518515
2.990420594324000 2128580123.053741693496704 4.234122277777774
2.961433982208000 2186625015.611860275268555 4.243018648148144
3.455006312576000 2151138449.421486854553223 4.251906370370366
2.999060571142000 2233761806.422330379486084 4.260882574074070
2.944176976886000 2201890210.679258823394775 4.265368944444440
2.945092900196000 2142957265.663404703140259 4.269851851851848
1.699900188734000 2136583408.476104497909546 4.274287851851848
3.085786146800000 1559019840.013811826705933 4.279436444444441
2.954640235561000 2081332381.622599840164185 4.284962555555552
2.952802567474000 2168289236.504244804382324 4.289493129629626
1.699900188734000 2137814227.458088159561157 4.293907129629626
2.994143564904000 1558766913.288806915283203 4.299053203703700
1.693181215656000 2001830599.933307170867920 4.304551037037033
3.007706388180000 1564692707.215521335601807 4.309728148148144
2.979635694016000 2001856118.445603132247925 4.315236537037033
1.698686498146000 2193333043.405536651611328 4.319665055555552
3.046266726490000 1565485782.457447767257690 4.324834074074071
2.967298785605000 2041841666.582881927490234 4.330359685185182
3.099286245756000 2159234759.892053127288818 4.334868074074071
2.953721914546000 2272519663.346181869506836 4.339398499999996
2.939211304827000 2169296481.387047290802002 4.343937851851848
2.963276105472000 2138335750.516625881195068 4.348373685185181
2.946925770194000 2137771961.914307117462158 4.352808129629626
2.946925770194000 2137652014.453100442886353 4.357241370370367
2.993212562396000 2138594450.002721071243286 4.361665129629626
3.046266726490000 2182618880.514024257659912 4.366161240740737
3.038554658828000 1687027343.550876379013062 4.383235481481478
3.107963267786000 2214956839.002531528472900 4.389285611111108
3.091576578478000 2280070109.987460136413574 4.398190666666663
3.347037365308000 2278173654.536558628082275 4.407160796296292
2.999060571142000 2118369115.465688228607178 4.416174537037033
2.993212562396000 2181650239.827985286712646 4.420653055555552
3.007706388180000 2191334984.685935974121094 4.425078907407404
3.054928285332000 2188955212.422868251800537 4.429517555555551
3.000927027763000 2237675989.859224796295166 4.434009870370367
3.000927027763000 2203429225.836005687713623 4.438497148148144
2.970069166295000 2193093948.593064785003662 4.442938111111108
2.953721914546000 2148443046.578592777252197 4.447433499999996
2.961433982208000 2137778972.500960111618042 4.451870018518515
2.961433982208000 2138143711.074073791503906 4.456303296296293
3.039499354598000 2138620562.614343881607056 4.460716555555551
3.047213819965000 2227000941.972053527832031 4.465218537037033
2.952802567474000 2248610246.218856811523438 4.469644740740736
1.706619161812000 2148429963.898917198181152 4.474158814814810
2.937383232918000 1559003323.551122665405273 4.479301685185181
3.039499354598000 1963556566.851116895675659 4.484766703703699
2.955559240614000 2227316228.161973953247070 4.489279092592589
2.999994320518000 2158917424.024344921112061 4.493782240740737
3.008641493130000 2182775420.918419837951660 4.498277481481478
2.954640235561000 2193389486.494483947753906 4.502720796296292
3.008641493130000 2148730803.571428775787354 4.507200796296292
1.713338134890000 2183090672.998441696166992 4.511693129629625
2.954640235561000 1564875556.511452913284302 4.516859240740737
3.007706388180000 1960452605.098503828048706 4.522313999999996
3.093500612167000 2227078501.105326175689697 4.537643814814811
2.959591516032000 2179511661.009525775909424 4.543563351851848
3.053978794152000 2134315189.141761541366577 4.552470055555552
1.894750407996000 2210027862.697054386138916 4.561441296296293
1.706619161812000 1649143926.891890287399292 4.571293777777774
3.007706388180000 1492153592.026204347610474 4.575901462962960
2.976858117532000 1996312431.872317075729370 4.581405833333330
2.969146049870000 2148248275.520848274230957 4.585897259259256
2.962354700928000 2138399683.826204776763916 4.590325203703700
2.961433982208000 2138065603.022547721862793 4.594746296296293
2.985498097029000 2137983295.896473169326782 4.599165259259256
2.960512234752000 2138341100.085957288742065 4.603603296296293
1.699900188734000 2138464330.145645141601562 4.608024240740737
1.687064738962000 1557905176.786298990249634 4.613172222222219
2.992282252856000 1493015623.302580118179321 4.617774796296293
3.047213819965000 2001793010.272668600082397 4.623271222222218
2.985498097029000 2238218962.556957244873047 4.627758037037033
1.693786112424000 2203676149.446631431579590 4.632245703703700
2.992282252856000 1562052096.127884149551392 4.637417055555551
2.946009846884000 2002306394.926072597503662 4.642917944444441
2.960512234752000 2147382536.846806764602661 4.647395944444440
2.946009846884000 2138102030.075187921524048 4.651829277777773
3.046266726490000 2138245995.733792066574097 4.656265518518514
3.046266726490000 2227839333.108735561370850 4.660772888888884
2.946009846884000 2247952784.867136955261230 4.665213555555551
2.953721914546000 2159206224.435792446136475 4.669727425925921
3.007706388180000 2138592974.160477161407471 4.674152888888884
2.992282252856000 2181696075.446233749389648 4.678653518518513
2.961433982208000 2149293404.409237384796143 4.694063925925921
1.700507485886000 2126590360.098411798477173 4.700025259259254
2.961433982208000 1820185734.450969696044922 4.709589092592587
3.537636734007000 2202507866.478289127349854 4.719629351851847
3.007706388180000 2144221104.344647645950317 4.728596962962958
2.968221902030000 2190338852.347470760345459 4.733005962962958
1.706619161812000 2148210404.968204975128174 4.737487796296291
2.946009846884000 1554597910.220900058746338 4.742629222222217
2.946009846884000 1962424522.829880952835083 4.748088685185180
3.000927027763000 2137935799.659461259841919 4.752515222222216
2.960512234752000 2170595544.119647979736328 4.757006166666661
2.953721914546000 2148450532.222130775451660 4.761494685185179
2.961433982208000 2138259690.488814115524292 4.765930592592587
2.946925770194000 2137071737.359814643859863 4.770364203703697
2.945092900196000 2138607619.302680015563965 4.774789611111105
3.100251200124000 2138387408.431988000869751 4.779221148148142
2.955559240614000 2272471586.860919475555420 4.783743703703698
1.693181215656000 2169590422.926191806793213 4.788279999999995
3.101215077534000 1557990307.074469327926636 4.793430759259254
1.699293343440000 2082034823.925660848617554 4.798972925925921
3.039499354598000 1577608208.438029766082764 4.804183462962958
2.937383232918000 2040791406.037530660629272 4.809698962962957
2.946925770194000 2159338667.103860855102539 4.814217111111105
2.993212562396000 2138608172.845601081848145 4.818643240740735
2.999060571142000 2183381807.993869304656982 4.823137888888883
3.223644282716000 2193348742.215855121612549 4.827571759259253
1.691972322264000 2035552024.758449316024780 4.832083499999993
2.969146049870000 1934476635.768204450607300 4.847062870370364
2.993212562396000 2021927529.526360511779785 4.853146574074067
3.038554658828000 1800048055.390949010848999 4.862052962962956
3.100251200124000 2171726845.300754547119141 4.872273870370363
1.888705942822000 2200403272.839126586914062 4.881304425925919
2.990420594324000 1738918761.027040481567383 4.888252833333326
2.992282252856000 1997805333.944261550903320 4.893749425925919
2.946009846884000 2193114193.184429645538330 4.898180999999993
2.961433982208000 2143259191.093027353286743 4.902668537037030
3.008641493130000 2139750304.329748392105103 4.910061833333327
2.968221902030000 2182619580.263544082641602 4.914543481481474
1.699900188734000 2148680681.002696990966797 4.919033592592585
2.952802567474000 1558825727.888072013854980 4.924179759259252
2.962354700928000 1962329338.115863561630249 4.929652351851845
2.969146049870000 2138338784.948849439620972 4.934072833333327
2.953721914546000 2138520108.829663276672363 4.938503814814808
1.691972322264000 2138623569.181337594985962 4.942930185185179
2.943260712450000 1558699322.462476015090942 4.948071351851845
2.946009846884000 1961357796.920572519302368 4.953531722222215
2.969146049870000 2138272245.563035011291504 4.957952703703697
1.700507485886000 2138642065.926524162292480 4.962377944444437
3.037608907532000 1558840789.241923570632935 4.967529629629623
1.685860194480000 2041311109.324435710906982 4.973057518518512
2.954640235561000 1571620136.303108453750610 4.978244759259252
2.999060571142000 1962970561.043587923049927 4.983713074074067
3.049109065120001 2183220650.344804763793945 4.988202999999992
2.999060571142000 2238107568.685230255126953 4.992690055555548
3.047213819965000 2202856895.371187686920166 4.997179648148141
3.137834582146000 2235350270.497443199157715 5.001674111111104
2.937383232918000 2270309613.348141670227051 5.016013740740734
1.687064738962000 2126768002.759232282638550 5.022027222222215
1.691972322264000 1633792859.697313308715820 5.031762259259252
3.508990786210000 1656015652.578198432922363 5.042516611111104
1.700507485886000 2219072061.955469131469727 5.052559666666659
3.001860429762000 1575648058.330046653747559 5.057771388888882
2.992282252856000 2001827066.555337190628052 5.063271685185178
2.999994320518000 2187836290.683614730834961 5.067697777777771
2.983641236586000 2178677284.521237373352051 5.072137074074067
2.954640235561000 2191954042.730588912963867 5.076579203703697
3.014479905698000 2145726245.770500421524048 5.081072555555549
2.946925770194000 2183197522.498326778411865 5.085554370370364
2.953721914546000 2148690810.313914299011230 5.090026574074067
2.961433982208000 2138303649.927569150924683 5.094462481481475
3.007706388180000 2138410510.444033145904541 5.098896166666661
3.053978794152000 2183166117.931239604949951 5.103373351851846
3.093500612167000 2238245743.417145252227783 5.107863129629624
2.993212562396000 2292975697.977646350860596 5.112358259259254
1.701113879322000 2213984488.234859466552734 5.116870962962957
3.015418455842000 1557141212.283044099807739 5.122072351851846
2.953721914546000 2001421930.870083570480347 5.127572462962957
2.954640235561000 2148596487.611823558807373 5.132064499999994
2.968221902030000 2138269804.433182477951050 5.136493222222216
1.706619161812000 2138500108.657494783401489 5.140924407407401
3.046266726490000 1558850905.241325616836548 5.146067296296290
3.302818159224000 2041637056.347844839096069 5.151593814814809
1.699293343440000 2240149915.561723709106445 5.156023962962957
2.999060571142000 1910842692.427547454833984 5.172068962962957
2.961433982208000 2124310431.199820995330811 5.178190555555549
2.954640235561000 2134284521.316280841827393 5.187970074074068
3.316189094660000 2092768035.293107986450195 5.196818722222216
2.945092900196000 1717784335.352934360504150 5.207647777777772
2.993212562396000 2136800781.658639669418335 5.212073314814809
2.945092900196000 2182478885.760853767395020 5.216572648148142
2.962354700928000 2142891086.903617620468140 5.221062296296290
2.954640235561000 2138269892.599232435226440 5.225483259259254
3.008641493130000 2138598947.964037895202637 5.229901499999994
3.047213819965000 2183071533.280752658843994 5.234386074074068
2.951884246459000 2237992307.850856304168701 5.238878388888883
3.047213819965000 2142361599.381881475448608 5.243384296296290
2.999060571142000 2227549890.857967376708984 5.247889129629624
3.007706388180000 2203780607.757392406463623 5.252373740740735
2.945092900196000 2193424173.275319099426270 5.256812833333328
2.985498097029000 2147785777.887707233428955 5.261305055555550
3.101215077534000 2183224562.603247165679932 5.265800296296290
2.962354700928000 2282860073.386362075805664 5.270312185185179
2.994143564904000 2169679362.064448356628418 5.274836037037031
2.938678708018000 2183150175.293875217437744 5.279325851851846
2.954640235561000 2148995864.405379295349121 5.283808166666661
2.953721914546000 2138386519.564725637435913 5.288229388888883
2.984570185194000 2138602364.014812707901001 5.292660018518513
3.000927027763000 2182357386.532186031341553 5.297154685185180
2.956477903648000 2193581164.579838275909424 5.301581333333328
3.475978577423000 2149005626.552045345306396 5.306070629629624
1.706619161812000 2223970103.676705837249756 5.310582518518513
2.992282252856000 2009086009.389208316802979 5.325603703703698
2.999060571142000 1898653454.753804206848145 5.332908185185180
2.953721914546000 1748957468.026483535766602 5.343715740740735
3.394364761480000 2231077849.511699676513672 5.352756925925920
2.970069166295000 2159762425.710247516632080 5.361718333333328
1.699293343440000 2147764262.046884536743164 5.366195055555550
2.970069166295000 1556615950.187587976455688 5.371343259259254
3.061690861814000 1961410453.812876462936401 5.376801129629624
2.970069166295000 2220532790.043698310852051 5.381318648148143
3.007706388180000 2158086995.416326522827148 5.385831444444439
3.014479905698000 2181895994.534259796142578 5.390330851851846
3.008641493130000 2191548374.971809387207031 5.394764962962958
2.961433982208000 2192903964.235474586486816 5.399201388888883
2.960512234752000 2147553847.104628562927246 5.403696111111105
3.045318574810000 2137067275.143552064895630 5.408127333333328
2.962354700928000 2227684993.666916847229004 5.412645055555550
2.962354700928000 2158336840.375490188598633 5.417152740740735
2.962354700928000 2138303285.333422422409058 5.421584333333327
3.000927027763000 2138613527.481232643127441 5.426002499999994
3.000927027763000 2183361548.721718311309814 5.430486962962957
2.962354700928000 2189604845.765188217163086 5.434910833333327
1.699900188734000 2148885454.605382442474365 5.439405574074068
1.693786112424000 1559083971.774193525314331 5.444549277777772
2.970069166295000 1492034437.363371849060059 5.449149148148142
2.999060571142000 1963509308.254029512405396 5.454619203703698
3.061690861814000 2183169873.905313491821289 5.459119055555550
2.970069166295000 2238059031.468617916107178 5.463613833333327
2.969146049870000 2157669701.827245712280273 5.468130851851845
2.955559240614000 2134081368.035570859909058 5.482487203703697
2.993212562396000 2118762247.283859014511108 5.488403481481475
1.692576768960000 2163192851.637644290924072 5.497269537037031
1.894750407996000 1635362560.722115039825439 5.507051499999994
2.263217056800000 1645783700.582170963287354 5.517879425925920
2.953721914546000 1492148161.263193368911743 5.522481518518513
2.961433982208000 1960359237.090392589569092 5.527957629629624
2.962354700928000 2136598122.339981794357300 5.532395777777772
2.952802567474000 2133461371.133026838302612 5.536814129629624
2.991350903864000 2134649265.415012359619141 5.541249740740735
2.970069166295000 2183374627.842909812927246 5.545746796296291
2.962354700928000 2147738552.053012847900391 5.550232074074068
2.938297779222000 2138482551.218595266342163 5.554665685185179
2.959591516032000 2136841999.306666612625122 5.559099444444438
2.969146049870000 2138276995.639480113983154 5.563520425925920
2.970069166295000 2136801404.031984567642212 5.567941555555549
3.100251200124000 2136772577.979540109634399 5.572367574074068
3.108929542901000 2272237122.873207092285156 5.576902962962957
2.960512234752000 2301334275.848263263702393 5.581343407407402
3.004899680250000 2169623240.816326141357422 5.585880444444439
1.708447120310000 2183336604.118390083312988 5.590379685185180
2.953721914546000 1565272919.292015075683594 5.595552425925921
2.960512234752000 1962316818.177190780639648 5.601009814814810
2.952802567474000 2138645758.402060747146606 5.605437740740736
3.029899240254000 2138636138.985824346542358 5.609874111111106
1.713338134890000 2228089856.654505729675293 5.614386648148143
2.954640235561000 1571436991.056887388229370 5.619571685185180
2.969146049870000 1955940821.571776628494263 5.625025999999995
3.053028242088000 2135623236.618309020996094 5.629468222222217
3.039499354598000 2160290747.703048706054688 5.643796796296291
2.999060571142000 2192616993.663173198699951 5.649875314814810
3.007706388180000 2160187662.414547443389893 5.658790259259254
3.379986807804000 1932850817.822898864746094 5.669428259259254
3.039499354598000 2209140256.371786117553711 5.678438611111106
2.939211304827000 2237233622.050815105438232 5.682930592592587
2.946925770194000 2157017176.159113883972168 5.687449129629624
2.952802567474000 2136723638.679190158843994 5.691869537037031
2.970069166295000 2133566439.871436357498169 5.696306018518513
3.110863172768001 2135357721.064283132553101 5.700739537037031
3.014479905698000 2270180365.958732604980469 5.705274555555550
1.699900188734000 2214210592.360213756561279 5.709790388888884
3.108929542901000 1563707599.156405210494995 5.714962259259254
2.954640235561000 2081260486.950241565704346 5.720500888888884
2.961433982208000 2167835905.480768680572510 5.725010259259254
1.685860194480000 2135864183.093885660171509 5.729444333333328
2.946925770194000 1558451957.756516933441162 5.734589111111106
2.946009846884000 1961787028.145835876464844 5.740046796296291
2.960512234752000 2138381833.093428850173950 5.744472425925920
2.946009846884000 2138344101.858166694641113 5.748898333333328
2.962354700928000 2137600657.746089696884155 5.753324222222217
3.031784889231000 2137319249.101585626602173 5.757745592592587
2.954640235561000 2227920365.048193454742432 5.762262499999995
2.954640235561000 2159362344.291083335876465 5.766775907407403
1.700507485886000 2138391650.822172403335571 5.771207481481476
2.946925770194000 1559044645.077580213546753 5.776345537037032
3.230350589482000 1962151475.556338071823120 5.781816166666661
2.945092900196000 2131998577.977046728134155 5.786243870370365
3.009577294620000 2135286143.169058084487915 5.800492759259254
1.699293343440000 2182093089.567259311676025 5.806454759259254
1.699293343440000 1661308484.346155405044556 5.816285499999995
3.494652811251000 1487627445.892761945724487 5.825635074074069
3.039499354598000 2154910166.107812404632568 5.835680981481477
2.937383232918000 2256977561.918449878692627 5.840164925925921
3.053978794152000 2155613571.305538654327393 5.844680444444440
3.030842591166000 2220490891.202754497528076 5.849197851851847
3.100251200124000 2248399772.219104766845703 5.853620555555551
2.998127863897000 2281817009.800697326660156 5.858125148148144
3.052078750908000 2213735589.136741161346436 5.862644629629625
2.953721914546000 2236706325.400487899780273 5.867139148148143
2.961433982208000 2158870467.171613693237305 5.871652518518514
1.699900188734000 2136978876.066231966018677 5.876081407407402
3.039499354598000 1556237824.543993473052979 5.881231796296291
2.952802567474000 2041508962.979871749877930 5.886748314814810
2.959591516032000 2158945169.519724845886230 5.891256148148143
2.970069166295000 2138110557.294928073883057 5.895692259259254
3.008641493130000 2138451799.103590011596680 5.900113185185180
3.091576578478000 2183186944.402126312255859 5.904610759259254
2.952802567474000 2282167089.832934856414795 5.909125518518514
2.952802567474000 2169916440.812583446502686 5.913648814814811
2.947842375756000 2138723164.976403236389160 5.918075037037033
2.953721914546000 2138267187.486888647079468 5.922488777777773
2.999994320518000 2138461690.595701694488525 5.926927055555551
3.061690861814000 2182990792.807266712188721 5.931422333333329
3.362461500632000 2238215985.629039287567139 5.935906685185182
1.706009917920000 2245673154.798606872558594 5.940351648148145
2.998127863897000 2011402582.226177692413330 5.955374574074071
2.951884246459000 2124302325.932593107223511 5.961505925925922
2.954640235561000 2170322107.762446403503418 5.971270888888886
3.393309771280000 2197886530.149856567382812 5.980294333333330
3.000927027763000 2159107835.874026775360107 5.989268018518516
1.699900188734000 2189189237.870088577270508 5.993709518518516
2.946009846884000 1561222316.472141981124878 5.998883574074072
3.046266726490000 1961806855.548881769180298 6.004340629629628
3.102179672916000 2226229881.001230716705322 6.008853592592590
1.685258146382000 2289455230.984139442443848 6.013347648148146
1.700507485886000 1576561064.155854225158691 6.018555740740739
3.007706388180000 1492734031.198521137237549 6.023153537037035
2.984570185194000 2000950293.852629899978638 6.028661462962961
2.954640235561000 2190831622.125128269195557 6.033094833333331
2.946925770194000 2148930833.199072837829590 6.037577555555553
2.969146049870000 2138628630.174349069595337 6.041990796296294
2.970069166295000 2138351763.333208084106445 6.046418962962961
2.945092900196000 2138255873.169591426849365 6.050855333333331
2.952802567474000 2138230129.641653060913086 6.055276351851850
1.693786112424000 2138559209.643887042999268 6.059694425925924
2.969146049870000 1558921689.302379131317139 6.064845796296295
1.706009917920000 1962084844.289248228073120 6.070302851851850
1.692576768960000 1558961007.837295293807983 6.075449185185184
3.046266726490000 1492642438.904807567596436 6.080057203703702
1.687064738962000 2041456389.819762945175171 6.085577703703702
3.294076711709000 1571574518.046921253204346 6.090766851851851
2.962354700928000 1961467522.941981792449951 6.096245648148147
2.952802567474000 2133912880.155660152435303 6.110502722222221
2.953721914546000 2126002068.621827840805054 6.116411111111110
3.046266726490000 2132016772.191003322601318 6.125252907407406
3.348077969278000 2209599232.874671936035156 6.134204074074073
2.962354700928000 2154727361.739066123962402 6.143206777777777
2.962354700928000 2137125184.709015369415283 6.147643185185184
2.977783631662000 2135645380.961714029312134 6.152083944444444
2.970069166295000 2131692669.047459840774536 6.156522759259259
2.993212562396000 2137179143.008966445922852 6.160948666666666
2.953721914546000 2180678468.508952140808105 6.165440537037036
1.699293343440000 2147755520.648174762725830 6.169920351851851
3.002793484384000 1547851281.355932235717773 6.176066185185184
2.962354700928000 2000149224.734297990798950 6.181556537037036
2.946925770194000 2148877636.539112091064453 6.186046499999999
2.999994320518000 2136820928.741182088851929 6.190464666666665
3.059786020481000 2183090574.796041011810303 6.194956759259258
3.039499354598000 2238323674.544577598571777 6.199448925925925
2.961433982208000 2248321224.459146976470947 6.203888074074073
1.699900188734000 2159198056.042822837829590 6.208395870370370
2.962354700928000 1549459426.357199907302856 6.213566851851851
2.950965583424999 1961804932.849574089050293 6.219023092592592
3.000927027763000 2138562369.082093238830566 6.223461129629629
2.999060571142000 2183224485.253200054168701 6.227953629629629
1.686462242578000 2193255147.829208850860596 6.232390055555554
2.952802567474000 1564037123.418707847595215 6.237558999999999
1.699900188734000 1963037703.336323738098145 6.243029092592592
2.999994320518000 1555580251.350370407104492 6.248182000000000
2.993212562396000 2168354109.353923320770264 6.263502962962963
2.938297779222000 2166760172.591689586639404 6.269425740740741
3.039499354598000 2165372100.273086547851562 6.278336222222222
2.937383232918000 2209282474.047475337982178 6.287278833333334
3.394364761480000 2121455588.208586692810059 6.296252092592593
1.700507485886000 2182477850.087542533874512 6.300736685185186
2.945092900196000 1561778681.382515430450439 6.305901185185186
2.946009846884000 1959288385.422849416732788 6.311361277777778
2.991350903864000 2136863039.963908195495605 6.315794444444445
3.000927027763000 2181676669.173491477966309 6.320276037037038
2.943260712450000 2193156372.764355182647705 6.324702425925927
3.039499354598000 2146363429.156584501266479 6.329187277777779
1.699900188734000 2226840815.121087074279785 6.333701944444446
2.939211304827000 1571536160.668119192123413 6.338895074074076
2.983641236586000 1961914419.139792203903198 6.344367481481483
3.040444754052000 2183224036.060683250427246 6.348861962962965
1.699293343440000 2234796971.107696056365967 6.353356944444446
2.984570185194000 1571372452.422006368637085 6.358544333333334
3.048161618910000 2002261603.148259639739990 6.364045314814816
3.039499354598000 2237359454.279413700103760 6.368538185185186
1.699900188734000 2248051789.088997840881348 6.372977129629631
2.992282252856000 1570132763.122226715087891 6.378169055555557
2.940125510898000 2001941005.350615024566650 6.383675518518520
2.944176976886000 2148777051.411602020263672 6.388165425925927
3.039499354598000 2138214493.480441331863403 6.392596537037038
1.713950232810000 2226766578.662556171417236 6.397113722222223
2.952802567474000 1571809797.345511674880981 6.402304092592594
3.000927027763000 1958843567.226705551147461 6.407772185185187
2.961433982208000 2182128232.079041481018066 6.412264907407409
1.699900188734000 2152451950.182346820831299 6.426579333333335
2.961433982208000 1481400109.266397476196289 6.432680629629631
3.068447576644000 2096824694.190845489501953 6.440654314814816
1.692576768960000 2210942060.873514175415039 6.449584185185187
3.319283286080000 1657379546.507997989654541 6.459372425925928
2.962354700928000 2127201263.891805171966553 6.466692555555557
2.951884246459000 2137116613.217895030975342 6.471115851851853
2.946009846884000 2136377918.611014842987061 6.475548611111113
1.685860194480000 2138242604.637182712554932 6.479984574074075
2.940125510898000 1552579173.041960000991821 6.485128370370371
2.950965583424999 1962202857.791496992111206 6.490593611111112
2.993212562396000 2138028254.743565797805786 6.495029444444445
2.946009846884000 2181230524.210474014282227 6.499529333333334
1.700507485886000 2146716885.154524087905884 6.504014425925927
2.946009846884000 1555241884.432153224945068 6.509157148148149
2.946925770194000 1963009457.360668659210205 6.514630055555556
2.953721914546000 2137156556.142463445663452 6.519043925925926
3.000927027763000 2126608245.100247859954834 6.523482925925926
3.046266726490000 2182674015.891182899475098 6.527964796296296
2.961433982208000 2238117158.381234645843506 6.532436425925926
2.941039376736000 2159160609.132056236267090 6.536949222222223
1.694994780780000 2137717737.382861137390137 6.541377722222223
2.953721914546000 1558756109.409804582595825 6.546523851851853
2.931496839460000 1962886394.534816741943359 6.551999592592593
1.686462242578000 2138414886.596215724945068 6.556433111111112
2.999060571142000 1558248224.880848169326782 6.561573611111112
2.962354700928000 2001888426.507802248001099 6.567069407407408
2.963276105472000 2145713353.279366493225098 6.571569203703705
3.000927027763000 2107484845.021842956542969 6.585829277777779
3.007706388180000 1879043056.742142438888550 6.592808870370371
2.953721914546000 2217049647.691976547241211 6.602622462962963
3.354749432970000 2148597294.212308883666992 6.611529296296297
2.993212562396000 2151898343.333182334899902 6.620523259259260
2.970069166295000 2178276533.103842735290527 6.625020611111112
2.961433982208000 2143268859.757605791091919 6.629512833333334
2.970069166295000 2135844305.080926895141602 6.633951000000001
3.015418455842000 2138458363.982880830764771 6.638381814814815
1.699293343440000 2181688919.550866603851318 6.642864518518519
3.047213819965000 1563832567.918598175048828 6.648025925925927
1.699900188734000 2039473654.607179641723633 6.653557148148149
3.006770238420000 1570031057.494866609573364 6.658751814814815
3.000927027763000 2001740303.790993928909302 6.664255111111111
2.991350903864000 2193331955.381126403808594 6.668681074074074
2.946925770194000 2192420616.024661064147949 6.673114518518519
2.953721914546000 2149163050.288540840148926 6.677607111111111
1.701720950545000 2138512761.544765710830688 6.682035925925926
1.699900188734000 1558749258.736829996109009 6.687182296296297
1.699900188734000 1492753630.536341667175293 6.691784462962963
2.985498097029000 1492250385.701452970504761 6.696381666666667
2.992282252856000 2001258622.258929252624512 6.701875092592593
2.985498097029000 2193656976.136634349822998 6.706305407407408
2.951884246459000 2193500404.919141292572021 6.710741592592593
3.047213819965000 2148849837.350318908691406 6.715221796296297
2.937383232918000 2227859816.389990329742432 6.719724092592593
3.218932861152000 2158980120.610963821411133 6.724219722222223
2.944176976886000 2135457408.124758005142212 6.728665666666667
2.936469707313000 2132549048.685092449188232 6.742926629629630
2.938297779222000 2127313441.275705575942993 6.748821407407408
2.984570185194000 2090198886.426836252212524 6.757671796296297
3.385597703618000 1898356033.186702966690063 6.768314166666667
2.946009846884000 1808473394.264528989791870 6.780382018518520
2.944176976886000 2075271496.032006502151489 6.784899648148149
2.952802567474000 2126448758.056612968444824 6.789321481481482
2.962354700928000 2130396480.072101116180420 6.793759703703705
2.955559240614000 2137959432.659721136093140 6.798185814814816
2.961433982208000 2136634242.317910671234131 6.802618925925927
2.955559240614000 2136952990.934533596038818 6.807045574074075
2.946009846884000 2137078067.534546852111816 6.811486648148149
1.713950232810000 2138452329.347180366516113 6.815912462962964
3.053978794152000 1557598358.931201457977295 6.821017537037038
3.047213819965000 2040428493.592977285385132 6.826523648148149
1.699293343440000 2248419082.826040744781494 6.830962000000001
2.948758640192000 1570550905.848787546157837 6.836154592592594
3.060737909366000 1962070241.223237276077271 6.841616722222224
2.954640235561000 2227677987.038119792938232 6.846114240740742
1.685860194480000 2159207156.486591815948486 6.850627111111113
3.031784889231000 1559027878.587331533432007 6.855775759259260
2.961433982208000 2040871423.002997159957886 6.861286796296297
2.953721914546000 2159229107.013010501861572 6.865794555555556
2.993212562396000 2138443138.515219926834106 6.870231425925927
3.006770238420000 2181971836.904531002044678 6.874726407407408
2.962354700928000 2193509328.264473915100098 6.879149444444445
2.962354700928000 2148629379.485014915466309 6.883624222222222
2.956477903648000 1916422748.389030218124390 6.888072888888889
2.993212562396000 2133832933.662428140640259 6.902320722222222
3.047213819965000 2174339456.445992946624756 6.908299888888889
2.970992970330000 2241643069.705344676971436 6.917204833333334
3.341402483514000 2166670950.868671894073486 6.926126500000001
2.952802567474000 1945608138.275421857833862 6.937051555555556
2.962354700928000 2132736781.508503913879395 6.941490833333334
2.953721914546000 2127480112.260069131851196 6.945924981481482
1.706619161812000 2134573364.599066972732544 6.950363240740741
1.701720950545000 1557268423.891545772552490 6.955513055555556
3.016355958497000 1458316941.220810651779175 6.960230018518518
3.008641493130000 1972684986.500525951385498 6.965737777777778
2.961433982208000 2191046034.187246322631836 6.970156796296297
3.047213819965000 2148375557.497277259826660 6.974628666666667
3.083866911200000 2226585896.724041938781738 6.979131166666667
3.100251200124000 2248313326.551373481750488 6.983554666666667
3.099286245756000 2291529656.762485504150391 6.988036500000000
2.962354700928000 2303045928.174422740936279 6.992477814814815
1.700507485886000 2169307773.014533042907715 6.996996296296296
3.009577294620000 1556837627.864819288253784 7.002144962962963
2.969146049870000 2002027667.478766679763794 7.007648148148149
3.071312213484000 2148503532.190205574035645 7.012133351851852
2.960512234752000 2227950046.169946670532227 7.016645666666667
2.970069166295000 2158399975.393700599670410 7.021161222222223
2.946925770194000 2094962450.229196786880493 7.025588925925927
2.968221902030000 2137972568.765970230102539 7.030024259259260
2.999994320518000 2138596051.889452695846558 7.034456759259260
2.986426700046000 1904902883.237307548522949 7.038966222222223
3.000927027763000 1663957534.128068923950195 7.055020944444445
2.983641236586000 2178392753.663956642150879 7.060945777777778
2.970069166295000 2150191942.419336795806885 7.069925129629630
3.246780485702000 2132206447.185075759887695 7.078829388888890
3.116644008268000 1972546983.562237262725830 7.090967203703705
3.054928285332000 2203574025.591517448425293 7.095494166666668
3.037608907532000 2249790526.897051811218262 7.099987981481482
1.699900188734000 2241165803.433702468872070 7.104417925925927
2.963276105472000 1566698806.529301404953003 7.109608203703704
1.699900188734000 1962556412.523245096206665 7.115075370370371
2.946009846884000 1557687596.759675979614258 7.120218888888889
2.946009846884000 1959832644.600105524063110 7.125686074074074
2.961433982208000 2138036387.869033813476562 7.130104518518518
2.993212562396000 2138188954.434329748153687 7.134543370370370
2.939211304827000 2183289157.520023822784424 7.139038037037037
2.930585711560000 2148971396.772398471832275 7.143530537037036
2.948758640192000 2138541101.583416700363159 7.147964222222222
2.953721914546000 2138389342.342945098876953 7.152392962962963
2.961433982208000 2138523625.835711240768433 7.156819222222222
1.693786112424000 2137626806.602710008621216 7.161255111111110
1.699293343440000 1558820485.888793706893921 7.166403370370370
2.946925770194000 1495055751.727533578872681 7.174075944444444
2.946009846884000 1990740449.685975790023804 7.180542185185185
2.999994320518000 2138726806.628353118896484 7.184963148148148
1.698686498146000 2182574054.998393058776855 7.189457555555555
3.000927027763000 1418941945.884033203125000 7.194695962962963
2.952802567474000 2097175812.742030858993530 7.210821074074074
3.108929542901000 2130835093.258419990539551 7.216780222222222
2.968221902030000 2199295789.319218635559082 7.225740240740740
2.952802567474000 2139384302.330380916595459 7.234713500000000
2.963276105472000 1912407841.608025789260864 7.250384888888889
3.061690861814000 2134061726.637978792190552 7.254808814814815
2.992282252856000 2216527242.401019573211670 7.259327574074074
2.961433982208000 2203195989.437201023101807 7.263815722222223
3.000927027763000 2146812789.310033082962036 7.268300370370371
2.993212562396000 2181369284.963846683502197 7.272795092592593
2.954640235561000 2191029378.526361465454102 7.277235851851852
2.953721914546000 2147826861.215130805969238 7.281726148148149
2.939211304827000 2138597914.291462659835815 7.286144222222223
2.999994320518000 2119072765.541606903076172 7.290578555555556
1.707228859348000 2182553486.896585941314697 7.295073425925927
2.991350903864000 1564006606.240819692611694 7.300242500000001
2.960512234752000 2000642213.499359369277954 7.305748111111113
3.046266726490000 2147480003.959612131118774 7.310237888888890
2.954640235561000 2227886745.121186733245850 7.314755722222224
2.954640235561000 2159173199.575354099273682 7.319256203703706
2.940125510898000 2138243750.861410140991211 7.323690148148150
2.992282252856000 2126212303.029044866561890 7.328150055555557
2.946925770194000 2182903501.154429912567139 7.332649629629631
2.952802567474000 2148174468.681935310363770 7.337138814814816
2.962354700928000 2138697897.436326026916504 7.341572555555556
2.962354700928000 2138879324.852123022079468 7.345996277777779
2.961433982208000 1937591478.013660907745361 7.350412740740742
2.961433982208000 2127555881.248204946517944 7.365499296296298
3.014479905698000 2127120641.965374708175659 7.371390925925927
3.055878483768000 2159590328.329916477203369 7.380378611111112
1.888031434918000 1964190089.555975437164307 7.391029925925927
2.944176976886000 1723892459.945038557052612 7.400915648148149
1.699293343440000 1873003045.796565771102905 7.408011037037038
2.962354700928000 1553627435.187515735626221 7.413161222222223
2.946925770194000 1956080259.819344282150269 7.418635111111112
3.101215077534000 2131735729.333868265151978 7.423065333333334
3.038554658828000 2225817543.600354671478271 7.427576000000000
2.993212562396000 2246982057.476051330566406 7.432022296296297
2.938297779222000 2200688803.012368679046631 7.436512425925926
2.954640235561000 2148502099.298034191131592 7.441002462962963
2.961433982208000 2136467524.013786554336548 7.445440500000000
3.053978794152000 2137252449.985138893127441 7.449864185185185
2.991350903864000 2226179746.804296016693115 7.454379796296297
1.706009917920000 2203327911.022433757781982 7.458871981481482
3.054928285332000 1565001923.510890960693359 7.464041925925927
3.037608907532000 2041414885.377164125442505 7.469564870370371
2.977783631662000 2248350448.234096050262451 7.473983444444445
1.713338134890000 2159102766.230728626251221 7.478496203703704
2.969146049870000 1554642230.293936252593994 7.483630222222223
3.022189572976000 1961925717.272227525711060 7.489086851851853
3.014479905698000 2181848980.583924293518066 7.493581981481483
2.962354700928000 2193579676.249210357666016 7.498008111111112
2.961433982208000 2148717605.915845394134521 7.502493240740741
2.970992970330000 2138487850.803600072860718 7.506918925925927
2.954640235561000 1935885134.600075721740723 7.511362129629631
2.969146049870000 2174762925.010443210601807 7.525725611111112
2.953721914546000 2126095594.261329650878906 7.531623222222223
2.954640235561000 2132362726.746046543121338 7.540477351851854
3.456080484416000 2126817960.388628959655762 7.549334703703705
1.707228859348000 2015979144.385026693344116 7.559931370370371
3.099286245756000 1564530046.027502536773682 7.565133574074075
1.692576768960000 2077066638.100147962570190 7.570665388888890
2.952802567474000 1576332744.943748474121094 7.575889944444445
3.041389801664000 1958025115.471483230590820 7.581350648148149
2.993212562396000 2226667738.989493370056152 7.585852240740741
1.699900188734000 2202482339.517809391021729 7.590331796296296
1.699293343440000 1564077537.769114017486572 7.595499648148148
2.945092900196000 1491494761.116557121276855 7.600109055555555
2.994143564904000 1961560142.464527845382690 7.605573703703704
2.993212562396000 2174666125.342620849609375 7.610066574074074
3.100251200124000 2191701383.514133930206299 7.614493037037037
3.030842591166000 2279945877.430469989776611 7.619007481481481
3.037608907532000 2258327245.297951221466064 7.623500203703704
2.952802567474000 2248299395.641598224639893 7.627930981481481
2.953721914546000 2159142403.973835468292236 7.632449425925926
2.939211304827000 2138646428.257254123687744 7.636870185185185
3.106995913034000 2137876433.360486268997192 7.641303240740741
1.679143620000000 2272713192.259410858154297 7.645846870370370
2.953721914546000 1577890171.974477052688599 7.651065129629630
2.945092900196000 1963752050.306274175643921 7.656525018518519
3.006770238420000 1938780216.712978124618530 7.660970222222222
2.939211304827000 2144540122.940562486648560 7.676138648148148
2.946009846884000 2129591288.109093904495239 7.682108351851851
2.939211304827000 1867476122.747812986373901 7.692693740740740
3.331613229984000 2198024854.584064483642578 7.701719574074073
2.946925770194000 1958260267.551412343978882 7.712860388888888
2.938297779222000 2053938338.646953821182251 7.717617555555555
3.033670538208000 2137121172.415519714355469 7.722055370370370
2.946009846884000 2219269725.900831699371338 7.726565092592592
1.693181215656000 2154139699.554987430572510 7.731084314814814
2.961433982208000 1557304829.679280042648315 7.736234185185185
1.707228859348000 1959493075.420535564422607 7.741704500000000
2.952802567474000 1557651065.759963750839233 7.746848629629629
2.961433982208000 1962309221.098883152008057 7.752310740740740
2.992282252856000 2138257512.992393016815186 7.756736407407407
2.954640235561000 2181959117.955897808074951 7.761233537037037
2.954640235561000 2149001865.117353916168213 7.765721388888888
2.953721914546000 2138231908.018336057662964 7.770157055555555
2.946925770194000 2138388619.885095119476318 7.774585833333333
3.054928285332000 2138521955.357926368713379 7.779016962962963
2.998127863897000 2227846011.642381191253662 7.783524759259260
3.007706388180000 2203593588.669574737548828 7.788012185185186
2.962354700928000 2193292032.075298786163330 7.792450814814815
2.945092900196000 2148466877.830293655395508 7.796940925925926
2.969146049870000 2137447685.152237176895142 7.801364462962963
2.951884246459000 2138356887.943167209625244 7.805785500000001
2.952802567474000 2138397875.875113248825073 7.810210851851853
3.232360988773000 2138575315.442580938339233 7.814641722222223
2.964197167104000 1993997368.517829895019531 7.819173740740742
2.969146049870000 2134500428.426865577697754 7.833502648148150
3.006770238420000 2131138782.941178321838379 7.839392074074076
2.961433982208000 2219563630.968816280364990 7.848379370370372
3.342441076448000 2150562977.210225582122803 7.857295000000001
2.975006055178000 1983795646.084415435791016 7.868004814814817
2.968221902030000 2133044671.620455741882324 7.872448351851854
2.966375325375000 2138003577.383912801742554 7.876879481481484
2.976858117532000 2131421313.693070888519287 7.881314814814817
2.960512234752000 2137719409.873621940612793 7.885744500000002
2.969146049870000 2138285332.107177257537842 7.890174685185188
1.706009917920000 2134244152.193554878234863 7.894601796296299
1.693181215656000 1558441856.951698541641235 7.899750018518521
3.008641493130000 1492528207.543751716613770 7.904349851851855
3.054928285332000 2001361944.741568803787231 7.909855296296299
3.007706388180000 2237850161.495910167694092 7.914344574074077
2.961433982208000 2203649683.024184226989746 7.918840185185188
3.101215077534000 2148497973.053781032562256 7.923330611111115
1.706619161812000 2272410096.181300640106201 7.927870648148152
3.039499354598000 1576886438.041942119598389 7.933085944444448
3.022189572976000 2042219031.206834077835083 7.938609425925930
2.999060571142000 2203760438.033481121063232 7.943087351851855
2.961433982208000 2148937131.873752593994141 7.947577055555559
3.039499354598000 2138599813.608268022537231 7.952008185185189
3.100251200124000 2228112466.007948875427246 7.956523129629634
3.015418455842000 2293650680.460415840148926 7.961005388888893
2.977783631662000 2213459707.350719451904297 7.965515907407411
3.008641493130000 1946035090.602110862731934 7.970023814814819
2.955559240614000 2149349565.393010616302490 7.984327925925930
2.954640235561000 2136275245.738517284393311 7.990301981481486
2.963276105472000 1864921833.854977130889893 8.000892907407412
2.961433982208000 2135446068.148048877716064 8.009729333333338
2.959591516032000 1991972805.803200483322144 8.023106370370375
1.706619161812000 2134946100.237866640090942 8.027543962962968
2.968221902030000 1553454408.174565315246582 8.032694537037042
1.706619161812000 1958231718.332921743392944 8.038168296296300
1.706009917920000 1556210850.069607019424438 8.043316240740745
2.997194809275000 1492373665.795294523239136 8.047920870370374
3.006770238420000 2000677582.355474233627319 8.053425462962966
2.999060571142000 2193454226.898100376129150 8.057854111111114
2.963276105472000 2193259362.599724292755127 8.062287629629633
3.069402929476000 2148652102.946268081665039 8.066780444444449
1.693786112424000 2228060989.657420158386230 8.071297907407413
3.007706388180000 1564317464.485838651657104 8.076516222222228
2.946009846884000 2001172976.474875450134277 8.082004444444451
1.701720950545000 2148934172.740419864654541 8.086499092592598
2.954640235561000 1559085779.976864099502563 8.091637777777784
2.992282252856000 1962238842.639594078063965 8.097110000000006
2.993212562396000 2183371644.340406894683838 8.101587648148154
3.037608907532000 2193713986.323444843292236 8.106023462962970
1.707837649596000 2238272519.282218933105469 8.110515703703710
3.046266726490000 1570273582.081040143966675 8.115711111111118
2.954640235561000 2041050738.733188867568970 8.121242351851858
2.939211304827000 1967055306.623058080673218 8.125771981481488
2.954640235561000 2134937661.638561725616455 8.140014148148156
3.039499354598000 2064938567.643245220184326 8.145926703703712
2.999994320518000 1965474992.115612030029297 8.156554833333342
2.955559240614000 2170294747.512624740600586 8.165542814814824
2.945092900196000 1969927932.621105432510376 8.179122185185195
1.700507485886000 2135124019.383992671966553 8.184556222222232
2.953721914546000 1552531225.381751537322998 8.189704277777787
2.970992970330000 1962330828.390554666519165 8.195177407407417
1.700507485886000 2138196354.068783998489380 8.199611574074083
3.039499354598000 1556908640.608487367630005 8.204763388888898
2.982713324751000 2040380486.725960254669189 8.210289351851861
3.008641493130000 2203625987.221029758453369 8.214758500000009
2.946925770194000 2193268016.147009849548340 8.219194592592602
1.699900188734000 2148694103.761905670166016 8.223682074074084
1.693181215656000 1558341064.640150785446167 8.228831092592602
2.991350903864000 1492128305.771829366683960 8.233435833333342
2.953721914546000 2000749757.163671731948853 8.238926500000009
2.954640235561000 2148836462.517767906188965 8.243421222222231
1.693786112424000 2138426782.140204668045044 8.247834611111120
2.995074220928000 1559353140.586876392364502 8.252980500000008
2.962354700928000 2001289438.094628095626831 8.258471407407416
3.015418455842000 2148722272.205760002136230 8.262958481481490
3.091576578478000 2183378832.423351287841797 8.267455925925935
3.092539132462000 2282902427.614733219146729 8.271968814814825
2.999060571142000 2303516106.342893123626709 8.276391962962974
1.719443066880000 2020029764.620297908782959 8.280897685185195
2.951884246459000 1938877802.032146453857422 8.296032203703714
2.969146049870000 2075211278.814406156539917 8.302128851851862
2.999060571142000 2095016248.255423307418823 8.311801685185195
3.508990786210000 1740065879.743978261947632 8.322590703703714
3.338285931374000 2031288370.797660827636719 8.331833240740751
1.706009917920000 2019433576.948630809783936 8.336599407407418
3.047213819965000 1555605411.889298439025879 8.341740351851863
2.946009846884000 2035066802.935361623764038 8.347266833333345
2.964197167104000 2158178463.056617736816406 8.351770722222234
2.954640235561000 2138358991.282117605209351 8.356203925925938
3.006770238420000 2138362015.303354978561401 8.360642555555566
3.052078750908000 2179630068.992901802062988 8.365119666666677
1.700507485886000 2238178414.779844284057617 8.369599240740751
3.004899680250000 1571071687.054117441177368 8.374793370370380
2.964197167104000 2002161406.885043144226074 8.380297518518528
3.100251200124000 2154823724.533999919891357 8.384786074074084
3.023130523504000 2302275522.056304454803467 8.389218333333343
2.945092900196000 2214092643.791656494140625 8.393719444444454
1.693786112424000 2148905163.442955970764160 8.398203962962972
2.992282252856000 1548628977.382149696350098 8.403396518518528
3.045318574810000 2000895795.024747848510742 8.408885166666677
3.054928285332000 2237375990.692339420318604 8.413373703703714
2.993212562396000 2248813132.983600616455078 8.417796833333343
2.952802567474000 2203723245.951241016387939 8.422276944444453
3.038554658828000 2148569856.441581249237061 8.426769888888899
3.009577294620000 2227945679.235145092010498 8.431284907407417
2.954640235561000 2107708995.808229684829712 8.435830851851861
2.982713324751000 2038980354.505169630050659 8.440344185185195
3.147501869736000 2128715688.484951972961426 8.454635629629639
2.968221902030000 2261125373.161917686462402 8.460646574074083
2.969146049870000 2194263095.311822891235352 8.469617129629638
3.386650296113000 2092931121.239897012710571 8.478486444444453
3.049109065120001 1603442625.206384181976318 8.489523037037046
2.952802567474000 2135896343.615807294845581 8.494926574074082
3.069402929476000 2156636238.374095916748047 8.499442351851860
2.999060571142000 2223566635.516337394714355 8.503920833333341
3.006770238420000 2193065220.605144977569580 8.508430314814822
2.998127863897000 2192958929.893465995788574 8.512857703703711
1.713338134890000 2190761115.341807842254639 8.517283518518525
1.687064738962000 1565461046.193073272705078 8.522454648148155
1.698686498146000 1491650880.579010963439941 8.527060203703710
2.993212562396000 1492218768.871532678604126 8.531660018518526
1.692576768960000 2000374488.169917583465576 8.537168574074082
3.000927027763000 1565228016.143876791000366 8.542339666666674
3.038554658828000 2002014798.257602930068970 8.547840814814823
3.008641493130000 2237894877.707321166992188 8.552338222222231
1.693786112424000 2203726033.830714702606201 8.556833370370379
3.037608907532000 1564420529.480738878250122 8.561997759259269
2.999060571142000 2042202276.499086380004883 8.567521185185194
2.953721914546000 2192652797.870493412017822 8.572001444444453
2.953721914546000 2148519481.697387695312500 8.576493314814824
2.961433982208000 2138578335.027674198150635 8.580919814814823
2.954640235561000 2137611074.803941249847412 8.585340259259267
2.992282252856000 2138602589.716368436813354 8.589770888888896
3.038554658828000 1996709080.146797657012939 8.594463666666675
2.962354700928000 2223505740.181268692016602 8.598968944444453
2.946009846884000 2173876932.323999881744385 8.613326296296304
3.006770238420000 2132253237.193742990493774 8.619238481481489
3.053978794152000 2253372616.452237129211426 8.628284870370377
3.348077969278000 2221896962.190514564514160 8.637196018518525
1.700507485886000 1927083920.146317005157471 8.647938814814822
1.700507485886000 1554148536.616905450820923 8.653094296296302
1.692576768960000 1492884692.424644470214844 8.657698407407414
3.001860429762000 1484524510.690640687942505 8.662305240740748
2.962354700928000 2000646490.624114274978638 8.667792129629637
2.968221902030000 2148834091.828896522521973 8.672276314814823
3.039499354598000 2138376299.193105220794678 8.676689666666675
3.061690861814000 2224241757.340365409851074 8.681204907407416
3.058833777075000 2248285221.089498996734619 8.685646296296305
3.053028242088000 2248005824.335374832153320 8.690084888888897
2.970992970330000 2247830909.993616580963135 8.694523462962971
1.712726492400000 2158932670.660745143890381 8.699039407407415
2.999060571142000 1559116766.402384996414185 8.704182629629637
2.970069166295000 2001791725.298771142959595 8.709683555555563
1.706009917920000 2148785566.141413688659668 8.714165814814821
2.992282252856000 1558790953.047873735427856 8.719309351851859
3.092539132462000 2002627012.462108612060547 8.724807500000006
2.953721914546000 2281527854.004897594451904 8.729322111111117
3.000927027763000 2167922597.813930988311768 8.733859259259265
2.968221902030000 2183241354.021605491638184 8.738353962962970
2.952802567474000 2148858965.676720142364502 8.742838555555563
2.937383232918000 2138447835.534013032913208 8.747270407407415
2.961433982208000 1924229585.591886758804321 8.751718518518526
3.000927027763000 2134713545.662355661392212 8.765960333333341
3.040444754052000 2179130805.061502456665039 8.771935722222230
1.693181215656000 2177963273.928153514862061 8.780930240740748
3.331613229984000 1658296047.308755636215210 8.790703703703711
2.952802567474000 1791628740.041499376296997 8.802270222222230
3.060737909366000 2058838903.042109966278076 8.806718888888897
3.054928285332000 2225014507.963187217712402 8.811236203703711
2.945092900196000 2235626317.872242927551270 8.815681851851860
3.039499354598000 2158293663.402918815612793 8.820192685185193
2.998127863897000 2227936822.296272754669189 8.824699666666675
3.100251200124000 2190541676.771247386932373 8.829205018518527
2.931496839460000 2282473218.283620357513428 8.833713000000008
3.000927027763000 2169407628.610762596130371 8.838246129629638
3.016355958497000 2182854529.950443267822266 8.842741518518528
1.706619161812000 2193368538.452862739562988 8.847174796296306
2.946009846884000 1564809573.107606172561646 8.852344370370380
2.953721914546000 1960977278.266757011413574 8.857814740740750
2.945092900196000 2138373215.923990964889526 8.862235277777787
2.991350903864000 2138495758.749665975570679 8.866671425925935
1.706619161812000 2183106190.896274089813232 8.871163685185193
1.700507485886000 1565382536.583618402481079 8.876333222222231
2.939211304827000 1493101915.294952154159546 8.880927814814823
2.946925770194000 1962623550.392370939254761 8.886400240740750
1.700507485886000 2138498896.136477947235107 8.890829129629639
1.679143620000000 1558806882.621704339981079 8.895972518518528
1.686462242578000 1492855960.451522588729858 8.900572592592603
2.946925770194000 1492214082.374684333801270 8.905171722222233
2.991350903864000 1757723264.619551897048950 8.910654296296308
2.947842375756000 1663645048.363318681716919 8.926682666666679
3.099286245756000 2127333915.190204858779907 8.932623629629642
2.993212562396000 2242438631.574598312377930 8.941587703703716
3.440651553682000 2190793505.845112323760986 8.950526796296309
1.699293343440000 2052885295.481793403625488 8.961107444444457
3.015418455842000 1567540522.352187156677246 8.966308277777790
3.038554658828000 1992004392.075373649597168 8.971797962962976
2.946009846884000 2237410647.814167976379395 8.976290277777791
2.999060571142000 2159022182.786158084869385 8.980798277777790
1.694390109048000 2179047177.273176670074463 8.985293537037050
2.999994320518000 1565736494.898470401763916 8.990469907407419
2.953721914546000 2001660419.275356292724609 8.995971462962975
2.946009846884000 2148409871.209248065948486 9.000463388888901
2.961433982208000 2138245403.843905925750732 9.004899462962975
2.999060571142000 2136977711.950456142425537 9.009313055555568
3.108929542901000 2183400854.894996643066406 9.013797037037049
2.946925770194000 2283241185.253244400024414 9.018311777777789
2.945092900196000 2169922549.075670242309570 9.022845592592605
2.953721914546000 2138211127.342543601989746 9.027282444444456
2.954640235561000 2138405121.189741134643555 9.031695481481494
2.954640235561000 2138457859.721850633621216 9.036126888888901
1.692576768960000 2138586245.809962511062622 9.040557592592606
1.693181215656000 1557814477.879418134689331 9.045703629629642
2.993212562396000 1492836363.197703361511230 9.050309018518531
2.939211304827000 2002088426.186330080032349 9.055807222222235
2.954640235561000 2148777916.185447692871094 9.060296851851865
3.036664211762000 1939578379.188844680786133 9.064743185185199
1.699900188734000 2202761644.683402538299561 9.079105962962977
1.706009917920000 1516963584.057821512222290 9.086116018518533
3.007706388180000 1853472793.010047435760498 9.096774703703717
2.959591516032000 2176623741.649592399597168 9.106770888888903
3.053028242088000 2029987550.573162555694580 9.119953111111124
2.961433982208000 2222663312.217787742614746 9.124472629629643
2.969146049870000 2158778074.083844184875488 9.128965537037050
3.145544249424000 2128294605.809128522872925 9.133401722222235
3.100251200124000 2316331035.322282791137695 9.137965518518531
1.713950232810000 2312254705.237384319305420 9.142458148148160
2.953721914546000 1577542451.373880863189697 9.147676537037048
3.045318574810000 1961798049.316853761672974 9.153133314814825
2.961433982208000 2227885600.445989131927490 9.157650944444455
2.952802567474000 2159152718.738203525543213 9.162164203703714
1.706619161812000 2138216680.637049436569214 9.166582722222232
1.686462242578000 1559155504.372548341751099 9.171728462962973
3.006770238420000 1492939630.836047649383545 9.176333462962972
3.059786020481000 2000824012.158054590225220 9.181816796296307
2.952802567474000 2241417403.631945133209229 9.187303092592604
2.961433982208000 2159294447.347953319549561 9.191803111111122
2.960512234752000 2126144897.552220821380615 9.196260666666678
2.991350903864000 2138027192.403179645538330 9.200691370370382
1.699293343440000 2182493083.854911327362061 9.205185685185198
3.008641493130000 1565470485.662619352340698 9.210347018518531
3.053028242088000 2002471234.536732912063599 9.215848407407421
3.045318574810000 2051427214.354131221771240 9.220546500000014
3.000927027763000 2236548816.716178417205811 9.224984870370385
2.984570185194000 2229864139.106399059295654 9.239295259259274
2.951884246459000 2178885886.664646148681641 9.245222277777792
2.969146049870000 2149769316.629980087280273 9.254131555555571
3.440651553682000 2165607514.277747154235840 9.263097203703719
3.016355958497000 2148171032.216476440429688 9.272204000000015
3.008641493130000 2202116648.738105297088623 9.276679925925940
3.093500612167000 2167532799.973318099975586 9.281121833333348
3.062642750699000 2280924017.868496894836426 9.285636296296310
2.970069166295000 2250211948.051948070526123 9.290127962962977
2.969146049870000 2156203009.030373573303223 9.294641537037052
2.960512234752000 2137742687.128092765808105 9.299076259259273
2.968221902030000 2138201278.624515056610107 9.303496518518532
2.962354700928000 2138312204.296581268310547 9.307927259259273
2.953721914546000 2138226328.157397508621216 9.312348240740754
2.961433982208000 2138550961.901169538497925 9.316766574074087
1.699900188734000 2137251679.336443185806274 9.321205055555568
3.046266726490000 1558738268.550220012664795 9.326354240740754
3.046266726490000 2041055585.210849285125732 9.331870296296309
2.953721914546000 2248315485.023012638092041 9.336288185185198
1.713338134890000 2140786352.739584922790527 9.340784000000014
1.713338134890000 1558609112.796133518218994 9.345929796296311
1.706009917920000 1492869444.019238948822021 9.350526944444459
1.700507485886000 1491404751.092124223709106 9.355134851851867
2.992282252856000 1492914451.787178516387939 9.359741740740755
3.008641493130000 2001273184.306784152984619 9.365244944444459
2.968221902030000 2193726952.431962013244629 9.369670574074089
2.999994320518000 2149022885.761117935180664 9.374155814814829
2.968221902030000 2182366172.595384120941162 9.378632351851866
3.039499354598000 2139549523.256617307662964 9.393911555555571
2.945092900196000 2232916038.449076652526855 9.399912759259275
2.970992970330000 2133030796.477795362472534 9.408842351851867
3.471509415150000 2135287229.961321830749512 9.417675962962978
1.706619161812000 2231497858.853301525115967 9.426662148148163
2.962354700928000 1571049127.757824659347534 9.431859481481496
2.960512234752000 1961542035.330755710601807 9.437324240740756
2.977783631662000 2132183926.897844552993774 9.441750314814829
3.014479905698000 2137972827.997121095657349 9.446176166666682
2.968221902030000 2183123445.363567829132080 9.450657981481497
2.962354700928000 2148572846.043449878692627 9.455148425925941
1.699293343440000 2138115061.371358156204224 9.459579555555571
2.968221902030000 1558540827.621516466140747 9.464715648148164
2.960512234752000 1962575270.109668970108032 9.470184962962978
3.053028242088000 2138540604.618626117706299 9.474605870370386
3.007706388180000 2226419982.294791698455811 9.479124314814831
2.970069166295000 2203626790.591899871826172 9.483619259259275
2.997194809275000 2148706013.363029003143311 9.488109259259275
1.698686498146000 2183273446.215633392333984 9.492591148148163
2.970069166295000 1564283295.201072931289673 9.497755111111125
3.054928285332000 1962546008.167311191558838 9.503210462962977
2.985498097029000 2227944980.754332065582275 9.507728074074089
3.007706388180000 2203592595.340555191040039 9.512220740740755
2.999994320518000 2193421453.183019638061523 9.516649333333348
3.055878483768000 2192903573.694227218627930 9.521028037037052
3.269916688688000 2238433221.303532123565674 9.525518685185201
2.954640235561000 2042768441.670539855957031 9.529981203703720
2.991350903864000 1649017042.817242145538330 9.546059444444461
3.000927027763000 2182182455.379947662353516 9.552041018518535
3.100251200124000 2220542301.694047927856445 9.561017981481498
3.333685618656000 1931097546.408338069915771 9.571746018518535
2.954640235561000 2123094418.359870672225952 9.580718888888905
3.061690861814000 2136458413.756432294845581 9.585141870370386
1.699293343440000 2227255807.090244770050049 9.589659814814830
3.108929542901000 1559197435.075344562530518 9.594858148148163
2.938297779222000 2081217260.682776212692261 9.600405759259274
2.947842375756000 2167385996.761689662933350 9.604934870370386
3.046266726490000 2137392969.806218862533569 9.609372870370386
2.999060571142000 2228115403.230437278747559 9.613887796296313
2.948758640192000 2203801423.649080753326416 9.618375481481499
1.701113879322000 2148720223.463686943054199 9.622850481481498
1.693181215656000 1556092509.333659648895264 9.627999111111128
2.961433982208000 1492807436.929672479629517 9.632603759259277
2.930585711560000 1962161289.336065292358398 9.638053592592611
3.037608907532000 2138422484.323305130004883 9.642492240740760
2.998127863897000 2227825181.794692039489746 9.647007407407425
3.008641493130000 2203697149.727118968963623 9.651489759259277
3.076157243922000 2193470325.505288600921631 9.655926166666685
2.992282252856000 2282757893.354562759399414 9.660438870370388
2.939211304827000 2214181772.541531562805176 9.664939000000018
2.945092900196000 2147967829.479744911193848 9.669428962962980
3.045318574810000 2138618111.190008640289307 9.673862481481500
2.938297779222000 2227981376.485047340393066 9.678382851851870
1.713338134890000 2159130066.172936916351318 9.682891240740759
2.990420594324000 1556905616.934628009796143 9.688038703703722
2.991350903864000 1671091075.155952215194702 9.703528962962981
2.969146049870000 2182807247.588364124298096 9.709443574074092
2.936469707313000 2159002182.614854812622070 9.718437203703722
3.322866596818000 1727132987.304843664169312 9.729215592592611
2.983641236586000 2121373601.529140472412109 9.738119166666685
2.999994320518000 2182279144.186046600341797 9.742598333333351
3.010512747840000 2192839066.472181797027588 9.747041851851870
1.699900188734000 2193036786.395250320434570 9.751480388888908
2.951884246459000 1561550653.207928895950317 9.756642944444463
1.699900188734000 1962176422.808252573013306 9.762114648148167
2.993212562396000 1558580671.860661745071411 9.767260666666685
2.945092900196000 2001349033.726687669754028 9.772743740740760
2.992282252856000 2148043734.341528892517090 9.777230425925945
2.992282252856000 2183296736.455486297607422 9.781722814814833
1.706009917920000 2193457545.241412639617920 9.786161962962980
2.939211304827000 1565409345.365664958953857 9.791329111111128
2.947842375756000 1962943200.292635440826416 9.796796666666683
2.999994320518000 2137506609.256725311279297 9.801222277777795
3.000927027763000 2183202985.960055351257324 9.805717388888906
2.946925770194000 2193752703.875555038452148 9.810155462962980
3.084827064800000 2148819748.872161865234375 9.814625666666684
2.992282252856000 2272411046.254966259002686 9.819156111111129
2.961433982208000 2214126892.603467941284180 9.823671740740759
2.946925770194000 2148599489.374359607696533 9.828154259259277
3.014479905698000 2138451786.445237159729004 9.832587851851869
3.000927027763000 2182540086.196240425109863 9.837082333333351
3.279667564650000 2193871021.041695117950439 9.841520611111129
2.992282252856000 2107650678.574847221374512 9.845970296296315
2.945092900196000 1663332100.714641809463501 9.862015629629648
2.946925770194000 2130433293.696501970291138 9.867980277777797
2.952802567474000 2166242762.348762989044189 9.876969407407426
3.348077969278000 2165202665.208915710449219 9.885946537037055
2.969146049870000 2122160821.773587703704834 9.894846888888907
2.954640235561000 2136862526.483825445175171 9.899278314814833
2.954640235561000 2138143495.997761964797974 9.903713333333352
1.698686498146000 2131872935.260842323303223 9.908132777777796
2.969146049870000 1557095782.930893659591675 9.913278092592611
1.700507485886000 1962080844.086404800415039 9.918733037037056
2.962354700928000 1558998531.698048114776611 9.923878814814833
3.001860429762000 1961335345.503681898117065 9.929333277777795
2.993212562396000 2173896186.109304904937744 9.933832425925944
2.992282252856000 2193132074.370031833648682 9.938272685185204
2.946009846884000 2193427176.729263305664062 9.942711259259278
2.970069166295000 2148592187.874827384948730 9.947188629629649
1.687064738962000 2138530164.165575504302979 9.951601518518537
2.939211304827000 1558991845.507468700408936 9.956745240740759
3.055878483768000 1962469382.918356657028198 9.962214833333352
3.054928285332000 2228167225.478542327880859 9.966732796296315
2.999994320518000 2248314492.148346424102783 9.971166870370389
2.956477903648000 2202553384.678417205810547 9.975641555555574
2.946925770194000 2148626936.957373619079590 9.980131462962982
2.946925770194000 2138411534.033073663711548 9.984570500000018
2.947842375756000 2138386036.703236103057861 9.988996388888907
2.945092900196000 2137613835.945457696914673 9.993414296296315
3.005835133470000 2137834343.687374830245972 9.997849851851871
2.946925770194000 2073842206.663605928421021 10.002367481481501
2.991350903864000 2215481167.838188648223877 10.016778407407427
3.006770238420000 2176912829.610515594482422 10.022749259259280
2.940125510898000 2155490252.653857707977295 10.031708962962984
1.881984569360000 2151520988.464862823486328 10.040622148148170
1.693181215656000 1654102109.663656949996948 10.050535962962986
3.047213819965000 1491963305.184839963912964 10.055145555555578
1.692576768960000 2041333027.547508478164673 10.060676740740764
2.992282252856000 1570972197.769691467285156 10.065872833333357
2.955559240614000 1996343564.984018802642822 10.071365351851876
2.939211304827000 2148431868.771758556365967 10.075849481481505
3.023130523504000 2138177507.827176094055176 10.080285592592617
1.686462242578000 2227483934.506955623626709 10.084798370370395
2.948758640192000 1570881497.296468734741211 10.089993907407433
3.045318574810000 1962344068.263143539428711 10.095443407407432
2.985498097029000 2226545234.915874004364014 10.099950537037062
2.993212562396000 2203544406.958616256713867 10.104440574074099
2.992282252856000 2193495309.710031986236572 10.108858685185210
2.992282252856000 2192734999.208181381225586 10.113302277777802
2.954640235561000 2193678915.376341342926025 10.117744166666691
2.939211304827000 2148694825.826656818389893 10.122226185185209
3.015418455842000 2138577267.945699691772461 10.126662407407432
2.960512234752000 2183160940.280798912048340 10.131157518518544
2.945092900196000 2148740200.275471687316895 10.135634685185209
3.047213819965000 2138379250.720461130142212 10.140068574074098
2.954640235561000 2227856627.203627109527588 10.144578185185209
2.954640235561000 2158309608.715968608856201 10.149096074074098
2.954640235561000 2138529024.526174783706665 10.153515388888913
1.706009917920000 2033802700.806734561920166 10.157950277777802
2.952802567474000 2020016359.278101921081543 10.174042629629653
2.961433982208000 2076652427.326155900955200 10.180133388888912
2.969146049870000 2134525728.322927236557007 10.190807962962985
2.945092900196000 2092709338.533639669418335 10.199639351851873
2.951884246459000 1716438359.552605152130127 10.214912962962984
2.970069166295000 2133698799.699924945831299 10.219356296296317
1.693786112424000 2136293133.824867963790894 10.223791888888909
2.961433982208000 1554719055.702612400054932 10.228940925925947
2.969146049870000 1961933474.708329439163208 10.234407518518539
2.999994320518000 2137003771.443828821182251 10.238846333333354
2.953721914546000 2182506651.953175067901611 10.243343759259281
1.701113879322000 2148776785.382471084594727 10.247828481481504
2.960512234752000 1558654407.480668783187866 10.252977555555578
3.053978794152000 1961206433.371078252792358 10.258439814814837
2.992282252856000 2227933578.337983608245850 10.262959759259282
1.713338134890000 2203566221.658004283905029 10.267452666666689
3.006770238420000 1565548214.177083015441895 10.272627685185206
2.955559240614000 2000932539.281308650970459 10.278122240740762
2.970069166295000 2148671665.058273315429688 10.282612574074095
2.954640235561000 2138433895.556818723678589 10.287043833333355
2.939211304827000 2128368100.352464199066162 10.291499240740762
2.945092900196000 2138125448.582708358764648 10.295931925925947
1.692576768960000 2138357900.995239496231079 10.300354833333355
2.954640235561000 1558716961.442271471023560 10.305501037037059
2.960512234752000 1963342096.172213315963745 10.310968851851873
3.004899680250000 1935998561.174340486526489 10.315550777777799
2.944176976886000 2229767943.038696765899658 10.330157185185207
3.007706388180000 2134864260.790000200271606 10.336127648148171
2.992282252856000 2219498976.901301383972168 10.345096407407430
2.250052450800000 2188079029.071408271789551 10.353953907407430
1.698686498146000 1495123230.851751089096069 10.366106648148170
2.938297779222000 1393922297.535941123962402 10.372136296296318
2.939211304827000 1960445859.096585512161255 10.377608129629651
2.951884246459000 2137865790.618308305740356 10.382035981481502
2.954640235561000 2138292303.250185251235962 10.386461370370391
3.001860429762000 2135331501.449081659317017 10.390895851851873
2.954640235561000 2182661369.693213462829590 10.395377796296318
2.954640235561000 2147746937.900792598724365 10.399871203703725
1.706009917920000 2137180747.319035053253174 10.404291944444466
2.945092900196000 1557830875.745005130767822 10.409443537037060
2.954640235561000 1962684428.712110757827759 10.414915740740764
3.046266726490000 2138202127.125451803207397 10.419341814814837
2.946009846884000 2227511732.393211364746094 10.423859222222244
2.960512234752000 2158943891.491823196411133 10.428372962962985
2.999060571142000 2138548511.002904653549194 10.432803611111133
3.001860429762000 2182206286.626720428466797 10.437303462962985
2.970069166295000 2193714574.172500133514404 10.441742314814837
1.706619161812000 2149081352.927839756011963 10.446234629629652
3.098322368346000 1559142881.840643882751465 10.451376148148171
2.946009846884000 2081586481.020431280136108 10.456925000000023
2.999060571142000 2168960134.930446624755859 10.461448592592616
1.700507485886000 2183529036.800948619842529 10.465945759259283
1.699293343440000 1515765286.499079704284668 10.471319055555579
2.945092900196000 1376646545.533324956893921 10.475934925925950
2.938297779222000 1634991929.966246128082275 10.491389907407431
3.047213819965000 1935666833.762879610061646 10.498187203703727
2.946925770194000 2175027680.364985942840576 10.507977537037061
3.332649038544000 2164038797.924192905426025 10.516902222222246
3.053978794152000 1973937539.282031297683716 10.526006611111136
3.000927027763000 2094003054.166541814804077 10.531572777777802
2.967298785605000 2201070500.835961818695068 10.536069703703728
3.086745943200000 2144243721.896393060684204 10.540562833333357
3.047213819965000 2263310706.859433174133301 10.545095925925949
2.970069166295000 2258147267.407260417938232 10.549576814814838
2.954640235561000 2153683354.955943107604980 10.554101685185207
3.052078750908000 2138450373.809843301773071 10.558520648148171
2.999994320518000 2226593544.729674816131592 10.563028592592616
2.962354700928000 2203615564.819673538208008 10.567510685185209
3.101215077534000 2148826846.792440414428711 10.571987666666690
2.945092900196000 2272288885.078027248382568 10.576523111111134
3.100251200124000 2168801340.165549755096436 10.581033333333357
3.100251200124000 2272228943.610976219177246 10.585559759259283
2.945092900196000 2303764913.147003650665283 10.589985074074098
2.954640235561000 2168459644.691833019256592 10.594516351851876
1.707228859348000 2138293767.676936626434326 10.598942500000025
3.031784889231000 1559177906.206817150115967 10.604088574074099
2.952802567474000 2040782904.781036376953125 10.609619685185210
3.006770238420000 2159303307.477811813354492 10.614122388888914
1.699900188734000 2168770067.309831142425537 10.618617907407433
2.993212562396000 1565417986.765590667724609 10.623789611111137
3.286362246342000 2000773722.874157667160034 10.629275018518545
2.945092900196000 1948373676.841683626174927 10.633758888888915
2.968221902030000 2135057241.797066926956177 10.648005148148174
1.713338134890000 2124636549.572561025619507 10.653899425925951
2.953721914546000 1628402665.888231277465820 10.663668944444471
3.332649038544000 2141639703.261450529098511 10.673644055555581
2.946925770194000 1937061314.310489892959595 10.684962481481508
2.960512234752000 2132674840.263607025146484 10.689391074074100
3.062642750699000 2138127000.213579654693604 10.693813055555582
2.970069166295000 2221689693.463197708129883 10.698332481481508
2.968221902030000 2157249003.101461887359619 10.702846481481508
3.054928285332000 2138167423.011872529983521 10.707269962962989
3.059786020481000 2223814318.562815189361572 10.711788055555582
3.061690861814000 2247560972.963952064514160 10.716226574074101
2.960512234752000 2247047938.750489711761475 10.720667425925953
2.960512234752000 2157770911.552901744842529 10.725180481481509
2.951884246459000 2137182417.821425914764404 10.729607944444473
3.047213819965000 2138097938.446343660354614 10.734032870370399
1.713338134890000 2227706739.824748039245605 10.738555462962992
2.992282252856000 1571737543.353838682174683 10.743745314814845
2.998127863897000 2001287623.380862951278687 10.749248074074105
1.712114849910000 2193650395.993623733520508 10.753674351851883
2.951884246459000 1565490608.031826257705688 10.758841296296328
2.953721914546000 1962859062.809811115264893 10.764314314814847
2.954640235561000 2138600708.483020305633545 10.768752592592625
2.945092900196000 2137692111.290504217147827 10.773191425925958
1.706619161812000 2138806267.187121152877808 10.777622500000032
3.324934573177000 1559145403.093406915664673 10.782766055555587
3.045318574810000 1865672463.235907793045044 10.788313185185217
2.961433982208000 2242441821.168983936309814 10.802560444444476
3.001860429762000 2068244269.141531229019165 10.808546555555587
2.992282252856000 1932170086.350727319717407 10.819168611111143
3.348077969278000 2186581720.077595233917236 10.828037074074107
2.992282252856000 1922377596.498905658721924 10.838615777777811
1.687064738962000 2176825865.128660202026367 10.843123777777810
3.000927027763000 1564784305.027385234832764 10.848300240740773
1.706619161812000 1991557289.281577587127686 10.853799944444477
2.937383232918000 1564809658.388764142990112 10.858969888888922
2.938297779222000 1962578857.609775543212891 10.864431796296330
3.037608907532000 2137478230.275310039520264 10.868853074074108
3.038554658828000 2226901080.529570102691650 10.873372462962998
1.707228859348000 2248408615.832806587219238 10.877796703703739
2.939211304827000 1571490055.566063642501831 10.882985722222257
2.938297779222000 1962234466.731898307800293 10.888436388888923
2.946925770194000 2138439877.700365781784058 10.892869944444479
2.962354700928000 2137177249.352486133575439 10.897295703703739
2.946009846884000 2138244866.480285406112671 10.901713833333368
2.992282252856000 2138189472.805443048477173 10.906150314814850
2.931496839460000 2183261343.364137172698975 10.910645111111146
2.945092900196000 2148785385.037573337554932 10.915132648148182
1.699293343440000 2138398055.773022890090942 10.919556000000034
2.946925770194000 1558796902.395207405090332 10.924699759259292
3.038554658828000 1962603800.669670581817627 10.930169555555588
2.953721914546000 2227992712.039481639862061 10.934687407407440
3.270933315608000 1978087596.740510225296021 10.939209814814847
2.962354700928000 2123225758.833071470260620 10.943650722222253
2.998127863897000 2175868721.390572547912598 10.958020500000032
2.954640235561000 2110946130.606553316116333 10.963996888888921
2.969146049870000 1726616268.829663991928101 10.974784388888921
3.510081741985000 2132999209.476246595382690 10.983639277777810
1.699900188734000 2042111652.853991031646729 10.994114537037069
3.037608907532000 1573194219.050758600234985 10.999338592592624
3.106995913034000 2037301932.845617294311523 11.004854351851883
3.093500612167000 2284413245.404105186462402 11.009350111111141
2.953721914546000 2302809405.165830135345459 11.013787388888918
2.960512234752000 2169492832.895559310913086 11.018320703703733
2.999060571142000 2137405143.912058353424072 11.022734407407436
3.101215077534000 2183080490.761125087738037 11.027226296296325
3.054928285332000 2272541697.621827125549316 11.031762925925955
3.060737909366000 2258570298.954339027404785 11.036259462962992
3.061690861814000 2248394151.144114971160889 11.040698444444473
1.713338134890000 2246610705.036212444305420 11.045124537037065
3.043279896888000 1571246830.228651523590088 11.050316814814844
2.991350903864000 2041793770.902729749679565 11.055842851851880
2.999060571142000 2203752548.625636100769043 11.060340555555584
1.706619161812000 2193826463.610238552093506 11.064774037037065
1.699293343440000 1564795800.077378273010254 11.069943444444473
2.946925770194000 1493056049.216696023941040 11.074542907407436
2.937383232918000 1963018298.662124633789062 11.080000703703732
2.999994320518000 2138253872.093315362930298 11.084426962962992
2.951884246459000 2183514178.938616752624512 11.088926333333362
2.945092900196000 2146329136.475546836853027 11.093416759259288
2.946925770194000 1946752307.073955059051514 11.098024166666695
2.946009846884000 2134545738.025075435638428 11.112930314814843
2.954640235561000 2128028572.504613637924194 11.118830833333362
2.992282252856000 2149184027.799323558807373 11.127783888888917
1.894750407996000 2189092291.164382457733154 11.136678444444472
1.680343365500000 1655382695.482196092605591 11.148861518518546
1.753025939280000 1419908884.650135517120361 11.153473092592620
3.090615098773000 1483190993.701382875442505 11.158077277777805
3.099286245756000 2078941452.021931648254395 11.163619740740767
1.686462242578000 2302876528.290565013885498 11.168063703703730
3.030842591166000 1575985846.979789495468140 11.173279185185212
2.960512234752000 2041045101.276527166366577 11.178797629629656
2.984570185194000 2158672571.170356750488281 11.183305592592619
2.939211304827000 2185814538.167243480682373 11.188794592592620
1.693181215656000 2147120616.694300651550293 11.193284481481509
2.945092900196000 1558583250.919735670089722 11.198433907407434
2.954640235561000 1962662699.774695873260498 11.203883333333360
2.961433982208000 2138101768.748357295989990 11.208321500000027
3.091576578478000 2138524239.191817998886108 11.212748444444472
2.945092900196000 2270271501.255666732788086 11.217290814814842
2.946925770194000 2169783972.893533706665039 11.221827111111137
3.039499354598000 2138581529.351573228836060 11.226242925925952
3.125330267490000 2227876382.783241271972656 11.230737685185211
2.937383232918000 2337837749.352198600769043 11.235240092592619
2.945092900196000 2179895953.710084438323975 11.239781518518544
3.091576578478000 2138421959.393029212951660 11.244207870370396
1.707228859348000 2272551483.634139060974121 11.248748148148174
2.960512234752000 1459376190.587629556655884 11.254287351851877
2.984570185194000 2149421251.849596500396729 11.270769925925951
2.961433982208000 2158861604.102462291717529 11.276724796296321
2.999994320518000 2147795933.622364997863770 11.285643462962987
1.874593488762000 2130644417.997494935989380 11.294559518518543
2.999060571142000 1392932866.707575321197510 11.304729722222246
2.946009846884000 1799515990.868000507354736 11.310359092592616
1.741456500966000 2146797729.173740386962891 11.314831277777801
1.700507485886000 1549665748.538305997848511 11.319981314814838
2.945092900196000 1494195546.198734760284424 11.329041407407431
2.952802567474000 1963019333.983898639678955 11.334506740740764
2.947842375756000 2137093658.316407203674316 11.338937740740764
3.028956942189000 2137942029.957335472106934 11.343356370370394
3.010512747840000 2227150730.908761978149414 11.347858629629654
2.939211304827000 2203115418.066404342651367 11.352351314814840
3.079029078342000 2148782110.016149520874023 11.356846277777803
3.031784889231000 2271554046.554144382476807 11.361384203703729
2.992282252856000 2258903338.885712146759033 11.365853425925950
3.008641493130000 2203915384.138144969940186 11.370330740740766
1.693181215656000 2193570399.300836563110352 11.374759314814840
2.985498097029000 1565522816.867115974426270 11.379931333333358
2.993212562396000 1985811744.753021240234375 11.385434500000025
1.685860194480000 2193677110.833120822906494 11.389860740740767
3.000927027763000 1557840456.185898065567017 11.395053555555581
2.938297779222000 2001075379.631504297256470 11.400541333333360
2.943260712450000 2148426564.706465244293213 11.405026259259285
2.954640235561000 2059400395.781089305877686 11.409508722222249
2.939211304827000 2002335458.101023435592651 11.413959462962989
1.700507485886000 2134960695.817658424377441 11.428205425925952
2.945092900196000 1588874496.644295215606689 11.434993203703730
3.000927027763000 2170153128.125347614288330 11.444992092592619
3.060737909366000 1884951590.845343828201294 11.455621777777804
3.101215077534000 2032332582.329137086868286 11.468403018518545
1.699900188734000 2287267666.199851512908936 11.472898944444472
2.968221902030000 1575516124.446466207504272 11.478109574074102
2.937383232918000 1957443174.764691114425659 11.483569296296324
2.954640235561000 2135293119.792862892150879 11.488003648148176
3.090615098773000 2137737550.082266807556152 11.492426925925955
3.007706388180000 2272336994.693542957305908 11.496967166666696
2.985498097029000 2212698728.443235397338867 11.501480444444473
2.960512234752000 2193223227.217517375946045 11.505917129629658
2.937383232918000 2148504744.521036148071289 11.510411592592622
1.707228859348000 2138395526.696734189987183 11.514837851851881
3.000927027763000 1559233726.043368577957153 11.519984111111141
2.962354700928000 2001567132.798912525177002 11.525489092592622
1.699900188734000 2149028234.692109107971191 11.529976611111140
2.983641236586000 1558653993.134270429611206 11.535122944444474
2.951884246459000 2001984965.744094848632812 11.540628888888918
2.953721914546000 2148147325.242137432098389 11.545116314814845
3.054928285332000 2138628226.483149051666260 11.549552259259290
3.055878483768000 2228007205.922136783599854 11.554070148148179
2.961433982208000 2248329253.641687870025635 11.558509481481513
1.700507485886000 2159169039.657566070556641 11.563017518518551
2.937383232918000 1559250631.235927581787109 11.568166148148181
3.108929542901000 1814202603.420418739318848 11.573633314814849
1.706009917920000 2147842344.782750129699707 11.587989537037071
2.954640235561000 1476088153.655588865280151 11.594134111111146
3.053028242088000 1880923651.466123819351196 11.605236703703738
3.308477026998000 2237732212.328979969024658 11.614190314814850
2.954640235561000 1965946197.857665061950684 11.625813148148184
2.962354700928000 2076787987.791138172149658 11.630333240740777
3.004899680250000 2136189096.976016759872437 11.634773055555591
2.961433982208000 2170298055.852458000183105 11.639260407407443
2.952802567474000 2135182909.589966773986816 11.643753722222257
2.948758640192000 2136897595.613755702972412 11.648171574074109
1.693181215656000 2137687963.643654346466064 11.652605055555590
3.006770238420000 1557332778.827977418899536 11.657748111111145
2.998127863897000 2001500381.898996829986572 11.663251796296331
3.048161618910000 2193529973.794089317321777 11.667682518518554
1.699293343440000 2238014625.454725742340088 11.672172407407443
2.945092900196000 1570913973.626326799392700 11.677366981481518
2.961433982208000 1963346042.938221454620361 11.682819259259295
2.991350903864000 2138534297.844518661499023 11.687237796296332
2.969146049870000 2183168658.281788349151611 11.691722648148183
3.032727889194000 2148694561.532306671142578 11.696212611111145
2.945092900196000 2227818895.026267051696777 11.700735259259293
2.955559240614000 2158176769.709765434265137 11.705243740740775
2.991350903864000 2136064969.652443408966064 11.709680000000034
2.961433982208000 2182841050.799046516418457 11.714179574074109
3.010512747840000 2149101750.222486019134521 11.718674240740775
3.091576578478000 2182972656.524162292480469 11.723159703703738
3.401021838942000 2282413086.069866180419922 11.727668314814849
2.962354700928000 2042098265.539671421051025 11.732175000000035
2.985498097029000 2215912424.280396938323975 11.746509685185220
3.084827064800000 2160005186.596644401550293 11.752486629629665
1.693181215656000 2261492490.836415767669678 11.761418925925961
3.456080484416000 1823983396.021173477172852 11.771088629629665
3.008641493130000 1960592747.508024454116821 11.782679537037072
3.093500612167000 2198503863.987635135650635 11.787172592592627
3.008641493130000 2147910867.168044090270996 11.791656537037072
3.039499354598000 2173461734.347552299499512 11.796157962962997
1.699293343440000 2234060204.725773811340332 11.800646351851887
2.938297779222000 1569450314.411601066589355 11.805841240740776
2.946009846884000 1963068651.072005987167358 11.811306074074109
2.945092900196000 2138285751.217559576034546 11.815747259259293
2.954640235561000 2138469293.811978578567505 11.820180555555590
2.952802567474000 2137789712.140175104141235 11.824619444444478
3.093500612167000 2137221008.709640979766846 11.829039833333367
1.707228859348000 2270667036.259503364562988 11.833582703703737
3.092539132462000 1578055605.425715684890747 11.838802018518551
1.708447120310000 2080972956.540040731430054 11.844345222222255
3.007706388180000 1577184322.131644964218140 11.849563240740775
2.937383232918000 2002480208.098476409912109 11.855066333333367
2.955559240614000 2148644553.867471694946289 11.859556777777811
3.048161618910000 2138469389.628269910812378 11.863995481481515
3.046266726490000 2227814702.001455307006836 11.868500537037070
3.045318574810000 2248432447.812279224395752 11.872926333333366
1.685258146382000 2247750648.417694091796875 11.877360203703736
2.993212562396000 1571348807.681059122085571 11.882552388888922
3.100251200124000 1858586363.636363506317139 11.888052388888921
2.955559240614000 2255572016.917531013488770 11.902405240740773
2.954640235561000 2126080228.060713291168213 11.908414037037069
2.969146049870000 2135327472.258485555648804 11.917492555555588
3.347037365308000 2198362507.409114837646484 11.926490481481514
2.952802567474000 1921654542.693868637084961 11.937223222222254
2.944176976886000 2133589622.011486768722534 11.941659962962994
2.951884246459000 2129432806.183958530426025 11.946099166666698
3.006770238420000 2134722872.162883758544922 11.950537685185218
2.952802567474000 2182738941.339583396911621 11.955025537037070
2.939211304827000 2147116422.283748865127563 11.959500148148180
3.047213819965000 2131663198.867362022399902 11.963934240740773
2.955559240614000 2227111702.280282497406006 11.968452037037070
1.693786112424000 2158959563.218674182891846 11.972959759259291
1.701113879322000 1557697629.475548028945923 11.978105518518550
1.699293343440000 1493003839.188699722290039 11.982707185185216
2.985498097029000 1492556324.373033761978149 11.987310481481511
2.999994320518000 2002355043.968918800354004 11.992811000000030
2.984570185194000 2192524601.289446830749512 11.997231500000030
2.946009846884000 2193741631.148533344268799 12.001667592592623
2.946925770194000 2148762269.482450962066650 12.006150259259289
2.984570185194000 2138551557.067366361618042 12.010576314814845
3.046266726490000 2183015631.179960250854492 12.015071129629659
3.037608907532000 2238056466.038990974426270 12.019553666666695
2.977783631662000 2248512185.307210445404053 12.023971555555585
3.014479905698000 2203876559.097208499908447 12.028461333333363
2.954640235561000 2193662311.331380844116211 12.032900333333362
2.961433982208000 2082257218.426272630691528 12.037437333333362
3.014479905698000 2002762788.949445724487305 12.041871500000028
3.061690861814000 2149544013.852114677429199 12.056181388888916
2.969146049870000 2220670992.153335571289062 12.062152314814842
2.976858117532000 2163846708.645760059356689 12.071092685185212
3.511173510390000 2136959951.841881036758423 12.079952388888916
3.060737909366000 2127880879.790940761566162 12.089136388888916
2.969146049870000 2129712132.620375394821167 12.094940759259286
3.014479905698000 2156780250.940412044525146 12.099460055555582
3.062642750699000 2175129313.236993789672852 12.103931111111137
3.045318574810000 2232936646.546606063842773 12.108422666666693
3.022189572976000 2247410380.553395271301270 12.112851888888915
1.713338134890000 2201829438.010604381561279 12.117346833333359
2.962354700928000 1565391623.948157548904419 12.122516333333358
2.968221902030000 1962648396.537007570266724 12.127983666666692
2.961433982208000 2125288547.983413934707642 12.132445277777803
2.945092900196000 2137578272.649729728698730 12.136874240740767
3.108929542901000 2137441858.126791238784790 12.141294462962989
3.059786020481000 2272464378.979788780212402 12.145840000000026
3.053978794152000 2258569837.793697357177734 12.150330166666693
3.008641493130000 2248442400.280851840972900 12.154761129629657
1.714561419870000 2203617353.457584857940674 12.159254203703732
2.993212562396000 1565365555.209083795547485 12.164420925925954
1.693786112424000 2001730814.639905452728271 12.169926425925954
2.946009846884000 1565397340.417913913726807 12.175098500000029
2.947842375756000 1962827087.251227617263794 12.180573537037066
2.946009846884000 2138719843.967958211898804 12.185007574074103
3.053978794152000 2139280613.169329166412354 12.190424481481511
1.699293343440000 2031571358.122102737426758 12.194930703703733
3.008641493130000 1951179831.450316190719604 12.210800296296325
2.968221902030000 2124019983.829510211944580 12.216938592592621
1.699293343440000 2135969823.725004911422729 12.226696074074102
3.385597703618000 1880315394.176001071929932 12.236410666666695
3.045318574810000 1638206807.828262567520142 12.248674870370397
2.968221902030000 2232415753.012792587280273 12.253171129629656
3.014479905698000 2158991230.311472415924072 12.257664722222248
2.968221902030000 2178353536.186244487762451 12.262157425925952
3.046266726490000 2146427164.778277397155762 12.266650444444471
2.945092900196000 2226628921.136893272399902 12.271150037037064
2.951884246459000 2158523976.165705204010010 12.275653351851879
3.000927027763000 2138376051.107068300247192 12.280071092592619
3.047213819965000 2182652605.674221515655518 12.284555962962990
2.961433982208000 2236800421.070013046264648 12.289041888888915
3.000927027763000 2159001587.491392135620117 12.293533018518545
2.999994320518000 2183525590.023704051971436 12.298025148148174
3.000927027763000 2193358609.992244243621826 12.302466370370396
2.945092900196000 2193687027.487107753753662 12.306904814814841
2.962354700928000 2148633635.769641399383545 12.311382851851878
2.991350903864000 2138560240.737257719039917 12.315813685185212
3.100251200124000 2182536301.985052585601807 12.320308388888916
1.706009917920000 2282638479.466894149780273 12.324821425925954
2.954640235561000 1577244745.565406322479248 12.330039240740769
3.001860429762000 1962825835.786962985992432 12.335504814814843
2.970069166295000 2183359426.458131313323975 12.339986388888917
3.102179672916000 2148652102.946268081665039 12.344479203703733
3.099286245756000 2088190511.558815240859985 12.349266314814844
1.693181215656000 2198174770.274257659912109 12.353722111111141
1.699293343440000 1489529385.688223600387573 12.368927925925956
2.977783631662000 1659680626.935405015945435 12.375745333333363
2.991350903864000 1735932043.401238679885864 12.387045574074104
3.323901162322000 2186999208.317276477813721 12.395887500000031
2.945092900196000 1990386542.576775074005127 12.405034592592623
3.007706388180000 2023936612.908850669860840 12.410875833333364
3.102179672916000 2184651820.040055274963379 12.415360370370401
2.990420594324000 2302309322.458802700042725 12.419792518518548
3.043424035125000 2210807828.261056900024414 12.424303240740770
3.001860429762000 2237849013.043980121612549 12.428795166666696
2.997194809275000 2201767123.853590011596680 12.433277759259289
2.955559240614000 2193175507.957161426544189 12.437718203703733
1.706009917920000 2148401909.260655879974365 12.442210925925956
1.693181215656000 1558757554.715243101119995 12.447357944444475
2.999994320518000 1492668635.202236890792847 12.451967500000030
2.960512234752000 2001014486.803716421127319 12.457470592592623
2.955559240614000 2149033615.631412982940674 12.461955388888919
2.992282252856000 2138299330.859363794326782 12.466391703703733
1.692576768960000 2183223658.108964443206787 12.470891296296326
3.006770238420000 1560915205.380735158920288 12.476056500000031
2.992282252856000 2000396647.026665925979614 12.481544166666698
1.706009917920000 2193439822.975659370422363 12.485988000000031
3.000927027763000 1523960024.764665365219116 12.491252370370402
3.053028242088000 1994810335.193650245666504 12.496753888888920
3.053978794152000 2236890948.327439785003662 12.501241907407438
3.009577294620000 2248619203.429989814758301 12.505673407407439
3.046266726490000 2133187742.183083057403564 12.510160944444475
2.953721914546000 2200647733.483461856842041 12.514667370370402
2.993212562396000 2136338561.810999155044556 12.528993000000032
2.945092900196000 2177953878.718110561370850 12.534977222222254
3.095424645856000 2133021523.055078029632568 12.543897888888921
3.457155456384000 1927866129.938213825225830 12.554579888888920
3.448366019049000 2088207715.553685426712036 12.563735037037068
3.092539132462000 2070938504.726528406143188 12.568511074074104
1.699293343440000 2289904136.345280647277832 12.573005111111142
3.039499354598000 1570240213.952300548553467 12.578226074074104
2.946009846884000 2039585915.180894374847412 12.583742388888918
3.046266726490000 2158179014.806261062622070 12.588248740740770
2.956477903648000 2227598009.263822078704834 12.592758518518547
3.039499354598000 2157727242.849748134613037 12.597266259259287
2.946925770194000 2222488936.854718208312988 12.601779074074102
2.946925770194000 2158652529.966332912445068 12.606294944444473
2.952802567474000 2138641566.504815816879272 12.610715259259289
3.008641493130000 2138631791.653592824935913 12.615141648148178
2.939211304827000 2183056034.375903606414795 12.619623685185216
1.699293343440000 2148918028.720950126647949 12.624103574074105
2.953721914546000 1558155526.141628026962280 12.629252166666697
2.985498097029000 1959690609.492732763290405 12.634723018518550
2.946009846884000 2182930315.153662681579590 12.639217592592624
1.691972322264000 2148846680.123761177062988 12.643694555555587
2.939211304827000 1558913326.215665340423584 12.648846055555587
3.099286245756000 1962294250.899353504180908 12.654323240740773
2.993212562396000 2272675657.588692188262939 12.658861425925958
2.993212562396000 2214048551.182783126831055 12.663372129629661
1.699293343440000 2001232890.935534715652466 12.668045037037068
3.107963267786000 1555026309.580833911895752 12.673225518518549
1.692576768960000 2155651311.212170124053955 12.688609925925956
2.945092900196000 1695683980.091850042343140 12.695352000000030
2.930585711560000 1919803317.343173503875732 12.705389037037067
3.386650296113000 2093334961.139436244964600 12.714255018518548
2.991350903864000 1798364237.840232133865356 12.726296092592623
2.952802567474000 2127373212.666672468185425 12.730748722222252
2.999060571142000 2142940426.745353698730469 12.735229666666696
1.698686498146000 2173253145.333547115325928 12.739729277777807
2.951884246459000 1563808462.293836355209351 12.744896425925955
3.054928285332000 1961570057.101104021072388 12.750370796296325
2.954640235561000 2227461671.139152526855469 12.754890888888918
2.970992970330000 2158647800.987185955047607 12.759404277777806
2.969146049870000 2138491473.870866775512695 12.763842703703732
2.961433982208000 2138229919.486045837402344 12.768281777777807
1.706009917920000 2138438839.964959144592285 12.772699907407436
2.969146049870000 1558356862.688651084899902 12.777846092592620
2.999060571142000 1962979126.133106946945190 12.783319000000027
3.060737909366000 2183244192.817056655883789 12.787803388888916
3.053978794152000 2238068261.073875427246094 12.792295944444472
2.952802567474000 2247896290.597075462341309 12.796724629629658
2.950046578372000 2158431661.105326652526855 12.801242148148177
3.014479905698000 2138638430.200524330139160 12.805678666666696
3.006770238420000 2183350403.521036624908447 12.810155462962992
2.946925770194000 2193443697.668306350708008 12.814594296296326
2.968221902030000 2148752545.311919212341309 12.819079666666696
2.954640235561000 2137104911.499238252639771 12.823503148148177
3.124358473635000 2138248967.433477640151978 12.827941925925956
3.053028242088000 1928433391.991860151290894 12.832382777777807
2.985498097029000 2243683078.614623546600342 12.846698981481511
2.963276105472000 2195133818.729600906372070 12.852673481481512
3.007706388180000 1870576683.190955400466919 12.863323722222253
3.323901162322000 2170138581.730016231536865 12.872191333333364
2.969146049870000 1926090877.566435575485229 12.882978740740771
3.092539132462000 2135824388.412688255310059 12.887418462962994
3.015418455842000 2268023977.806474685668945 12.891964333333364
3.015418455842000 2206632216.900669097900391 12.896480481481513
3.053978794152000 2192025021.908775806427002 12.900918074074106
2.976858117532000 2236126369.902639865875244 12.905399333333365
1.707228859348000 2159079972.260634899139404 12.909912240740773
1.700507485886000 1557939860.396634817123413 12.915056444444478
1.699900188734000 1492668704.510033845901489 12.919666740740773
2.968221902030000 1492820584.804729938507080 12.924271000000033
3.047213819965000 1962235652.797704458236694 12.929743740740774
1.699900188734000 2228016711.172366142272949 12.934258351851884
3.000927027763000 1571485406.030247688293457 12.939448851851884
3.009577294620000 2002133532.444731473922729 12.944954796296328
3.101215077534000 2191118781.387401103973389 12.949398222222253
2.962354700928000 2283274316.140642166137695 12.953905592592625
3.101215077534000 2169555251.235162734985352 12.958422166666699
2.954640235561000 2272375371.483932495117188 12.962952296296329
2.961433982208000 2169288661.945034027099609 12.967478351851884
2.959591516032000 2138378335.005014896392822 12.971909462962996
2.962354700928000 2138485707.838122367858887 12.976340796296329
3.244760490233000 2138558260.993490695953369 12.980758814814847
3.045318574810000 1935308150.019529342651367 12.985215518518551
2.962354700928000 2162412908.477729797363281 12.999547185185218
1.707228859348000 2079081895.671228885650635 13.005530407407440
2.990420594324000 1487807348.563795328140259 13.015428537037069
3.507898611490000 2158093693.465180873870850 13.025357685185217
2.954640235561000 2043716969.295767784118652 13.036043870370403
1.706619161812000 2096013373.606745719909668 13.040574629629662
1.685860194480000 1548181485.054426193237305 13.045719222222255
3.023130523504000 1489349156.746830701828003 13.050317814814848
2.961433982208000 2001631277.055548429489136 13.055819185185218
3.008641493130000 2148781138.753336429595947 13.060308500000033
3.000927027763000 2183156865.577396869659424 13.064795592592626
2.952802567474000 2189911866.417187690734863 13.069229518518553
3.099286245756000 2148118268.267649173736572 13.073722129629664
2.954640235561000 2271828239.398555278778076 13.078244574074107
3.007706388180000 2169110755.083273887634277 13.082775592592625
3.008641493130000 2182747952.676762104034424 13.087271074074106
3.062642750699000 2193418152.045415878295898 13.091704203703737
1.707228859348000 2238146600.268779754638672 13.096196388888922
2.961433982208000 1570928183.373734474182129 13.101391203703736
2.999994320518000 1963714346.707871198654175 13.106856259259292
1.685860194480000 2182997480.174905300140381 13.111353925925959
2.969146049870000 1565513286.953780412673950 13.116523296296331
3.108929542901000 1962406059.517718791961670 13.121988833333367
3.047213819965000 2272718770.454247951507568 13.126515648148182
1.700507485886000 2258941734.104046344757080 13.131000833333367
2.954640235561000 1571366279.111212491989136 13.136196425925959
2.991350903864000 1812810961.892888069152832 13.141662500000033
2.999994320518000 2149291623.814864635467529 13.155977555555587
3.045318574810000 2178882759.439785480499268 13.161902537037069
2.969146049870000 2193344167.658613681793213 13.170910259259291
2.969146049870000 2124600185.253874540328979 13.179846944444476
3.053978794152000 1792945281.150933742523193 13.193913462962994
2.953721914546000 2223237441.352035522460938 13.198436685185216
2.961433982208000 2149858249.177584171295166 13.202951388888920
2.953721914546000 2134642495.289930820465088 13.207374537037069
1.701113879322000 2138026716.171961545944214 13.211813518518550
2.952802567474000 1558223594.487282752990723 13.216962555555588
2.945092900196000 1962148999.966157913208008 13.222434592592625
3.016355958497000 2138172678.665562152862549 13.226860925925958
2.962354700928000 2172520616.098154544830322 13.231364777777809
2.953721914546000 2148344424.758245944976807 13.235838259259291
2.952802567474000 2138268561.939887523651123 13.240276851851883
2.945092900196000 2137600426.519475698471069 13.244705462962994
2.961433982208000 2137625141.051681041717529 13.249136462962994
2.993212562396000 2138454977.452156305313110 13.253567370370401
2.953721914546000 2183198091.223670959472656 13.258057351851884
2.955559240614000 2148795841.810521125793457 13.262544703703735
2.962354700928000 2138505225.502967596054077 13.266965685185216
2.954640235561000 2140036352.595260858535767 13.274101555555587
2.946925770194000 2138664556.433427572250366 13.278536148148179
2.999060571142000 2138165184.883716106414795 13.282949833333364
2.946925770194000 2183188408.430232524871826 13.287434574074105
1.829518176080000 2148769978.481857776641846 13.291926907407438
2.952802567474000 1410435063.387149095535278 13.297054129629661
1.699293343440000 1656797438.088331460952759 13.312528685185217
2.931496839460000 1603799360.761060237884521 13.319411870370402
2.991350903864000 2169630171.801473617553711 13.329423425925958
3.516702853872000 2172604009.557231426239014 13.338352092592624
2.976858117532000 2099491476.538262844085693 13.347520685185216
2.999994320518000 2013850402.189870357513428 13.352364537037069
2.962354700928000 2180878788.502124786376953 13.356865851851884
2.946009846884000 2141517708.036962270736694 13.361356907407441
3.037608907532000 2138374812.781349420547485 13.365795666666699
1.699293343440000 2227759782.054025650024414 13.370295592592624
3.047213819965000 1568488818.210343122482300 13.375489222222255
3.004899680250000 2041467346.077308177947998 13.381016888888922
2.999994320518000 2202685790.824868679046631 13.385496388888923
2.992282252856000 2193200877.083072185516357 13.389930277777811
2.994143564904000 2192438454.514753341674805 13.394371888888923
3.047213819965000 2193520970.676102161407471 13.398810185185219
1.693181215656000 2237947785.300966739654541 13.403287425925960
2.993212562396000 1571584010.207463741302490 13.408483333333367
3.008641493130000 2001492969.501975774765015 13.413985814814849
3.046266726490000 2193529056.458754539489746 13.418419074074109
2.999994320518000 2238260287.555775642395020 13.422901296296331
2.991350903864000 2203685565.926066398620605 13.427391314814850
3.053978794152000 2193468832.419307708740234 13.431814833333368
2.946925770194000 2218619084.491004467010498 13.436287148148182
2.961433982208000 2159236174.504640579223633 13.440794722222256
2.961433982208000 2136595875.519958496093750 13.445215481481515
3.418571132094000 2138578361.067503929138184 13.449639092592626
3.093500612167000 2029299343.293383598327637 13.454150944444478
1.707837649596000 2256905786.970149993896484 13.468442629629664
2.929673565640000 1697879558.882965326309204 13.475178055555590
2.954640235561000 1920461040.792289257049561 13.485224888888924
3.517796207352000 2093524984.435651540756226 13.494088925925961
2.963276105472000 1869478326.482732534408569 13.505992000000035
2.960512234752000 2091886348.637307882308960 13.510537740740775
2.994143564904000 2132531585.788380384445190 13.514968648148182
1.694994780780000 2173632427.581721305847168 13.519467333333367
2.993212562396000 1563686785.806340694427490 13.524640222222256
3.015418455842000 2001186425.631506681442261 13.530147333333367
3.061690861814000 2192924001.234125137329102 13.534588925925959
2.961433982208000 2238034132.647382736206055 13.539081203703738
2.962354700928000 2159207427.920124530792236 13.543581740740775
2.946009846884000 2138181245.345227241516113 13.548007703703737
2.954640235561000 2138267653.482164621353149 13.552433962962997
2.962354700928000 2138504299.361058473587036 13.556859685185220
2.962354700928000 2137624768.040481328964233 13.561280555555591
2.995074220928000 2136984699.750926017761230 13.565704351851886
2.970069166295000 2183266537.077152252197266 13.570200981481516
1.706619161812000 2148728848.118385314941406 13.574678518518553
3.093500612167000 1559054297.486460685729980 13.579824722222257
2.947842375756000 2070052386.740147352218628 13.585385925925960
2.961433982208000 2169589233.503411293029785 13.589908185185219
3.000927027763000 2138488737.973967075347900 13.594325685185220
1.700507485886000 2183474970.008533954620361 13.598817703703739
1.699293343440000 1565484762.341214895248413 13.603990074074110
3.000927027763000 1492864039.741487264633179 13.608597629629665
2.992282252856000 1858495247.100479841232300 13.614120574074109
3.040444754052000 2187891790.753878593444824 13.628372796296331
2.994143564904000 2230672426.063332557678223 13.634357648148182
3.046266726490000 2155451824.655095577239990 13.643345648148182
1.894750407996000 2193590058.326625347137451 13.652340333333367
2.963276105472000 1469904527.100969791412354 13.665590166666700
2.999994320518000 1907902137.198616504669189 13.671067222222256
2.970069166295000 2172768063.931333065032959 13.675572055555589
3.045318574810000 2148234093.503859996795654 13.680065037037071
2.993212562396000 2227443221.971715450286865 13.684582629629663
3.005835133470000 2189666376.741099357604980 13.689075055555589
1.713950232810000 2192838393.731635570526123 13.693499388888922
2.947842375756000 1563072923.939547061920166 13.698671444444477
3.046266726490000 1962300618.154213190078735 13.704135740740773
2.945092900196000 2227649681.188257217407227 13.708640314814847
3.098322368346000 2157237968.320096015930176 13.713156555555587
2.946009846884000 2272538614.248851299285889 13.717699351851884
3.008641493130000 2169584226.402138710021973 13.722230129629661
2.970069166295000 2182798096.347614765167236 13.726712740740773
2.962354700928000 2148055497.593784809112549 13.731203425925958
1.713338134890000 2138508496.939431667327881 13.735638574074107
2.945092900196000 1558857866.978669881820679 13.740782555555588
2.944176976886000 1962382106.547377109527588 13.746247000000032
2.946925770194000 2138700523.464046239852905 13.750683259259292
3.038554658828000 2138466727.781894207000732 13.755107203703735
3.107963267786000 2183358986.515177249908447 13.759599222222255
2.962354700928000 2282884784.419613361358643 13.764112018518551
1.705400674028000 2169413575.738782882690430 13.768650888888921
2.937383232918000 1400053183.818860769271851 13.773813277777810
3.053978794152000 1655357915.693308591842651 13.789263481481514
3.038554658828000 2158548813.283331871032715 13.795268222222255
2.983641236586000 1767415345.264181137084961 13.806128129629663
3.494652811251000 2187406023.043569564819336 13.815050037037070
2.999060571142000 2051620845.533280849456787 13.825283333333365
2.998127863897000 2209966800.388462543487549 13.829802574074106
2.999060571142000 2184232096.970304489135742 13.834234629629663
1.699900188734000 2189588523.442966938018799 13.838680407407441
3.101215077534000 1565088595.360824584960938 13.843853740740775
3.046266726490000 2080197727.789746761322021 13.849389222222257
2.960512234752000 2258668609.468065261840820 13.853881907407443
3.062642750699000 2158090097.212100505828857 13.858379518518554
3.054928285332000 2227162718.332118511199951 13.862902444444479
3.063595348626000 2247791824.080930709838867 13.867328722222258
1.698686498146000 2248232340.560851097106934 13.871754537037072
3.031784889231000 1570974556.669236660003662 13.876942537037072
1.699293343440000 2041527031.286677122116089 13.882464944444481
2.960512234752000 1571424597.771615505218506 13.887660537037073
3.109896537774000 1961997072.218607664108276 13.893125425925962
2.998127863897000 2272640082.041895389556885 13.897657888888926
1.699900188734000 2214269416.191066265106201 13.902171351851889
1.701113879322000 1565121070.795634746551514 13.907333314814853
2.994143564904000 1492858069.650781393051147 13.911940425925964
2.947842375756000 2001112588.323424100875854 13.917428462963001
3.036664211762000 2149164236.048028945922852 13.921913425925963
2.950965583424999 2034013698.520974159240723 13.926561129629667
1.699900188734000 2133535368.163083314895630 13.941522796296333
2.946925770194000 1510323628.228421688079834 13.948484259259295
2.953721914546000 2105985850.036591529846191 13.958378277777815
3.383491342547000 2127713895.501816987991333 13.967246055555593
2.938297779222000 2005381871.955742597579956 13.978754518518556
2.994143564904000 2059611051.442539215087891 13.983254685185223
3.016355958497000 2176986918.772593021392822 13.987742314814852
2.944176976886000 2187030999.110732555389404 13.992177925925963
2.969146049870000 2147394842.962067604064941 13.996650777777814
2.977783631662000 2134948266.136839866638184 14.001050074074112
3.054928285332000 2138477540.500736474990845 14.005476148148185
2.945092900196000 2228128167.061738014221191 14.009991666666703
1.712726492400000 2159120697.296498775482178 14.014504333333370
2.946009846884000 1558466165.088736057281494 14.019648592592629
2.936469707313000 1961895873.364443302154541 14.025113092592630
2.946009846884000 2138304159.083699226379395 14.029549611111149
1.698686498146000 2138585287.471754789352417 14.033975166666703
2.944176976886000 1558527809.646431684494019 14.039124259259296
3.047213819965000 1962886413.770902872085571 14.044589351851888
2.961433982208000 2227226750.148431777954102 14.049049555555593
2.993212562396000 2159341547.115814208984375 14.053566203703740
2.960512234752000 2183495197.126111984252930 14.058056185185222
2.962354700928000 2147355557.396744012832642 14.062526370370408
2.960512234752000 2138392924.799920082092285 14.066964407407445
2.962354700928000 2138180282.611979246139526 14.071378259259298
3.053978794152000 2138575655.918285608291626 14.075816481481519
3.091576578478000 2227879810.689327239990234 14.080331888888926
2.954640235561000 1960684314.936539173126221 14.084859314814851
1.698686498146000 2111524005.565452575683594 14.099100611111147
1.692576768960000 1479101862.391319990158081 14.105217796296333
2.955559240614000 1803817717.399530649185181 14.114026462963000
2.944176976886000 1920525770.799979448318481 14.124066537037075
3.339325297646000 2133158120.203934192657471 14.132911074074112
2.937383232918000 1859352574.106625318527222 14.140801981481520
2.961433982208000 2131995169.686655282974243 14.145241537037075
2.960512234752000 2138235729.439868927001953 14.149675685185223
3.000927027763000 2129211243.047492980957031 14.154093888888927
3.060737909366000 2182416931.914105415344238 14.158591203703741
2.960512234752000 2238150827.682694911956787 14.163078296296334
2.999994320518000 2157947623.539060592651367 14.167594037037075
1.698686498146000 2182460372.128706455230713 14.172083722222260
3.059786020481000 1563787939.227053403854370 14.177255370370407
1.698079652852000 2040855839.434435367584229 14.182771981481517
