3.023130523504000 2186046166.007905483245850 0.001054166666667
3.048161618910000 2140979369.192427635192871 0.005542240740741
3.061690861814000 2182352404.163912773132324 0.010025203703704
3.092539132462000 2193038095.636181354522705 0.014455574074074
3.161947741420000 2192492609.191417217254639 0.018889259259259
3.030842591166000 2281505216.855087280273438 0.023393888888889
3.070357216066000 2168721313.356501102447510 0.027912703703704
3.077114997138000 2180674727.653602123260498 0.032412351851852
3.132072939002000 2193403673.365385532379150 0.036845666666667
1.747557100120000 2238328830.394834995269775 0.041320111111111
3.038554658828000 1570659008.615307807922363 0.046511129629630
1.734114353196000 1962320207.485457897186279 0.051980500000000
3.019368821728000 1558286047.591786384582520 0.057123777777778
3.061690861814000 1962772133.517001867294312 0.062581814814815
1.726159641360000 2182996302.065472126007080 0.067063796296296
3.017294159478000 1564864799.217577457427979 0.072232925925926
1.720671606272000 1963506897.311217546463013 0.077698018518519
3.114705580312000 1558194833.560625791549683 0.082844481481481
3.008641493130000 2041303865.627260446548462 0.088374703703704
3.016355958497000 2079862770.096047878265381 0.092892129629630
3.008641493130000 2131885896.394425868988037 0.097337407407407
3.107963267786000 2134502489.042624711990356 0.111588759259259
1.733495054124000 2221497519.555563926696777 0.117568870370370
3.107963267786000 1823673759.953359127044678 0.127225018518519
3.386650296113000 1989909227.005781173706055 0.137331222222222
3.107963267786000 1980156223.076150417327881 0.147841833333333
3.068447576644000 1992063215.251413583755493 0.153265981481482
3.072266855488000 2201578232.806588172912598 0.157758981481482
3.015418455842000 2182929196.824655532836914 0.162200611111111
3.023130523504000 2146218053.966063737869263 0.166682851851852
3.008641493130000 2137933947.714876890182495 0.171113685185185
3.024070423864000 2136485587.360967397689819 0.175549092592593
3.078071681433000 2138366014.601468563079834 0.179980407407407
1.739592790320000 2183313070.033913612365723 0.184479814814815
3.025011024336000 1558126195.357023954391479 0.189656092592593
3.031784889231000 1961931426.475980758666992 0.195110092592593
3.016355958497000 2136985071.267817020416260 0.199553425925926
3.014479905698000 2137143829.787234067916870 0.203992314814815
3.094462808058000 2138565535.768085002899170 0.208417944444444
1.739592790320000 2183077572.163269042968750 0.212908148148148
1.733495054124000 1565546012.050178050994873 0.218077888888889
3.069402929476000 1492833234.736625909805298 0.222679500000000
3.108929542901000 2000905118.116884231567383 0.228162925925926
3.069402929476000 2238202574.618081569671631 0.232646870370370
1.740214027202000 2203792663.936789989471436 0.237142166666667
1.733495054124000 1565291290.300602674484253 0.242306481481481
1.726776081046000 1492724021.464773416519165 0.246906611111111
3.116644008268000 1491845456.302548170089722 0.251505574074074
3.162930800470000 1819880642.800573348999023 0.257047296296296
3.024070423864000 1691351126.150962114334106 0.273169074074074
3.015418455842000 2139412254.118684291839600 0.279218740740741
3.180336543872000 1864024493.774368047714233 0.289820074074074
3.439582177252000 1927631661.767967939376831 0.300505703703704
3.129151446638000 1667828785.078860282897949 0.312140203703704
3.060737909366000 2234293934.681181907653809 0.316641203703704
1.728625629605000 2193006758.596786499023438 0.321129314814815
3.160963583980000 1561480039.094805002212524 0.326301925925926
3.022189572976000 2079479063.932577610015869 0.331852333333333
1.720057107968000 2169385291.130877017974854 0.336393055555556
3.062642750699000 1557923405.205478429794312 0.341535074074074
3.078071681433000 1978111554.428199291229248 0.347039777777778
3.061690861814000 2191537443.994026184082031 0.351466388888889
3.064547592032000 2193051923.966542720794678 0.355909851851852
3.069402929476000 2193456992.662176132202148 0.360341481481482
3.071312213484000 2193178907.532486915588379 0.364774870370370
1.740214027202000 2193204529.818665504455566 0.369216222222222
3.025011024336000 1553051660.188546895980835 0.374423685185185
3.030842591166000 1961435809.045567035675049 0.379881648148148
2.999994320518000 2138720632.498553991317749 0.384299166666667
3.015418455842000 2138541752.907086133956909 0.388728000000000
3.021249672616000 2138487960.739271163940430 0.393161796296296
1.732876215840000 2138429757.680984258651733 0.397577462962963
3.006770238420000 1558654408.905658245086670 0.402721092592593
3.030842591166000 1962616426.246498584747314 0.408188629629630
3.006770238420000 2062335414.003158569335938 0.412620962962963
3.071312213484000 2111166041.021752595901489 0.417065759259259
3.022189572976000 2148599690.896994113922119 0.431372388888889
3.109896537774000 2132981799.656433343887329 0.437333814814815
3.106995913034000 2178179198.088553428649902 0.446262481481482
1.915591436670000 1927850968.146853208541870 0.456973092592593
3.062642750699000 1476336634.354444265365601 0.470238722222222
3.015418455842000 1871795308.253468513488770 0.477229722222222
3.015418455842000 2122100028.431215047836304 0.481724000000000
3.067493290054000 2137592901.966020107269287 0.486162370370370
3.015418455842000 2165057978.183977127075195 0.490654481481481
3.078071681433000 2146149211.189181804656982 0.495124407407407
3.009577294620000 2181618421.433026313781738 0.499608314814815
3.116644008268000 2148944567.627494335174561 0.504093259259259
3.124358473635000 2227910125.179560661315918 0.508605296296296
3.031784889231000 2248213771.394025325775146 0.513046870370370
3.008641493130000 2158589558.852491378784180 0.517560351851852
3.024070423864000 2137846315.859855651855469 0.521991759259259
3.024070423864000 2138424358.829510927200317 0.526417259259259
3.077114997138000 2138383941.996057271957397 0.530851185185185
3.084827064800000 2182588780.044560909271240 0.535314462962963
3.071312213484000 2193662240.851362705230713 0.539741351851852
3.031784889231000 2193779942.358297348022461 0.544174870370370
3.114705580312000 2148941866.944021701812744 0.548661703703704
3.015418455842000 2227911840.372234821319580 0.553174981481481
3.131099470772000 2159122435.505763530731201 0.557690888888889
3.031784889231000 2227996081.003525257110596 0.562208296296296
3.031784889231000 2159049640.789852142333984 0.566719222222222
3.015418455842000 2138280458.600001573562622 0.571157851851852
3.015418455842000 2136134468.848050117492676 0.575578537037037
3.017294159478000 1837918862.630167722702026 0.580033259259259
1.726776081046000 1630302177.096779823303223 0.596028907407407
2.988558935792000 1481020952.635154724121094 0.602134388888889
3.069402929476000 2097146650.975959062576294 0.610128425925926
3.114705580312000 2155706542.312098503112793 0.619051537037037
3.401021838942000 2225149647.228939533233643 0.627965092592592
3.117613402632000 1790221918.549463272094727 0.636041796296296
3.177371876744000 2206671531.468674659729004 0.640553925925926
3.039499354598000 2286759531.528711318969727 0.645049240740741
3.024070423864000 2166167265.988840579986572 0.649586259259259
3.030842591166000 2137636277.152370452880859 0.654024518518518
3.107963267786000 2137757169.127612113952637 0.658465500000000
3.070357216066000 2227237949.691270351409912 0.662973222222222
3.036664211762000 2202500065.992443561553955 0.667463074074074
3.070357216066000 2148967667.570068836212158 0.671945444444444
3.024070423864000 2182353550.460416793823242 0.676440166666667
3.038554658828000 2142869969.245014667510986 0.680920018518518
1.741456500966000 2137986175.095959663391113 0.685353777777778
3.069402929476000 1558851782.080687999725342 0.690504851851852
1.740214027202000 2001187693.053116083145142 0.696008518518518
3.006770238420000 1563848772.147406816482544 0.701174870370370
1.740214027202000 1963084984.767746210098267 0.706627481481481
3.062642750699000 1558385439.634552001953125 0.711775907407407
1.733495054124000 2001999912.511524677276611 0.717279277777778
3.008641493130000 1565018917.291508436203003 0.722446018518518
3.024070423864000 1961968981.907805681228638 0.727915944444444
3.162930800470000 2138775736.553972005844116 0.732347240740741
3.114705580312000 2047167676.849690437316895 0.736908814814815
3.123387403110000 2165790712.379820823669434 0.752371851851852
3.124358473635000 2166736755.137870311737061 0.758289240740741
3.039499354598000 1963467471.530452251434326 0.768992685185185
3.371221365379000 2132229472.227589845657349 0.777905407407407
3.048161618910000 1956967411.926456212997437 0.789179129629630
3.124358473635000 2084705141.456746101379395 0.793622314814815
1.732876215840000 2220119175.168150901794434 0.798140407407407
3.023130523504000 1565741064.149324178695679 0.803319296296296
3.022189572976000 1961949288.572172641754150 0.808794722222222
3.016355958497000 2138384437.518849849700928 0.813215611111111
3.023130523504000 2135915186.607086658477783 0.817629222222222
3.023130523504000 2138130165.798476934432983 0.822062314814815
1.732876215840000 2136583563.533025741577148 0.826493518518519
3.071312213484000 1557727714.119246482849121 0.831642518518519
3.015418455842000 2000895656.918817281723022 0.837140407407407
3.062642750699000 2144036111.523061037063599 0.841635740740741
3.107963267786000 2172441825.886551380157471 0.846119407407407
3.022189572976000 2247986678.226653575897217 0.850562148148148
3.024070423864000 2158921382.615546226501465 0.855075333333333
3.023130523504000 2137460475.562309026718140 0.859511407407407
3.017294159478000 2138679394.972626447677612 0.863932388888889
3.024070423864000 2138794886.033878564834595 0.868367592592593
3.030842591166000 2138436015.475986719131470 0.872804574074074
1.734114353196000 2138578795.413961887359619 0.877243166666667
3.030842591166000 1558449279.325307369232178 0.882390092592593
3.016355958497000 1962196085.199699401855469 0.887862203703704
1.732876215840000 2134887524.243173122406006 0.892283074074074
3.024070423864000 1556344584.201825618743896 0.897436037037037
1.732257377556000 2236669717.862324237823486 0.912880296296296
3.025011024336000 1510907553.938632011413574 0.919833500000000
1.741456500966000 2106433813.799179077148438 0.929713314814815
3.424158041928000 1820251279.492148876190186 0.939287425925926
1.914223726800000 2175047885.273830890655518 0.949363592592593
3.068447576644000 1564453274.593026399612427 0.954533870370370
3.022189572976000 1937163739.033982038497925 0.960043314814815
3.024070423864000 2147367558.792304992675781 0.964526296296296
3.031784889231000 2132105957.274213552474976 0.968955055555556
3.015418455842000 2130642519.368986845016479 0.973384148148148
3.016355958497000 2137915396.471998691558838 0.977817462962963
3.030842591166000 2138013699.659387111663818 0.982253907407407
1.732257377556000 2138311312.133736848831177 0.986671648148148
3.140763997206000 1558085386.126643657684326 0.991818203703704
3.084827064800000 2031765705.084212541580200 0.997349851851852
3.115675335448000 2158641207.356612205505371 1.001867833333333
1.746933000280000 2227810687.960688114166260 1.006390055555556
3.078071681433000 1569183225.226382493972778 1.011580388888889
3.030842591166000 2002640015.360207080841064 1.017078000000000
3.023130523504000 2148931667.307764053344727 1.021555277777778
3.086745943200000 2138357083.511669397354126 1.025968500000000
3.068447576644000 2183337233.097004890441895 1.030448037037037
1.740214027202000 2193111768.600860118865967 1.034866888888889
3.131099470772000 1565064079.587040185928345 1.040043611111111
3.115675335448000 2042039163.510841369628906 1.045569351851852
3.031784889231000 2248592913.803990364074707 1.049997888888889
3.053028242088000 2159294902.131254673004150 1.054513574074074
3.024070423864000 2075982431.102362155914307 1.059029129629629
1.740214027202000 2173847979.247690200805664 1.073356851851852
3.016355958497000 1667261742.075155973434448 1.080148666666666
3.071312213484000 1954235153.395343303680420 1.090320277777778
3.384543935042000 2171069431.347543239593506 1.099236092592592
1.733495054124000 2121528303.330156087875366 1.108192962962963
3.019169863114000 1518235383.468786478042603 1.113410925925926
3.015418455842000 1905593270.527628660202026 1.118889314814815
3.030842591166000 2130139552.917045354843140 1.123331277777778
3.014479905698000 2127355184.079932928085327 1.127786870370370
3.022189572976000 2135843439.718532085418701 1.132223925925926
3.008641493130000 2137570075.393073320388794 1.136650111111111
3.115675335448000 2138335479.813859701156616 1.141067333333333
1.732876215840000 2227622488.010726928710938 1.145569814814815
3.016355958497000 1571578813.045802831649780 1.150765185185185
3.017294159478000 1961945519.139218807220459 1.156222759259260
1.726776081046000 2138382781.606598138809204 1.160648259259260
3.070357216066000 1558913481.754557609558105 1.165792111111111
1.740214027202000 2002079973.348946809768677 1.171295333333334
1.726159641360000 1564101660.041079998016357 1.176461425925926
3.124358473635000 1480788851.412467956542969 1.181067888888889
3.023130523504000 2041385869.893085956573486 1.186593259259259
3.007706388180000 2159019505.777136802673340 1.191111388888889
3.170645265837000 2137735372.775211334228516 1.195529203703704
3.115675335448000 2272693298.083061695098877 1.200054166666667
3.125330267490000 2259089449.455908298492432 1.204531555555556
3.030842591166000 2248251432.437398910522461 1.208965851851852
3.090615098773000 2159193575.216575145721436 1.213463481481482
3.076157243922000 2133743032.546043157577515 1.217906759259260
3.023130523504000 2147974756.705573558807373 1.232203185185186
3.069402929476000 2129194452.196238279342651 1.238175518518519
1.727392979734000 2188313994.250131607055664 1.247103259259259
3.392253602320000 1644594808.582869768142700 1.256856537037037
3.038554658828000 1911718631.890269517898560 1.266949944444445
3.121444177065000 2112497794.643077135086060 1.271459166666667
1.740835726658000 2185480753.956881523132324 1.275982462962963
3.025011024336000 1566194376.697867631912231 1.281183703703704
3.078071681433000 1962923661.433853864669800 1.286652518518519
3.029899240254000 2182852006.261844158172607 1.291147703703704
3.124358473635000 2147749241.099415779113770 1.295637629629630
1.727392979734000 2227669389.846487998962402 1.300155314814815
3.078071681433000 1571143938.718841791152954 1.305350555555556
3.030842591166000 2001421547.873471736907959 1.310835500000000
3.015418455842000 2148757919.582591056823730 1.315307537037037
3.023130523504000 2136530711.114637851715088 1.319741629629630
3.029899240254000 2138392621.683131456375122 1.324159981481482
3.030842591166000 2135261224.779470682144165 1.328595851851852
3.122415247590000 2137896522.078281402587891 1.333011537037037
3.092539132462000 2227816396.706180095672607 1.337513796296296
3.038554658828000 2203486329.558669567108154 1.342004425925926
3.094462808058000 2148770823.692734718322754 1.346486500000000
3.083866911200000 2182973999.382016658782959 1.350981407407407
1.740214027202000 2192459039.771826744079590 1.355422481481481
3.024070423864000 1565518744.494811773300171 1.360594370370370
1.746309364800000 1962741633.681180238723755 1.366049444444444
3.022189572976000 1558714736.500846385955811 1.371190370370370
2.999060571142000 1880511305.906291484832764 1.376687333333333
3.126301699680000 2132988890.864654064178467 1.390954870370370
3.007706388180000 2233819451.722075939178467 1.396962907407407
1.734114353196000 2148695060.237975120544434 1.405921203703703
3.362461500632000 1819094721.468808650970459 1.415507203703704
3.300764959336000 2097538139.544444561004639 1.425416962962963
3.101215077534000 2220572447.812234878540039 1.429933240740741
1.740214027202000 2247553636.568528175354004 1.434370166666666
3.106995913034000 1564884852.207951784133911 1.439555129629629
3.029899240254000 2040746604.920638561248779 1.445065555555555
3.060737909366000 2159016729.765470027923584 1.449560759259259
3.108929542901000 2182746746.589499473571777 1.454040388888889
1.726776081046000 2238023291.925466060638428 1.458524537037037
3.102179672916000 1570549504.190915822982788 1.463714333333333
3.015418455842000 2041252376.932571411132812 1.469220574074074
3.014479905698000 2159182195.708776950836182 1.473715537037037
3.069402929476000 2139665058.241386651992798 1.479138370370370
3.015418455842000 2182344865.947268962860107 1.483632870370370
3.085786146800000 2139233632.436025142669678 1.488146370370370
3.062642750699000 2183137808.983677387237549 1.492645888888889
3.048161618910000 2193263783.490300178527832 1.497079870370370
1.727392979734000 2148334449.015259742736816 1.501572500000000
1.727392979734000 1557669800.146173000335693 1.506716074074074
1.727392979734000 1487541097.537514448165894 1.511336518518519
2.999994320518000 1482264858.271235227584839 1.515936462962963
3.155216335103000 1962936626.328827381134033 1.521401111111111
3.038554658828000 2272200684.654176235198975 1.525928944444445
3.030842591166000 2211623446.920968055725098 1.530434629629630
3.117613402632000 2170278787.966319561004639 1.548385481481482
3.017294159478000 2233130013.498770236968994 1.554394259259259
3.023130523504000 2095010324.629415273666382 1.563771333333334
3.516702853872000 1886531547.974950551986694 1.574363666666667
3.097358131950000 2165006727.505033969879150 1.583320814814815
3.038554658828000 2196804784.577865600585938 1.587785777777778
3.069402929476000 2124218117.926551342010498 1.592275703703704
3.077114997138000 2177356197.615272521972656 1.596771907407408
3.017294159478000 2192839163.811857700347900 1.601215351851852
1.739592790320000 2148585952.430196285247803 1.605692203703704
3.022189572976000 1558579376.536787509918213 1.610836111111111
3.070357216066000 1961669553.148273706436157 1.616306481481482
3.113736907492000 2182553320.698747634887695 1.620801296296296
1.733495054124000 2238016758.179143428802490 1.625270092592593
1.740214027202000 1570231658.001155376434326 1.630463092592593
3.100251200124000 1492702046.627227544784546 1.635067777777778
3.115675335448000 2040586084.996888875961304 1.640573425925926
3.131099470772000 2248159334.126040458679199 1.645012037037037
3.169659809082000 2247980437.110917568206787 1.649438407407408
3.009577294620000 2248417240.342200279235840 1.653871592592593
3.078071681433000 2159139194.229676723480225 1.658369703703704
3.178359731204000 2183400222.993062496185303 1.662854148148148
3.022189572976000 2282066103.571383953094482 1.667320203703704
3.015418455842000 2169609352.741800785064697 1.671844129629630
3.070357216066000 2138720363.901384830474854 1.676265351851852
3.084827064800000 2183150734.794549942016602 1.680762703703704
3.016355958497000 2193387264.506405353546143 1.685186037037037
3.124358473635000 2022312758.153520822525024 1.689669444444444
3.037608907532000 1668256374.566851615905762 1.706220314814815
3.122415247590000 2126593184.959783315658569 1.712208703703704
1.740835726658000 2164841414.015904903411865 1.721150925925926
3.062642750699000 1488732495.511669635772705 1.731094407407407
3.480306050958000 1751205408.556950092315674 1.741385370370370
3.408733906604000 2237423600.567694187164307 1.745873962962963
3.069402929476000 2228127060.571409225463867 1.750311333333333
3.030842591166000 2180226476.960974216461182 1.754806925925926
3.040444754052000 2147824738.782275676727295 1.759298000000000
3.030842591166000 2132233939.378751039505005 1.763731722222222
3.084827064800000 2128370681.013165712356567 1.768165203703704
3.025011024336000 2182914702.674114704132080 1.772647129629630
3.025011024336000 2148193150.430420398712158 1.777132407407407
1.739592790320000 2138274702.541406154632568 1.781563462962963
1.732876215840000 1558797407.554099321365356 1.786706611111111
1.727392979734000 1492927884.247840404510498 1.791309037037037
1.726776081046000 1491474678.346564531326294 1.795909111111111
3.023130523504000 1487835124.380911588668823 1.800511907407407
3.116644008268000 1962999864.690242052078247 1.805986314814815
3.075200559627000 2227962047.889021396636963 1.810503703703704
3.024070423864000 2204157671.630723476409912 1.814998981481481
3.070357216066000 2148221531.007831573486328 1.819493962962963
1.740835726658000 2183473285.841495990753174 1.823985962962963
3.069402929476000 1565886831.791704654693604 1.829155259259259
1.740835726658000 1998697913.678049564361572 1.834641611111111
3.016355958497000 1565304967.741935491561890 1.839808277777778
3.070357216066000 1963228153.958705902099609 1.845275833333333
3.061690861814000 2170396439.314875125885010 1.849800555555555
3.023130523504000 2228799620.967498302459717 1.865141759259259
3.071312213484000 2132633205.016763687133789 1.871106944444444
1.726776081046000 2154025660.201273441314697 1.879996629629629
3.494652811251000 1646799111.331845998764038 1.889765722222222
1.726776081046000 1983898284.926249265670776 1.899917537037037
1.727392979734000 1538185078.520968675613403 1.905113129629629
3.000927027763000 1487605230.766755342483521 1.909716944444444
3.102179672916000 1957618459.122795820236206 1.915189296296296
3.014479905698000 2226474930.270713806152344 1.919704111111111
3.008641493130000 2159226936.608851432800293 1.924204388888889
3.053028242088000 2138573707.177609443664551 1.928634833333333
3.060737909366000 2182427573.596033096313477 1.933131351851852
3.047213819965000 2192179858.819598197937012 1.937564870370370
1.740214027202000 2193292665.838136196136475 1.942005277777778
3.114705580312000 1565074801.342551469802856 1.947169574074074
1.755530308665000 2041432344.428364753723145 1.952697574074074
3.015418455842000 1571806754.047362565994263 1.957888425925926
1.740214027202000 1961024249.757161617279053 1.963321851851852
3.016355958497000 1559055298.742817640304565 1.968465629629629
3.023130523504000 1962712590.762148141860962 1.973936277777778
3.000927027763000 2138124454.102848052978516 1.978367481481481
3.070357216066000 2138310571.636582612991333 1.982793370370370
3.016355958497000 2183462590.639419555664062 1.987288185185185
3.024070423864000 2148303597.680833816528320 1.991772555555555
3.062642750699000 2138571955.673247098922729 1.996199277777778
3.069402929476000 2181498529.120116233825684 2.000681351851851
3.084827064800000 2188755056.367432117462158 2.005116537037037
3.038554658828000 2189208116.944062232971191 2.019322759259259
3.016355958497000 2127832945.478723287582397 2.025338759259259
3.061690861814000 2093212510.598210096359253 2.034184592592592
3.386650296113000 1748647856.424214363098145 2.044989055555555
3.106995913034000 2154169616.171637535095215 2.053948499999999
3.107963267786000 2226623367.969000816345215 2.058450388888888
3.108929542901000 2210985987.908686161041260 2.062894962962962
3.154235673758000 2235584823.594358921051025 2.067322888888888
3.116644008268000 2293107118.825981616973877 2.071808907407407
3.078071681433000 2258591847.171585559844971 2.076299055555555
3.023130523504000 2203833367.805346012115479 2.080775759259259
1.733495054124000 2148602972.504334926605225 2.085261314814814
1.746933000280000 1527945192.780997276306152 2.090415407407407
1.728008960418000 1492243357.194246053695679 2.095022870370370
1.727392979734000 1490867551.668740272521973 2.099622148148148
3.024070423864000 1492972705.253755807876587 2.104224851851852
3.008641493130000 1963276233.484880924224854 2.109687018518518
3.071312213484000 2138388954.750375509262085 2.114123314814815
3.022189572976000 2183317252.448760986328125 2.118622944444445
1.726776081046000 2148819627.400873661041260 2.123115907407408
3.025951274752000 1557391768.588623523712158 2.128266907407408
3.040444754052000 1962997528.690883159637451 2.133737092592593
3.077114997138000 2138433940.974398851394653 2.138168314814815
1.726159641360000 2183102270.526823043823242 2.142663111111112
3.022189572976000 1564741471.702576875686646 2.147829462962963
3.008641493130000 1962792295.347282648086548 2.153287444444445
3.031784889231000 2138380094.667616128921509 2.157708370370371
1.740214027202000 2135721676.670768737792969 2.162132481481482
3.062642750699000 1937119225.684210777282715 2.177105796296297
3.013542403043000 2110998000.361380577087402 2.183255055555556
3.022189572976000 2146034553.408483028411865 2.193016648148149
1.915591436670000 2134220322.406724214553833 2.201878240740741
3.032727889194000 1842250257.029616594314575 2.211568722222223
3.037608907532000 1941963134.296491622924805 2.217033000000000
3.124358473635000 2137610367.976963996887207 2.221457592592593
3.031784889231000 2221527846.892305850982666 2.225975351851852
3.015418455842000 2158447853.565368652343750 2.230493611111112
1.733495054124000 2128814056.479458332061768 2.234934425925927
3.022189572976000 1557727025.987425088882446 2.240085777777778
3.029899240254000 1962775433.032447099685669 2.245551111111112
3.071312213484000 2136631986.274779796600342 2.249987388888889
3.006770238420000 2182826099.309470176696777 2.254484740740741
3.071312213484000 2145299701.302618026733398 2.258967166666667
3.072266855488000 2182171993.339420795440674 2.263449037037037
3.015418455842000 2193663140.221109390258789 2.267882907407408
3.030842591166000 2148875012.883357048034668 2.272374777777778
3.038554658828000 2138385886.728599309921265 2.276796148148148
1.734114353196000 2138306390.433838605880737 2.281214500000000
3.015418455842000 1558874860.942602157592773 2.286358259259260
3.032727889194000 1962293044.087626695632935 2.291828425925926
3.023130523504000 2138619497.709075450897217 2.296262185185185
3.032727889194000 2138572843.696186304092407 2.300692777777778
3.085786146800000 2138627166.145274162292480 2.305126537037037
3.131099470772000 2183209720.786787509918213 2.309623962962963
3.139787404369000 2238257479.788261890411377 2.314108888888889
3.031784889231000 2245657157.910582542419434 2.318537555555555
3.115675335448000 2218162766.882027626037598 2.332877537037037
3.094462808058000 2232677612.980198383331299 2.338884407407407
1.746933000280000 2083822009.147517442703247 2.347957907407407
3.456080484416000 1480752745.591939449310303 2.357882907407407
3.023130523504000 2114505819.078874349594116 2.367881944444444
3.113736907492000 2146290058.672156572341919 2.372379629629629
3.114705580312000 2226624786.566265583038330 2.376902240740741
3.169659809082000 2248268871.483415603637695 2.381344814814815
3.169659809082000 2285333481.794900417327881 2.385835314814815
1.738971553438000 2302843267.145071983337402 2.390266185185185
3.025011024336000 1553620769.370079517364502 2.395481129629629
1.734114353196000 1962803200.097712755203247 2.400939296296296
3.063595348626000 1558847754.150720834732056 2.406087888888889
3.023130523504000 2000681755.404795408248901 2.411585407407407
3.023130523504000 2148952577.625542640686035 2.416078129629629
3.021249672616000 2138227570.163841247558594 2.420504277777777
3.021249672616000 2138422030.568691730499268 2.424925407407407
3.013542403043000 2138578768.673608064651489 2.429343407407407
3.117613402632000 2138594598.658435583114624 2.433777148148148
3.029899240254000 2227918237.055843830108643 2.438284759259259
3.023130523504000 2159126047.937363624572754 2.442797592592592
1.740835726658000 2137871957.556658029556274 2.447216555555555
1.741456500966000 1558301399.935221433639526 2.452362296296296
3.060737909366000 1492865037.040611982345581 2.456966851851852
3.017294159478000 2001876982.737726449966431 2.462468037037037
3.016355958497000 2148636410.260652065277100 2.466945407407407
3.461640607822000 2137832328.947869300842285 2.471324351851852
3.077114997138000 2135587608.469716072082520 2.475761074074074
1.726159641360000 2126418527.222875118255615 2.491079074074074
3.016355958497000 1475239955.953117370605469 2.497217314814815
3.024070423864000 1881748576.983674526214600 2.508265833333333
3.387703672662000 2093046144.656071662902832 2.517132074074074
3.012604551224999 1889918637.344282627105713 2.527775777777778
3.021249672616000 2137395081.275509357452393 2.532208574074074
1.748180271240000 2075403650.503662347793579 2.536628055555556
3.007706388180000 1558222573.847249269485474 2.541777574074074
1.732876215840000 1958347705.815549850463867 2.547240259259259
3.133047132348000 1555765784.553430318832397 2.552390629629630
3.009577294620000 2040835890.311669349670410 2.557909296296296
3.007706388180000 2158856461.725315093994141 2.562422481481482
3.025011024336000 2138232012.924394845962524 2.566858537037037
3.016355958497000 2138365583.403986692428589 2.571292444444444
3.016355958497000 2137327537.927863836288452 2.575723370370370
3.061690861814000 2138621369.680018424987793 2.580159388888889
1.740214027202000 2183317620.493718147277832 2.584653629629630
3.039499354598000 1565087725.336660385131836 2.589818740740741
3.028956942189000 1951209385.415998458862305 2.595302425925926
3.114705580312000 2137024568.359767198562622 2.599729981481482
3.016355958497000 2228105678.971789836883545 2.604239796296297
3.031784889231000 2159191268.208310604095459 2.608757981481482
3.093500612167000 2138459870.719410896301270 2.613184185185185
3.070357216066000 2183404145.568707942962646 2.617678944444445
1.747557100120000 2192247894.304296493530273 2.622117962962963
3.076157243922000 1565002226.740246057510376 2.627282462962963
3.130124914868000 2001253725.601360559463501 2.632770018518518
3.030842591166000 2118497739.263036727905273 2.637287555555555
3.015418455842000 2212970954.485419273376465 2.651630944444444
3.024070423864000 2127291074.006005287170410 2.657545629629629
3.023130523504000 2093206278.195646047592163 2.666404037037037
3.443861276084000 1727942762.608614921569824 2.677183703703703
3.071312213484000 2145353072.974745512008667 2.686134796296296
3.079986118944000 2161677901.216033935546875 2.690575462962962
1.752399905202000 2192723779.364396095275879 2.695008111111110
1.740214027202000 1544783974.918757915496826 2.700182407407406
3.030842591166000 1492469719.991317510604858 2.704789407407406
3.013542403043000 1961755056.736601829528809 2.710245092592591
1.746933000280000 2138194938.987797498703003 2.714688648148147
1.726159641360000 1557659732.733641862869263 2.719827092592591
3.099286245756000 1492682459.697657108306885 2.724439222222221
3.115675335448000 1958878520.803745746612549 2.729889629629628
3.209217592672000 2227718994.305766582489014 2.734406870370369
1.726776081046000 2338051619.582901954650879 2.738914203703702
3.061690861814000 1582749682.769151449203491 2.744153407407406
3.168673251258000 1997147725.778777122497559 2.749646944444443
1.734732730692000 2282916468.289800167083740 2.754158870370369
1.734114353196000 1577482850.034956455230713 2.759376999999998
3.016355958497000 1492986778.468941926956177 2.763979481481480
3.133047132348000 1963340351.590285539627075 2.769446703703702
3.016355958497000 2228094717.802960395812988 2.773961870370369
3.076157243922000 2159041142.200705528259277 2.778475574074073
3.153253916702000 2183398737.727910518646240 2.782964833333332
3.116644008268000 2282021910.366681575775146 2.787464648148147
3.054928285332000 2241119337.262132167816162 2.791964499999998
1.733495054124000 2190398428.675126552581787 2.806276555555554
3.023130523504000 1600722049.217681884765625 2.813103370370369
3.029899240254000 1741326077.081023931503296 2.823294666666665
3.078071681433000 2163137411.859900474548340 2.832266074074072
1.922312810132000 2160446418.663199424743652 2.841210592592591
3.022189572976000 1543642879.415085077285767 2.846377537037035
3.060737909366000 1941548882.937247753143311 2.851839944444443
3.023130523504000 2182933541.215198993682861 2.856317796296294
3.016355958497000 2147614425.417784214019775 2.860805759259257
1.740835726658000 2138381332.509456396102905 2.865241277777776
3.009577294620000 1557991464.442379474639893 2.870383166666664
3.023130523504000 1961902049.612203359603882 2.875848518518516
3.016355958497000 2138263553.386048078536987 2.880279555555553
3.008641493130000 2138344283.694568634033203 2.884719907407405
3.108929542901000 2138428597.083992719650269 2.889153925925923
3.007706388180000 2227917761.481164932250977 2.893658888888886
3.016355958497000 2158874343.829325675964355 2.898167370370368
3.008641493130000 2138237235.520655393600464 2.902605685185182
3.031784889231000 2133056007.911929607391357 2.907024703703701
3.101215077534000 2136917852.279467821121216 2.911457999999997
3.078071681433000 2183684819.134216308593750 2.915954888888886
3.037608907532000 2193552650.023363113403320 2.920393703703700
3.123387403110000 2148953953.256265640258789 2.924883907407404
1.739592790320000 2227769859.049561023712158 2.929389037037034
3.008641493130000 1571264671.162672758102417 2.934581574074071
3.146523606096000 1961954503.004709959030151 2.940054462962960
3.387703672662000 2272707805.266056060791016 2.944594370370367
3.047213819965000 2141231984.618987083435059 2.949102092592589
3.100251200124000 2168871513.974995136260986 2.963487574074071
3.133047132348000 2168547351.959901809692383 2.969432222222219
3.045318574810000 1916971634.427019834518433 2.980114185185182
3.456080484416000 1887140345.349240064620972 2.990751833333330
3.078071681433000 2142242820.442337036132812 2.999711814814812
1.741456500966000 2186802704.394851684570312 3.004118907407404
3.082907829200000 1534680911.966337919235229 3.009294537037034
2.993212562396000 1995552237.093819141387939 3.014783222222219
3.069402929476000 2148438299.546518325805664 3.019254796296293
1.739592790320000 2182148598.096225738525391 3.023754629629627
3.153253916702000 1565110063.603783845901489 3.028916796296294
3.169659809082000 2081117546.061549425125122 3.034449851851849
3.021249672616000 2303072120.694849014282227 3.038876074074071
3.024070423864000 2167794058.578092098236084 3.043394259259256
1.732876215840000 2138311011.642819643020630 3.047812814814812
3.121444177065000 1558845852.193546295166016 3.052955425925923
3.023130523504000 2041433915.647281646728516 3.058471944444442
3.031784889231000 2158942931.582726478576660 3.062985370370368
3.016355958497000 2136842199.743672370910645 3.067421240740738
1.740214027202000 2138497981.134920597076416 3.071842499999997
3.030842591166000 1559274086.396681547164917 3.076985444444442
3.036664211762000 1962920721.271393537521362 3.082438777777775
3.009577294620000 2138381924.308040142059326 3.086864611111109
1.732876215840000 2138740001.086724996566772 3.091295185185183
3.108929542901000 1558183857.471032619476318 3.096438259259257
3.016355958497000 2042118817.852834701538086 3.101964925925923
1.726776081046000 2061879573.569839000701904 3.106491740740738
3.008641493130000 1937027291.909196615219116 3.121762851851849
3.076157243922000 2074534076.273121833801270 3.127844796296294
3.078071681433000 2154020353.121723651885986 3.137594870370368
3.486938345884000 2187860655.069908618927002 3.146459629629627
3.108929542901000 2217224566.826042652130127 3.155398814814812
1.734114353196000 2240529370.573657989501953 3.159815240740738
1.739592790320000 1543191761.495215177536011 3.165013055555553
3.025951274752000 1492429378.621957063674927 3.169617814814812
3.023130523504000 1956457798.208615541458130 3.175088444444442
3.028956942189000 2137147233.885479450225830 3.179503314814812
3.108929542901000 2137761697.760571479797363 3.183942277777775
3.093500612167000 2183256266.996291637420654 3.188436722222220
3.077114997138000 2193156412.498274326324463 3.192863407407405
3.146523606096000 2193293654.413456916809082 3.197289055555553
3.024070423864000 2237773701.163457393646240 3.201779185185183
3.030842591166000 2158950525.340179443359375 3.206294777777775
1.748804138900000 2138410182.813373565673828 3.210733629629627
1.740214027202000 1558366996.775679349899292 3.215879703703701
3.063595348626000 1492924239.009706497192383 3.220481407407405
1.726159641360000 2002345059.404241561889648 3.225985129629627
1.728008960418000 1565218858.308214426040649 3.231151925925923
3.029899240254000 1491839771.389068603515625 3.235759462962960
3.037608907532000 1961684960.223789930343628 3.241227555555553
3.024070423864000 2138351413.330882549285889 3.245660870370368
3.016355958497000 2138245583.385924339294434 3.250091740740738
3.037608907532000 2138415082.786734104156494 3.254507370370368
3.354749432970000 2138505414.921209096908569 3.258941277777775
3.037608907532000 2109245111.663342237472534 3.263472092592590
3.015418455842000 2131857295.709423542022705 3.277820074074071
3.092539132462000 2126693967.801931619644165 3.283724499999997
3.047213819965000 2155476747.592483043670654 3.292637555555552
1.908188354152000 2150975884.164101123809814 3.301539037037034
3.029899240254000 1873919652.783065557479858 3.311267185185182
3.021249672616000 1952451975.708722829818726 3.316707333333330
1.747557100120000 2103808615.878214836120605 3.321140148148145
3.015418455842000 1553924918.600723028182983 3.326293074074071
3.070357216066000 1961879261.272298574447632 3.331764944444441
3.016355958497000 2183149464.287184715270996 3.336262240740737
3.116644008268000 2136722559.135458469390869 3.340772444444441
3.116644008268000 2227422810.110730171203613 3.345267851851848
3.024070423864000 2247798332.582244396209717 3.349705851851848
3.024070423864000 2158725395.106100082397461 3.354219407407404
3.091576578478000 2138302041.637501478195190 3.358637611111107
1.740214027202000 2182266050.613781929016113 3.363122555555552
1.740214027202000 1563682288.143781900405884 3.368297055555552
3.016355958497000 1492714642.714859962463379 3.372898888888885
1.740214027202000 1962806052.987357854843140 3.378364203703700
3.029899240254000 1558196165.409472942352295 3.383507444444441
3.075200559627000 1962981244.565052032470703 3.388980425925922
3.122415247590000 2183238995.914564132690430 3.393472444444441
3.170645265837000 2238185254.231695652008057 3.397962370370367
3.170645265837000 2292764868.249756813049316 3.402457407407404
3.015418455842000 2303217548.666004657745361 3.406878129629626
3.023130523504000 2168469116.829611301422119 3.411408944444441
1.754904041514000 2138641577.993353605270386 3.415822425925922
3.071312213484000 1557250810.865234613418579 3.420972388888885
1.734732730692000 2107768996.960486173629761 3.436325722222219
1.732876215840000 1477244135.156441211700439 3.442456888888885
3.008641493130000 1488501423.412546873092651 3.452825814814811
3.562975259844000 2071108325.869518756866455 3.462708888888885
3.117613402632000 1773051735.665132522583008 3.473594351851848
3.154235673758000 2240154207.207170009613037 3.478084222222219
3.077114997138000 2285333328.842331886291504 3.483582185185182
3.024070423864000 2205422610.881548404693604 3.488090666666663
3.013542403043000 2148345009.652350425720215 3.492580074074070
3.031784889231000 2138148717.691845417022705 3.497016518518515
3.076157243922000 2138005015.108012914657593 3.501447574074070
3.086745943200000 2182973472.828242778778076 3.505929351851848
3.031784889231000 2193528679.301895618438721 3.510373129629626
1.733495054124000 2148653521.452049732208252 3.514863333333330
3.116644008268000 1557656431.248447418212891 3.520007055555552
3.069402929476000 2041596262.270493507385254 3.525538240740738
3.068447576644000 2203931727.719321727752686 3.530027888888886
3.028956942189000 2193270980.813968181610107 3.534469777777775
3.022189572976000 2148631884.393445968627930 3.538949851851849
3.030842591166000 2137758920.178967714309692 3.543382685185182
3.029899240254000 2138763773.300696849822998 3.547808518518516
1.739592790320000 2133207582.843231678009033 3.552235666666664
3.006770238420000 1559170331.862940788269043 3.557386722222219
1.734114353196000 1948974000.346435546875000 3.562839074074071
3.021249672616000 1558313726.760380744934082 3.567984740740737
1.733495054124000 1963219121.807279586791992 3.573457259259256
3.084827064800000 1556090562.347891330718994 3.578608611111108
3.024070423864000 2249058755.129220962524414 3.594056592592589
3.170645265837000 2128940008.998805284500122 3.600024462962959
3.024070423864000 2229043653.491908550262451 3.609011907407404
3.376834267764000 2132834777.434829473495483 3.617975574074071
3.116644008268000 2121959474.568542957305908 3.626869851851849
3.079029078342000 2174978720.441645145416260 3.631391666666663
3.028956942189000 2198266839.570210933685303 3.635889999999997
3.078071681433000 2140808380.135973930358887 3.640400666666663
3.016355958497000 2182994490.210542201995850 3.644894351851848
3.029899240254000 2148813563.098863601684570 3.649382018518515
3.008641493130000 2138425427.464600563049316 3.653818166666663
3.076157243922000 2138440508.298104286193848 3.658246888888885
3.070357216066000 2183184404.376129627227783 3.662744351851848
3.013542403043000 2193090684.068407058715820 3.667188351851848
1.734114353196000 2147345539.627126216888428 3.671676018518514
1.726159641360000 1558562248.764948368072510 3.676826499999996
3.117613402632000 1492677357.223564863204956 3.681431925925922
3.030842591166000 2041986127.648442029953003 3.686953166666662
3.023130523504000 2158383242.836649417877197 3.691458481481477
3.023130523504000 2138346301.741687297821045 3.695879481481477
3.023130523504000 2128820113.798245668411255 3.700325296296291
3.069402929476000 2138269081.079728126525879 3.704764685185180
3.023130523504000 2183287420.418395519256592 3.709241222222217
1.726776081046000 2148864379.619469642639160 3.713713537037032
3.117613402632000 1558928990.354670286178589 3.718857074074069
3.108929542901000 2040900115.765984773635864 3.724375870370365
3.014479905698000 2247967589.348282814025879 3.728815425925921
1.719443066880000 2039229301.005932331085205 3.733338592592587
3.022189572976000 1934001321.914626598358154 3.748328074074069
1.720057107968000 2073035910.383743762969971 3.754415759259254
1.728625629605000 1875865253.275632381439209 3.764925462962957
1.937136892320000 1487950166.507616519927979 3.774278833333327
3.345995598652000 1514012785.131908893585205 3.788404037037031
3.068447576644000 1970450009.072763442993164 3.793915037037031
3.022189572976000 2178685948.827469825744629 3.798354629629623
3.023130523504000 2147508474.646389961242676 3.802830944444438
3.061690861814000 2138192403.450386047363281 3.807249129629624
3.038554658828000 2174912373.280344009399414 3.811741037037031
3.023130523504000 2127545540.076587915420532 3.816228740740735
1.732876215840000 2137817321.770469665527344 3.820668240740735
3.008641493130000 1558541947.843371868133545 3.825810870370364
3.123387403110000 1963019112.940100431442261 3.831278370370364
3.116644008268000 2226658823.336503505706787 3.835795851851846
3.060737909366000 2248644756.296203613281250 3.840229740740735
1.746933000280000 2203254072.618185520172119 3.844705203703698
3.069402929476000 1565009495.120066404342651 3.849881351851846
1.732876215840000 2001423497.120714902877808 3.855386833333327
3.070357216066000 1564529906.193522453308105 3.860551129629624
3.062642750699000 2002241075.636588811874390 3.866052092592586
3.007706388180000 2193403848.326241493225098 3.870478259259253
1.740214027202000 2148915741.356314659118652 3.874962907407401
3.016355958497000 1555840347.231463670730591 3.880389962962957
3.068447576644000 1963248932.835492372512817 3.885860499999994
3.377885635956000 2183174744.492391586303711 3.890345037037031
3.008641493130000 2161392775.566813945770264 3.894844685185179
3.062642750699000 2216911339.401955127716064 3.909182759259253
1.740835726658000 2179585141.203287124633789 3.915146055555549
3.085786146800000 1636296787.519293069839478 3.924936574074068
3.455006312576000 2122511271.911414384841919 3.934907277777771
3.038554658828000 1971519510.682539463043213 3.944044722222216
3.107963267786000 2077392585.780618906021118 3.948958203703697
3.031784889231000 2212341255.406999588012695 3.953479092592586
1.738971553438000 2158790429.435765266418457 3.957990611111105
1.740214027202000 1557294913.057565689086914 3.963134499999994
3.078071681433000 1491675284.767359495162964 3.967738648148142
1.734114353196000 2001124102.080985307693481 3.973242629629623
3.084827064800000 1564804039.174260854721069 3.978414203703697
3.031784889231000 2000267346.890701055526733 3.983917111111105
3.045318574810000 2148700942.905932426452637 3.988406777777771
3.024070423864000 2138184331.797235250473022 3.992843222222216
3.038554658828000 2137434169.141143560409546 3.997264907407401
3.031784889231000 2137375960.234975099563599 4.001690907407401
3.114705580312000 2138051512.311065435409546 4.006116314814808
3.124358473635000 2227560316.770644664764404 4.010634129629623
3.114705580312000 2248579885.215909481048584 4.015067574074068
3.078071681433000 2247676116.770424365997314 4.019508703703697
3.079029078342000 2203872468.283997535705566 4.024001703703697
3.024070423864000 2193502500.752735137939453 4.028429999999994
3.123387403110000 2149124047.186933040618896 4.032919629629624
3.037608907532000 2228044094.681831836700439 4.037437685185179
3.091576578478000 2159074139.949475288391113 4.041945925925920
3.363506900012000 2183371272.950018882751465 4.046420222222216
3.123387403110000 1966971139.809095859527588 4.050872722222216
3.038554658828000 2201489133.983118057250977 4.065168055555549
3.070357216066000 2129516450.150729656219482 4.071145148148142
3.009577294620000 2171241429.207479953765869 4.080129148148142
3.441721726668000 1694347532.300253152847290 4.090883277777772
3.030842591166000 1596603960.863570213317871 4.102648388888883
3.008641493130000 2123249408.861506462097168 4.107135962962957
1.739592790320000 2134826203.858041286468506 4.111557703703697
3.059786020481000 1558775811.783005952835083 4.116700703703698
3.006770238420000 2001908522.606772422790527 4.122201759259253
1.740835726658000 2145450761.057278156280518 4.126694777777772
3.116644008268000 1557864996.114995956420898 4.131842777777772
3.070357216066000 2040586600.097173690795898 4.137369351851846
3.007706388180000 2203254166.821337223052979 4.141859185185179
3.017294159478000 2148730917.559231281280518 4.146344111111105
3.024070423864000 2138472447.518586158752441 4.150780425925920
3.154235673758000 2138200360.481200456619263 4.155198388888883
1.725543201674000 2272021055.220759868621826 4.159715611111105
1.734732730692000 1577685230.179028272628784 4.164928944444439
3.020309422200000 1492768076.266546487808228 4.169528796296291
3.071312213484000 1963018213.115476131439209 4.174993925925921
3.070357216066000 2182624699.735023975372314 4.179480703703699
3.106995913034000 2193618088.938536167144775 4.183906981481477
3.123387403110000 2238323313.828403472900391 4.188391444444440
3.123387403110000 2248511852.095850944519043 4.192832759259255
3.024070423864000 2248573840.085154533386230 4.197269148148144
3.023130523504000 2158915216.281635284423828 4.201767740740737
3.069402929476000 1927314908.213966608047485 4.206221537037033
3.069402929476000 2149051939.032197475433350 4.220539962962959
1.739592790320000 2177875006.244691848754883 4.226470925925922
3.030842591166000 1821772327.691911458969116 4.236106444444440
3.377885635956000 1920286592.766106843948364 4.246146629629625
3.116644008268000 1932733386.100095510482788 4.255247944444440
1.740214027202000 2167967591.061194896697998 4.260062574074070
3.124358473635000 1568391061.452513933181763 4.265253574074070
3.015418455842000 2041067243.679563283920288 4.270777981481477
1.741456500966000 2158985974.754558086395264 4.275293648148144
3.101215077534000 1557727609.882683515548706 4.280431703703699
1.732876215840000 1994531137.984537601470947 4.285933796296291
3.078071681433000 1565351259.686455726623535 4.291109981481476
3.025951274752000 2000115213.662540912628174 4.296605407407402
3.085786146800000 2148095443.916079521179199 4.301095537037032
3.116644008268000 2182785635.218158721923828 4.305595740740736
3.133047132348000 2238049261.978904247283936 4.310079703703699
3.030842591166000 2248486433.744886875152588 4.314520870370366
3.017294159478000 2159251176.813689708709717 4.319029277777774
3.085786146800000 2137579431.214722394943237 4.323464981481477
3.025011024336000 2183275854.366763591766357 4.327941981481477
3.092539132462000 2148987991.947784423828125 4.332421999999995
3.038554658828000 2183312150.087130546569824 4.336917166666661
1.741456500966000 2148755556.107064247131348 4.341394222222217
3.029899240254000 1558778383.323907852172852 4.346535314814809
3.031784889231000 1961978447.939597368240356 4.351994962962958
3.030842591166000 2136878374.540594577789307 4.356429037037032
3.024070423864000 1928632101.250660419464111 4.360881499999994
3.008641493130000 2112297865.311505794525146 4.375231759259254
3.068447576644000 1846852502.850642204284668 4.382198999999995
3.029899240254000 2214104014.836084365844727 4.392014907407402
3.384543935042000 2109112451.631365537643433 4.400945166666661
1.734114353196000 1758506428.126407146453857 4.413161444444439
3.022189572976000 1544751684.467643499374390 4.418309240740736
3.162930800470000 1959877405.067148685455322 4.423778018518513
3.160963583980000 2272352863.436123371124268 4.428318018518514
3.015418455842000 2302078007.134085655212402 4.432751611111106
3.139787404369000 2169245484.621982574462891 4.437285499999995
3.030842591166000 2211581076.599977970123291 4.441808999999996
3.007706388180000 2158587294.885406494140625 4.446326574074070
3.100251200124000 2138131866.297125101089478 4.450763166666663
3.029899240254000 2172650424.692389965057373 4.455282777777774
3.040444754052000 2147134766.921633481979370 4.459773796296292
3.185083944406000 2138299798.742348432540894 4.464208870370366
3.038554658828000 2272338368.456721305847168 4.468744907407403
3.031784889231000 2169293280.600012302398682 4.473263333333329
1.734732730692000 2138330845.282798051834106 4.477696870370366
3.024070423864000 1547423603.120575904846191 4.483844833333329
3.047213819965000 1963662634.932140111923218 4.489312259259255
3.036664211762000 2138346892.858186244964600 4.493748574074070
3.024070423864000 2138380829.870319604873657 4.498182555555552
1.755530308665000 2138183200.597521066665649 4.502595851851848
1.739592790320000 1558245276.710181474685669 4.507746648148144
1.726776081046000 1491880215.830230712890625 4.512352462962959
1.728008960418000 1318229259.024699211120605 4.516972499999995
3.079986118944000 1490697245.716764211654663 4.521583499999995
3.023130523504000 2128689867.683900594711304 4.536914351851847
3.132072939002000 2127562240.341801881790161 4.542878388888884
3.095424645856000 2166776435.064087867736816 4.551820111111106
1.922312810132000 1748214760.355560302734375 4.562663722222218
3.431870109590000 1722147083.790554523468018 4.572502407407403
1.733495054124000 1871116326.611622571945190 4.578100629629625
1.740214027202000 1561658326.439844131469727 4.583271907407402
3.016355958497000 1477417910.027927875518799 4.587880333333328
3.223644282716000 1962530072.783750057220459 4.593353166666661
2.999994320518000 2272337786.111733913421631 4.597896037037032
3.062642750699000 2168388544.152744770050049 4.602435203703698
3.054928285332000 2181489358.022556304931641 4.606932592592587
3.062642750699000 2192223934.521380901336670 4.611335499999995
3.015418455842000 2193247801.310427188873291 4.615761537037032
3.021249672616000 2148431454.160317897796631 4.620246370370365
3.108929542901000 2138496764.896305322647095 4.624679796296292
1.733495054124000 2227927386.461924552917480 4.629197370370366
3.023130523504000 1560169643.556879281997681 4.634395851851847
3.017294159478000 1962211791.976467609405518 4.639860333333329
3.015418455842000 2138594267.632915019989014 4.644296481481477
3.024070423864000 2138722101.699166297912598 4.648726759259254
3.037608907532000 2138338598.883859395980835 4.653153388888884
3.031784889231000 2138404486.461309909820557 4.657566666666662
3.106995913034000 2138471413.304835557937622 4.662002814814810
3.123387403110000 2227846705.023925304412842 4.666515296296292
3.038554658828000 2248555539.265173435211182 4.670936092592588
3.323901162322000 2158377569.234430789947510 4.675449074074069
3.062642750699000 1932856163.926773071289062 4.679891888888884
3.069402929476000 2149542217.337439537048340 4.694196833333328
1.747557100120000 2175944900.557579994201660 4.700101981481477
1.742077969135000 1636818407.682904481887817 4.709903444444439
3.377885635956000 1671484587.081577777862549 4.720729499999995
3.116644008268000 1950876773.414846420288086 4.732282592592587
3.015418455842000 2202101586.183165073394775 4.736803111111105
3.094462808058000 2158553648.650313377380371 4.741312388888884
3.068447576644000 2182299551.835986614227295 4.745799833333328
3.083866911200000 2192658499.259845733642578 4.750240851851846
1.732257377556000 2189949661.278002738952637 4.754677462962957
3.017294159478000 1564771347.119455099105835 4.759848166666661
3.023130523504000 1962964647.848725557327271 4.765321666666661
3.024070423864000 2137620378.413082122802734 4.769734833333327
3.015418455842000 2138142798.001129150390625 4.774163259259253
1.732876215840000 2132284972.080805063247681 4.778597351851846
1.728008960418000 1557916324.673502922058105 4.783745999999994
3.061690861814000 1492790997.224345207214355 4.788349518518512
3.077114997138000 2001883422.337606668472290 4.793856259259252
3.099286245756000 2193520329.142475128173828 4.798289777777771
3.025011024336000 2237869778.991805553436279 4.802764222222215
3.023130523504000 2159255654.151320934295654 4.807259444444437
3.078071681433000 2137905950.240434885025024 4.811688148148141
3.070357216066000 2170627168.174190521240234 4.816212777777770
1.740214027202000 2193158112.565477848052979 4.820642462962955
1.733495054124000 1565337902.584706544876099 4.825813907407400
3.108929542901000 1492902711.811239004135132 4.830418592592586
3.045318574810000 1796764383.955015897750854 4.835964574074067
3.071312213484000 1647209703.896103858947754 4.852006240740733
3.031784889231000 2204195990.695422172546387 4.858048666666659
3.062642750699000 2149786278.975447177886963 4.866952277777770
3.014479905698000 2145059423.702208518981934 4.875871277777770
1.914907327230000 1780575021.316436052322388 4.884732462962955
3.030842591166000 1672173249.209701299667358 4.891791444444436
3.116644008268000 1954407453.104556322097778 4.897254740740733
3.033670538208000 2211343084.224276065826416 4.901777277777770
3.160963583980000 2158526593.905871868133545 4.906277055555548
3.014479905698000 2272098194.609947681427002 4.910814907407400
3.016355958497000 2168478532.783427238464355 4.915336444444437
1.733495054124000 2138069900.481942892074585 4.919774499999992
3.007706388180000 1558180317.771350145339966 4.924915629629622
3.092539132462000 1962462595.171647548675537 4.930383333333325
1.734732730692000 2137115660.568723917007446 4.934820166666658
3.125330267490000 1557257949.513082265853882 4.939967814814807
3.015418455842000 2042128806.445015668869019 4.945491462962955
3.145544249424000 2159261912.084938049316406 4.950007185185177
3.024070423864000 2272464559.125224590301514 4.954547611111103
3.031784889231000 2169397404.321759223937988 4.959066518518510
3.030842591166000 2137746397.044071435928345 4.963497037037029
3.015418455842000 2138693936.017826080322266 4.967918407407399
3.069402929476000 2138506873.774037361145020 4.972336703703696
3.130124914868000 2181583900.432757377624512 4.976821296296288
3.177371876744000 2238083847.204061985015869 4.981310944444436
3.121444177065000 2293283636.573863983154297 4.985795425925917
3.159980524930000 2258885880.587662696838379 4.990287796296288
3.078071681433000 2175166196.742499351501465 4.994786814814806
3.024070423864000 2269025204.098405361175537 5.009657999999991
3.016355958497000 2138142825.238682985305786 5.015628259259250
1.734114353196000 2093311460.600851774215698 5.024484203703694
3.377885635956000 1488714291.588784933090210 5.034391611111102
3.077114997138000 1909398174.498317003250122 5.044497407407398
1.792684960494000 2181865531.473197937011719 5.048993296296287
3.069402929476000 1549001753.921266794204712 5.054166888888880
3.015418455842000 1995044194.842252731323242 5.059670296296288
3.123387403110000 2148686427.457098484039307 5.064157296296288
3.100251200124000 2227752417.652243614196777 5.068674611111103
3.031784889231000 2248241664.753396987915039 5.073110814814807
3.014479905698000 2158533654.970400333404541 5.077624759259251
3.123387403110000 2138104726.598702669143677 5.082060648148140
3.032727889194000 2227968184.392622470855713 5.086572759259251
3.079029078342000 2159059329.123267650604248 5.091088685185177
3.024070423864000 2182290604.491640090942383 5.095580981481473
3.070357216066000 2146980669.826432943344116 5.100066388888880
3.022189572976000 2183164947.047861576080322 5.104548074074065
3.022189572976000 2148940885.481078624725342 5.109040296296287
1.738971553438000 2138359722.674142122268677 5.113479518518510
3.008641493130000 1558526699.702675819396973 5.118617944444436
3.016355958497000 1962080746.521886587142944 5.124075351851843
1.727392979734000 2138339314.926928043365479 5.128501481481472
3.062642750699000 1554850375.663624286651611 5.133642999999991
3.031784889231000 2002111203.051524639129639 5.139148444444436
3.038554658828000 2148093869.423797607421875 5.143640499999991
3.223644282716000 2138853973.319076776504517 5.148074240740732
3.162930800470000 2022404345.167021036148071 5.152525333333324
3.116644008268000 2215794849.447769641876221 5.166931555555546
3.008641493130000 2247746562.410722255706787 5.172895037037028
3.087705382400000 1886292640.177775144577026 5.183545203703694
1.916274528090000 2155737169.908955574035645 5.192456185185176
3.015418455842000 1620199471.074010610580444 5.202392462962953
3.030842591166000 1933104296.720362901687622 5.207865629629620
3.038554658828000 2081601372.387594938278198 5.212296944444434
3.023130523504000 2137714504.493949413299561 5.216722648148138
3.030842591166000 2138411001.052150487899780 5.221140407407397
1.734732730692000 2129631151.951481103897095 5.225580055555545
3.177371876744000 1558258595.041620016098022 5.230721370370360
1.720057107968000 2079816497.326203346252441 5.236262111111101
3.125330267490000 1577602076.775391101837158 5.241480314814805
3.023130523504000 2042327088.709407091140747 5.247006055555545
3.032727889194000 2158115498.401782512664795 5.251519185185175
3.171631456638000 2138156920.440534114837646 5.255949833333323
3.161947741420000 2272340636.100110530853271 5.260485574074063
1.740214027202000 2303279355.343477725982666 5.264911703703692
1.739592790320000 1577761153.801022052764893 5.270119611111100
3.155216335103000 1492726412.701735496520996 5.274719740740729
1.732876215840000 2079763493.824520111083984 5.280261370370359
3.070357216066000 1577370367.872797250747681 5.285479055555544
3.015418455842000 2001854536.407922267913818 5.290987370370359
3.123387403110000 2148119318.392753124237061 5.295476759259247
3.015418455842000 2227907328.302536964416504 5.299989703703692
1.734114353196000 2159139755.086615085601807 5.304497722222210
3.160963583980000 1474840889.402252435684204 5.309948740740729
1.726776081046000 2086931972.972608566284180 5.326425851851840
3.021249672616000 1480791360.313386440277100 5.332609203703692
3.115675335448000 2097107486.333734750747681 5.340604018518507
3.061690861814000 2228663118.529404640197754 5.349626314814803
3.383491342547000 2202298297.787621498107910 5.358555870370359
1.780527865670000 2118058955.034548521041870 5.364760222222211
3.023130523504000 1553882008.341099977493286 5.369906537037026
3.023130523504000 1955872033.030755519866943 5.375351518518507
3.101215077534000 2138069626.935711145401001 5.379771370370359
1.732876215840000 2227673892.066568374633789 5.384281351851841
3.030842591166000 1571773193.818071603775024 5.389475703703693
1.728625629605000 1963088520.818177223205566 5.394948574074063
3.115675335448000 1557547949.496149539947510 5.400092296296285
1.740214027202000 2040890148.458931684494019 5.405600740740730
3.068447576644000 1571672532.724613904953003 5.410792777777766
3.055878483768000 2001034030.453436374664307 5.416296018518508
3.014479905698000 2193561060.528260231018066 5.420731962962952
3.030842591166000 2136533621.753722667694092 5.425217870370360
3.124358473635000 2138474447.617616176605225 5.429653203703693
3.030842591166000 2227795725.458689212799072 5.434170907407397
3.021249672616000 2159152310.381329536437988 5.438684351851841
3.024070423864000 2138718774.755743503570557 5.443102518518508
3.024070423864000 2137705430.244367122650146 5.447533462962952
3.015418455842000 2138824431.690017223358154 5.451966685185175
3.084827064800000 2138605503.512880802154541 5.456394833333323
3.086745943200000 2183323626.208413600921631 5.460890703703694
3.008641493130000 2193351792.960212707519531 5.465322129629619
1.735351799370000 2144191881.644180059432983 5.469800777777768
3.070357216066000 1910245664.138858556747437 5.485829888888879
3.053028242088000 2125782772.488927364349365 5.494560111111101
3.008641493130000 2131173298.767669677734375 5.504532185185175
3.377885635956000 1728147178.107959985733032 5.515321833333323
3.431870109590000 2118018127.215498447418213 5.521475870370360
1.739592790320000 2181894909.755785465240479 5.525962666666657
3.116644008268000 1525232805.804841995239258 5.531135870370361
3.014479905698000 2036300106.620531558990479 5.536659092592583
3.061690861814000 2158597157.992786407470703 5.541172074074064
3.103143909312000 2182808616.821196556091309 5.545661999999989
3.016355958497000 2237946900.014915943145752 5.550131555555545
3.053978794152000 2158848550.512686252593994 5.554626759259249
3.062642750699000 2182708350.558081626892090 5.559106388888878
3.030842591166000 2191726626.846903800964355 5.563524444444434
3.032727889194000 2137552189.698672771453857 5.568038425925915
1.740835726658000 2138481301.274400949478149 5.572476240740730
1.725543201674000 1558463621.224818706512451 5.577624999999990
3.162930800470000 1492671205.630354881286621 5.582224407407397
3.030842591166000 2081113565.376336336135864 5.587756055555545
3.008641493130000 2169644474.813726902008057 5.592281962962952
3.024070423864000 2137387381.513616561889648 5.596712851851841
3.023130523504000 2138032017.575000762939453 5.601146759259248
3.162930800470000 2138401444.417510032653809 5.605577611111100
3.006770238420000 2255489507.718577384948730 5.610110925925914
3.024070423864000 2169687418.489627838134766 5.614626370370359
1.727392979734000 2138286210.437556028366089 5.619062629629618
3.327002549536000 1558055250.292043447494507 5.624198851851840
3.067493290054000 1866940171.343766927719116 5.629689222222211
3.077114997138000 2146588501.195988416671753 5.644019537037026
3.169659809082000 2185584180.897663593292236 5.652648111111100
3.004899680250000 2262986377.196783065795898 5.661580574074063
1.920940301280000 2133091214.515778064727783 5.670521037037026
3.000927027763000 1812783963.050423622131348 5.680119703703692
1.720671606272000 1957650491.803278684616089 5.685598407407396
3.014479905698000 1557937419.132235050201416 5.690750851851840
1.734732730692000 1961502713.459984064102173 5.696203777777766
3.025011024336000 1554516305.677484273910522 5.701350814814804
3.031784889231000 1962986343.929902076721191 5.706822537037026
3.063595348626000 2138093565.046933412551880 5.711243703703693
3.068447576644000 2182130507.367950916290283 5.715725074074063
3.117613402632000 2192381998.874929428100586 5.720169240740730
3.069402929476000 2237982204.462535381317139 5.724646018518508
3.070357216066000 2203710491.071428775787354 5.729126018518508
1.741456500966000 2193200548.172548770904541 5.733544740740729
1.738971553438000 1556556389.576607942581177 5.738713314814803
3.008641493130000 1492639846.250341892242432 5.743319166666655
1.741456500966000 1962816172.360642910003662 5.748785740740729
1.728008960418000 1558700849.104123115539551 5.753932777777766
3.101215077534000 1492894642.871504545211792 5.758537925925914
3.116644008268000 2041287391.426922082901001 5.764055629629618
3.116644008268000 2248744897.320179939270020 5.768491388888877
3.107963267786000 2248576085.683206558227539 5.772917685185173
1.739592790320000 2248399396.454168319702148 5.777336018518507
1.727392979734000 1571462129.676896572113037 5.782523555555544
3.023130523504000 1491516088.705949544906616 5.787130537037026
3.007706388180000 2151855772.102076530456543 5.802572148148137
1.727392979734000 2128450483.937299966812134 5.808470907407396
3.070357216066000 1851277952.445324182510376 5.818142425925915
3.423092271432000 2128197354.265524148941040 5.828074555555545
1.734114353196000 2207959461.795551300048828 5.837072925925915
3.117613402632000 1532964696.787493705749512 5.842247148148137
1.739592790320000 2039456953.553651571273804 5.847775629629618
3.175395064076000 1566683861.122797489166260 5.852969666666655
3.061690861814000 2081960247.261366605758667 5.858517851851841
3.030842591166000 2213611166.500498294830322 5.863031351851840
3.023130523504000 2137362086.936459779739380 5.867526333333322
3.215932215054000 2138218580.423822879791260 5.871952537037025
3.115675335448000 2317272249.330640792846680 5.876510518518506
3.069402929476000 2269290256.662768363952637 5.881023574074062
3.169659809082000 2203581067.355886936187744 5.885508870370359
1.740214027202000 2282827702.744271278381348 5.890023999999988
3.023130523504000 1578140489.614085197448730 5.895236722222210
3.014479905698000 1962013864.382855176925659 5.900694351851840
3.078071681433000 2138429904.741159200668335 5.905115055555544
3.068447576644000 2183126603.843462944030762 5.909615240740729
1.733495054124000 2193489912.390488147735596 5.914054129629618
3.006770238420000 1564992573.388812065124512 5.919225722222211
3.125330267490000 1962071258.423071622848511 5.924675370370359
3.078071681433000 2224490359.420576572418213 5.929170259259248
3.071312213484000 2188886348.966192245483398 5.933674462962951
3.069402929476000 2190424838.649037837982178 5.938107518518507
1.740214027202000 2027794731.713817119598389 5.942554814814804
3.070357216066000 1971940354.911494255065918 5.957549685185174
3.170645265837000 1988845115.986095666885376 5.964693740740730
3.162930800470000 1786199748.964692831039429 5.975537722222211
3.023130523504000 2229389734.910260677337646 5.984553537037026
3.015418455842000 2108510170.240990400314331 5.993599537037025
3.353705265930000 2137431671.260335683822632 5.998033981481470
1.740214027202000 2121748573.049834728240967 6.002472351851840
3.022189572976000 1557411616.716826677322388 6.007610222222210
3.114705580312000 1954522427.422721624374390 6.013066092592580
3.068447576644000 2226899592.927682399749756 6.017583444444432
3.078071681433000 2190500736.169930934906006 6.022061074074061
3.060737909366000 2192895138.489253520965576 6.026501851851839
3.132072939002000 2192792851.116438865661621 6.030935592592580
3.116644008268000 2236964645.734651088714600 6.035419833333321
3.045318574810000 2248398680.804875850677490 6.039855759259247
3.030842591166000 2159100848.743286132812500 6.044372240740728
3.038554658828000 2138281085.154483795166016 6.048795574074061
3.124358473635000 2138210625.407929420471191 6.053221722222210
3.077114997138000 2227836487.217749118804932 6.057738981481469
3.030842591166000 2203749266.868234634399414 6.062216222222210
3.030842591166000 2148732303.631452083587646 6.066706314814803
1.741456500966000 2138398376.055167436599731 6.071139962962951
1.753651973358000 1558420878.586480855941772 6.076280796296284
3.025011024336000 1492744628.823770761489868 6.080885277777766
3.016355958497000 1962379486.065968513488770 6.086343537037025
1.746309364800000 2138276012.959850549697876 6.090761740740729
3.070357216066000 1556539926.062181234359741 6.095906203703692
3.084827064800000 2000364291.026318550109863 6.101409333333321
3.015418455842000 2068056000.892049551010132 6.105893388888877
3.023130523504000 1651142048.296559810638428 6.121887166666655
3.008641493130000 2128541221.481771707534790 6.127792259259247
3.008641493130000 2126516925.869394779205322 6.136770407407395
3.370173568294000 1694803488.482320547103882 6.147514759259247
1.726776081046000 1716947347.374033689498901 6.158350981481469
3.016355958497000 1533349221.373276472091675 6.163496555555543
1.726776081046000 1949507555.886483907699585 6.168968129629618
3.069402929476000 1558868994.079011201858521 6.174119296296285
3.115675335448000 2001004891.227455615997314 6.179616666666655
3.000927027763000 2238420728.073370456695557 6.184091185185173
3.022189572976000 2159173887.707952022552490 6.188603888888877
3.060737909366000 2137582187.564128637313843 6.193025685185173
3.069402929476000 2182958567.210400581359863 6.197522481481469
3.022189572976000 2193139500.268918991088867 6.201964129629618
1.732876215840000 2148129805.250837326049805 6.206449481481469
3.006770238420000 1558239720.833617687225342 6.211602388888877
3.078071681433000 1961473767.421661853790283 6.217060685185173
3.016355958497000 2183224503.243076324462891 6.221557444444432
3.022189572976000 2148862190.987602233886719 6.226047555555543
1.734114353196000 2138177170.780603885650635 6.230481444444433
3.168673251258000 1558203334.232532978057861 6.235630055555544
3.117613402632000 2081948550.584242343902588 6.241173796296285
3.023130523504000 2258409852.484759807586670 6.245666740740729
3.008641493130000 2159203793.222512722015381 6.250171851851841
1.747557100120000 2138401759.126617670059204 6.254605870370359
3.022189572976000 1558204575.335261583328247 6.259746962962951
3.110863172768001 1886084670.204700708389282 6.265242796296285
3.016355958497000 2239467413.130699634552002 6.279601851851840
3.061690861814000 2129932942.224862575531006 6.285586740740729
3.023130523504000 2189456430.760033130645752 6.294507407407395
3.084827064800000 2197836582.561718940734863 6.303495296296284
3.453930940544000 2163148253.451637744903564 6.312451055555544
3.031784889231000 2192987013.964693069458008 6.316878888888877
1.726159641360000 2124149709.493172168731689 6.321392074074063
3.061690861814000 1543903813.533379554748535 6.326534092592581
3.082907829200000 2000397337.909503698348999 6.332026851851841
3.116644008268000 2193285724.430928230285645 6.336459833333322
3.140763997206000 2236572725.621935844421387 6.340947018518508
3.061690861814000 2248200885.634705066680908 6.345388277777767
3.115675335448000 2159013614.375990867614746 6.349886518518508
3.116644008268000 2228000927.540990352630615 6.354398648148138
1.733495054124000 2247980459.134977817535400 6.358822425925915
3.017294159478000 1570541760.883366346359253 6.364014685185174
1.740835726658000 1963009379.948836565017700 6.369487351851841
3.014479905698000 1558444754.518609762191772 6.374623518518508
3.109896537774000 1961573710.882115364074707 6.380083037037027
3.072266855488000 2227780934.441668987274170 6.384605444444434
3.016355958497000 2203603548.099762439727783 6.389096111111100
3.170645265837000 2148881198.748069763183594 6.393581037037026
3.030842591166000 2272369043.670536041259766 6.398103537037026
3.024070423864000 2169174265.807550430297852 6.402627277777767
3.039499354598000 2138241355.217411518096924 6.407053518518508
3.030842591166000 2137590870.178265571594238 6.411466407407397
3.131099470772000 2138463238.610735416412354 6.415900407407396
3.023130523504000 2224513268.467996597290039 6.420424499999989
1.740835726658000 2015699305.204442739486694 6.424966203703693
3.024070423864000 1973017616.190521955490112 6.440031259259248
3.015418455842000 2079075808.320937633514404 6.446118981481471
3.007706388180000 2169541270.959347724914551 6.455925222222211
3.465949291744000 2165066119.712043762207031 6.464895203703692
3.070357216066000 2162523494.669588565826416 6.473868870370359
3.023130523504000 2151800185.861987113952637 6.478312629629619
3.024070423864000 2147582878.177673816680908 6.482805055555544
3.077114997138000 2133559985.975756883621216 6.488245370370359
3.018232011296000 2183204299.481097221374512 6.492742037037026
3.032727889194000 2148632247.101571559906006 6.497232018518507
3.077114997138000 2137874188.457787275314331 6.501656037037026
3.070357216066000 2183106453.419422626495361 6.506153222222211
3.070357216066000 2192607640.167364120483398 6.510579148148136
3.014479905698000 2193183206.970691680908203 6.514997648148136
1.734114353196000 2147693281.208587169647217 6.519469351851840
3.016355958497000 1558751613.913682222366333 6.524612703703692
3.124358473635000 1963131561.221139430999756 6.530083611111100
3.016355958497000 2227889110.713012218475342 6.534600962962951
3.038554658828000 2159238222.634371280670166 6.539114092592581
3.076157243922000 2137753991.049361944198608 6.543549944444433
3.069402929476000 2183443867.714667320251465 6.548045277777767
1.738971553438000 2193478208.686520099639893 6.552488944444434
3.009577294620000 1565563828.530305862426758 6.557661222222212
3.025011024336000 1962974064.883493423461914 6.563131425925915
3.025011024336000 2137595658.243402719497681 6.567562129629619
3.022189572976000 2138709411.823949813842773 6.571975018518508
3.062642750699000 2079438368.326934814453125 6.576417629629619
3.015418455842000 1661683605.972443342208862 6.592610518518508
3.060737909366000 2127275241.771675586700439 6.598563870370359
3.115675335448000 2152417648.330271244049072 6.607474166666655
3.386650296113000 2178169456.611032962799072 6.616445981481470
1.920940301280000 2152905303.694052696228027 6.625428888888877
3.029899240254000 1558207918.689647912979126 6.630574240740730
3.070357216066000 1915893024.929393768310547 6.636029648148138
3.109896537774000 2182655212.035599231719971 6.640526185185174
3.070357216066000 2238300066.901786327362061 6.645010370370359
3.022189572976000 2202234620.626235008239746 6.649480944444433
1.740835726658000 2148302355.435556888580322 6.653952870370359
3.032727889194000 1558410564.994727611541748 6.659098444444433
3.070357216066000 1962499068.573325395584106 6.664565962962952
3.013542403043000 2182719244.981441497802734 6.669061314814804
3.032727889194000 2148630348.172527313232422 6.673551425925915
1.740835726658000 2128582442.234352588653564 6.678009092592581
1.740835726658000 1558547946.388103485107422 6.683157203703692
3.024070423864000 1492012130.914122343063354 6.687761296296284
3.031784889231000 1962977167.404057502746582 6.693231870370359
3.077114997138000 2138675241.130692958831787 6.697665074074062
3.124358473635000 2182798581.186299800872803 6.702160222222211
1.733495054124000 2238073640.105306148529053 6.706655055555544
1.732257377556000 1570865842.170617818832397 6.711844907407396
3.117613402632000 1493085823.119171380996704 6.716443944444433
3.031784889231000 2041353645.653420448303223 6.721965740740729
3.024070423864000 2158853626.575856685638428 6.726473870370358
1.733495054124000 2138399048.825290679931641 6.730889462962951
3.053978794152000 1466951246.983105421066284 6.736068629629617
3.061690861814000 1666973692.891702175140381 6.751562259259247
3.006770238420000 2181254800.985009670257568 6.757495648148136
3.126301699680000 2151080853.684416294097900 6.766396499999987
3.450510764832000 2240883838.237305641174316 6.775332314814802
3.031784889231000 2177909765.211086750030518 6.784297814814803
3.024070423864000 2122875208.041390419006348 6.788804129629618
3.162930800470000 2125032349.297325849533081 6.793243518518507
3.115675335448000 2264502664.776061058044434 6.797788407407396
3.070357216066000 2258318063.145738601684570 6.802278314814803
1.726159641360000 2203446843.126729488372803 6.806762944444433
2.999994320518000 1563921796.480160474777222 6.811929425925914
3.008641493130000 1963005885.938770055770874 6.817397574074063
3.022189572976000 2137862798.162250757217407 6.821811185185174
3.137834582146000 2130843552.750225543975830 6.826247185185174
3.108929542901000 2227812370.397440910339355 6.830757055555544
3.084827064800000 2248368429.397578239440918 6.835195314814803
3.008641493130000 2203017447.108428955078125 6.839688259259248
3.023130523504000 2148876738.996836185455322 6.844178129629618
3.024070423864000 2138775442.685815334320068 6.848611296296284
3.014479905698000 2138279610.267155647277832 6.853030277777766
3.069402929476000 2138265766.179924726486206 6.857461351851840
3.037608907532000 2138204796.112844944000244 6.861882370370359
1.740214027202000 2138285754.838278770446777 6.866318444444433
3.008641493130000 1557722775.489019393920898 6.871456277777766
1.739592790320000 1962958578.434702396392822 6.876908796296285
1.740214027202000 1559011627.614235162734985 6.882057777777766
3.024070423864000 1492776617.416160106658936 6.886657592592581
3.023130523504000 1956304536.622455120086670 6.892137685185173
3.024070423864000 2212537642.185547828674316 6.907346685185173
3.017294159478000 2067767497.294152021408081 6.913266648148136
3.153253916702000 1898227166.977391481399536 6.923845259259247
3.546446947880000 2203732942.902600765228271 6.932819203703692
3.139787404369000 1774158466.836554288864136 6.943821388888876
3.116644008268000 2223184537.441304683685303 6.948317314814802
3.023130523504000 2234806956.739602565765381 6.952752129629617
3.125330267490000 2150911776.335299015045166 6.957248277777765
3.108929542901000 2227242429.469015598297119 6.961757722222210
1.726159641360000 2248104502.998516559600830 6.966188925925914
3.008641493130000 1571064910.731591701507568 6.971348148148135
3.015418455842000 1962123938.741520166397095 6.976818592592580
3.007706388180000 2137905680.609158515930176 6.981257018518506
3.009577294620000 2138233383.571966886520386 6.985680351851840
3.017294159478000 2138412259.977882862091064 6.990101240740729
3.008641493130000 2138298892.464579820632935 6.994532166666655
3.100251200124000 2138397692.810348033905029 6.998953129629618
3.124358473635000 2226956349.824858188629150 7.003467981481470
3.061690861814000 2248606014.811598777770996 7.007903944444433
3.038554658828000 2203837500.463472366333008 7.012398999999988
3.086745943200000 2148935015.476430892944336 7.016892092592580
3.014479905698000 2182088392.603480815887451 7.021389703703691
3.061690861814000 2148619053.906843185424805 7.025877555555542
3.062642750699000 2183198541.482770919799805 7.030367148148135
3.070357216066000 2183446848.823294639587402 7.034824037037024
3.069402929476000 2193185317.905105590820312 7.039268351851838
3.070357216066000 2192532977.557694911956787 7.043696166666653
3.023130523504000 2192499880.950889110565186 7.048129444444430
3.177371876744000 1938500332.815620183944702 7.052636444444430
1.732876215840000 1667881035.692518234252930 7.068709425925912
3.100251200124000 1480518166.898270130157471 7.074892833333319
3.044371481335000 2147419240.543558835983276 7.082952203703689
1.734114353196000 2204544934.144291877746582 7.091854944444430
3.438511605988000 1662587988.425024986267090 7.101703777777764
3.002793484384000 2140794780.956975221633911 7.109074222222208
3.000927027763000 2126761276.690574884414673 7.113561518518504
3.023130523504000 2125494525.341460704803467 7.117991018518504
3.114705580312000 2128212340.439751386642456 7.122424499999985
1.740835726658000 2227523744.316574573516846 7.126941370370355
3.015418455842000 1570961991.124831199645996 7.132124370370355
3.031784889231000 1961803797.253771781921387 7.137586407407392
3.007706388180000 2138367545.337139368057251 7.142017203703689
3.099286245756000 2136788267.329017400741577 7.146430962962948
3.016355958497000 2227570222.941713333129883 7.150938037037022
3.024070423864000 2158298872.542787075042725 7.155453277777763
3.028956942189000 2138554488.521240949630737 7.159876907407392
1.740835726658000 2138841633.341403961181641 7.164313166666652
3.060737909366000 1558832148.868524312973022 7.169462129629615
3.070357216066000 2001950934.674181938171387 7.174942351851837
2.999994320518000 2192841206.444235324859619 7.179347092592578
3.061690861814000 2149132409.377258777618408 7.183829962962949
3.023130523504000 2183451012.866306781768799 7.188324907407393
3.116644008268000 2148924264.033041000366211 7.192817611111098
3.116644008268000 2227789957.633896350860596 7.197332925925912
1.746933000280000 2248371913.793319702148438 7.201758981481468
1.726776081046000 1571668586.992171287536621 7.206953574074060
3.007706388180000 1393086540.548922300338745 7.211730611111097
3.039499354598000 2088426659.509088993072510 7.227737129629616
1.732876215840000 2125625798.083971977233887 7.233648277777764
3.009577294620000 1632750266.283371210098267 7.243349722222209
3.394364761480000 1919552645.169590234756470 7.253425740740727
3.076157243922000 2122632234.461234569549561 7.262314203703690
3.029899240254000 2181673840.520245075225830 7.266804962962950
3.094462808058000 2131377403.846153736114502 7.271288518518506
3.062642750699000 2162689659.432524681091309 7.275785370370357
1.740214027202000 2193222371.360923290252686 7.280227888888876
3.029899240254000 1564801226.333907127380371 7.285392333333321
3.016355958497000 1962011977.674267053604126 7.290846925925913
3.123387403110000 2138016056.339205026626587 7.295280388888876
3.125330267490000 2226501752.370008468627930 7.299792796296283
3.030842591166000 2248291279.449440002441406 7.304216574074061
3.124358473635000 2159134353.692450046539307 7.308711481481468
3.030842591166000 2228138779.539705276489258 7.313213425925913
3.031784889231000 2159133502.644287109375000 7.317726999999986
3.023130523504000 2138350399.919765233993530 7.322158444444431
3.024070423864000 2138409659.299876213073730 7.326589407407393
3.016355958497000 2138380095.084507942199707 7.331010425925912
1.747557100120000 2137154777.622694253921509 7.335428592592579
3.123387403110000 1558818295.026741504669189 7.340573888888875
1.741456500966000 2041771593.805728673934937 7.346087944444431
3.022189572976000 1571871800.907301187515259 7.351280388888876
3.024070423864000 1962445454.053029537200928 7.356750462962950
3.030842591166000 2138549403.548635005950928 7.361184092592580
3.138811538434000 2138476766.727369070053101 7.365597462962950
1.734114353196000 2168314742.914307594299316 7.370114259259246
3.123387403110000 1993933345.093400239944458 7.385126351851839
3.014479905698000 2144091546.631922245025635 7.391294833333320
3.029899240254000 1913367194.190305233001709 7.402777555555542
3.507898611490000 2132933774.043748617172241 7.411618499999987
3.035719164150000 2171119923.130936145782471 7.420638166666654
3.022189572976000 2149426409.477144718170166 7.425116777777765
3.023130523504000 2104875478.591626882553101 7.429556888888876
3.024070423864000 2128062854.560971736907959 7.433983333333321
3.030842591166000 2137538691.137446880340576 7.438400796296284
3.032727889194000 2138087204.812336206436157 7.442836925925914
3.023130523504000 2138218874.938773393630981 7.447260388888877
3.016355958497000 2136708014.135220289230347 7.451693759259247
3.077114997138000 2138479748.930195331573486 7.456125166666655
1.740214027202000 2182928584.710359573364258 7.460606777777766
3.024070423864000 1560823384.945851802825928 7.465779462962951
3.024070423864000 1962576369.423725605010986 7.471236611111099
1.732257377556000 2137569693.140114307403564 7.475661962962951
1.732257377556000 1558858147.933446884155273 7.480805166666655
1.739592790320000 1492667033.872750997543335 7.485411185185173
3.008641493130000 1493917759.580003976821899 7.491012648148136
3.007706388180000 1962198159.320093154907227 7.496479629629617
3.009577294620000 2138318489.374498605728149 7.500913407407395
1.740214027202000 2138437939.637692689895630 7.505352037037024
3.007706388180000 1558773625.565773963928223 7.510490851851839
3.008641493130000 1961146653.203125476837158 7.515955999999987
3.155216335103000 2138485626.425119876861572 7.520382203703690
3.108929542901000 2272682289.404456615447998 7.524901574074060
3.031784889231000 2251024314.191321372985840 7.529391407407394
3.076157243922000 2175951752.960297107696533 7.543748074074061
3.024070423864000 2173763653.697452545166016 7.549711388888875
3.029899240254000 2132915781.506034612655640 7.558616796296283
3.024070423864000 2132472847.987265825271606 7.567458648148135
3.028956942189000 1997835423.577959299087524 7.581190870370357
3.023130523504000 2116098415.450400590896606 7.585634240740727
3.022189572976000 2135188914.155055999755859 7.590056296296282
1.740214027202000 2137799397.439116477966309 7.594481851851838
3.017294159478000 1552181146.703873634338379 7.599631555555542
3.015418455842000 1962658378.862030982971191 7.605095481481468
3.049109065120001 2138132890.531779050827026 7.609534111111097
3.077114997138000 2138182100.712212085723877 7.613967351851838
1.721285190144000 2182625160.160675525665283 7.618462259259245
3.169659809082000 1564631756.103499889373779 7.623633851851838
1.740835726658000 2081460820.564644336700439 7.629167981481467
3.009577294620000 1578041332.144974946975708 7.634383185185171
3.025011024336000 1960979588.372874736785889 7.639838499999986
3.030842591166000 2138199214.608121395111084 7.644257148148133
3.082907829200000 2138733244.258872509002686 7.648692333333319
3.117613402632000 2183445608.220906257629395 7.653184944444430
3.129151446638000 2220795907.018129348754883 7.657680444444430
3.037608907532000 2248423291.139240741729736 7.662105907407392
3.039499354598000 2159108536.079425334930420 7.666614222222207
3.031784889231000 2138432127.794885396957397 7.671040296296281
3.039499354598000 2137727784.534751176834106 7.675471018518504
3.220636067550000 2138503114.354418516159058 7.679906870370356
3.053978794152000 1918335463.953750848770142 7.684333796296282
3.023130523504000 2148118719.229023456573486 7.698653296296282
3.085786146800000 2123560651.424564599990845 7.704621981481467
1.739592790320000 2172399319.320816993713379 7.713534648148133
3.024070423864000 1848986701.922334432601929 7.723129462962948
3.038554658828000 1709618005.857002735137939 7.733588611111096
3.529895717964000 2136490049.283322572708130 7.738018777777762
3.131099470772000 2212568477.190679550170898 7.742532851851837
3.124358473635000 2235194168.599896430969238 7.746971148148133
1.740214027202000 2246703110.580316066741943 7.751405833333318
3.085786146800000 1570433734.080380201339722 7.756598296296281
3.030842591166000 2001300705.901389360427856 7.762091666666652
3.061690861814000 2146106048.872118473052979 7.766587148148133
3.101215077534000 2182975403.763520717620850 7.771086481481467
3.000927027763000 2237241095.664370059967041 7.775575555555541
1.739592790320000 2146512827.832583665847778 7.780116462962948
3.029899240254000 1558507471.818718433380127 7.785261722222208
1.740835726658000 1962841347.573329687118530 7.790718444444430
3.069402929476000 1558060270.952729225158691 7.795859425925912
3.016355958497000 2001940077.226316213607788 7.801360333333319
3.024070423864000 2148695451.104649066925049 7.805837203703690
3.039499354598000 2138250610.802751302719116 7.810271259259245
3.032727889194000 2138420615.163564682006836 7.814704888888875
3.031784889231000 2132715590.046027421951294 7.819138629629616
3.024070423864000 2137577559.553235769271851 7.823558888888875
1.746933000280000 2138429059.392039299011230 7.827977425925912
3.024070423864000 1558823500.167518615722656 7.833117814814801
1.903506043495000 1963013986.676776409149170 7.838588629629616
3.016355958497000 1469995274.186676740646362 7.843761166666653
3.139787404369000 1674800764.487642288208008 7.860078074074060
3.114705580312000 2182524439.975944995880127 7.867961333333319
3.077114997138000 2242893266.547465801239014 7.876826962962949
3.501278718548000 2204939528.859386444091797 7.885748574074060
3.006770238420000 2227864124.270175457000732 7.891952499999986
3.031784889231000 2122710040.583380937576294 7.896456259259246
3.029899240254000 2138045353.746695756912231 7.900890537037023
3.016355958497000 2137885330.004967451095581 7.905326777777764
3.079986118944000 2138213164.233561515808105 7.909762759259245
3.064547592032000 2164698082.164667129516602 7.914253740740727
1.732876215840000 2192691044.963052749633789 7.918689481481468
3.023130523504000 1564449910.653856039047241 7.923860796296283
1.719443066880000 1963390909.090909004211426 7.929328203703690
3.117613402632000 1558047116.410958528518677 7.934480925925913
3.122415247590000 2040244542.013625860214233 7.939985092592579
3.077114997138000 2248654455.891178607940674 7.944428648148135
3.113736907492000 2203595942.100705146789551 7.948919203703690
3.102179672916000 2237966655.818341255187988 7.953414407407394
3.085786146800000 2203438760.367371559143066 7.957906777777765
1.740214027202000 2193257431.745859146118164 7.962335351851840
3.015418455842000 1564235254.898305892944336 7.967501537037025
1.742077969135000 1962849770.467107057571411 7.972959481481469
3.155216335103000 1559106349.869602203369141 7.978100444444432
1.740214027202000 2081137113.102882385253906 7.983652092592580
3.014479905698000 1577383259.880579948425293 7.988862462962951
3.024070423864000 1867846397.584284305572510 7.994332814814802
3.154235673758000 2131359838.071809053421021 8.009199944444433
1.738971553438000 2266310210.425043582916260 8.015205425925915
3.015418455842000 1822916860.428339481353760 8.024866333333323
3.547551124520000 1938872202.529981136322021 8.035006944444435
3.014479905698000 2200787518.352937221527100 8.043987240740732
3.021249672616000 2151005126.103792190551758 8.048506592592584
1.733495054124000 2100071915.623006105422974 8.052946981481474
3.131099470772000 1553260029.140359401702881 8.058094481481474
3.078071681433000 2040606554.851501226425171 8.063623888888880
3.017294159478000 2203837387.710658550262451 8.068113777777770
1.746933000280000 2148408379.297816753387451 8.072599259259251
3.031784889231000 1558280853.729666709899902 8.077742703703695
3.162930800470000 1962959166.807790040969849 8.083210296296288
3.070357216066000 2271368506.017024040222168 8.087752962962956
3.077114997138000 2214247684.064558982849121 8.092266777777770
3.115675335448000 2193370733.237157344818115 8.096695388888881
3.124358473635000 2238202848.692595958709717 8.101184777777769
3.016355958497000 2248147496.865858554840088 8.105616259259250
3.023130523504000 2159064867.883008003234863 8.110126851851843
3.024070423864000 2138450479.726991891860962 8.114560314814806
3.014479905698000 2138568561.872909784317017 8.118978870370361
3.016355958497000 2137716764.841642618179321 8.123351888888880
3.030842591166000 2138481934.544787168502808 8.127792018518511
1.740835726658000 2138492512.618593692779541 8.132213037037030
3.016355958497000 1557858313.273820638656616 8.137359759259251
3.025951274752000 1955521784.709447145462036 8.142835907407399
3.038554658828000 2138342777.694273233413696 8.147271240740732
3.076157243922000 2018509376.133705377578735 8.151712185185177
3.030842591166000 2146186478.720493555068970 8.166670499999992
3.132072939002000 2138516616.438921689987183 8.174744833333325
3.015418455842000 2224327299.372523307800293 8.183716685185177
3.363506900012000 2133162518.265143394470215 8.192638759259250
1.726776081046000 2119943012.359092712402344 8.198774592592583
3.116644008268000 1534379663.554630994796753 8.203919888888880
3.201503127305000 2031517971.152364492416382 8.209448296296287
3.116644008268000 2104774798.133195161819458 8.213947962962953
1.740214027202000 2237206495.716634750366211 8.218442092592582
3.023130523504000 1570487967.699672698974609 8.223629518518509
3.023130523504000 1962960381.573550224304199 8.229092277777768
3.023130523504000 2137979145.160548686981201 8.233523259259250
1.734114353196000 2138041942.318863391876221 8.237954388888880
3.023130523504000 1558792839.518606185913086 8.243103018518511
1.740835726658000 1962362693.668415307998657 8.248567685185177
1.727392979734000 1558463923.312751054763794 8.253714129629621
3.162930800470000 1492758758.122046232223511 8.258314092592585
3.100251200124000 2072680398.467023611068726 8.263861277777769
3.117613402632000 2259033135.656041145324707 8.268357944444436
1.740214027202000 2248274991.841618537902832 8.272784203703695
1.732876215840000 1571765618.978289604187012 8.277973759259250
2.999994320518000 1492778526.945914983749390 8.282576944444436
3.063595348626000 1961950237.955516099929810 8.288036259259250
1.733495054124000 2183402047.072784423828125 8.292530481481473
3.016355958497000 1565362038.702096939086914 8.297700074074065
3.053978794152000 1962719860.683952331542969 8.303155296296287
3.023130523504000 2178638903.857149600982666 8.307657277777770
1.734114353196000 2178297674.839878082275391 8.321969314814806
3.053978794152000 1735644798.034296512603760 8.328782444444435
2.999060571142000 1975544361.660860061645508 8.338950759259250
3.492479276934000 2148337355.510410308837891 8.347856629629620
3.116644008268000 2198984068.831529617309570 8.356864129629619
3.021249672616000 2202453366.795624256134033 8.361306203703693
1.740835726658000 2158371982.795733928680420 8.365822740740731
3.015418455842000 1558545197.811341762542725 8.370963722222212
3.084827064800000 1957414104.894725561141968 8.376423870370360
3.078071681433000 2183052165.720377922058105 8.380905314814804
3.070357216066000 2192160120.015001773834229 8.385349203703692
3.077114997138000 2193203045.155907630920410 8.389788555555544
3.016355958497000 2192128818.255024433135986 8.394226907407395
3.014479905698000 2148700522.741100311279297 8.398701185185173
3.021249672616000 2137937941.397445440292358 8.403137851851840
3.071312213484000 2137523059.532780885696411 8.407561185185173
1.732876215840000 2183254105.427290439605713 8.412050499999989
3.025011024336000 1565026439.516649246215820 8.417218129629619
3.014479905698000 1962211930.782314538955688 8.422672740740730
3.024070423864000 2138522161.444968938827515 8.427111129629619
1.732876215840000 2137628752.398267507553101 8.431531759259249
1.740835726658000 1558724309.675001382827759 8.436670240740730
3.015418455842000 1492784482.134671688079834 8.441275685185174
3.031784889231000 1963263479.827674865722656 8.446743388888878
3.078071681433000 2138594265.376710653305054 8.451176499999990
1.922312810132000 2182499274.454600811004639 8.455655888888879
3.077114997138000 1477931516.372256994247437 8.460850425925916
3.024070423864000 2166047014.287163734436035 8.476181462962952
3.121444177065000 2068416108.590544939041138 8.482148833333323
3.016355958497000 1810143137.737467050552368 8.493962370370360
3.393309771280000 2165765608.094944000244141 8.502897074074063
3.085786146800000 2154958143.452980041503906 8.511910222222211
3.070357216066000 2178152768.183163642883301 8.516413777777766
3.031784889231000 2144823318.886946678161621 8.520853351851839
3.099286245756000 2143023497.184221744537354 8.525335370370357
3.132072939002000 2171755550.818274497985840 8.529852555555541
3.033670538208000 2237520646.652411937713623 8.534347499999985
3.078071681433000 2158726164.516076087951660 8.538865351851836
3.170645265837000 2181304358.587234020233154 8.543354574074058
3.168673251258000 2282980309.695366382598877 8.547854814814800
1.734114353196000 2297895615.569967269897461 8.552289277777763
3.030842591166000 1578131073.646850109100342 8.557506870370355
3.037608907532000 1963213335.862400531768799 8.562974166666653
3.031784889231000 2137829334.190242052078247 8.567353962962949
3.030842591166000 2138470184.005839824676514 8.571768074074059
3.077114997138000 2138751730.612756013870239 8.576206129629615
3.030842591166000 2183156873.812888622283936 8.580700777777762
3.124358473635000 2148663038.855835914611816 8.585186018518502
3.106995913034000 2227645333.333333492279053 8.589686018518503
3.124358473635000 2248504832.757308006286621 8.594111833333317
1.747557100120000 2247920090.703327178955078 8.598538148148132
3.115675335448000 1570885624.456390142440796 8.603733185185169
3.015418455842000 2041877350.530376195907593 8.609263851851836
3.078071681433000 2159001399.152302742004395 8.613777166666651
2.993212562396000 2182087292.572105884552002 8.618276722222207
3.016355958497000 2136702153.053291559219360 8.633497999999985
3.084827064800000 2126313145.140638828277588 8.639355537037023
3.023130523504000 2155938066.474653720855713 8.648286259259246
1.915591436670000 2148551350.542647838592529 8.657198314814801
3.069402929476000 1623464785.220917701721191 8.667002962962949
3.106995913034000 2000167314.664269924163818 8.672504240740727
3.030842591166000 2193323989.739395618438721 8.676987407407394
3.039499354598000 2136225851.277069568634033 8.681505129629615
1.746309364800000 2137993388.263749599456787 8.685930481481467
1.748804138900000 1558485722.832295894622803 8.691068833333318
3.062642750699000 1491621129.428609371185303 8.695673259259245
3.006770238420000 2001101369.807579517364502 8.701164703703689
3.022189572976000 2148511952.495592117309570 8.705649277777763
3.037608907532000 2138144424.314779520034790 8.710085537037022
3.124358473635000 2137886587.973404407501221 8.714511222222207
3.038554658828000 2227471058.661496639251709 8.719028981481467
3.030842591166000 2158250236.623567104339600 8.723529018518503
3.116644008268000 2138423926.927635431289673 8.727950814814800
1.746933000280000 2227889431.601759910583496 8.732462518518505
3.107963267786000 1571796751.680534362792969 8.737652666666653
1.739592790320000 2041681466.280190706253052 8.743166240740727
3.192796012068000 1571041121.575281620025635 8.748361314814801
1.747557100120000 2082217227.189442873001099 8.753910037037024
1.728008960418000 1576703804.579718351364136 8.759118185185171
3.123387403110000 1491849548.864006996154785 8.763717685185171
3.077114997138000 2041746388.356874465942383 8.769238666666652
1.748180271240000 2202005483.031959533691406 8.773717129629615
3.010512747840000 1452433670.910390853881836 8.778923074074060
1.747557100120000 1651379685.267174005508423 8.795808648148133
3.048161618910000 1481985844.556635379791260 8.801923296296282
3.061690861814000 2173949842.283577919006348 8.811909574074059
3.388756657184000 2155879956.703262805938721 8.820891518518504
3.340363503911000 2137894699.629110574722290 8.829848962962949
1.747557100120000 2111059367.321482658386230 8.834288055555541
3.016355958497000 1541995722.479665517807007 8.839431222222208
3.014479905698000 1958667612.021118164062500 8.844903074074059
3.170645265837000 2138093434.766580581665039 8.849323666666653
3.007706388180000 2272326037.667897224426270 8.853848592592579
3.016355958497000 2169498489.944542407989502 8.858379944444431
1.739592790320000 2138438884.619240045547485 8.862813574074060
1.726159641360000 1557816607.949510335922241 8.867954351851838
3.023130523504000 1489108400.484372615814209 8.872557481481467
1.727392979734000 1962759201.332466602325439 8.878027703703689
3.006770238420000 1557635772.451299190521240 8.883176296296281
3.068447576644000 1957234441.978278875350952 8.888641203703688
3.070357216066000 2173278604.985126495361328 8.893154629629615
3.015418455842000 2193181861.754225254058838 8.897597870370356
3.070357216066000 2148256698.411386966705322 8.902079999999986
3.123387403110000 2183034594.643810272216797 8.906554574074059
1.735351799370000 2150470942.032572746276855 8.911043685185170
3.014479905698000 1490732240.951298713684082 8.916161055555541
3.000927027763000 1963294955.702499389648438 8.921633314814800
3.010512747840000 2138430880.971761226654053 8.926069703703689
3.365980038508000 2138329982.550324201583862 8.930505740740726
3.076157243922000 2088958640.226629018783569 8.935048981481467
3.132072939002000 2222855609.496196746826172 8.949368944444430
3.015418455842000 2237431318.195222854614258 8.955334592592578
3.077114997138000 2179859703.421396255493164 8.964333518518504
1.908870063208000 2113304052.467898368835449 8.973247611111097
3.007706388180000 1479814732.581371068954468 8.983239574074059
3.030842591166000 1961589368.204107761383057 8.988711629629615
3.015418455842000 2102823076.955303192138672 8.993131944444430
3.022189572976000 2132240439.213326692581177 8.997564111111096
3.053978794152000 2137674404.567289590835571 9.001981999999986
1.732257377556000 2181574639.607423305511475 9.006461425925911
3.114705580312000 1564557567.245092153549194 9.011629777777763
3.001860429762000 2042011934.254327058792114 9.017153870370356
3.108929542901000 2158979907.188196182250977 9.021667185185171
1.740214027202000 2224525587.102015972137451 9.026180092592579
3.008641493130000 1570542341.240464687347412 9.031358259259246
3.015418455842000 1962845112.302151679992676 9.036813944444431
3.078071681433000 2124471362.491068363189697 9.041245777777764
1.740835726658000 2182814910.544143199920654 9.045745203703691
3.017294159478000 1565200190.558745384216309 9.050915185185172
3.075200559627000 1962730358.116275310516357 9.056384648148136
3.021249672616000 2183466128.075897216796875 9.060881981481469
3.030842591166000 2148840587.958724021911621 9.065372092592581
3.047213819965000 2138410199.834516048431396 9.069803537037025
3.024070423864000 2138446952.974846601486206 9.074216462962951
3.121444177065000 2138418594.543995857238770 9.078647870370359
3.069402929476000 2228023445.543254852294922 9.083162666666656
1.916958383025000 2202851598.494561195373535 9.087640259259249
3.131099470772000 1562416076.259178161621094 9.092815592592583
3.061690861814000 1685248219.251451969146729 9.108305333333323
3.067493290054000 2189443863.064314365386963 9.114279481481471
3.124358473635000 2220679938.136315345764160 9.123235851851842
3.495739780674000 2182138807.007353782653809 9.132162981481471
3.079029078342000 1956906779.734020709991455 9.142911518518508
3.085786146800000 2201782407.503821372985840 9.147357648148137
1.727392979734000 2140500776.229029417037964 9.151795055555544
3.008641493130000 1564390469.778468608856201 9.156966129629618
3.029899240254000 1962451971.462286472320557 9.162427388888878
3.023130523504000 2137907576.882891178131104 9.166840666666655
3.123387403110000 2138250857.872809648513794 9.171276703703692
3.108929542901000 2226396713.942366600036621 9.175791851851839
3.093500612167000 2248297178.015935420989990 9.180210203703691
3.078071681433000 2203925256.323191165924072 9.184682277777766
3.038554658828000 2193584464.674615859985352 9.189120907407395
1.734114353196000 2148716324.838846683502197 9.193611111111098
1.740835726658000 1558798157.665222644805908 9.198749518518506
1.739592790320000 1492842356.123796463012695 9.203349666666654
3.161947741420000 1491762596.930403232574463 9.207953962962950
3.017294159478000 2082331308.270676612854004 9.213495629629616
3.024070423864000 2169801521.279905796051025 9.218019111111097
3.022189572976000 2138554096.362406969070435 9.222455296296282
3.078071681433000 2138557160.330412387847900 9.226876259259244
3.107963267786000 2182778317.346040248870850 9.231357055555540
3.078071681433000 2238134891.082889556884766 9.235838037037022
3.178359731204000 2204096439.867537498474121 9.240322888888873
3.038554658828000 2283148786.060305118560791 9.244837574074058
1.740214027202000 2157291584.825414180755615 9.249400759259244
3.068447576644000 1946764631.505413770675659 9.265306314814799
3.162930800470000 2042222758.481106996536255 9.272443092592576
3.023130523504000 2233281426.420385360717773 9.281371944444428
3.385597703618000 2181083102.355764865875244 9.290338129629614
3.077114997138000 2136232598.912739992141724 9.299358425925909
3.005835133470000 2182112079.516374588012695 9.303852259259243
3.014479905698000 2123123384.331310987472534 9.308345296296279
3.017294159478000 2120880337.268974542617798 9.312773018518502
3.023130523504000 2137830452.668001413345337 9.317193722222205
3.039499354598000 2138221545.967833042144775 9.321611666666650
1.740214027202000 2138304825.357862949371338 9.326047722222205
3.015418455842000 1558972506.909258365631104 9.331193796296279
3.030842591166000 1962063370.617475509643555 9.336658999999983
3.022189572976000 2138188284.798290014266968 9.341095148148131
1.734732730692000 2138339073.835798501968384 9.345513611111095
3.024070423864000 1558715817.897067546844482 9.350657222222205
3.126301699680000 1962441402.108785867691040 9.356124648148130
3.006770238420000 2228040881.987220764160156 9.360637185185167
3.030842591166000 2159388061.785066127777100 9.365147444444426
3.016355958497000 2138063282.205898761749268 9.369582018518500
3.031784889231000 2138457502.157357215881348 9.374002722222203
3.025951274752000 2138359197.645536422729492 9.378438740740721
3.071312213484000 2138416385.248094320297241 9.382869555555535
3.015418455842000 2157176115.314482688903809 9.387358407407387
3.024070423864000 2148778075.230273723602295 9.391847833333312
1.740214027202000 2138901128.373946666717529 9.396280629629608
3.047213819965000 1558653718.159038066864014 9.401416833333311
3.130124914868000 1960278653.447675704956055 9.406895296296273
1.746309364800000 2136989493.599237203598022 9.421225185185163
3.078071681433000 1476664292.246814727783203 9.427360537037014
3.032727889194000 2125535857.579470396041870 9.438363944444422
3.414320420839000 2148467119.076184749603271 9.447254611111088
3.092539132462000 2120947006.257072687149048 9.456157129629606
3.015418455842000 2133854666.302919149398804 9.460637240740716
1.800684784904000 2148161267.474370956420898 9.465108074074049
3.114705580312000 1559148677.974153280258179 9.470253796296271
3.115675335448000 2035922512.204847335815430 9.475780592592567
3.016355958497000 2248523280.261832237243652 9.480210907407383
2.999060571142000 2159230875.411331176757812 9.484718629629604
3.078071681433000 2137088682.513512849807739 9.489155388888864
1.738971553438000 2186226951.168860912322998 9.494639518518493
3.016355958497000 1563865247.516248226165771 9.499813888888864
1.728008960418000 1963096784.036126375198364 9.505276222222198
3.169659809082000 1558720233.826237678527832 9.510414574074050
3.106995913034000 2079871597.336099863052368 9.515948092592568
3.022189572976000 2258953596.143572330474854 9.520419703703679
3.016355958497000 2159237531.921904563903809 9.524915629629605
3.007706388180000 2138570068.084039926528931 9.529349148148125
3.071312213484000 2138419136.452534914016724 9.533780481481458
1.727392979734000 2183298244.457537174224854 9.538275240740717
3.025011024336000 1564752581.823390483856201 9.543446722222198
3.022189572976000 1963298496.235506057739258 9.548912018518495
3.154235673758000 2138632274.546964883804321 9.553348148148125
3.168673251258000 2271484354.341119289398193 9.557886148148125
3.076157243922000 2157485832.238693714141846 9.562326981481458
3.006770238420000 2146733929.161847352981567 9.576721296296274
3.053028242088000 2126482602.245052099227905 9.582675129629607
1.739592790320000 2173516675.885991096496582 9.591580203703680
1.929034183594000 1878552750.218514919281006 9.601241388888866
3.030842591166000 1809090157.506893634796143 9.611939333333311
1.726159641360000 1944601957.335927724838257 9.617383240740718
3.030842591166000 1535829782.329146623611450 9.622524370370348
1.740835726658000 1955830839.905683279037476 9.627990592592571
3.116644008268000 1558935992.895689487457275 9.633141351851830
3.028956942189000 2033424287.525125980377197 9.638678259259237
3.024070423864000 2158141308.371239662170410 9.643180888888866
3.023130523504000 2135955719.280094146728516 9.647619740740717
3.032727889194000 2138335897.949977636337280 9.652053296296273
1.726159641360000 2138398641.053602695465088 9.656468481481458
3.133047132348000 1558542351.645028114318848 9.661611925925902
3.024070423864000 2041517138.029529094696045 9.667135703703680
3.123387403110000 2158357415.290730476379395 9.671651148148126
1.740835726658000 2228015177.267022132873535 9.676151055555533
3.076157243922000 1571603417.131351709365845 9.681338425925903
3.038554658828000 2000481909.644474744796753 9.686821703703680
1.733495054124000 2148836820.394663333892822 9.691306537037013
3.047213819965000 1558569181.767468452453613 9.696451999999976
3.109896537774000 1962790041.521904945373535 9.701915425925902
3.017294159478000 2210855014.454080581665039 9.706412425925903
3.107963267786000 2159201151.289452552795410 9.710922666666644
3.022189572976000 2227361900.230515003204346 9.715437518518495
3.031784889231000 2156150217.439374923706055 9.719959851851829
3.025011024336000 2135119526.682544231414795 9.734220111111089
1.733495054124000 2126160167.039223432540894 9.740126907407385
3.039499354598000 1633693907.620939731597900 9.749867370370348
3.401021838942000 2110119882.460092544555664 9.759748962962940
3.031784889231000 2044547383.229220628738403 9.770806555555533
1.739592790320000 2015015952.827170133590698 9.775668111111088
3.039499354598000 1543023545.407458543777466 9.780816555555532
3.115675335448000 1957016863.080990791320801 9.786286537037013
3.023130523504000 2227522128.692737102508545 9.790794259259235
3.071312213484000 2158776627.279669284820557 9.795304740740717
1.738971553438000 2179953076.567961692810059 9.799797481481457
3.038554658828000 1565321703.261289834976196 9.804969259259234
3.062642750699000 1961386047.837343454360962 9.810426796296271
1.732876215840000 2182946488.542078018188477 9.814926351851827
1.734114353196000 1564344014.191767930984497 9.820093666666642
1.719443066880000 1492774897.538099050521851 9.824697907407383
3.047213819965000 1492872102.755601406097412 9.829299981481457
3.024070423864000 1997941435.825706243515015 9.834781148148123
3.053028242088000 2148915797.689794540405273 9.839265277777752
3.014479905698000 2182349622.402860641479492 9.843760074074048
3.015418455842000 2149043342.618384361267090 9.848247574074048
3.023130523504000 2138571922.917789936065674 9.852678629629603
1.728008960418000 2138611719.591969728469849 9.857111851851824
3.114705580312000 1559099269.578747034072876 9.862253481481455
2.992282252856000 2040292641.617856264114380 9.867764203703677
3.030842591166000 2159141290.237770557403564 9.872272129629604
3.021249672616000 1910674035.092126131057739 9.876695407407382
3.005835133470000 2135701096.306714534759521 9.881119351851826
3.133047132348000 2134538292.630955457687378 9.895372166666641
1.739592790320000 2232821787.992681026458740 9.901363574074049
3.024070423864000 1822822413.309295654296875 9.910998722222196
3.439582177252000 2140213420.954549551010132 9.920985592592567
3.061690861814000 1969801957.421252727508545 9.931901314814789
3.007706388180000 2183971217.795368194580078 9.936336925925900
3.031784889231000 2118693053.311793327331543 9.940830407407383
3.008641493130000 2136394779.867358684539795 9.945247777777753
3.108929542901000 2138036812.481980085372925 9.949679648148123
3.024070423864000 2226239696.014493942260742 9.954197407407383
1.733495054124000 2158344331.266607761383057 9.958713407407384
3.124358473635000 1549516403.087385892868042 9.963859796296273
1.732876215840000 2042006716.808108568191528 9.969384907407385
1.734114353196000 1571125646.016750812530518 9.974569814814792
1.726776081046000 1492856471.440355777740479 9.979171944444422
3.017294159478000 1492138068.330350399017334 9.983776481481460
3.071312213484000 1962971311.433750867843628 9.989241944444423
3.070357216066000 2183166505.540268898010254 9.993724277777757
3.116644008268000 2193292329.320797443389893 9.998150222222201
3.100251200124000 2226967471.281859397888184 10.002652796296275
3.029899240254000 2248155891.964990139007568 10.007089629629608
3.030842591166000 2158122778.595367431640625 10.011581907407386
3.077114997138000 2138565220.837626695632935 10.016020814814794
1.734732730692000 2183484855.099023342132568 10.020517499999979
1.727392979734000 1565417760.008605718612671 10.025682037037017
3.070357216066000 1492537105.546005964279175 10.030282277777758
3.022189572976000 1834497370.211824655532837 10.035806592592573
3.014479905698000 2214326046.756428718566895 10.050197166666647
3.095424645856000 2123291819.360658407211304 10.056109499999980
3.170645265837000 1906802616.582111597061157 10.066768018518498
3.564082999554000 1945970390.630672931671143 10.077479092592572
1.740214027202000 2044289580.351450920104980 10.086716981481461
3.022189572976000 1438139193.602620840072632 10.092279444444424
1.740835726658000 1949792786.392790555953979 10.097753666666646
3.016355958497000 1553266940.119566917419434 10.102904981481462
3.021249672616000 1960348737.916673660278320 10.108374333333314
3.030842591166000 2138063338.441047906875610 10.112809648148129
3.007706388180000 2138352373.000121593475342 10.117223111111093
3.014479905698000 2138204523.254940271377563 10.121659444444425
3.052078750908000 2137974071.126376867294312 10.126080370370351
3.106995913034000 2177180686.281775474548340 10.130578037037019
3.030842591166000 2237995053.035581111907959 10.135070129629611
1.740214027202000 2158282100.847248554229736 10.139572722222203
3.062642750699000 1559244661.269215822219849 10.144723759259239
3.106995913034000 2001741344.546329498291016 10.150206814814794
3.123387403110000 2238305994.121222019195557 10.154686203703683
3.061690861814000 2248272826.372965335845947 10.159120037037017
3.160963583980000 2202627619.098654747009277 10.163612499999980
1.733495054124000 2283388111.888111591339111 10.168124944444424
3.078071681433000 1577587306.769628047943115 10.173343240740721
3.024070423864000 2001958587.580308437347412 10.178851518518499
3.106029637919000 2147390753.411960363388062 10.183346870370350
3.021249672616000 2226998987.629323959350586 10.187846759259239
3.023130523504000 2065201834.563965797424316 10.192401277777758
3.070357216066000 2135007434.819676637649536 10.207323555555536
3.061690861814000 2174713846.782835960388184 10.213302481481461
3.115675335448000 2205042141.587800025939941 10.222264333333314
3.440651553682000 2182596114.436630725860596 10.231183388888869
1.732257377556000 1808144586.014533519744873 10.243293314814796
3.008641493130000 1409694568.325808525085449 10.249335037037019
3.016355958497000 1941255313.525090217590332 10.254799777777761
3.008641493130000 2137252608.028958559036255 10.259219888888872
3.024070423864000 2134149216.614858388900757 10.263658129629613
3.017294159478000 2137846997.317133188247681 10.268096444444428
3.102179672916000 2138330560.014753818511963 10.272514648148132
3.038554658828000 2227730371.269567489624023 10.277030185185168
3.016355958497000 2158341672.787555217742920 10.281543166666649
1.733495054124000 2138058642.865201711654663 10.285974888888871
1.720671606272000 1558849810.064080953598022 10.291113074074056
1.727392979734000 1491537454.335009098052979 10.295720907407389
3.024070423864000 1492648762.476898431777954 10.300320148148129
3.069402929476000 1962145316.988499164581299 10.305793240740723
1.726776081046000 2183287370.372970581054688 10.310277259259241
3.017294159478000 1564710997.442455291748047 10.315447148148129
3.024070423864000 1962746418.866558313369751 10.320919499999981
3.101215077534000 2138555810.196491003036499 10.325355666666647
3.061690861814000 2227950044.295698165893555 10.329870777777758
3.071312213484000 2203651201.031225681304932 10.334353037037017
3.107963267786000 2193276854.955720901489258 10.338794592592572
3.015418455842000 2238209428.225347995758057 10.343289370370350
3.023130523504000 2158389878.778428077697754 10.347802074074053
3.024070423864000 1921676107.473960876464844 10.352234499999978
3.008641493130000 2176051354.161560058593750 10.366589425925904
3.124358473635000 2117414709.643530607223511 10.372512222222200
3.157178753504000 2207319603.773350238800049 10.381452111111090
3.378935830746000 2200556000.057414054870605 10.390483351851831
1.739592790320000 1717456759.176365375518799 10.402584185185164
3.123387403110000 1541203893.010669469833374 10.407723499999978
3.070357216066000 2034421635.845039367675781 10.413255129629608
3.130124914868000 2200555857.771623611450195 10.417748685185163
1.740214027202000 2237983988.649346351623535 10.422238555555534
3.025011024336000 1568421329.568788528442383 10.427433222222200
3.031784889231000 1962748323.047117710113525 10.432891203703681
3.016355958497000 2138464197.097671747207642 10.437324425925903
3.084827064800000 2138224683.663124561309814 10.441763259259236
3.016355958497000 2182862018.274580001831055 10.446260499999976
3.008641493130000 2148196947.413953304290771 10.450755777777754
3.015418455842000 2138328215.414182186126709 10.455168981481458
3.017294159478000 2137184035.754563093185425 10.459602499999978
1.753025939280000 2138689478.765689134597778 10.464033222222200
3.078071681433000 1558359002.235574007034302 10.469177314814793
3.124358473635000 2002185030.891201019287109 10.474680499999979
3.115675335448000 2238071889.332497119903564 10.479170425925904
3.069402929476000 2247648860.449467182159424 10.483601185185163
3.125330267490000 2203782737.015663623809814 10.488093777777756
3.030842591166000 2238532555.655011177062988 10.492583240740720
3.032727889194000 2156847142.804379463195801 10.498098555555535
3.124358473635000 2069950852.058270692825317 10.502710481481461
3.039499354598000 2084351249.999999761581421 10.507243814814794
1.734732730692000 2133912896.142517805099487 10.521572388888869
3.014479905698000 1510802200.580753326416016 10.528530148148128
1.746309364800000 2102746673.604400634765625 10.538495333333314
3.447294244914000 1488219215.808803558349609 10.548393240740721
1.726159641360000 2132997931.238301753997803 10.558544240740721
1.740214027202000 1563405956.348779678344727 10.563711462962944
3.068447576644000 1466436462.423192501068115 10.568319555555536
3.071312213484000 2001726845.556258440017700 10.573821259259240
3.070357216066000 2193070856.263486385345459 10.578249629629610
1.727392979734000 2193279532.924100399017334 10.582693351851832
3.017294159478000 1564308195.168506860733032 10.587854703703684
3.047213819965000 1962734287.454323768615723 10.593328037037017
3.147501869736000 2182744614.242405891418457 10.597817759259240
1.727392979734000 2282511591.791458606719971 10.602325259259240
3.009577294620000 1577131095.841329813003540 10.607545499999981
3.015418455842000 1962899166.646881341934204 10.613005370370351
3.116644008268000 2138425618.816532850265503 10.617439611111092
1.733495054124000 2227602002.811829090118408 10.621944388888869
1.726776081046000 1571647465.191385030746460 10.627139462962942
3.008641493130000 1492073036.083159208297729 10.631738407407386
1.734114353196000 1962533387.196425914764404 10.637193481481461
3.092539132462000 1559370418.612684249877930 10.642340111111091
3.061690861814000 2040967323.199119806289673 10.647861074074054
2.992282252856000 2203942538.975501060485840 10.652351074074055
3.009577294620000 2149158593.395720958709717 10.656843111111092
3.106995913034000 2138798865.692647933959961 10.661264148148129
3.132072939002000 2114335600.163867235183716 10.665784518518500
3.163914591780000 2159854166.330072879791260 10.680685055555537
3.069402929476000 2288535326.870880126953125 10.686654962962946
3.032727889194000 2186363794.549917697906494 10.695594685185167
3.434004861810000 2133061376.526301860809326 10.704498740740723
1.915591436670000 2162399373.414888858795166 10.713436074074057
3.023130523504000 1564785561.416945219039917 10.718610481481464
3.100251200124000 1924092166.741153240203857 10.724080037037020
3.077114997138000 2209768338.023540019989014 10.728587722222205
3.029899240254000 2203248368.436665534973145 10.733082388888871
3.170645265837000 2148712151.616499423980713 10.737567388888872
3.031784889231000 2272093448.566988945007324 10.742107814814798
3.030842591166000 2130452243.583291530609131 10.746707351851835
3.024070423864000 2108250694.172288179397583 10.751149092592577
1.740835726658000 2137146711.523129940032959 10.755585740740726
3.014479905698000 1558866894.713556528091431 10.760734129629615
1.734114353196000 1962964974.459485530853271 10.766204740740726
1.734114353196000 1558771992.003890037536621 10.771346129629615
3.085786146800000 1493381347.218271970748901 10.776424907407392
3.078071681433000 2001554730.895596504211426 10.781909148148133
3.015418455842000 2193430093.186857223510742 10.786352629629613
3.125330267490000 2148674178.992435455322266 10.790842370370354
1.740835726658000 2228040734.850471973419189 10.795360296296280
3.007706388180000 1569286271.347891807556152 10.800550981481466
3.015418455842000 1963153846.937700986862183 10.806002888888873
1.740835726658000 2138346449.498294353485107 10.810421148148132
3.070357216066000 1558341124.601603269577026 10.815574907407392
3.079029078342000 2001457525.859894037246704 10.821079999999984
1.720671606272000 2126728453.979767322540283 10.836403574074058
3.013542403043000 1477321870.672463417053223 10.842541592592577
3.061690861814000 1718421051.240412235260010 10.853751277777762
3.362461500632000 2189679538.763186931610107 10.862638814814799
3.006770238420000 2186107181.180100917816162 10.871664722222206
1.733495054124000 2137700642.453780412673950 10.876095074074058
3.067493290054000 1515116387.621225833892822 10.881252648148132
1.732876215840000 2001558980.259173870086670 10.886757314814799
3.068447576644000 1564055866.041949748992920 10.891923111111096
3.038554658828000 2001947399.236831188201904 10.897426481481466
3.022189572976000 2148484293.614757061004639 10.901916870370355
3.030842591166000 2138200315.121221303939819 10.906347851851837
1.740214027202000 2138290059.663774251937866 10.910773888888874
3.016355958497000 1558456103.638344287872314 10.915924277777764
3.016355958497000 1959328567.745087385177612 10.921382648148134
3.015418455842000 2135794807.300197124481201 10.925814796296281
3.093500612167000 2137960292.380328416824341 10.930250925925911
3.083866911200000 2182420068.279649734497070 10.934742259259245
3.063595348626000 2192848978.842688560485840 10.939181666666652
3.024070423864000 2192734818.211869239807129 10.943607351851837
3.024070423864000 2149086322.814533710479736 10.948102537037022
3.115675335448000 2138657834.551001310348511 10.952515444444430
3.103143909312000 2228163172.141582965850830 10.957010129629614
3.193788661938000 2204029702.479748249053955 10.961495351851836
3.132072939002000 2282824672.127111434936523 10.966008166666651
3.131099470772000 2258871895.246707916259766 10.970492777777762
3.330576264096000 2248610546.879891872406006 10.974929055555540
3.077114997138000 2196977567.886658668518066 10.979430703703688
3.016355958497000 2144928128.314951181411743 10.993798129629614
1.740214027202000 2067737786.776304960250854 10.999761611111095
1.739592790320000 1488506874.022407054901123 11.009659314814799
3.456080484416000 1826220627.664833307266235 11.020261222222206
3.123387403110000 2147987080.473010063171387 11.030228907407391
1.740835726658000 2236757533.538664817810059 11.034708259259244
3.079029078342000 1533676541.432684421539307 11.039905444444429
3.053028242088000 2000519047.651183366775513 11.045393629629615
3.114705580312000 2191937080.231492519378662 11.049819018518503
3.154235673758000 2237777440.599974632263184 11.054298222222208
3.015418455842000 2248129419.456505298614502 11.058716814814801
3.077114997138000 2158909846.852330207824707 11.063219851851837
3.061690861814000 2182313320.354463100433350 11.067719092592577
1.720671606272000 2193728969.854912757873535 11.072153203703689
3.068447576644000 1565551056.489248991012573 11.077327574074060
3.016355958497000 2002144160.657726287841797 11.082823499999986
1.740835726658000 2148728425.001342773437500 11.087305925925911
3.038554658828000 1558149798.561151027679443 11.092454074074059
3.017294159478000 1962898481.388367414474487 11.097919592592577
3.014479905698000 2138233600.760979652404785 11.102358314814799
3.023130523504000 2126396303.619372844696045 11.106807111111095
1.739592790320000 2138125493.377040624618530 11.111236148148132
1.741456500966000 1558266439.611317873001099 11.116379833333317
3.015418455842000 1492883446.821331739425659 11.120989555555539
3.007706388180000 1962496355.648153305053711 11.126464796296279
3.116644008268000 2138495669.202380180358887 11.130890462962945
1.732257377556000 2227103780.728505134582520 11.135365888888872
3.015418455842000 1482732534.199081897735596 11.140573685185169
3.070357216066000 2114566627.659690141677856 11.155908074074057
3.037608907532000 2179296705.611239910125732 11.161886814814798
3.115675335448000 2133062748.836426734924316 11.170803314814798
1.920940301280000 2209593905.390174388885498 11.179741388888871
3.162930800470000 1640385115.639511108398438 11.189599611111094
3.037608907532000 2056830411.970527410507202 11.195151518518500
3.024070423864000 2149861111.111111164093018 11.199687518518500
3.171631456638000 2137913183.360562801361084 11.204108074074055
3.101215077534000 2272246730.679806709289551 11.208648037037017
3.023130523504000 2258584307.178631305694580 11.213140537037017
3.017294159478000 2158895355.012412071228027 11.217638814814794
3.008641493130000 2138432634.398940086364746 11.222069722222201
1.735351799370000 2137964582.698146820068359 11.226503629629608
3.007706388180000 1557737932.176184892654419 11.231649314814794
1.740835726658000 1962677661.676727771759033 11.237122055555535
3.063595348626000 1558856713.740829229354858 11.242263666666645
3.007706388180000 2001353466.146183729171753 11.247766629629607
3.016355958497000 2149119818.519282341003418 11.252256444444422
3.023130523504000 2138604479.699405193328857 11.256692092592569
3.038554658828000 2138777546.673349142074585 11.261125981481458
3.031784889231000 2138301723.057905673980713 11.265560388888865
3.015418455842000 2138271093.769624471664429 11.269983759259235
3.037608907532000 2138460688.120033740997314 11.274409666666642
3.014479905698000 2138453124.151102542877197 11.278840796296272
1.740835726658000 2138262630.488901853561401 11.283266814814791
3.015418455842000 1557921169.615882635116577 11.288415703703681
1.733495054124000 1873713967.054433822631836 11.293894999999978
3.031784889231000 1942139664.089120864868164 11.309514222222200
3.116644008268000 2075864166.438543558120728 11.315602555555532
1.734114353196000 2203591258.604350090026855 11.325392499999976
3.387703672662000 1637591204.931884527206421 11.335200185185162
3.132072939002000 2114421484.102600097656250 11.345211722222199
3.107963267786000 2220903532.720424652099609 11.349715648148125
3.137834582146000 2218831151.870811462402344 11.354139851851828
3.091576578478000 2233971360.342075824737549 11.358583314814791
3.072266855488000 2198007366.300411224365234 11.363078259259234
1.733495054124000 2191951016.454496383666992 11.367513611111086
1.740214027202000 1565013082.103453159332275 11.372683240740715
3.030842591166000 1492637385.275881052017212 11.377285666666641
3.022189572976000 1963313330.873367071151733 11.382755981481456
3.014479905698000 2138351691.298307895660400 11.387181685185160
3.037608907532000 2137550767.071678400039673 11.391615333333307
1.732876215840000 2137976543.065595865249634 11.396052148148122
3.024070423864000 1559032452.390206098556519 11.401198148148122
3.124358473635000 1962633726.891566514968872 11.406670537037011
3.024070423864000 2227881541.851847648620605 11.411183148148121
3.023130523504000 2158466918.916257381439209 11.415695629629603
1.740214027202000 2137469678.684567689895630 11.420114962962936
3.008641493130000 1559013261.397356510162354 11.425263574074046
3.108929542901000 1962216880.685492038726807 11.430733555555527
3.070357216066000 2227942717.679403781890869 11.435233037037008
1.740835726658000 2202757171.640435218811035 11.439718296296268
3.170645265837000 1565706348.268116712570190 11.444887685185158
3.006770238420000 2081594700.841524600982666 11.450413370370343
1.740835726658000 2168467484.321923255920410 11.454949074074047
1.740835726658000 1973912453.157025814056396 11.470001333333308
3.024070423864000 1477175101.137959718704224 11.476606722222197
3.002793484384000 2109366219.000496387481689 11.486457537037012
3.016355958497000 2165247016.839522361755371 11.495424537037012
1.916274528090000 2122870482.384458541870117 11.505316370370345
3.015418455842000 1558133602.000611543655396 11.510462944444418
3.024070423864000 1944542532.427926540374756 11.515928055555529
3.016355958497000 2138041602.188974142074585 11.520367814814788
1.808049461278000 2134327924.315519094467163 11.524801425925899
3.108929542901000 1558622170.407072782516479 11.529947925925899
3.015418455842000 2040417034.662149906158447 11.535458259259233
3.025011024336000 2159210212.471758842468262 11.539958203703677
3.017294159478000 2137366094.663398265838623 11.544377370370343
3.013542403043000 2138145608.831149339675903 11.548816203703677
3.016355958497000 2138086296.957660913467407 11.553254796296269
3.023130523504000 2138208521.190261602401733 11.557690796296269
3.023130523504000 2138268509.971807479858398 11.562124592592566
1.741456500966000 2138246127.129504680633545 11.566560722222196
1.727392979734000 1558792910.017858028411865 11.571704129629603
1.726776081046000 1493039091.387208223342896 11.576316777777752
3.023130523504000 1493116732.284256219863892 11.580921648148122
3.024070423864000 1962757287.480286836624146 11.586381925925899
3.061690861814000 2138245139.101000547409058 11.590807833333306
3.078071681433000 2183555090.029838562011719 11.595307370370342
3.023130523504000 2192782540.411845684051514 11.599740888888862
3.024070423864000 2148702971.853003501892090 11.604218703703676
1.733495054124000 2138546036.729190111160278 11.608654574074047
3.077114997138000 1556757640.037391185760498 11.613805314814787
3.072266855488000 2126459892.470796585083008 11.629242981481454
1.732876215840000 2181177999.962482929229736 11.635166203703676
1.740214027202000 1645805686.799273967742920 11.644929555555528
3.416445974266000 1656399133.493937730789185 11.655683685185158
3.053028242088000 2147898821.515374660491943 11.665657259259232
3.378935830746000 2190997036.059879779815674 11.670093296296269
3.117613402632000 2115398600.361037731170654 11.674586518518492
1.735351799370000 2226946891.914056301116943 11.679102814814788
3.023130523504000 1564908146.580744266510010 11.684301314814789
3.018232011296000 1963183116.324879884719849 11.689772740740715
3.125330267490000 2135174810.880547046661377 11.694193814814788
3.024070423864000 2227757617.745565414428711 11.698711166666641
3.007706388180000 2146038316.722037553787231 11.703226166666640
3.015418455842000 2136789671.722661495208740 11.707655574074048
2.999060571142000 2138199715.980285644531250 11.712089277777752
3.016355958497000 2138534073.079192399978638 11.716515222222196
1.726776081046000 2138285225.318484783172607 11.720951740740714
3.024070423864000 1559128346.227300643920898 11.726100574074048
3.125330267490000 1962159518.766415357589722 11.731564925925900
3.000927027763000 2228402584.085315704345703 11.736079740740715
3.160963583980000 2159271545.676095008850098 11.740593407407381
3.170645265837000 2272535108.049879550933838 11.745131777777752
3.075200559627000 2303372777.452538490295410 11.749560296296270
3.005835133470000 2197060226.629360198974609 11.754074111111084
3.068447576644000 2148661342.407149314880371 11.758558592592566
3.024070423864000 2155322115.305263519287109 11.763046518518491
3.005835133470000 2147991098.913325309753418 11.767540351851824
3.008641493130000 2138758299.198351383209229 11.771961796296269
1.740214027202000 2136152164.901835441589355 11.776384629629602
3.087705382400000 1937526653.923952102661133 11.791353240740714
3.033670538208000 2162889437.385276317596436 11.797588018518491
3.010512747840000 2154333600.218567371368408 11.807348537037010
3.394364761480000 2146174540.118225812911987 11.816308166666639
3.079029078342000 2121270135.073784351348877 11.825200425925898
3.116644008268000 2142476043.836608886718750 11.829698611111082
3.101215077534000 2237686199.146338939666748 11.834189074074045
3.068447576644000 2247904193.619876861572266 11.838617759259231
3.108929542901000 2186939961.774800300598145 11.843123222222193
3.016355958497000 2236129167.493550300598145 11.847602333333304
3.078071681433000 2158908074.794119358062744 11.852115462962933
1.740214027202000 2183341967.135937213897705 11.856599703703674
3.030842591166000 1565010730.428429126739502 11.861770185185156
3.023130523504000 1962923545.290333032608032 11.867244740740711
1.740835726658000 2137329373.523448944091797 11.871665703703673
3.015418455842000 1558949014.897030115127563 11.876814629629600
1.739592790320000 1962940386.024920463562012 11.882271962962934
1.734114353196000 1558089000.000000000000000 11.887420111111082
1.728008960418000 1493021436.848203897476196 11.892022777777749
3.060737909366000 1493051614.770507097244263 11.896629555555526
1.740835726658000 2001992119.540508747100830 11.902128388888860
3.060737909366000 1565703188.405797243118286 11.907303388888860
3.071312213484000 2001707486.015469074249268 11.912805499999971
3.079986118944000 2192015000.500851631164551 11.917242388888861
3.061690861814000 2193293102.873802661895752 11.921688685185156
3.078071681433000 2193428775.255632877349854 11.926127555555526
1.746309364800000 2073356630.608057260513306 11.930576759259230
3.025011024336000 1968227656.716583728790283 11.945590592592563
3.177371876744000 2004049596.366382837295532 11.952676685185155
3.078071681433000 2292112352.021442890167236 11.961630685185154
3.025011024336000 2155801598.181012153625488 11.970654833333302
3.556368534186999 2135519021.486565351486206 11.979620814814783
3.016355958497000 2266832976.287212848663330 11.984133148148116
3.116644008268000 2169029953.209623336791992 11.988656870370338
1.741456500966000 2227632213.499497890472412 11.993174185185152
3.108929542901000 1566443184.735175848007202 11.998368407407375
3.037608907532000 2040871925.047616720199585 12.003890925925893
3.030842591166000 2148546334.097875118255615 12.008404240740708
1.735351799370000 2138211632.373802661895752 12.012829629629596
3.006770238420000 1558909802.990742921829224 12.017978851851819
1.745685729320000 1962077287.777171373367310 12.023443277777744
3.114705580312000 1558725999.460480213165283 12.028591888888855
3.015418455842000 2041658580.268652200698853 12.034113277777744
3.023130523504000 2147605617.286481380462646 12.038629759259225
3.015418455842000 2136776018.836260080337524 12.043065648148113
3.054928285332000 2137512781.841490030288696 12.047485981481447
3.032727889194000 2183546980.652967453002930 12.051985666666633
1.740835726658000 2148755996.623019695281982 12.056460407407373
1.734114353196000 1559075896.280243396759033 12.061604611111077
3.116644008268000 1492809691.197644710540771 12.066209018518485
3.077114997138000 2040706217.942708730697632 12.071740203703671
3.016355958497000 2203893905.108135223388672 12.076233037037005
3.023130523504000 2148945884.982306480407715 12.080707388888857
1.740214027202000 1997631982.803869247436523 12.085152833333302
2.999060571142000 1497445723.281441450119019 12.101033388888858
3.078071681433000 1911867428.309128284454346 12.108295148148118
3.138811538434000 2155147859.857600688934326 12.117221518518487
3.392253602320000 2224673760.517045497894287 12.126126814814784
3.072266855488000 2110911623.621902227401733 12.135172092592562
3.023130523504000 2174952596.444733142852783 12.139616203703673
3.024070423864000 2106147337.285378932952881 12.144136444444413
3.023130523504000 2132742418.734094858169556 12.148568055555524
3.055878483768000 2138197540.863829135894775 12.153003518518487
3.023130523504000 2182966624.506124496459961 12.157498388888857
3.025011024336000 2148525414.303192138671875 12.161993888888858
1.746933000280000 2136819897.486620187759399 12.166412462962933
3.069402929476000 1557870902.995597124099731 12.171560759259229
3.030842591166000 2001534358.539686203002930 12.177066425925895
1.727392979734000 2147958135.329405784606934 12.181551777777747
3.123387403110000 1558655990.672299623489380 12.186697740740710
3.063595348626000 2040767593.882724046707153 12.192213388888858
1.740214027202000 2203695184.654175281524658 12.196708277777747
3.005835133470000 1556191405.499626398086548 12.201914018518487
3.016355958497000 1962662617.529596805572510 12.207371666666635
3.024070423864000 2138690156.253914594650269 12.211806518518486
3.024070423864000 2138680869.787497997283936 12.216225648148116
3.023130523504000 2138464327.480477571487427 12.220643666666634
3.032727889194000 2140473139.153956651687622 12.228427611111078
1.727392979734000 2138412585.046799182891846 12.232861444444412
1.740835726658000 1558544471.019835710525513 12.238010240740708
3.016355958497000 1490854861.063685417175293 12.242619999999967
3.016355958497000 1655990837.204065799713135 12.258081074074040
3.169659809082000 2126061944.681491851806641 12.263983592592558
3.079986118944000 2250263359.796839714050293 12.272938388888853
3.385597703618000 2202421016.965960502624512 12.281901870370335
3.024070423864000 2120304396.464928865432739 12.290840870370335
3.025011024336000 2104076909.914233922958374 12.295277999999964
3.029899240254000 2136434825.122226476669312 12.299709666666631
3.107963267786000 2138259836.866228580474854 12.304145925925891
3.084827064800000 2227898062.715482234954834 12.308657777777743
3.029899240254000 2202916498.157773971557617 12.313136055555521
3.062642750699000 2143122744.933059692382812 12.317625944444410
3.016355958497000 2182989109.877748489379883 12.322120333333299
3.030842591166000 2148503120.618416309356689 12.326597722222187
3.038554658828000 2138511940.485643863677979 12.331028648148113
1.747557100120000 2137182114.086790561676025 12.335449259259224
1.739592790320000 1559172433.884698867797852 12.340598092592558
1.727392979734000 1493040584.885628700256348 12.345202981481446
3.069402929476000 1492804378.610623836517334 12.349806166666632
1.727392979734000 2001611854.066502332687378 12.355306388888854
3.123387403110000 1564224678.204609394073486 12.360475592592557
3.116644008268000 2041378613.239997863769531 12.365999259259224
3.024070423864000 2248378093.329945564270020 12.370445055555521
3.116644008268000 2158900898.091811180114746 12.374958740740706
1.746933000280000 2227184301.152855873107910 12.379475703703669
3.062642750699000 1571719512.717307567596436 12.384665481481447
3.286362246342000 2002187110.369063615798950 12.390166888888855
3.030842591166000 2191001325.795476913452148 12.394608666666633
3.031784889231000 2175571031.757840156555176 12.408922425925892
3.023130523504000 2128370634.811087608337402 12.414825611111077
3.031784889231000 2108848083.610733985900879 12.423787777777743
1.915591436670000 1729625029.898697376251221 12.434549425925892
3.016355958497000 1842467652.756708621978760 12.444242277777745
3.401021838942000 1962535059.024321079254150 12.449710833333301
3.011666350244000 2154168421.918371200561523 12.454214074074041
1.741456500966000 2128610151.334736824035645 12.458708648148116
3.016355958497000 1558044457.087711572647095 12.463851351851821
3.008641493130000 1962813554.842491626739502 12.469316666666636
3.014479905698000 2138304802.664850234985352 12.473747462962931
3.015418455842000 2138378519.247448205947876 12.478188648148116
3.108929542901000 2138441094.687545776367188 12.482617444444411
3.047213819965000 2227621731.489389419555664 12.487127370370338
1.740214027202000 2158286741.292715549468994 12.491640407407376
3.022189572976000 1559190734.930047750473022 12.496786777777746
3.008641493130000 1991333142.498919486999512 12.503256092592562
3.068447576644000 2137559471.033062458038330 12.507671407407376
3.015418455842000 2183468344.051646709442139 12.512143388888857
1.727392979734000 2149094368.013757705688477 12.516623092592560
1.728625629605000 1558791281.973664283752441 12.521761870370337
3.100251200124000 1492815231.700100183486938 12.526361925925892
3.069402929476000 2040383383.295917272567749 12.531872222222189
1.726776081046000 2203048582.040420532226562 12.536344611111078
3.023130523504000 1565683523.852852821350098 12.541514037037004
3.160963583980000 1962015398.246310949325562 12.546969203703670
3.159980524930000 2271717092.642629146575928 12.551506351851819
1.734114353196000 2297695648.733847618103027 12.555953333333299
1.747557100120000 2008491417.974973201751709 12.571052722222188
1.726776081046000 1481083237.693564653396606 12.577603796296263
3.022189572976000 1484891705.078256607055664 12.586948648148114
3.502367276618000 2122563702.687326431274414 12.596908981481448
3.378935830746000 2024501704.028237581253052 12.606043111111077
3.084827064800000 2031222712.784022092819214 12.610568870370336
3.006770238420000 2168956320.227614879608154 12.615059888888855
3.038554658828000 2147481942.663472414016724 12.619551240740707
3.099286245756000 2133405678.011817932128906 12.623979629629595
3.018232011296000 2227114639.864898204803467 12.628497481481446
3.030842591166000 2157415657.311669349670410 12.633010814814780
3.014479905698000 2138136498.143196105957031 12.637428999999965
1.754278473582000 2138358274.713996171951294 12.641867555555521
3.116644008268000 1559119995.398894309997559 12.647019296296262
1.726159641360000 2040498446.173156023025513 12.652537333333299
3.024070423864000 1571496926.386693716049194 12.657727870370337
3.023130523504000 1961629194.038764476776123 12.663185351851819
3.070357216066000 2137752901.246709346771240 12.667610333333300
3.070357216066000 2183404698.577910423278809 12.672108148148116
3.049109065120001 2193668325.956390380859375 12.676538870370338
3.116644008268000 2193411213.003679752349854 12.680977499999967
3.029899240254000 2237409813.754763126373291 12.685467796296264
3.084827064800000 2159000280.130507946014404 12.689963055555523
3.023130523504000 2183151497.183516025543213 12.694460388888857
3.076157243922000 2148956709.457344055175781 12.698955425925893
3.068447576644000 2182377251.177031993865967 12.703455129629598
3.124358473635000 2193371824.287681102752686 12.707894203703672
1.746309364800000 2009316860.668596267700195 12.712391740740710
3.063595348626000 1937511842.661171436309814 12.727426055555524
3.155216335103000 2124370520.425497293472290 12.733541777777747
3.069402929476000 2238887082.983347415924072 12.743374629629599
1.922312810132000 2188411931.113206386566162 12.752329740740711
3.062642750699000 1669711744.744317054748535 12.763380388888859
3.085786146800000 1931822147.482556104660034 12.769282907407376
3.168673251258000 2178956862.679460048675537 12.773708481481451
1.740214027202000 2263667694.280711174011230 12.778213703703674
3.134020963136000 1573086407.735948801040649 12.783426499999971
3.024070423864000 2041708727.517669200897217 12.788952444444416
3.093500612167000 2159050172.244094371795654 12.793467999999971
3.024070423864000 2183044600.164880275726318 12.797960592592563
3.021249672616000 2147552240.287537574768066 12.802437944444415
3.023130523504000 2138090506.949506282806396 12.806858722222193
3.139787404369000 2138596712.852604150772095 12.811294629629600
3.030842591166000 2226084620.069796562194824 12.815794481481452
1.753025939280000 2159345354.953058242797852 12.820297685185157
3.115675335448000 1558749970.328330516815186 12.825446629629601
3.024070423864000 2042433158.503276109695435 12.830972277777750
3.039499354598000 2158276204.012553691864014 12.835480351851825
3.077114997138000 2132850124.676821708679199 12.839914037037010
3.068447576644000 2183199963.808944225311279 12.844416888888862
3.031784889231000 2193607465.171295642852783 12.848855277777751
3.014479905698000 2148809333.950964450836182 12.853332759259233
3.025011024336000 2138425261.525247573852539 12.857774296296270
3.024070423864000 2138435031.998697519302368 12.862210240740716
3.339325297646000 2138444831.973966836929321 12.866649037037012
3.030842591166000 1927440372.639698266983032 12.871085851851827
1.746933000280000 2110468155.134851217269897 12.885331999999975
1.726776081046000 1476146691.601121902465820 12.891392333333309
1.739592790320000 1488953355.382481575012207 12.901806777777754
3.456080484416000 1487591401.811396121978760 12.911154999999976
3.170645265837000 1971746069.348217487335205 12.922568148148125
3.076157243922000 2269322040.583235263824463 12.927075574074051
3.070357216066000 2198368723.875092029571533 12.931594462962940
1.746309364800000 2173903774.065886497497559 12.936025777777754
3.031784889231000 1481836514.719689369201660 12.941568240740716
3.078071681433000 1962251674.955396413803101 12.947038259259235
3.038554658828000 2181606000.370393276214600 12.951537981481458
1.740214027202000 2148853936.203158855438232 12.956022703703681
3.093500612167000 1558674881.577953577041626 12.961171425925903
3.071312213484000 2001728288.717193603515625 12.966679314814792
3.024070423864000 2188257540.428732872009277 12.971110981481459
3.015418455842000 2148005819.376460075378418 12.975597907407385
3.122415247590000 2138555287.968202114105225 12.980019370370348
3.038554658828000 2228034368.885041713714600 12.984533574074051
3.023130523504000 2159308617.875509738922119 12.989049166666645
3.037608907532000 2138594779.371253967285156 12.993485981481459
3.130124914868000 2138617988.269427537918091 12.997921999999978
1.742077969135000 2227606792.159111499786377 13.002442462962941
3.031784889231000 1570478895.241220235824585 13.007634814814793
3.131099470772000 1963322274.448493957519531 13.013107203703681
1.739592790320000 2227926559.253050804138184 13.017625333333310
3.023130523504000 1514758358.727234125137329 13.022851629629606
3.084827064800000 1848340485.469437360763550 13.028320944444420
3.007706388180000 2120763557.119023084640503 13.042639648148125
3.008641493130000 1845853909.012064933776855 13.049621851851828
3.171631456638000 2132222156.895682811737061 13.059323037037014
3.394364761480000 2248236464.431894779205322 13.068258685185162
3.030842591166000 1977758322.951605081558228 13.079853129629607
3.115675335448000 2110551188.329782247543335 13.084372388888866
3.030842591166000 2226227548.005908489227295 13.088885722222200
3.021249672616000 2159013180.813084602355957 13.093382999999978
1.739592790320000 2134777954.831766366958618 13.097822370370348
3.031784889231000 1558791777.422081470489502 13.102970796296274
3.038554658828000 1962475858.986686944961548 13.108440203703681
3.007706388180000 2138300647.513673067092896 13.112858814814793
1.740214027202000 2138584177.024859666824341 13.117292592592570
3.114705580312000 1558677034.516740560531616 13.122441462962939
3.031784889231000 2041063838.628922224044800 13.127967259259236
3.021249672616000 2146686918.555697441101074 13.132475907407384
3.030842591166000 2138046692.119922637939453 13.136913962962939
3.038554658828000 2138486349.365817070007324 13.141337851851828
3.031784889231000 2138283056.172244787216187 13.145758777777754
3.132072939002000 2138501131.733816146850586 13.150176777777753
3.024070423864000 2227885949.073978900909424 13.154679314814791
3.071312213484000 2157899370.448092937469482 13.159179870370346
3.070357216066000 2182579773.375535488128662 13.163679074074050
3.185083944406000 2193617749.746592998504639 13.168118574074050
3.023130523504000 2283275089.576279640197754 13.172625388888864
3.032727889194000 2169438576.142712593078613 13.177159759259235
3.471509415150000 2138588392.322916269302368 13.181585629629605
1.734114353196000 1974379070.702429533004761 13.186099592592569
3.031784889231000 1972428874.556188106536865 13.201084462962939
3.030842591166000 1998438148.443734884262085 13.208184796296273
3.016355958497000 2165365205.782917022705078 13.217146055555531
3.385597703618000 1864867344.049828767776489 13.227742388888865
1.739592790320000 1941512560.006951808929443 13.238184851851829
3.024070423864000 1539771001.746103525161743 13.243339185185162
1.807403757982000 1959851845.833545207977295 13.248809462962940
3.024070423864000 1558797785.786736249923706 13.253958018518496
3.084827064800000 1959152572.606025934219360 13.259377296296273
1.732876215840000 2183418447.958262920379639 13.263871018518495
3.070357216066000 1565357718.279400587081909 13.269043203703680
3.016355958497000 2001795292.266731500625610 13.274551870370347
3.024070423864000 2149132366.262548446655273 13.279028925925903
1.740835726658000 2135671535.313333034515381 13.283467759259237
3.062642750699000 1559001459.002042531967163 13.288608259259236
3.124358473635000 2002000780.233195304870605 13.294114685185162
3.031784889231000 2238194760.383386611938477 13.298606814814791
3.024070423864000 2148777421.000020027160645 13.303145611111088
3.024070423864000 2137527932.036027193069458 13.307564074074051
1.740835726658000 2138663726.018470764160156 13.311997462962941
1.740214027202000 1559392551.771768808364868 13.317145592592571
1.718829025792000 1492889530.070806741714478 13.321753851851829
1.726776081046000 1492935221.059492349624634 13.326356685185162
3.016355958497000 1492741465.298111438751221 13.330960981481459
3.324934573177000 1962635484.733328104019165 13.336433444444422
1.727392979734000 1929705915.469463348388672 13.340874092592570
3.029899240254000 1936381068.439100980758667 13.355827370370347
1.733495054124000 2076051188.366612672805786 13.361909481481458
3.077114997138000 1674031557.232915639877319 13.372493425925903
3.377885635956000 1955680723.798473119735718 13.382580129629607
3.038554658828000 1974047860.610073804855347 13.391724740740719
3.092539132462000 2035930086.727046728134155 13.397507037037014
3.023130523504000 2165327665.232436180114746 13.401991740740717
3.076157243922000 2146835156.240352153778076 13.406490388888866
3.134020963136000 2183354465.102103233337402 13.410986574074052
3.031784889231000 2235672152.916675090789795 13.415477037037014
3.039499354598000 2159071138.253062725067139 13.419992240740719
3.054928285332000 2138549284.558706283569336 13.424410648148125
1.748180271240000 2137858550.695600986480713 13.428847259259236
1.739592790320000 1558678868.959757089614868 13.433990999999976
3.062642750699000 1492861575.437989950180054 13.438598537037013
3.093500612167000 2000408221.443795442581177 13.444107166666642
1.740835726658000 2193162696.097227573394775 13.448550351851827
3.123387403110000 1565538808.761257886886597 13.453719574074048
3.023130523504000 2041595075.230242013931274 13.459253203703678
3.029899240254000 2158433263.715928077697754 13.463766407407382
3.133047132348000 2138792879.256965875625610 13.468192703703679
3.116644008268000 2227866614.744522571563721 13.472710388888864
3.038554658828000 2248620664.881730556488037 13.477143925925901
3.016355958497000 2159035437.176192283630371 13.481654777777752
3.015418455842000 2138544186.397225141525269 13.486075444444419
3.030842591166000 2138487335.186075210571289 13.490506648148122
3.353705265930000 2138447540.029233932495117 13.494928185185159
1.740214027202000 1976038937.965953111648560 13.499441537037011
1.726776081046000 1986033235.280493021011353 13.515431907407383
3.032727889194000 1482963255.102988719940186 13.522010296296271
3.060737909366000 2105625335.947192907333374 13.531891148148123
3.489107082112000 2155791691.368733882904053 13.540793537037011
3.116644008268000 1963113762.628056526184082 13.551220055555529
3.022189572976000 2179396923.619516372680664 13.555840685185158
3.039499354598000 2144000936.006699800491333 13.560351574074048
1.733495054124000 2137967329.206584215164185 13.564776185185158
1.728625629605000 1559142076.758371353149414 13.569922203703676
3.114705580312000 1491838293.694701433181763 13.574524740740713
1.726159641360000 2040124229.136867523193359 13.580053055555528
3.025011024336000 1571559855.484313249588013 13.585240240740713
1.728008960418000 1963149980.355763912200928 13.590707870370343
3.015418455842000 1557852493.921650409698486 13.595856685185158
3.061690861814000 1962899360.730593442916870 13.601331685185158
1.720671606272000 2183060314.742872238159180 13.605831537037011
1.727392979734000 1565153332.019280672073364 13.610998851851825
2.999994320518000 1491776278.112029790878296 13.615603444444417
3.009577294620000 1962964768.233464241027832 13.621068314814789
3.069402929476000 2138510316.787791013717651 13.625504629629603
1.741456500966000 2183301756.494254589080811 13.630004333333307
1.726776081046000 1565379156.855788230895996 13.635171499999974
3.170645265837000 1491843870.439362764358521 13.639784240740715
3.029899240254000 2080872612.999739170074463 13.645317685185159
3.016355958497000 2169354768.110952854156494 13.649836129629604
3.083866911200000 2137281593.544291019439697 13.654269759259233
3.130124914868000 1979754524.965824127197266 13.658780740740713
3.015418455842000 2237960649.557666301727295 13.673105018518491
3.030842591166000 2125605728.350861549377441 13.679063685185158
3.029899240254000 2131990239.112371921539307 13.687889537037009
3.456080484416000 2134368700.048760890960693 13.696738444444417
3.024070423864000 1994873567.527042865753174 13.707112888888862
3.029899240254000 2099402922.995046377182007 13.711636407407379
3.085786146800000 2128068681.880180120468140 13.716076092592564
1.732876215840000 2182653648.772210121154785 13.720572277777750
3.029899240254000 1564952315.520535945892334 13.725747499999972
3.039499354598000 1962505373.972124099731445 13.731204185185158
3.077114997138000 2137389032.546442508697510 13.735637166666640
3.123387403110000 2183159570.648607730865479 13.740124555555528
3.099286245756000 2238190837.019660949707031 13.744616462962936
1.748180271240000 2248259476.609851360321045 13.749040611111084
1.739592790320000 1571666938.897784948348999 13.754233185185159
3.021249672616000 1492806873.266610383987427 13.758840407407382
3.069402929476000 1962105424.252192974090576 13.764297722222196
3.070357216066000 2183522230.545700073242188 13.768796870370345
3.079029078342000 2193337295.008373260498047 13.773231333333309
3.085786146800000 2194412119.903447628021240 13.780435277777753
3.016355958497000 2193317615.858692646026611 13.784876351851828
1.741456500966000 2148886497.646378517150879 13.789361166666643
3.062642750699000 1558917988.189953804016113 13.794507444444420
1.734114353196000 1985951987.719197988510132 13.800008351851828
2.999060571142000 1565395647.908805131912231 13.805180833333310
3.068447576644000 1913471643.001493215560913 13.810798037037014
3.015418455842000 2046161497.058352470397949 13.815308611111087
3.115675335448000 2215950345.349753856658936 13.829690166666643
1.746309364800000 2216499950.588613033294678 13.835686685185161
1.726776081046000 1823177429.852264881134033 13.845332333333308
3.362461500632000 1671620302.916081190109253 13.856140851851826
3.031784889231000 1585694250.973911046981812 13.867435518518493
3.016355958497000 2129651758.944633245468140 13.871882629629603
3.015418455842000 2138109954.244873285293579 13.876318481481455
3.017294159478000 2134060312.205343246459961 13.880737462962937
1.734114353196000 2138051121.570198297500610 13.885175685185159
3.017294159478000 1558190974.182666778564453 13.890325111111084
3.029899240254000 1962118473.977166652679443 13.895794666666639
3.093500612167000 2137021974.843980073928833 13.900213018518491
3.024070423864000 2182264753.040876388549805 13.904705814814786
3.069402929476000 2148236363.036738872528076 13.909197962962935
1.726776081046000 2183265380.962213516235352 13.913682222222194
1.739592790320000 1556158304.903936624526978 13.918855314814786
3.025011024336000 1491812244.799342870712280 13.923454092592564
3.009577294620000 1963062888.482632398605347 13.928924092592565
3.025011024336000 2137823652.284348964691162 13.933356833333306
1.740835726658000 2137526392.025413036346436 13.937793148148121
1.732876215840000 1558958592.020730972290039 13.942938425925899
3.014479905698000 1491945527.359079122543335 13.947539444444418
3.028014293175000 1963424228.877961397171021 13.953007666666640
3.014479905698000 2138232037.395390748977661 13.957428888888861
3.084827064800000 2138529291.438918590545654 13.961846814814788
3.348077969278000 2183191575.666885375976562 13.966339092592566
3.215932215054000 1914442217.461211919784546 13.970842407407382
3.024070423864000 2190974899.748661994934082 13.985195222222197
3.006770238420000 2212271614.405206680297852 13.991232648148124
1.720057107968000 2129414668.218859195709229 14.000061259259235
3.446221273266000 1648941063.264963388442993 14.009876240740716
3.016355958497000 1994567253.260353565216064 14.020053222222199
1.739592790320000 2041933951.723618030548096 14.025705092592569
1.733495054124000 1556371445.629734039306641 14.030853944444420
1.739592790320000 1491751356.565778493881226 14.035461166666643
3.018232011296000 1490398085.977935552597046 14.040058814814792
3.078071681433000 1962585146.484573364257812 14.045531518518496
3.017294159478000 2172773164.482355117797852 14.050055925925903
3.007706388180000 2147317104.531124353408813 14.054549537037014
3.030842591166000 2125916350.669244766235352 14.058974092592569
3.023130523504000 2133576707.839677572250366 14.063381870370346
3.031784889231000 2124485501.090190887451172 14.067806851851827
3.070357216066000 2137844766.021424531936646 14.072241018518493
3.024070423864000 2183098122.895066738128662 14.076727833333308
1.741456500966000 2148740932.621114730834961 14.081217370370345
3.124358473635000 1559369259.667076826095581 14.086363703703679
3.039499354598000 2041542032.950453519821167 14.091887148148123
1.740214027202000 2159492122.632780075073242 14.096390203703679
3.070357216066000 1558465767.937644004821777 14.101529148148124
1.732257377556000 2001774519.424654006958008 14.107039518518494
3.024070423864000 1564497117.397605895996094 14.112214240740716
1.734114353196000 1962166879.404695510864258 14.117669277777754
3.031784889231000 1558876185.401470422744751 14.122812870370346
3.007706388180000 1795733245.977818965911865 14.128296351851828
3.077114997138000 2175236591.620810031890869 14.142666166666643
3.023130523504000 2166985676.217925071716309 14.148628796296274
3.007706388180000 2149671195.601295948028564 14.157530407407386
1.916958383025000 2151552150.318845272064209 14.166495055555533
3.053978794152000 1659096109.860724925994873 14.178655907407384
1.753025939280000 1975634427.666507005691528 14.184254333333310
3.014479905698000 1553305848.294322013854980 14.189429314814792
3.007706388180000 1962483474.094526529312134 14.194902203703680
2.999060571142000 2137130686.483135461807251 14.199323018518495
3.059786020481000 2137195543.745232343673706 14.203741277777754
3.060737909366000 2183476944.514298915863037 14.208233259259234
3.014479905698000 2192739969.563676357269287 14.212674833333308
3.015418455842000 2148525921.556819438934326 14.217164518518492
3.085786146800000 2137949669.029152154922485 14.221595925925900
3.069402929476000 2183088004.164704322814941 14.226078037037011
1.740835726658000 2193427766.367780685424805 14.230514259259234
3.108929542901000 1564306541.975675821304321 14.235680611111086
3.101215077534000 2041765138.573467016220093 14.241209166666641
3.048161618910000 2248514497.301368236541748 14.245635277777753
3.008641493130000 2203688833.900402069091797 14.250125555555531
3.107963267786000 2148706250.000000000000000 14.254605555555530
3.022189572976000 2228070631.330514430999756 14.259125111111086
1.733495054124000 2158554490.345480442047119 14.263643240740715
