5.834151412342600 2242343998.734911441802979 0.001053944444444
2.975931569308000 1569282516.959563970565796 0.006254222222222
3.037608907532000 1962613415.084933757781982 0.011714907407407
2.992282252856000 2181150654.239480018615723 0.016211222222222
3.138811538434000 2143461092.711817741394043 0.020701240740741
2.987354957472000 2266308778.994648456573486 0.025244703703704
3.079029078342000 2168997317.962304592132568 0.029781055555556
1.719443066880000 2227708238.300172328948975 0.034303518518519
1.705400674028000 1571434491.563807249069214 0.039496092592593
1.712726492400000 1491246999.963745832443237 0.044093259259259
1.880640854400000 1492949647.127066373825073 0.048690444444444
3.085786146800000 1386575362.852250814437866 0.053319407407407
3.131099470772000 2220157862.134171009063721 0.068655574074074
2.999994320518000 2227195600.095093727111816 0.074731462962963
3.092539132462000 2179501680.921182155609131 0.083671666666667
3.423092271432000 2163154908.577258110046387 0.092638962962963
2.984570185194000 1737815652.688440799713135 0.103530240740741
3.362461500632000 2146663734.921865940093994 0.108019203703704
3.200508079730000 2138459806.912692546844482 0.112450129629630
1.720057107968000 2215713866.650369644165039 0.116995407407407
3.084827064800000 1571470571.949825763702393 0.122212777777778
2.992282252856000 2041088542.980217456817627 0.127719833333333
2.985498097029000 2157668233.244871139526367 0.132227574074074
3.075200559627000 2138428235.529959201812744 0.136661703703704
2.999060571142000 2227872955.208144664764404 0.141158222222222
2.984570185194000 2158425534.719161510467529 0.145654351851852
3.082907829200000 2137984053.871379375457764 0.150092907407407
3.070357216066000 2227976097.743157386779785 0.154605111111111
2.983641236586000 2248334656.787478923797607 0.159031425925926
3.000927027763000 2153428721.647621154785156 0.163539833333333
2.999060571142000 2137924718.377721071243286 0.167940592592593
3.000927027763000 2138719873.848701953887939 0.172367962962963
2.994143564904000 2138568763.399741649627686 0.176799018518518
1.718829025792000 2138462572.369546890258789 0.181235481481481
2.985498097029000 1558414132.504833221435547 0.186379388888889
3.122415247590000 1962844214.762458801269531 0.191836925925926
3.023130523504000 2270799502.649816513061523 0.196379518518518
1.713950232810000 2214206945.789361476898193 0.200892777777778
3.031784889231000 1565115626.130595684051514 0.206062537037037
3.044371481335000 2002031046.829360246658325 0.211565574074074
3.123387403110000 2080524875.777563810348511 0.216004296296296
3.084827064800000 2188201247.401247501373291 0.230790592592593
3.069402929476000 1904581418.346204519271851 0.237869259259259
1.713950232810000 2179000872.958237171173096 0.247712333333333
3.408733906604000 1658786212.585925340652466 0.257499574074074
3.132072939002000 2166712677.715275287628174 0.267530444444444
3.402079226847000 2280978618.928355216979980 0.272033388888889
3.037608907532000 2209581123.171307086944580 0.276546074074074
1.720671606272000 2127355642.192806482315063 0.280968277777778
3.039499354598000 1552766372.051930665969849 0.286187481481481
3.038554658828000 1999355749.547048330307007 0.291696611111111
2.991350903864000 2191874604.807704448699951 0.296142407407407
3.000927027763000 2148509183.732380867004395 0.300633037037037
3.000927027763000 2138448493.319216966629028 0.305058388888889
2.991350903864000 2138225154.935581207275391 0.309489740740741
3.132072939002000 2138229856.072918653488159 0.313910703703704
2.984570185194000 2272620393.963151931762695 0.318445814814815
1.720671606272000 2169456343.641597270965576 0.322962148148148
3.047213819965000 1557941452.951465129852295 0.328107740740741
3.038554658828000 2001779148.873112201690674 0.333606333333333
1.719443066880000 2193484114.036808013916016 0.338044796296296
2.985498097029000 1565214820.493347883224487 0.343214314814815
3.094462808058000 1924464455.840917587280273 0.348695759259259
3.139787404369000 2225844728.292971134185791 0.353210425925926
2.999994320518000 2293140175.286065578460693 0.357704666666667
3.001860429762000 2164136769.983686923980713 0.362245407407407
3.039499354598000 2120410714.285714387893677 0.366706740740741
1.720671606272000 2181131479.619587421417236 0.371200888888889
2.994143564904000 1564448792.109810113906860 0.376377500000000
3.046266726490000 1962038285.400256395339966 0.381836500000000
2.977783631662000 2146987026.069857120513916 0.397167814814815
1.720057107968000 2128855122.684774398803711 0.403115759259259
3.076157243922000 1649551206.346394300460815 0.412941111111111
3.361414933208000 2207768293.228875160217285 0.422868888888889
3.030842591166000 2119772299.816370725631714 0.431854388888889
3.354749432970000 2181362434.364000797271729 0.436347462962963
2.993212562396000 2148944253.689458370208740 0.440834722222222
3.000927027763000 2128900751.255238294601440 0.445249555555555
3.024070423864000 2073749705.649033546447754 0.449684925925926
1.721899459840000 2181783718.644221305847168 0.454187462962963
1.719443066880000 1565264416.410793066024780 0.459356148148148
3.077114997138000 1492030248.722481966018677 0.463944037037037
3.047213819965000 2027201971.337001800537109 0.469456370370370
3.053028242088000 2203441340.782123088836670 0.473941314814815
1.726776081046000 2193180888.368155956268311 0.478382666666667
2.975931569308000 1565519753.852332830429077 0.483546685185185
3.046266726490000 1962238794.938906192779541 0.489008833333333
3.030842591166000 2180880661.113467216491699 0.493506296296296
3.101215077534000 2193346488.943703651428223 0.497950722222222
2.977783631662000 2238192994.961085319519043 0.502445370370370
1.718829025792000 2158791797.524477958679199 0.506956203703704
3.092539132462000 1558306653.580249547958374 0.512107148148148
2.999994320518000 2042203386.876774311065674 0.517632833333333
1.706619161812000 2159121432.788821220397949 0.522149277777778
3.084827064800000 1559078570.733132123947144 0.527284777777777
3.062642750699000 2041256478.032626152038574 0.532798425925926
2.999060571142000 2203971581.300578117370605 0.537288166666666
2.992282252856000 2149096179.574847698211670 0.541772833333333
3.092539132462000 2138522028.040621042251587 0.546209518518518
1.719443066880000 2225683441.558441638946533 0.550726851851852
3.038554658828000 2014521797.815450429916382 0.565873629629629
2.984570185194000 2144807101.418134689331055 0.572078962962963
3.023130523504000 2155200613.564567089080811 0.581821666666666
3.340363503911000 2202606807.139295101165771 0.590808962962962
1.894750407996000 2119271894.879807710647583 0.599780703703703
3.092539132462000 1557457244.976190090179443 0.604925648148148
3.022189572976000 2041420691.833621025085449 0.610436499999999
2.984570185194000 2167726718.520075798034668 0.614929222222222
1.794606714354000 2145865762.823957443237305 0.619409407407407
3.047213819965000 1557692008.695276498794556 0.624554814814814
2.984570185194000 1997309697.012501001358032 0.630061092592592
2.993212562396000 2148553034.396564960479736 0.634550666666666
3.124358473635000 2138144054.782105207443237 0.638964111111111
2.976858117532000 2272575012.584974288940430 0.643488907407407
1.720671606272000 2168505115.089513778686523 0.648007129629629
2.992282252856000 1553951125.832101583480835 0.653156407407407
1.713338134890000 1962520584.113573312759399 0.658627185185185
2.985498097029000 1555788587.296677112579346 0.663775444444444
3.039499354598000 1961712997.399638652801514 0.669237648148148
3.024070423864000 2183321414.460687637329102 0.673737203703703
3.062642750699000 2193509348.952466964721680 0.678176203703703
3.083866911200000 2238154971.784714698791504 0.682668777777777
3.086745943200000 2248524464.582994461059570 0.687107166666666
2.992282252856000 2248550334.561938762664795 0.691543592592592
2.994143564904000 2158141966.525475978851318 0.696046740740740
3.132072939002000 2138505099.611577510833740 0.700480629629629
3.039499354598000 2272426519.192381858825684 0.705007888888888
2.977783631662000 2214160433.880896568298340 0.709508185185185
3.093500612167000 2026141860.646101951599121 0.714029314814814
1.712726492400000 2154592702.542583942413330 0.728376777777777
2.999060571142000 1695981429.009777545928955 0.735075796296296
3.101215077534000 1937839931.153184175491333 0.746114796296296
3.369124600486000 2242773310.436447620391846 0.755022148148148
3.001860429762000 2151422065.871778488159180 0.764013240740740
1.909550757816000 2137789725.408876419067383 0.768442722222222
3.361414933208000 1558667376.807891130447388 0.773588629629629
3.053028242088000 1963039789.289087533950806 0.779058648148148
2.998127863897000 2133028447.254049777984619 0.783558203703703
2.985498097029000 2129873412.399055004119873 0.788050481481481
3.053978794152000 2137082219.125456571578979 0.792475648148148
3.032727889194000 2183193249.500915527343750 0.796974629629629
2.977783631662000 2193098476.716356754302979 0.801408277777777
2.999060571142000 2148739102.152431011199951 0.805877814814814
1.720671606272000 2137968877.318635702133179 0.810309500000000
3.028956942189000 1558971695.057970046997070 0.815455833333333
3.036664211762000 2001372430.658950567245483 0.820953351851851
2.977783631662000 2193639037.856863021850586 0.825394055555555
3.138811538434000 2148680716.613183021545410 0.829889481481481
1.720057107968000 2265163921.056923866271973 0.834430962962963
3.085786146800000 1577726780.998892545700073 0.839648592592592
2.984570185194000 2041058976.399367332458496 0.845163981481481
2.999060571142000 2158991871.054133892059326 0.849672333333333
2.992282252856000 2138205561.184284687042236 0.854113833333333
3.136858716211000 2138350324.064394712448120 0.858542537037037
3.099286245756000 2272156765.015892505645752 0.863075388888889
2.999060571142000 2257162273.737694263458252 0.867565629629629
1.732876215840000 2158148782.234367370605469 0.872065370370370
3.070357216066000 1558781676.518581867218018 0.877206314814815
3.000927027763000 1998539691.293674468994141 0.882713166666666
1.706619161812000 2134242116.879638910293579 0.897027037037037
1.728008960418000 1511353401.680511474609375 0.903995814814815
3.178359731204000 1854674671.065783262252808 0.914648907407407
3.483685846996000 2214065765.047095298767090 0.924654222222222
3.007706388180000 2160664359.018606662750244 0.933775796296296
3.356836213230000 2158022274.671780586242676 0.938295129629629
3.139787404369000 2138006419.939577102661133 0.942708462962963
1.720057107968000 2271130559.540889739990234 0.947238962962963
2.984570185194000 1528784347.937102317810059 0.952460851851852
2.993212562396000 1962717281.546823024749756 0.957929648148148
1.706009917920000 2138066562.553644180297852 0.962352666666667
3.023130523504000 1558137985.462696313858032 0.967491425925926
3.062642750699000 2000745156.573042154312134 0.973000037037037
3.030842591166000 2238142524.567873477935791 0.977494388888889
2.977783631662000 2203739026.125514984130859 0.981971351851852
2.982713324751000 2148347840.790521144866943 0.986461592592592
3.132072939002000 2136191825.080772399902344 0.990897925925926
3.139787404369000 2272390136.341920375823975 0.995433092592592
3.068447576644000 2303289571.612935543060303 0.999867037037037
2.999060571142000 2252456350.761134624481201 1.004357166666667
1.706009917920000 2159335966.529395580291748 1.008867481481482
3.024070423864000 1558893120.207365751266479 1.014011370370370
2.976858117532000 2001834883.994817972183228 1.019514796296296
3.123387403110000 2148019087.910572052001953 1.023944592592593
3.030842591166000 2272823253.082795143127441 1.028485925925926
3.086745943200000 2213374166.683760166168213 1.032999907407407
3.084827064800000 2238534507.225810050964355 1.037475888888889
2.993212562396000 2248547865.675382137298584 1.041909592592592
2.975931569308000 2159077527.817596912384033 1.046418129629629
3.046266726490000 2137429832.503395080566406 1.050836129629629
1.719443066880000 2125545715.890691518783569 1.065967629629629
3.085786146800000 1480442369.539155483245850 1.072100092592592
3.094462808058000 2172350443.647477626800537 1.080170814814815
2.993212562396000 2241638144.661846637725830 1.089027740740740
1.914907327230000 2109433685.455718755722046 1.097982259259259
3.463794949783000 1475140432.353426456451416 1.105052092592592
3.480306050958000 2038664930.939504384994507 1.110578648148148
3.068447576644000 2235464476.467972278594971 1.115033962962963
3.084827064800000 2246636563.408236980438232 1.119475055555555
2.985498097029000 2196351157.968517303466797 1.123913703703703
2.985498097029000 2157009320.455556869506836 1.128408000000000
3.070357216066000 2138418628.933234214782715 1.132841962962963
3.067493290054000 2228036121.065018177032471 1.137358666666667
2.976858117532000 2248074583.146505355834961 1.141777796296296
3.078071681433000 2158993261.654629230499268 1.146290388888889
3.131099470772000 2227916815.683701038360596 1.150805574074074
3.069402929476000 2293125032.460707187652588 1.155298185185185
1.713338134890000 2258574484.748557090759277 1.159790777777778
1.713338134890000 1570552880.380317926406860 1.164983314814815
2.970069166295000 1488161149.538203954696655 1.169582907407408
2.993212562396000 1963228587.588608026504517 1.175050703703704
2.985498097029000 2138263876.380726337432861 1.179471685185185
2.976858117532000 2138597662.813150644302368 1.183902462962963
3.031784889231000 2137823561.446429014205933 1.188323055555556
2.977783631662000 2183267373.885101318359375 1.192818148148148
2.975931569308000 2148782763.612069606781006 1.197308648148148
2.999994320518000 2138507021.415316820144653 1.201739537037037
2.984570185194000 2138410865.236503124237061 1.206175703703704
2.992282252856000 2138481467.853080987930298 1.210604444444445
1.713950232810000 2138588090.242658853530884 1.215035296296296
2.985498097029000 1558135295.068714618682861 1.220189462962963
3.085786146800000 1897153505.804670572280884 1.225663981481482
1.713338134890000 1677111399.717396736145020 1.241705314814815
2.976858117532000 1605318213.228433609008789 1.248592555555556
3.001860429762000 1739806787.792199611663818 1.258806425925926
3.363506900012000 2167722784.755385398864746 1.267799037037037
3.414320420839000 2120032353.533696174621582 1.276715574074074
2.999060571142000 2182665125.320539474487305 1.281192981481482
3.371221365379000 2148642206.697780132293701 1.285664888888889
3.090615098773000 2068017350.355273246765137 1.290100703703704
3.038554658828000 2130332394.531233787536621 1.294525833333334
3.040444754052000 2182913265.116892337799072 1.299019518518519
2.977783631662000 2193222387.809779167175293 1.303443222222222
2.986426700046000 2148501303.732399463653564 1.307917555555556
1.720671606272000 2137423276.668225049972534 1.312353407407407
2.975931569308000 1558882286.159135818481445 1.317491574074074
2.979635694016000 1962577002.548034191131592 1.322949666666667
1.711503207420000 2138354980.452434301376343 1.327383296296297
3.060737909366000 1557963385.114502429962158 1.332531981481482
3.123387403110000 2041625089.180743217468262 1.338060703703704
3.099286245756000 2293303898.101179599761963 1.342540092592593
2.977783631662000 2166253475.830803394317627 1.347066055555556
2.991350903864000 2146473019.774327039718628 1.351541555555556
1.720671606272000 2137812209.375656843185425 1.355946185185186
3.103143909312000 1557373086.052450656890869 1.361087537037038
3.138811538434000 2036540649.464488983154297 1.366601481481482
2.986426700046000 2292240346.248969554901123 1.371094074074075
3.068447576644000 2169451376.349633216857910 1.375616907407408
1.714561419870000 2227011434.059214115142822 1.380129092592593
1.712726492400000 1571766676.292232036590576 1.385323592592593
3.053028242088000 1395321699.362137556076050 1.389939703703704
2.986426700046000 2116982301.995732307434082 1.405873703703704
3.039499354598000 2131200178.354678153991699 1.411854296296297
3.124358473635000 2218695782.902700901031494 1.420834055555556
3.364553078088000 2215844425.689584255218506 1.429830351851853
1.712726492400000 2168687211.391775131225586 1.438837500000001
3.362461500632000 1557298412.249910354614258 1.443949555555556
2.984570185194000 1957078542.839698791503906 1.449409185185186
2.993212562396000 2074310542.928238630294800 1.453844666666668
3.030842591166000 2137798430.597099065780640 1.458283722222223
2.999994320518000 2182788131.181676387786865 1.462766055555556
2.970069166295000 2148647774.285324096679688 1.467237777777779
2.984570185194000 2127765107.954049348831177 1.471691833333334
3.084827064800000 2136490810.964233160018921 1.476128481481482
2.984570185194000 2227817171.108460426330566 1.480645759259260
2.999994320518000 2157255498.460062026977539 1.485161333333334
1.721285190144000 2138597095.343401432037354 1.489574425925926
1.720057107968000 1546859024.890664815902710 1.494719148148149
2.978709835188000 1492627240.734409809112549 1.499323500000001
1.713338134890000 1957764770.396246671676636 1.504794277777779
2.985498097029000 1558963868.855996847152710 1.509942703703705
3.016355958497000 1962524508.875419378280640 1.515417666666667
2.969146049870000 2183180446.610093116760254 1.519917407407408
2.990420594324000 2147884769.390479087829590 1.524412740740742
3.124358473635000 2138669632.422243118286133 1.528833574074075
1.720671606272000 2272798049.633080959320068 1.533368333333334
2.976858117532000 1578138917.799509048461914 1.538581648148149
2.982713324751000 1962281958.093072175979614 1.544054092592593
2.969146049870000 2138555459.565037727355957 1.548491259259260
3.069402929476000 2136145435.275168657302856 1.552929277777779
3.031784889231000 2245384860.600408077239990 1.567463833333334
1.700507485886000 2123464176.501023769378662 1.573440925925927
2.991350903864000 1488656612.689211845397949 1.583363907407408
3.480306050958000 2201630653.016598701477051 1.593424907407408
3.093500612167000 2198873143.521017074584961 1.602414944444445
3.416445974266000 2247615336.376862525939941 1.606844500000001
2.974080196350000 2201690250.176515102386475 1.611329481481482
3.100251200124000 2140966604.907960176467896 1.615817277777779
1.712726492400000 2174358286.997827529907227 1.620343444444446
3.084827064800000 1570827162.123119831085205 1.625535314814816
2.983641236586000 2041483120.297222137451172 1.631058055555557
3.123387403110000 2158710521.135770797729492 1.635573833333335
1.715173290075000 2271329339.601008892059326 1.640096351851853
2.977783631662000 1577928121.341934204101562 1.645301111111112
3.077114997138000 1962950602.176853418350220 1.650764314814816
3.101215077534000 2227660365.549868583679199 1.655261851851853
3.039499354598000 2248175582.921797752380371 1.659705462962964
3.083866911200000 2202722259.117026805877686 1.664194925925927
1.714561419870000 2238284723.367753982543945 1.668685444444445
2.976858117532000 1571388909.327951669692993 1.673869981481483
3.132072939002000 1963568515.115971565246582 1.679332685185186
1.720671606272000 2272700714.189462184906006 1.683867740740742
2.969146049870000 1573142166.928373098373413 1.689080444444445
2.984570185194000 1962922399.209646701812744 1.694553851851853
2.985498097029000 2138398509.697005271911621 1.698982481481482
2.992282252856000 2138272636.192861557006836 1.703418592592594
2.984570185194000 2138044015.495591640472412 1.707854740740742
3.009577294620000 2137692078.677995443344116 1.712283481481482
2.993212562396000 2138553922.876776456832886 1.716724666666668
2.985498097029000 2135045367.315965652465820 1.721153944444445
3.076157243922000 2136159681.151967048645020 1.735413611111112
2.976858117532000 2232609465.992408752441406 1.741404648148149
1.713338134890000 2131421868.546513795852661 1.751313518518519
3.405552970950000 1879380804.468889713287354 1.761013500000001
3.353705265930000 1946343473.165130615234375 1.771141629629631
2.991350903864000 2147463411.605468750000000 1.775615574074075
3.354749432970000 2137120047.116613626480103 1.780049018518519
1.727392979734000 2136756926.320015907287598 1.784476574074075
3.038554658828000 1535900103.116118907928467 1.789630777777779
2.976858117532000 1999627956.025592327117920 1.795127240740742
1.720057107968000 2148603875.853876113891602 1.799616574074075
2.978709835188000 1557602192.503540754318237 1.804755296296297
3.077114997138000 1958814041.148082256317139 1.810223351851853
3.121444177065000 2227465576.189890384674072 1.814740574074075
3.092539132462000 2292933060.154343605041504 1.819232722222223
2.975931569308000 2258601055.800717353820801 1.823722907407408
2.991350903864000 2158027899.686520576477051 1.828212537037038
3.078071681433000 2125474784.890867233276367 1.832671944444445
3.085786146800000 2227689619.353011131286621 1.837182296296297
2.993212562396000 2248317100.036716938018799 1.841620666666668
3.029899240254000 2159142030.175510406494141 1.846131314814816
2.994143564904000 2183230193.721877098083496 1.850621333333334
3.068447576644000 2148732687.789779663085938 1.855090722222223
3.092539132462000 2226344554.259653568267822 1.859585740740742
1.712726492400000 2247457916.190825462341309 1.864028814814816
2.976858117532000 1571981427.063421964645386 1.869221555555557
1.713950232810000 1963234374.894161939620972 1.874689370370372
3.100251200124000 1558932897.008314609527588 1.879827685185186
3.075200559627000 2041052617.790496110916138 1.885341240740742
1.713338134890000 2134006271.942428112030029 1.889787851851853
1.719443066880000 1978410292.072322607040405 1.905286296296298
3.084827064800000 1644376130.454519510269165 1.912098944444446
2.985498097029000 2116239462.385915756225586 1.923071981481483
3.364553078088000 2165250675.241157531738281 1.931998833333335
3.348077969278000 2138016115.846770048141479 1.941014574074075
3.348077969278000 2137757229.548909664154053 1.945436370370372
3.053028242088000 2137550455.382533788681030 1.949870981481483
1.727392979734000 2125942972.165279626846313 1.954369759259261
3.076157243922000 1559915397.667475461959839 1.959542981481483
1.726159641360000 2040779034.647727489471436 1.965055074074076
2.975931569308000 1571615458.992354154586792 1.970245388888890
3.123387403110000 1962566148.215919256210327 1.975710388888891
2.975931569308000 2269011542.016703605651855 1.980238129629631
2.977783631662000 2169556056.822368621826172 1.984761648148150
3.030842591166000 2138039023.695053577423096 1.989179666666668
2.993212562396000 2183137731.667760372161865 1.993667055555557
2.992282252856000 2148805685.208800315856934 1.998154333333335
2.993212562396000 2138491312.283646106719971 2.002567759259261
3.029899240254000 2138514300.767725467681885 2.006996425925928
3.028956942189000 2182142593.523194313049316 2.011492240740743
3.046266726490000 2193087324.718862056732178 2.015933518518520
2.993212562396000 2192625946.149500846862793 2.020359351851853
3.092539132462000 2149023355.108310699462891 2.024844055555557
2.983641236586000 2228130954.968848705291748 2.029359037037039
2.978709835188000 2158549427.013453960418701 2.033872425925928
1.720671606272000 2138193064.455333709716797 2.038294092592594
3.076157243922000 1558819460.089757204055786 2.043439666666668
3.091576578478000 2040835553.650885343551636 2.048970796296298
3.106995913034000 2247602268.317414283752441 2.053408740740742
2.992282252856000 2135892188.259336471557617 2.057867129629631
2.999994320518000 2213230715.823271751403809 2.072216833333335
2.984570185194000 2127236531.139835596084595 2.078126555555557
1.728008960418000 2093369137.261876106262207 2.086977574074076
3.362461500632000 1487873665.906286239624023 2.096881648148150
3.362461500632000 2095680825.851911783218384 2.106805407407409
3.045318574810000 2137844990.974729061126709 2.111237407407409
3.369124600486000 2183010302.401423454284668 2.115734740740742
3.038554658828000 2139046290.778930187225342 2.120178870370372
2.993212562396000 2186604489.432572841644287 2.124609851851853
3.106029637919000 2148532712.013151645660400 2.129104462962965
2.999994320518000 2224326198.517838001251221 2.133622388888891
3.006770238420000 2158831255.154417037963867 2.138135777777780
3.007706388180000 2138143228.349422216415405 2.142561500000002
3.007706388180000 2138129785.004819869995117 2.146980203703706
3.100251200124000 2138131564.446373939514160 2.151416277777780
3.091576578478000 2227707574.882314682006836 2.155936333333335
1.712726492400000 2234348698.298207759857178 2.160372833333335
1.712726492400000 1570691871.091871023178101 2.165570333333335
1.713338134890000 1492681500.108458995819092 2.170180370370372
3.093500612167000 1492863320.295523643493652 2.174782370370373
3.115675335448000 2040874119.487775087356567 2.180297888888891
3.000927027763000 2293362515.982676982879639 2.184787703703706
3.014479905698000 2159491597.221655368804932 2.189325444444447
2.978709835188000 2138045053.696991682052612 2.193760481481484
1.714561419870000 2138352655.202906847000122 2.198179129629632
3.093500612167000 1559131971.858862400054932 2.203325148148151
3.007706388180000 2041162505.780560016632080 2.208851333333336
3.047213819965000 2159298675.324995994567871 2.213351388888891
3.090615098773000 2183351200.861205101013184 2.217841222222225
3.028956942189000 2145544885.022674322128296 2.222337277777780
2.977783631662000 1662074523.758716106414795 2.238391814814817
3.024070423864000 2126287931.361189365386963 2.244353240740743
2.975931569308000 2155615271.018836021423340 2.253269185185188
3.402079226847000 2165258943.941516399383545 2.262165648148151
2.975931569308000 2159684490.065211772918701 2.271119407407410
3.470430447900000 2148362985.183014869689941 2.275607500000003
3.331613229984000 2226661350.624833583831787 2.280119814814817
3.023130523504000 2109430700.740339756011963 2.284637259259262
3.078071681433000 2173293025.216334819793701 2.289118481481484
3.070357216066000 2236875795.994218349456787 2.293602740740743
3.109896537774000 2248172432.839568138122559 2.298028296296299
2.986426700046000 2203080943.759614467620850 2.302518611111113
2.970992970330000 2148623985.728974342346191 2.307003222222225
2.983641236586000 2137992803.715717315673828 2.311444814814817
1.706619161812000 2138119026.300594806671143 2.315870851851854
1.720671606272000 1558090647.741191625595093 2.321011222222225
3.070357216066000 1492406801.184701681137085 2.325619351851854
1.713338134890000 2041859222.894291400909424 2.331145555555558
1.707228859348000 1570417684.492894172668457 2.336336962962965
1.706009917920000 1492971604.441583395004272 2.340939925925928
2.983641236586000 1474577553.776406049728394 2.345547481481483
2.970992970330000 1960342650.744209051132202 2.351023092592595
2.977783631662000 2137980146.268644332885742 2.355451777777780
3.092539132462000 2138407845.625871658325195 2.359887370370373
2.977783631662000 2221590483.299429416656494 2.364402629629632
2.984570185194000 2158785211.701245784759521 2.368913703703706
2.993212562396000 2138370449.893479108810425 2.373346851851854
2.993212562396000 2138388361.437026500701904 2.377780388888891
2.990420594324000 2127450064.958859443664551 2.382227648148151
3.047213819965000 2026951219.309058189392090 2.386674611111113
3.030842591166000 2269361903.858917236328125 2.401127907407410
2.999994320518000 2181141233.674803733825684 2.407046388888892
3.129151446638000 2197667052.103993892669678 2.416046907407410
3.416445974266000 2233156490.889165401458740 2.425019740740744
3.114705580312000 2206708318.492974281311035 2.434014648148151
1.907507152320000 2147635576.392264842987061 2.438509722222225
3.093500612167000 1558596477.703771114349365 2.443650518518521
3.092539132462000 2036362837.910319805145264 2.449174666666670
3.039499354598000 2199941665.202439785003662 2.453601222222225
2.984570185194000 2202291394.771360397338867 2.458090740740743
2.985498097029000 2148529392.055396080017090 2.462567574074077
2.992282252856000 2138137886.889073133468628 2.466993907407410
2.976858117532000 2138074638.767237186431885 2.471429592592595
1.720057107968000 2138318531.363088130950928 2.475850925925928
2.985498097029000 1558204117.414579868316650 2.481005185185187
2.999994320518000 1961968112.725384473800659 2.486461907407409
3.037608907532000 2137894340.947270870208740 2.490893351851854
3.038554658828000 2182904373.823770523071289 2.495390222222225
3.053978794152000 2193522649.394065856933594 2.499821703703706
2.992282252856000 2192842430.355267524719238 2.504264888888891
2.993212562396000 2149008510.163885593414307 2.508749722222225
2.999060571142000 2138614008.842235565185547 2.513181314814817
2.991350903864000 2121607342.911285877227783 2.517617944444447
2.985498097029000 2138516165.583925008773804 2.522030611111113
3.091576578478000 2138435924.330242395401001 2.526462148148150
3.082907829200000 2227868628.304412364959717 2.530972111111113
3.078071681433000 2248353887.041526317596436 2.535410648148150
3.085786146800000 2236136874.820575237274170 2.539861592592594
3.138811538434000 2247319096.159387111663818 2.544296166666668
3.223644282716000 2293220101.991820812225342 2.548770018518520
2.994143564904000 2248255317.741241931915283 2.553248388888890
3.024070423864000 2135959945.694336652755737 2.567570611111113
2.978709835188000 2178591919.911977291107178 2.573545518518520
3.047213819965000 2132367175.675535440444946 2.582465055555557
1.902148689746000 2130667044.873633384704590 2.591376500000002
3.030842591166000 1478028800.941526651382446 2.601383888888891
3.353705265930000 2001768257.472254753112793 2.606886962962965
3.122415247590000 2148583373.893531799316406 2.611376555555557
1.930410722555000 2272531237.509482860565186 2.615917037037039
3.007706388180000 1540965818.398705005645752 2.621133185185187
2.970069166295000 1962487555.886736154556274 2.626600592592594
3.000927027763000 2137779719.666006088256836 2.631031814814817
3.029899240254000 2138252260.084175825119019 2.635462574074076
2.992282252856000 2182200742.482366085052490 2.639952018518520
2.976858117532000 2145686846.375207901000977 2.644437333333335
3.006770238420000 2138366609.071093559265137 2.648863685185187
1.718214984704000 2138230737.116328716278076 2.653299388888890
3.039499354598000 1558554417.680798530578613 2.658445796296298
2.985498097029000 1999952363.015080928802490 2.663951944444446
3.030842591166000 2148983473.736372947692871 2.668436388888890
1.721285190144000 2183582810.761814594268799 2.672931018518520
3.085786146800000 1565505636.665388107299805 2.678097259259260
2.983641236586000 2041558934.850433826446533 2.683611351851853
2.990420594324000 2158195656.990915298461914 2.688124351851853
3.093500612167000 2138171665.901406526565552 2.692560833333335
3.101215077534000 2227853425.162956714630127 2.697078055555557
2.985498097029000 2248535866.123171329498291 2.701516629629631
2.993212562396000 2159289546.647607803344727 2.706025018518520
2.984570185194000 2133709668.767600774765015 2.710443981481483
1.713338134890000 2138308953.119492292404175 2.714857092592594
3.048161618910000 1557737104.885709524154663 2.719957000000001
3.030842591166000 1997003121.021034002304077 2.725469203703705
3.098322368346000 2148750205.873218059539795 2.739838888888890
3.046266726490000 2176524962.660983085632324 2.746807074074075
2.998127863897000 1745806636.898859977722168 2.757639888888890
1.900790577840000 2133213942.192434787750244 2.766523129629631
3.115675335448000 1806473384.766155481338501 2.776141333333335
3.401021838942000 2081308836.979524850845337 2.781689148148149
3.092539132462000 2207878660.279211521148682 2.786192574074075
3.472589186100000 2236054375.559027194976807 2.790685333333335
2.991350903864000 2202860798.584449291229248 2.795122814814816
3.083866911200000 2158251842.423993587493896 2.799633277777779
3.038554658828000 2226516628.085629463195801 2.804153185185187
1.720057107968000 2203540951.831079006195068 2.808643555555557
2.987354957472000 1564962545.337020158767700 2.813800407407409
3.070357216066000 1962269626.299903631210327 2.819254870370372
2.994143564904000 2227800069.023887157440186 2.823762166666668
3.040444754052000 2158479580.169939041137695 2.828264870370372
3.045318574810000 2183386829.830570220947266 2.832747222222224
2.976858117532000 2193450457.163908958435059 2.837170629629631
3.031784889231000 2148606639.028160572052002 2.841650870370372
2.975931569308000 2183194272.963927268981934 2.846132537037038
2.999994320518000 2148937261.641027450561523 2.850604666666668
3.107963267786000 2138549448.989814758300781 2.855040962962964
2.999994320518000 2228005200.152559757232666 2.859556500000001
2.991350903864000 2158242862.237598896026611 2.864074074074075
3.124358473635000 2138517167.597204923629761 2.868505333333335
1.720057107968000 2272760966.174112319946289 2.873043277777779
2.976858117532000 1578203665.090703725814819 2.878256629629631
3.047213819965000 1962895957.740789175033569 2.883711500000001
3.138811538434000 2182690121.541140079498291 2.888210814814816
3.053028242088000 2283144471.526700496673584 2.892723814814816
1.718829025792000 2202084193.512838363647461 2.897260981481483
2.982713324751000 2010351701.908485651016235 2.912307814814816
2.982713324751000 1950252087.155544281005859 2.919403685185187
3.029899240254000 1727644047.864658594131470 2.930174796296298
3.417508157581000 2158399717.605041503906250 2.939093222222224
3.424158041928000 2239578025.662834167480469 2.948172500000002
3.000927027763000 2192892876.826722145080566 2.952607685185187
3.517796207352000 2148489231.760933399200439 2.957089314814817
3.053028242088000 2211288687.258529663085938 2.961628444444446
3.061690861814000 2212696668.706038951873779 2.966138425925928
3.008641493130000 2193034315.485384464263916 2.970574388888891
1.727392979734000 2148646224.740071296691895 2.975059240740743
3.046266726490000 1557342989.980537652969360 2.980197388888891
2.993212562396000 2001843950.212046146392822 2.985703703703706
3.000927027763000 2148537726.393420219421387 2.990193388888891
3.007706388180000 2132298552.970493793487549 2.994614962962965
2.994143564904000 2138247427.934118509292603 2.999048277777780
1.725543201674000 2133162034.398363828659058 3.003467092592595
3.053978794152000 1558359863.160053253173828 3.008615037037039
2.998127863897000 2001404516.500267505645752 3.014118314814817
3.053978794152000 2148811150.084595680236816 3.018605907407409
2.991350903864000 2183149654.542010784149170 3.023103425925928
2.993212562396000 2148827447.806553840637207 3.027588166666669
2.975931569308000 2135976300.561104059219360 3.032013962962965
2.985498097029000 2138604862.891842126846313 3.036448148148150
2.993212562396000 2138146027.314822435379028 3.040879333333335
1.726776081046000 2138361426.960190296173096 3.045312481481484
3.035719164150000 1558791359.761648654937744 3.050458944444447
3.000927027763000 2000953965.306308031082153 3.055953592592595
2.984570185194000 2053878759.680985450744629 3.060451240740743
3.099286245756000 2133443047.433596134185791 3.075667444444447
3.092539132462000 2166937846.005226612091064 3.081648407407410
3.121444177065000 1840883632.349782466888428 3.095271259259261
3.515608278768000 2278257533.119121074676514 3.104181296296299
3.107963267786000 2181842124.916129112243652 3.110529259259262
1.907507152320000 2247121875.195332527160645 3.114973240740743
3.037608907532000 1571035846.459921598434448 3.120167203703706
3.039499354598000 1996588160.445952653884888 3.125668537037039
1.718829025792000 2127996916.538189172744751 3.130112796296299
2.985498097029000 1564905473.313480615615845 3.135286722222224
3.038554658828000 1962355765.910337209701538 3.140756611111113
2.982713324751000 2183235169.613664627075195 3.145253759259262
3.047213819965000 2148747134.254164218902588 3.149746481481484
2.994143564904000 2183177747.323975086212158 3.154246314814817
3.099286245756000 2143717760.393254995346069 3.158736851851855
1.726159641360000 2227791756.372540950775146 3.163244037037040
2.999994320518000 1570342425.690664768218994 3.168436296296299
3.037608907532000 1963197301.398070812225342 3.173904148148151
3.038554658828000 2182916911.737486839294434 3.178406500000003
3.039499354598000 2193350898.003508567810059 3.182840203703707
2.984570185194000 2193511753.434607982635498 3.187276259259262
2.984570185194000 2148567055.970703125000000 3.191766703703707
3.037608907532000 2137373625.176044464111328 3.196184777777781
3.084827064800000 2183279722.989406108856201 3.200677185185188
3.083866911200000 2238499368.762650489807129 3.205151055555559
3.090615098773000 2248566586.986721515655518 3.209590111111114
3.069402929476000 2248526926.900169849395752 3.214023925925929
3.031784889231000 2203606738.331162452697754 3.218516740740744
2.992282252856000 2193239444.149747371673584 3.222950388888892
3.031784889231000 2148064502.257579326629639 3.227429129629633
2.990420594324000 2074512314.019794464111328 3.231949722222225
2.999994320518000 2172022646.512312889099121 3.246281092592596
2.984570185194000 2122796858.658416748046875 3.252195055555558
2.992282252856000 2132642569.525458097457886 3.261052722222225
1.908188354152000 2093353576.572753190994263 3.269911037037040
2.970069166295000 1476245146.305413246154785 3.279909148148151
3.407672936876000 1960187480.510324478149414 3.285372629629632
3.093500612167000 2177345374.718878269195557 3.289852037037039
1.903506043495000 2236116439.401753425598145 3.294340462962965
3.138811538434000 1542578375.854855298995972 3.299536814814817
2.986426700046000 2080223152.544640064239502 3.305074962962965
3.116644008268000 2169275636.310136795043945 3.309606296296299
3.131099470772000 2272560703.423918247222900 3.314136518518521
2.977783631662000 2302840012.535255432128906 3.318568462962965
3.122415247590000 2169083252.083145618438721 3.323088870370372
1.719443066880000 2272326937.203114509582520 3.327626722222224
3.030842591166000 1577305596.661379098892212 3.332845111111113
3.031784889231000 2001702558.097276210784912 3.338348333333335
3.139787404369000 2193542725.134688854217529 3.342789296296298
2.983641236586000 2169853453.443452835083008 3.347237888888891
3.093500612167000 2136147111.025090932846069 3.351734870370373
3.093500612167000 2226735851.149947166442871 3.356241518518521
3.037608907532000 2248467242.318816184997559 3.360659481481484
2.984570185194000 2197343372.497104167938232 3.365135777777780
2.993212562396000 2148259540.281187057495117 3.369616777777780
3.101215077534000 2138472744.822376728057861 3.374029462962965
3.101215077534000 2183133619.888763427734375 3.378514407407410
3.100251200124000 2238375379.380685329437256 3.382999055555558
3.101215077534000 2248531205.043846130371094 3.387440111111114
2.992282252856000 2248372944.212891101837158 3.391874296296299
2.985498097029000 2157917152.369600296020508 3.396379666666669
2.983641236586000 2055598053.123115062713623 3.400831240740743
3.098322368346000 1652727941.423320770263672 3.416828000000003
3.069402929476000 2288177666.566248416900635 3.422852185185188
3.093500612167000 2225928744.265038490295410 3.431837037037040
2.985498097029000 2210120665.265874862670898 3.440791407407410
1.894750407996000 2150336050.793860435485840 3.449757203703707
3.031784889231000 1558336083.610341787338257 3.454899222222225
1.894074003360000 1999126542.908266305923462 3.460394796296299
1.719443066880000 1565103375.640791416168213 3.465564185185188
3.008641493130000 1439433535.853254079818726 3.470175833333336
3.016355958497000 2001440700.890243768692017 3.475679944444448
3.045318574810000 2192237945.020279407501221 3.480117944444447
2.967298785605000 2193495588.872952938079834 3.484559574074077
2.969146049870000 2148796667.573112964630127 3.489054129629633
1.720057107968000 2138400993.493786573410034 3.493482944444447
2.975931569308000 1558846118.158179521560669 3.498632037037040
3.116644008268000 1961808961.832991361618042 3.504102148148151
2.967298785605000 2272301897.910579681396484 3.508627592592596
2.985498097029000 2169775869.671729564666748 3.513163148148151
3.139787404369000 2138687668.857362031936646 3.517584203703707
2.978709835188000 2272446895.618062496185303 3.522125574074077
3.076157243922000 2169368027.823240756988525 3.526651500000003
2.992282252856000 2226304238.622396469116211 3.531156370370373
2.983641236586000 2158765046.434405326843262 3.535656944444447
3.083866911200000 2126548188.229775667190552 3.540078648148151
3.083866911200000 2223384422.760356426239014 3.544589740740744
3.139787404369000 2248732974.731048107147217 3.549030851851855
1.719443066880000 2293194759.025710105895996 3.553521111111114
3.021249672616000 1577752840.697050333023071 3.558731425925928
1.727392979734000 2001737139.392714738845825 3.564229481481484
2.993212562396000 1488208507.534746170043945 3.569637759259261
2.992282252856000 2194628951.084354877471924 3.585073629629632
2.993212562396000 2126067902.336374044418335 3.590987351851854
3.047213819965000 2135129760.343837976455688 3.599828722222224
3.363506900012000 2251342895.595582485198975 3.608868888888891
3.345995598652000 2121997359.501770973205566 3.617845870370373
3.353705265930000 2136997989.004327058792114 3.622275222222224
1.712726492400000 2138189242.337576627731323 3.626710648148150
2.975006055178000 1552959768.563995838165283 3.631857259259261
2.984570185194000 1914675862.022461414337158 3.637349833333335
1.720057107968000 2136863996.996621370315552 3.641789277777780
1.713950232810000 1558673210.498457193374634 3.646932185185187
3.124358473635000 1492544713.191386699676514 3.651537462962965
3.030842591166000 2079648654.602255105972290 3.657085870370372
3.047213819965000 2214027330.409092426300049 3.661586351851854
3.024070423864000 2193172076.958137989044189 3.666014925925928
2.992282252856000 2145362016.948035001754761 3.670507962962965
2.992282252856000 2138233073.080109596252441 3.674933851851854
1.715173290075000 2138414838.582660436630249 3.679354759259261
2.976858117532000 1558578755.975353956222534 3.684503222222224
2.992282252856000 1962927612.451119184494019 3.689968148148150
2.983641236586000 2138210078.941539764404297 3.694399462962965
3.124358473635000 2138251136.463251352310181 3.698835740740743
2.993212562396000 2272785186.939548969268799 3.703370777777780
2.998127863897000 2169905311.079870700836182 3.707902185185187
2.999994320518000 2137701836.853970289230347 3.712338111111114
2.976858117532000 2138824890.833340406417847 3.716774074074077
2.991350903864000 2138630926.697104930877686 3.721203185185188
1.717620087750000 2138225751.886764764785767 3.725637092592595
3.002793484384000 1558717572.603490114212036 3.730775351851855
1.713338134890000 1960337912.106483459472656 3.736254203703707
2.984570185194000 1981577078.495043039321899 3.752353592592595
2.975931569308000 2024109855.784599542617798 3.758436314814817
3.124358473635000 1779729708.402224540710449 3.767306981481484
3.083866911200000 2264417998.810978412628174 3.776277944444447
3.408733906604000 1938712769.185152530670166 3.787020240740743
3.355792434645000 2168599590.274825096130371 3.793248444444447
2.985498097029000 2136369979.504809617996216 3.797730074074077
3.525510672719000 2137979571.911378145217896 3.802168407407410
2.993212562396000 2106162947.257709741592407 3.806605425925929
1.720057107968000 2137495523.136730432510376 3.811035611111114
2.977783631662000 1558062031.047865390777588 3.816188944444447
3.101215077534000 1962607806.824089765548706 3.821638592592595
3.099286245756000 2227694982.727422237396240 3.826141555555558
3.038554658828000 2248041990.050583839416504 3.830567648148151
1.720057107968000 2203527758.704842090606689 3.835044722222225
2.985498097029000 1564544261.731507539749146 3.840215981481484
3.037608907532000 1963224134.545725584030151 3.845686240740744
2.992282252856000 2183178747.308767795562744 3.850176129629632
3.046266726490000 2148665796.636713027954102 3.854645962962965
2.999060571142000 2182975369.254718780517578 3.859130722222225
2.987354957472000 2148672339.547929286956787 3.863620351851854
3.044371481335000 2137459845.106390237808228 3.868051111111114
1.719443066880000 2183337529.608041286468506 3.872546574074077
2.976858117532000 1564960559.107550859451294 3.877710888888891
3.031784889231000 1962756760.059885978698730 3.883165722222225
2.984570185194000 2183190069.515040874481201 3.887665148148151
3.077114997138000 2147612463.719050407409668 3.892150462962966
3.046266726490000 2227996267.629081249237061 3.896655592592595
2.976858117532000 2202613794.980943679809570 3.901145148148151
3.036664211762000 2033553430.867504596710205 3.905638666666670
2.993212562396000 2144198253.478284835815430 3.920444814814818
3.094462808058000 2127377191.919380426406860 3.926404203703707
2.992282252856000 2207992501.401316165924072 3.935324388888892
3.131099470772000 2134167349.626051187515259 3.944240740740744
1.909550757816000 2222766686.048416137695312 3.953285777777781
1.908188354152000 1577279048.639747858047485 3.958504037037040
1.908188354152000 1492548984.910395383834839 3.963108629629632
1.914907327230000 1487673629.568273305892944 3.967714166666669
3.069402929476000 1491100601.270017147064209 3.972324777777780
1.720057107968000 2036671503.361234903335571 3.977853500000002
2.985498097029000 1570930036.102113246917725 3.983044537037039
1.721899459840000 1961940046.149623632431030 3.988509851851854
3.100251200124000 1559035967.496519804000854 3.993658018518521
3.092539132462000 2034402953.656988143920898 3.999200425925928
2.999994320518000 2248421339.381360530853271 4.003625907407410
2.993212562396000 2158072745.370636940002441 4.008128166666669
2.983641236586000 2138435436.739192247390747 4.012564240740743
1.712114849910000 2138358500.269690513610840 4.016993185185187
3.098322368346000 1550782789.873945236206055 4.022148203703706
2.993212562396000 2034572135.986410856246948 4.027675444444447
3.093500612167000 2137243445.911566495895386 4.032115703703706
3.093500612167000 2228178715.230320453643799 4.036627537037039
3.000927027763000 2248226981.211799144744873 4.041054074074076
2.992282252856000 2158798299.550243377685547 4.045562685185187
2.992282252856000 2137786677.031483173370361 4.049993629629632
3.031784889231000 2138201405.191285371780396 4.054434833333335
2.986426700046000 2183092702.462177753448486 4.058929500000002
3.101215077534000 2148881959.910913467407227 4.063419500000002
3.093500612167000 2228022557.069385528564453 4.067934796296298
3.031784889231000 2247523755.453046321868896 4.072370814814817
2.992282252856000 2202474842.572774887084961 4.076861425925927
3.138811538434000 2144690086.423516273498535 4.081356944444446
1.707228859348000 2149456376.098826885223389 4.095703055555557
3.029899240254000 1480967976.479120969772339 4.101881962962964
3.094462808058000 2121968383.266602277755737 4.109929740740742
1.727392979734000 2229159634.262355804443359 4.118845259259261
1.902148689746000 1907055642.076815843582153 4.128548148148149
3.408733906604000 1708077953.389949560165405 4.136459333333335
1.909550757816000 2001699631.085738897323608 4.141960962962965
3.098322368346000 1565008147.858722686767578 4.147127055555557
3.068447576644000 2020279633.039809703826904 4.152657981481482
3.070357216066000 2247706331.207477569580078 4.157091925925926
2.977783631662000 2248273682.535961151123047 4.161515407407408
2.984570185194000 2158699695.359779357910156 4.166025888888889
2.977783631662000 2138377168.452779531478882 4.170449592592592
2.983641236586000 2138314418.044206857681274 4.174875759259259
3.116644008268000 2137920490.013137102127075 4.179301944444444
3.100251200124000 2268983173.204522609710693 4.183837259259259
3.099286245756000 2257663403.132497310638428 4.188321907407407
3.038554658828000 2248280962.201608180999756 4.192757722222222
2.977783631662000 2203743214.789982795715332 4.197243240740741
2.975931569308000 2148539788.789065837860107 4.201730592592592
1.713338134890000 2138368278.611140489578247 4.206144018518518
2.985498097029000 1558031076.262068510055542 4.211290259259259
3.098322368346000 1962565420.766508102416992 4.216757574074074
3.002793484384000 2228197446.194107055664062 4.221272259259259
3.090615098773000 2159258678.519587516784668 4.225788518518518
3.094462808058000 2227815817.967058181762695 4.230303777777777
1.727392979734000 2248106962.604903221130371 4.234732462962962
2.985498097029000 1571763557.228561401367188 4.239927518518518
2.984570185194000 1959483597.474813938140869 4.245392462962962
1.719443066880000 2137142312.324368000030518 4.249820907407407
3.123387403110000 1442775287.747857570648193 4.254985537037037
3.039499354598000 2194027173.736388683319092 4.270368037037037
1.720057107968000 2179087659.621754169464111 4.276367462962963
1.706009917920000 1636604492.471615076065063 4.286169870370370
3.355792434645000 1656482416.572908878326416 4.296934425925925
3.037608907532000 2075924585.704371929168701 4.306941370370369
3.353705265930000 2181959017.104431629180908 4.311424722222221
1.720057107968000 2148558822.312853336334229 4.315901796296296
3.099286245756000 1552406487.615207433700562 4.321045499999999
3.091576578478000 2024582294.761310100555420 4.326574518518518
3.008641493130000 2247533814.247069358825684 4.331010518518518
1.713950232810000 2157125539.486947059631348 4.335511537037037
3.024070423864000 1557704501.548722743988037 4.340659148148148
3.031784889231000 1988921621.736695528030396 4.346313351851851
3.033670538208000 2190593701.385094642639160 4.350753481481481
2.976858117532000 2192475810.785477638244629 4.355198759259259
3.131099470772000 2104737696.366834402084351 4.359778481481481
2.994143564904000 2228732677.142880439758301 4.364320222222221
2.975931569308000 2169009255.579364776611328 4.368840018518518
1.713950232810000 2138650474.345185995101929 4.373265222222222
2.976858117532000 1558883681.749291658401489 4.378409314814815
2.968221902030000 1962607793.635604858398438 4.383866759259259
3.093500612167000 2137385760.425731420516968 4.388293129629630
3.084827064800000 2227368625.924484252929688 4.392812666666667
3.023130523504000 2248532775.196651458740234 4.397240981481482
3.078071681433000 2203594651.850996971130371 4.401734055555556
2.985498097029000 2238274095.315224647521973 4.406215870370371
3.100251200124000 2158863796.944817066192627 4.410729148148149
2.984570185194000 2227949952.011025428771973 4.415244074074074
2.976858117532000 2159150104.979988098144531 4.419759925925926
2.985498097029000 2007934956.035637140274048 4.424212185185185
2.993212562396000 2132632488.105466127395630 4.438481111111111
2.992282252856000 2132456773.822441339492798 4.448396870370370
2.985498097029000 2091885142.698136091232300 4.457248111111111
3.472589186100000 1729026864.963051557540894 4.468013888888889
2.983641236586000 2198162320.116145610809326 4.477019185185185
3.370173568294000 2157901844.120837688446045 4.481526000000000
3.017294159478000 2137962332.243148803710938 4.485959500000000
1.732876215840000 2137855547.766873598098755 4.490397722222222
1.726776081046000 1537266281.518276691436768 4.495542444444444
1.720057107968000 1491251639.218967437744141 4.500146037037037
3.006770238420000 1492811739.130434751510620 4.504746037037036
2.994143564904000 1963102227.275495767593384 4.510218592592592
2.984570185194000 2138214404.281562805175781 4.514647574074074
3.070357216066000 2138159093.191403865814209 4.519073351851851
3.108929542901000 2227431125.568755149841309 4.523570666666666
2.984570185194000 2247284209.210252285003662 4.528014185185184
1.720057107968000 2159305101.437857151031494 4.532527074074073
2.982713324751000 1559215040.518638610839844 4.537668740740740
2.978709835188000 1962488195.812828779220581 4.543128981481480
2.985498097029000 2138276589.245889902114868 4.547554851851851
2.995074220928000 2138056442.460467576980591 4.551960518518518
2.992282252856000 2138511770.213335037231445 4.556391037037037
1.720057107968000 2138538473.103909015655518 4.560825111111111
3.022189572976000 1543706616.145638465881348 4.565976370370370
1.713950232810000 2001940392.225482702255249 4.571479629629629
3.046266726490000 1564245696.282835721969604 4.576646351851852
3.038554658828000 2000738768.662863016128540 4.582154666666667
3.038554658828000 2193239941.892986297607422 4.586590925925926
3.030842591166000 2193215102.860009670257568 4.591019814814815
3.147501869736000 2086272658.490958452224731 4.595474444444444
3.078071681433000 2172394238.425224304199219 4.609894370370371
3.101215077534000 2234988915.089960575103760 4.615878481481482
3.038554658828000 2206598638.023896217346191 4.624852370370371
3.416445974266000 2136202701.017039537429810 4.633759851851852
3.008641493130000 2159540627.256954669952393 4.642682888888888
3.370173568294000 2147538238.525138378143311 4.647166925925926
3.045318574810000 2138287623.319135904312134 4.651593111111111
3.153253916702000 2174178460.169114589691162 4.656087111111111
3.038554658828000 2259318122.159697055816650 4.660602148148148
1.728008960418000 2213278265.117214679718018 4.665113499999999
3.082907829200000 1565513612.903225898742676 4.670280166666666
1.712726492400000 2041714406.577653169631958 4.675796037037037
1.713950232810000 1570800252.362332344055176 4.680991388888889
1.706009917920000 1492435047.140770435333252 4.685593444444445
3.124358473635000 1492663861.790745496749878 4.690193018518519
2.977783631662000 2078457711.642467737197876 4.695729740740741
2.993212562396000 2168484923.710094451904297 4.700265314814815
1.720057107968000 2136979644.542137861251831 4.704696740740741
3.021249672616000 1558816379.906622886657715 4.709837185185186
3.077114997138000 2002298767.925671339035034 4.715338296296297
2.975931569308000 2226502338.530523777008057 4.719848092592593
2.982713324751000 2158031406.120862960815430 4.724351814814815
2.978709835188000 2138600558.402367353439331 4.728782444444445
3.085786146800000 2138285224.778405189514160 4.733203259259259
3.093500612167000 2227902536.912861824035645 4.737715888888888
2.991350903864000 2248275889.960890769958496 4.742157407407407
2.993212562396000 2158967929.885604858398438 4.746670666666667
2.985498097029000 2138391223.300645589828491 4.751091462962963
1.699293343440000 2135576940.495445489883423 4.756529888888889
2.984570185194000 1555625359.671526908874512 4.761685055555556
3.084827064800000 2196648061.713989257812500 4.777111055555555
3.085786146800000 2180597231.567600250244141 4.785340074074074
3.138811538434000 2197031226.504937171936035 4.794207185185185
3.370173568294000 1998918934.029072046279907 4.804939185185185
3.471509415150000 2135270237.566312074661255 4.813983833333332
1.910232213260000 2271894671.168526172637939 4.818525166666666
2.970069166295000 1569741099.542419433593750 4.823741814814814
1.720671606272000 1954906501.162432432174683 4.829214055555554
3.030842591166000 1551261916.242650270462036 4.834360314814814
2.976858117532000 2000665404.590044498443604 4.839848037037036
2.984570185194000 2146940801.994872570037842 4.844333611111110
3.036664211762000 2138542383.076846122741699 4.848766722222221
3.037608907532000 2183164406.940753936767578 4.853248037037035
2.982713324751000 2192970416.330219268798828 4.857674277777776
2.999994320518000 2148524628.923122406005859 4.862154481481480
1.713338134890000 2138284798.070925235748291 4.866578018518517
2.984570185194000 1558909968.576489686965942 4.871710999999999
2.977783631662000 1953273682.748245716094971 4.877176574074072
3.078071681433000 2138001456.828885316848755 4.881600185185183
1.720671606272000 2227914349.742655277252197 4.886112074074072
3.023130523504000 1571922324.554047822952271 4.891301759259258
2.977783631662000 2000738969.672070264816284 4.896800907407406
1.720057107968000 2148813589.159748554229736 4.901282148148146
2.977783631662000 1558953541.064261198043823 4.906431259259257
2.977783631662000 1962945595.467760801315308 4.911883555555553
1.713338134890000 2137723644.777157783508301 4.916301648148146
2.977783631662000 1559043879.957513332366943 4.921444888888886
3.108929542901000 1963221147.952358722686768 4.926913240740738
2.976858117532000 2157022483.704806804656982 4.931464685185182
2.991350903864000 2256352700.050327301025391 4.946183203703701
1.712726492400000 2189271882.505807876586914 4.952297296296293
3.069402929476000 1632781170.968036651611328 4.962021444444441
3.477059942378000 2207856546.192230701446533 4.971948759259256
3.362461500632000 2165605441.982173442840576 4.981007277777774
3.100251200124000 2158084023.071908950805664 4.985524555555552
3.093500612167000 2227650134.191282272338867 4.990037185185181
2.982713324751000 2144764915.241048097610474 4.994558722222218
3.078071681433000 2137356396.583139419555664 4.998989907407402
2.984570185194000 2227436025.263019561767578 5.003499499999995
3.093500612167000 2158410242.580891609191895 5.007963074074069
2.984570185194000 2227641347.885806083679199 5.012466148148143
3.038554658828000 2159104539.778515338897705 5.016974444444439
3.138811538434000 2182956759.115912914276123 5.021472074074069
3.133047132348000 2282635333.730264663696289 5.025981981481476
3.000927027763000 2303140396.698904037475586 5.030420462962958
2.993212562396000 2169452897.422874927520752 5.034941722222217
2.993212562396000 2138419271.738720655441284 5.039362703703699
2.976858117532000 2138504733.994589567184448 5.043798703703699
3.038554658828000 2125399198.083427667617798 5.048227907407402
2.985498097029000 2183476262.108638763427734 5.052708944444439
2.992282252856000 2148714242.144482135772705 5.057202129629625
2.990420594324000 2137566722.697508811950684 5.061630907407403
2.992282252856000 2138364180.151880979537964 5.066064203703699
2.993212562396000 2138461697.264000654220581 5.070495518518514
2.985498097029000 2138456192.029907464981079 5.074933870370366
1.718829025792000 2127141995.167933225631714 5.079371814814810
1.719443066880000 1558185831.156776666641235 5.084519259259255
3.263218850241000 1492984180.004266023635864 5.089120796296292
1.719443066880000 1959523639.094488620758057 5.094595092592589
2.986426700046000 1937208057.726999521255493 5.109562092592589
2.990420594324000 2087711165.985722780227661 5.115749037037033
1.713338134890000 1728868392.344497680664062 5.127360148148144
3.532126989196000 1850826023.113997936248779 5.137007981481477
2.970992970330000 1973361359.453779458999634 5.147211425925922
3.394364761480000 2168652718.948167324066162 5.151749537037032
3.038554658828000 2181983457.511947154998779 5.156240777777773
2.983641236586000 2166830783.827421665191650 5.160690925925921
1.707228859348000 2147809180.636064529418945 5.165182666666662
3.031784889231000 1558696930.950897216796875 5.170324203703699
2.993212562396000 2001909632.999737739562988 5.175827277777773
3.031784889231000 2147817940.188366413116455 5.180314203703699
3.093500612167000 2183196856.824650287628174 5.184803648148144
2.977783631662000 2237873747.718893051147461 5.189278814814810
3.077114997138000 2158571064.916509151458740 5.193789166666662
3.093500612167000 2227720297.263064861297607 5.198306925925920
3.030842591166000 2246554885.887440204620361 5.202743740740735
1.721285190144000 2200419533.805495262145996 5.207233203703698
3.039499354598000 1564521181.580984592437744 5.212400166666661
2.975931569308000 2001396943.019828081130981 5.217903055555549
3.037608907532000 2148667068.319495677947998 5.222390685185179
3.045318574810000 2183202673.082944869995117 5.226885425925920
2.985498097029000 2193544845.188284873962402 5.231311351851845
2.992282252856000 2148940282.257066726684570 5.235801611111104
2.999994320518000 2133957132.199468612670898 5.240220018518512
3.037608907532000 2138474983.394671916961670 5.244652999999993
2.992282252856000 2183558547.608943939208984 5.249147759259253
3.092539132462000 2148705927.576187133789062 5.253628074074068
1.728008960418000 2226226010.049263000488281 5.258146555555549
2.991350903864000 1568732976.908363580703735 5.263345648148142
2.976858117532000 2117084316.566284179687500 5.278632833333327
2.991350903864000 2066594695.247917652130127 5.284540185185179
2.985498097029000 1728075464.684014797210693 5.295300185185179
3.486938345884000 2132587996.045874595642090 5.304142333333328
3.036664211762000 2198382280.953322887420654 5.313130777777772
3.361414933208000 2202957378.914560317993164 5.317622555555550
3.093500612167000 2148376770.398200511932373 5.322117777777772
1.706009917920000 2128498174.533805608749390 5.326545870370365
1.706619161812000 1520206126.931967973709106 5.331696777777773
2.991350903864000 1489510178.127288818359375 5.336298148148143
3.084827064800000 1962733187.134502887725830 5.341770148148143
3.015758803146000 2205839051.619863510131836 5.346301851851846
3.047213819965000 2200966614.340630054473877 5.350796462962958
3.045318574810000 2192805925.938287734985352 5.355235203703699
2.967298785605000 2193327394.935502529144287 5.359665462962958
3.093500612167000 2141196617.423321008682251 5.364156888888885
3.092539132462000 2227316839.761698722839355 5.368673425925921
2.999994320518000 2248581198.510325908660889 5.373103925925921
3.007706388180000 2159312049.695557117462158 5.377617333333329
3.092539132462000 2138409912.949450254440308 5.382035796296292
3.092539132462000 2227945989.917789459228516 5.386543185185181
2.986426700046000 2248394575.495338916778564 5.390977111111106
2.993212562396000 2158717385.955415248870850 5.395492888888884
2.992282252856000 2137614784.397685050964355 5.399921481481477
3.045318574810000 2137496201.452558040618896 5.404352999999995
1.720671606272000 2183243406.756222724914551 5.408852555555550
3.101215077534000 1565208143.095020771026611 5.414023944444439
3.092539132462000 2042241672.700941324234009 5.419547944444440
3.129151446638000 2247909488.487938880920410 5.423964407407403
3.122415247590000 2291435262.914366722106934 5.428446925925921
1.720671606272000 2171195755.910935878753662 5.432909777777772
3.039499354598000 1931470349.854691743850708 5.448030870370365
3.039499354598000 2129141149.826734781265259 5.454139037037032
1.726159641360000 2149848969.736731529235840 5.463848888888884
3.409793692214000 1487965453.163431644439697 5.473764574074069
3.356836213230000 2131493633.050357818603516 5.483764129629625
2.999994320518000 2146635750.568188905715942 5.488237407407403
3.007706388180000 2138103352.165096282958984 5.492675666666662
2.999994320518000 2108398960.412821292877197 5.497100499999995
3.137834582146000 2137415669.638557434082031 5.501522592592587
3.137834582146000 2271777019.303001880645752 5.506058444444439
3.038554658828000 2303130468.144021034240723 5.510499148148143
2.993212562396000 2213843579.728221416473389 5.515012629629624
1.726776081046000 2148703912.410805225372314 5.519504981481476
3.032727889194000 1558123258.275665760040283 5.524648351851846
1.713338134890000 2002148686.270219326019287 5.530149370370365
3.039499354598000 1565446039.816671371459961 5.535321222222217
1.721899459840000 2002103255.011855840682983 5.540819296296291
2.993212562396000 1565300869.939552783966064 5.545981425925921
3.100251200124000 1963407601.865746498107910 5.551448407407403
2.983641236586000 2227511679.110444545745850 5.555965018518513
3.124358473635000 2159386670.713799476623535 5.560479722222217
3.122415247590000 2272722052.161136150360107 5.565016944444439
2.985498097029000 2303347388.139271259307861 5.569445814814809
3.092539132462000 2168174489.074510574340820 5.573977351851847
1.719443066880000 2227796008.432657718658447 5.578492425925921
2.983641236586000 1571368573.171906709671021 5.583682259259255
3.090615098773000 1949059752.270627021789551 5.589152685185180
2.992282252856000 2227982348.880781173706055 5.593659796296291
2.999994320518000 2159344001.507251262664795 5.598181148148143
2.992282252856000 2216647163.567034721374512 5.612595444444439
3.045318574810000 2127145261.021281480789185 5.618507407407402
2.990420594324000 2172174365.731464862823486 5.627389759259254
3.361414933208000 2148408452.753025531768799 5.636301166666661
3.372269942946000 2119524858.158239364624023 5.645211722222217
3.047213819965000 2137847369.411174535751343 5.649641444444439
3.082907829200000 2182791936.188271045684814 5.654136148148143
3.131099470772000 2173118666.950010776519775 5.658580425925921
3.038554658828000 2282126419.668016433715820 5.663095370370366
3.000927027763000 2208868521.513541698455811 5.667606740740736
1.726159641360000 2147446561.907946109771729 5.672093240740736
3.090615098773000 1558969946.240041494369507 5.677239574074069
2.993212562396000 2041327092.853914737701416 5.682770962962958
1.727392979734000 2158828465.079508781433105 5.687268481481476
3.039499354598000 1557534150.398571252822876 5.692411851851847
2.977783631662000 2000635756.504167556762695 5.697910462962958
3.092539132462000 2148236426.582498073577881 5.702392944444440
2.992282252856000 2227531506.478484630584717 5.706907888888884
3.000927027763000 2159118807.648674011230469 5.711413148148144
2.985498097029000 2138505095.637331008911133 5.715839592592588
2.985498097029000 2134078214.622661113739014 5.720275629629625
3.029899240254000 2138641016.209528446197510 5.724706037037032
3.101215077534000 2183301249.490192890167236 5.729201203703699
3.048161618910000 2238317472.232418537139893 5.733691185185180
2.999994320518000 2203825944.929305553436279 5.738181037037032
2.991350903864000 2148860634.403893470764160 5.742663518518514
2.991350903864000 2138572588.279646396636963 5.747084444444440
1.733495054124000 2138589109.989773988723755 5.751503037037033
2.992282252856000 1476901656.800462007522583 5.757659481481477
1.719443066880000 2099704134.834054231643677 5.773383611111107
1.713338134890000 1711744853.490325212478638 5.780152851851847
3.092539132462000 1487899005.464892148971558 5.789502092592588
3.381037393728000 2175384982.710663318634033 5.799468629629625
2.983641236586000 2120548820.225066184997559 5.808465166666662
3.399963269598000 2137835963.963361978530884 5.812898925925921
3.140763997206000 2182875566.738182544708252 5.817395907407403
1.725543201674000 2246922771.840916633605957 5.821934407407403
3.031784889231000 1573132306.949567079544067 5.827151092592588
3.047213819965000 2000721455.533949375152588 5.832655499999995
3.039499354598000 2193534465.709529399871826 5.837093888888884
2.994143564904000 2193321075.885201930999756 5.841532611111106
2.989489938300000 2136202669.807940244674683 5.846028703703698
2.984570185194000 2138218970.483864307403564 5.850464444444439
3.036664211762000 2137876335.221461772918701 5.854900870370365
1.707228859348000 2182785551.965491294860840 5.859382833333328
2.984570185194000 1564832113.493470907211304 5.864551999999994
3.085786146800000 1963111523.937142133712769 5.870024666666661
2.999060571142000 2183085805.398991107940674 5.874519333333328
2.985498097029000 2148900520.625079631805420 5.879011796296291
2.984570185194000 2138253682.631352424621582 5.883443259259255
2.967298785605000 2138681285.927187442779541 5.887879314814811
3.037608907532000 2137037518.545527935028076 5.892297870370366
2.984570185194000 2183409533.496235370635986 5.896776814814810
2.984570185194000 2148999884.527511119842529 5.901267222222217
2.986426700046000 2138435771.597074747085571 5.905700907407403
2.984570185194000 2138421786.834510326385498 5.910134777777773
1.712726492400000 2138382857.858903169631958 5.914568296296292
1.713950232810000 1557857660.533638238906860 5.919719518518514
3.039499354598000 1405666077.766763687133789 5.924352555555551
3.014479905698000 2168730470.151931762695312 5.939677388888884
2.984570185194000 2176803216.644980430603027 5.945597981481477
2.977783631662000 2134562082.001187324523926 5.954488999999995
2.976858117532000 2197913748.348073005676270 5.963499240740736
3.355792434645000 1854361271.766654968261719 5.974161574074070
2.993212562396000 2137649693.889048814773560 5.978598962962958
1.909550757816000 2138027445.976194143295288 5.983025166666661
1.726776081046000 1551993235.731170654296875 5.988172037037032
2.991350903864000 1457967458.509599685668945 5.992781537037032
2.994143564904000 1961282959.504719495773315 5.998255425925921
3.138811538434000 2137834496.410539150238037 6.002689703703698
1.713950232810000 2272180986.173987388610840 6.007230259259254
2.993212562396000 1577155279.547188520431519 6.012448685185180
3.037608907532000 1962412139.342542648315430 6.017920944444439
3.048161618910000 2183024946.825174331665039 6.022413462962958
1.719443066880000 2193202436.327986717224121 6.026852444444439
1.718829025792000 1564752019.099443912506104 6.032018388888884
3.031784889231000 1493025940.149264574050903 6.036618722222217
3.029899240254000 2001316176.544766664505005 6.042125666666662
3.030842591166000 2188127951.199307441711426 6.046551833333329
2.982713324751000 2193220664.994930744171143 6.050990185185181
2.975931569308000 2148852561.853861808776855 6.055477314814810
3.029899240254000 2138781037.032072782516479 6.059898407407403
3.108929542901000 2182706722.429386615753174 6.064392759259255
3.131099470772000 2236736771.860157489776611 6.068888296296293
2.984570185194000 2293377567.687967300415039 6.073377851851848
2.976858117532000 2169299901.968793392181396 6.077911555555552
2.981487411672000 2138376290.535030841827393 6.082340166666663
2.978709835188000 2138576233.970077514648438 6.086776314814811
3.084827064800000 2138178581.428099870681763 6.091207740740737
3.031784889231000 2057894427.416758298873901 6.095636499999996
2.991350903864000 1664283314.921718835830688 6.111679111111107
2.993212562396000 2132084248.379003047943115 6.117642518518514
2.985498097029000 2232077203.303262710571289 6.126670629629626
3.482601680700000 2165900753.558470726013184 6.135628129629626
1.914907327230000 2199141486.198701858520508 6.144628222222218
3.468271307850000 1570974792.976742744445801 6.149814166666663
3.030842591166000 2041581286.283285140991211 6.155342296296292
1.713338134890000 2152687330.658231735229492 6.159832722222219
3.124358473635000 1556628366.016348123550415 6.165004925925922
3.093500612167000 2041646998.553519964218140 6.170535592592589
2.994143564904000 2247940150.771607875823975 6.174969574074071
2.994143564904000 2146436488.001243591308594 6.179496277777774
2.986426700046000 2137960265.233967065811157 6.183911666666663
1.714561419870000 2136894797.716824293136597 6.188346685185182
2.999994320518000 1557099484.013039827346802 6.193493240740737
3.037608907532000 1962826036.057129383087158 6.198950629629626
3.024070423864000 2182993341.815621376037598 6.203448018518515
1.720671606272000 2193415014.714169502258301 6.207884407407404
3.032727889194000 1564983168.118267059326172 6.213055370370367
1.707228859348000 1962687790.727263212203979 6.218513425925923
1.706619161812000 1558825197.939057350158691 6.223656703703701
3.078071681433000 1486904313.596058845520020 6.228257574074071
3.031784889231000 2041386618.474003314971924 6.233770425925923
1.706619161812000 2203725500.218472003936768 6.238262907407404
3.015418455842000 1565073836.477536439895630 6.243427222222219
3.037608907532000 2001058873.410054683685303 6.248930555555552
2.969146049870000 2193625866.747060775756836 6.253353222222219
3.132072939002000 2037842414.227583646774292 6.257835907407404
3.031784889231000 2172956512.685159206390381 6.272597981481479
2.992282252856000 2195570543.063097953796387 6.278576074074071
3.039499354598000 2196552211.469445228576660 6.287554518518516
3.340363503911000 2170837452.697049140930176 6.296451074074072
3.038554658828000 2120894868.570199489593506 6.305403888888886
3.356836213230000 2182152347.720174789428711 6.309904314814812
1.720057107968000 2148412489.328972816467285 6.314394666666664
3.039499354598000 1552655505.320297718048096 6.319539185185183
1.726159641360000 1977670528.449136257171631 6.325049018518516
2.976858117532000 1565089351.626656055450439 6.330226648148146
2.984570185194000 1962557918.883700847625732 6.335683833333331
2.991350903864000 2137320716.906929969787598 6.340119555555553
2.976858117532000 2138319295.629518747329712 6.344540629629627
3.030842591166000 2113851102.249642610549927 6.348970962962960
1.720057107968000 2181692282.925017356872559 6.353457166666664
3.100251200124000 1565347757.426008462905884 6.358628555555553
3.070357216066000 2036122294.955718278884888 6.364159203703701
2.984570185194000 2236989748.493592262268066 6.368593962962960
3.090615098773000 2159144587.806559562683105 6.373106407407405
3.138811538434000 2227784910.990408897399902 6.377603425925924
1.706009917920000 2292866604.902017593383789 6.382080796296294
2.992282252856000 1577979015.834088563919067 6.387291074074072
3.077114997138000 1961380753.848347663879395 6.392745555555553
3.082907829200000 2227768230.336037158966064 6.397240759259257
3.032727889194000 2248621988.008361339569092 6.401679037037035
3.091576578478000 2203698173.369256019592285 6.406174259259258
3.023130523504000 2193241160.698624610900879 6.410608370370369
3.000927027763000 2193220798.737648487091064 6.415044537037035
3.193788661938000 2148350532.235554218292236 6.419529462962961
3.022189572976000 2133940660.266057252883911 6.423971555555553
3.108929542901000 2148157518.919121742248535 6.438279537037035
2.993212562396000 2192900410.479627609252930 6.444329370370368
2.983641236586000 2165120689.655172348022461 6.453263518518516
3.510081741985000 2109549773.854003906250000 6.462209722222219
3.347037365308000 1777455519.486579895019531 6.473122740740738
2.989489938300000 2169036443.506429672241211 6.477650296296294
3.030842591166000 2138202912.617297649383545 6.482076759259257
3.078071681433000 2093681771.601389646530151 6.486522203703701
3.069402929476000 2227495794.668328285217285 6.491040277777775
1.712726492400000 2241021409.433505535125732 6.495477574074071
3.030842591166000 1570444698.760388135910034 6.500671851851849
3.077114997138000 2001616286.305309295654297 6.506177499999997
3.038554658828000 2237791465.089519023895264 6.510667555555552
2.970992970330000 2203676982.160554885864258 6.515151999999997
2.975931569308000 2148736368.472930908203125 6.519642203703700
3.037608907532000 2136556022.701627254486084 6.524073277777775
1.713338134890000 2183428407.524494171142578 6.528560351851849
1.700507485886000 1565058480.601477861404419 6.533725407407404
1.706619161812000 1484969738.938301086425781 6.538351814814812
2.961433982208000 1492478019.299341201782227 6.542948018518516
3.131099470772000 1962043796.806102275848389 6.548420259259256
3.025011024336000 2272797558.494404792785645 6.552952981481478
2.991350903864000 2214037450.140345573425293 6.557465648148145
3.030842591166000 2148585548.820493221282959 6.561953555555552
1.712726492400000 2182096572.181937694549561 6.566448370370367
3.094462808058000 1565088140.933829784393311 6.571620222222219
1.720057107968000 2041557406.166219711303711 6.577146148148144
3.091576578478000 1571259077.155824661254883 6.582336222222218
2.992282252856000 1949867594.795625925064087 6.587885685185181
2.978709835188000 2131145272.509506225585938 6.602218518518515
3.076157243922000 2065573043.429194927215576 6.608125962962959
3.083866911200000 1761554810.452213764190674 6.618945574074070
3.365598866816000 2177963488.392685890197754 6.627938148148144
3.025011024336000 2151903541.811247348785400 6.636930722222218
3.363506900012000 2181641328.810193538665771 6.641407018518514
3.070357216066000 2148528144.648238182067871 6.645886851851847
3.195775070784000 2226378646.273518562316895 6.650400592592588
2.993212562396000 2225364668.424373149871826 6.654832574074069
1.718829025792000 2150729656.489957809448242 6.659349666666662
3.030842591166000 1557845614.767220497131348 6.664497203703699
2.977783631662000 2002048469.104478836059570 6.670000518518514
2.985498097029000 2148784603.405444145202637 6.674495499999995
2.992282252856000 2137923134.272095918655396 6.678916870370366
2.993212562396000 2138327956.966776371002197 6.683347555555551
2.977783631662000 2138124893.199979782104492 6.687769111111106
3.024070423864000 2134679280.714256048202515 6.692187074074069
3.029899240254000 2183095196.600327968597412 6.696671166666662
3.092539132462000 2193722059.554490089416504 6.701104703703699
3.100251200124000 2232455772.573036193847656 6.705579888888884
3.053978794152000 2248524202.528055667877197 6.710020425925920
2.983641236586000 2203812458.783962249755859 6.714513462962957
1.712726492400000 2148723623.683039188385010 6.719006129629624
2.991350903864000 1558089906.413501739501953 6.724148925925920
1.719443066880000 1962910236.958137750625610 6.729604648148142
1.706619161812000 1559153782.761561632156372 6.734750555555550
2.969146049870000 1492547598.643315076828003 6.739353277777772
2.992282252856000 1959151368.869242191314697 6.744816018518512
2.984570185194000 2138736545.189748287200928 6.749240981481475
1.699900188734000 2030828352.028909206390381 6.753668648148142
1.713338134890000 1951604111.294283866882324 6.770181425925919
2.968221902030000 1481042555.888940334320068 6.776754481481475
2.993212562396000 2123019628.806735754013062 6.786731314814808
3.356836213230000 2132613050.037769317626953 6.795581296296289
1.914223726800000 2118347605.888392210006714 6.804473870370363
2.970992970330000 1558117217.723958253860474 6.809624462962955
3.114705580312000 1960770910.990289449691772 6.815084333333326
2.975006055178000 2100545502.433151006698608 6.819513888888881
3.122415247590000 2137035603.656930923461914 6.823943833333326
2.983641236586000 2271146048.776900291442871 6.828476185185178
3.016355958497000 2169723235.935242176055908 6.833012740740733
3.024070423864000 2183121541.432801246643066 6.837509759259252
3.024070423864000 2193160167.288346290588379 6.841933259259251
3.069402929476000 2193042587.641676425933838 6.846359425925918
2.985498097029000 2237980129.660981655120850 6.850844055555548
1.720057107968000 2158760693.556138992309570 6.855352222222215
2.975006055178000 1557789478.230200767517090 6.860497814814807
2.977783631662000 1962708393.470615625381470 6.865963703703696
3.078071681433000 2127699337.466696262359619 6.870405129629622
1.706619161812000 2227544384.956586837768555 6.874922425925918
3.023130523504000 1570908460.229036808013916 6.880111629629622
2.986426700046000 2002396033.407137632369995 6.885614999999992
3.031784889231000 2148644036.765342712402344 6.890105944444436
3.093500612167000 2183095505.247178554534912 6.894595129629621
3.093500612167000 2227437491.496072769165039 6.899086518518510
3.131099470772000 2248174834.624913215637207 6.903526481481473
2.970992970330000 2292294184.065030097961426 6.907971166666658
2.992282252856000 2169763016.716764926910400 6.912493129629621
3.084827064800000 2138641429.221703767776489 6.916927555555548
2.991350903864000 2223310352.460831165313721 6.921444999999992
2.984570185194000 2217118187.779618740081787 6.935762611111103
3.091576578478000 2124781872.990605592727661 6.941672351851844
3.031784889231000 2211765924.893958568572998 6.950604907407400
3.354749432970000 2202654658.284475326538086 6.959521518518511
3.083866911200000 2119139245.056920528411865 6.968484666666660
3.463794949783000 2227232175.517804145812988 6.972980148148141
3.018232011296000 2248435602.330200672149658 6.977417851851845
3.006770238420000 2201929440.539572238922119 6.981915240740734
1.713950232810000 2106941841.061076164245605 6.986409629629623
3.047213819965000 1552498396.299429416656494 6.991553981481475
3.091576578478000 2000795038.576146602630615 6.997060166666660
2.994143564904000 2237931059.769622325897217 7.001555203703697
3.001860429762000 2158927878.618788242340088 7.006068685185179
1.713950232810000 2137832939.335489273071289 7.010494666666660
1.719443066880000 1558426933.787351846694946 7.015628518518512
3.038554658828000 1491656334.513844251632690 7.020229999999994
3.037608907532000 2002125417.649453639984131 7.025733685185179
3.040444754052000 2193508563.465606212615967 7.030172222222216
2.985498097029000 2193264090.528080463409424 7.034590740740734
3.037608907532000 2148590012.422360420227051 7.039062962962957
3.093500612167000 2177698547.020877838134766 7.043555648148142
3.092539132462000 2237378365.116998195648193 7.048046851851845
2.993212562396000 2248832184.023128032684326 7.052485907407401
1.734114353196000 2159548256.135818481445312 7.057001740740734
2.985498097029000 1557742675.939605712890625 7.062140814814808
3.061690861814000 1963045036.260588645935059 7.067610481481474
3.078071681433000 2227182939.577670574188232 7.072127759259252
3.029899240254000 2248290912.280262470245361 7.076561703703696
3.077114997138000 2203768334.255033016204834 7.081048851851844
3.067493290054000 2126163718.614024877548218 7.085555907407400
1.713338134890000 2137242492.451276302337646 7.100735074074067
1.699293343440000 1480308708.951000213623047 7.106886259259253
3.024070423864000 1780535401.153965711593628 7.115657944444438
2.992282252856000 2158275954.139405250549316 7.125589814814808
3.416445974266000 1876110375.592102766036987 7.136192333333327
3.355792434645000 2149665175.711233615875244 7.142406759259252
3.136858716211000 2147970917.836069107055664 7.146888314814808
1.719443066880000 2272396783.936005115509033 7.151425722222215
1.712114849910000 1547886672.723659038543701 7.156643648148141
1.712726492400000 1492297273.781902551651001 7.161240981481474
1.712726492400000 1492602441.940509557723999 7.165841148148141
3.078071681433000 1492609713.451961278915405 7.170448351851845
3.122415247590000 2040742148.610733985900879 7.175972851851845
2.983641236586000 2293192809.192372798919678 7.180469333333327
3.130124914868000 2167866425.535910129547119 7.185005574074068
3.131099470772000 2271908772.788449764251709 7.189546129629623
2.993212562396000 2302883849.964851379394531 7.193971759259253
2.986426700046000 2169313312.437936782836914 7.198503444444438
2.993212562396000 2138364027.682586431503296 7.202934629629623
2.991350903864000 2132368090.378887176513672 7.207373555555549
2.985498097029000 2138231473.262882947921753 7.211796592592585
2.992282252856000 2137663563.445872306823730 7.216222499999993
3.045318574810000 2138698127.591840028762817 7.220643425925918
2.985498097029000 2183282548.305450916290283 7.225143148148141
3.108929542901000 2148832946.999381542205811 7.229632962962956
3.093500612167000 2227959823.587759017944336 7.234150999999994
2.978709835188000 2248519675.155957698822021 7.238577055555549
2.976858117532000 2158975909.107712745666504 7.243085444444437
1.713338134890000 2138164318.719711542129517 7.247521944444437
2.984570185194000 1546056904.951976537704468 7.252694962962956
3.039499354598000 1804905614.180637359619141 7.258186018518511
1.707228859348000 1639910343.419381380081177 7.274238629629623
2.993212562396000 1476478372.224523782730103 7.280362870370364
2.985498097029000 1882507938.156070232391357 7.291420574074067
3.360369533828000 2132561863.379987478256226 7.300285388888882
3.352662264255000 2121882240.714262008666992 7.309195907407400
3.037608907532000 2137378189.031739711761475 7.313620796296289
3.526607240106000 2182785478.029338359832764 7.318099833333326
2.990420594324000 2151629008.843650817871094 7.322539092592585
3.045318574810000 2147936073.172238826751709 7.327033814814807
3.131099470772000 2176454888.888888835906982 7.331533814814807
2.992282252856000 2281743083.684546947479248 7.336050777777770
2.992282252856000 2169710467.305752277374268 7.340584648148141
3.029899240254000 2138002364.541932821273804 7.345001759259253
3.036664211762000 2151889184.247827529907227 7.349509074074067
2.981785067325000 2191453875.648447513580322 7.353942740740734
3.092539132462000 2148373305.018220424652100 7.358424925925918
2.992282252856000 2220598683.751922130584717 7.362941129629622
3.000927027763000 2158033157.498116016387939 7.367438185185177
3.044371481335000 2138428814.189146757125854 7.371873499999992
3.141740226592000 2182209554.930509567260742 7.376350537037029
3.130124914868000 2283365855.460253715515137 7.380862944444437
2.986426700046000 2303560475.594492912292480 7.385301833333326
3.037608907532000 2169668025.740531444549561 7.389825611111104
2.983641236586000 2183094580.286332130432129 7.394320518518511
2.992282252856000 2148749907.205015182495117 7.398810703703696
2.990420594324000 2137933987.174650907516479 7.403229037037030
1.726776081046000 2138613336.563604116439819 7.407662407407400
1.712114849910000 1557929703.216148138046265 7.412808314814808
1.719443066880000 1492874547.589557170867920 7.417413277777771
2.975931569308000 1399173838.652411222457886 7.422023981481475
3.083866911200000 2175248221.911914825439453 7.437924851851846
3.102179672916000 2256400506.901016712188721 7.443974685185179
3.130124914868000 2241445924.167655944824219 7.452868574074068
3.363506900012000 2262612801.484230041503906 7.461851907407401
1.705400674028000 2121483691.035674333572388 7.470855703703697
1.901469381074000 1557569150.667100429534912 7.475977370370364
1.909550757816000 1492737243.420629262924194 7.480582111111104
3.016355958497000 1460687667.862139940261841 7.485187962962956
3.070357216066000 2000691773.973640203475952 7.490688796296290
3.061690861814000 2237297690.266329288482666 7.495161814814808
3.092539132462000 2248407545.942429542541504 7.499602759259252
1.712726492400000 2247055345.932950496673584 7.504039499999993
3.060737909366000 1571720657.126355648040771 7.509233833333327
2.975006055178000 2042000469.140601396560669 7.514760092592586
3.070357216066000 2159140103.397341251373291 7.519273425925920
2.982713324751000 2227574087.091641902923584 7.523778259259253
2.992282252856000 2158339149.359991073608398 7.528296425925920
2.984570185194000 2138720138.903416156768799 7.532722629629623
3.094462808058000 2138422842.562906026840210 7.537135444444438
2.985498097029000 2227689556.579823017120361 7.541643333333327
2.977783631662000 2159204748.383284568786621 7.546156370370364
1.720671606272000 2138535932.705754518508911 7.550592388888882
1.706009917920000 1558663022.327284097671509 7.555731425925919
3.030842591166000 1490722073.639123916625977 7.560335962962956
2.991350903864000 2002333189.629040956497192 7.565834222222215
3.023130523504000 2148805745.678726196289062 7.570303925925919
3.032727889194000 2183212402.768445491790771 7.574796351851845
2.976858117532000 2193477503.713222503662109 7.579234944444437
3.098322368346000 2148940523.819344043731689 7.583724759259252
3.093500612167000 2218388695.709224700927734 7.588240907407400
2.991350903864000 2135125741.566918373107910 7.602565555555548
3.045318574810000 2128162806.942804336547852 7.608477351851844
3.024070423864000 2187021744.815991401672363 7.617399018518511
3.086745943200000 2118287691.627491235733032 7.623556074074067
3.495739780674000 1766926810.756849527359009 7.634389481481474
3.492479276934000 2208658883.816603660583496 7.640547370370363
1.719443066880000 2247712932.176695346832275 7.644991925925918
2.976858117532000 1571758947.574823141098022 7.650186277777770
2.999994320518000 1961828966.890917062759399 7.655653055555548
2.984570185194000 2084451347.567378282546997 7.660097277777770
3.047213819965000 2137581446.180157184600830 7.664536814814807
3.040444754052000 2183175215.083890914916992 7.669031185185177
3.047213819965000 2192988310.175034046173096 7.673465240740732
1.734114353196000 2193070699.991239070892334 7.677904185185177
1.706009917920000 1563317930.806965112686157 7.683068481481474
3.023130523504000 1492542202.572347402572632 7.687675888888881
3.101215077534000 2000894618.365627765655518 7.693171259259252
2.984570185194000 2238191298.325459480285645 7.697663370370363
3.040444754052000 2158980387.487734317779541 7.702173907407400
3.076157243922000 2183048764.200563907623291 7.706666425925919
3.107963267786000 2238244752.504650592803955 7.711156222222215
3.078071681433000 2248401729.572860240936279 7.715597481481474
1.706619161812000 2247604926.835985183715820 7.720035759259252
3.038554658828000 1571635964.380690336227417 7.725230611111104
3.099286245756000 2002227210.760701656341553 7.730732111111104
2.983641236586000 2238218068.226893901824951 7.735213888888882
1.713950232810000 2158999084.516004562377930 7.739724759259252
3.124358473635000 1558423567.636104345321655 7.744865833333326
3.024070423864000 2081977623.003365755081177 7.750412203703696
2.999994320518000 2214029058.733640670776367 7.754920314814807
1.712114849910000 2144460473.588342428207397 7.760410314814807
3.030842591166000 1936987255.945163488388062 7.775377351851844
2.975931569308000 2126034958.935969352722168 7.781492462962955
3.038554658828000 2174087076.844647884368896 7.795223629629622
3.417508157581000 2168699425.622242927551270 7.804122148148140
3.604896033952000 2158144882.257796764373779 7.813155537037029
3.093500612167000 2326650065.090840816497803 7.817679129629622
3.053978794152000 2268822541.089672088623047 7.822187111111103
2.985498097029000 2146525853.956513881683350 7.826673851851844
2.999994320518000 2138109205.038199663162231 7.831158111111103
3.092539132462000 2137874734.491585493087769 7.835578351851844
3.030842591166000 2226189134.378458023071289 7.840080148148139
3.046266726490000 2203757521.203062057495117 7.844564999999991
2.968221902030000 2193484539.177423954010010 7.849006333333325
3.084827064800000 2148629058.799754142761230 7.853496462962954
3.025011024336000 2227329509.880448818206787 7.858004055555547
3.024070423864000 2203394197.339931964874268 7.862494333333325
2.974080196350000 2193378445.025871753692627 7.866925037037029
3.092539132462000 2148660655.182944297790527 7.871412333333325
3.031784889231000 2228152417.179724693298340 7.875930148148139
3.068447576644000 2202977410.054732322692871 7.880420018518509
1.713338134890000 2238559989.758752822875977 7.884904425925916
1.720671606272000 1571320046.216060161590576 7.890097425925917
3.131099470772000 1483695178.586506605148315 7.894703037037027
1.713950232810000 2080363019.837076425552368 7.900240740740731
2.994143564904000 1578235339.210425376892090 7.905458740740731
3.038554658828000 1962911353.032659292221069 7.910924240740731
3.131099470772000 2183166219.085943698883057 7.915406499999990
3.123387403110000 2283100040.265919208526611 7.919913574074064
1.713338134890000 2300437411.679373741149902 7.924356037037027
3.046266726490000 1556011666.891120910644531 7.929581333333323
2.984570185194000 2129725315.132390737533569 7.944921740740731
3.085786146800000 2126173017.987387418746948 7.950885796296286
3.091576578478000 2209393848.107253551483154 7.959811685185175
2.984570185194000 2174594609.605779647827148 7.968813981481472
3.361414933208000 2113224102.604271888732910 7.977797796296286
3.471509415150000 2137380294.786574840545654 7.982219074074064
1.915591436670000 2227723008.001572132110596 7.986741333333323
2.984570185194000 1558047610.253641843795776 7.991955740740730
1.740214027202000 1942823983.283517360687256 7.997432703703693
2.999994320518000 1558202804.373873472213745 8.002579425925916
1.705400674028000 1962034990.585720777511597 8.008038037037027
3.099286245756000 1558148007.808841943740845 8.013179407407398
2.976858117532000 2041470337.153129816055298 8.018711018518509
1.720671606272000 2158704878.229450225830078 8.023210981481473
3.032727889194000 1557793647.303906679153442 8.028349074074065
3.091576578478000 2001617306.874269723892212 8.033834370370361
2.993212562396000 2238246312.598862171173096 8.038306555555545
3.078071681433000 2159032446.703513622283936 8.042809666666656
2.977783631662000 2227800331.674958705902100 8.047332166666656
2.984570185194000 2157856201.042509555816650 8.051840518518508
3.092539132462000 2137480100.978859663009644 8.056271222222213
3.092539132462000 2217187557.929116725921631 8.061306111111101
3.090615098773000 2248364665.104758262634277 8.065724574074064
2.983641236586000 2248135741.625597476959229 8.070166018518508
1.720671606272000 2159181012.845120429992676 8.074681351851842
3.030842591166000 1558572072.785949945449829 8.079822759259249
2.970992970330000 2001763894.733652591705322 8.085323444444434
2.985498097029000 2148693261.402163028717041 8.089813333333323
3.290449837752000 2137959087.017353296279907 8.094247314814805
3.086745943200000 2270203875.027510166168213 8.098791129629619
2.991350903864000 2280976214.061789989471436 8.113092296296285
3.081948390000000 2170090543.570232868194580 8.119088999999988
3.099286245756000 2207598975.000000000000000 8.127977888888877
3.523317946046000 2209522402.694901466369629 8.137043018518506
3.371221365379000 2220107433.592380046844482 8.146071851851840
2.991350903864000 2168482299.417283535003662 8.150594092592581
1.727392979734000 2137884858.769341468811035 8.155024722222210
1.720671606272000 1536630969.120063781738281 8.160174296296285
3.039499354598000 1492058793.702916860580444 8.164776074074062
3.098322368346000 2001970839.533270835876465 8.170276925925915
2.984570185194000 2235916554.176406860351562 8.174776629629619
1.707228859348000 2159105581.355313777923584 8.179294648148138
3.040444754052000 1558243975.567930459976196 8.184445740740731
3.092539132462000 2001406347.172101974487305 8.189936666666657
3.029899240254000 2237727785.102175235748291 8.194431481481471
3.099286245756000 2192600140.808537483215332 8.198929314814805
3.031784889231000 2237223506.450191497802734 8.203426740740731
3.023130523504000 2203488243.213109016418457 8.207911148148138
2.993212562396000 2192353203.426338672637939 8.212347370370361
2.991350903864000 2148940489.657735347747803 8.216832740740731
1.727392979734000 2138318708.125177621841431 8.221266148148139
2.974080196350000 1558603559.579413890838623 8.226412407407398
1.705400674028000 1962719229.766648530960083 8.231882611111102
2.985498097029000 1557873059.327833890914917 8.237023537037027
1.699293343440000 1963027498.959013938903809 8.242493777777767
3.030842591166000 1556201760.193434238433838 8.247640518518509
2.985498097029000 2001438317.329059600830078 8.253140592592583
3.047213819965000 2147489251.721991539001465 8.257633129629621
2.992282252856000 2147536168.952926158905029 8.272832629629621
1.713338134890000 2065708289.474910020828247 8.278796685185176
3.091576578478000 1487926457.217900753021240 8.288695685185177
3.477059942378000 2138904999.461384773254395 8.298666388888881
2.991350903864000 2163963207.628105163574219 8.307732277777770
3.370173568294000 2157169840.566873073577881 8.312248277777771
2.969146049870000 2138323868.711394071578979 8.316664333333327
3.091576578478000 2130598552.536405801773071 8.321093537037031
1.705400674028000 2168515958.867247104644775 8.325601074074068
1.700507485886000 1570433812.677793502807617 8.330795925925921
3.045318574810000 1492494325.499034166336060 8.335397407407402
3.136858716211000 2001171756.804048776626587 8.340900666666661
2.984570185194000 2235858429.140767574310303 8.345417185185179
2.992282252856000 2164904489.024022102355957 8.349960777777770
2.993212562396000 2127428671.462749719619751 8.354403703703696
3.092539132462000 2137999773.678850173950195 8.358822203703696
3.032727889194000 2221276801.933240890502930 8.363328166666658
2.985498097029000 2203044954.533634185791016 8.367814592592584
3.007706388180000 2147865881.301808357238770 8.372291555555547
2.984570185194000 2138299423.543309211730957 8.376727981481473
2.999994320518000 2138598463.637615442276001 8.381166074074065
2.992282252856000 2138447832.094271659851074 8.385602425925917
3.054928285332000 2138569371.316553115844727 8.390023481481473
3.018232011296000 2183219296.944527149200439 8.394518148148139
1.713338134890000 2193323278.134335041046143 8.398944333333324
3.046266726490000 1564833151.143495082855225 8.404111240740731
2.993212562396000 2002107368.321869611740112 8.409614277777768
3.091576578478000 2148801965.383204460144043 8.414106851851843
2.985498097029000 2227916787.452011108398438 8.418616944444436
3.240075454140000 2157106920.927174091339111 8.423122870370362
1.713338134890000 2135546627.794463396072388 8.427543814814806
2.986426700046000 1937174603.253132820129395 8.442516277777768
3.083866911200000 2112753106.249313354492188 8.448753703703694
2.990420594324000 2164855231.715735912322998 8.458518222222214
3.362461500632000 1896131329.521634101867676 8.469154740740732
3.414320420839000 2118889940.995654106140137 8.478064944444435
3.007706388180000 2182368947.909399986267090 8.482551074074065
3.356836213230000 2148027734.177058696746826 8.487046129629620
2.992282252856000 2068018912.332242727279663 8.491483759259250
3.000927027763000 2137022356.662084817886353 8.495916111111102
3.038554658828000 2137165916.549069404602051 8.500351629629620
1.705400674028000 2183219089.098130702972412 8.504841685185175
2.991350903864000 1565006501.885331630706787 8.510008277777768
3.023130523504000 1962541943.496230363845825 8.515465796296287
3.039499354598000 2183164863.160237789154053 8.519958074074065
3.091576578478000 2192441346.659652709960938 8.524393740740731
3.031784889231000 2238429577.232826709747314 8.528891444444435
3.059786020481000 2203774881.555706024169922 8.533378629629620
3.077114997138000 2238059998.763422012329102 8.537871314814806
1.720057107968000 2248354198.447759151458740 8.542302185185177
1.707837649596000 1570532319.174796342849731 8.547497759259251
2.993212562396000 1491813163.328141450881958 8.552098925925918
3.039499354598000 2033307360.850596189498901 8.561033833333326
1.699900188734000 2183282171.059948921203613 8.565529333333327
1.699293343440000 1565113024.209741353988647 8.570694074074067
3.015418455842000 1492788559.787750482559204 8.575293833333326
3.029899240254000 2001258459.206870317459106 8.580792444444437
1.713950232810000 2193754841.938443183898926 8.585232814814807
2.984570185194000 1564647752.376519441604614 8.590404944444437
2.991350903864000 1960977577.201006889343262 8.595878870370363
3.039499354598000 2137166136.767675876617432 8.612420574074067
3.046266726490000 2179567867.741094589233398 8.618386425925918
3.101215077534000 2155306954.847258090972900 8.627358851851843
3.424158041928000 2227033472.411921977996826 8.636266685185177
3.029899240254000 2175506501.856790065765381 8.645252722222214
3.485854583224000 2192131712.115187168121338 8.649677074074065
3.356836213230000 2237831540.239024162292480 8.654148962962953
3.085786146800000 2134005097.502141237258911 8.658624648148137
3.084827064800000 2219790413.934341430664062 8.663100666666656
2.977783631662000 2248221351.328694820404053 8.667518814814803
2.992282252856000 2156384551.856939315795898 8.671981055555545
2.993212562396000 2138480312.687007427215576 8.676406259259249
2.993212562396000 2138528291.150098085403442 8.680832129629620
3.108929542901000 2137625052.877587795257568 8.685253592592582
3.060737909366000 2227897231.547066688537598 8.689766074074065
3.045318574810000 2203377206.624423027038574 8.694243333333324
3.063595348626000 2193296420.323809623718262 8.698661796296287
3.008641493130000 2193370753.606982707977295 8.703100203703695
3.038554658828000 2148805508.128572463989258 8.707590537037028
2.976858117532000 2172562666.076173782348633 8.712106537037029
1.719443066880000 2148827440.446271896362305 8.716601388888881
3.076157243922000 1558984761.561993837356567 8.721746759259251
3.037608907532000 2041642507.611459016799927 8.727275703703695
2.982713324751000 2203729798.875949859619141 8.731763444444436
2.999060571142000 2147699499.082272529602051 8.736233018518510
2.985498097029000 2138635571.000238418579102 8.740661407407398
3.077114997138000 2138639691.393073081970215 8.745097111111102
1.719443066880000 2228016175.005023956298828 8.749612537037027
2.983641236586000 1571725241.804331064224243 8.754804981481472
2.990420594324000 1987369853.767635583877563 8.761279962962954
2.993212562396000 2135125128.258413076400757 8.775537925925917
2.976858117532000 2066641629.367736101150513 8.781446148148140
1.706619161812000 1725790087.222520828247070 8.792197703703696
3.416445974266000 1816150637.755101919174194 8.801779925925919
2.986426700046000 2113930764.933724641799927 8.811791444444438
3.417508157581000 2146670842.387830734252930 8.816282425925920
3.082907829200000 2177224678.565839767456055 8.820779055555549
3.107963267786000 2238233885.728419303894043 8.825271277777771
1.706619161812000 2189810135.301558494567871 8.829707185185178
2.984570185194000 1570830648.153433561325073 8.834897999999994
3.030842591166000 1961725564.800585031509399 8.840368629629623
2.970069166295000 2183471196.236061096191406 8.844867462962956
2.983641236586000 2148768746.982284069061279 8.849354851851844
3.028956942189000 2134214189.104044914245605 8.853763555555547
3.122415247590000 2182801959.608905315399170 8.858242907407400
1.726776081046000 2282491071.649293422698975 8.862737537037029
3.024070423864000 1577872065.731867313385010 8.867952888888881
3.106029637919000 2000959307.353480815887451 8.873456203703697
3.083866911200000 2233527808.800536155700684 8.877933203703696
2.991350903864000 2248244741.441090583801270 8.882351925925919
1.719443066880000 2159082720.830586910247803 8.886846740740733
2.999060571142000 1558299483.636468648910522 8.891982370370362
3.068447576644000 1962858392.260286569595337 8.897445296296288
3.008641493130000 2228066851.932548046112061 8.901949999999992
3.031784889231000 2159018858.176181793212891 8.906466166666659
2.990420594324000 2183208827.279832363128662 8.910968203703696
3.084827064800000 2148825070.135905265808105 8.915463444444438
3.085786146800000 2215038895.766888141632080 8.919980740740733
2.977783631662000 2248456071.191437721252441 8.924415314814807
3.106029637919000 2156448939.408234596252441 8.928929740740733
3.000927027763000 2161065899.425715446472168 8.943469574074067
3.092539132462000 2130608340.647522211074829 8.949461648148141
1.726776081046000 2239149610.930804252624512 8.958402740740734
3.354749432970000 1822968654.648453712463379 8.968052703703696
3.100251200124000 1909494476.040813922882080 8.978140074074068
3.370173568294000 2137768300.525318145751953 8.982574777777771
3.090615098773000 2137987177.827247381210327 8.987008648148141
3.337247725109000 2221355483.939919948577881 8.991513722222216
2.985498097029000 2106710875.875301122665405 8.996030685185179
3.021249672616000 2137985917.432915687561035 9.000467481481476
3.102179672916000 2183295536.611696243286133 9.004944648148141
1.720057107968000 2238031651.495341300964355 9.009434518518512
3.038554658828000 1571319942.795393705368042 9.014627055555549
2.990420594324000 2000878382.480924367904663 9.020116944444437
2.991350903864000 2148882878.485808849334717 9.024594092592585
3.061690861814000 2138302791.948332786560059 9.029015537037029
3.009577294620000 2182699969.512446403503418 9.033510388888882
2.992282252856000 2148561237.488626003265381 9.037987796296289
3.100251200124000 2136935956.670534133911133 9.042408703703696
2.987354957472000 2222560632.825788497924805 9.046926944444436
3.075200559627000 2159158169.602413654327393 9.051444481481473
3.108929542901000 2228036768.322675704956055 9.055962259259251
3.093500612167000 2247762484.621757984161377 9.060387703703697
1.720057107968000 2248781114.444992542266846 9.064819074074068
3.068447576644000 1562601887.414752483367920 9.070040796296290
1.713338134890000 2041196665.357779264450073 9.075558629629624
3.045318574810000 1570962955.041280031204224 9.080753518518513
1.720057107968000 2002639972.785174608230591 9.086251611111106
3.337830396000000 1565189185.120400190353394 9.091418018518514
2.976858117532000 1994234542.007824897766113 9.096927574074069
1.713950232810000 2112568949.724428892135620 9.111241277777772
1.705400674028000 1476313930.637941598892212 9.117347722222217
3.029899240254000 1476699008.843805789947510 9.127719074074069
3.410854267236000 2142610269.914417505264282 9.137676962962958
3.086745943200000 2206968015.629590034484863 9.146691203703698
3.362461500632000 2237507939.126489639282227 9.151181388888883
3.094462808058000 2158786111.729356765747070 9.155674388888883
3.138811538434000 2220161525.684404850006104 9.160189666666660
3.093500612167000 2182604698.255029201507568 9.164634185185179
3.045318574810000 2247824297.239064216613770 9.169069074074068
3.094462808058000 2203452835.339372158050537 9.173546296296291
3.059786020481000 2238218668.318364620208740 9.178031018518514
2.985498097029000 2203045855.386487483978271 9.182506037037033
1.720057107968000 2148845375.937981128692627 9.186977814814810
1.720057107968000 1557434703.672412872314453 9.192128833333328
2.975006055178000 1492610911.051473140716553 9.196731370370365
3.078071681433000 1963294205.706234455108643 9.202199074074070
2.993212562396000 2228108213.980684757232666 9.206708999999996
2.992282252856000 2158996317.221003532409668 9.211209425925922
2.993212562396000 2132986988.715172529220581 9.215628666666664
3.038554658828000 2137660246.806415081024170 9.220066092592591
1.720671606272000 2183422386.270479202270508 9.224561407407405
2.992282252856000 1565287618.870035409927368 9.229725777777775
1.707228859348000 1962714054.542858362197876 9.235173074074071
2.976858117532000 1555454470.284981012344360 9.240324166666664
3.098322368346000 1962819711.628190994262695 9.245781370370368
3.045318574810000 2227700138.126642227172852 9.250299499999997
3.038554658828000 2203962330.379338741302490 9.254783907407404
2.991350903864000 2193431553.566139698028564 9.259223037037033
3.031784889231000 2005466850.862904310226440 9.263713685185182
1.720671606272000 1657575311.636105060577393 9.280145777777776
2.983641236586000 1694047690.164112329483032 9.286804499999997
1.740214027202000 1914424651.567944288253784 9.296838870370367
3.352662264255000 1630389660.368875265121460 9.306559111111108
3.524414921534000 2129307054.911608934402466 9.316622759259255
2.999060571142000 2271709900.130087852478027 9.321163851851848
3.306418646817000 2169491920.939305782318115 9.325692018518515
3.093500612167000 2067180015.535861968994141 9.330126203703699
3.093500612167000 2131242141.854962110519409 9.334547777777773
3.102179672916000 2227337134.559297084808350 9.339062240740736
3.100251200124000 2248118034.346367835998535 9.343500685185180
2.985498097029000 2198462369.127656459808350 9.347949111111106
1.713338134890000 2154970118.354111194610596 9.352466314814810
3.031784889231000 1558562206.610767602920532 9.357614481481477
3.083866911200000 1997290166.591564893722534 9.363121407407403
2.975931569308000 2237070224.405492782592773 9.367599907407403
3.024070423864000 2157689010.296280860900879 9.372094518518514
1.706009917920000 2183220091.256445407867432 9.376587351851848
2.977783631662000 1564961921.650814056396484 9.381756518518515
3.030842591166000 1962953901.465525150299072 9.387226685185182
2.977783631662000 2183265704.185310363769531 9.391721240740736
2.991350903864000 2147488608.806110382080078 9.396211388888885
3.031784889231000 2138505835.892935276031494 9.400642777777774
3.052078750908000 2183185037.764070510864258 9.405137055555551
3.101215077534000 2193302574.811535358428955 9.409571037037033
3.155216335103000 2236672053.094791412353516 9.414063351851848
3.076157243922000 2293247996.438112258911133 9.418555351851849
1.713338134890000 2258632171.590609550476074 9.423048388888885
1.726776081046000 1570864470.772964000701904 9.428237648148144
1.713338134890000 1481943390.121632099151611 9.432873666666662
3.016355958497000 1491846603.590366840362549 9.447443518518513
2.970992970330000 2145639055.266548871994019 9.453651814814810
2.991350903864000 2153984555.399070739746094 9.463421499999995
3.362461500632000 2151521196.822332382202148 9.472400833333328
3.030842591166000 2184969700.064546108245850 9.481466981481477
1.901469381074000 2182478570.987590789794922 9.485966333333328
2.976858117532000 1564972714.004468202590942 9.491130425925920
2.993212562396000 1955829563.013364553451538 9.496595462962958
3.040444754052000 2088756531.077773571014404 9.501044277777773
3.022189572976000 2182575955.165611267089844 9.505531574074070
3.077114997138000 2193173149.215578079223633 9.509965129629625
2.993212562396000 2237776356.958236694335938 9.514457407407404
2.984570185194000 2158767379.262237548828125 9.518970555555551
3.038554658828000 2138267295.334359884262085 9.523396925925921
2.983641236586000 2183093110.936218738555908 9.527891166666661
2.999994320518000 2147430371.437654256820679 9.532376740740736
3.116644008268000 2136178919.960379362106323 9.536807648148143
3.100251200124000 2272255409.629998207092285 9.541345166666661
3.031784889231000 2258975259.291717529296875 9.545824962962957
2.977783631662000 2203567459.776806354522705 9.550310351851845
2.991350903864000 2148906984.549217700958252 9.554779740740734
1.706619161812000 2138276733.026798963546753 9.559214018518512
1.700507485886000 1557987978.303357124328613 9.564359037037031
1.720057107968000 1492946017.677762746810913 9.568964111111105
1.713338134890000 1492764751.321644306182861 9.573566962962957
2.976858117532000 1488338133.230334758758545 9.578169685185179
1.712726492400000 1962924629.960962772369385 9.583634574074068
2.961433982208000 1558466842.775806427001953 9.588780092592586
1.713950232810000 1962870617.571724891662598 9.594245944444438
3.076157243922000 1557933679.368635654449463 9.599387074074068
2.976858117532000 2041250910.649239301681519 9.604918333333327
3.107963267786000 2259551226.721844196319580 9.619327407407400
3.067493290054000 2240647098.600943088531494 9.625324833333327
3.038554658828000 2274734505.993566036224365 9.634328314814809
1.906825950488000 2220613005.412686347961426 9.643237425925919
3.045318574810000 1837812491.368595600128174 9.652892092592586
1.901469381074000 2001195706.178175449371338 9.658393537037030
2.977783631662000 1563273359.969068288803101 9.663566203703697
3.091576578478000 1955506928.292764186859131 9.669020222222215
3.086745943200000 2190584540.963781356811523 9.673537537037030
2.975931569308000 2248075915.673357009887695 9.677976185185178
3.116644008268000 2158962829.534497261047363 9.682489425925919
3.123387403110000 2255248310.845333576202393 9.687019962962957
2.977783631662000 2303240914.062434673309326 9.691455999999993
2.975006055178000 2167998666.770271301269531 9.695984129629624
1.713338134890000 2138301074.010125398635864 9.700413703703697
1.706009917920000 1559150667.093529939651489 9.705561796296291
1.712726492400000 1492525445.425781250000000 9.710162055555550
3.064547592032000 1492503207.240808248519897 9.714769685185180
3.016355958497000 2041399527.234320640563965 9.720292740740735
3.031784889231000 2203846353.715572357177734 9.724782851851847
3.030842591166000 2193448747.057197093963623 9.729203555555550
3.131099470772000 2193637937.005311489105225 9.733641907407401
3.031784889231000 2282891483.893709659576416 9.738159925925920
2.969146049870000 2214137750.575090408325195 9.742668074074068
3.030842591166000 2148869512.049014091491699 9.747150537037031
3.030842591166000 2094166672.166853666305542 9.751639722222217
2.983641236586000 2160209092.083710193634033 9.756082740740736
3.101215077534000 2148350015.500532150268555 9.761578370370366
2.985498097029000 2227676517.604623317718506 9.766096333333328
2.993212562396000 2157993044.461375713348389 9.770617111111106
1.712114849910000 1932159823.663466215133667 9.775078277777773
2.977783631662000 1489061274.905071258544922 9.790235833333329
2.985498097029000 2067579319.567808151245117 9.796342518518514
2.993212562396000 2163053544.840655326843262 9.806193037037033
3.532126989196000 2131012639.825715303421021 9.815033407407403
2.975931569308000 2238469869.333338737487793 9.824037092592588
3.408733906604000 2168704876.465328216552734 9.828572481481478
3.356836213230000 2182858640.597590446472168 9.833069555555552
2.993212562396000 2073843695.956518411636353 9.837566962962960
2.992282252856000 2137553257.437018156051636 9.842006092592589
2.982713324751000 2138005655.357344388961792 9.846439777777775
2.976858117532000 2138127471.736638307571411 9.850865740740737
2.990420594324000 2137935503.327874183654785 9.855286870370367
3.132072939002000 2137785195.461651563644409 9.859705185185183
3.038554658828000 2271396404.632571697235107 9.864222314814812
1.720057107968000 2213957066.587572574615479 9.868717648148145
3.077114997138000 1565259296.143980979919434 9.873887055555553
1.712726492400000 2037306989.800880908966064 9.879408592592590
3.084827064800000 1571221436.320552587509155 9.884597777777776
2.984570185194000 2041310899.328859090805054 9.890116296296295
2.984570185194000 2158864717.650006771087646 9.894624425925924
2.976858117532000 2138516904.683384180068970 9.899060518518517
2.985498097029000 2138533642.165686845779419 9.903473796296295
3.029899240254000 2138449949.401600837707520 9.907902277777776
3.046266726490000 2180976513.582854270935059 9.912391870370369
3.131099470772000 2193740430.961156845092773 9.916833277777776
3.038554658828000 2282737595.920508861541748 9.921350907407406
2.977783631662000 2214076443.000110626220703 9.925864074074074
2.984570185194000 2148713522.763911724090576 9.930344037037036
2.985498097029000 2138261994.568497419357300 9.934762703703703
3.100251200124000 2034944336.521219491958618 9.939224037037036
2.992282252856000 2195004229.579243659973145 9.953606870370368
2.983641236586000 2124956745.581695795059204 9.959599407407405
1.721285190144000 2131300203.068592071533203 9.968463407407405
2.993212562396000 1820201829.739962816238403 9.978015462962961
3.485854583224000 1912022782.427814483642578 9.988110962962962
3.494652811251000 2226902307.512248039245605 9.992620388888888
2.993212562396000 2248192079.687395572662354 9.997056240740740
3.133047132348000 2153191930.059420108795166 10.001565888888889
2.999994320518000 2218677471.318881988525391 10.006095259259260
3.132072939002000 2168607032.116979122161865 10.010634222222222
3.032727889194000 2272292045.649212360382080 10.015174481481482
1.726159641360000 2213910382.280207633972168 10.019682518518520
1.720057107968000 1564143176.749796867370605 10.024855870370372
1.719443066880000 1492771542.360608339309692 10.029459203703706
1.719443066880000 1490874108.824050188064575 10.034061944444446
1.707228859348000 1492561016.315253973007202 10.038666814814816
3.023130523504000 1492756982.307330131530762 10.043269055555557
2.969146049870000 2001019266.750948190689087 10.048762111111113
3.030842591166000 2148934132.624682903289795 10.053256833333336
3.039499354598000 2178361601.845747947692871 10.057751648148150
3.030842591166000 2193105162.091946125030518 10.062178148148149
1.719443066880000 2193436369.788338184356689 10.066611314814816
2.992282252856000 1565464744.094206571578979 10.071788277777779
2.986426700046000 1961046244.479169130325317 10.077251592592594
2.993212562396000 2138327913.086700201034546 10.081685129629632
3.023130523504000 2138312817.394586086273193 10.086101148148151
2.985498097029000 2138357617.499310493469238 10.090532222222224
3.109896537774000 2138318306.553001642227173 10.094965870370372
2.993212562396000 2227929107.261443138122559 10.099483388888890
2.985498097029000 2157859282.225036621093750 10.103987018518520
3.045318574810000 2136092202.988361120223999 10.108427703703706
2.984570185194000 2148467578.032520771026611 10.122742129629632
3.067493290054000 2126692386.789727449417114 10.128703259259261
1.721285190144000 2210668842.066008090972900 10.137641592592594
3.401021838942000 1851394098.827692031860352 10.147313870370372
3.418571132094000 1749112871.521525382995605 10.157639277777779
1.719443066880000 2182793414.503534793853760 10.162100259259260
1.720057107968000 1564424298.603828907012939 10.167274462962963
2.968221902030000 1459681294.807734012603760 10.171877462962962
3.063595348626000 1960962992.805755376815796 10.177347370370370
3.032727889194000 2220809005.918034076690674 10.181859629629630
3.039499354598000 2203473693.343083381652832 10.186342018518518
3.046266726490000 2192816662.133606433868408 10.190767666666666
2.983641236586000 2192982464.801991462707520 10.195193685185185
3.046266726490000 2148750574.987428665161133 10.199686537037037
3.085786146800000 2182232913.269088268280029 10.204183203703703
2.968221902030000 2238155148.922817707061768 10.208668500000000
3.045318574810000 2159318687.744235992431641 10.213165703703703
3.029899240254000 2183289290.469379425048828 10.217658240740741
1.713338134890000 2193379426.010989189147949 10.222096962962963
2.992282252856000 1546529731.312297821044922 10.229054648148148
3.102179672916000 1962470593.823261022567749 10.234513000000000
3.030842591166000 2227750803.463089942932129 10.239030481481482
3.030842591166000 2203695376.433767795562744 10.243515555555556
2.984570185194000 2193484349.814446926116943 10.247961722222222
3.030842591166000 2147955331.548794746398926 10.252451592592593
2.970069166295000 2183368432.761114120483398 10.256946759259259
3.023130523504000 2148663100.325012683868408 10.261436611111112
3.107963267786000 2183206222.222222328186035 10.265936611111112
3.132072939002000 2124158629.149104356765747 10.270435574074074
3.039499354598000 2254540368.431900024414062 10.285441111111112
3.077114997138000 2209466437.560952663421631 10.291422500000001
2.985498097029000 2216538336.858991622924805 10.300334240740742
3.355792434645000 2134113114.223063945770264 10.309252462962965
2.986426700046000 2153543378.169871807098389 10.318266000000001
3.363506900012000 2137465792.151984453201294 10.322687500000001
3.291004107671000 2134278901.716016530990601 10.327126074074075
3.092539132462000 2117459427.827276706695557 10.331619666666667
3.031784889231000 2236340233.615605354309082 10.336115814814814
3.085786146800000 2203612928.743587970733643 10.340610537037037
3.047213819965000 2194589625.088422775268555 10.345322759259259
1.719443066880000 2198143666.314887046813965 10.349814907407408
3.031784889231000 1565384087.752208948135376 10.354987722222223
1.713338134890000 2000734710.910681962966919 10.360490314814815
3.092539132462000 1559930263.976154327392578 10.365671759259259
2.975006055178000 2040516330.708184957504272 10.371181148148148
2.985498097029000 2159095676.778311729431152 10.375683962962963
2.983641236586000 2137584428.191266536712646 10.380109814814816
3.132072939002000 2138674818.912430763244629 10.384545462962963
3.093500612167000 2272284398.463240623474121 10.389081222222222
2.985498097029000 2258598789.948405742645264 10.393571388888889
1.706619161812000 2158960582.958168029785156 10.398079685185184
2.969146049870000 1558673936.365534543991089 10.403223648148147
2.983641236586000 1961577214.383064508438110 10.408685833333333
3.077114997138000 2138570645.782770872116089 10.413126611111110
2.984570185194000 2227159589.176377773284912 10.417627055555554
3.007706388180000 2158309581.804963111877441 10.422135407407406
3.069402929476000 2138352638.912716865539551 10.426560981481481
2.992282252856000 2077051548.668043375015259 10.431089962962963
1.714561419870000 2114390167.534306764602661 10.446218981481481
3.047213819965000 1478775740.966978073120117 10.452327740740740
2.984570185194000 2121490077.474416971206665 10.460373407407406
3.006770238420000 2133095324.631039619445801 10.469279814814813
3.546446947880000 2132861546.569406509399414 10.478134777777775
3.156197726922000 2214003361.533855438232422 10.484381925925923
3.371221365379000 2302942755.009145259857178 10.488816407407406
3.399963269598000 2162616001.666414737701416 10.493350425925923
1.728008960418000 2123737906.655985116958618 10.497834833333330
2.993212562396000 1565066980.511118173599243 10.503011574074071
1.713338134890000 1961901645.349369764328003 10.508471407407404
3.039499354598000 1549791884.057971000671387 10.513646407407403
1.712114849910000 1998152876.662526130676270 10.519147574074070
3.102179672916000 1564476282.907577753067017 10.524318481481478
2.983641236586000 2040427950.439723491668701 10.529839629629626
2.998127863897000 2158563281.394346237182617 10.534349907407403
3.023130523504000 2138031525.153939723968506 10.538770833333329
3.001860429762000 2182981665.767727851867676 10.543268592592588
3.138811538434000 2149160596.941089153289795 10.547760629629625
3.131099470772000 2271741597.366950511932373 10.552301203703699
3.091576578478000 2303777132.456011772155762 10.556726851851847
2.990420594324000 2258750598.344819545745850 10.561222277777773
2.991350903864000 2159242315.763485908508301 10.565722833333329
2.991350903864000 2138440911.141181945800781 10.570156833333328
2.994143564904000 2138419782.035448312759399 10.574595203703700
3.000927027763000 2138350363.984031677246094 10.579011351851848
3.054928285332000 2138556046.963792562484741 10.583449759259256
2.990420594324000 2183332091.047692775726318 10.587931740740737
1.718829025792000 2147707124.925678730010986 10.592416777777775
2.985498097029000 1539976216.915530204772949 10.597569833333329
2.983641236586000 1651731069.735726833343506 10.613213018518515
3.093500612167000 2125169569.952720403671265 10.619096092592589
3.029899240254000 2174835477.462694644927979 10.627989166666662
3.398905881693000 2155569011.349477291107178 10.637010629629625
3.115675335448000 2175252548.747588157653809 10.645927499999996
3.345995598652000 2237381133.537492752075195 10.650420481481477
3.007706388180000 2157287920.973965644836426 10.654936574074069
3.272967705344000 2138316880.242457628250122 10.659354296296291
3.122415247590000 2078857129.772644996643066 10.663802388888884
3.045318574810000 2270401797.112834930419922 10.668328166666662
3.037608907532000 2213978509.975752830505371 10.672841888888884
2.993212562396000 2193537825.083848953247070 10.677264537037033
2.999994320518000 2148721743.991056442260742 10.681737037037033
3.031784889231000 2138231797.211914777755737 10.686168592592589
3.092539132462000 2182997619.851590633392334 10.690665666666662
2.994143564904000 2237279283.213181972503662 10.695161037037034
3.084827064800000 2158855750.783627986907959 10.699668796296292
3.070357216066000 2226944326.035801887512207 10.704178185185182
2.994143564904000 2231150643.395020484924316 10.708612129629627
1.712726492400000 2158997442.161230087280273 10.713122592592590
3.078071681433000 1558346225.566075086593628 10.718266851851849
1.720057107968000 2041886333.626022815704346 10.723792444444442
3.131099470772000 1571203456.654452323913574 10.728982648148145
2.975931569308000 2081707271.653267145156860 10.734531592592589
1.713950232810000 2169268973.305618762969971 10.739057444444441
3.031784889231000 1558128378.402678728103638 10.744206574074070
1.720057107968000 2002113142.337425947189331 10.749704074074071
2.975006055178000 1565050721.965435743331909 10.754876425925923
2.993212562396000 1962326153.159006118774414 10.760349314814812
1.712726492400000 2139167404.275631666183472 10.765780611111108
3.023130523504000 1975301278.912100315093994 10.780831018518516
3.079029078342000 2129318166.955300092697144 10.786947537037035
2.976858117532000 2236796139.602140903472900 10.796693222222220
2.986426700046000 2075198324.675091266632080 10.802874444444443
3.361414933208000 1897846452.619291543960571 10.813487648148147
2.984570185194000 2113818717.463818788528442 10.819666666666665
3.532126989196000 2136511512.134411811828613 10.824100796296294
2.993212562396000 2272683648.678494930267334 10.828628462962961
3.362461500632000 2162857803.326309680938721 10.833154666666664
3.030842591166000 2114737657.348710536956787 10.837647518518516
3.014479905698000 2192731964.907162189483643 10.842090759259257
2.993212562396000 2148368036.446919441223145 10.846586388888886
2.993212562396000 2138177186.108488798141479 10.851019685185182
2.977783631662000 2138271582.417766571044922 10.855445870370367
3.046266726490000 2138326331.257200956344604 10.859881944444441
2.999060571142000 2171985476.974492549896240 10.864403499999996
2.999994320518000 2148703348.986398696899414 10.868895185185181
3.001860429762000 2138330902.198064088821411 10.873320796296293
1.719443066880000 2138297255.779393911361694 10.877757055555552
2.992282252856000 1558448805.774041891098022 10.882901407407404
1.720057107968000 1958590016.715504884719849 10.888374259259257
3.045318574810000 1558516397.338402986526489 10.893517370370368
2.993212562396000 2001967023.574779272079468 10.899020740740738
2.976858117532000 2144749984.541755676269531 10.903513129629626
3.047213819965000 2138108187.538463354110718 10.907936518518515
1.720057107968000 2182545660.445732593536377 10.912433481481477
3.038554658828000 1565240605.355063915252686 10.917603388888883
2.993212562396000 2002154405.281896352767944 10.923106462962958
3.098322368346000 2097310459.899393320083618 10.927601407407401
3.147501869736000 2224267089.981770038604736 10.932121870370365
3.024070423864000 2169682311.271273136138916 10.936623481481476
2.984570185194000 1654938712.179984331130981 10.953356611111106
2.985498097029000 2128862840.385421037673950 10.959324111111107
2.985498097029000 2157955905.479352951049805 10.968309018518514
3.525510672719000 2165405071.364438533782959 10.977280962962960
2.994143564904000 2239314868.780732154846191 10.986304592592589
3.352662264255000 2168517195.966745853424072 10.990846462962960
3.372269942946000 2137964822.441461324691772 10.995280055555552
1.720057107968000 2078957764.104703426361084 10.999719407407405
3.037608907532000 1557208149.958076953887939 11.004865537037034
3.091576578478000 2001249717.247084140777588 11.010350629629627
1.720057107968000 2237943840.617157936096191 11.014829944444442
3.091576578478000 1571743926.588127374649048 11.019992092592590
2.976858117532000 2041619766.191884040832520 11.025504685185183
3.122415247590000 2159085102.541586875915527 11.030017759259257
3.039499354598000 2227897755.406535148620605 11.034535611111108
3.038554658828000 2203708648.389285087585449 11.039012574074071
3.031784889231000 2192949584.464397430419922 11.043446833333331
2.975931569308000 2193524878.891434192657471 11.047884999999997
2.993212562396000 2147829342.653182506561279 11.052367666666663
3.005835133470000 2138478720.425298929214478 11.056798537037034
3.031784889231000 2138374093.156171083450317 11.061237518518515
3.037608907532000 2183161503.112956047058105 11.065734851851849
3.053028242088000 2193553234.009354114532471 11.070173499999997
1.720671606272000 2193378567.536984920501709 11.074592203703702
2.993212562396000 1565649268.996944189071655 11.079761407407405
2.977783631662000 1961292019.752484321594238 11.085229074074071
2.993212562396000 2138528568.743342638015747 11.089662499999998
3.038554658828000 2138226130.758385181427002 11.094088814814812
2.993212562396000 2182192559.037576198577881 11.098577481481479
3.090615098773000 2215530011.936771392822266 11.113936185185183
1.713338134890000 2222160613.829724788665771 11.119924092592591
2.992282252856000 1822592310.709780693054199 11.129554611111109
3.402079226847000 1938692132.000547647476196 11.139697666666665
2.976858117532000 2158709460.002596855163574 11.148682277777777
3.542040969822000 2148147929.189510345458984 11.153167907407406
3.090615098773000 2271947722.601063728332520 11.157708499999998
3.294076711709000 2251073388.714307308197021 11.162204851851850
3.108929542901000 2101282247.649815320968628 11.166721833333332
1.719443066880000 2226904897.552658557891846 11.171239962962961
2.984570185194000 1570099858.324084520339966 11.176429166666665
2.976858117532000 1962797626.993457794189453 11.181894962962961
2.990420594324000 2137854529.060374736785889 11.186331129629627
2.976858117532000 2138324039.299845695495605 11.190749203703701
2.977783631662000 2138090326.622671604156494 11.195182907407405
3.085786146800000 2138116194.467728376388550 11.199601425925923
3.084827064800000 2226764549.089293956756592 11.204103425925924
3.038554658828000 2246715715.569300174713135 11.208534629629627
3.102179672916000 2203738009.023647785186768 11.213024888888887
3.084827064800000 2227570539.052912235260010 11.217536574074073
3.025011024336000 2248299980.384710311889648 11.221973777777777
1.720057107968000 2203667597.454288959503174 11.226463537037036
1.713338134890000 1565480012.180049896240234 11.231632888888887
3.008641493130000 1492240128.772635698318481 11.236234740740739
1.713338134890000 2002117033.541209936141968 11.241728259259258
3.025011024336000 1565535331.606607437133789 11.246897537037036
1.713338134890000 1997796725.185685396194458 11.252382722222221
3.078071681433000 1565473452.976506233215332 11.257550351851851
3.163914591780000 2041631347.267690896987915 11.263065629629629
2.990420594324000 2159437200.186960220336914 11.267582333333333
3.091576578478000 2177583509.034203529357910 11.281951592592593
1.713338134890000 2235746758.699034214019775 11.287950555555556
2.983641236586000 1846035252.576370954513550 11.297611000000000
3.362461500632000 1741527307.392007112503052 11.307809703703704
3.369124600486000 2183355597.248790740966797 11.316880462962963
3.045318574810000 2137587009.870525121688843 11.321310037037037
3.355792434645000 2182804756.058371067047119 11.325804888888889
3.038554658828000 2094616895.955526351928711 11.330281962962964
2.993212562396000 2179875709.794756412506104 11.334782481481483
2.985498097029000 2148617604.474749088287354 11.339271870370371
2.990420594324000 2138340488.415779829025269 11.343707981481483
2.985498097029000 2082049779.231944322586060 11.348145351851853
1.712726492400000 2137025946.171500205993652 11.352583314814817
2.977783631662000 1558625495.901506662368774 11.357732000000002
3.016355958497000 1957668159.705542087554932 11.363205962962965
2.983641236586000 2182462302.616947174072266 11.367702296296299
3.031784889231000 2147855412.741102218627930 11.372191703703706
1.726159641360000 2183351633.653383255004883 11.376691388888892
2.993212562396000 1565602249.510742187500000 11.381857944444448
2.985498097029000 1962843587.059266090393066 11.387323888888892
3.076157243922000 2138733656.922781229019165 11.391757185185188
3.030842591166000 2226941685.144124031066895 11.396267185185188
3.038554658828000 2203972478.047574043273926 11.400759222222225
3.033670538208000 2193616720.032019138336182 11.405201000000003
3.030842591166000 2193425152.104372024536133 11.409629611111114
3.084827064800000 2193132266.189157485961914 11.414055870370374
2.992282252856000 2238425300.836643695831299 11.418540277777781
3.031784889231000 2159259923.333745479583740 11.423033055555559
2.991350903864000 2183212222.185474395751953 11.427512462962966
2.999994320518000 2145453273.441793680191040 11.431993814814819
1.719443066880000 2112451610.808086633682251 11.446249944444448
2.993212562396000 1480815385.919860363006592 11.452365203703707
1.714561419870000 2122296594.864459753036499 11.460547833333337
3.047213819965000 1851649154.963332176208496 11.470206629629633
3.430801938710000 2126743046.411959886550903 11.480136222222226
2.985498097029000 2168858261.353637218475342 11.486323666666671
3.485854583224000 2148324763.628716468811035 11.490814796296300
1.908188354152000 2227255496.196361541748047 11.495328018518522
3.084827064800000 1526395691.064730167388916 11.500526518518523
3.101215077534000 2035238684.519960880279541 11.506054425925930
3.102179672916000 2248190549.838233470916748 11.510484685185189
2.985498097029000 2248270082.337584018707275 11.514910907407410
2.976858117532000 2159011946.233732223510742 11.519418759259262
2.990420594324000 2138377078.095094919204712 11.523859925925928
2.986426700046000 2137623651.912099599838257 11.528288351851854
2.992282252856000 2138113036.282941579818726 11.532719574074076
2.992282252856000 2138580945.100938796997070 11.537152962962965
2.993212562396000 2137645242.709506273269653 11.541577166666668
2.975006055178000 2138590169.010666131973267 11.546002703703705
3.100251200124000 2138561583.185752153396606 11.550436333333334
1.719443066880000 2222077390.569766998291016 11.554952148148148
1.720671606272000 1571069060.251782417297363 11.560149166666667
2.976858117532000 1492743384.338071823120117 11.564751740740741
2.979635694016000 1955420135.861299753189087 11.570231185185186
3.101215077534000 2138324466.994884252548218 11.574658388888890
3.038554658828000 2227803342.803379535675049 11.579175555555556
3.037608907532000 2202298456.769768238067627 11.583668296296297
2.985498097029000 2192623544.631306648254395 11.588091574074076
2.976858117532000 2148821262.672849178314209 11.592568555555557
3.107963267786000 2138760720.778078317642212 11.596989703703706
3.085786146800000 2133948244.828250408172607 11.601413666666669
3.094462808058000 2163485990.143507957458496 11.615752777777780
1.719443066880000 2236045132.350273132324219 11.621672814814817
3.037608907532000 1851301210.877747297286987 11.631321462962966
3.353705265930000 1941006310.021767139434814 11.641420037037040
2.994143564904000 2135251433.559779405593872 11.650372111111114
3.341402483514000 2137868612.468927621841431 11.654812185185188
3.000927027763000 2138239572.811139106750488 11.659230388888892
3.402079226847000 2132166892.196662187576294 11.663664388888892
3.085786146800000 2125769462.149673223495483 11.668164814814817
3.101215077534000 2237669336.893636226654053 11.672658814814817
2.994143564904000 2248374914.888906478881836 11.677092018518520
3.103143909312000 2159160186.625194549560547 11.681604925925928
3.122415247590000 2227945383.668445110321045 11.686117888888891
2.999060571142000 2248338310.119000434875488 11.690554537037039
3.024070423864000 2158511731.595866203308105 11.695065148148151
3.094462808058000 2183006247.222084999084473 11.699564925925928
3.085786146800000 2234980249.471564769744873 11.703998000000002
3.048161618910000 2248286582.620440959930420 11.708440000000001
1.712726492400000 2204006096.479468345642090 11.712929537037038
2.975931569308000 1565454311.150248527526855 11.718102814814817
3.039499354598000 1963066007.997480869293213 11.723572129629630
1.719443066880000 2182338252.743992805480957 11.728066796296297
3.068447576644000 1554030960.727931499481201 11.733238222222223
1.733495054124000 2041671790.026035547256470 11.738764833333335
3.030842591166000 1571906559.637440204620361 11.743962444444445
2.986426700046000 2001145098.779965400695801 11.749452574074075
3.030842591166000 2148903038.750584125518799 11.753929925925927
2.984570185194000 2183226227.508889198303223 11.758424500000002
1.859162307668000 2148926007.997128009796143 11.762912222222225
2.977783631662000 1472017567.361029863357544 11.769091611111113
2.984570185194000 2115102190.320520639419556 11.784375185185187
2.992282252856000 2126898053.782502412796021 11.790287888888891
2.984570185194000 2127097747.006270170211792 11.799130444444446
1.914223726800000 2134296046.584182739257812 11.807974648148150
2.992282252856000 1652986219.360036849975586 11.817904037037039
3.411914447552000 1961974586.280392646789551 11.823360407407408
3.347037365308000 2183037890.075154304504395 11.827859777777778
3.044371481335000 2113826583.276659727096558 11.832298240740741
1.720057107968000 2192874047.949574470520020 11.836740407407408
2.985498097029000 1565156422.121774911880493 11.841914796296297
2.978709835188000 1962333878.054734468460083 11.847376870370372
3.070357216066000 2138199349.555333614349365 11.851795500000001
2.975006055178000 2226862357.771067619323730 11.856297240740743
2.984570185194000 2155968810.004431247711182 11.860810796296299
2.977783631662000 2138516499.893549203872681 11.865246851851854
3.091576578478000 2138295615.062761545181274 11.869672777777780
3.092539132462000 2227402385.636989593505859 11.874190555555558
3.070357216066000 2248239257.309965610504150 11.878616907407409
3.038554658828000 2248259954.187580585479736 11.883055296296298
3.038554658828000 2203857285.259896755218506 11.887532500000002
2.975006055178000 2193348874.571165561676025 11.891958796296299
3.137834582146000 2147592225.801528453826904 11.896448481481483
3.093500612167000 2272644704.841918945312500 11.900971481481484
2.993212562396000 2258539916.901617527008057 11.905464148148150
2.970069166295000 2159029395.825464725494385 11.909974740740743
3.130124914868000 2138257862.685968875885010 11.914408481481484
3.124358473635000 2260029916.089018344879150 11.918976814814817
3.053978794152000 2303060117.651485443115234 11.923406092592595
2.999994320518000 2210073198.655685424804688 11.927918925925928
3.084827064800000 2018380680.297872066497803 11.932417500000001
3.123387403110000 2161775227.986521720886230 11.947470777777779
1.720671606272000 2218386043.141407966613770 11.953451111111113
1.720057107968000 1488413005.853339672088623 11.963423259259260
1.901469381074000 1671442150.536897659301758 11.974234685185186
3.348077969278000 1650670506.070408582687378 11.985180314814816
3.078071681433000 1951064932.509008884429932 11.990637833333334
3.338285931374000 2227048537.234042644500732 11.995149833333334
3.037608907532000 2158852681.769893646240234 11.999647277777779
3.038554658828000 2069026156.790633201599121 12.004088444444445
2.992282252856000 2182280908.035471916198730 12.008586555555556
2.991350903864000 2148594730.611049652099609 12.013075796296297
3.124358473635000 2138010621.722595691680908 12.017497203703705
3.092539132462000 2272374808.589873790740967 12.022032259259261
3.077114997138000 2168829273.693533897399902 12.026548259259261
3.092539132462000 2227771155.052971839904785 12.031063203703706
2.993212562396000 2248008855.534709453582764 12.035504870370373
2.999060571142000 2158633447.025781154632568 12.039995000000003
2.991350903864000 2138348978.797655105590820 12.044420611111114
2.975931569308000 2138602399.679374694824219 12.048856388888892
2.993212562396000 2138545330.088861227035522 12.053293185185188
2.984570185194000 2138400452.374968528747559 12.057714296296298
3.039499354598000 2138371882.861946821212769 12.062152870370372
3.101215077534000 2183218498.300546169281006 12.066647777777780
2.985498097029000 2238246757.049936294555664 12.071137574074076
2.992282252856000 2159115077.362415313720703 12.075650962962964
3.039499354598000 2136123512.624956130981445 12.080089555555556
2.992282252856000 2183319693.750154972076416 12.084569074074075
3.046266726490000 2150911882.394235134124756 12.089053611111112
3.037608907532000 2193332115.921001911163330 12.093495333333333
2.991350903864000 2193232743.418172836303711 12.097937277777778
1.726159641360000 2146419041.978233575820923 12.102439611111111
1.726776081046000 1556815073.368178129196167 12.107591203703704
3.084827064800000 1490979047.019508838653564 12.122182074074074
1.712726492400000 2147401984.814253330230713 12.128362333333333
2.991350903864000 1706091939.050935983657837 12.138996592592592
3.410854267236000 1920319985.966985464096069 12.149025851851851
3.339325297646000 2160538852.320326805114746 12.158000481481482
3.494652811251000 2147882237.560523033142090 12.162494462962963
3.340363503911000 2227582400.757310867309570 12.166993814814814
3.125330267490000 2096446545.358758449554443 12.171493129629630
2.970069166295000 2269840184.882864952087402 12.175996481481482
2.977783631662000 2168611075.014404773712158 12.180528203703703
3.032727889194000 2138399279.405509471893311 12.184968981481481
1.699900188734000 2183064788.593052387237549 12.189461370370369
3.091576578478000 1564742389.363395690917969 12.194625925925925
3.038554658828000 2039434831.859830856323242 12.200151518518517
2.970069166295000 2203550922.947493076324463 12.204641962962961
1.712114849910000 2148662896.104806423187256 12.209134203703702
2.993212562396000 1558901585.337783575057983 12.214283240740739
3.038554658828000 1962476076.287633419036865 12.219750851851851
3.022189572976000 2182098617.880475044250488 12.224238055555555
2.991350903864000 2193784910.871202945709229 12.228663611111109
2.977783631662000 2148881548.102157592773438 12.233158481481480
2.984570185194000 2138717453.790151596069336 12.237571722222221
3.038554658828000 2138389123.594378709793091 12.242003333333331
2.983641236586000 2179498258.442232131958008 12.246501222222220
1.720057107968000 2148590972.422605991363525 12.250993629629628
2.984570185194000 1558093537.335317134857178 12.256133981481479
2.985498097029000 1962244724.621150493621826 12.261589092592590
3.115675335448000 2138260575.027565479278564 12.266023018518517
3.025011024336000 2085300848.835696458816528 12.270578277777776
2.984570185194000 1663524212.938737392425537 12.287353055555554
2.985498097029000 2123649069.481221675872803 12.293311499999998
3.084827064800000 2128365041.627076864242554 12.302159907407406
3.533225138086000 2242983327.738615036010742 12.311096907407405
2.983641236586000 2256141788.469596385955811 12.320112685185183
3.362461500632000 2166672541.797006130218506 12.324647388888886
2.993212562396000 2128974078.853405952453613 12.329081777777775
3.076157243922000 2137678235.737622499465942 12.333502888888885
2.993212562396000 2169279671.528513908386230 12.338026648148144
2.999060571142000 2158147342.727171897888184 12.342533148148144
2.993212562396000 2089162020.855118036270142 12.346978277777774
2.992282252856000 2135224342.879069805145264 12.351418240740736
3.079029078342000 2137548879.235593080520630 12.355838999999996
3.123387403110000 2226666620.158156394958496 12.360351648148145
3.047213819965000 2286506537.381900787353516 12.364824499999996
3.016355958497000 2213216986.132511615753174 12.369331444444439
3.037608907532000 2189724409.120477676391602 12.373772407407403
1.713338134890000 2193153578.897517681121826 12.378191055555551
2.992282252856000 1556204533.326648235321045 12.383361814814810
1.720057107968000 1962283913.980242967605591 12.388828259259254
2.985498097029000 1558700058.354405641555786 12.393969259259254
1.706009917920000 1962510048.500673055648804 12.399444555555551
2.977783631662000 1558319809.808547973632812 12.404585574074069
1.720057107968000 1962298690.276542425155640 12.410040499999996
3.077114997138000 1558880783.506934404373169 12.415189240740736
3.008641493130000 2041133769.878391027450562 12.420712407407402
3.091576578478000 2159163149.183554172515869 12.425210222222217
3.036664211762000 2228015920.748594760894775 12.429730296296292
3.282275035350000 2203813159.046431541442871 12.434215592592588
2.985498097029000 2190663860.583121776580811 12.438667999999996
1.739592790320000 2194759232.201838016510010 12.453066074074071
2.976858117532000 1591505921.289379835128784 12.459858888888887
3.031784889231000 1739658385.408544301986694 12.470070851851849
3.485854583224000 2155594319.448835849761963 12.478973222222219
3.494652811251000 2214349979.533360481262207 12.487930888888886
2.998127863897000 2246127340.012335300445557 12.492374518518517
3.255504384874000 2156156022.426221370697021 12.496883129629628
3.036664211762000 2082941424.009017467498779 12.501318962962962
2.999060571142000 2182509464.289403438568115 12.505800722222222
2.984570185194000 2142264086.989868640899658 12.510291666666667
3.139787404369000 2137864267.455265522003174 12.514725222222223
1.719443066880000 2272375058.702461242675781 12.519260018518519
1.706619161812000 1576666387.485094547271729 12.524478092592593
3.100251200124000 1492503542.817596197128296 12.529080518518519
2.984570185194000 2041146012.344184875488281 12.534589185185187
2.993212562396000 2159000640.141816139221191 12.539102074074076
3.101215077534000 2126162153.806302785873413 12.543534537037040
3.092539132462000 2226323450.134770870208740 12.548048370370374
2.969146049870000 2248706790.869894981384277 12.552489518518522
2.999060571142000 2159352822.431747436523438 12.557002962962967
3.145544249424000 2138684026.399053573608398 12.561433537037042
3.097358131950000 2272360052.851794719696045 12.565974537037041
3.039499354598000 2258631180.400890827178955 12.570464537037042
2.990420594324000 2202079708.826205730438232 12.574941944444449
2.982713324751000 2148714346.990456104278564 12.579431981481486
3.092539132462000 2138265829.548490524291992 12.583868129629634
3.075200559627000 2226937305.545952796936035 12.588367907407411
3.047213819965000 2248439530.949186325073242 12.592811870370374
1.901469381074000 2204054768.781959056854248 12.597306185185190
2.993212562396000 1482776963.962551832199097 12.602504481481485
1.699900188734000 2093890452.806694030761719 12.617792666666670
2.983641236586000 1477293325.157248020172119 12.623892962962966
2.975931569308000 1880311686.917549371719360 12.634933481481484
3.093500612167000 2127242390.526072025299072 12.643804611111113
1.908188354152000 2165937449.770081520080566 12.652744981481483
2.983641236586000 1570514984.421341180801392 12.657933703703705
3.363506900012000 1962674255.953391313552856 12.663388111111113
3.093500612167000 2131712930.309609413146973 12.667814833333335
3.084827064800000 2226613335.737349987030029 12.672334018518519
2.977783631662000 2190429518.559598445892334 12.676775166666667
3.046266726490000 2158484521.211672782897949 12.681281333333335
3.006770238420000 2182833434.850605010986328 12.685780962962964
2.992282252856000 2148284525.975714206695557 12.690269129629630
3.001860429762000 2137915475.523364305496216 12.694697388888889
1.712726492400000 2136131598.513011217117310 12.699130907407408
3.031784889231000 1528200058.212865114212036 12.704284407407409
2.984570185194000 2000817874.547233819961548 12.709790685185187
2.993212562396000 2148540678.909293174743652 12.714283185185186
2.991350903864000 2138376690.225808620452881 12.718719092592593
2.985498097029000 2137870818.018741130828857 12.723147814814816
3.075200559627000 2138595526.724440097808838 12.727584037037039
3.092539132462000 2227012496.768076896667480 12.732096314814816
1.726159641360000 2248493011.722272396087646 12.736532314814816
3.116644008268000 1571718984.496262311935425 12.741722222222224
3.078071681433000 2081404030.633347272872925 12.747274148148151
2.983641236586000 2258919332.474992275238037 12.751761703703707
2.999060571142000 2141486340.725186347961426 12.756277018518523
2.999994320518000 2138540887.587294578552246 12.760716018518522
2.999994320518000 2138359944.639340162277222 12.765144888888893
2.993212562396000 2139649406.276216268539429 12.770575148148152
3.038554658828000 2112795063.501101732254028 12.775063259259264
3.053978794152000 2175385858.037784099578857 12.779568370370376
1.720671606272000 2148723014.863145351409912 12.793932759259265
3.093500612167000 1501932070.179152727127075 12.800930722222228
2.993212562396000 2174258999.040400028228760 12.810888574074079
3.369124600486000 2133110368.725748538970947 12.819813203703708
1.914907327230000 2119032757.356225490570068 12.828726666666672
3.355792434645000 1558434684.199180841445923 12.833881111111117
2.993212562396000 1962455967.586497068405151 12.839338370370376
1.712726492400000 2087795205.262191295623779 12.843775333333339
2.992282252856000 1551331318.313147068023682 12.848915740740747
1.714561419870000 1962622932.846048593521118 12.854388240740747
3.035719164150000 1558699495.376381635665894 12.859536925925932
3.079029078342000 2001329409.389197349548340 12.865039703703710
2.986426700046000 2238157291.705291271209717 12.869534537037044
3.084827064800000 2158709775.249586105346680 12.874053129629637
2.975931569308000 2183019162.386408329010010 12.878552685185193
1.719443066880000 2148209698.450162410736084 12.883040611111118
1.720057107968000 1556329274.832375288009644 12.888186037037045
3.028956942189000 1492630890.800549030303955 12.892786351851859
2.992282252856000 2001744425.322389841079712 12.898284925925934
2.991350903864000 2148635672.454111099243164 12.902759277777786
2.993212562396000 2138407078.094474554061890 12.907195500000009
1.718829025792000 2138360843.517251014709473 12.911618777777788
1.713950232810000 1558503042.727665185928345 12.916767666666678
1.713950232810000 1492768841.772992849349976 12.921367129629640
2.993212562396000 1492743369.961009263992310 12.925964611111121
2.984570185194000 1962941336.333385229110718 12.931429537037047
3.136858716211000 2138580788.979336261749268 12.935865648148159
3.046266726490000 2271832647.171518802642822 12.940408722222234
2.993212562396000 2193757952.611598014831543 12.944935537037049
3.030842591166000 2175753920.251621723175049 12.959230962962975
2.984570185194000 2147464384.014432430267334 12.965225722222234
3.029899240254000 2149269902.404910564422607 12.974149592592605
3.370173568294000 2183792026.973093509674072 12.983058333333346
3.048161618910000 2119692827.986406087875366 12.992000240740754
3.403137402378000 2181790001.734089851379395 12.996485462962976
3.040444754052000 2177380203.222963333129883 13.000939611111125
1.920940301280000 2192903818.971016883850098 13.005380888888903
2.984570185194000 1521587962.334031581878662 13.010560925925940
1.706619161812000 1953429601.585215568542480 13.016000074074089
1.714561419870000 1558532340.995506286621094 13.021143185185201
1.720057107968000 1492549663.201496124267578 13.025748092592607
2.984570185194000 1492710035.231093406677246 13.030352611111127
2.986426700046000 1963172799.869953155517578 13.035820722222239
3.031784889231000 2137441781.580145835876465 13.040253740740757
3.023130523504000 2183408307.452455520629883 13.044743685185201
3.038554658828000 2193114486.539501190185547 13.049161962962978
2.983641236586000 2187859057.630936622619629 13.053601129629644
2.982713324751000 2148758074.018531322479248 13.058096000000015
2.993212562396000 2124536713.644858121871948 13.062525425925941
3.025011024336000 2137868082.811892747879028 13.066955814814829
2.985498097029000 2181582617.308406352996826 13.071443037037051
1.706619161812000 2148873234.789494514465332 13.075933111111125
3.014479905698000 1558708425.517219066619873 13.081080833333347
3.023130523504000 1962930816.328609943389893 13.086534111111124
3.030842591166000 2183174099.866647243499756 13.091033444444458
2.985498097029000 2193407355.551666259765625 13.095477555555568
1.712726492400000 2148679274.726907730102539 13.099963222222236
3.045318574810000 1558157455.976020812988281 13.105103518518533
2.984570185194000 2002406091.404702425003052 13.110609759259274
1.707228859348000 2194260820.533814430236816 13.124994703703718
1.700507485886000 1480347369.027651786804199 13.131100388888903
1.727392979734000 1780330372.881785392761230 13.139872407407422
1.712726492400000 1883880682.495709896087646 13.150587981481497
3.401021838942000 1826049771.427371263504028 13.161168944444460
3.084827064800000 2131091736.803990125656128 13.168405629629646
3.479223880517000 2237731414.392059803009033 13.172883407407424
2.986426700046000 2248265863.198716163635254 13.177314814814832
2.992282252856000 2151840317.969458103179932 13.181829574074090
1.713338134890000 2078728491.115349769592285 13.186256685185201
2.986426700046000 1558058892.111494064331055 13.191402944444460
2.976858117532000 1960164406.366736888885498 13.196875833333349
3.031784889231000 2137908814.056370973587036 13.201308777777793
3.031784889231000 2183088634.818614482879639 13.205803500000016
1.719443066880000 2193363514.111741065979004 13.210237685185200
2.968221902030000 1565022605.167612314224243 13.215404481481496
2.970069166295000 1962077716.683303356170654 13.220877351851867
3.068447576644000 2074097822.957222938537598 13.225315074074089
2.982713324751000 2226967971.822766304016113 13.229820944444459
2.970992970330000 2158979338.707024097442627 13.234323907407422
2.970069166295000 2133322770.227401733398438 13.238760500000014
2.987354957472000 2138184625.426792621612549 13.243186277777792
2.970069166295000 2138457801.750050067901611 13.247622129629644
2.969146049870000 2137407131.146515130996704 13.252061185185200
1.706619161812000 2138469670.993892908096313 13.256479092592608
3.014479905698000 1558919125.986037969589233 13.261622666666682
2.979635694016000 2001796601.941747426986694 13.267116000000016
3.123387403110000 2148788353.484844207763672 13.271608203703719
1.713338134890000 2271858622.547259330749512 13.276145833333349
1.707228859348000 1571485531.642872333526611 13.281360277777793
3.078071681433000 1491596264.523835420608521 13.285964777777792
3.033670538208000 2034489188.736732959747314 13.291495703703719
2.992282252856000 2144542802.125261545181274 13.305873018518534
2.984570185194000 2139546253.989819288253784 13.311843074074091
1.739592790320000 2092082962.188169956207275 13.320695388888906
3.354749432970000 1488535679.989217519760132 13.330588111111128
3.347037365308000 2111338018.855378150939941 13.340613740740757
3.039499354598000 2094999539.871320009231567 13.345362814814830
3.000927027763000 2175865032.494007587432861 13.349859370370385
2.992282252856000 2097922328.974694490432739 13.354344574074089
3.085786146800000 2116317708.073605060577393 13.358800796296311
3.101215077534000 2219224419.611528873443604 13.363313259259273
3.023130523504000 2247129690.723371505737305 13.367747740740755
2.990420594324000 2202577202.428496360778809 13.372222388888904
2.985498097029000 2148885516.350370407104492 13.376694481481497
1.720671606272000 2138263187.322145462036133 13.381132666666682
1.720057107968000 1558391931.209777832031250 13.386269055555571
2.976858117532000 1492890088.002027988433838 13.390871222222238
1.707837649596000 1959653302.989047765731812 13.396339333333350
2.977783631662000 1559242445.072247266769409 13.401484981481497
2.976858117532000 1962541050.399818420410156 13.406952740740756
2.985498097029000 2138352889.612422466278076 13.411389129629645
2.984570185194000 2138616606.896091222763062 13.415824814814831
3.037608907532000 2137565580.191267490386963 13.420245611111127
3.024070423864000 2183380830.947329044342041 13.424740703703719
3.030842591166000 2193565704.960562229156494 13.429166351851867
2.986426700046000 2193640769.773097991943359 13.433605370370385
3.105063002925000 2148938596.563789844512939 13.438082740740755
2.977783631662000 2181401731.701495647430420 13.442582703703719
2.976858117532000 2148613855.424170970916748 13.447072722222238
1.828213581664000 2138431694.559359550476074 13.451508814814831
3.037608907532000 1555378593.967567682266235 13.456655685185202
3.084827064800000 2107720581.847665786743164 13.472003981481498
2.984570185194000 1910562507.222473144531250 13.479055018518535
3.137834582146000 2202203239.004432201385498 13.488831685185202
3.556368534186999 2250343054.370748996734619 13.497797222222239
3.354749432970000 2250879920.751141548156738 13.506826444444462
3.031784889231000 2168251322.870413780212402 13.511351537037054
3.354749432970000 2182453677.861921787261963 13.515843629629646
2.984570185194000 2105516702.466483831405640 13.520343962962979
3.091576578478000 2137507644.021886587142944 13.524780981481497
2.977783631662000 2222304248.245290279388428 13.529292648148163
2.984570185194000 2158826636.446503162384033 13.533802759259274
2.993212562396000 2138138978.952344655990601 13.538229222222236
1.706009917920000 2137985640.210755109786987 13.542657740740754
2.984570185194000 1559196123.922262668609619 13.547806129629643
3.021249672616000 1962654306.106694459915161 13.553275537037051
3.077114997138000 2183070141.453442573547363 13.557768574074087
3.084827064800000 2237969401.407287597656250 13.562253166666681
2.977783631662000 2246774232.013608455657959 13.566694796296311
2.992282252856000 2158944266.380306720733643 13.571212981481496
2.985498097029000 2138434803.771415710449219 13.575626296296312
2.986426700046000 2137468982.609566450119019 13.580064666666683
3.129151446638000 2138611331.314608097076416 13.584498462962980
2.983641236586000 2272812873.897181987762451 13.589036500000017
2.985498097029000 2169430148.678863525390625 13.593575240740757
1.712726492400000 2138249133.470638275146484 13.597999018518534
1.707228859348000 1558762988.765500545501709 13.603145203703718
2.969146049870000 1492675894.313188314437866 13.607755611111125
2.992282252856000 1962372433.958050012588501 13.613227722222236
3.255504384874000 2138298244.072647094726562 13.617654000000014
2.994143564904000 2139899777.646571159362793 13.622076388888903
3.039499354598000 2217103715.638031005859375 13.636478481481495
3.054928285332000 2178106243.515107154846191 13.642439629629644
1.707228859348000 2220536889.824904441833496 13.651373388888903
3.401021838942000 1646105948.064599752426147 13.661144074074087
3.078071681433000 2130868135.591337442398071 13.671146351851865
1.901469381074000 2237651416.283553123474121 13.675641685185198
3.016355958497000 1571018135.158255100250244 13.680837240740754
3.137834582146000 1956724489.554338693618774 13.686312666666680
3.039499354598000 2226390418.497713088989258 13.690855370370384
1.732257377556000 2213354888.716642856597900 13.695370870370384
3.023130523504000 1564009583.130250215530396 13.700538129629644
3.023130523504000 2000654310.452412843704224 13.706028444444458
2.993212562396000 2183542353.640737533569336 13.710481907407422
3.039499354598000 2148413073.074646949768066 13.714957037037051
3.085786146800000 2183145587.593734264373779 13.719456555555569
3.091576578478000 2218641423.113224983215332 13.723949574074087
3.093500612167000 2246712491.688517093658447 13.728377851851866
3.085786146800000 2248442720.494087696075439 13.732803518518532
2.984570185194000 2248315060.583746433258057 13.737229592592605
3.068447576644000 2158874495.692048549652100 13.741732462962975
1.713338134890000 2227980087.558835029602051 13.746237370370382
3.031784889231000 1571573125.066866397857666 13.751430148148160
3.039499354598000 2000930857.719475269317627 13.756935703703714
1.706619161812000 2193180374.504259109497070 13.761362296296307
3.130124914868000 1565334834.872470617294312 13.766533944444454
1.712726492400000 2115998179.273688793182373 13.773084037037046
2.977783631662000 1577925950.108228921890259 13.778302740740751
3.032727889194000 1948790750.106635808944702 13.783773074074084
3.039499354598000 2179606374.915555953979492 13.788268703703713
3.038554658828000 2075826566.241021394729614 13.792723814814824
2.983641236586000 2158927528.597913742065430 13.806997388888899
3.140763997206000 1842606403.501575946807861 13.813995296296307
2.993212562396000 2195348863.952307701110840 13.823786388888900
3.377885635956000 2181949113.054767131805420 13.832744518518529
3.067493290054000 2187029135.636636734008789 13.841788425925937
1.908870063208000 2182061560.869636535644531 13.846289240740752
3.053028242088000 1565398811.609332561492920 13.851468981481492
3.037608907532000 1996912146.815662860870361 13.856972481481492
3.039499354598000 2186433405.484008789062500 13.861404222222232
3.048161618910000 2192542795.612761020660400 13.865841333333343
2.993212562396000 2193110846.934034347534180 13.870265351851861
3.055878483768000 2148620065.313546180725098 13.874745166666676
1.726776081046000 2183040242.988961696624756 13.879244685185194
2.976858117532000 1564561794.448827266693115 13.884408759259268
1.721285190144000 1962377542.657030105590820 13.889876574074082
3.034613187222000 1558519185.977442502975464 13.895020666666674
3.132072939002000 2000813064.318359375000000 13.900502944444453
3.077114997138000 2283083816.253254413604736 13.905005518518527
3.038554658828000 2242971243.130762100219727 13.909490759259267
2.975931569308000 2203530876.337644100189209 13.913972796296305
3.000927027763000 2148512707.847291469573975 13.918465500000009
2.990420594324000 2138433273.219116449356079 13.922901500000009
