3.154235673758000 2132543111.922482728958130 0.001054962962963
1.712726492400000 2097927845.352446556091309 0.013565129629630
3.016355958497000 1478881190.749036312103271 0.020675500000000
1.707228859348000 2096498526.217415571212769 0.031613592592593
1.901469381074000 1849533603.651024103164673 0.041218203703704
2.994143564904000 1649488670.401241302490234 0.052031407407407
3.016355958497000 1961520469.265550613403320 0.057486740740741
2.969146049870000 2182063841.102192401885986 0.061978796296296
2.977783631662000 2113999777.481085777282715 0.066472796296296
2.975006055178000 2136695135.387799978256226 0.070909981481481
2.967298785605000 2139220242.815739870071411 0.076047240740741
3.004899680250000 2138098726.528354406356812 0.080466481481481
3.015418455842000 2183213595.002542495727539 0.084945796296296
2.962354700928000 2193330874.494436264038086 0.089364222222222
3.022189572976000 2144955869.041369915008545 0.093844574074074
3.001860429762000 2182935284.210006237030029 0.098341444444444
3.014479905698000 2193280823.521541118621826 0.102770481481481
3.015418455842000 2191955082.308814048767090 0.107214000000000
2.976858117532000 2193479186.542806625366211 0.111639555555556
2.960512234752000 2148350313.790256023406982 0.116124740740741
3.023130523504000 2136989988.616794824600220 0.120565981481481
2.976858117532000 2183326293.263097286224365 0.125065796296296
2.984570185194000 2148743586.152350425720215 0.129561277777778
3.059786020481000 2138472805.339526176452637 0.133995018518519
2.970069166295000 2227827116.495744705200195 0.138494944444444
1.712726492400000 2158194892.534006595611572 0.142991629629630
2.984570185194000 1558838394.196828603744507 0.148138240740741
2.978709835188000 1962773135.208204030990601 0.153604296296296
3.007706388180000 2133388211.704749584197998 0.158037444444444
2.969146049870000 2179016434.174856185913086 0.162539129629630
3.068447576644000 2153098398.559945106506348 0.176859574074074
3.068447576644000 2210271529.869768619537354 0.182853185185185
2.961433982208000 1927544608.824523448944092 0.193536796296296
2.967298785605000 2163987834.620521545410156 0.202466203703704
2.977783631662000 1986685597.232095718383789 0.214996074074074
2.975931569308000 2096008924.092194080352783 0.219536425925926
2.970069166295000 2137335494.706585407257080 0.223968907407407
2.969146049870000 2131826155.845244646072388 0.228386870370370
3.021249672616000 2137966286.787726879119873 0.232822981481481
2.976858117532000 2183025222.680233955383301 0.237319962962963
3.014479905698000 2148511032.022592544555664 0.241805222222222
3.015418455842000 2181390435.820404052734375 0.246305037037037
3.023130523504000 2192992728.609994411468506 0.250736407407407
3.038554658828000 2192338030.165925025939941 0.255177277777778
2.961433982208000 2193573432.012042045593262 0.259606166666667
1.713950232810000 2148958087.001099586486816 0.264085462962963
2.960512234752000 1558732109.007301330566406 0.269224092592593
3.123387403110000 1962880476.626947641372681 0.274679092592593
3.060737909366000 2271892965.375469207763672 0.279219333333333
3.025011024336000 2202377075.001030921936035 0.283710629629630
1.713950232810000 2186823229.089647293090820 0.288193833333333
2.962354700928000 1564620588.498986721038818 0.293357629629630
3.016355958497000 1962621011.657319784164429 0.298819148148148
2.968221902030000 2182381111.855324745178223 0.303298148148148
3.015418455842000 2149096383.500262737274170 0.307778129629630
3.015418455842000 2183223304.011042118072510 0.312272666666667
1.928345273386000 2193431691.428427696228027 0.316698796296296
3.031784889231000 1403327124.463519334793091 0.321876574074074
3.107963267786000 2131650919.471937656402588 0.337211462962963
3.114705580312000 2289665322.243649005889893 0.343194111111111
2.970069166295000 2233493436.120887279510498 0.352144611111111
3.424158041928000 1726449038.168774604797363 0.362970796296296
2.968221902030000 1962613728.737016439437866 0.373304351851852
2.976858117532000 2144680672.129927396774292 0.377783203703704
2.986426700046000 2137671366.956986904144287 0.382214240740741
2.970069166295000 2135757443.451473951339722 0.386650777777778
2.978709835188000 2120744385.150716066360474 0.391123870370370
2.969146049870000 2137169787.040248155593872 0.395556111111111
3.078071681433000 2138246800.197039365768433 0.399992148148148
1.699900188734000 2227797229.916897773742676 0.404504648148148
3.053028242088000 1571034741.958144187927246 0.409697962962963
3.030842591166000 2040910833.920128583908081 0.415220740740741
1.699900188734000 2204206064.115822315216064 0.419697592592593
3.015418455842000 1565676453.081860303878784 0.424862222222222
2.961433982208000 2002114567.804851770401001 0.430365351851852
2.999060571142000 2148880447.820871829986572 0.434857888888889
3.085786146800000 2182614477.052647113800049 0.439350055555556
1.699900188734000 2238346832.402718544006348 0.443837333333333
2.970069166295000 1571389850.456690311431885 0.449029685185185
3.014479905698000 1963062318.457882404327393 0.454499796296296
3.016355958497000 2182659337.489646911621094 0.458993925925926
2.967298785605000 2193929963.917008876800537 0.463428148148148
2.985498097029000 2148918637.096142768859863 0.467921277777778
2.975931569308000 2138260922.922797679901123 0.472357666666667
2.969146049870000 1929789674.824839830398560 0.476805981481482
2.954640235561000 2130931511.051720142364502 0.491052129629630
2.963276105472000 2126368742.858037471771240 0.496967222222222
3.006770238420000 2184939927.898764133453369 0.506028555555556
3.386650296113000 2171104359.313077926635742 0.514944333333333
1.706009917920000 1974046294.962301254272461 0.525355833333333
2.946009846884000 1533522245.747557401657104 0.530533685185185
1.700507485886000 1957498262.865966558456421 0.536002462962963
1.713950232810000 1558062876.331218242645264 0.541147777777778
2.962354700928000 1492047585.724282741546631 0.545752333333333
2.998127863897000 1961951327.643272399902344 0.551224296296296
2.999994320518000 2183360098.266324996948242 0.555717000000000
3.015418455842000 2192980962.520223617553711 0.560135185185185
1.706009917920000 2193213750.172106742858887 0.564573648148148
2.952802567474000 1565455066.613704919815063 0.569748592592593
1.707228859348000 1961742551.599700689315796 0.575218944444444
2.953721914546000 1559108318.065753936767578 0.580353685185185
2.955559240614000 1962834497.209067821502686 0.585824444444444
2.970069166295000 2138364561.375570297241211 0.590243351851852
2.991350903864000 2138515289.318375587463379 0.594673944444444
2.969146049870000 2182160906.557620048522949 0.599166314814815
3.070357216066000 2145331470.989944219589233 0.603654222222222
3.008641493130000 2227906353.774629116058350 0.608171222222222
3.016355958497000 2203910720.858959197998047 0.612648648148148
3.029899240254000 2191989649.791448116302490 0.617075111111111
3.007706388180000 2193395030.822275638580322 0.621506129629630
3.270933315608000 2193356085.540055274963379 0.625939833333333
3.068447576644000 1953556496.571231365203857 0.630444203703704
3.015418455842000 2243377956.999670028686523 0.644772259259259
2.976858117532000 2183797351.387915134429932 0.650740444444444
1.706619161812000 2196581225.921169757843018 0.659738666666667
3.337247725109000 1806756516.274591684341431 0.669374796296296
2.999994320518000 1813991579.912305355072021 0.680930055555556
3.107963267786000 2108876261.595006227493286 0.685374018518519
2.977783631662000 2271055348.385570049285889 0.689912944444445
2.977783631662000 2169280165.501707553863525 0.694451333333334
1.706619161812000 2135156751.750979185104370 0.698890648148148
3.122415247590000 1557605499.043206691741943 0.704039018518519
2.967298785605000 2081358306.438962936401367 0.709587703703704
3.114705580312000 2169243346.629176616668701 0.714118962962963
1.706619161812000 2271874430.573851108551025 0.718659759259260
2.975931569308000 1576461758.515558004379272 0.723877333333334
2.961433982208000 1962568291.008922338485718 0.729327592592593
3.053978794152000 2138409845.320085763931274 0.733756092592593
2.978709835188000 2226616045.633009910583496 0.738255759259259
3.008641493130000 2157945753.438162326812744 0.742763981481482
3.014479905698000 2182453828.057286739349365 0.747250833333334
2.970069166295000 2182903473.812383651733398 0.751706925925926
2.960512234752000 2148657915.573811054229736 0.756197370370371
2.976858117532000 2138578304.769329547882080 0.760615648148148
3.123387403110000 2138399909.730696439743042 0.765046833333334
2.969146049870000 2227790050.085662364959717 0.769565018518519
1.699900188734000 2159172537.887346267700195 0.774072777777778
3.061690861814000 1558125716.258943080902100 0.779221055555556
2.984570185194000 1875185903.030668020248413 0.784758888888889
2.970992970330000 2133962531.542583227157593 0.799326203703704
2.979635694016000 2123894133.273880004882812 0.805223555555556
3.070357216066000 2134172691.014899730682373 0.814082666666667
3.462718380238000 2224582837.341775894165039 0.822996722222223
2.970069166295000 1990409099.653712987899780 0.833392722222222
1.693181215656000 2154394878.379986286163330 0.837906629629630
2.977783631662000 1554863263.189733266830444 0.843049518518519
2.986426700046000 1962529766.497462034225464 0.848521740740741
3.062642750699000 2138504806.165265321731567 0.852952777777778
3.069402929476000 2227170368.969713211059570 0.857457814814815
3.069402929476000 2248081291.288904190063477 0.861884055555556
2.976858117532000 2246647227.173449039459229 0.866309944444445
3.123387403110000 2158547145.978283405303955 0.870810740740741
2.994143564904000 2271334913.202375888824463 0.875350888888889
1.720057107968000 2161452873.300582885742188 0.879889481481482
2.969146049870000 1557848744.998704671859741 0.885036296296297
1.692576768960000 1962755055.632258653640747 0.890508740740741
1.713338134890000 1557745033.541588544845581 0.895654370370371
3.124358473635000 1492579753.527501821517944 0.900257092592593
2.968221902030000 2081385325.297584533691406 0.905803296296297
2.978709835188000 2169639937.819014072418213 0.910342018518519
2.963276105472000 2138420728.239780664443970 0.914770759259260
2.976858117532000 2137543752.819124937057495 0.919204759259260
3.024070423864000 2137918145.169712781906128 0.923637629629630
3.030842591166000 2183225598.219254016876221 0.928130129629630
2.967298785605000 2193726769.009455204010010 0.932558481481482
2.967298785605000 1844816656.680646896362305 0.937070962962963
2.985498097029000 1650555773.080222606658936 0.953066500000000
3.116644008268000 2129318635.404072761535645 0.958978981481482
1.707837649596000 2232639069.027007102966309 0.967982703703704
3.462718380238000 1866771679.889617204666138 0.977646037037037
3.085786146800000 1813334595.472887516021729 0.989031759259260
2.968221902030000 2136337570.286219596862793 0.993556907407408
2.985498097029000 2137152562.196120500564575 0.997990314814815
3.070357216066000 2137882233.731141567230225 1.002431314814815
2.970069166295000 2227187171.299389362335205 1.006948962962963
2.985498097029000 2154884751.562096118927002 1.011462722222223
2.985498097029000 2138113216.246803760528564 1.015880685185186
2.970069166295000 2139355619.682944059371948 1.021316111111112
3.121444177065000 2138178159.478435277938843 1.025747222222223
2.969146049870000 2272137785.046843528747559 1.030287574074074
2.984570185194000 2169901452.528612136840820 1.034808425925926
3.069402929476000 2136935860.058309078216553 1.039242018518519
3.022189572976000 2228023370.849192619323730 1.043756981481482
3.078071681433000 2203859870.348258495330811 1.048239074074075
2.977783631662000 2238276395.352192401885986 1.052731833333334
1.700507485886000 2158990246.244373321533203 1.057244814814815
3.031784889231000 1558676607.883817434310913 1.062386148148149
1.720057107968000 2001585298.355710744857788 1.067886666666667
3.009577294620000 1565204907.026458024978638 1.073058388888890
3.125330267490000 2002303567.700089454650879 1.078557314814816
2.984570185194000 2281996581.308964252471924 1.083064129629630
2.986426700046000 2169655439.452607154846191 1.087602814814816
3.077114997138000 1937724530.805924415588379 1.092040092592593
2.984570185194000 2159916561.516869544982910 1.107332796296297
2.969146049870000 2144998075.772620439529419 1.113338092592593
3.093500612167000 2130136675.860079050064087 1.122194407407408
3.415382604154000 2190873740.940345764160156 1.131162740740741
2.975006055178000 1963725024.640164613723755 1.141590611111112
3.107963267786000 2144959903.844966411590576 1.146089518518519
2.984570185194000 2271914324.773451328277588 1.150613925925926
2.975931569308000 2168374832.609334468841553 1.155149777777778
3.014479905698000 2138332899.902582406997681 1.159578981481482
2.963276105472000 2167873345.451540946960449 1.164061574074075
2.975931569308000 2142331235.584843397140503 1.168557870370371
2.984570185194000 2136334215.778793096542358 1.172992796296297
3.016355958497000 2137760756.367034673690796 1.177431166666667
3.023130523504000 2177227809.111703872680664 1.181916240740741
3.025951274752000 2192880436.096304416656494 1.186359703703704
3.064547592032000 2193225486.312366008758545 1.190800722222223
1.706619161812000 2237195322.274940490722656 1.195285333333334
2.984570185194000 1571494073.569725036621094 1.200480203703704
3.131099470772000 1963572119.487908840179443 1.205947981481482
2.977783631662000 2272504570.204955577850342 1.210488259259260
1.707228859348000 2169313158.186453819274902 1.214998759259260
2.962354700928000 1558913635.479478597640991 1.220139759259260
2.977783631662000 1963446795.397129774093628 1.225608166666667
3.022189572976000 2138579494.625320672988892 1.230033925925927
3.018232011296000 2183264269.881423950195312 1.234528629629631
3.029899240254000 2191793026.839443683624268 1.238963092592593
1.713950232810000 1974529172.421826839447021 1.243414277777779
3.068447576644000 2053189203.917886018753052 1.258637907407408
2.979635694016000 2158543171.877531051635742 1.264810907407408
3.085786146800000 2174160810.565214633941650 1.274592833333334
3.093500612167000 2257713847.713527202606201 1.283616518518519
3.039499354598000 2216926553.101147651672363 1.293508018518519
1.712726492400000 2202208088.341333389282227 1.298002370370371
2.977783631662000 1564217056.874160289764404 1.303171351851853
2.984570185194000 1961947022.700192213058472 1.308626518518519
2.961433982208000 2137840234.379911899566650 1.313044796296297
2.968221902030000 2138326552.069426059722900 1.317483314814816
2.967298785605000 2136443163.186549663543701 1.321922111111112
2.976858117532000 2138122718.543875932693481 1.326358037037038
2.970069166295000 2138346391.320739030838013 1.330778962962964
3.030842591166000 2136710408.206881999969482 1.335198018518519
3.091576578478000 2183149878.101011276245117 1.339694759259260
1.720057107968000 2237786591.873712539672852 1.344171314814816
3.031784889231000 1571578275.375336885452271 1.349366648148149
2.962354700928000 2002064942.234669923782349 1.354867833333334
2.969146049870000 2146177012.140194892883301 1.359349425925927
2.985498097029000 2138491420.366559743881226 1.363786074074075
2.984570185194000 2138742910.821643352508545 1.368221629629631
2.983641236586000 2138771496.552272319793701 1.372650203703705
2.986426700046000 2138446500.012528181076050 1.377084611111112
2.976858117532000 2138257904.260844707489014 1.381505574074075
2.985498097029000 2138231655.974338293075562 1.385939351851853
2.977783631662000 2138481566.155787944793701 1.390370111111112
3.031784889231000 2138470446.472279071807861 1.394796166666668
2.985498097029000 2182039513.151823043823242 1.399290685185186
1.712726492400000 2151010480.920773506164551 1.403790925925927
3.030842591166000 2014215084.908714532852173 1.418892111111112
2.970069166295000 2070275643.349039554595947 1.425023222222223
3.008641493130000 1775296906.352946996688843 1.433910611111112
2.961433982208000 1849584378.832185506820679 1.444511611111112
3.332649038544000 1727718951.736067056655884 1.455303351851853
3.054928285332000 2118124035.640551805496216 1.461438685185187
3.000927027763000 2226269046.721620559692383 1.465958759259261
2.970069166295000 2202789132.127715110778809 1.470453148148150
3.062642750699000 2140121312.974458217620850 1.474949018518520
3.069402929476000 2226840726.252860069274902 1.479465351851853
2.959591516032000 2247006664.407545566558838 1.483891851851853
2.975931569308000 2158694094.014320373535156 1.488399833333335
1.713950232810000 2128857438.145164251327515 1.492861444444446
1.699900188734000 1558364539.109160184860229 1.498008481481483
2.970069166295000 1492541937.663653850555420 1.502612537037038
2.970992970330000 1962203600.037952184677124 1.508077500000002
3.106995913034000 2138481564.853556632995605 1.512503425925927
2.991350903864000 2272817977.399700641632080 1.517041222222224
2.985498097029000 2169382832.390020847320557 1.521572796296298
1.699900188734000 2138593226.289086103439331 1.526003870370372
2.970069166295000 1557851081.602673053741455 1.531147129629631
2.971916430560000 1963004123.788192510604858 1.536612259259261
2.969146049870000 2138288620.247293233871460 1.541043944444446
3.014479905698000 2138491263.409965753555298 1.545475074074075
1.712726492400000 2183243646.581844329833984 1.549969592592594
3.014479905698000 1564633626.138304710388184 1.555140944444446
2.984570185194000 2002449462.713096618652344 1.560641833333335
1.718829025792000 2069768225.083640813827515 1.565141888888890
3.016355958497000 1490045975.492948532104492 1.580280388888890
2.962354700928000 2056024600.632139444351196 1.588067000000001
2.977783631662000 2166502668.289097309112549 1.596985185185187
3.412974627868000 2165662585.544743061065674 1.605963592592594
2.969146049870000 1874458998.005982160568237 1.616662259259261
3.092539132462000 2147586173.677124977111816 1.621160388888890
3.023130523504000 2137470796.482422590255737 1.625580518518520
3.054928285332000 2175103697.878280162811279 1.630078092592594
2.977783631662000 2237990080.722961425781250 1.634569907407409
1.713950232810000 2157981480.795585155487061 1.639069740740742
3.015418455842000 1558516616.564361810684204 1.644213537037038
2.969146049870000 2001786174.136093854904175 1.649722000000001
3.029899240254000 2148618605.628406524658203 1.654217055555557
2.969146049870000 2183086445.080489158630371 1.658694314814816
2.969146049870000 2147739936.007143497467041 1.663173981481483
3.054928285332000 2138540252.705317735671997 1.667604555555557
3.071312213484000 2228178231.783301830291748 1.672122185185186
2.993212562396000 2248389857.051578998565674 1.676556574074075
2.985498097029000 2158951895.181311130523682 1.681069481481483
3.015418455842000 2138366730.233240365982056 1.685487907407409
3.070357216066000 2183295270.621427059173584 1.689977574074075
3.083866911200000 2238203332.104131698608398 1.694447000000001
2.968221902030000 2248014259.728990077972412 1.698885814814816
3.016355958497000 2158337336.042860031127930 1.703396648148150
2.977783631662000 2183527240.382477283477783 1.707893648148149
2.976858117532000 2148936484.038285255432129 1.712370796296298
3.039499354598000 2138592190.598927021026611 1.716796611111113
2.968221902030000 2181502858.907070159912109 1.721295222222224
2.969146049870000 2145884906.500445127487183 1.725787222222224
2.993212562396000 2134513685.946286201477051 1.740027296296298
1.712114849910000 2127753579.346886396408081 1.745940851851853
3.016355958497000 1649266230.976233005523682 1.755767740740742
1.894074003360000 2104199315.597007513046265 1.765703407407409
1.706619161812000 1478710560.451860189437866 1.775696666666668
3.063595348626000 1492492277.270699262619019 1.780304277777779
3.060737909366000 2040953002.129407644271851 1.785826592592594
2.962354700928000 2247631883.163460731506348 1.790267111111113
3.077114997138000 2158970951.632560253143311 1.794780018518520
2.983641236586000 2221489721.469066143035889 1.799287796296298
2.969146049870000 2158832177.440192222595215 1.803803037037039
2.975931569308000 2138345329.930793762207031 1.808236907407409
3.024070423864000 2138336160.833555698394775 1.812673055555557
2.970069166295000 2182998755.778215408325195 1.817167907407409
2.969146049870000 2145231596.248192548751831 1.821663518518520
2.970069166295000 2137864530.171119928359985 1.826104851851853
2.992282252856000 2138407464.968686342239380 1.830525500000002
2.993212562396000 2138450761.472263336181641 1.834954055555557
2.975006055178000 2137598274.933514595031738 1.839389740740742
3.030842591166000 2138610725.075528621673584 1.843803074074076
1.720057107968000 2171302915.124136447906494 1.848300055555557
3.069402929476000 1565242949.162478446960449 1.853480685185187
1.707228859348000 2040002056.576002597808838 1.858991462962965
2.983641236586000 1570661844.161962032318115 1.864180611111113
1.713338134890000 1963315577.351640224456787 1.869648425925928
3.077114997138000 1558505729.267819166183472 1.874797425925928
1.888031434918000 2034411985.520398378372192 1.880327555555558
3.061690861814000 1568960599.332095384597778 1.885523462962965
3.106029637919000 2263567826.268672466278076 1.900942759259261
2.970992970330000 2285620308.189594745635986 1.906923925925928
3.062642750699000 2132410990.283233165740967 1.915881333333336
3.542040969822000 2176908306.288704395294189 1.924828592592595
1.706619161812000 2267372037.313293933868408 1.933803648148150
2.954640235561000 1576765014.950875759124756 1.939005870370373
3.124358473635000 1957713757.691864967346191 1.944477018518521
3.076157243922000 2271596887.146836757659912 1.949017333333336
2.968221902030000 2258608249.932935714721680 1.953504462962965
3.116644008268000 2158470849.157919406890869 1.958005000000002
3.108929542901000 2272373154.855428695678711 1.962542685185188
2.976858117532000 2303409035.122625350952148 1.966963703703706
2.970069166295000 2168727283.905582427978516 1.971481833333336
2.976858117532000 2138761529.855730772018433 1.975917981481484
2.976858117532000 2136037637.271633386611938 1.980334407407410
2.984570185194000 2138389483.274544715881348 1.984765444444447
1.712114849910000 2138487432.397415637969971 1.989196296296299
3.063595348626000 1559029655.418225288391113 1.994339944444447
3.013542403043000 2041184866.089836835861206 1.999863962962966
2.977783631662000 2203394971.446503639221191 2.004348722222225
3.014479905698000 2149003811.912537097930908 2.008823000000003
3.015418455842000 2166371357.360381126403809 2.013310740740744
3.009577294620000 2193244243.132670879364014 2.017746666666670
2.961433982208000 2194063865.855153083801270 2.023186888888892
2.970992970330000 2149146652.888291835784912 2.027666981481484
2.969146049870000 2138651594.173756837844849 2.032087592592596
3.023130523504000 2138526567.274281978607178 2.036505796296299
1.713338134890000 2070023129.671958923339844 2.041002185185188
2.977783631662000 1976969904.106573581695557 2.056482333333336
3.056828328576000 1997958093.486173629760742 2.063569537037039
2.977783631662000 2176708583.442707538604736 2.072500814814817
3.440651553682000 2165936779.390543460845947 2.081471166666669
2.985498097029000 2203288151.617677688598633 2.090442074074077
1.712726492400000 2158126377.862344741821289 2.094957925925928
3.085786146800000 1558133208.133661508560181 2.100105259259262
2.968221902030000 1952856816.175201892852783 2.105579574074076
3.094462808058000 2132258383.507116079330444 2.110017851851854
3.077114997138000 2227464328.342236995697021 2.114517222222224
1.713950232810000 2248626881.240377426147461 2.118955537037039
3.005835133470000 1570741628.843024730682373 2.124145314814817
2.969146049870000 2001022952.517714738845825 2.129651851851854
2.969146049870000 2148614644.029270172119141 2.134148944444446
1.700507485886000 2138161420.439552068710327 2.138570111111113
3.060737909366000 1554767985.993782043457031 2.143710685185187
3.023130523504000 2042071067.010827541351318 2.149234944444446
3.115675335448000 2203588065.949156284332275 2.153712018518520
2.967298785605000 2282942714.681440353393555 2.158224518518520
2.969146049870000 2169388109.230303764343262 2.162755888888891
2.977783631662000 2137509870.313998460769653 2.167196814814817
3.070357216066000 2138566646.562123060226440 2.171618148148150
1.707228859348000 2228263101.296995639801025 2.176130000000001
1.720671606272000 1571906481.563987016677856 2.181325648148150
1.706619161812000 1492845930.454412221908569 2.185936000000001
3.070357216066000 1492742365.982367038726807 2.190540148148149
3.029899240254000 2036871827.696102380752563 2.196066129629631
3.039499354598000 2188932563.338301181793213 2.210380796296297
2.970069166295000 2179115205.758097648620605 2.216298388888890
2.985498097029000 2160006267.825163841247559 2.225232907407408
3.316189094660000 2131300607.478398561477661 2.234067240740741
1.712726492400000 2121390476.269719839096069 2.242969759259259
2.977783631662000 1557239200.506518602371216 2.248117462962963
3.069402929476000 1961799250.165802717208862 2.253590277777778
3.060737909366000 2227184902.501477241516113 2.258103166666667
3.075200559627000 2248586291.646185398101807 2.262548685185185
1.706009917920000 2243671077.220849990844727 2.266988092592593
3.068447576644000 1560420530.404500484466553 2.272172814814815
3.076157243922000 2041334768.575561285018921 2.277703777777778
2.984570185194000 2247890287.294901371002197 2.282122388888889
2.970069166295000 2158719089.736882209777832 2.286617629629630
2.970069166295000 2137498591.760862112045288 2.291055796296297
3.024070423864000 2138269114.763987302780151 2.295476462962963
1.693786112424000 2183423723.925394535064697 2.299971222222223
1.699293343440000 1565240732.437812805175781 2.305134092592593
3.030842591166000 1492649307.216444969177246 2.309741111111111
2.969146049870000 2000886940.162641286849976 2.315233777777778
3.076157243922000 2149220402.742144584655762 2.319723370370371
3.078071681433000 2227779082.920751571655273 2.324241740740741
3.053028242088000 2248405006.088146209716797 2.328667462962963
3.062642750699000 2248306872.602362155914307 2.333098907407408
2.969146049870000 2248367142.857142925262451 2.337532240740742
2.969146049870000 2159234351.585014343261719 2.342030388888890
1.713950232810000 2138618971.040947198867798 2.346463851851853
2.977783631662000 1554351159.202960252761841 2.351613462962963
3.063595348626000 2118545015.183320045471191 2.366901925925927
2.970992970330000 2231040928.957700729370117 2.372901481481482
1.706009917920000 2093338263.405319452285767 2.381823796296297
3.356836213230000 1488246993.431025743484497 2.391718796296297
2.970992970330000 1930143680.315665721893311 2.401893648148149
2.969146049870000 2136763550.194962501525879 2.406324703703704
2.977783631662000 2136956294.144166707992554 2.410760925925926
2.968221902030000 2130116540.013999700546265 2.415179055555556
3.069402929476000 2138493338.621798276901245 2.419614518518519
3.078071681433000 2227794425.644496440887451 2.424129240740741
1.706009917920000 2248305616.567305088043213 2.428555629629630
3.115675335448000 1571738685.012565374374390 2.433750722222223
2.977783631662000 2081390744.214299440383911 2.439299203703704
2.977783631662000 2169337523.877940654754639 2.443836166666667
2.969146049870000 2138357629.148278713226318 2.448259018518519
2.977783631662000 2138400495.623659610748291 2.452697870370371
3.069402929476000 2138348247.139894247055054 2.457126611111111
3.070357216066000 2227551304.591288566589355 2.461624259259259
2.970069166295000 2248356692.522417068481445 2.466062462962963
3.043424035125000 2159024952.866806983947754 2.470570962962963
3.023130523504000 2182165300.276570796966553 2.475070518518518
3.014479905698000 2193582181.774036407470703 2.479494203703704
3.068447576644000 2193698375.192037582397461 2.483930055555555
3.031784889231000 2238360112.287760257720947 2.488422481481481
2.985498097029000 2203880105.689682960510254 2.492915018518518
2.970069166295000 2148384225.849285602569580 2.497405722222222
3.023130523504000 2138265051.373515129089355 2.501834074074074
3.002793484384000 2183041075.595392227172852 2.506333907407408
3.077114997138000 2078125283.037647247314453 2.510799351851852
1.712114849910000 2174874258.603304386138916 2.525124166666667
3.077114997138000 1479774156.857080936431885 2.531278388888889
3.016355958497000 2134795776.777776956558228 2.539360685185186
3.077114997138000 1749278593.287324666976929 2.550198666666667
3.355792434645000 2242743230.578915119171143 2.559090777777778
2.962354700928000 2165380530.868410587310791 2.565331425925927
3.030842591166000 2137281960.723596334457397 2.569756851851853
2.953721914546000 2182786876.203961372375488 2.574255888888890
2.976858117532000 2142599779.811066150665283 2.578746981481482
2.976858117532000 2137144163.974489927291870 2.583172240740741
2.969146049870000 2128776791.542117118835449 2.587626555555556
3.124358473635000 2138486771.334260702133179 2.592047370370371
1.713338134890000 2272402933.753685474395752 2.596582074074075
2.970069166295000 1577774655.084312677383423 2.601800740740741
3.039499354598000 1961820904.920696735382080 2.607270833333334
1.714561419870000 2183337542.247527122497559 2.611752796296297
2.978709835188000 1565158065.348977327346802 2.616917092592593
2.960512234752000 1962671846.993645191192627 2.622372203703704
3.025011024336000 2138503575.410564422607422 2.626790240740741
3.021249672616000 2182353411.529286384582520 2.631269333333333
2.975931569308000 2193744377.331006050109863 2.635693388888889
3.039499354598000 2148764629.679448604583740 2.640167740740741
2.969146049870000 2183273387.963958263397217 2.644662574074074
3.000927027763000 2148568870.324034690856934 2.649140259259259
2.976858117532000 2135076489.334597349166870 2.653573944444444
3.007706388180000 2138533140.741173744201660 2.658009851851852
3.005835133470000 2181721963.309399604797363 2.662507925925925
2.968221902030000 2192442804.767803668975830 2.666932666666666
3.010512747840000 2178146278.244894027709961 2.682193537037037
1.700507485886000 2178929839.852849483489990 2.688163740740741
3.061690861814000 1636374644.348931550979614 2.697952777777778
3.457155456384000 2174940047.133282661437988 2.707924500000000
2.981785067325000 2165285905.144987583160400 2.716975740740740
3.023130523504000 2158109120.340507984161377 2.721483166666666
2.986426700046000 2182720687.199792385101318 2.725982370370370
2.967298785605000 2148635084.187861442565918 2.730471888888888
3.064547592032000 2131203096.027184724807739 2.734886148148147
3.014479905698000 2226377028.242415904998779 2.739395388888888
3.016355958497000 2203824317.130441665649414 2.743882851851851
1.699293343440000 2193295198.644322872161865 2.748308685185184
2.961433982208000 1564993017.809955596923828 2.753480574074073
2.955559240614000 1962534006.743124961853027 2.758951166666666
1.706619161812000 2136859174.120203971862793 2.763381907407407
2.962354700928000 1558664814.134031057357788 2.768520018518518
3.053978794152000 1963270704.422836542129517 2.773987851851851
2.999060571142000 2228130406.237176895141602 2.778500814814814
3.022189572976000 2204122206.548370361328125 2.782990481481481
1.706009917920000 2191499474.614717483520508 2.787431666666666
3.115675335448000 1565661790.562679529190063 2.792603018518518
2.959591516032000 2081030779.577537775039673 2.798137592592592
3.070357216066000 2169924038.009604454040527 2.802668611111110
3.013542403043000 2226993460.930293560028076 2.807165796296295
2.969146049870000 2200941536.015106678009033 2.811637685185184
2.992282252856000 2148859822.448945999145508 2.816110055555554
1.712726492400000 2138451224.404513120651245 2.820541537037036
2.983641236586000 1556010265.307077407836914 2.825686518518518
2.983641236586000 1656269915.327872276306152 2.841138277777777
2.975931569308000 2126167999.646781206130981 2.847010203703703
2.985498097029000 2133057411.924769401550293 2.855884666666666
3.399963269598000 2134339048.766257047653198 2.864739833333333
2.984570185194000 2177031980.629300117492676 2.873718648148147
3.006770238420000 2147253357.406079053878784 2.878211203703703
2.961433982208000 2173889332.291109561920166 2.882712499999999
2.961433982208000 2140946596.599690914154053 2.887205555555555
2.999994320518000 2138244467.860906362533569 2.891634222222221
2.999060571142000 2183009409.008307933807373 2.896107870370369
3.070357216066000 2193630365.487316608428955 2.900546388888888
2.993212562396000 2238100322.116316795349121 2.905036370370369
1.706619161812000 2157461539.408311367034912 2.909550129629629
3.069402929476000 1558758134.259842634201050 2.914693555555555
3.013542403043000 2040514738.187147617340088 2.920215240740740
3.071312213484000 2202312946.697844028472900 2.924697722222222
3.070357216066000 2237946166.031384468078613 2.929186833333333
1.698686498146000 2248351647.525893211364746 2.933622777777777
2.969146049870000 1571547621.851348400115967 2.938812388888888
2.955559240614000 1955510805.680468559265137 2.944285333333333
1.707228859348000 2138127852.775085926055908 2.948718962962962
3.061690861814000 1558744953.533607006072998 2.953860074074073
3.062642750699000 2041199746.638604879379272 2.959385777777777
3.015418455842000 2248653723.958660602569580 2.963809833333332
2.952802567474000 2204099955.399177074432373 2.968294055555555
2.962354700928000 2148628697.692317008972168 2.972769444444443
1.916274528090000 2138295719.909330368041992 2.977205574074073
1.699900188734000 1515082348.628601074218750 2.982358462962962
2.962354700928000 1491213192.223996400833130 2.996936074074073
3.070357216066000 2077188666.134331464767456 3.003012259259259
2.946009846884000 2175198226.557640552520752 3.012777740740740
3.525510672719000 2163978956.799840450286865 3.021706462962962
1.707228859348000 2206480123.485843658447266 3.031700111111110
2.269664788272000 1564264267.246424198150635 3.036921537037036
2.999060571142000 1491947381.741488456726074 3.041531259259258
3.017294159478000 1995208657.395701408386230 3.047024314814814
3.015418455842000 2192963785.622925758361816 3.051454722222222
2.962354700928000 2193569005.193466186523438 3.055872666666666
2.961433982208000 2148563973.265767574310303 3.060352981481481
3.107963267786000 2137967266.200594902038574 3.064779259259259
2.970069166295000 2272320899.636176586151123 3.069314425925926
2.978709835188000 2169384778.497334957122803 3.073838240740741
1.700507485886000 2138302678.234628438949585 3.078256574074074
1.707228859348000 1558440046.590884685516357 3.083407796296296
2.954640235561000 1492959430.874037981033325 3.088012648148148
3.053028242088000 1962119646.397436141967773 3.093467611111111
3.023130523504000 2227496224.086870670318604 3.097969833333333
3.008641493130000 2203621125.919212341308594 3.102464925925926
3.008641493130000 2193718538.327409267425537 3.106883000000000
2.969146049870000 2192890087.744552135467529 3.111321388888889
1.707228859348000 2148776695.906071186065674 3.115811777777778
3.053978794152000 1559086610.717613220214844 3.120959759259259
3.038554658828000 2042391874.761052131652832 3.126481648148148
3.023130523504000 2248588923.115609645843506 3.130900259259259
2.970992970330000 2198058151.781105041503906 3.135384055555556
3.068447576644000 2135356979.919927835464478 3.149704500000000
3.023130523504000 2209353650.962373256683350 3.155697592592593
2.977783631662000 2201860281.573068618774414 3.164609166666667
3.354749432970000 2149730079.246678352355957 3.173521796296296
2.970992970330000 2155245958.882048130035400 3.182548222222223
3.071312213484000 2137116944.987923145294189 3.186987314814815
2.962354700928000 2221552379.429527282714844 3.191504037037038
2.970069166295000 2158952976.794436454772949 3.196012055555556
3.017294159478000 2138495547.288918972015381 3.200447555555556
2.983641236586000 2182997363.347230911254883 3.204942592592593
2.969146049870000 2148841240.529912471771240 3.209435296296297
2.976858117532000 2138139052.028347969055176 3.213859166666667
2.975931569308000 2138321596.195077657699585 3.218290074074075
2.976858117532000 2138215326.298877954483032 3.222716259259260
1.706009917920000 2133777290.529909849166870 3.227141888888890
3.061690861814000 1558234621.701048612594604 3.232283814814815
1.713338134890000 2042301802.934167385101318 3.237808759259260
3.023130523504000 1571348961.176584005355835 3.242998925925926
2.975006055178000 2001700829.234296560287476 3.248499314814815
3.131099470772000 2148515826.998949527740479 3.252977129629630
1.720671606272000 2272649777.657997608184814 3.257512185185185
2.977783631662000 1578125221.797947406768799 3.262730481481481
1.712726492400000 1962295528.942927598953247 3.268195259259259
1.713950232810000 1559078757.420520782470703 3.273339277777777
1.706619161812000 1492639222.044747591018677 3.277942037037036
3.006770238420000 1491450198.080391645431519 3.282541740740740
3.108929542901000 1966109063.011043548583984 3.288045185185184
2.968221902030000 2194034532.480496883392334 3.292553018518518
2.976858117532000 2246951401.379125595092773 3.307739777777777
2.970069166295000 2117470538.530869960784912 3.313657111111111
3.030842591166000 2131715904.227196216583252 3.322483555555555
3.462718380238000 2172092672.744701862335205 3.331408629629629
2.970069166295000 2217367368.451512336730957 3.340368148148148
1.712726492400000 2158276756.409940242767334 3.344870703703703
3.024070423864000 1558752217.835536479949951 3.350016277777777
1.706619161812000 1997586427.885506153106689 3.355512296296296
2.962354700928000 1565638161.168044328689575 3.360685870370370
2.969146049870000 1962701584.776356935501099 3.366133537037037
2.981487411672000 2138055171.032704591751099 3.370572259259259
3.005835133470000 2138175000.000000000000000 3.374985592592592
3.009577294620000 2181776606.858959674835205 3.379470129629630
3.108929542901000 2193642775.691604614257812 3.383903592592592
3.016355958497000 2282669722.050648212432861 3.388400814814815
3.030842591166000 2214132132.502621650695801 3.392903870370370
2.977783631662000 2193304842.637300014495850 3.397329833333333
3.032727889194000 2148633518.638010501861572 3.401806944444444
2.969146049870000 2181649591.109938621520996 3.406299685185185
2.976858117532000 2148960640.592332839965820 3.410781648148148
2.976858117532000 2137529383.803257465362549 3.415222870370370
2.970069166295000 2138416241.145744085311890 3.419643740740741
2.978709835188000 2138535277.114490509033203 3.424064296296296
1.713950232810000 2138149370.038294792175293 3.428498722222222
1.699900188734000 1559152561.892457008361816 3.433644296296296
3.016355958497000 1492903850.562000989913940 3.438249203703704
1.699293343440000 2001677300.055575132369995 3.443747259259259
2.953721914546000 1563328978.609568357467651 3.448918314814815
1.693181215656000 1656246246.152591228485107 3.464356796296296
2.962354700928000 1511803863.488307237625122 3.471321333333333
2.999994320518000 2070541569.782171964645386 3.481188944444444
3.502367276618000 1713308136.019458770751953 3.491969537037037
2.962354700928000 1779635424.444414377212524 3.502882277777777
2.962354700928000 2166681735.090725421905518 3.507410592592592
2.962354700928000 2133020851.509699583053589 3.511846722222222
3.062642750699000 2137653845.508961915969849 3.516264574074074
3.054928285332000 2227443639.639194965362549 3.520766851851851
2.969146049870000 2247895875.597283840179443 3.525185000000000
3.054928285332000 2157846646.235974311828613 3.529680777777777
2.970069166295000 2227457581.649479389190674 3.534195333333333
3.015418455842000 2159135221.854766368865967 3.538708629629629
1.706619161812000 2182213854.193691730499268 3.543205462962963
2.977783631662000 1565479696.512906074523926 3.548377444444444
3.078071681433000 1962966244.211552619934082 3.553848111111111
2.970069166295000 2227705248.918858051300049 3.558365796296296
2.962354700928000 2159339760.221334457397461 3.562883851851852
2.970069166295000 2137400287.856473445892334 3.567309925925926
3.054928285332000 2138627573.315714359283447 3.571738388888889
1.699293343440000 2227857476.635513782501221 3.576256166666667
2.962354700928000 1571169712.961312055587769 3.581449685185185
2.961433982208000 1962921236.817523479461670 3.586921314814815
2.961433982208000 2137636862.617326021194458 3.591354592592593
3.029899240254000 2138598473.793146610260010 3.595783388888889
2.970069166295000 2183115831.742805480957031 3.600265944444445
2.977783631662000 2148702022.312028884887695 3.604742851851852
2.970069166295000 2087370715.233284711837769 3.609167981481482
3.110863172768001 1648986995.887783765792847 3.625370833333334
3.060737909366000 2250838798.108098983764648 3.631396518518519
2.975006055178000 2255509622.930602550506592 3.640316185185186
3.322866596818000 2133197268.088967323303223 3.649255796296297
2.968221902030000 2121260245.109651088714600 3.658167907407408
3.025011024336000 2137033679.243313074111938 3.662602444444445
3.069402929476000 2177426577.985361099243164 3.667090703703704
2.983641236586000 2193148824.738656997680664 3.671531796296297
3.024070423864000 2145852975.380427837371826 3.676022351851852
3.030842591166000 2183251389.197599411010742 3.680521351851852
2.970069166295000 2183928643.901465415954590 3.684974759259260
1.721285190144000 2148475208.381379127502441 3.689471500000001
2.976858117532000 1558900147.038204669952393 3.694622592592593
3.123387403110000 1961089751.685645103454590 3.700077148148149
3.106995913034000 2272538140.119255542755127 3.704602129629630
3.108929542901000 2303253253.428951263427734 3.709033351851852
1.713338134890000 2303504733.549660205841064 3.713461944444445
2.970069166295000 1577813147.976960897445679 3.718670462962963
2.969146049870000 1962117723.283795595169067 3.724129592592593
3.062642750699000 2138308672.379564285278320 3.728551037037038
1.714561419870000 2227834078.877170085906982 3.733063444444445
3.023130523504000 1571316517.963762283325195 3.738258574074075
2.976858117532000 2000939728.156123638153076 3.743764185185186
2.975931569308000 2148714495.576389789581299 3.748251888888890
3.116644008268000 2138461225.052077054977417 3.752687981481483
3.602655326389000 2272451383.196094512939453 3.757228592592594
2.976858117532000 2300398104.978192329406738 3.761661259259260
3.024070423864000 2259500489.392198085784912 3.776002555555557
2.977783631662000 2193968929.706785202026367 3.784082203703705
3.022189572976000 1727148677.291425704956055 3.794854851851853
3.331613229984000 2152991653.060163497924805 3.803758092592594
3.108929542901000 2136928606.884912490844727 3.812711648148150
2.993212562396000 2271415869.980879306793213 3.817244314814816
3.038554658828000 2168491102.941176414489746 3.821777648148149
3.046266726490000 2182731792.375647544860840 3.826259388888890
3.115675335448000 2187055237.269844532012939 3.830703851851853
2.977783631662000 2280010945.583641529083252 3.835221148148150
2.977783631662000 2169402892.941565513610840 3.839757092592594
2.977783631662000 2138593640.819404125213623 3.844177648148150
1.720057107968000 2138511765.346924781799316 3.848595833333335
1.713950232810000 1558424763.214451551437378 3.853739962962965
2.962354700928000 1492637840.578077316284180 3.858342703703705
3.084827064800000 1962175829.237808942794800 3.863810129629631
2.977783631662000 2228011981.362325668334961 3.868317129629631
3.030842591166000 2159193613.118467330932617 3.872829851851853
1.706619161812000 2183215895.601134300231934 3.877322592592594
3.069402929476000 1558823287.666328907012939 3.882495574074075
1.706009917920000 2040835971.714411735534668 3.888026462962964
1.707228859348000 1571313535.995430469512939 3.893213592592594
1.713338134890000 1492667296.763581037521362 3.897818018518520
3.060737909366000 1492937814.869062662124634 3.902420166666668
2.970069166295000 2041249151.916165590286255 3.907933685185187
2.982713324751000 2159141823.105803966522217 3.912446740740742
1.701113879322000 2138539219.208180665969849 3.916880037037038
1.713338134890000 1470794276.374846696853638 3.922058055555557
3.015418455842000 1930622221.194052457809448 3.938067962962964
3.124358473635000 2070235485.709632635116577 3.944208462962964
3.015418455842000 1802637840.229773283004761 3.953164148148149
2.968221902030000 1930816367.168696403503418 3.963859000000001
3.339325297646000 2198218786.571207046508789 3.972862870370371
3.016355958497000 2115171871.380043983459473 3.979017666666668
3.016355958497000 2182213385.255098342895508 3.983506851851853
3.107963267786000 2192232804.232804298400879 3.987948351851853
1.706009917920000 2282877333.683933734893799 3.992455611111112
3.054928285332000 1572744339.421505212783813 3.997667092592594
2.970069166295000 2040447213.849861383438110 4.003184462962964
2.975931569308000 2159076720.542338371276855 4.007699888888890
3.015418455842000 2138446454.722712516784668 4.012125703703705
2.962354700928000 2183327293.402220249176025 4.016620481481483
1.713338134890000 2148731345.995045185089111 4.021105666666668
2.970069166295000 1548289162.946193218231201 4.027248685185187
2.960512234752000 1962843699.418042659759521 4.032706000000002
3.029899240254000 2138314296.454078435897827 4.037139888888891
3.118582436224000 2138087289.567557573318481 4.041578500000003
2.962354700928000 2272561024.481616973876953 4.046116296296299
2.970069166295000 2159730446.317421913146973 4.050653425925929
2.962354700928000 2137323079.620746135711670 4.055089037037040
2.970069166295000 2121680920.886979103088379 4.059501851851855
3.024070423864000 2138381934.073635578155518 4.063941148148151
2.975931569308000 2183354736.898488044738770 4.068435611111115
2.961433982208000 2148832946.358241081237793 4.072925962962967
3.053028242088000 2138384382.300944089889526 4.077356833333337
2.978709835188000 2228061332.633357524871826 4.081871981481486
3.070357216066000 2155200732.873989105224609 4.086389962962968
2.970069166295000 2161318617.625787734985352 4.100729222222227
2.986426700046000 2127840327.476260662078857 4.106714388888894
2.970069166295000 2133416134.116755485534668 4.115561296296301
3.402079226847000 2126400456.209658145904541 4.124524037037042
3.015418455842000 1739184005.404547929763794 4.135379092592598
3.016355958497000 2192171793.456443309783936 4.139807537037043
2.970069166295000 2192959480.291604995727539 4.144240222222228
2.961433982208000 2143248071.216617107391357 4.148733555555562
2.999994320518000 2137900443.514644384384155 4.153159481481487
1.706619161812000 2138402124.018227338790894 4.157585055555561
1.698686498146000 1559048984.081791162490845 4.162736388888894
2.961433982208000 1491644341.968661785125732 4.167338500000005
3.070357216066000 1962763968.011074542999268 4.172796407407413
3.063595348626000 2227896656.759249687194824 4.177313537037042
3.070357216066000 2248057440.728949546813965 4.181740000000005
3.017294159478000 2248340054.815155506134033 4.186165648148153
3.029899240254000 2200608290.407591819763184 4.190655888888894
2.977783631662000 2192414938.385447025299072 4.195074037037042
1.699293343440000 2149100531.729861259460449 4.199545814814820
2.976858117532000 1559196079.278034448623657 4.204692259259264
2.959591516032000 1961239202.533751010894775 4.210147500000005
1.713338134890000 2138189249.808912277221680 4.214581185185191
2.976858117532000 1557860478.025325059890747 4.219718833333339
3.007706388180000 1963603894.608507156372070 4.225186981481487
3.016355958497000 2183401192.676031112670898 4.229686666666672
3.207221587648000 2193366258.405779838562012 4.234125851851857
3.023130523504000 2191341324.535474777221680 4.238548925925931
1.691972322264000 2187405908.378005027770996 4.252788592592598
2.984570185194000 1680585876.372576713562012 4.259477148148154
2.976858117532000 1937593643.952296733856201 4.269599907407413
1.887357428880000 2093165672.447787761688232 4.278447351851857
2.968221902030000 1479238742.749023675918579 4.288410888888894
2.970069166295000 1961560078.987232208251953 4.293887629629634
3.015418455842000 2137511877.529474020004272 4.298307740740746
3.015418455842000 2177672945.713438510894775 4.302802407407412
2.959591516032000 2192288852.940070152282715 4.307232574074079
2.969146049870000 2148760197.117466449737549 4.311723222222227
2.969146049870000 2125770992.494023561477661 4.316154259259264
3.009577294620000 2137866245.629863739013672 4.320587759259264
2.999994320518000 2183106807.589329719543457 4.325069685185190
2.975006055178000 2148608861.161917686462402 4.329554925925931
2.968221902030000 2136941352.691366434097290 4.333980944444450
1.713338134890000 2138359151.603802919387817 4.338411962962969
3.053028242088000 1558359749.495501756668091 4.343560092592599
3.045318574810000 2041993393.252397775650024 4.349081944444451
1.707228859348000 2248532059.253077507019043 4.353519907407414
3.054928285332000 1571493823.286068916320801 4.358712648148154
2.976858117532000 2041722502.380601167678833 4.364235685185191
2.961433982208000 2159123357.212274074554443 4.368751777777784
2.983641236586000 2138419745.958429574966431 4.373178000000006
3.046266726490000 2138578370.076955795288086 4.377591296296303
3.031784889231000 2227812298.292725086212158 4.382101407407414
3.060737909366000 2203559688.195991039276123 4.386591407407414
2.969146049870000 2237285272.667990207672119 4.391078277777784
1.713338134890000 2157506597.479614734649658 4.395574944444451
2.969146049870000 1462026600.308906793594360 4.400754500000006
2.976858117532000 1652945147.134744405746460 4.416250500000006
3.107963267786000 2140624567.570067644119263 4.422256611111116
2.962354700928000 2232957128.897209167480469 4.431258185185190
3.332649038544000 2139932808.100980281829834 4.440197203703709
2.961433982208000 1891720313.544684410095215 4.450833055555560
2.969146049870000 2134865993.507931232452393 4.455265814814820
3.101215077534000 2132439570.112418174743652 4.459683851851857
3.114705580312000 2227361230.055407047271729 4.464185907407412
2.976858117532000 2292903874.915023803710938 4.468680629629634
2.978709835188000 2169314583.461043357849121 4.473212018518523
3.037608907532000 2137922905.862375259399414 4.477650555555560
3.054928285332000 2182852627.634737491607666 4.482147981481487
3.077114997138000 2238318307.579224109649658 4.486632462962968
3.023130523504000 2247610583.599174499511719 4.491073296296301
2.970069166295000 2203860935.587184429168701 4.495566018518524
2.976858117532000 2148730990.199391365051270 4.500059314814820
2.967298785605000 2138366371.659134149551392 4.504472259259265
3.024070423864000 2138556986.967012405395508 4.508908296296301
1.707837649596000 2183329294.363325595855713 4.513395444444449
3.006770238420000 1556055867.441927194595337 4.518567740740745
2.976858117532000 2000958446.293667793273926 4.524073333333337
2.969146049870000 2148823001.061803817749023 4.528555574074078
2.982713324751000 2138400722.157445430755615 4.532986740740744
1.707228859348000 2138403428.242065191268921 4.537420500000004
3.024070423864000 1558860756.760647058486938 4.542566703703708
1.706009917920000 2001381092.446861982345581 4.548075574074078
2.962354700928000 1483804308.102414131164551 4.553244129629634
3.008641493130000 2134691708.190195560455322 4.569135759259263
3.060737909366000 2182935553.312106609344482 4.575097333333336
2.985498097029000 2275071848.792347431182861 4.584077870370374
3.462718380238000 2166577382.631640434265137 4.593005129629633
3.077114997138000 2063236968.320650100708008 4.603271777777781
2.977783631662000 2179695089.691011905670166 4.608004074074078
3.038554658828000 2157654710.841591358184814 4.612511407407411
3.030842591166000 2172190802.748034954071045 4.616999462962967
3.076157243922000 2192008885.662795543670654 4.621438574074078
2.999994320518000 2237942094.995618820190430 4.625919092592597
2.977783631662000 2159154833.864752769470215 4.630431814814820
3.044371481335000 2136871182.648478031158447 4.634868185185190
3.030842591166000 2181818100.824114322662354 4.639357851851856
2.981785067325000 2193681855.204186916351318 4.643791425925930
2.993212562396000 2148833543.015113830566406 4.648266166666671
1.718829025792000 2138480068.911013603210449 4.652694851851856
3.062642750699000 1558969606.635992527008057 4.657838518518523
3.082907829200000 2040497231.120130062103271 4.663359537037041
2.993212562396000 2248867105.032585620880127 4.667798018518523
2.969146049870000 2159379111.680126190185547 4.672310907407412
3.023130523504000 2138609493.834684371948242 4.676747314814819
3.031784889231000 2183244536.863560676574707 4.681244629629634
1.706619161812000 2193399461.524012565612793 4.685681018518523
3.069402929476000 1565586604.535303115844727 4.690855240740746
2.985498097029000 2041234742.979692935943604 4.696381537037042
2.970069166295000 2155624893.442623138427734 4.700900055555561
3.352662264255000 2136551170.417279243469238 4.705321555555561
1.713950232810000 1968973698.675089120864868 4.709836185185191
3.024070423864000 1973971795.429169893264771 4.724829814814821
2.970069166295000 2115468684.882325887680054 4.730988537037043
3.031784889231000 2198311367.290712833404541 4.740835666666673
1.908188354152000 2173772574.140074729919434 4.749757092592598
3.078071681433000 1453465089.344132423400879 4.763427703703710
3.015418455842000 2037860070.491259098052979 4.768949796296302
1.707228859348000 2190550431.517227649688721 4.773447277777783
3.016355958497000 1564418133.149866104125977 4.778615222222228
2.968221902030000 2000508479.145884513854980 4.784110185185191
3.015418455842000 2147518531.364582061767578 4.788595074074080
3.006770238420000 2170097715.600914001464844 4.793116888888895
3.013542403043000 2192356237.859515190124512 4.797549944444451
1.713338134890000 2193227945.500268936157227 4.801990333333340
2.953721914546000 1563966838.308065176010132 4.807154703703710
3.115675335448000 1963069572.897737026214600 4.812626981481488
3.062642750699000 2271986544.592495441436768 4.817157722222229
2.968221902030000 2258658678.325178146362305 4.821634925925932
2.959591516032000 2159113092.132560253143311 4.826142722222229
2.962354700928000 2132389662.426124334335327 4.830579611111117
3.077114997138000 2138630446.678836822509766 4.835012740740747
3.047213819965000 2226026337.787477493286133 4.839509870370376
2.976858117532000 2248566462.619334220886230 4.843953888888895
3.060737909366000 2159344125.073784828186035 4.848471518518524
3.022189572976000 2228162208.963553428649902 4.852984444444450
3.016355958497000 2203672775.614851474761963 4.857469870370376
3.312593021166000 2193238615.467369556427002 4.861911000000005
2.985498097029000 1952721018.322400093078613 4.866413685185191
2.970069166295000 2132033536.506222248077393 4.880681166666673
3.007706388180000 2122387928.111224174499512 4.886579166666673
3.077114997138000 2172833458.139883041381836 4.895481833333339
3.463794949783000 2231006555.446516036987305 4.904445259259266
2.968221902030000 1624171162.376044988632202 4.916243888888896
2.968221902030000 2079232633.696467161178589 4.920763870370377
1.713338134890000 2132448938.059026479721069 4.925186240740747
3.014479905698000 1549953927.356665849685669 4.930336722222229
3.006770238420000 1999970184.314532995223999 4.935823518518525
2.969146049870000 2190134741.281238079071045 4.940267425925932
2.969146049870000 2148499496.782709121704102 4.944757055555562
3.114705580312000 2137529387.155748367309570 4.949183592592599
3.031784889231000 2270309930.738543987274170 4.953723555555562
1.713338134890000 2213325838.550571441650391 4.958240277777784
3.061690861814000 1564081342.079793691635132 4.963406388888895
3.015418455842000 2042078268.009450912475586 4.968932037037043
2.959591516032000 2203869630.093733787536621 4.973424666666673
2.976858117532000 2148530667.107820987701416 4.977902259259265
3.078071681433000 2138421879.242288112640381 4.982335685185191
3.078071681433000 2227997887.138676166534424 4.986840722222229
3.054928285332000 2246776461.040998458862305 4.991267740740748
1.719443066880000 2248157230.285599708557129 4.995697666666674
2.977783631662000 1571654018.319280862808228 5.000885481481489
2.976858117532000 1962999022.184195995330811 5.006339814814822
2.976858117532000 2138347045.999382019042969 5.010773851851860
1.713338134890000 2137626938.635785102844238 5.015209722222230
2.969146049870000 1394095132.409662008285522 5.020366277777786
3.062642750699000 1960868057.596238613128662 5.025848888888897
2.970069166295000 2201256283.114198207855225 5.041220777777785
2.979635694016000 2066182254.478073120117188 5.047217074074082
1.706619161812000 1900491674.098945379257202 5.057806518518526
1.915591436670000 1879995654.241029024124146 5.067505203703711
3.133047132348000 1645378799.581588029861450 5.080092481481489
3.015418455842000 1900369373.287082195281982 5.085585870370378
2.970069166295000 2191426451.758680343627930 5.090011537037045
3.025951274752000 2143282723.808581352233887 5.094501981481489
3.077114997138000 2178131594.429473400115967 5.099003185185193
3.030842591166000 2233371580.487604141235352 5.103496055555564
3.053028242088000 2203324932.129865646362305 5.107991296296304
3.024070423864000 2238040215.638314723968506 5.112480981481490
3.008641493130000 2202842251.563585758209229 5.116957870370379
1.706009917920000 2193066193.616327762603760 5.121389314814823
2.999994320518000 1564777435.941567420959473 5.126553870370379
3.070357216066000 2000325285.844515562057495 5.132059000000009
3.100251200124000 2238253098.424418449401855 5.136553518518527
1.719443066880000 2293218708.240534782409668 5.141043518518527
2.970992970330000 1578069706.787221193313599 5.146262203703712
3.047213819965000 1962136145.720476627349854 5.151731833333342
2.970069166295000 2182500869.691259384155273 5.156331166666675
3.132072939002000 2127282947.326953649520874 5.160843981481490
3.030842591166000 2272187438.541228771209717 5.165382555555563
2.984570185194000 2213968890.937222480773926 5.169882851851860
2.974080196350000 2148526471.036553859710693 5.174377981481490
2.968221902030000 2138570369.408502340316772 5.178798962962971
2.985498097029000 2137585836.613059520721436 5.183217240740749
2.984570185194000 1933240222.625851869583130 5.187662500000008
2.985498097029000 2134430103.557506561279297 5.201909370370378
2.971916430560000 2066818670.689946413040161 5.207825555555564
1.699900188734000 1725107570.790173530578613 5.218591592592601
3.461640607822000 1820223533.725620269775391 5.228136759259267
2.982713324751000 1808129362.784085988998413 5.239848296296304
2.976858117532000 2154596901.512357234954834 5.244366629629638
2.978709835188000 2128900005.024873018264771 5.248789074074082
2.977783631662000 2137464273.308250188827515 5.253213870370379
2.970069166295000 2135211808.452215671539307 5.257631296296305
3.069402929476000 2137887817.396565675735474 5.262069166666675
3.060737909366000 2226265357.533455371856689 5.266590111111120
2.976858117532000 2247242406.403046131134033 5.271025500000009
1.713338134890000 2153960564.283424377441406 5.275530722222231
2.977783631662000 1558683210.932181596755981 5.280672185185194
2.969146049870000 1962385718.204818248748779 5.286139907407416
2.976858117532000 2138365065.633580446243286 5.290571074074083
2.970069166295000 2138578581.328167915344238 5.295007148148157
2.976858117532000 2137414607.786463022232056 5.299427925925935
1.712726492400000 2138647094.918664455413818 5.303864277777786
2.971916430560000 1558696848.806060314178467 5.309007537037045
1.713950232810000 1899078676.753950119018555 5.314485648148157
2.975931569308000 1490646333.037212371826172 5.319551148148157
3.024070423864000 1961542431.751706123352051 5.325021370370378
3.069402929476000 2183145397.076254367828369 5.329520925925934
3.068447576644000 2238167911.602027893066406 5.334010722222230
3.215932215054000 2248253347.589651584625244 5.338444537037044
2.977783631662000 1953669989.895312309265137 5.342971222222229
2.975931569308000 2135098677.943502426147461 5.357220907407415
3.023130523504000 2144694312.970999240875244 5.363246314814822
3.030842591166000 2167597630.638664245605469 5.372197000000008
3.424158041928000 2220067009.057802200317383 5.381121166666675
2.978709835188000 2063339718.298445701599121 5.392090222222230
2.977783631662000 2021238132.226636409759521 5.397096777777786
2.969146049870000 2134367205.639166593551636 5.401531370370378
3.017294159478000 2071203771.213073492050171 5.405950814814823
3.022189572976000 2151968094.128496170043945 5.410449000000008
2.970069166295000 2153108117.943805694580078 5.414876092592601
2.975931569308000 2145829118.080769062042236 5.419359370370379
3.107963267786000 2138258325.607036352157593 5.423793481481490
3.008641493130000 2272514377.820233345031738 5.428320129629638
1.718829025792000 2214017502.184696197509766 5.432833851851860
2.968221902030000 1565117338.568122863769531 5.438003444444452
2.969146049870000 1961510737.311222553253174 5.443455185185193
2.976858117532000 2136642361.603900432586670 5.447891592592600
2.977783631662000 2138435825.927960872650146 5.452307388888896
2.976858117532000 2138441566.898762941360474 5.456743611111118
1.698686498146000 2138415055.951169967651367 5.461167111111118
2.970069166295000 1558753264.411974191665649 5.466315222222229
3.014479905698000 1962061513.891379594802856 5.471788240740747
2.969146049870000 2183045962.702194690704346 5.476280611111118
2.967298785605000 2148741899.265433788299561 5.480750370370377
3.077114997138000 2138393237.743409872055054 5.485186759259267
2.968221902030000 2227781434.377868175506592 5.489706462962970
3.101215077534000 2159113655.967862606048584 5.494214870370378
1.705400674028000 1856029827.530994176864624 5.498667629629638
3.008641493130000 1491358732.038682937622070 5.513803037037045
2.962354700928000 2124696395.690913915634155 5.519927907407415
3.053978794152000 2144346589.609795808792114 5.529726666666674
1.895427316284000 2223504173.318884372711182 5.538681259259267
1.708447120310000 1601946067.356925487518311 5.551419370370378
3.000927027763000 1437025273.563441753387451 5.556376240740748
2.962354700928000 1993769478.116969823837280 5.561881944444452
3.054928285332000 2147696081.302355766296387 5.566371814814822
2.946925770194000 2227015198.564534664154053 5.570892222222230
3.069402929476000 2152572600.189450740814209 5.575408203703711
2.961433982208000 2228066704.366640090942383 5.579927314814822
2.970069166295000 2158897759.794730186462402 5.584430870370378
2.970069166295000 2138252435.857831001281738 5.588866907407414
2.970992970330000 2138388199.784826278686523 5.593290555555563
2.969146049870000 2137402981.211936712265015 5.597726981481489
2.969146049870000 2138420009.137740850448608 5.602144962962970
2.976858117532000 2138444266.561613321304321 5.606563648148155
3.039499354598000 2135866173.798634290695190 5.610997259259266
1.713950232810000 2182427264.308205127716064 5.615496425925932
3.024070423864000 1565722344.162331104278564 5.620668296296302
2.970992970330000 2002199368.100161790847778 5.626171981481487
2.975931569308000 2149063350.376982212066650 5.630659370370377
2.967298785605000 2137814225.026073932647705 5.635027259259266
3.014479905698000 2138509026.235366821289062 5.639462888888895
3.070357216066000 2183454680.442986965179443 5.643952611111117
3.117613402632000 2238417503.960686683654785 5.648429481481488
1.949198303980000 2293121836.937557220458984 5.652919240740747
2.976858117532000 1429468111.553784847259521 5.658148407407414
2.964197167104000 2156479766.254854202270508 5.673499092592599
2.969146049870000 2123511041.681015491485596 5.679414388888896
3.071312213484000 2132666686.205344676971436 5.688260407407414
3.355792434645000 2208187451.391927719116211 5.697189537037044
2.969146049870000 1922237755.039015293121338 5.707983092592600
3.070357216066000 2132674687.904113531112671 5.712408074074081
1.713950232810000 2215260580.671342372894287 5.716925833333340
3.006770238420000 1570724829.346978425979614 5.722126444444451
2.964197167104000 1997448531.866042137145996 5.727619055555563
2.970992970330000 2147983128.112380027770996 5.732103833333341
3.056828328576000 2137897300.542893409729004 5.736545055555562
3.024070423864000 2227595018.590103626251221 5.741062592592599
2.962354700928000 2158945203.456170082092285 5.745576259259266
2.954640235561000 2137948691.481728553771973 5.749989648148155
1.686462242578000 2138400586.125849962234497 5.754425555555563
2.999994320518000 1558176588.493966817855835 5.759571648148156
1.701720950545000 2001837458.396369218826294 5.765079981481489
1.699293343440000 1565421385.088344097137451 5.770254407407415
2.976858117532000 1492730952.131896734237671 5.774857333333340
2.963276105472000 1962289531.977157831192017 5.780324777777785
3.061690861814000 2137761985.915139913558960 5.784758222222229
2.961433982208000 2227875448.895594120025635 5.789275481481488
3.023130523504000 2158775723.212124347686768 5.793789166666674
3.045318574810000 2182965284.530067920684814 5.798283907407415
3.061690861814000 2238419168.391283512115479 5.802775870370378
2.975931569308000 2247775458.095524311065674 5.807214537037044
2.970992970330000 1954469275.068304777145386 5.811742166666674
2.979635694016000 2132532646.708827257156372 5.825996907407415
3.107963267786000 2130478262.508955240249634 5.831890462962971
2.963276105472000 2293793535.724984169006348 5.840854259259267
3.399963269598000 2133230167.160507440567017 5.849797759259267
1.714561419870000 1995619744.879473447799683 5.860684407407414
1.686462242578000 1546492906.152294158935547 5.865861037037044
2.961433982208000 1488120364.346128940582275 5.870472037037044
2.967298785605000 1956317089.785170078277588 5.875936314814822
1.713950232810000 2138081431.879341840744019 5.880374925925933
2.968221902030000 1551216214.466101169586182 5.885522592592600
2.952802567474000 1962268909.497055292129517 5.890994074074081
3.053978794152000 2136954490.293792724609375 5.895434722222229
2.944176976886000 2217259983.539903640747070 5.899957444444452
2.970069166295000 2159018529.184288024902344 5.904458851851859
3.014479905698000 2137998998.071287155151367 5.908894740740748
2.967298785605000 2183121720.894396781921387 5.913389388888896
3.078071681433000 2147554829.216419219970703 5.917882296296304
2.976858117532000 2137691324.261921405792236 5.922317611111119
1.714561419870000 2137781847.472694396972656 5.926754703703711
2.969146049870000 1558134281.428488969802856 5.931890407407415
2.954640235561000 1962997755.547656297683716 5.937360685185192
2.977783631662000 2138222849.272170782089233 5.941784037037044
2.969146049870000 2136804536.725976467132568 5.946210462962970
2.969146049870000 2138189913.512111186981201 5.950636259259266
3.063595348626000 2137924156.071898460388184 5.955029296296303
3.069402929476000 2227820029.990904331207275 5.959549185185192
3.093500612167000 2246884609.589499473571777 5.963973777777785
3.070357216066000 2246189477.292488574981689 5.968403703703711
2.968221902030000 2243179643.043078899383545 5.982667277777785
3.032727889194000 2128725217.358995437622070 5.988648166666674
2.968221902030000 2187896167.538483619689941 5.997558888888896
3.345995598652000 2148688951.400152683258057 6.006452759259266
3.077114997138000 2119418674.529451131820679 6.015346037037045
1.714561419870000 2227026487.864346981048584 6.019857537037044
3.031784889231000 1570850252.123615503311157 6.025050462962970
2.968221902030000 2027283181.229266643524170 6.031553888888896
1.713338134890000 2148545630.218096733093262 6.036038814814822
3.047213819965000 1558508309.845466136932373 6.041183314814822
3.006770238420000 2041775068.605283260345459 6.046703351851860
1.707837649596000 2202684047.068140029907227 6.051193296296304
1.712726492400000 1565464184.427638530731201 6.056364851851860
3.048161618910000 1492798913.043478250503540 6.060964851851860
3.060737909366000 2041597896.640653848648071 6.066493925925934
2.970992970330000 2246392160.625414371490479 6.070933055555563
3.008641493130000 2158314805.669415950775146 6.075432833333341
3.007706388180000 2183657658.326527595520020 6.079922500000007
2.968221902030000 2193447591.489219665527344 6.084363925925933
2.960512234752000 2148743234.715467929840088 6.088853759259266
2.953721914546000 2138271458.206734657287598 6.093272555555563
3.062642750699000 2138160691.685984611511230 6.097706166666674
3.000927027763000 2227906870.541936874389648 6.102223574074081
2.970069166295000 2203991858.350140571594238 6.106713518518526
2.969146049870000 2131294913.828299999237061 6.111203907407415
3.016355958497000 2138742693.869366884231567 6.115637018518526
2.968221902030000 2183484099.958412170410156 6.120134444444452
3.062642750699000 2067627286.196394681930542 6.124634074074081
3.063595348626000 1679310180.361969947814941 6.140685129629637
2.976858117532000 2169652437.669228076934814 6.146601148148156
3.109896537774000 1896170457.694982528686523 6.157224833333340
3.395420537520000 2197246049.437551975250244 6.166188629629636
3.024070423864000 2140785759.866483449935913 6.175242851851858
3.008641493130000 2192886406.953127384185791 6.179683166666673
1.713338134890000 2192779072.191598892211914 6.184124537037044
2.960512234752000 1565410167.671742677688599 6.189298888888896
1.712726492400000 1961225571.901509046554565 6.194769592592600
1.714561419870000 1557707801.091605663299561 6.199913222222230
2.969146049870000 1492911276.308167695999146 6.204516777777785
2.976858117532000 1958974147.651279449462891 6.209985870370378
3.014479905698000 2137797540.303312301635742 6.214403759259267
1.693181215656000 2183215412.553893566131592 6.218900814814822
2.970069166295000 1564296380.990612745285034 6.224067462962971
2.946009846884000 1963653988.145639419555664 6.229535055555563
3.021249672616000 2137896737.106781482696533 6.233961370370378
3.054928285332000 2179891305.691411972045898 6.238455796296304
3.016355958497000 2237709666.654306411743164 6.242950629629637
3.022189572976000 2202560118.051490783691406 6.247443333333341
2.976858117532000 2193641535.547481060028076 6.251872203703711
3.023130523504000 2136839751.104698181152344 6.256389944444452
1.707228859348000 2182767300.471128463745117 6.260882703703711
3.023130523504000 1565197145.521049976348877 6.266046777777785
2.969146049870000 2001478791.959866762161255 6.271546962962970
2.970069166295000 2149130609.533163070678711 6.276034611111117
2.970069166295000 2136037686.174213886260986 6.280465944444451
2.970069166295000 2027596069.751120090484619 6.284925185185192
1.706009917920000 2128795614.301394224166870 6.299198851851859
3.023130523504000 1676215426.424209833145142 6.305822407407415
3.016355958497000 1974575680.194669008255005 6.315989703703710
3.354749432970000 2186483607.482967376708984 6.324845370370377
2.975931569308000 2123077658.915369033813477 6.333812407407414
3.069402929476000 2137209773.674135684967041 6.338252907407414
1.713338134890000 2227683386.507910728454590 6.342757055555562
3.006770238420000 1570681108.585579156875610 6.347946851851858
2.975931569308000 1997052931.758043527603149 6.353440648148154
1.706619161812000 2148185539.229825019836426 6.357935055555561
1.712726492400000 1550866653.417405843734741 6.363059962962969
2.968221902030000 1492676377.943253040313721 6.367663240740747
3.116644008268000 1962673603.137669324874878 6.373130851851858
3.108929542901000 2272049873.006654262542725 6.377658648148154
2.967298785605000 2303231422.469815731048584 6.382089777777784
1.713338134890000 2169148400.612096309661865 6.386615814814821
3.108929542901000 1558173488.030843734741211 6.391764851851858
2.980856464308000 2081198162.786730051040649 6.397300611111117
3.062642750699000 2169524743.745178222656250 6.401837111111117
3.015418455842000 2227911405.170081138610840 6.406354555555562
2.970069166295000 2203925261.658512115478516 6.410839833333339
2.985498097029000 2147962647.615184307098389 6.415313740740747
2.968221902030000 2138574603.864048480987549 6.419747777777784
2.982713324751000 2138485352.504289627075195 6.424183500000007
3.018232011296000 2138292670.303480625152588 6.428620296296303
3.224646523406000 2183090227.795503139495850 6.433112629629637
3.008641493130000 2054318646.327014207839966 6.437613962962971
1.713338134890000 2145756812.690911293029785 6.451939759259266
2.970069166295000 1600696218.589900016784668 6.458771425925933
1.707837649596000 2104871908.923021554946899 6.468638537037045
3.322866596818000 1836874173.557285547256470 6.478293370370378
2.970069166295000 1912052583.044433832168579 6.488394500000007
3.031784889231000 2137282071.822858572006226 6.492832888888896
2.977783631662000 2182562800.529054641723633 6.497327277777785
3.069402929476000 2148629114.378801822662354 6.501811888888896
3.015418455842000 2220294110.165145397186279 6.506325314814822
1.699900188734000 2203500173.556587696075439 6.510806722222229
3.008641493130000 1564314497.901194810867310 6.515968388888896
3.102179672916000 2001871726.291860342025757 6.521458962962971
2.970992970330000 2282495522.927045822143555 6.525971666666674
2.977783631662000 2169257585.507306098937988 6.530489907407415
1.714561419870000 2138002195.664605855941772 6.534926259259267
1.693181215656000 1557645885.214884281158447 6.540064685185193
2.970069166295000 1492751278.355330467224121 6.544664055555564
3.015418455842000 1962945491.490982770919800 6.550132111111119
2.975931569308000 2183150730.029135227203369 6.554632185185193
3.079029078342000 2148101966.737064361572266 6.559121666666675
3.007706388180000 2227128712.627650260925293 6.563637037037045
3.013542403043000 2203775938.718847274780273 6.568119111111120
3.108929542901000 2193714045.985072135925293 6.572555333333342
3.114705580312000 2283162243.198223114013672 6.577057833333342
2.971916430560000 2303520053.035577774047852 6.581499296296305
3.016355958497000 2169632973.984683513641357 6.586030814814824
3.079029078342000 2183084786.406486988067627 6.590525333333342
2.986426700046000 2232906875.795809745788574 6.595004814814823
1.706009917920000 2134325209.399945020675659 6.609404425925934
3.052078750908000 1511163711.728585481643677 6.616364944444452
3.079029078342000 2175866587.513678073883057 6.626315981481490
3.363506900012000 2172993723.729382991790771 6.635356500000008
2.968221902030000 2152574883.014632225036621 6.644331981481490
2.970069166295000 2137104147.880973815917969 6.648767981481490
1.719443066880000 2137887785.335725784301758 6.653205574074083
1.698686498146000 1558668883.179688692092896 6.658352129629638
1.712726492400000 1488253705.297187805175781 6.662957648148157
3.070357216066000 1491473290.034748792648315 6.667556777777786
3.030842591166000 2041563912.649693012237549 6.673077333333342
2.969146049870000 2159011864.288614273071289 6.677592907407417
2.967298785605000 2138048374.823350429534912 6.682022055555564
2.969146049870000 2137847425.503669500350952 6.686458018518527
3.017294159478000 2136954090.966044425964355 6.690891907407416
2.969146049870000 2182422697.862911701202393 6.695388333333343
3.114705580312000 2149150340.220215320587158 6.699878888888898
2.976858117532000 2272927532.799503803253174 6.704414018518528
2.976858117532000 2169588824.231328964233398 6.708945648148157
2.984570185194000 2138277866.798314809799194 6.713371962962972
2.976858117532000 2138306916.738941907882690 6.717813148148157
1.706009917920000 2138590745.335637331008911 6.722238944444453
1.713338134890000 1557736407.819419145584106 6.727382833333342
2.985498097029000 1493027138.614578485488892 6.731984722222231
2.977783631662000 1962574959.753836393356323 6.737437277777786
1.706619161812000 2138413705.869829416275024 6.741873333333342
3.015418455842000 1559073800.738007307052612 6.747022333333343
2.976858117532000 2000612138.481360912322998 6.752527018518528
2.976858117532000 2258392251.741354942321777 6.766947462962972
2.985498097029000 2128227722.493163824081421 6.772859629629639
2.961433982208000 2165723383.659611225128174 6.781831944444454
1.712726492400000 2134547314.813266277313232 6.790689870370380
2.970069166295000 1475853106.362141847610474 6.806876185185194
2.968221902030000 1887999393.191876888275146 6.812491481481491
2.976858117532000 2125541825.023518323898315 6.816920648148157
2.961433982208000 2137365945.437441349029541 6.821349814814823
3.101215077534000 2138169664.065151214599609 6.825770314814823
2.975931569308000 2266123266.262145042419434 6.830308518518527
1.713338134890000 2169272635.761372566223145 6.834834092592601
1.706619161812000 1557820424.016831159591675 6.839983259259268
1.706619161812000 1492771827.224351882934570 6.844587388888897
2.970069166295000 1492724627.412458896636963 6.849187351851860
2.962354700928000 1962722112.251423835754395 6.854660185185193
2.969146049870000 2137249382.096480607986450 6.859088240740749
2.970992970330000 2138630831.643002033233643 6.863525240740749
2.971916430560000 2138740963.402720451354980 6.867960907407416
3.076157243922000 2138623965.006774663925171 6.872389277777787
3.084827064800000 2227897935.275426387786865 6.876894407407416
2.975006055178000 2248438502.315812587738037 6.881320500000009
2.969146049870000 2151611263.025644779205322 6.885830833333342
3.062642750699000 2138006490.499927043914795 6.890270370370379
2.968221902030000 2228074901.909280300140381 6.894782444444453
3.079029078342000 2158124132.775242805480957 6.899290759259268
2.967298785605000 2228109496.454278945922852 6.903800629629638
2.970069166295000 2159343331.174739360809326 6.908318888888897
2.969146049870000 1932752124.012520551681519 6.912791555555564
3.093500612167000 2130604595.355304718017578 6.927654388888897
3.008641493130000 2158405893.518374443054199 6.933605685185193
3.023130523504000 2186558299.621353626251221 6.942472555555564
1.901469381074000 2187537084.799565792083740 6.951339870370378
1.712726492400000 1631325669.431019544601440 6.963574555555564
2.960512234752000 1427660952.552242040634155 6.968516833333341
2.976858117532000 1952414245.529231309890747 6.973987555555563
1.713338134890000 2137400279.556881427764893 6.978425796296304
2.970992970330000 1556917577.911427021026611 6.983574092592600
2.977783631662000 1963122033.129420042037964 6.989044222222230
3.078071681433000 2137927485.272150516510010 6.993457629629638
1.712726492400000 2227210310.885079383850098 6.997972814814823
3.108929542901000 1563039888.123008012771606 7.003190185185193
3.076157243922000 2081679066.404210090637207 7.008721962962970
3.115675335448000 2258380098.821238994598389 7.013211925925933
2.969146049870000 2293084682.948523044586182 7.017709092592600
2.976858117532000 2169319513.516175270080566 7.022222203703711
1.713338134890000 2138399819.573742866516113 7.026656148148155
2.969146049870000 1548786228.717794179916382 7.032801518518525
2.962354700928000 1963491892.990867853164673 7.038266611111117
3.077114997138000 2138378966.636993885040283 7.042697666666673
3.060737909366000 2226897695.286091804504395 7.047217388888895
2.969146049870000 2248424619.876942634582520 7.051656740740747
2.992282252856000 2159351804.653457164764404 7.056161555555562
3.013542403043000 2181536871.503777503967285 7.060657148148154
2.022410896478000 2193446315.270648002624512 7.065090611111117
3.008641493130000 1407662521.440823316574097 7.070272833333339
3.015418455842000 1669979990.668851852416992 7.085752648148154
2.976858117532000 2175723940.177668094635010 7.091681314814821
2.969146049870000 2132158052.066463232040405 7.100577351851858
3.409793692214000 2127807838.115934848785400 7.109414037037044
2.970069166295000 1948060375.549564599990845 7.119999018518525
3.108929542901000 2147101458.711059808731079 7.124493092592600
2.984570185194000 2267619578.696602821350098 7.129032796296303
3.024070423864000 2150819017.228292942047119 7.133570981481489
1.700507485886000 2180114428.352528572082520 7.138066759259266
3.016355958497000 1563157721.631459951400757 7.143235500000007
2.945092900196000 2002069123.151913404464722 7.148736685185193
2.970069166295000 2148775193.157873153686523 7.153218722222229
2.963276105472000 2137921314.404264450073242 7.157655037037045
2.953721914546000 2138155320.108205556869507 7.162091037037045
3.008641493130000 2137790440.915190696716309 7.166520796296304
3.046266726490000 2182964974.055620193481445 7.171006888888896
1.699900188734000 2237473660.764005184173584 7.175496388888896
2.946925770194000 1571273452.538820266723633 7.180691277777785
2.947842375756000 1961723948.861323118209839 7.186149203703711
1.706009917920000 2138184864.332019090652466 7.190582685185192
3.008641493130000 1558050234.393565177917480 7.195725981481488
2.961433982208000 2002409806.707017421722412 7.201227129629636
2.970992970330000 2148775029.388108730316162 7.205716851851858
2.951884246459000 2138355661.728776693344116 7.210150944444451
2.993212562396000 2138430178.308140039443970 7.214584592592599
1.706619161812000 2114335366.446345329284668 7.219157037037044
2.983641236586000 1542254118.807493448257446 7.224338777777785
3.061690861814000 2096840060.539003133773804 7.240171851851859
3.014479905698000 2234856274.427348613739014 7.246160888888896
2.959591516032000 2187516237.098348617553711 7.255038592592599
1.902148689746000 2164075444.225739479064941 7.263966944444451
1.700507485886000 1579898409.777894735336304 7.276648611111117
3.024070423864000 1488467643.016180515289307 7.281256351851858
3.010512747840000 1998109624.552236557006836 7.286756944444450
3.069402929476000 2185561900.300320625305176 7.291184314814821
3.070357216066000 2236257692.307692050933838 7.295662092592599
3.023130523504000 2248141423.254765033721924 7.300095592592599
3.030842591166000 2203716238.582472324371338 7.304582277777784
3.008641493130000 2191699669.497552394866943 7.309008759259266
2.968221902030000 2193298240.777866840362549 7.313442537037044
3.024070423864000 2148653404.617534160614014 7.317935074074081
2.968221902030000 2182879466.695232391357422 7.322429759259266
1.720057107968000 2142314429.928740978240967 7.326920425925932
2.969146049870000 1557461091.594920635223389 7.332065462962969
3.125330267490000 1962087394.661252498626709 7.337519648148154
3.038554658828000 2272394513.459246635437012 7.342057351851857
3.031784889231000 2214186805.971619129180908 7.346570055555561
2.984570185194000 2193456627.205830097198486 7.351001703703709
3.031784889231000 2148003264.902300357818604 7.355493925925931
3.023130523504000 2183397922.844983100891113 7.359971203703709
1.739592790320000 2182991643.084174633026123 7.364434129629635
3.109896537774000 1564986593.619078397750854 7.369605796296302
3.198516872795000 2081850575.327087879180908 7.375148537037043
2.970069166295000 1971812075.462494134902954 7.379704148148154
2.976858117532000 2130961566.906648635864258 7.393951611111117
2.978709835188000 2123564769.759708642959595 7.399865722222228
3.078071681433000 1865499112.608650684356689 7.410456481481488
1.896103217268000 2211539372.662180423736572 7.419402574074080
3.030842591166000 1452169673.791767120361328 7.434539462962968
3.014479905698000 1997193896.832213401794434 7.440037518518524
3.100251200124000 2189732882.882883071899414 7.444477518518524
2.985498097029000 2276344600.692450523376465 7.448991814814820
2.977783631662000 2167748969.319566249847412 7.453506092592598
3.031784889231000 2137945153.577493667602539 7.457944074074080
2.976858117532000 2182520208.304150581359863 7.462438925925931
2.977783631662000 2148726543.824084281921387 7.466924240740746
1.719443066880000 2137323791.215679645538330 7.471355537037042
1.720671606272000 1558846185.457009792327881 7.476492796296301
2.976858117532000 1492707582.389289379119873 7.481096055555560
2.977783631662000 1963041349.005375862121582 7.486566203703708
2.968221902030000 2138260580.912863254547119 7.490984537037042
1.713950232810000 2137527431.124907732009888 7.495422925925930
3.025011024336000 1558598422.191576480865479 7.500566018518523
2.970069166295000 2002435698.048394441604614 7.506064814814819
3.133047132348000 2148693914.014517307281494 7.510542314814820
3.032727889194000 2272065678.280207633972168 7.515038981481486
3.007706388180000 2214302672.449519634246826 7.519552111111116
2.978709835188000 2193561421.922631740570068 7.523980648148153
3.022189572976000 2148796722.082228660583496 7.528470851851856
3.388756657184000 2183306096.887694835662842 7.532965555555560
2.986426700046000 2032505598.671445846557617 7.537470592592597
3.070357216066000 2134285292.415489435195923 7.551805851851856
2.969146049870000 2220018568.629568576812744 7.557807611111116
1.699900188734000 2131732731.841639280319214 7.566731925925930
3.456080484416000 1633137219.038637876510620 7.576471962962968
3.007706388180000 2028022114.021233558654785 7.588631166666671
3.093500612167000 2125313622.949127912521362 7.593117740740746
3.093500612167000 2231480483.945407867431641 7.597611666666672
3.023130523504000 2242185260.401246070861816 7.602052462962968
3.078071681433000 2202697586.319312572479248 7.606540000000005
2.970992970330000 2235157544.479714393615723 7.611014574074079
3.071312213484000 2157791859.602867126464844 7.615509759259264
2.977783631662000 2227771706.540775775909424 7.620024740740745
3.171631456638000 2158938175.494149208068848 7.624539611111116
3.163914591780000 2316288193.979526042938232 7.629103666666672
3.047213819965000 2358444288.682504177093506 7.633542222222228
2.977783631662000 2224525925.804628849029541 7.638065814814820
2.977783631662000 2148712469.978458881378174 7.642553333333339
1.719443066880000 2138412810.585272312164307 7.646987166666673
3.069402929476000 1557942544.794607400894165 7.652129981481488
1.713950232810000 2041846027.033728599548340 7.657656685185191
2.967298785605000 1571823827.584731817245483 7.662851722222229
2.970069166295000 1962480063.374702692031860 7.668321833333340
3.070357216066000 2138747007.042253732681274 7.672739611111117
2.975931569308000 2227604587.540358543395996 7.677247796296302
2.976858117532000 2157829536.093248367309570 7.681766185185191
2.985498097029000 2138358411.052963495254517 7.686200055555561
1.706009917920000 2138427007.101199388504028 7.690635925925932
3.007706388180000 1410306577.832660913467407 7.695794666666672
3.023130523504000 2169607703.891345024108887 7.711117370370376
2.951884246459000 2114865754.742919921875000 7.717044333333339
2.975931569308000 1898280145.488497972488403 7.727675185185191
3.401021838942000 2149059687.294292926788330 7.736649425925932
1.705400674028000 1970212237.598375082015991 7.746962814814821
2.969146049870000 1499153819.488423824310303 7.752518629629636
1.699293343440000 1944436891.734144210815430 7.758023425925932
2.961433982208000 1557094367.622745752334595 7.763164666666674
2.954640235561000 1960154507.746736764907837 7.768629333333340
3.099286245756000 2134868991.588223457336426 7.773067555555563
2.976858117532000 2227618652.722239494323730 7.777582833333341
3.016355958497000 2158714555.066730976104736 7.782091000000007
3.015418455842000 2182724232.994643211364746 7.786578148148156
1.713338134890000 2193265730.468488693237305 7.791011629629637
3.070357216066000 1564381792.428534507751465 7.796188962962970
2.969146049870000 2041535800.781838893890381 7.801717240740747
1.713950232810000 2152221010.368337154388428 7.806223481481488
1.699293343440000 1558169139.081427574157715 7.811369148148154
2.970992970330000 1493017314.308273792266846 7.815966074074080
2.962354700928000 1962734234.142569303512573 7.821426185185191
1.706619161812000 2138362808.641329526901245 7.825851944444450
2.999994320518000 1558449078.375867128372192 7.830993833333339
3.007706388180000 2001506184.307509183883667 7.836496111111116
3.008641493130000 2193066482.133449077606201 7.840925037037042
1.699900188734000 2193401022.479513168334961 7.845358703703709
2.963276105472000 1565495256.588469743728638 7.850527666666672
3.062642750699000 1817067208.399106264114380 7.856006203703709
2.970069166295000 2163143021.746291160583496 7.870342407407413
2.971916430560000 2150469871.662149429321289 7.876334981481487
2.960512234752000 2133624801.231943368911743 7.885185796296302
3.357879603360000 2196309865.969510078430176 7.894295111111116
1.713950232810000 1920594887.362585306167603 7.905007129629634
2.975931569308000 1556672236.642483711242676 7.910158203703708
2.970069166295000 1954932329.300966262817383 7.915632425925931
3.034613187222000 2133126775.403372287750244 7.920061518518523
3.031784889231000 2180437864.365468978881836 7.924559444444449
3.023130523504000 2189496302.609480381011963 7.928992000000004
2.969146049870000 2192447287.435886383056641 7.933432925925930
2.963276105472000 2148245389.350607395172119 7.937918314814819
3.016355958497000 2138327271.360937595367432 7.942353981481486
2.976858117532000 2182615939.819888114929199 7.946849129629634
1.713338134890000 2147846749.782162666320801 7.951333444444449
2.975931569308000 1558759911.086173057556152 7.956482000000005
3.062642750699000 1963617560.023185491561890 7.961945166666672
3.069402929476000 2227889300.163553714752197 7.966462888888894
2.984570185194000 2248377579.149611473083496 7.970896592592598
2.970992970330000 2158534452.798800945281982 7.975393888888894
2.970992970330000 2138520244.056244850158691 7.979828203703709
3.031784889231000 2138360613.682092666625977 7.984245981481487
2.984570185194000 2183251699.049193859100342 7.988725611111116
1.706009917920000 2148551649.540291786193848 7.993211148148153
2.962354700928000 1558414961.745128393173218 7.998349685185190
3.070357216066000 1961808191.828475236892700 8.003822166666671
2.975931569308000 1998329296.592030048370361 8.008346962962968
2.976858117532000 2215761564.346302509307861 8.022677407407413
1.707228859348000 2126170450.064777612686157 8.028595074074079
3.122415247590000 1851237178.667908668518066 8.039172425925932
1.888705942822000 2167629420.100606918334961 8.049156277777783
2.975931569308000 1653589613.381941556930542 8.061372851851857
1.720671606272000 1900994252.213674545288086 8.066856444444449
3.023130523504000 1546434678.316867589950562 8.071998092592597
1.706619161812000 2000475821.749961137771606 8.077484351851856
2.975931569308000 1565443969.597017049789429 8.082649537037041
3.017294159478000 1961104284.176242113113403 8.088119277777782
1.713950232810000 2182644257.033738136291504 8.092614148148153
3.077114997138000 1564631783.904731988906860 8.097778537037042
3.025951274752000 2040866928.635317564010620 8.103306481481487
3.029899240254000 2203895906.365218639373779 8.107796740740747
3.078071681433000 2193665040.337428569793701 8.112222370370377
3.054928285332000 2238212878.800375938415527 8.116712666666674
3.092539132462000 2248372448.340638637542725 8.121148777777785
2.970069166295000 2237232856.072587966918945 8.125598037037044
3.005835133470000 2158660636.383801937103271 8.130106148148155
3.030842591166000 2183348408.661771774291992 8.134588166666672
3.023130523504000 2193616134.529597759246826 8.139021722222228
2.977783631662000 2192710470.428705692291260 8.143460148148154
1.706009917920000 2148905847.488016128540039 8.147953055555561
1.699293343440000 1559016581.660180330276489 8.153101537037042
1.699900188734000 1478260923.121512889862061 8.157701870370376
3.039499354598000 1492691826.986918210983276 8.162303962962969
3.169659809082000 1854411939.695106744766235 8.167800722222228
3.106995913034000 2311558335.618580818176270 8.182184444444450
2.969146049870000 2287248933.416719913482666 8.188165814814822
2.977783631662000 2148641228.167760372161865 8.197154814814821
2.992282252856000 2132960610.468761682510376 8.206015037037043
3.015418455842000 1958500139.664210319519043 8.219075462962968
2.975006055178000 2177855151.730462551116943 8.223558314814820
1.715173290075000 2138938050.315766096115112 8.228035962962968
2.962354700928000 1555637262.059317588806152 8.233185277777784
1.699900188734000 1962359762.029864788055420 8.238648148148155
1.699293343440000 1558039045.007421731948853 8.243800796296302
2.999994320518000 1492783117.331811904907227 8.248410388888894
2.969146049870000 2002162067.909234285354614 8.253911740740746
1.699293343440000 2148124751.172232627868652 8.258386425925931
2.999994320518000 1557933202.145143270492554 8.263524648148152
2.962354700928000 2001633803.955380678176880 8.269023018518523
2.953721914546000 2148769101.872526168823242 8.273509925925930
2.951884246459000 2138390420.644815921783447 8.277936111111115
3.047213819965000 2138472292.850889444351196 8.282357018518523
1.699293343440000 2224725182.923079967498779 8.286874703703708
3.123387403110000 1570823271.803942680358887 8.292067444444449
3.024070423864000 2081271053.289967536926270 8.297618833333338
2.960512234752000 2212151256.439997673034668 8.302137037037042
3.044371481335000 2148915096.282990455627441 8.306631888888894
3.116644008268000 2227247595.206828594207764 8.311144481481486
3.108929542901000 2293510487.084718227386475 8.315628833333339
2.984570185194000 2089599455.177067518234253 8.320074722222227
1.698686498146000 2258665206.589245319366455 8.335362259259265
2.939211304827000 1673359867.079525709152222 8.341982759259265
3.061690861814000 1934827016.930770635604858 8.352125370370375
3.332649038544000 2209460381.655166149139404 8.361054314814819
3.061690861814000 1945554804.814085483551025 8.371540518518522
3.055878483768000 2167850146.244321346282959 8.376301703703707
2.968221902030000 2246125112.511250972747803 8.380745703703706
2.970069166295000 2148436345.723609924316406 8.385256907407410
3.067493290054000 2137420399.031330823898315 8.389676870370373
2.969146049870000 2224052166.637959003448486 8.394192314814818
2.961433982208000 2158498238.496850490570068 8.398702351851854
2.969146049870000 2137122233.824819087982178 8.403135870370374
3.014479905698000 2138571821.971135139465332 8.407574185185188
1.706619161812000 2172142104.026610374450684 8.412066981481484
3.108929542901000 1565233641.980836391448975 8.417236888888890
2.968221902030000 2081439697.064898252487183 8.422777740740742
2.977783631662000 2166756069.647674083709717 8.427308481481482
2.968221902030000 2138630227.826480150222778 8.431731925925927
2.969146049870000 2138347114.707952022552490 8.436152814814816
2.968221902030000 2138336673.749858379364014 8.440571203703705
3.016355958497000 2138323730.725836753845215 8.445002870370372
2.961433982208000 2183095677.297477722167969 8.449502370370372
3.061690861814000 2148753783.168566703796387 8.453984944444446
1.713338134890000 2227945758.373735427856445 8.458499722222225
2.970069166295000 1570743947.191047430038452 8.463692444444447
2.999994320518000 1962724775.852975845336914 8.469170000000004
3.401021838942000 2138235251.247125625610352 8.473591277777782
1.693786112424000 1937890870.390851497650146 8.478028407407411
3.015418455842000 1936862302.047361612319946 8.492995277777782
3.023130523504000 2114910850.234668254852295 8.499134759259263
3.070357216066000 2219653242.926755905151367 8.508939574074079
3.348077969278000 2182454074.470009803771973 8.517843481481487
1.712726492400000 1750257729.839109420776367 8.530362907407413
2.961433982208000 1554917829.881811380386353 8.535503777777784
2.999994320518000 1955342452.382566213607788 8.540967851851859
3.023130523504000 2182065434.065730571746826 8.545466018518525
1.700507485886000 2192039924.890465259552002 8.549903981481489
1.706619161812000 1564559380.545946121215820 8.555048296296304
3.000927027763000 1492962988.574139356613159 8.559654481481489
3.106029637919000 2001289340.101522922515869 8.565155888888897
3.101215077534000 2282949062.388416290283203 8.569667944444452
2.976858117532000 2303145004.877967357635498 8.574109685185194
3.015418455842000 2169039503.288866996765137 8.578628296296305
2.969146049870000 2182493633.029869079589844 8.583117611111120
3.022189572976000 2149117682.723122119903564 8.587607555555564
3.000927027763000 2183559910.275299549102783 8.592082148148156
2.961433982208000 2193521265.677021980285645 8.596520703703712
2.969146049870000 2148726654.142323493957520 8.601005796296304
3.062642750699000 2138483314.826719760894775 8.605441981481489
3.015418455842000 2227890339.832503795623779 8.609957277777784
3.014479905698000 2203749931.986248970031738 8.614449833333341
3.015418455842000 2193538036.042293548583984 8.618875703703711
3.017294159478000 2192669405.788975715637207 8.623301740740748
1.861155542606000 2193395895.239332199096680 8.627720277777785
3.068447576644000 1413829587.080773830413818 8.632917240740747
3.008641493130000 2142072439.064111471176147 8.648268074074080
2.968221902030000 2179821364.191068649291992 8.654246925925932
1.714561419870000 2093225638.453100442886353 8.663143574074081
3.385597703618000 1487957814.938017129898071 8.673041759259267
3.008641493130000 1986820883.858619451522827 8.684226722222229
3.024070423864000 2167475705.204774379730225 8.688660685185193
2.998127863897000 2189447092.484922409057617 8.693100648148155
3.079029078342000 2139963562.786472082138062 8.697585277777785
3.062642750699000 2227216434.919489860534668 8.702102759259267
2.984570185194000 2248172190.240827560424805 8.706538851851860
1.713950232810000 2158830263.033145904541016 8.711031314814823
3.024070423864000 1556872884.006341218948364 8.716182777777787
3.084827064800000 2001737716.176772594451904 8.721683462962972
2.977783631662000 2237587587.595849514007568 8.726170611111121
2.969146049870000 2158812952.919005393981934 8.730680962962973
3.029899240254000 2137373007.936873197555542 8.735107092592603
2.969146049870000 2183239650.635601043701172 8.739604148148159
2.977783631662000 2149095106.712032318115234 8.744094425925937
1.720057107968000 2138466760.605907917022705 8.748510203703715
3.071312213484000 1558791204.125180244445801 8.753656555555567
2.970069166295000 2040963005.202550649642944 8.759177351851864
1.713950232810000 2159261063.600047588348389 8.763687888888901
2.962354700928000 1559005406.067329168319702 8.768829574074086
3.107963267786000 1962695881.316894531250000 8.774296981481493
3.016355958497000 2272231574.039232254028320 8.778824611111123
3.015418455842000 2213514147.086977481842041 8.783332148148160
3.108929542901000 2192632035.209945678710938 8.787771129629641
3.061690861814000 2164821074.612742900848389 8.792311611111122
2.985498097029000 2279953834.933377265930176 8.806632203703716
3.070357216066000 2169088511.809927463531494 8.812618222222234
2.968221902030000 2166695436.547115325927734 8.821527574074086
3.338285931374000 1861883535.178526401519775 8.832162481481493
3.069402929476000 1890675692.288404226303101 8.842797500000012
2.970069166295000 2226047973.980214118957520 8.847306888888902
1.713950232810000 2151256503.930034637451172 8.851823388888901
3.054928285332000 1558010565.977982759475708 8.856969185185198
2.961433982208000 2041414560.406337022781372 8.862481851851864
2.976858117532000 2159287701.958271503448486 8.866989796296309
1.693181215656000 2137438875.561090946197510 8.871420648148161
1.699900188734000 1551224197.299069404602051 8.876588962962977
2.970992970330000 1492434666.130329847335815 8.881192666666681
3.006770238420000 1956658531.385468006134033 8.886664944444458
1.693181215656000 2182094293.110331058502197 8.891164703703717
2.961433982208000 1565534496.112911939620972 8.896329000000014
3.007706388180000 1962775335.055215358734131 8.901792444444458
2.992282252856000 2183108718.198759555816650 8.906274129629644
2.977783631662000 2193584867.135559082031250 8.910700111111126
3.059786020481000 2147943103.448276042938232 8.915189740740756
2.970992970330000 2226524528.301886558532715 8.919694740740756
2.969146049870000 2157854955.542164325714111 8.924212129629645
3.077114997138000 2138236803.132608652114868 8.928638685185200
2.969146049870000 2227843617.047438621520996 8.933156796296311
2.963276105472000 2159020809.813331604003906 8.937667666666682
1.699293343440000 2138405137.020594596862793 8.942106037037053
2.969146049870000 1558019428.188180923461914 8.947241759259276
2.954640235561000 1959863073.339278697967529 8.952703185185202
2.969146049870000 2135275031.814313888549805 8.966935074074090
1.705400674028000 2065056798.655386447906494 8.972851685185201
3.000927027763000 1487539959.190772771835327 8.982753222222238
3.467026262246000 2103508667.316405534744263 8.992709740740755
3.068447576644000 1758682547.008140802383423 9.003623925925941
3.106995913034000 2247608000.167192459106445 9.008054388888905
2.992282252856000 2293190179.700924396514893 9.012548481481497
3.031784889231000 2163786727.655202388763428 9.017090925925942
3.018232011296000 2182741392.580641269683838 9.021590166666682
2.971916430560000 2193257720.788935184478760 9.026034037037052
3.071312213484000 2148783186.497723102569580 9.030523814814829
3.015418455842000 2231959740.874699115753174 9.036038092592607
3.062642750699000 2203821226.514366626739502 9.040525666666682
2.975931569308000 2236463841.243362426757812 9.045010518518533
3.008641493130000 2158988661.852061748504639 9.049518407407421
3.016355958497000 2182875458.554118633270264 9.054016240740754
3.030842591166000 2193339858.141808032989502 9.058449462962976
2.983641236586000 2193517505.347292423248291 9.062890962962976
3.078071681433000 2147886996.980646610260010 9.067380518518531
2.970069166295000 2228074119.614400863647461 9.071898740740753
1.706009917920000 2159015430.881482601165771 9.076406296296309
3.029899240254000 1558961554.230473279953003 9.081555444444456
2.970069166295000 2001973839.895845413208008 9.087045851851864
3.030842591166000 2147360599.206496477127075 9.091540685185198
2.986426700046000 2183455140.286911010742188 9.096040722222234
2.975006055178000 2149021888.788639068603516 9.100535666666678
2.975931569308000 2035664765.068461656570435 9.104973129629641
2.976858117532000 2131764057.605192422866821 9.119763462962975
1.706009917920000 2126176254.889946699142456 9.125657074074086
1.712114849910000 1631886101.392944335937500 9.135386000000011
3.348077969278000 1487964403.740892171859741 9.144744037037048
1.701113879322000 1732151180.710643291473389 9.155017981481492
1.713338134890000 1557561195.843233585357666 9.160169777777789
2.969146049870000 1487840188.733176946640015 9.164769648148159
3.054928285332000 1961233665.296837806701660 9.170240277777788
3.108929542901000 2227585239.634678840637207 9.174759888888898
3.016355958497000 2275379908.096712589263916 9.179257370370379
3.008641493130000 2213879081.174410343170166 9.183772796296305
1.706619161812000 2193016149.306962013244629 9.188207111111119
2.962354700928000 1565018150.159790277481079 9.193375925925933
2.976858117532000 1962676966.615437746047974 9.198846407407414
3.008641493130000 2137591798.194628953933716 9.203259166666673
2.970992970330000 2183378972.014717102050781 9.207743666666673
2.969146049870000 2148857433.068525314331055 9.212228629629635
3.085786146800000 2138002706.359945774078369 9.216662629629635
2.983641236586000 2107673940.071593523025513 9.221101259259264
2.970069166295000 2137761658.031088352203369 9.225540259259263
2.969146049870000 2138423340.327318429946899 9.229953222222226
2.968221902030000 2125967415.268487691879272 9.234413388888893
2.976858117532000 2138255532.761147260665894 9.238836537037042
3.070357216066000 2137690440.556890010833740 9.243253925925931
3.106029637919000 2228168278.346995830535889 9.247756166666672
3.014479905698000 2293480811.000536918640137 9.252240796296302
3.023130523504000 2214047606.160508155822754 9.256757018518524
3.118582436224000 2003314859.260743379592896 9.261378777777784
2.970992970330000 1689493085.610284090042114 9.277505907407413
1.700507485886000 2169625034.055253982543945 9.283555444444451
3.017294159478000 1632072939.937296390533447 9.293295574074081
3.479223880517000 2143267890.294337034225464 9.303240703703711
2.970069166295000 2231007075.086136341094971 9.312189685185192
3.014479905698000 2157643655.749438285827637 9.316691574074081
3.091576578478000 2182462563.506680965423584 9.321185851851858
2.975931569308000 2193205033.271626472473145 9.325627407407413
2.976858117532000 2142618178.060676097869873 9.330107777777783
2.962354700928000 2137739788.224974393844604 9.334541203703710
2.970069166295000 2138199053.201081752777100 9.338977203703710
1.707228859348000 2137139602.044526576995850 9.343408185185192
3.014479905698000 1511227846.762015581130981 9.349184240740747
2.976858117532000 2000709981.650385856628418 9.354674314814822
3.062642750699000 2147344575.270215034484863 9.359161481481490
2.975931569308000 2228001410.073004245758057 9.363679240740749
3.070357216066000 2159207814.750526428222656 9.368192074074082
3.015418455842000 2223444394.294999122619629 9.372705333333341
3.038554658828000 2203548394.285289764404297 9.377192777777786
3.077114997138000 2193145908.037819862365723 9.381628981481489
2.984570185194000 2238095422.750648975372314 9.386108462962971
2.983641236586000 2158876582.447190284729004 9.390624148148156
3.038554658828000 2138475590.907377481460571 9.395045314814823
3.064547592032000 2181967968.421659946441650 9.399539722222229
1.719443066880000 2238596582.261251449584961 9.404029370370377
3.069402929476000 1571573604.386900663375854 9.409219907407415
2.968221902030000 2039760940.089388847351074 9.414751296296304
3.101215077534000 2215146203.557248592376709 9.429093425925933
1.713338134890000 2219024371.667935848236084 9.435074870370377
3.070357216066000 1671915307.023835659027100 9.444885907407414
3.418571132094000 1991837982.453409671783447 9.454998666666674
3.016355958497000 2160965553.394082069396973 9.464042185185193
2.953721914546000 2192586537.537549972534180 9.468474537037045
3.070357216066000 2147106977.778876543045044 9.472969759259266
1.699293343440000 2221572819.595747470855713 9.477484722222229
3.015418455842000 1571256168.269316434860229 9.482674814814821
1.706009917920000 2000919208.712508916854858 9.488177333333340
3.069402929476000 1564822541.992197990417480 9.493346944444450
2.969146049870000 2041796525.838281393051147 9.498870259259265
2.968221902030000 2158175714.625914573669434 9.503380518518524
1.713338134890000 2138625258.574216365814209 9.507811870370375
1.701720950545000 1558513927.541501998901367 9.512955555555560
3.071312213484000 1492742919.451340436935425 9.517558018518523
3.107963267786000 2040919945.259411096572876 9.523051944444449
3.016355958497000 2293343466.750241279602051 9.527542648148152
3.024070423864000 2214355831.644250392913818 9.532056018518523
3.061690861814000 2193400588.566777229309082 9.536492407407412
1.707837649596000 2238243738.863591194152832 9.540982185185189
3.062642750699000 1571610134.491724014282227 9.546174574074078
1.708447120310000 2041185631.270987033843994 9.551700462962966
3.025011024336000 1571398169.589495658874512 9.556890555555558
2.970069166295000 2001966700.204254150390625 9.562393870370373
3.354749432970000 2148798987.078654289245605 9.566884000000003
2.968221902030000 2135679435.914398908615112 9.571306759259263
1.700507485886000 2112768897.001032829284668 9.585561666666671
2.962354700928000 1479530182.294509410858154 9.591669000000003
3.061690861814000 2060298323.145547628402710 9.599739666666670
3.018232011296000 1766716715.687282800674438 9.610543888888893
3.356836213230000 2150280035.480797767639160 9.619562851851857
2.978709835188000 2140026874.571420192718506 9.625774148148153
1.700507485886000 2137040082.572104215621948 9.630205740740745
2.976858117532000 1552296702.703286647796631 9.635349685185190
3.133047132348000 1963153742.251952409744263 9.640820000000005
3.078071681433000 2272328708.540089130401611 9.645358074074078
3.063595348626000 2258664465.702093601226807 9.649845444444448
2.978709835188000 2248222572.651497840881348 9.654284444444448
2.968221902030000 2159196526.834552764892578 9.658797351851856
3.024070423864000 2137063536.062198400497437 9.663213333333337
2.977783631662000 2183451141.085680484771729 9.667705481481486
1.713338134890000 2148887052.773639202117920 9.672192500000005
2.961433982208000 1558621415.168747663497925 9.677334407407413
2.976858117532000 1962910055.712292194366455 9.682789018518523
1.700507485886000 2137514876.934586524963379 9.687219814814819
3.024070423864000 1558996414.017343521118164 9.692368462962968
2.970992970330000 2002225200.549154996871948 9.697871870370376
3.008641493130000 2148726252.564451217651367 9.702367092592597
3.007706388180000 2183291494.140665531158447 9.706843962962967
1.685860194480000 2192561132.829612255096436 9.711282537037041
3.007706388180000 1565694233.665638685226440 9.716446611111115
3.007706388180000 2002050000.000000238418579 9.721948092592596
3.269916688688000 2191981960.483278751373291 9.726386907407411
3.002793484384000 2069303991.407301187515259 9.730886851851855
1.693786112424000 1642983562.846580505371094 9.746916481481485
1.686462242578000 1480577806.542929410934448 9.753039574074077
3.015418455842000 1757036678.518568992614746 9.761747870370373
2.970069166295000 2190340960.319193363189697 9.771754574074077
3.392253602320000 2165513406.508312702178955 9.780650888888891
3.016355958497000 2151080601.011603832244873 9.786874962962965
3.070357216066000 2191514094.698691368103027 9.791315166666669
3.062642750699000 2237426406.792648792266846 9.795810222222224
3.015418455842000 2242885560.065274715423584 9.800235962962965
3.023130523504000 2203150862.601391792297363 9.804733555555558
1.707837649596000 2193315177.826014518737793 9.809169851851854
3.070357216066000 1564933487.843117475509644 9.814331537037038
3.016355958497000 2035640954.989163160324097 9.819842555555557
3.016355958497000 2203430049.634747505187988 9.824334629629631
2.975931569308000 2193362946.758457183837891 9.828770388888890
3.023130523504000 2148839811.450699806213379 9.833260814814816
3.015418455842000 2183088513.934314727783203 9.837750796296298
3.110863172768001 2193360669.477002143859863 9.842192074074076
1.707228859348000 2282913903.257747650146484 9.846699277777779
3.007706388180000 1575775474.956822156906128 9.851910277777778
3.071312213484000 2001596351.711692094802856 9.857410574074073
2.954640235561000 2238241266.096367835998535 9.861900314814815
3.031784889231000 2159159135.833859443664551 9.866415907407408
3.015418455842000 2183081999.629240512847900 9.870911185185186
3.106995913034000 2192827793.350349426269531 9.875344166666668
3.107963267786000 2283358428.040012836456299 9.879859407407409
2.984570185194000 2296896891.159429073333740 9.884318018518520
1.721899459840000 2168695188.346086025238037 9.888848685185186
2.971916430560000 1557999813.184839248657227 9.894003314814816
1.714561419870000 1624161093.435102462768555 9.909468000000000
3.008641493130000 1479553977.738012313842773 9.915573740740742
3.079029078342000 2173151523.037309169769287 9.923686185185186
2.977783631662000 2177725054.089138984680176 9.932673407407409
3.409793692214000 2165457340.564802646636963 9.941585074074075
3.023130523504000 2165984060.295726299285889 9.947830833333335
2.970992970330000 2191931201.339472770690918 9.952254907407408
3.032727889194000 2148305874.668772220611572 9.956734592592593
1.699900188734000 2176708206.274151325225830 9.961234537037036
2.961433982208000 1565001950.601465463638306 9.966408629629630
2.970069166295000 1960276318.951947450637817 9.971879092592593
2.967298785605000 2138188142.193191766738892 9.976301870370371
3.024070423864000 2128580107.142263174057007 9.980754240740740
3.060737909366000 2182685717.576500415802002 9.985256148148148
3.062642750699000 2238048098.281317710876465 9.989733092592592
3.060737909366000 2248189755.456876754760742 9.994174481481481
2.977783631662000 2247811916.277518272399902 9.998615962962964
2.983641236586000 2158094563.949189186096191 10.003123592592594
3.007706388180000 2138659097.462213277816772 10.007555129629631
3.007706388180000 2183611956.427590370178223 10.012044888888891
3.023130523504000 2193692044.018731594085693 10.016485759259261
3.038554658828000 2193126574.780156612396240 10.020924944444447
3.023130523504000 2193467287.654325962066650 10.025366296296299
3.024070423864000 2193276379.519655704498291 10.029805240740744
2.968221902030000 2193397664.680168151855469 10.034236388888893
2.977783631662000 2147577541.729893684387207 10.039728055555559
3.016355958497000 2138773331.106750726699829 10.044163796296299
2.976858117532000 2183197458.519884109497070 10.048663944444447
2.961433982208000 2147448558.415596723556519 10.053156814814818
1.713338134890000 2134765181.914902448654175 10.057577888888892
3.070357216066000 1937474226.191948890686035 10.072547148148152
2.962354700928000 2160614525.340325355529785 10.078734037037041
2.968221902030000 2171476165.177128314971924 10.088528685185189
3.355792434645000 2132131168.155678987503052 10.097394037037041
2.985498097029000 2120861571.067914724349976 10.106306351851856
1.720057107968000 2136892057.896257162094116 10.110729333333337
2.976858117532000 1553472169.292386054992676 10.115880185185189
2.977783631662000 1962239157.775163412094116 10.121357740740745
2.979635694016000 2138074102.196115016937256 10.125796555555560
3.061690861814000 2138141625.280844688415527 10.130222685185190
2.968221902030000 2227496291.923403739929199 10.134739851851856
3.006770238420000 2158048668.476809978485107 10.139248055555560
1.707837649596000 2183238903.926730632781982 10.143742888888895
2.977783631662000 1565321876.554520606994629 10.148917462962968
2.970069166295000 1962241817.651487827301025 10.154377500000006
2.970069166295000 2138563229.645251274108887 10.158803166666672
2.976858117532000 2137358598.750141382217407 10.163221444444449
2.968221902030000 2138766121.584180116653442 10.167652759259264
2.975931569308000 2138838328.302879333496094 10.172088703703709
2.970069166295000 2138713023.222805976867676 10.176524796296302
2.970069166295000 2138660814.026299238204956 10.180960907407414
3.070357216066000 2138548401.443316221237183 10.185374611111117
2.970069166295000 2227979433.855165004730225 10.189876796296302
2.977783631662000 2159139702.624193668365479 10.194390351851858
2.976858117532000 2138119513.325898647308350 10.198824074074080
2.962354700928000 2120763541.240085840225220 10.203255666666672
1.699900188734000 2138574380.666167974472046 10.207686203703709
2.985498097029000 1475593744.492441415786743 10.212834851851857
1.700507485886000 2113040775.843068122863770 10.228714351851858
3.000927027763000 1475304777.924262285232544 10.234824629629635
3.016355958497000 1982221143.661030054092407 10.251555500000006
1.896103217268000 2189369374.410194873809814 10.260425351851858
3.092539132462000 1871706890.429005146026611 10.270124796296303
2.968221902030000 2079266113.157013893127441 10.275656277777784
2.977783631662000 2168756080.662815570831299 10.280173481481489
2.969146049870000 2131636534.580235719680786 10.284605203703711
3.038554658828000 2138305480.261256217956543 10.289025444444452
3.007706388180000 2183080185.646216869354248 10.293518259259267
2.977783631662000 2192996172.320624351501465 10.297959592592601
3.092539132462000 2148444820.933913707733154 10.302452037037046
2.969146049870000 2227744529.345488071441650 10.306971944444454
3.086745943200000 2157722598.955916404724121 10.311480592592602
3.078071681433000 2228066204.583014965057373 10.315985148148158
3.085786146800000 2248513148.287990093231201 10.320423833333344
3.062642750699000 2248229426.995384216308594 10.324865333333344
2.977783631662000 2248316531.635641574859619 10.329304185185196
2.993212562396000 2149343251.320260524749756 10.333827703703713
1.713950232810000 2137993298.625799655914307 10.338249129629640
1.720057107968000 1556955766.402887821197510 10.343399814814825
1.706009917920000 1492922369.279597997665405 10.347997555555565
3.069402929476000 1493033993.672975063323975 10.352598629629640
3.031784889231000 2041369258.283132314682007 10.358107370370380
2.978709835188000 2203831318.129395008087158 10.362587203703713
2.969146049870000 2148357116.818558216094971 10.367057574074083
2.981785067325000 2138497089.697445392608643 10.371492648148157
3.054928285332000 2028553506.363863229751587 10.375944870370379
1.692576768960000 2175745907.606976032257080 10.390341500000009
2.984570185194000 1474254796.193731069564819 10.396497037037046
3.053978794152000 2150254989.276981830596924 10.404631148148157
3.062642750699000 2177963507.235741138458252 10.413564425925935
3.345995598652000 2197876978.298521995544434 10.422427962962972
3.038554658828000 1803032926.871796131134033 10.430393425925935
3.038554658828000 2181999570.423669815063477 10.434876740740750
3.079986118944000 2185261168.557374000549316 10.439303851851861
3.060737909366000 2237968312.746974468231201 10.443774629629639
2.976858117532000 2248071476.990283966064453 10.448200296296305
1.706619161812000 2158995315.783629894256592 10.452703203703711
2.977783631662000 1558422450.845578432083130 10.457847611111118
2.960512234752000 1954456459.921138763427734 10.463304907407414
3.078071681433000 2136841556.808417081832886 10.467722777777784
3.102179672916000 2227676725.094297885894775 10.472229777777784
3.123387403110000 2293319254.535486221313477 10.476722129629636
3.101215077534000 2303182630.981400489807129 10.481158722222228
3.069402929476000 2258396419.363249301910400 10.485633407407413
2.970069166295000 2248019194.385871410369873 10.490077222222228
2.976858117532000 2158871131.863352298736572 10.494590592592598
3.024070423864000 2138324302.649056673049927 10.499024037037042
3.077114997138000 2182506036.229760646820068 10.503510833333339
3.078071681433000 2238462743.870287418365479 10.508006240740746
3.107963267786000 2248674773.613645076751709 10.512431648148153
2.992282252856000 2293102766.504998683929443 10.516921870370375
1.713950232810000 2169603001.621170520782471 10.521445351851856
2.961433982208000 1559161448.958138465881348 10.526589277777783
2.976858117532000 1955336462.662793397903442 10.532065148148153
2.970992970330000 2136386909.838944196701050 10.536494259259264
3.075200559627000 2033335581.029444932937622 10.540943259259263
1.713338134890000 2282456594.725450992584229 10.555378055555559
1.713338134890000 1611732267.510967969894409 10.562233018518523
3.078071681433000 1854990241.018328666687012 10.572882277777781
3.602655326389000 2107134596.966389656066895 10.582859388888892
3.340363503911000 1738571331.500966548919678 10.593760759259261
3.053978794152000 2191888116.617199420928955 10.598196925925928
2.985498097029000 2237722643.678634643554688 10.602690944444447
2.990420594324000 2156814364.791176319122314 10.607183925925929
3.078071681433000 2138592958.652552604675293 10.611617000000003
3.018232011296000 2222345710.081605434417725 10.616135129629631
3.024070423864000 2203676444.385785579681396 10.620625055555557
1.699900188734000 2192971340.779316425323486 10.625048685185186
3.017294159478000 1564758051.457680940628052 10.630217981481483
1.708447120310000 2000986358.407942533493042 10.635724018518520
3.035555836236000 1565346144.485167980194092 10.640897944444445
3.023130523504000 2001851489.275869131088257 10.646406462962963
3.013542403043000 2193499997.911506175994873 10.650839925925926
1.720057107968000 2192493933.405048370361328 10.655281370370369
3.007706388180000 1565595512.132273912429810 10.660455814814814
2.970069166295000 2001811805.359091758728027 10.665954259259259
2.984570185194000 2148752495.571705341339111 10.670428851851851
2.968221902030000 2138278166.725008726119995 10.674872629629629
3.017294159478000 2137531537.928211450576782 10.679306444444444
3.031784889231000 2183603040.735311031341553 10.683803407407407
2.970069166295000 2151177621.607856273651123 10.688312055555555
2.978709835188000 2116379012.828696727752686 10.692808629629628
2.983641236586000 2135233986.165513753890991 10.697252703703702
3.067493290054000 2134628027.426758050918579 10.711958537037036
3.077114997138000 2208866072.423398494720459 10.717941870370369
1.706009917920000 2241471494.751975059509277 10.726804111111109
1.706619161812000 1649435470.186988830566406 10.736626444444443
3.394364761480000 1676909731.436153173446655 10.747554944444444
2.962354700928000 2001326772.249644041061401 10.753058777777778
2.978709835188000 2141848750.738078117370605 10.757543648148149
3.006770238420000 2138166026.743234872817993 10.761980907407407
1.699900188734000 2183214672.872964382171631 10.766480518518518
2.969146049870000 1564165779.811250448226929 10.771645111111111
2.977783631662000 1962728277.097641229629517 10.777102740740741
1.693786112424000 2067666810.087347507476807 10.781535870370371
3.101215077534000 1545625059.234049797058105 10.786694314814815
2.953721914546000 2080132887.284952878952026 10.792246499999999
1.700507485886000 2168936854.228096008300781 10.796780981481481
3.038554658828000 1559095271.650032997131348 10.801931944444444
3.000927027763000 2041183495.923243522644043 10.807457851851851
2.976858117532000 2200326713.328221797943115 10.811950407407407
2.955559240614000 2148948222.881254673004150 10.816440092592591
2.978709835188000 2138407168.231360435485840 10.820876333333333
2.976858117532000 2137737252.097994327545166 10.825305166666666
2.961433982208000 2138031389.629407167434692 10.829744000000000
2.960512234752000 2138443760.532224655151367 10.834172648148147
1.713338134890000 2138382601.418499231338501 10.838598296296295
2.962354700928000 1556637444.060010194778442 10.843741870370369
2.986426700046000 1962781813.191839694976807 10.849207370370369
3.024070423864000 2136353517.880143404006958 10.853650018518517
2.978709835188000 2147675797.167260169982910 10.869024481481480
1.713338134890000 2140300167.504187822341919 10.874994481481480
3.016355958497000 1630180371.574406147003174 10.884746777777776
3.402079226847000 1956383276.493900537490845 10.894797833333332
2.970069166295000 2173974705.654837131500244 10.903703351851851
2.970069166295000 2147817234.548172950744629 10.908199703703703
3.069402929476000 2137489595.658481597900391 10.912628944444444
1.746933000280000 2227578394.629545688629150 10.917125425925926
2.970069166295000 1566785278.345523118972778 10.922326129629630
2.968221902030000 1961380496.082755088806152 10.927793407407407
2.961433982208000 2138174035.158111333847046 10.932224185185184
2.976858117532000 2138350090.171325683593750 10.936660185185184
3.015418455842000 2138080093.981413602828979 10.941073981481480
1.713338134890000 2183239001.788125514984131 10.945558296296294
3.070357216066000 1565268868.143939256668091 10.950733833333331
3.002793484384000 2040922411.678734064102173 10.956245592592589
2.970992970330000 2203540210.585520267486572 10.960723407407404
1.706009917920000 2147406332.061636209487915 10.965208518518514
2.968221902030000 1558989895.795903682708740 10.970362222222217
3.000927027763000 1961892358.480355024337769 10.975837185185179
1.713338134890000 2183010827.026826858520508 10.980337240740734
3.024070423864000 1563102420.163253784179688 10.985509833333326
3.016355958497000 2001420233.659827947616577 10.991002148148141
3.008641493130000 2192234552.998868465423584 10.995420481481474
3.008641493130000 2193573023.581835269927979 10.999858925925919
2.969146049870000 2193374445.585987567901611 11.004293037037030
2.985498097029000 2148196870.267541885375977 11.008768629629623
1.713950232810000 2025364525.557142257690430 11.013229222222215
3.102179672916000 1934777814.563809633255005 11.028219703703696
3.070357216066000 2226272476.832957267761230 11.034390666666660
2.960512234752000 2260494926.579772472381592 11.045165777777770
3.339325297646000 2126082615.133922576904297 11.054132388888881
2.970069166295000 1719059943.438933372497559 11.064956481481474
3.017294159478000 2137175657.724344730377197 11.069389555555547
2.976858117532000 2171791461.864667892456055 11.073891796296289
2.967298785605000 2141853591.399982690811157 11.078372407407400
1.700507485886000 2137765145.290833234786987 11.082790111111104
2.968221902030000 1556652882.034157037734985 11.087936296296288
3.063595348626000 1962116656.538462638854980 11.093391055555546
2.962354700928000 2227471879.506489276885986 11.097898444444436
3.123387403110000 2158649262.891697883605957 11.102409314814807
3.008641493130000 2272233110.077494144439697 11.106952074074066
1.713338134890000 2213049650.401360511779785 11.111459888888881
2.977783631662000 1565220238.244424343109131 11.116631981481474
3.015418455842000 1963378513.773959875106812 11.122099222222214
3.007706388180000 2183176254.655445575714111 11.126599129629621
3.024070423864000 2193141094.313175678253174 11.131038240740732
2.978709835188000 2192064871.829195022583008 11.135465203703696
3.032727889194000 2148984221.744884490966797 11.139956851851844
2.979635694016000 2183480020.590960502624512 11.144453611111103
3.032727889194000 2148924460.446506977081299 11.148938629629622
2.977783631662000 2183092065.567800521850586 11.153413499999992
2.977783631662000 2148946854.071930408477783 11.157893129629622
2.977783631662000 2138485306.914786815643311 11.162319499999992
2.975931569308000 2027169529.837251186370850 11.166743499999992
3.023130523504000 2173380888.889447689056396 11.181479740740732
3.024070423864000 2177776254.109103202819824 11.187456759259250
2.977783631662000 2163681322.125894069671631 11.196436685185176
2.976858117532000 2132313058.754717111587524 11.205333370370361
3.355792434645000 2140369354.212501764297485 11.214348203703695
2.968221902030000 2137686859.662160634994507 11.218783796296288
2.968221902030000 2136887340.944525480270386 11.223202240740733
3.018232011296000 2119881105.167853116989136 11.227640648148141
1.713950232810000 2182505725.827373027801514 11.232137814814807
2.969146049870000 1565186648.574527978897095 11.237310240740733
3.016355958497000 1958968841.825887918472290 11.242780537037030
2.970069166295000 2181964390.298147678375244 11.247276814814807
3.023130523504000 2148504495.801441669464111 11.251762481481475
3.022189572976000 2182991578.574575901031494 11.256259388888882
3.008641493130000 2193661157.128356933593750 11.260692777777772
2.993212562396000 2193229083.607003211975098 11.265119351851846
3.022189572976000 2148912768.563850879669189 11.269609111111105
1.707228859348000 2183164843.595327854156494 11.274098888888883
1.700507485886000 1564449544.371031522750854 11.279272851851847
3.014479905698000 1493113197.755114316940308 11.283875907407403
1.706009917920000 2001738486.720239400863647 11.289374388888884
3.000927027763000 1565367006.889238357543945 11.294543481481476
3.023130523504000 2000754167.663984537124634 11.300036611111105
2.968221902030000 2193206226.232570648193359 11.304477796296290
2.962354700928000 2148618628.635754108428955 11.308952388888882
2.970069166295000 2138534629.161135196685791 11.313388277777770
3.185083944406000 2138235433.568864822387695 11.317809592592585
2.959591516032000 2136126856.456296205520630 11.322248555555548
3.015418455842000 2135290015.119160652160645 11.336505666666659
2.970069166295000 2179739518.303834438323975 11.342479925925918
2.971916430560000 2132084571.642427206039429 11.351386685185178
3.015418455842000 2132881634.870551824569702 11.360249092592586
3.395420537520000 2168572308.832481861114502 11.367245574074067
2.969146049870000 2169150937.902424812316895 11.373414777777771
3.016355958497000 2147289434.343018293380737 11.377911351851845
2.969146049870000 2182050361.937758922576904 11.382401074074068
2.969146049870000 2142052424.952728509902954 11.386896388888882
3.031784889231000 2136923527.685794353485107 11.391314351851845
3.077114997138000 2182819754.857700824737549 11.395806074074066
3.016355958497000 2238057910.415694236755371 11.400288092592584
3.125330267490000 2203827960.267465114593506 11.404782962962955
3.114705580312000 2282299180.125856399536133 11.409291333333325
3.106995913034000 2303107347.707766532897949 11.413714481481474
2.969146049870000 2293431175.510237693786621 11.418172277777771
3.061690861814000 2165188255.669697761535645 11.422695185185178
1.720671606272000 2226919146.528466701507568 11.427211814814807
1.712726492400000 1571581380.903252601623535 11.432399240740734
3.054928285332000 1492834124.365533113479614 11.437007222222215
3.018232011296000 2042147318.256766319274902 11.442532925925919
1.713338134890000 2203516109.076511859893799 11.447023148148141
3.064547592032000 1564696620.509344577789307 11.452186648148141
3.076157243922000 2041589129.174027919769287 11.457710777777770
1.712114849910000 2246399504.436296463012695 11.462150166666659
2.970069166295000 1571196252.556856632232666 11.467346796296289
3.007706388180000 1963163159.605150938034058 11.472817240740733
3.049109065120001 2183161649.788282871246338 11.477317481481474
2.953721914546000 2191153785.577680110931396 11.481761981481474
3.025011024336000 2172294073.134102344512939 11.496078148148142
3.000927027763000 2161206185.855135440826416 11.502041574074067
3.024070423864000 2189074255.040946960449219 11.510921629629623
3.386650296113000 2218728415.084062099456787 11.519896518518511
3.030842591166000 2143771755.269010543823242 11.528914129629623
3.037608907532000 2191370926.565550327301025 11.533353462962957
2.977783631662000 2181311777.192975521087646 11.537793777777772
1.713338134890000 2147526183.654539585113525 11.542285907407400
1.713338134890000 1553174608.999751806259155 11.547432962962956
1.713950232810000 1492805390.774873495101929 11.552037537037030
3.069402929476000 1492916848.777543067932129 11.556638925925919
2.975931569308000 2041355020.798193693161011 11.562150444444438
3.077114997138000 2158939141.670815944671631 11.566650574074067
3.062642750699000 2226706611.570248126983643 11.571167907407402
3.069402929476000 2248526076.604987144470215 11.575601425925921
2.976858117532000 2248704834.892370223999023 11.580037925925922
2.977783631662000 2158236148.076457977294922 11.584553611111106
3.024070423864000 2138143498.020817756652832 11.588974629629625
2.976858117532000 2183302285.778069972991943 11.593454018518514
2.977783631662000 2148253130.738308429718018 11.597931722222217
2.977783631662000 2138318347.570017337799072 11.602365148148143
2.978709835188000 2138496551.609109878540039 11.606806296296291
2.985498097029000 2137559806.534069776535034 11.611240037037032
2.990420594324000 2138506918.181172370910645 11.615671462962958
2.976858117532000 2138909339.111050128936768 11.620107407407403
3.008641493130000 2138696932.248051166534424 11.624527944444440
1.934373450240000 2183375266.972012519836426 11.629027999999995
2.993212562396000 1563766059.807704687118530 11.634201370370365
2.978709835188000 1655929361.167580842971802 11.649650851851845
3.008641493130000 2126840143.714975833892822 11.655562759259253
2.976858117532000 2155365179.187483787536621 11.664473351851845
3.342441076448000 2148502993.562901973724365 11.673362796296288
2.976858117532000 2122127012.432918787002563 11.682251981481473
3.007706388180000 2137182416.335317850112915 11.686690444444435
3.061690861814000 2173508479.478999614715576 11.691171851851843
3.062642750699000 2237750768.087214946746826 11.695656296296287
2.976858117532000 2248148344.636857986450195 11.700082425925917
1.706009917920000 2158720571.227022647857666 11.704597722222212
3.063595348626000 1557567336.638125181198120 11.709734296296286
1.699900188734000 2040718678.089589834213257 11.715254925925915
3.007706388180000 1571246794.449058771133423 11.720449907407398
2.964197167104000 2001775287.710541486740112 11.725948296296286
3.000927027763000 2148739021.397377967834473 11.730430499999990
3.061690861814000 2183175684.295867919921875 11.734930259259249
3.008641493130000 2237657361.600911617279053 11.739414740740731
1.712726492400000 2203986651.254707813262939 11.743884574074064
2.961433982208000 1565725883.421931982040405 11.749061203703693
3.108929542901000 1962739202.798577547073364 11.754524296296285
3.107963267786000 2271810011.130726814270020 11.759066277777766
3.007706388180000 2303583704.487598896026611 11.763511037037025
2.981785067325000 2204286581.331329345703125 11.768045074074063
2.969146049870000 2148576537.805149555206299 11.772537407407397
3.005835133470000 2138541707.195905208587646 11.776973314814803
3.007706388180000 2183305052.501544475555420 11.781470537037025
3.232360988773000 2193555331.463740825653076 11.785914629629618
2.976858117532000 2190795587.308082580566406 11.790349648148137
3.018232011296000 2175086386.712247848510742 11.804645185185175
2.985498097029000 2179471150.630983352661133 11.810626444444434
2.985498097029000 2134974434.459896087646484 11.819508481481471
3.349119348372000 2198173214.956840991973877 11.828525537037025
2.984570185194000 2120343212.631070852279663 11.837423055555544
2.976858117532000 2136929512.726054668426514 11.841846759259248
1.720057107968000 2137802118.548568964004517 11.846283759259247
2.977783631662000 1552073893.733705043792725 11.851433296296284
2.985498097029000 1962759711.792165517807007 11.856907740740729
3.023130523504000 2138208853.547054290771484 11.861344129629618
2.977783631662000 2183094434.618073940277100 11.865846166666655
1.712726492400000 2148387381.885702610015869 11.870334129629619
2.977783631662000 1558029139.558984518051147 11.875480499999989
2.968221902030000 1962728072.292022705078125 11.880929592592581
3.069402929476000 2131436391.586367130279541 11.885374759259248
3.061690861814000 2226803849.219719409942627 11.889881685185173
1.720057107968000 2248272920.306634902954102 11.894312092592580
2.969146049870000 1570831788.873466014862061 11.899501888888876
1.707228859348000 1962971846.435100317001343 11.904971888888877
2.967298785605000 1558625726.051538228988647 11.910120870370358
2.977783631662000 1961801752.832320451736450 11.915578703703691
2.976858117532000 2138675791.024042367935181 11.920004518518505
2.969146049870000 2137622268.796827554702759 11.924431240740727
2.969146049870000 2138323891.052541017532349 11.928848592592580
2.970069166295000 2138472311.560727357864380 11.933282185185172
3.224646523406000 2137936356.463914155960083 11.937718351851839
2.976858117532000 2181817346.774559497833252 11.942206111111098
2.983641236586000 2175288066.056527137756348 11.956523814814801
2.993212562396000 2129325515.918054819107056 11.962430222222208
1.718829025792000 2149709051.608343601226807 11.971391592592578
1.894750407996000 1851025966.359496355056763 11.981053666666652
2.976858117532000 1875333828.131337881088257 11.991782574074060
1.713950232810000 1962499611.623481750488281 11.997242148148134
1.691972322264000 1553562092.491040229797363 12.002388592592578
3.008641493130000 1492305902.794536352157593 12.006992814814799
3.062642750699000 2001092328.642760038375854 12.012500314814799
3.072266855488000 2238216551.103998184204102 12.016989888888874
2.970069166295000 2247752170.626485347747803 12.021424092592579
2.961433982208000 2158641930.504466533660889 12.025934907407393
3.100251200124000 2137785183.788878202438354 12.030355740740726
1.699293343440000 2272464865.571199893951416 12.034890703703688
2.976858117532000 1577140204.561102151870728 12.040108740740726
3.100251200124000 1991479435.429624795913696 12.046578425925912
3.054928285332000 2271770843.276184558868408 12.051118259259246
3.023130523504000 2258978137.050708293914795 12.055608351851838
3.017294159478000 2203940904.993093967437744 12.060086388888875
3.077114997138000 2193410891.916743278503418 12.064517129629616
3.059786020481000 2238364676.120866298675537 12.069011833333320
2.976858117532000 2248475200.080283164978027 12.073440611111097
2.969146049870000 2159057569.208940982818604 12.077956592592580
1.701113879322000 2136706457.230920791625977 12.082390611111098
3.115675335448000 1558143126.027919769287109 12.087536296296284
3.000927027763000 2081525520.183765411376953 12.093074759259247
2.976858117532000 2167084432.556300163269043 12.097616407407395
2.961433982208000 2046042726.981897830963135 12.102073648148137
3.062642750699000 2211762775.165304660797119 12.116502685185173
3.062642750699000 2233170615.148090839385986 12.122501240740728
2.984570185194000 2177449759.390346050262451 12.131521537037024
3.385597703618000 1883365327.926382064819336 12.142207370370357
3.023130523504000 2144433330.981326580047607 12.151130666666655
3.022189572976000 2192725639.923013210296631 12.155566240740729
2.974080196350000 2192480646.522725582122803 12.159997925925914
3.062642750699000 2143359430.487558364868164 12.164487796296285
3.116644008268000 2227270031.965683937072754 12.168994944444433
1.693181215656000 2293097180.596036434173584 12.173486962962953
3.054928285332000 1577349471.799717187881470 12.178700333333323
2.962354700928000 2040869159.347889184951782 12.184231092592581
3.030842591166000 2158958080.443554878234863 12.188746796296284
3.023130523504000 2182787946.428571224212646 12.193226796296283
1.713338134890000 2193041181.281084060668945 12.197665166666654
2.938297779222000 1565458396.683783292770386 12.202829462962951
2.967298785605000 1960980633.301225185394287 12.208289388888877
3.053978794152000 2138232128.571249246597290 12.212710629629617
2.961433982208000 2227731118.381452560424805 12.217233203703691
1.707837649596000 2159054069.912968158721924 12.221746222222210
2.969146049870000 1559062686.309241056442261 12.226889999999988
2.960512234752000 1961575409.614082574844360 12.232360370370358
3.077114997138000 2138485123.108312845230103 12.236798648148136
1.712114849910000 2228077712.429559230804443 12.241313870370359
3.100251200124000 1572228102.710413694381714 12.246506462962952
1.707228859348000 2066679898.459885835647583 12.252057999999989
3.046266726490000 1500412901.117945194244385 12.257272592592582
3.015418455842000 2218187732.791007518768311 12.273371518518507
1.720057107968000 2182846342.941281795501709 12.279270055555545
2.975931569308000 1907498756.308922767639160 12.288993203703694
3.465949291744000 2106569345.771297693252563 12.298885259259249
2.984570185194000 2202187694.678379058837891 12.307874444444435
2.970069166295000 2158340780.265561103820801 12.312386203703694
1.712726492400000 2137886368.007760286331177 12.316815055555546
1.713338134890000 1558968885.751129150390625 12.321956203703694
2.962354700928000 1487468276.294426918029785 12.326564277777768
2.970992970330000 1959983928.226306915283203 12.332025888888879
3.008641493130000 2137929293.225154638290405 12.336451574074063
3.053028242088000 2183126888.428884983062744 12.340951444444434
1.700507485886000 2238027583.247015476226807 12.345438870370360
2.946925770194000 1570765085.583994388580322 12.350628703703693
3.008641493130000 1962054396.711369752883911 12.356088592592583
3.022189572976000 2183312219.543853282928467 12.360582759259250
1.699293343440000 2193090256.084726810455322 12.365017055555546
3.009577294620000 1565017872.303839921951294 12.370186444444435
2.955559240614000 2000818610.296348810195923 12.375679222222214
3.062642750699000 2148898873.994637966156006 12.380169037037028
2.976858117532000 2227879143.850214958190918 12.384687111111102
3.101215077534000 2159041933.337167263031006 12.389195148148140
2.976858117532000 2272327121.053663253784180 12.393728185185177
3.116644008268000 2169306047.423564434051514 12.398261796296287
3.108929542901000 2272465233.147708415985107 12.402794370370362
2.962354700928000 2302388044.000083446502686 12.407230388888880
1.713338134890000 2169765173.525880336761475 12.411749407407399
3.047213819965000 1557328430.297167062759399 12.416898648148139
2.953721914546000 1683456094.589752912521362 12.432404203703696
2.962354700928000 2126223812.440830945968628 12.438389870370361
3.015418455842000 2129803072.485157489776611 12.447223351851843
3.354749432970000 2155105736.114630699157715 12.456138277777768
2.976858117532000 2137329959.263268470764160 12.465102796296286
2.969146049870000 2136774096.448504209518433 12.469532333333323
3.040444754052000 2137859217.074118614196777 12.473964425925915
2.967298785605000 2177811797.856957435607910 12.478459592592582
2.977783631662000 2148328427.613841533660889 12.482951703703693
3.029899240254000 2137383538.953859567642212 12.487390240740730
1.713338134890000 2183192220.800223827362061 12.491890370370360
1.712726492400000 1565474811.137182950973511 12.497067555555546
3.069402929476000 1484700742.378012180328369 12.501692333333324
3.025951274752000 2031675835.142163991928101 12.507203703703695
1.719443066880000 2203788689.529865741729736 12.511688240740732
2.968221902030000 1565222184.789620876312256 12.516855277777768
2.984570185194000 1963015734.022833347320557 12.522319962962953
3.062642750699000 2138305010.456714153289795 12.526756240740731
2.978709835188000 2227019404.193080425262451 12.531263666666657
2.982713324751000 2159045047.780435562133789 12.535776981481472
3.023130523504000 2138351309.720106124877930 12.540213185185175
1.707228859348000 2183089085.307255268096924 12.544703055555546
3.069402929476000 1565771153.653259038925171 12.549872462962954
3.071312213484000 2041073658.103802680969238 12.555382907407399
3.070357216066000 2248653678.351135730743408 12.559814240740732
1.712726492400000 2248676327.092281341552734 12.564255166666657
3.075200559627000 1570465895.134792566299438 12.569457259259249
3.100251200124000 2136298259.976837873458862 12.584951944444434
3.005835133470000 2228018825.202795028686523 12.591045037037027
2.977783631662000 2219848991.784914016723633 12.599971703703694
1.900790577840000 2198116620.164935588836670 12.608965129629620
3.008641493130000 1811109201.178305387496948 12.618583462962954
3.091576578478000 2000388628.175239801406860 12.624088296296287
3.047213819965000 2228831813.125695228576660 12.628583296296288
3.023130523504000 2203470465.091361522674561 12.633077037037028
3.070357216066000 2192743130.326682090759277 12.637516166666657
3.038554658828000 2237691525.885896205902100 12.641998444444434
3.025951274752000 2203651053.603062152862549 12.646483055555546
3.023130523504000 2193402499.979069232940674 12.650906796296287
1.720057107968000 2192310969.968242645263672 12.655350240740731
2.976858117532000 1564864650.502966403961182 12.660519574074064
3.101215077534000 1963097355.972578287124634 12.665992425925916
1.713950232810000 2272234198.411081790924072 12.670537796296287
2.969146049870000 1577503456.352022647857666 12.675756314814805
3.077114997138000 1962890950.475694417953491 12.681231740740731
1.713338134890000 2227934709.600948333740234 12.685731296296288
2.961433982208000 1571610819.361412763595581 12.690929111111103
2.976858117532000 1961848361.171053171157837 12.696378462962954
2.976858117532000 2137499209.674586772918701 12.700807018518510
1.705400674028000 2138402572.492383956909180 12.705238518518511
2.968221902030000 1559313734.447445869445801 12.710386833333326
3.070357216066000 1962302396.638006925582886 12.715859777777769
3.077114997138000 2228061268.662223339080811 12.720377222222213
3.093500612167000 2247667132.831996440887451 12.724799962962955
2.955559240614000 2239881153.636253833770752 12.729245166666658
3.030842591166000 2135258100.616414546966553 12.743575351851844
3.006770238420000 2173895478.327132701873779 12.749553555555547
2.960512234752000 2155250270.193195819854736 12.758514907407399
3.016355958497000 2150925295.591859340667725 12.767418888888880
3.534324104964000 2208778874.556912422180176 12.776446444444435
1.874593488762000 2281930409.056355953216553 12.780953203703694
1.699293343440000 1577589099.768442869186401 12.786167499999991
3.053978794152000 1491529285.412602186203003 12.790771296296287
2.958670454400000 2040530399.059854030609131 12.796302351851843
2.970069166295000 2154603885.930464267730713 12.800805777777768
2.983641236586000 2137933120.420815467834473 12.805241611111102
2.967298785605000 2138103465.329935789108276 12.809659981481472
2.975006055178000 2107161568.954725742340088 12.814097944444436
3.006770238420000 2137673116.064025163650513 12.818519833333324
2.970069166295000 2183291498.792126178741455 12.823019629629620
2.967298785605000 2141814240.338149547576904 12.827514685185175
2.946925770194000 2138246357.947434186935425 12.831953574074063
1.707228859348000 2138144969.476598978042603 12.836394611111100
3.070357216066000 1558347229.231856107711792 12.841531574074063
2.955559240614000 2041677984.328360795974731 12.847059370370360
3.062642750699000 2158303729.966681003570557 12.851566907407397
1.712726492400000 2218261346.645641803741455 12.856099981481471
3.068447576644000 1571246055.376276969909668 12.861293407407397
3.101215077534000 2041482546.022050142288208 12.866811092592581
3.098322368346000 2292518503.547269344329834 12.871300722222211
3.018232011296000 2303527628.361857891082764 12.875731555555545
2.960512234752000 2214068015.935208797454834 12.880245203703693
2.982713324751000 2146997065.635792493820190 12.884738574074063
3.063595348626000 2019997912.699270725250244 12.889192314814805
1.712726492400000 2133113368.841853618621826 12.903548111111101
1.706009917920000 1481806530.170469760894775 12.909707555555546
3.046266726490000 1757183749.234537839889526 12.918416888888880
3.014479905698000 1779524184.914841651916504 12.928691888888880
3.364553078088000 2155562065.453348159790039 12.937691796296287
2.999994320518000 2135397309.561049222946167 12.943919611111102
2.969146049870000 2135054366.214833021163940 12.948352851851842
3.030842591166000 2137668350.273847341537476 12.952785574074065
3.023130523504000 2183149774.383894443511963 12.957267129629621
2.970069166295000 2186702389.209697246551514 12.961699092592584
2.970069166295000 2148446561.299998283386230 12.966193685185177
2.961433982208000 2138436237.056398868560791 12.970614574074066
2.952802567474000 2138503213.496686220169067 12.975040351851844
2.946009846884000 2137438962.990794420242310 12.979476185185177
1.699293343440000 2138618868.019096136093140 12.983909907407400
1.727392979734000 1558893329.347485542297363 12.989051555555548
1.699293343440000 1492844267.934959650039673 12.993653833333326
2.961433982208000 1492474687.922270298004150 12.998258574074066
3.007706388180000 1961841676.375755310058594 13.003726277777771
2.960512234752000 2183481960.612835884094238 13.008215425925918
2.961433982208000 2148649372.488408088684082 13.012708481481473
3.029899240254000 2138448986.751758098602295 13.017142333333325
2.976858117532000 2183185933.256844997406006 13.021629407407399
3.029899240254000 2148646523.885527610778809 13.026119574074066
3.007706388180000 2182984435.317260742187500 13.030619314814807
2.951884246459000 2193710404.097036838531494 13.035045277777769
2.970069166295000 2148006557.728633880615234 13.039535314814806
2.976858117532000 2138583138.769969701766968 13.043969111111103
2.984570185194000 2138818383.193678855895996 13.049394759259251
3.090615098773000 2135763498.474125146865845 13.063654944444435
2.984570185194000 2181442910.308894634246826 13.069626055555545
2.978709835188000 2165032578.059606075286865 13.078541962962953
3.354749432970000 2132585900.842331171035767 13.087386462962954
2.970069166295000 2121507944.733375310897827 13.096284740740732
3.031784889231000 2136479651.928228855133057 13.100715499999991
3.106029637919000 2182262242.530871391296387 13.105209925925918
3.078071681433000 2187791918.939204216003418 13.109651037037029
3.061690861814000 2237601219.662944316864014 13.114145296296288
3.016355958497000 2248248304.002803802490234 13.118583851851843
3.031784889231000 2203571679.088119506835938 13.123061370370362
2.977783631662000 2192400630.875339508056641 13.127499648148140
1.699293343440000 2148959787.071615695953369 13.131987333333326
2.970992970330000 1558558921.103534698486328 13.137128388888881
1.700507485886000 1962484532.381410360336304 13.142596203703695
3.015418455842000 1558279970.794413566589355 13.147744888888880
2.970069166295000 2001892235.507794618606567 13.153250722222214
2.985498097029000 2148531905.834693908691406 13.157730629629622
2.969146049870000 2138233504.022186994552612 13.162164370370363
2.968221902030000 2138328183.635900735855103 13.166600685185177
3.024070423864000 2138716704.171137332916260 13.171036370370363
1.713950232810000 2182366502.771911621093750 13.175525851851845
2.969146049870000 1565770721.194016933441162 13.180689870370363
3.069402929476000 1962801232.812080860137939 13.186145629629623
3.107963267786000 2227793078.852870464324951 13.190663185185178
1.719443066880000 2290895383.469843864440918 13.195139851851845
2.984570185194000 1577347781.533535003662109 13.200344481481475
2.963276105472000 1888399550.929999828338623 13.205837314814808
3.100251200124000 1653298840.211561918258667 13.221817240740734
2.968221902030000 2285369272.982581138610840 13.227844148148142
3.078071681433000 2135645761.635041713714600 13.236792611111104
3.387703672662000 2243108896.732248306274414 13.245727851851845
2.963276105472000 2190484651.141622543334961 13.254679537037029
2.976858117532000 2146091141.934446096420288 13.259169481481473
2.963276105472000 2137658313.361669540405273 13.263604777777770
1.712726492400000 2131652240.983249187469482 13.268022481481474
3.023130523504000 1558209257.098405122756958 13.273164481481473
2.978709835188000 1987278720.705892086029053 13.278654777777769
3.007706388180000 2147689195.258324146270752 13.283149203703696
3.053978794152000 2182953217.024113655090332 13.287648703703695
3.070357216066000 2238231436.622503280639648 13.292143814814807
2.970992970330000 2248170490.322742462158203 13.296572870370362
2.959591516032000 2159185861.759241104125977 13.301088074074066
3.016355958497000 2138435243.175400018692017 13.305514462962956
2.983641236586000 2182678341.287063121795654 13.310011925925918
2.985498097029000 2148636493.897920131683350 13.314509481481474
2.970069166295000 2138534524.715464830398560 13.318938407407400
2.968221902030000 2136249224.565109491348267 13.323374388888881
2.977783631662000 2138578152.608428716659546 13.327807666666660
2.963276105472000 2138271418.866215229034424 13.332223555555549
1.713338134890000 2138461910.741925954818726 13.336662203703698
2.978709835188000 1559294646.708653211593628 13.341813759259253
3.038554658828000 1961359751.570482730865479 13.347276222222217
1.699900188734000 2183238326.103597640991211 13.351775814814809
3.187065186354000 1565284889.972044944763184 13.356942851851846
2.977783631662000 1998957254.143181800842285 13.362446092592586
3.008641493130000 2135375239.967918157577515 13.376761277777771
3.060737909366000 2119660566.369071245193481 13.383541962962957
2.970992970330000 1768692334.929260969161987 13.394368129629623
3.363506900012000 2197121867.957046031951904 13.403307981481474
2.977783631662000 2138733501.646497249603271 13.412322629629623
3.023130523504000 2137234981.999723911285400 13.416751574074068
3.017294159478000 2182936052.190182685852051 13.421245111111105
1.692576768960000 2188373687.770901679992676 13.425679888888883
1.706009917920000 1565116406.552302360534668 13.430848555555549
2.946925770194000 1491972522.696542501449585 13.435450333333327
2.955559240614000 1963021638.749339818954468 13.440920629629623
3.044371481335000 2136380046.275800466537476 13.445354592592587
1.706619161812000 2227704538.753849029541016 13.449876962962957
3.046266726490000 1571680724.287818193435669 13.455070314814808
3.014479905698000 2040540731.392976045608521 13.460587944444438
3.016355958497000 2203399677.130341053009033 13.465073185185178
3.045318574810000 2189171475.349583148956299 13.469507037037030
2.954640235561000 2238034630.606860160827637 13.473998888888881
2.953721914546000 2158905939.860761642456055 13.478499555555548
3.000927027763000 2138423817.161186933517456 13.482933333333325
2.953721914546000 2182405078.023433685302734 13.487420351851844
2.961433982208000 2149140643.903889179229736 13.491905148148140
2.960512234752000 2138307254.919969558715820 13.496340962962956
3.108929542901000 2138646069.668365240097046 13.500774666666659
2.961433982208000 2272790494.962232112884521 13.505312611111105
3.023130523504000 2169611187.532399654388428 13.509849407407401
1.719443066880000 2183158762.428392887115479 13.514349259259253
3.009577294620000 1474742908.230869054794312 13.519548296296291
2.954640235561000 1664510017.449674129486084 13.535063814814810
3.106029637919000 2126513452.636543035507202 13.541032629629624
3.016355958497000 2232854886.345873832702637 13.550036555555550
3.347037365308000 2236121633.624304294586182 13.559001851851846
3.069402929476000 2137518391.075887203216553 13.567946407407401
2.969146049870000 2227203250.499950885772705 13.572465370370365
2.983641236586000 2158599430.662870883941650 13.576973537037032
1.699900188734000 2125668897.917176723480225 13.581435962962958
3.016355958497000 1554123158.599923610687256 13.586577481481477
3.022189572976000 2000967066.936955690383911 13.592076851851848
3.016355958497000 2193058657.538821220397949 13.596513148148144
3.023130523504000 2193102370.154658794403076 13.600951833333330
2.984570185194000 2193220192.776506423950195 13.605395666666663
2.999994320518000 2148501299.518267631530762 13.609870259259255
2.952802567474000 2183008258.953372001647949 13.614370425925921
2.970069166295000 2148807064.814357280731201 13.618865314814810
1.713950232810000 2137591899.932443380355835 13.623278629629626
2.960512234752000 1559285118.149642944335938 13.628421981481477
3.108929542901000 1963524857.273543596267700 13.633887629629625
2.976858117532000 2272525724.785626888275146 13.638422814814810
2.978709835188000 2169735435.195976257324219 13.642951425925920
2.963276105472000 2137576534.959485292434692 13.647385129629624
2.970069166295000 2138558700.870400190353394 13.651821148148143
2.969146049870000 2138499467.451913833618164 13.656254759259253
2.976858117532000 2138252841.325324058532715 13.660678555555549
3.060737909366000 2138193851.863332033157349 13.665099648148141
3.016355958497000 2227857409.912679672241211 13.669616870370364
1.719443066880000 2099181298.487498521804810 13.674116407407400
3.077114997138000 1976452896.535639286041260 13.689599462962956
2.982713324751000 2062721950.105812311172485 13.700143999999993
2.959591516032000 2133105985.822180986404419 13.709088592592586
3.340363503911000 2132810156.470772743225098 13.717935351851846
2.976858117532000 2123607079.247830152511597 13.726825185185179
2.976858117532000 2136441067.114010095596313 13.731262907407402
2.970069166295000 2132210254.567936182022095 13.735695981481475
1.712726492400000 2138024881.491888999938965 13.740137777777772
2.946925770194000 1558751566.949515581130981 13.745281648148142
3.068447576644000 1962851133.333107471466064 13.750746518518513
3.005835133470000 2226589569.665295124053955 13.755243018518513
3.018232011296000 2203961132.805221080780029 13.759715037037031
3.052078750908000 2193683795.093012332916260 13.764153907407401
3.054928285332000 2237919926.426011562347412 13.768644222222216
2.962354700928000 2248328716.938425064086914 13.773062185185179
2.970069166295000 2159126977.288114547729492 13.777575240740735
2.968221902030000 2138204272.927931308746338 13.781996703703697
3.052078750908000 2138372765.201655387878418 13.786417518518512
2.969146049870000 2228106494.709699630737305 13.790934870370364
1.711503207420000 2158285105.159381866455078 13.795443018518512
2.960512234752000 1558841953.205209016799927 13.800583666666659
2.961433982208000 1963124809.411190509796143 13.806049185185177
2.967298785605000 2138518139.643548488616943 13.810487999999992
3.053978794152000 2138795177.091183185577393 13.814911333333326
3.062642750699000 2222447958.681750774383545 13.819429111111104
3.107963267786000 2248391989.198919773101807 13.823873111111103
2.971916430560000 2292310974.931738853454590 13.828369722222215
3.061690861814000 1666709296.884140014648438 13.845465055555549
2.976858117532000 2232570598.783360004425049 13.851465185185178
2.976858117532000 2133199916.805324316024780 13.860368888888882
1.908188354152000 2132728774.655755758285522 13.869219462962956
3.115675335448000 1720337653.627917289733887 13.879049611111105
2.976858117532000 1986778586.607586860656738 13.886012370370365
1.699900188734000 2159921843.441570281982422 13.890541740740735
2.963276105472000 1547544586.583014488220215 13.895689444444439
1.705400674028000 1958616869.523458719253540 13.901165240740736
2.968221902030000 1558810388.750557661056519 13.906311833333328
3.007706388180000 1960954326.727573394775391 13.911776574074070
2.969146049870000 2183053648.148377418518066 13.916263629629626
3.031784889231000 2147957124.146395683288574 13.920759814814812
3.023130523504000 2181980046.919372558593750 13.925259259259256
1.706619161812000 2192959263.676778316497803 13.929699740740737
3.000927027763000 1565717077.151016712188721 13.934874296296293
3.078071681433000 1991513027.689514398574829 13.940381796296293
1.707228859348000 2238010284.692204475402832 13.944854462962960
2.962354700928000 1571849828.451718807220459 13.950052222222219
3.045318574810000 1961957482.428374767303467 13.955516629629626
3.069402929476000 2228062245.510705947875977 13.960019111111107
3.023130523504000 2248438941.111649036407471 13.964455629629626
2.977783631662000 2203616697.445558547973633 13.968938018518514
3.077114997138000 2148610595.118081569671631 13.973420166666662
3.053978794152000 2227463222.793469905853271 13.977940629629625
1.753025939280000 2248572133.107085704803467 13.982371481481477
1.707228859348000 1402132034.385585546493530 13.987576074074070
3.053978794152000 1491561595.711196184158325 14.002167037037033
2.977783631662000 2172248464.147345066070557 14.008304296296293
3.031784889231000 2152725750.327461719512939 14.018101870370367
3.534324104964000 2155861603.473611831665039 14.027024166666664
1.713338134890000 2023298608.166354417800903 14.037374222222219
1.699293343440000 1573681890.468144416809082 14.042591037037035
3.007706388180000 1488288354.183616638183594 14.047188777777775
2.999994320518000 2027985679.946520090103149 14.053698685185182
3.017294159478000 2180109369.723198413848877 14.058140296296294
3.107963267786000 2190954447.686535835266113 14.062582888888887
3.100251200124000 2279589971.764202594757080 14.067082037037036
3.077114997138000 2303231531.531531810760498 14.071522037037036
2.993212562396000 2258529309.703804492950439 14.076004814814814
2.970069166295000 2158986497.135258197784424 14.080516888888889
3.107963267786000 2138489983.845585584640503 14.084953240740742
2.976858117532000 2272411024.079859256744385 14.089476000000001
3.016355958497000 2169538107.219841003417969 14.093994925925927
3.024070423864000 2183075180.158638477325439 14.098486851851852
2.976858117532000 2193350725.289553642272949 14.102933351851853
3.083866911200000 2148169186.283932209014893 14.107422814814816
3.123387403110000 2228045471.312986850738525 14.111940925925927
1.726776081046000 2293168679.805915355682373 14.116440685185186
3.024070423864000 1577784890.701259613037109 14.121654055555556
2.977783631662000 2000710373.326311111450195 14.127139277777779
2.985498097029000 2148953400.846807479858398 14.131626722222224
3.361009773750000 2138490785.937356233596802 14.136050314814817
1.712726492400000 1978116982.216928958892822 14.140559388888891
2.968221902030000 1972018512.318277597427368 14.155548407407409
1.706619161812000 1913412289.410578727722168 14.162822962962965
