3.015418455842000 2132598770.419813871383667 0.001054259259259
3.005835133470000 2136043930.462208747863770 0.005493092592593
1.733495054124000 2138102429.585394144058228 0.009933722222222
3.161947741420000 1558472474.193432331085205 0.015082425925926
3.085786146800000 2074053281.308038949966431 0.020616296296296
3.008641493130000 2213863567.570228099822998 0.025131351851852
3.106995913034000 2130564280.618703603744507 0.029622222222222
3.130124914868000 2226965534.799873828887939 0.034131870370370
3.030842591166000 2247738009.657323360443115 0.038572944444444
3.009577294620000 2149721434.219630241394043 0.043069388888889
3.015418455842000 2138204864.206521511077881 0.047494000000000
3.138811538434000 2138641267.446246862411499 0.051912333333333
3.024070423864000 2226971873.119998931884766 0.056406518518519
3.084827064800000 2159146945.786631107330322 0.060902129629630
3.077114997138000 2183197580.828520774841309 0.065381777777778
3.085786146800000 2193223052.946467876434326 0.069807981481481
1.746309364800000 2193142114.776321887969971 0.074233981481481
3.075200559627000 1564930901.747061014175415 0.079405629629630
3.179348321496000 2000156292.051843166351318 0.084896537037037
3.008641493130000 2197909263.147534847259521 0.089412240740741
1.740214027202000 2119276308.059050559997559 0.104762592592593
1.726159641360000 1481195522.691482543945312 0.110865796296296
1.733495054124000 1749260691.346043348312378 0.119567018518519
3.067493290054000 1883283282.652678012847900 0.130267037037037
3.438511605988000 2126537955.415522813796997 0.140188277777778
1.914907327230000 1966936842.961190462112427 0.146565092592593
3.006770238420000 1352713444.369048833847046 0.155925888888889
3.069402929476000 1959345418.464309930801392 0.161394296296296
3.031784889231000 2182162344.398340225219727 0.165892962962963
1.732876215840000 2130269490.330586194992065 0.170384981481481
1.726776081046000 1558571899.864156723022461 0.175537981481481
1.726776081046000 1491994790.492447376251221 0.180137833333333
3.069402929476000 1492999706.054077863693237 0.184736814814815
3.023130523504000 2001795698.382099390029907 0.190241203703704
3.015418455842000 2148584187.082405567169189 0.194731203703704
1.740214027202000 2137983667.533162355422974 0.199162277777778
3.000927027763000 1557941257.685255050659180 0.204312833333333
3.031784889231000 1963439985.368480682373047 0.209780481481481
1.740835726658000 2136855563.263156890869141 0.214212000000000
3.023130523504000 1548666063.953856229782104 0.220357055555556
3.061690861814000 1963187276.064560890197754 0.225825314814815
3.155216335103000 2183246107.560161590576172 0.230324777777778
1.732876215840000 2282981804.602606773376465 0.234837518518519
3.008641493130000 1576796468.166937589645386 0.240047277777778
1.740835726658000 1962821753.575528860092163 0.245515259259259
1.740835726658000 1558674304.029963731765747 0.250657296296296
3.106029637919000 1492804302.562082529067993 0.255264370370370
3.016355958497000 2041618337.144351243972778 0.260787666666667
3.069402929476000 2159408657.277149200439453 0.265302814814815
3.161947741420000 2137782808.190759897232056 0.269855370370370
1.740835726658000 2189944725.539539337158203 0.284433129629630
3.023130523504000 1477372621.221496105194092 0.290568592592593
3.155216335103000 1879777756.651138782501221 0.301671537037037
3.423092271432000 2243314467.383625030517578 0.310636018518518
3.425222622948000 2158681157.973037719726562 0.319722777777778
3.411914447552000 2191879957.172198295593262 0.324167796296296
3.121444177065000 2171737087.325280666351318 0.328615407407407
3.015418455842000 2230950793.782040596008301 0.333094666666667
3.021249672616000 2157055340.991818904876709 0.337597055555556
3.007706388180000 2137667435.563133001327515 0.342028611111111
3.071312213484000 2138374375.991195917129517 0.346454148148148
1.727392979734000 2183142412.156371593475342 0.350948666666667
2.999994320518000 1564498378.773021221160889 0.356123074074074
1.734114353196000 1963272678.582929611206055 0.361586092592593
3.061690861814000 1559152128.168512582778931 0.366734407407407
3.021249672616000 1993042382.642785310745239 0.372232814814815
3.162930800470000 2132048751.012220621109009 0.376737944444444
3.017294159478000 2264164373.618666172027588 0.381279314814815
3.076157243922000 2169160214.272298812866211 0.385814907407407
3.000927027763000 2183135038.932147026062012 0.390309907407407
3.008641493130000 2148745698.323099613189697 0.394794592592593
3.071312213484000 2138166535.578017234802246 0.399220962962963
3.160963583980000 2182990416.759527206420898 0.403707962962963
3.023130523504000 2282097393.233500003814697 0.408215462962963
2.999994320518000 2167694141.012909412384033 0.412746962962963
1.746309364800000 2138177664.081995010375977 0.417170000000000
1.732876215840000 1559039062.500000000000000 0.422313703703704
3.108929542901000 1370250396.742985010147095 0.427039685185185
3.075200559627000 2030025542.826918125152588 0.432571425925926
3.016355958497000 2229951439.528420925140381 0.446884240740741
3.114705580312000 2123543678.481719493865967 0.452855907407407
1.732876215840000 2208791596.251821994781494 0.461786666666667
1.808049461278000 1649657022.276448249816895 0.471606870370370
3.123387403110000 1636237366.651531219482422 0.482496259259259
3.431870109590000 2040183413.056750059127808 0.488016888888889
3.447294244914000 2194970528.354354858398438 0.492492000000000
3.028956942189000 2191274258.568489074707031 0.496920370370370
3.029899240254000 2113730805.005394697189331 0.501399981481481
1.733495054124000 2137574296.414028406143188 0.505815851851852
1.734114353196000 1558433295.448005914688110 0.510964592592593
1.718829025792000 1492810222.501085996627808 0.515568814814815
3.106029637919000 1492026509.169433116912842 0.520165407407407
3.047213819965000 2041964816.422578573226929 0.525689870370370
2.999994320518000 2203693531.632838249206543 0.530182388888889
3.023130523504000 2148519087.440526008605957 0.534662259259259
3.015418455842000 2138294452.519886970520020 0.539083018518518
3.114705580312000 2138195006.978862762451172 0.543514388888889
3.153253916702000 2226912966.470689773559570 0.548031166666667
3.014479905698000 2293283946.853435039520264 0.552526074074074
3.021249672616000 2169775829.726714134216309 0.557057351851852
3.016355958497000 2138551735.089596033096313 0.561488759259259
3.023130523504000 2138422178.914943218231201 0.565907370370370
3.153253916702000 2138283338.479125976562500 0.570345851851852
1.726159641360000 2272648424.658930778503418 0.574886314814815
3.015418455842000 1577301834.846089601516724 0.580099185185185
3.008641493130000 1961496797.307567119598389 0.585557555555555
1.720057107968000 2138249138.445986509323120 0.589990759259259
3.014479905698000 1558564334.085778713226318 0.595134481481481
1.726159641360000 1961068732.497260332107544 0.600609814814815
3.130124914868000 1458595929.233940362930298 0.605784925925926
1.726159641360000 2141604402.034857511520386 0.621165018518518
3.106029637919000 1518021064.857587814331055 0.628180388888889
3.069402929476000 2191044626.273781299591064 0.638140888888889
3.368076803401000 2155479112.753396987915039 0.647121648148148
3.394364761480000 2138574073.963525772094727 0.656428037037037
3.022189572976000 2137941382.294292449951172 0.660857870370370
3.572908429254000 2138191600.710034608840942 0.665291666666667
3.016355958497000 2184857767.550791740417480 0.669814518518518
1.739592790320000 2158616662.973631381988525 0.674327518518518
3.022189572976000 1553289667.318559408187866 0.679469240740741
1.733495054124000 1961383049.996948480606079 0.684931055555555
1.740214027202000 1558744516.087224245071411 0.690074888888889
3.023130523504000 1491907294.558104753494263 0.694684870370370
3.123387403110000 1961451381.288479566574097 0.700150111111111
3.024070423864000 2227881677.947167873382568 0.704659148148148
2.999994320518000 2157253559.871215343475342 0.709162796296296
3.059786020481000 2138298537.211862564086914 0.713603833333333
3.115675335448000 2183316361.508924007415771 0.718098574074074
3.029899240254000 2238173343.891514778137207 0.722588685185185
1.745685729320000 2159165808.673752784729004 0.727088851851852
3.023130523504000 1558571025.741548538208008 0.732237611111111
3.092539132462000 1956008748.746924400329590 0.737724111111111
1.740835726658000 2153921998.099320888519287 0.742225425925926
3.015418455842000 1564140225.208446741104126 0.747395944444444
1.733495054124000 1961707042.827315568923950 0.752850666666667
1.725543201674000 1558570999.589535236358643 0.757993888888889
3.062642750699000 1492898047.827031135559082 0.762598444444444
3.156197726922000 1999115730.280326604843140 0.768097981481481
3.023130523504000 2173105579.743354797363281 0.772623611111111
3.077114997138000 2232201648.754022598266602 0.786986870370370
3.032727889194000 1878741314.397369384765625 0.793981203703704
3.061690861814000 2137039780.682615995407104 0.803742129629630
3.508990786210000 2174585131.884530067443848 0.812664777777778
3.363506900012000 2248213563.351494789123535 0.821716129629630
3.385597703618000 2158394086.610008716583252 0.826233185185185
3.526607240106000 2138037893.962139368057251 0.830661722222222
3.067493290054000 2156708303.325913429260254 0.835187351851852
3.071312213484000 2202302419.204994201660156 0.839672296296296
3.030842591166000 2192021792.345062255859375 0.844097907407407
1.742077969135000 2148488199.434101104736328 0.848587648148148
1.740214027202000 1558832061.233445405960083 0.853736129629630
3.024070423864000 1492631541.700007677078247 0.858341555555556
3.024070423864000 1962524577.815327882766724 0.863799277777778
3.029899240254000 2137581608.270241737365723 0.868216722222222
3.030842591166000 2138671651.017475843429565 0.872650351851852
1.732876215840000 2138541774.458463668823242 0.877081333333333
3.039499354598000 1559015810.276679754257202 0.882225666666667
1.732876215840000 1998087612.365709304809570 0.888982703703704
1.739592790320000 1557912610.416314125061035 0.894125277777778
3.068447576644000 1492432618.412167549133301 0.898732537037037
3.006770238420000 2000600113.065073013305664 0.904235759259259
3.039499354598000 2148759794.222397804260254 0.908728203703704
3.021249672616000 2138558893.112412214279175 0.913166407407407
3.129151446638000 2138581321.665660858154297 0.917585074074074
3.024070423864000 2227563962.096535205841064 0.922087740740741
3.023130523504000 2158703713.321215152740479 0.926580574074074
3.377885635956000 2124234717.601733207702637 0.931017111111111
3.096386483654000 2134763885.876366138458252 0.935456740740741
3.023130523504000 2149070587.261600971221924 0.949776814814815
3.138811538434000 2140350889.710626840591431 0.955746296296296
3.037608907532000 2208887113.979688167572021 0.964686648148148
3.503456645532000 2132994274.404467344284058 0.973594018518518
3.062642750699000 2166014511.965681552886963 0.982590425925926
3.561866282436000 2202941236.093943119049072 0.987084870370370
3.145544249424000 2282941830.368313312530518 0.991599444444444
3.017294159478000 2295463968.079666614532471 0.996017851851852
3.016355958497000 2130487160.555267572402954 1.000557537037037
3.016355958497000 2137844271.626044988632202 1.004998555555555
1.732876215840000 2137698543.827605485916138 1.009419074074074
1.733495054124000 1558393009.362332820892334 1.014567759259259
3.016355958497000 1491113060.052597284317017 1.019172981481481
3.054928285332000 1961746407.559038162231445 1.024637129629629
3.114705580312000 2183158104.085086345672607 1.029134518518518
3.123387403110000 2238013172.283732414245605 1.033622055555555
1.740214027202000 2248209107.254861354827881 1.038050759259259
2.999060571142000 1571166970.682411193847656 1.043238518518518
3.022189572976000 1957301711.236464977264404 1.048707814814814
3.015418455842000 2138437077.905534267425537 1.053141722222222
3.014479905698000 2138237645.172871589660645 1.057577685185185
1.734114353196000 2138620380.514321565628052 1.062006388888888
1.740214027202000 1559040279.087852239608765 1.067150129629629
3.062642750699000 1492793217.145548820495605 1.071749962962962
1.727392979734000 2001548177.048298120498657 1.077255888888888
3.024070423864000 1565063343.158981800079346 1.082419999999999
3.014479905698000 1962895777.520908355712891 1.087867037037036
3.162930800470000 2137617229.351979970932007 1.092305629629629
3.015418455842000 2262627399.363825798034668 1.096864129629629
3.159980524930000 2047043102.922707557678223 1.101420407407406
3.069402929476000 2173816494.747031211853027 1.115787944444443
3.014479905698000 2177213290.983100891113281 1.121793129629629
3.178359731204000 2132980788.515551805496216 1.130694055555554
3.387703672662000 2198557813.187017440795898 1.139664999999999
3.378935830746000 2145336129.522089719772339 1.148689629629629
3.028956942189000 2137658700.251636981964111 1.153127240740740
3.396475920640000 2138275625.450340747833252 1.157547759259258
3.028014293175000 2098351309.269872903823853 1.161984074074073
3.069402929476000 2137740147.767802953720093 1.166412944444443
1.733495054124000 2183116194.938616275787354 1.170886907407406
1.733495054124000 1559161144.421786069869995 1.176053999999999
3.116644008268000 1492732744.660452127456665 1.180651074074073
3.108929542901000 2041472070.098576307296753 1.186179796296295
3.109896537774000 2248331683.870590686798096 1.190618203703702
3.078071681433000 2220968519.105359077453613 1.195059462962962
3.114705580312000 2202061268.371449470520020 1.199555166666665
3.016355958497000 2236924772.080359458923340 1.204044240740739
3.031784889231000 2159132653.730706691741943 1.208560314814814
3.025951274752000 2137870242.814357519149780 1.212993666666665
1.739592790320000 2138477677.337198257446289 1.217414518518517
1.739592790320000 1549221271.228026866912842 1.223565759259258
1.732876215840000 1492049812.570060253143311 1.228174888888887
3.011666350244000 1492816835.786305665969849 1.232777518518517
1.733495054124000 1963343059.862158536911011 1.238248111111110
3.122415247590000 1558625532.665977478027344 1.243389092592591
3.070357216066000 2041309811.859487533569336 1.248914907407406
3.068447576644000 2203710468.036671161651611 1.253405296296295
3.376834267764000 2193406710.769513607025146 1.257833777777776
3.123387403110000 2115403806.155979394912720 1.262347907407406
3.078071681433000 2158563962.057221889495850 1.276784851851851
3.006770238420000 2117640698.548867702484131 1.282768685185184
3.022189572976000 1897538018.704501390457153 1.293384074074073
3.494652811251000 2131836605.925789594650269 1.302241777777776
3.031784889231000 2199687050.633353710174561 1.311248796296295
3.385597703618000 2158510266.750527381896973 1.315753629629628
3.077114997138000 2137085513.664338588714600 1.320173759259258
3.015418455842000 2178062478.383319377899170 1.324671314814813
3.061690861814000 2129186254.454269647598267 1.329161388888887
3.015418455842000 2177802690.249702930450439 1.333646722222221
1.747557100120000 2148327270.470950603485107 1.338123481481480
3.016355958497000 1558975631.863092422485352 1.343272129629628
1.746933000280000 1961347683.423913002014160 1.348723981481480
3.169659809082000 1558864775.984855175018311 1.353859629629628
3.038554658828000 2081540985.576922893524170 1.359406296296295
3.022189572976000 2168473102.081917762756348 1.363930259259257
3.024070423864000 2138324172.653447151184082 1.368358740740739
3.038554658828000 2138432192.103933572769165 1.372794611111109
3.040444754052000 2138560454.515094757080078 1.377230759259257
1.739592790320000 2131001212.496237277984619 1.381659944444443
3.131099470772000 1558492785.737667798995972 1.386807925925924
3.039499354598000 2039927167.233659267425537 1.392316740740739
3.132072939002000 2149179190.323985576629639 1.396824259259257
3.030842591166000 2227842258.511659145355225 1.401339851851850
3.070357216066000 2159148463.498602867126465 1.405852870370369
3.084827064800000 2181895585.507605075836182 1.410345648148146
1.740214027202000 2192498963.945296287536621 1.414769481481480
3.084827064800000 1564867272.381622076034546 1.419932240740739
1.726776081046000 2001866070.556208848953247 1.425428777777776
3.023130523504000 1473776923.597579002380371 1.430627129629628
3.122415247590000 2154478257.521985530853271 1.446020277777776
1.720057107968000 2193418349.949964523315430 1.452016055555554
3.115675335448000 1659553045.610370874404907 1.461804277777776
3.526607240106000 2191062503.716698169708252 1.471769314814813
3.384543935042000 2195451627.088829994201660 1.480865314814813
1.920940301280000 2158213848.026658535003662 1.485383407407405
2.560406463784000 1515585991.411118030548096 1.490527870370368
3.016355958497000 1955829000.213521003723145 1.495991814814813
3.171631456638000 2138295715.556000709533691 1.500427759259257
3.078071681433000 2272803797.313298702239990 1.504963129629628
3.077114997138000 2213930975.808241367340088 1.509468796296294
1.732257377556000 2191413429.008194923400879 1.513902537037035
1.732876215840000 1565075615.382411003112793 1.519072462962961
3.161947741420000 1492283302.335692405700684 1.523672574074072
3.037608907532000 2074314514.271983623504639 1.529221518518517
3.116644008268000 2138450072.050623178482056 1.533655129629628
1.740214027202000 2222908919.433145046234131 1.538171277777776
3.001860429762000 1571817098.591449022293091 1.543368370370368
3.070357216066000 1962298044.924420595169067 1.548838462962961
3.038554658828000 2183187171.853188037872314 1.553335518518516
3.077114997138000 2148696432.104464530944824 1.557828259259257
3.069402929476000 2183207838.249435424804688 1.562315277777776
1.740214027202000 2193534384.342438220977783 1.566756629629628
3.024070423864000 1564615374.705206632614136 1.571931314814813
3.031784889231000 1962830142.326355934143066 1.577403870370368
3.024070423864000 2138433705.464675426483154 1.581824518518516
1.740214027202000 2138601486.979525804519653 1.586255574074072
1.734114353196000 1449745343.752240419387817 1.591421870370368
3.108929542901000 1932645160.543100595474243 1.607410999999998
3.022189572976000 2170166480.356029033660889 1.613556981481480
1.718829025792000 2126859496.224414348602295 1.623388666666665
3.377885635956000 1817103951.459815740585327 1.632929444444443
3.122415247590000 2115882883.129841804504395 1.643062722222220
1.733495054124000 2227068239.479627609252930 1.647580851851850
1.914223726800000 1563583939.625443458557129 1.652768222222221
3.007706388180000 1484575809.199318647384644 1.657366388888887
3.105072382104000 1961504828.761426687240601 1.662821740740739
3.069402929476000 2139795661.249747991561890 1.667319537037035
3.076157243922000 2193043675.657564163208008 1.671741018518517
3.023130523504000 2191759328.521571636199951 1.676182296296295
3.023130523504000 2148278567.719281196594238 1.680675518518517
1.728008960418000 2138047540.846250534057617 1.685095888888887
3.030842591166000 1558740589.905862808227539 1.690234185185184
3.063595348626000 1962930145.639942407608032 1.695704296296295
3.116644008268000 2181631118.146069049835205 1.700196851851850
3.028956942189000 2238119725.592797756195068 1.704691388888887
3.031784889231000 2159197479.043316364288330 1.709204666666665
3.015418455842000 2138397879.778955698013306 1.713638166666665
3.160963583980000 2138342278.569876670837402 1.718069796296295
1.726159641360000 2272310449.201972961425781 1.722597166666665
1.745685729320000 1577784562.211981534957886 1.727805166666665
3.077114997138000 1492006909.143555879592896 1.732409907407406
3.022189572976000 2001436133.510051488876343 1.737900962962962
1.733495054124000 2148752641.587432861328125 1.742380592592591
1.725543201674000 1558930832.811791896820068 1.747529148148147
3.008641493130000 1492126260.838789463043213 1.752133666666665
3.015418455842000 1963153625.546628952026367 1.757596444444443
3.075200559627000 2136655769.864888906478882 1.762033129629628
1.732876215840000 2180778564.256201744079590 1.766533055555554
3.115675335448000 1975759348.689958572387695 1.781729777777777
1.719443066880000 1983882582.654831171035767 1.789042092592591
3.021249672616000 1850561801.248199462890625 1.798685611111110
3.564082999554000 1920570178.864904165267944 1.808736648148147
3.355792434645000 2238271304.926764488220215 1.817748648148147
3.439582177252000 2168809075.163679599761963 1.822271370370369
3.360369533828000 2183029062.038252353668213 1.826770685185184
3.015418455842000 2110414626.807845830917358 1.831263703703703
3.122415247590000 2130825069.290871381759644 1.835693499999999
1.719443066880000 2226608496.311211585998535 1.840209185185184
3.014479905698000 1562247583.632570266723633 1.845428222222221
1.738971553438000 1962935756.138865232467651 1.850895814814814
3.107963267786000 1557676579.939030408859253 1.856041055555554
3.115675335448000 2041882153.685170888900757 1.861562685185184
3.122415247590000 2248356730.777281761169434 1.865985981481480
3.107963267786000 2248353058.851477146148682 1.870429370370369
3.115675335448000 2248369555.150417804718018 1.874868240740739
3.084827064800000 2248191919.741284370422363 1.879294666666665
3.113736907492000 2203722953.857353210449219 1.883771925925924
3.014479905698000 2235856453.449044227600098 1.888261629629628
3.122415247590000 2159419309.592456817626953 1.892776944444443
3.108929542901000 2227632531.728207111358643 1.897287185185184
3.022189572976000 2248448970.742141723632812 1.901728537037035
3.024070423864000 2159254846.929354667663574 1.906241703703702
3.068447576644000 2138592425.608656644821167 1.910677703703702
3.029899240254000 2183271841.657008647918701 1.915167722222221
3.023130523504000 2148735346.095381736755371 1.919663111111110
3.017294159478000 2137636139.712966918945312 1.924083814814813
3.038554658828000 2138701049.542941093444824 1.928514314814813
2.999994320518000 2057172669.841415882110596 1.932943555555554
3.023130523504000 1650562815.094662904739380 1.948933018518517
3.031784889231000 2127069179.788484096527100 1.954842740740739
3.047213819965000 2134571406.469202280044556 1.963700092592591
3.455006312576000 2151066139.903932571411133 1.972648296296294
3.007706388180000 2208025791.056485652923584 1.981712592592591
3.385597703618000 2147793465.708005905151367 1.986186425925924
3.425222622948000 2138211705.540332555770874 1.990619907407406
3.030842591166000 2114032626.145372867584229 1.995118685185183
1.740214027202000 2147015270.570793390274048 1.999615351851850
3.029899240254000 1557984484.196600675582886 2.004766611111109
3.132149628056000 1961645925.404549360275269 2.010239092592591
1.748804138900000 2227769359.116792201995850 2.014756296296294
3.061690861814000 1557124414.177703857421875 2.019936574074072
1.726776081046000 2001292660.778787612915039 2.025442759259257
3.023130523504000 1565333082.674458503723145 2.030614314814813
3.015418455842000 1961665235.092092752456665 2.036081833333331
3.070357216066000 2132068981.099864959716797 2.040507629629628
3.024070423864000 2183331598.125976085662842 2.044989962962961
3.084827064800000 2148818722.905779361724854 2.049479611111109
3.077114997138000 2183160899.283537864685059 2.053977018518517
3.060737909366000 2193518777.907161712646484 2.058398092592591
3.075200559627000 2193507628.797197818756104 2.062839111111110
3.115675335448000 2193314555.165038585662842 2.067280833333332
1.726776081046000 2238407086.727854251861572 2.071770185185184
3.040444754052000 1571382394.755126476287842 2.076967499999999
3.030842591166000 1962892383.729416608810425 2.082422925925925
1.733495054124000 2138344726.823403835296631 2.086859074074073
3.016355958497000 1558211356.842268466949463 2.091994499999999
3.015418455842000 1964523504.512094736099243 2.097467444444443
2.999994320518000 2217390843.849005699157715 2.111881555555554
3.109896537774000 2126146076.268020868301392 2.117781314814814
3.116644008268000 2211749827.429307937622070 2.126714851851851
3.384543935042000 2239887872.630145549774170 2.135554666666665
3.008641493130000 2119357138.739510536193848 2.144549407407406
3.375784072974000 2137074078.397691965103149 2.148991148148147
3.031784889231000 2138129817.138939142227173 2.153420740740740
1.935064246464000 2131117153.242076158523560 2.157863481481480
1.733495054124000 1523089734.783781290054321 2.163013018518517
1.719443066880000 1479213742.913433313369751 2.167618759259258
3.023130523504000 1491420684.054801702499390 2.172225277777777
3.015418455842000 1963058758.800574541091919 2.177677888888888
3.002793484384000 2138115882.014076232910156 2.182114074074073
3.017294159478000 2137905235.779712677001953 2.186535574074073
3.038554658828000 2138319736.241270303726196 2.190955999999999
3.024070423864000 2138211013.896037101745605 2.195381722222221
3.025011024336000 2128049940.121752262115479 2.199835203703703
3.075200559627000 2137411191.662890911102295 2.204249203703703
1.733495054124000 2178129985.631472110748291 2.208734314814814
3.015418455842000 1565696446.613211631774902 2.213903092592592
3.013542403043000 1962788686.165965080261230 2.219375907407406
3.131099470772000 2139259795.541691780090332 2.224813944444443
3.013542403043000 2228256556.751299381256104 2.229325833333332
3.122415247590000 2159204871.236702919006348 2.233834537037036
3.023130523504000 2227671421.540480613708496 2.238349722222221
3.030842591166000 2159202294.633954048156738 2.242862666666666
3.016355958497000 2138266027.947452068328857 2.247288962962962
3.077114997138000 2138285474.778380632400513 2.251707203703703
3.015418455842000 2181438773.406772613525391 2.256199018518518
1.739592790320000 2149027097.433699131011963 2.260691722222222
3.030842591166000 1556584988.088640689849854 2.265837759259258
1.726776081046000 2095969979.765179395675659 2.281121277777777
3.076157243922000 1477321741.346976757049561 2.287223833333333
3.006770238420000 1911816681.768484115600586 2.298300907407407
3.385597703618000 2134738666.383547544479370 2.307196518518518
3.438511605988000 2152770378.959834098815918 2.316203629629629
3.069402929476000 2182368686.764444828033447 2.320689722222221
3.390143229000000 2188951171.654373645782471 2.325116037037036
3.069402929476000 2162340511.834072113037109 2.329544555555555
1.726776081046000 2192860945.697605133056641 2.333988462962962
1.734732730692000 1565196044.190891504287720 2.339152925925925
3.029899240254000 1492651859.653636455535889 2.343759518518517
3.007706388180000 1962340599.196645736694336 2.349227333333332
1.720671606272000 2138214161.696987867355347 2.353642999999999
3.082907829200000 1555494430.292301654815674 2.358789888888888
3.122415247590000 2040777489.305108308792114 2.364317796296295
3.016355958497000 2248761043.857076644897461 2.368738722222221
3.030842591166000 2159311071.839045047760010 2.373234111111110
1.718829025792000 2138489480.732406377792358 2.377673055555554
3.054928285332000 1552069313.346437215805054 2.382817166666665
1.727392979734000 2000635413.652726650238037 2.388321425925924
3.000927027763000 1565607376.714828491210938 2.393496870370369
3.067493290054000 1962828166.839879989624023 2.398967185185183
3.053028242088000 2183070725.112456798553467 2.403466870370369
3.013542403043000 2193580750.135591983795166 2.407905574074072
3.006770238420000 2147255314.495128154754639 2.412392777777776
3.030842591166000 2138288678.394226312637329 2.416826777777776
3.006770238420000 2127194814.626226425170898 2.421263759259257
3.239068418040000 2138295658.273246049880981 2.425699185185183
3.021249672616000 2015446309.143023252487183 2.430157148148147
3.130124914868000 2173960843.338590621948242 2.444540018518517
1.738971553438000 2235079620.115595817565918 2.450537944444443
1.742077969135000 1649101763.498576164245605 2.460363740740739
3.456080484416000 1668398556.865205526351929 2.471224870370369
3.386650296113000 2131515956.555573225021362 2.481172018518517
3.276608593150000 2147820842.729285240173340 2.485664037037036
3.308477026998000 2180985783.043317317962646 2.490165703703702
3.131099470772000 2101323981.956373929977417 2.494660981481480
3.139787404369000 2226673421.917369842529297 2.499175074074072
3.032727889194000 2247977642.276422977447510 2.503603074074072
3.031784889231000 2148635590.716607093811035 2.508116111111109
3.015418455842000 2138399728.838525056838989 2.512541518518517
3.091576578478000 2138574833.043064355850220 2.516975462962961
3.126301699680000 2183032701.669916152954102 2.521467814814813
3.078071681433000 2238046918.453025817871094 2.525962611111110
3.084827064800000 2203628242.300759792327881 2.530452592592591
3.078071681433000 2193180545.660282611846924 2.534871296296294
3.092539132462000 2193525445.934950828552246 2.539309537037035
3.062642750699000 2187839282.433312892913818 2.543744277777776
1.733495054124000 2192642608.663047790527344 2.548189296296294
3.014479905698000 1565603816.957891702651978 2.553361148148146
3.032727889194000 1956182680.036463260650635 2.558846148148146
3.078071681433000 2138199098.083427190780640 2.563281148148146
3.092539132462000 2183276342.917584419250488 2.567763166666665
3.076157243922000 2192818788.753786563873291 2.572201203703702
3.030842591166000 2193757173.340027809143066 2.576627314814813
1.741456500966000 2148881489.293335437774658 2.581122611111109
3.013542403043000 1558747810.113816499710083 2.586264092592590
3.245769924038000 1962606031.623287916183472 2.591724203703702
3.168673251258000 2059385135.605933427810669 2.596242333333331
3.077114997138000 2214344527.159421920776367 2.610598240740739
1.740214027202000 2179436624.407024383544922 2.616606074074072
3.068447576644000 1848727184.503556966781616 2.626185333333332
3.401021838942000 2125489110.032935380935669 2.636120574074072
3.401021838942000 2155849786.827555656433105 2.645076981481480
3.031784889231000 2137847278.451599836349487 2.649500185185183
3.280686968800000 2138194203.275606632232666 2.653913277777776
3.007706388180000 2118746112.690185546875000 2.658343648148147
1.734114353196000 2131301471.048252344131470 2.662783666666665
3.123387403110000 1558800686.259346961975098 2.667932351851850
3.100251200124000 2040284189.580318212509155 2.673460351851850
3.031784889231000 2248450286.886612892150879 2.677901388888887
3.016355958497000 2158770834.017133235931396 2.682415018518517
1.725543201674000 2138436873.948735952377319 2.686840907407406
1.734732730692000 1558437427.376249074935913 2.691940759259257
3.078071681433000 1492467614.191168546676636 2.696549259259257
3.030842591166000 2002068813.035708904266357 2.702052092592591
3.108929542901000 2148262003.219017028808594 2.706539314814813
3.024070423864000 2227834095.024575233459473 2.711049259259257
3.100251200124000 2158971715.736791133880615 2.715559685185183
3.016355958497000 2227161894.756712436676025 2.720072333333331
3.007706388180000 2159137471.763791084289551 2.724573055555553
3.016355958497000 2138711140.866581678390503 2.728998703703701
3.008641493130000 2138679899.120027780532837 2.733411722222220
1.732257377556000 2138341158.072555065155029 2.737840537037035
3.045318574810000 1558619440.734166860580444 2.742984185185183
3.015418455842000 1962538219.753420829772949 2.748451592592590
1.733495054124000 2137426092.555735826492310 2.752880555555553
3.099286245756000 1558081407.129051685333252 2.758035259259257
3.018232011296000 1683375852.941281795501709 2.773545314814812
3.076157243922000 2068527151.736021995544434 2.779531222222220
3.100251200124000 1933632821.267015457153320 2.790158703703701
3.385597703618000 2209265345.139657974243164 2.799070018518516
3.077114997138000 2152750771.440295696258545 2.808095944444442
3.448366019049000 2182622442.397075653076172 2.812574240740738
3.078071681433000 2192425277.861219406127930 2.817012907407405
3.045318574810000 2185980749.154382705688477 2.821447537037034
1.726776081046000 2096870954.982571363449097 2.825942092592590
3.008641493130000 1558141583.351954460144043 2.831080277777775
3.015418455842000 1962048391.689945936203003 2.836542648148145
1.739592790320000 2138464855.242043495178223 2.840974055555553
2.999994320518000 1559023801.823944091796875 2.846127722222219
3.015418455842000 1962391372.062011957168579 2.851585444444442
3.024070423864000 2137214316.148274183273315 2.856018666666664
3.023130523504000 2138743482.676898717880249 2.860449166666664
3.005835133470000 2138832775.389239311218262 2.864885648148145
3.008641493130000 2138480981.533309936523438 2.869298999999997
3.013542403043000 2138449375.658191442489624 2.873730333333330
3.107963267786000 2132257752.859609842300415 2.878169555555552
1.725543201674000 2227580868.879265785217285 2.882676851851848
3.015418455842000 1571691971.495082139968872 2.887871537037034
3.068447576644000 1962216585.682768821716309 2.893344351851848
3.016355958497000 2183084056.224568367004395 2.897831648148145
1.732876215840000 2148724579.743252277374268 2.902306425925923
1.740835726658000 1559146370.604959011077881 2.907452166666664
3.109896537774000 1492065967.849023103713989 2.912054296296293
1.728625629605000 2035031870.885822296142578 2.917596333333330
1.740835726658000 1571579665.538480281829834 2.922788759259256
3.022189572976000 1490805816.078565359115601 2.927399222222219
3.116644008268000 2156408710.572992801666260 2.942767518518516
3.092539132462000 2193978947.955701351165771 2.948742129629627
3.038554658828000 2201835155.582444190979004 2.957649518518516
3.453930940544000 2132974946.843701601028442 2.966550592592590
3.448366019049000 2143408840.566831350326538 2.975511388888886
3.039499354598000 2191947634.520568847656250 2.979939666666664
3.316189094660000 2148857436.032687187194824 2.984433425925923
3.121444177065000 2089077369.293355464935303 2.988858092592590
1.739592790320000 2219975503.277297496795654 2.993375703703701
3.067493290054000 1570861931.803967714309692 2.998557388888886
1.727392979734000 1999896392.846317052841187 3.004055722222219
3.053028242088000 1565683446.075394630432129 3.009227037037034
1.726159641360000 2001566211.014457702636719 3.014725870370367
3.047213819965000 1565615009.453420400619507 3.019897425925923
3.000927027763000 2001396547.474754333496094 3.025382407407404
3.030842591166000 2148866468.426631450653076 3.029872537037034
3.115675335448000 2137956538.617266654968262 3.034308999999997
1.732257377556000 2227403324.383595466613770 3.038826685185183
3.007706388180000 1571090467.217678070068359 3.044015796296294
1.739592790320000 1962957667.056847810745239 3.049473851851849
3.024070423864000 1559009191.189732313156128 3.054607592592590
3.061690861814000 1962594583.792022943496704 3.060074722222220
3.070357216066000 2183626638.902378082275391 3.064574685185183
3.076157243922000 2193711180.383070468902588 3.069018314814812
3.007706388180000 2193665415.657281875610352 3.073444370370368
3.162930800470000 2148980187.239658355712891 3.077934555555553
3.007706388180000 2272720008.829047679901123 3.082465055555553
3.154235673758000 2168960468.413547515869141 3.086997296296294
3.087705382400000 2127385158.322583675384521 3.091562518518516
3.038554658828000 2268480854.480627059936523 3.105907814814813
3.038554658828000 2140254191.052474975585938 3.111881740740738
3.175395064076000 2135057615.881566524505615 3.120730574074072
3.385597703618000 2277939012.367531299591064 3.129728148148146
3.069402929476000 2123690869.057451725006104 3.138718944444442
3.501278718548000 2182381738.531978130340576 3.143212518518516
3.478142515562000 2238051523.908858299255371 3.147704499999998
3.123387403110000 2193978773.851191043853760 3.152132999999998
1.753025939280000 2247910009.718983650207520 3.156572574074072
3.123387403110000 1571720272.942685604095459 3.161769703703702
3.016355958497000 2041944469.392816305160522 3.167295518518516
1.740214027202000 2159103796.034924030303955 3.171808999999998
3.022189572976000 1557823731.449679136276245 3.176952666666665
3.016355958497000 1962485208.264115333557129 3.182414925925924
1.732876215840000 2138199101.174515485763550 3.186828092592591
1.732876215840000 1547052398.315548419952393 3.191942407407406
3.106995913034000 1492581393.012837409973145 3.196551388888887
3.160963583980000 2036813038.671805620193481 3.202062629629628
3.008641493130000 2247622259.190233707427979 3.206504240740739
3.007706388180000 2158938140.650957107543945 3.211018962962962
3.024070423864000 2138408957.624704837799072 3.215439777777776
3.015418455842000 2138537100.755635738372803 3.219858425925925
3.015418455842000 2138933392.075901031494141 3.225280703703703
3.062642750699000 2138551879.951376914978027 3.229698666666665
3.023130523504000 2183173853.193943500518799 3.234178499999999
3.016355958497000 2148839693.267266273498535 3.238655796296295
1.739592790320000 2138194991.392634153366089 3.243077074074073
1.879278448950000 1557613217.694097995758057 3.248225055555555
1.727392979734000 1491360663.055411338806152 3.252829999999999
3.154235673758000 1491899695.111506938934326 3.267425499999999
1.734114353196000 2175547990.623107433319092 3.273603018518517
3.162930800470000 1722072319.466650724411011 3.284247148148147
3.432937088315000 2015402960.742264270782471 3.294402259259258
3.123387403110000 2200165337.835340023040771 3.303418814814814
1.921626300308000 2237237910.032769203186035 3.307894518518518
3.439582177252000 1567088854.761641740798950 3.313091722222221
3.030842591166000 1998387689.700279474258423 3.318598703703703
3.116644008268000 2086692542.258338451385498 3.323092666666665
3.007706388180000 2227179414.271198749542236 3.327612518518517
3.033670538208000 2157700711.847558498382568 3.332120870370369
3.015418455842000 2138285393.061192274093628 3.336551666666665
3.124358473635000 2138298555.336983680725098 3.340985611111110
3.029899240254000 2227603875.116893291473389 3.345500648148147
3.024070423864000 2159077854.003203868865967 3.350008611111110
3.012604551224999 2137990073.716637611389160 3.354445018518518
3.106995913034000 2138240043.511913537979126 3.358871222222221
3.015418455842000 2227609468.134823322296143 3.363388518518518
3.025011024336000 2153218071.948112964630127 3.367902574074073
3.024070423864000 2136158807.476745128631592 3.372320222222221
3.036664211762000 2138548371.082065582275391 3.376759092592592
1.735351799370000 2134148368.846559524536133 3.381184499999999
3.006770238420000 1552636658.839267492294312 3.386334185185184
3.021249672616000 1963008427.451737880706787 3.391799129629629
1.726159641360000 2137454141.635111808776855 3.396234888888888
3.107963267786000 1558756820.792389392852783 3.401377796296295
3.077114997138000 2041934292.696171522140503 3.406902296296295
3.124358473635000 2202700535.596571922302246 3.411397111111110
3.123387403110000 2237686545.754328250885010 3.415889703703703
3.120472744875000 2245763269.101098060607910 3.420311351851851
1.740214027202000 2117852822.438437223434448 3.424774592592592
3.022189572976000 1936185290.946884870529175 3.439839388888888
3.045318574810000 2065255445.508369445800781 3.445919833333333
1.740214027202000 2134079314.819025993347168 3.455610703703703
1.915591436670000 1632249638.578114748001099 3.465320296296296
3.102179672916000 1676402658.424961328506470 3.476237370370370
3.493566650886000 2040662678.807134866714478 3.481751018518518
3.416445974266000 2243150256.420990943908691 3.486174444444444
3.023130523504000 2170480241.880521774291992 3.490657833333333
3.015418455842000 2120003328.376469135284424 3.495153407407407
3.024070423864000 2135205991.162909269332886 3.499583388888888
3.023130523504000 2137221374.619518041610718 3.504018555555555
3.003963878760000 2137528956.462801218032837 3.508444740740740
3.070357216066000 2138184756.869181632995605 3.512878796296295
3.015418455842000 2182880409.389253616333008 3.517373296296295
3.031784889231000 2148500975.921761512756348 3.521860981481480
3.014479905698000 2138346447.253705501556396 3.526279055555555
1.726776081046000 2138179233.240165233612061 3.530718129629629
3.015418455842000 1559123819.056397438049316 3.535861537037036
3.131099470772000 1962295516.925892114639282 3.541326537037036
3.115675335448000 2226916225.492809295654297 3.545842407407406
1.740835726658000 2248199638.526997566223145 3.550268740740740
3.023130523504000 1571237441.421876668930054 3.555453333333332
3.075200559627000 1961991038.588933467864990 3.560921222222222
3.023130523504000 2183326166.587692260742188 3.565415574074073
1.732876215840000 2148739959.251346588134766 3.569905611111110
3.113736907492000 1558988042.020161390304565 3.575054814814814
3.006770238420000 2040955856.208756685256958 3.580585981481481
3.016355958497000 2159419135.853078842163086 3.585103388888888
3.108929542901000 2138462877.486911058425903 3.589524685185184
3.015418455842000 2115109067.899692296981812 3.594046333333332
1.720671606272000 2173209731.333095550537109 3.608805074074073
3.170645265837000 1591237348.737123727798462 3.615595129629628
3.009577294620000 1804111772.536880493164062 3.625861018518517
3.384543935042000 2198301463.096716403961182 3.634839944444443
3.386650296113000 2123348810.272776842117310 3.643729314814813
3.045318574810000 2136432526.645768165588379 3.648159870370369
3.354749432970000 2138122660.992552518844604 3.652598481481480
3.016355958497000 2125427677.667377471923828 3.657097629629628
1.742077969135000 2137571792.881694316864014 3.661607129629628
3.037608907532000 1558790780.320415496826172 3.666755537037035
3.076157243922000 1961570974.221060276031494 3.672222962962961
3.075200559627000 2183016429.977590084075928 3.676710018518517
1.732876215840000 2191449720.984701156616211 3.681153555555554
3.009577294620000 1565183256.646674394607544 3.686325314814813
3.015418455842000 1962754845.988866329193115 3.691790888888887
1.741456500966000 2137277175.296360969543457 3.696228981481480
1.726159641360000 1558802115.860298395156860 3.701364796296295
3.008641493130000 1488032070.451956510543823 3.705965777777776
1.740835726658000 1962972968.029105186462402 3.711432555555554
3.008641493130000 1558019551.130817413330078 3.716573870370369
3.084827064800000 1962724865.309104204177856 3.722049370370369
3.028956942189000 2183231344.790220260620117 3.726543944444443
1.728625629605000 2148826926.483613491058350 3.731039037037036
3.031784889231000 1557922092.440399169921875 3.736174277777776
3.062642750699000 1962615227.579471349716187 3.741635129629628
3.030842591166000 2183072826.666336059570312 3.746116851851851
3.070357216066000 2148535216.727842330932617 3.750607037037036
3.077114997138000 2183159131.334022998809814 3.755083888888887
3.030842591166000 2083356242.393530130386353 3.759542203703702
3.071312213484000 2133009353.671147823333740 3.773868129629628
1.732876215840000 2118960985.052956819534302 3.779837351851850
3.116644008268000 1487089878.083357095718384 3.789765203703702
3.378935830746000 2193883158.049337387084961 3.799726111111110
1.929034183594000 2186683813.604448318481445 3.808698666666666
3.494652811251000 1558372514.577784299850464 3.813843481481480
3.136858716211000 2041591597.528448343276978 3.819370074074073
1.760370946436000 2246687515.396466732025146 3.823805314814813
3.025011024336000 1545641468.590227365493774 3.829006574074073
3.016355958497000 1962256294.241146564483643 3.834466444444443
3.045318574810000 2138316493.450073242187500 3.838899629629628
1.726159641360000 2138308271.620434284210205 3.843325740740740
1.740214027202000 1558160397.414360523223877 3.848473833333332
3.014479905698000 1492967302.167247295379639 3.853076018518517
3.035719164150000 1963201048.418229579925537 3.858544574074072
3.076157243922000 2137916144.554157733917236 3.862978129629628
3.024070423864000 2183208555.136212825775146 3.867472722222220
3.017294159478000 2148451652.979836463928223 3.871944444444443
3.178359731204000 2133696970.204008102416992 3.876371462962961
3.170645265837000 2272453394.791050434112549 3.880911370370368
3.078071681433000 2303362059.387413501739502 3.885344907407406
3.084827064800000 2214231645.600767612457275 3.889860425925924
3.075200559627000 2193288032.674606800079346 3.894294722222220
3.131099470772000 2193293109.419004917144775 3.898733148148146
3.031784889231000 2238217895.817274570465088 3.903225611111109
3.130124914868000 2159209432.027885913848877 3.907741351851850
3.133047132348000 2227054470.430923461914062 3.912256203703702
1.739592790320000 2248642630.605601787567139 3.916682166666665
3.341402483514000 1571771716.090354204177856 3.921871611111109
3.030842591166000 2037672820.783772230148315 3.927409407407406
3.116644008268000 2176303366.327448368072510 3.941781592592591
3.030842591166000 2235378654.460148811340332 3.947773129629628
3.016355958497000 2149631271.430077075958252 3.956733148148146
1.913540126370000 2165658324.792695522308350 3.965677314814813
3.045318574810000 1810302582.058748245239258 3.975287074074072
1.907507152320000 1961805340.218115806579590 3.980759870370368
3.031784889231000 1554989363.427636146545410 3.985897629629628
3.362461500632000 1961435694.845025777816772 3.991368074074072
3.022189572976000 2080816139.462017774581909 3.995812666666664
3.130124914868000 2136046070.064890384674072 4.000250351851849
3.023130523504000 2227972581.861090183258057 4.004770203703701
3.079029078342000 2158950134.853877544403076 4.009281259259256
3.084827064800000 2183112808.455796241760254 4.013778722222219
3.024070423864000 2193312517.761915206909180 4.018209759259256
3.138811538434000 2137949081.017557859420776 4.022716555555553
3.115675335448000 2227091796.730527400970459 4.027222888888886
1.740835726658000 2248182188.657141208648682 4.031648907407405
3.062642750699000 1571038991.316251039505005 4.036843796296294
1.740214027202000 2002384213.112216234207153 4.042346722222220
3.016355958497000 1565396163.045502185821533 4.047518648148146
1.733495054124000 1962105937.242704153060913 4.052984148148146
1.739592790320000 1558791051.862936258316040 4.058132333333331
3.024070423864000 1492827172.706654548645020 4.062737444444442
3.021249672616000 1961927313.201375246047974 4.068194648148146
3.016355958497000 2138605293.932725667953491 4.072612703703702
3.039499354598000 2138552594.869567394256592 4.077046666666665
3.014479905698000 2138390358.597797155380249 4.081465111111109
3.114705580312000 2138606989.141824483871460 4.085901092592591
3.024070423864000 2227874589.811344146728516 4.090421370370369
2.999060571142000 2158164131.544735908508301 4.094936944444443
1.726159641360000 2136661165.624839544296265 4.110099055555555
3.016355958497000 1716237688.246613502502441 4.116854870370370
3.086745943200000 1919416134.392544984817505 4.126918259259258
3.371221365379000 2173810618.773432731628418 4.135823870370370
3.440651553682000 2151289360.840679645538330 4.144880037037036
3.347037365308000 2182723864.884279727935791 4.149365629629629
3.030842591166000 2147522755.978965282440186 4.153852037037036
3.016355958497000 2086782146.572577953338623 4.158284425925925
3.025951274752000 2132053327.545330047607422 4.162721018518518
3.077114997138000 2137685313.985489130020142 4.167162129629629
3.021249672616000 2182971164.831901073455811 4.171651888888888
3.017294159478000 2146291084.013871669769287 4.176121388888888
3.069402929476000 2138454652.670319318771362 4.180549351851852
3.062642750699000 2182854005.280053138732910 4.185031629629630
3.069402929476000 2193208255.159474849700928 4.189473296296296
1.726159641360000 2193310168.021816253662109 4.193894018518519
1.733495054124000 1564869893.855969429016113 4.199063444444445
3.070357216066000 1492637512.460207700729370 4.203670703703704
1.739592790320000 1997299380.466472148895264 4.209158703703704
3.015418455842000 1554268778.475336313247681 4.214320740740741
3.108929542901000 1962351698.569304227828979 4.219775222222222
3.016355958497000 2232258198.949085235595703 4.225294222222222
3.038554658828000 2159013847.346848011016846 4.229807722222222
3.007706388180000 2138191648.428755044937134 4.234241574074074
1.726776081046000 2138319015.164851665496826 4.238659685185184
3.016355958497000 1559218130.311614751815796 4.243797796296295
3.078071681433000 1962582285.168553113937378 4.249265907407406
3.016355958497000 2183129953.279114246368408 4.253760685185184
3.024070423864000 2029072926.850396633148193 4.258249962962962
3.031784889231000 2131566698.054570198059082 4.273176685185184
1.719443066880000 2035413673.356275558471680 4.279090592592592
3.000927027763000 1613555062.694016695022583 4.288826296296295
3.431870109590000 1884247737.200189113616943 4.298878166666666
3.423092271432000 1908038612.654814243316650 4.309591407407407
1.927656875760000 2192589888.322154521942139 4.314017166666666
1.916274528090000 1565061184.003208637237549 4.319188574074073
3.068447576644000 1450344838.407286882400513 4.323791481481480
3.015418455842000 2000304499.108254432678223 4.329294629629628
3.061690861814000 2148472707.730466842651367 4.333774259259258
3.068447576644000 2176558066.515182495117188 4.338256666666665
3.061690861814000 2192959680.321352481842041 4.342682407407406
3.162930800470000 2193365525.759087085723877 4.347120611111110
3.169659809082000 2282554058.042301654815674 4.351638388888889
3.129151446638000 2302113682.484026908874512 4.356064296296296
1.739592790320000 2259048052.204864501953125 4.360559407407407
3.053978794152000 1571491760.673996686935425 4.365746814814814
3.023130523504000 2002182621.938892364501953 4.371242888888888
1.738350316556000 2148762643.374210834503174 4.375724814814815
1.732876215840000 1558065328.352778911590576 4.380865796296296
3.068447576644000 1479730204.223578691482544 4.385498518518519
3.016355958497000 2001452222.439129590988159 4.391000481481482
1.739592790320000 2148723368.052401065826416 4.395484444444445
3.079029078342000 1557781740.952147483825684 4.400620203703705
3.012604551224999 1998715871.860211133956909 4.406114203703704
1.739592790320000 2147676331.893597126007080 4.410598907407408
3.015418455842000 1558197402.373060703277588 4.415744629629630
3.470430447900000 1961194451.315169811248779 4.421210055555556
3.001860429762000 2223530232.157718181610107 4.425727259259260
1.748180271240000 2217342318.901587963104248 4.440068500000001
1.720671606272000 1828939870.116348028182983 4.449139296296297
3.015418455842000 1487759619.495510816574097 4.458495296296297
3.432937088315000 2098752117.416306495666504 4.468465518518519
3.031784889231000 1737418094.409019231796265 4.479335870370371
3.371221365379000 2144070880.523110866546631 4.483827518518519
1.720057107968000 2137319773.394880294799805 4.488240481481482
3.106995913034000 1558478777.686953306198120 4.493383129629630
1.732876215840000 2022284311.688659667968750 4.498909537037037
3.024070423864000 1570063687.816290378570557 4.504102111111111
3.023130523504000 1963397806.127805471420288 4.509570203703704
3.007706388180000 2138257536.978003740310669 4.513991000000000
3.039499354598000 2138479353.183784484863281 4.518409222222222
3.123387403110000 2138178970.450036525726318 4.522843018518518
3.075200559627000 2227746035.397939205169678 4.527350500000000
1.726776081046000 2203705275.394819736480713 4.531842703703703
3.124358473635000 1564865863.091401338577271 4.537014037037037
1.733495054124000 2041566823.125434637069702 4.542525685185185
3.023130523504000 1570904714.013652086257935 4.547718240740740
3.122415247590000 1962222079.824240207672119 4.553180240740740
3.015418455842000 2227963224.975174427032471 4.557693166666666
3.113736907492000 2158978539.749349594116211 4.562198481481481
3.085786146800000 2227752023.716391563415527 4.566696074074073
3.059786020481000 2203498782.588531494140625 4.571168222222221
3.156197726922000 2193569805.722477436065674 4.575612037037036
3.085786146800000 2282207749.990765094757080 4.580123870370369
1.727392979734000 2214225141.406548500061035 4.584632148148147
3.115675335448000 1565842258.064516067504883 4.589798814814814
3.014479905698000 1934175620.146082162857056 4.595328425925925
1.720057107968000 2115594089.438088178634644 4.610292222222221
3.023130523504000 1478858837.959387540817261 4.616406944444444
3.008641493130000 2097611617.597858905792236 4.624377611111111
1.734114353196000 2132843183.605835199356079 4.633206407407408
3.461640607822000 1633624373.537302255630493 4.642939185185186
3.449438591526000 2094742034.974703550338745 4.650252407407407
3.447294244914000 2192697119.595592498779297 4.654692370370371
1.739592790320000 2193025770.894784450531006 4.659131055555556
1.733495054124000 1557899680.724122047424316 4.664299000000001
3.015418455842000 1458754772.381726026535034 4.668903037037038
1.732257377556000 1962266659.437919855117798 4.674368185185186
3.108929542901000 1558703096.814612388610840 4.679511462962964
1.734114353196000 2040189432.950732231140137 4.685024407407409
3.156197726922000 1571684545.152900218963623 4.690214796296297
3.007706388180000 2081339375.542064189910889 4.695766277777779
3.015418455842000 2167766231.000175952911377 4.700287518518520
3.154235673758000 2138425336.181978225708008 4.704708074074076
3.076157243922000 2272662708.168282508850098 4.709242777777780
3.108929542901000 2214138697.680152893066406 4.713748981481483
3.106995913034000 2238163217.206782341003418 4.718243333333335
3.025951274752000 2248495425.550999164581299 4.722682240740743
3.060737909366000 2159172634.875491619110107 4.727188111111113
3.085786146800000 2183155755.054976940155029 4.731684962962965
3.078071681433000 2192797406.496268272399902 4.736126259259261
3.107963267786000 2193590551.181102275848389 4.740552444444446
3.029899240254000 2238218051.029362678527832 4.745047314814816
3.014479905698000 2158821086.616308212280273 4.749555703703705
1.745685729320000 2126177818.857038497924805 4.754023629629631
3.061690861814000 1558895474.402041673660278 4.759161481481483
3.272967705344000 2001340039.442421436309814 4.764664111111112
3.022189572976000 2144810563.851125478744507 4.769151111111112
3.079986118944000 2142148803.208154201507568 4.773584259259261
3.023130523504000 2230217123.632004261016846 4.787950370370372
3.028956942189000 2067356761.932502985000610 4.793926500000001
3.007706388180000 1727536361.710081338882446 4.804676259259261
3.555263192182000 2133158107.700556278228760 4.813518333333335
3.129151446638000 2199269797.232215404510498 4.822516037037039
3.401021838942000 2247533674.780200481414795 4.826956111111113
3.021249672616000 2158864716.636197090148926 4.831473925925928
3.024070423864000 2119409910.549481868743896 4.835908407407409
1.733495054124000 2130042785.666216611862183 4.840338759259261
1.733495054124000 1558722882.446446180343628 4.845476370370372
3.060737909366000 1492542667.368514060974121 4.850085018518520
3.160963583980000 2001788183.056662797927856 4.855590296296298
1.734114353196000 2282050891.441992759704590 4.860100259259261
3.061690861814000 1577933741.913033723831177 4.865315555555558
3.015418455842000 2001980555.032419443130493 4.870822074074076
3.008641493130000 2148507978.098851680755615 4.875317018518521
1.740214027202000 2138498238.508464574813843 4.879742981481484
3.070357216066000 1558228140.222279071807861 4.884886666666669
3.007706388180000 2001914381.279906511306763 4.890389962962965
3.155216335103000 2148859752.480142116546631 4.894884925925928
1.740214027202000 2272340941.535399436950684 4.899425185185187
3.101215077534000 1577563084.966948747634888 4.904638759259261
3.006770238420000 2042333903.317306756973267 4.910161981481483
3.070357216066000 2159253936.878711223602295 4.914677685185187
3.107963267786000 2181926981.498189449310303 4.919172740740742
3.000927027763000 2238449328.055393695831299 4.923649796296298
3.170645265837000 2158389147.884896278381348 4.928162314814816
3.177371876744000 2273018579.154556274414062 4.932692481481483
1.733495054124000 2293387168.390404701232910 4.937138388888891
3.029899240254000 1976169053.916756868362427 4.952212037037039
3.084827064800000 2079585788.461480140686035 4.958307240740742
3.115675335448000 1920828283.119089126586914 4.969885407407409
3.507898611490000 2226178097.248416900634766 4.978781296296297
3.023130523504000 2215444286.268927097320557 4.987796129629631
3.385597703618000 2157407195.037677764892578 4.992298203703705
1.734114353196000 2138237606.579642534255981 4.996715870370372
3.076157243922000 1553997321.592500448226929 5.001859888888891
3.021249672616000 1955828403.343789577484131 5.007355981481483
1.726776081046000 2148376065.419868469238281 5.011853425925928
1.740214027202000 1557835927.458117723464966 5.016996814814816
1.735351799370000 1492787937.077711343765259 5.021598611111113
1.732257377556000 1492642004.878774166107178 5.026206629629631
1.732257377556000 1492641845.784703969955444 5.030806500000002
3.151292228775000 1492335565.338462829589844 5.035408462962964
3.045318574810000 2079743031.637965679168701 5.040957351851853
3.152273255357000 2169743964.294618606567383 5.045488259259261
1.726776081046000 2272507752.855778217315674 5.050024222222224
3.005835133470000 1577969023.736396312713623 5.055239685185187
3.107963267786000 1957799975.648856639862061 5.060715129629632
3.016355958497000 2227634346.571999073028564 5.065222129629632
3.005835133470000 2159045530.076437473297119 5.069735629629632
3.016355958497000 2138336283.849986553192139 5.074177203703706
2.997194809275000 2138290843.400700092315674 5.078605703703706
3.014479905698000 2138296071.294087886810303 5.083031814814817
3.025011024336000 2138391559.643763303756714 5.087462907407410
3.123387403110000 2138785633.772240877151489 5.091898722222225
1.726776081046000 2227005799.122339248657227 5.096414092592595
3.293052891674000 1571928729.654242515563965 5.101605592592595
3.030842591166000 1963672183.532173633575439 5.107064722222225
3.116644008268000 2175847132.789847850799561 5.121441518518520
3.108929542901000 2202904444.061665534973145 5.127462037037039
3.129151446638000 1926090115.684841156005859 5.138152000000002
3.385597703618000 2210473775.771729946136475 5.147104351851853
1.726776081046000 2150310409.300431251525879 5.156107518518520
3.030842591166000 1558879971.544978380203247 5.161261851851854
3.448366019049000 1960482466.046085834503174 5.166722685185187
3.124358473635000 2177421699.243106842041016 5.171222074074076
3.077114997138000 2206893116.859065532684326 5.175721796296298
3.030842591166000 2191303518.299495220184326 5.180246814814817
3.124358473635000 2147250854.594996213912964 5.184732370370372
3.115675335448000 2227860840.707964420318604 5.189252370370372
3.032727889194000 2248421350.377144336700439 5.193691185185187
3.071312213484000 2158728618.488609790802002 5.198199666666669
3.047213819965000 2182910452.208895206451416 5.202674000000003
1.732257377556000 2148734208.663031101226807 5.207146388888892
3.024070423864000 1557479013.189858198165894 5.212292037037040
1.740214027202000 1963650153.497922897338867 5.217757185185188
1.720057107968000 1559022034.136177539825439 5.222903240740743
3.123387403110000 1493215993.650163650512695 5.228502685185187
1.726776081046000 2042057984.516907453536987 5.234028425925928
3.155216335103000 1560507010.880429506301880 5.239216129629631
3.107963267786000 2080954407.173164606094360 5.244767685185187
3.015418455842000 2259120397.985322952270508 5.249256962962965
3.014479905698000 2158961887.804917812347412 5.253770925925928
3.022189572976000 2138295832.271167755126953 5.258202240740743
3.009577294620000 2138355727.315404653549194 5.262620314814817
3.008641493130000 2138387023.563179969787598 5.267059129629632
3.022189572976000 2138341098.065170049667358 5.271480037037040
2.999994320518000 2057981142.103831529617310 5.275904944444447
3.116644008268000 1652198218.572126388549805 5.291905425925928
1.725543201674000 2232145532.505591392517090 5.297908666666669
3.162930800470000 1634475930.310433626174927 5.307724685185187
1.914907327230000 1802131981.946257114410400 5.317998537037039
3.007706388180000 1815140550.620891332626343 5.327720222222224
3.493566650886000 1961649872.274195909500122 5.333193462962964
1.900790577840000 2227657684.925439357757568 5.337708796296297
3.008641493130000 1571158762.622123718261719 5.342906166666668
3.022189572976000 1923133955.395566701889038 5.348379796296298
3.015418455842000 2137759998.330132961273193 5.352815722222224
3.015418455842000 2138440446.567243814468384 5.357251203703705
3.023130523504000 2138019956.561690807342529 5.361684907407409
3.107963267786000 2138230450.571958541870117 5.366106037037039
3.013542403043000 2227735856.490316390991211 5.370618314814816
3.000927027763000 2158954150.901402473449707 5.375111314814816
3.020309422200000 2138187205.466048479080200 5.379540000000001
3.005835133470000 2137680105.744618415832520 5.383953148148150
3.062642750699000 2130508723.668839931488037 5.388375981481483
3.045318574810000 2182934804.983079433441162 5.392874166666668
2.998127863897000 2193498376.324467658996582 5.397299425925927
2.999994320518000 2148795364.661731719970703 5.401789888888890
3.008641493130000 2138416455.167807579040527 5.406226185185186
3.107963267786000 2137455453.350853919982910 5.410665351851852
1.733495054124000 2225173743.367516517639160 5.415178074074075
3.060737909366000 1570608749.678635835647583 5.420364296296297
1.739592790320000 2001849115.124977350234985 5.425845296296297
3.159980524930000 1562308480.474287986755371 5.431017962962963
3.023130523504000 2081268750.439090967178345 5.436553388888889
3.063595348626000 2169741738.455885410308838 5.441089129629630
3.092539132462000 2181569396.278326511383057 5.445585314814815
3.114705580312000 2070292571.911803245544434 5.450052592592592
1.765828256966000 2215588883.891878604888916 5.464382148148148
3.093500612167000 1481259559.570999860763550 5.470539444444444
3.022189572976000 2052761934.368801593780518 5.478521759259258
3.022189572976000 1729599042.221494674682617 5.489271944444443
3.385597703618000 2191604574.382141113281250 5.498257574074072
3.079029078342000 2107766865.540149927139282 5.504437444444442
3.393309771280000 2182580711.762214183807373 5.508940092592590
3.014479905698000 2147956520.483875751495361 5.513430074074072
1.921626300308000 2136626835.277554512023926 5.517849629629628
3.168673251258000 1525561945.964591979980469 5.523003314814813
3.117613402632000 2076284689.522511959075928 5.528548537037035
3.069402929476000 2258575642.955843925476074 5.533038074074073
3.077114997138000 2201857746.601063251495361 5.537520685185184
3.171631456638000 2192882416.009945869445801 5.541959592592591
3.078071681433000 2282848274.075992584228516 5.546464425925925
3.045318574810000 2213847125.918024063110352 5.550977944444443
3.038554658828000 2148848223.124133586883545 5.555467722222221
3.115675335448000 2138291392.718939065933228 5.559903888888887
3.039499354598000 2220925579.393864631652832 5.564422499999998
1.738971553438000 2138319261.510751008987427 5.568863999999999
3.115675335448000 1558644829.263897657394409 5.574002425925925
1.726776081046000 2041910322.016347169876099 5.579528370370370
1.732876215840000 1571008284.268448829650879 5.584721166666666
3.125330267490000 1492848021.463186502456665 5.589318185185185
1.726159641360000 2041684876.373441934585571 5.594839592592592
3.038554658828000 1570074148.846997499465942 5.600031351851851
3.014479905698000 1963455480.067092657089233 5.605496444444444
3.079029078342000 2124142369.063262462615967 5.609935611111110
3.113736907492000 2182706289.661554813385010 5.614417981481481
3.070357216066000 2238262422.347437858581543 5.618907351851851
3.024070423864000 2085047884.662778139114380 5.623415870370369
3.029899240254000 2172129079.434392452239990 5.637749851851851
3.038554658828000 2066035166.186262845993042 5.643654092592591
1.732876215840000 1899273953.437190532684326 5.654256259259258
3.394364761480000 1663776356.028136968612671 5.664120648148146
3.448366019049000 2114088566.073969125747681 5.674130333333331
3.354749432970000 2182637642.959808826446533 5.678626870370368
3.014479905698000 2148050307.766617298126221 5.683112592592590
3.022189572976000 2117690480.358080625534058 5.687556037037035
1.726776081046000 2130424041.120975971221924 5.691954981481479
3.077114997138000 1558834216.317254781723022 5.697096777777776
3.070357216066000 2002206005.029439449310303 5.702597722222220
3.061690861814000 2193393541.800899028778076 5.707023907407405
3.207221587648000 2193380184.792941570281982 5.711465314814812
3.069402929476000 2326547148.019205570220947 5.715954722222220
3.078071681433000 2224670710.365941047668457 5.720473259259257
1.734114353196000 2193540350.306924819946289 5.724916981481479
3.061690861814000 1564997482.876037836074829 5.730088962962960
1.739592790320000 2001944988.307231187820435 5.735576685185182
3.040444754052000 1564883205.327890872955322 5.740748629629627
3.032727889194000 1963041294.563363075256348 5.746208499999997
1.735351799370000 2138529479.537143468856812 5.750644722222219
1.734114353196000 1558947316.500631809234619 5.755788296296293
3.091576578478000 1493529906.200943470001221 5.761014203703700
3.025011024336000 2001562892.614457845687866 5.766497388888886
3.023130523504000 2148686514.900628089904785 5.770982037037034
3.039499354598000 2138481833.244075536727905 5.775408111111108
3.116644008268000 2138302697.419532537460327 5.779841703703701
3.008641493130000 2224737508.796622276306152 5.784341537037034
3.016355958497000 1947008444.056588649749756 5.788861481481478
3.015418455842000 1650994051.011188983917236 5.804849259259257
3.006770238420000 2125430685.067370414733887 5.810749462962961
3.124358473635000 2132205947.221913814544678 5.819590814814813
1.914223726800000 2177544305.216481685638428 5.828511259259257
1.908870063208000 1635453903.364420175552368 5.838453537037035
1.914223726800000 1491951784.830450296401978 5.843055592592591
3.008641493130000 1492653568.958028316497803 5.847660111111109
3.383491342547000 1955374196.104727268218994 5.853128277777776
3.016355958497000 2110126135.002108097076416 5.857564148148146
3.022189572976000 2137694796.050094842910767 5.861982444444442
3.023130523504000 2127640665.216452836990356 5.866443259259257
3.000927027763000 2137069206.764646530151367 5.870858370370368
2.999060571142000 2138288039.463634967803955 5.875295648148146
3.016355958497000 2138063574.372549772262573 5.879716833333331
3.016355958497000 2137431663.571928739547729 5.884134925925924
3.023130523504000 2138155963.839804649353027 5.888563777777776
3.085786146800000 2138640652.198414564132690 5.893000055555554
3.015418455842000 2182700391.639526844024658 5.897492092592591
3.014479905698000 2143547518.041034698486328 5.901975185185184
3.024070423864000 2138357118.701386451721191 5.906410685185183
3.107963267786000 2136483929.137933969497681 5.910847055555553
3.078071681433000 2227588837.354777336120605 5.915346851851850
1.740835726658000 2203987962.714176654815674 5.919826759259258
3.054928285332000 1564255793.210418224334717 5.924996444444443
3.023130523504000 2002049927.309929132461548 5.930499259259258
3.004899680250000 2148926067.761256694793701 5.934991611111109
1.726776081046000 2138282110.753105878829956 5.939422888888887
3.046266726490000 1557817492.465731143951416 5.944566055555554
3.131099470772000 1963095385.407737016677856 5.950031407407406
3.223644282716000 2227640390.322500705718994 5.954536703703702
3.076157243922000 2155677991.512509822845459 5.959057518518517
1.726159641360000 2124339983.580169677734375 5.973380759259257
2.999994320518000 1477183512.119413852691650 5.979466037037034
2.999994320518000 1912363283.027078151702881 5.990700925925923
1.914907327230000 2134565296.001004457473755 5.999550370370367
3.371221365379000 1638536769.393464326858521 6.009426740740738
3.062642750699000 1962609945.312632322311401 6.014895537037034
3.385597703618000 2183065805.196838855743408 6.019389722222219
1.726776081046000 2142010254.758926391601562 6.023875444444442
3.116644008268000 1531462172.021082639694214 6.029033296296293
3.106995913034000 2038816198.269501686096191 6.034555148148145
3.022189572976000 2248155434.787149429321289 6.038988351851849
3.177371876744000 2158667798.486805915832520 6.043504185185182
3.014479905698000 2270754876.792517662048340 6.048034333333330
3.030842591166000 2169384079.057069301605225 6.052565518518516
3.023130523504000 2138439851.067737579345703 6.057002037037035
3.121444177065000 2138023957.256839752197266 6.061428129629627
3.022189572976000 2227270447.315777301788330 6.065945611111109
1.733495054124000 2152649467.374101161956787 6.070462018518516
3.008641493130000 1558607989.990040302276611 6.075612444444442
3.024070423864000 1962014272.499008893966675 6.081077499999997
1.732876215840000 2138442432.331786394119263 6.085503370370368
3.062642750699000 1558729275.913892507553101 6.090641648148146
3.030842591166000 2001107903.216041803359985 6.096147611111109
3.025011024336000 2148979360.011879444122314 6.100637277777776
3.016355958497000 2138701710.660473346710205 6.105050777777776
3.114705580312000 2138410870.227987527847290 6.109484907407405
3.066538648050000 2227974546.394756317138672 6.113997111111109
1.733495054124000 2159042166.000887870788574 6.118503111111109
3.023130523504000 1559122376.451525688171387 6.123646166666664
3.015418455842000 1961069719.888144969940186 6.129116203703702
3.116644008268000 2177720155.816911220550537 6.143487296296295
1.727392979734000 2169464799.431800365447998 6.149484148148146
3.063595348626000 1488196210.944917917251587 6.159430925925924
3.386650296113000 2222204433.642874717712402 6.169473666666665
3.024070423864000 2152361311.312348365783691 6.178410148148147
3.440651553682000 2137648952.870837450027466 6.182845555555554
3.031784889231000 2183021534.586225032806396 6.187344777777776
1.740214027202000 2147957440.139886379241943 6.191835185185183
1.726776081046000 1512931583.947489500045776 6.196981259259257
2.993212562396000 1491892249.245631933212280 6.201577944444442
3.117613402632000 1963011974.993396043777466 6.207046129629627
1.739592790320000 2227681077.314093589782715 6.211563537037034
3.134020963136000 1571056508.847236633300781 6.216753481481478
3.001860429762000 2042040821.115942478179932 6.222277129629626
1.740835726658000 2146858299.793454408645630 6.226813833333330
3.053978794152000 1548080014.456089735031128 6.232962722222219
3.025011024336000 1997462124.580621719360352 6.238460277777775
3.124358473635000 2148387685.685660839080811 6.242951888888886
3.108929542901000 2227669076.852368831634521 6.247464629629627
1.739592790320000 2248513590.005526542663574 6.251887814814812
1.727392979734000 1570497961.571248531341553 6.257079722222220
3.123387403110000 1480053544.561465501785278 6.261683018518516
3.014479905698000 2028878606.554903984069824 6.267207296296294
3.015418455842000 2158031497.748396873474121 6.271706148148146
3.015418455842000 2137530314.793018102645874 6.276142925925924
3.062642750699000 2137142370.290554046630859 6.280576981481479
3.038554658828000 2183242162.518542766571045 6.285071055555553
1.739592790320000 2149030316.786899566650391 6.289558240740739
3.185083944406000 1555248327.362196207046509 6.294706462962961
3.016355958497000 1995762907.911268234252930 6.300277981481480
3.086745943200000 2131658127.335023880004883 6.314627703703702
3.077114997138000 2167603892.195130825042725 6.320595962962962
3.062642750699000 2187853350.189633369445801 6.329443444444443
3.448366019049000 2189332875.599728584289551 6.338290037037036
3.007706388180000 2209467643.497813224792480 6.347283592592592
1.914907327230000 2147924096.804076194763184 6.351761518518518
3.106995913034000 1553732767.121315717697144 6.356907259259258
1.740835726658000 1980187814.511656045913696 6.362416240740740
3.170645265837000 1565234259.236049652099609 6.367587703703703
3.070357216066000 2080756655.631019592285156 6.373130907407407
3.022189572976000 2214015076.367219448089600 6.377641277777777
3.021249672616000 2148819344.956711292266846 6.382126703703703
3.024070423864000 2130503572.859623432159424 6.386563444444444
3.024070423864000 2137408568.207440853118896 6.390998444444444
3.014479905698000 2137968521.636674165725708 6.395430648148148
1.740835726658000 2138062485.910612821578979 6.399866611111110
3.031784889231000 1551906811.920410633087158 6.405008740740740
1.733495054124000 1962147714.592927694320679 6.410485518518518
3.029899240254000 1558662129.807381391525269 6.415636740740741
3.030842591166000 1962360507.791755199432373 6.421111425925926
3.016355958497000 2138503786.198990821838379 6.425537833333334
3.016355958497000 2138184626.081711530685425 6.429958981481482
3.015418455842000 2138404152.873909235000610 6.434389648148149
1.726776081046000 2138188447.629196643829346 6.438803685185186
3.170645265837000 1558883659.161580085754395 6.443949166666667
3.006770238420000 2080979811.206049919128418 6.449493129629630
3.000927027763000 2165226296.787353515625000 6.454032481481482
1.740214027202000 2138232089.776560544967651 6.458468185185185
3.115675335448000 1472023132.630430698394775 6.463628444444445
2.999994320518000 2133819760.505660533905029 6.479042092592593
1.739592790320000 2126853051.941018819808960 6.485026444444444
3.023130523504000 1850374652.853801012039185 6.494668555555555
3.431870109590000 2102594935.722633123397827 6.504651333333333
3.030842591166000 1738872056.840134620666504 6.515512203703704
3.386650296113000 2133927461.183032989501953 6.519960907407407
1.732876215840000 2132587817.241926431655884 6.524395833333333
3.031784889231000 1556724245.000288248062134 6.529536870370370
3.177371876744000 1933714694.579014539718628 6.535010796296295
3.169659809082000 2271760524.792276382446289 6.539552981481481
3.069402929476000 2302399161.200038433074951 6.543959629629629
3.024070423864000 2214154762.785878181457520 6.548463296296295
3.069402929476000 2148847174.969999313354492 6.552953907407406
3.028956942189000 2183009088.176311492919922 6.557450999999999
1.740214027202000 2148518008.119482994079590 6.561925833333332
3.123387403110000 1558987799.965471506118774 6.567074574074073
3.015418455842000 2041185443.719133853912354 6.572597962962962
1.739592790320000 2159245475.386842727661133 6.577113388888888
3.064547592032000 1558254199.436838626861572 6.582262888888888
1.726776081046000 2002014564.544353485107422 6.587765851851850
3.015418455842000 1556641885.320365667343140 6.592963907407406
3.025011024336000 1962674055.098525524139404 6.598436259259258
3.113736907492000 2138322729.824149847030640 6.602857111111110
3.116644008268000 2228092131.022396564483643 6.607369203703702
3.015418455842000 2248421491.326875209808350 6.611808203703702
3.069402929476000 2158260886.326167583465576 6.616323722222220
1.734114353196000 2183261124.295461177825928 6.620818388888887
3.070357216066000 1565286250.632012605667114 6.625982666666665
3.031784889231000 2001142035.478597640991211 6.631488333333332
3.007706388180000 2176636150.991408824920654 6.646712648148147
1.746933000280000 2122816121.270754575729370 6.652608240740739
3.023130523504000 1850786292.588706731796265 6.662262925925925
3.426287996952000 2166847607.455334186553955 6.672289055555554
3.007706388180000 1737189923.992254495620728 6.683162703703702
1.922312810132000 2148093942.218080043792725 6.687633537037035
3.086745943200000 1557187008.192739725112915 6.692780370370369
1.720057107968000 1995321527.654008150100708 6.698287240740739
1.727392979734000 1533841704.533257007598877 6.703462981481480
3.015418455842000 1491403894.267377376556396 6.708059481481480
3.017294159478000 1961342349.505825042724609 6.713532499999999
3.069402929476000 2138021721.422753095626831 6.717965740740739
3.079029078342000 2182989856.708498001098633 6.722460592592591
3.015418455842000 2193118600.956546783447266 6.726901722222220
3.028956942189000 2148478170.855432033538818 6.731391981481480
3.016355958497000 2138489890.294934511184692 6.735812925925924
3.113736907492000 2137281002.577697515487671 6.740231166666664
1.738971553438000 2227904581.314423084259033 6.744733351851849
3.078071681433000 1571339861.825078248977661 6.749928055555553
3.030842591166000 2001879621.529226541519165 6.755431685185182
3.078071681433000 2148869408.685168743133545 6.759916981481479
3.078071681433000 2182564713.744709491729736 6.764405981481479
3.024070423864000 2193823628.371411323547363 6.768842111111109
3.024070423864000 2148836171.239345073699951 6.773332685185183
3.123387403110000 2138426586.198681831359863 6.777763555555554
3.022189572976000 2227822312.319952964782715 6.782276259259257
1.739592790320000 2159136822.667205333709717 6.786768962962961
3.039499354598000 1559319625.670757055282593 6.791917925925924
1.806758535120000 1962250514.835388422012329 6.797385333333332
1.726159641360000 1556353144.436765670776367 6.802530222222221
3.114705580312000 2044354028.889362812042236 6.818676111111110
3.055878483768000 2172961733.662428379058838 6.824813407407406
3.006770238420000 2153395502.834727287292480 6.834651703703702
3.060737909366000 2132618872.607711315155029 6.843545055555555
3.440651553682000 2159220727.266722202301025 6.852516240740740
1.728008960418000 2193025170.995210647583008 6.856959185185184
3.041389801664000 1564884333.475366592407227 6.862130981481481
1.914907327230000 1962782926.482630729675293 6.867603611111110
3.109896537774000 1552518033.896596193313599 6.872746703703703
3.063595348626000 2001446385.009248733520508 6.878273074074073
3.123387403110000 2203037081.635683059692383 6.882763666666666
3.053978794152000 2238095284.033987522125244 6.887255499999999
3.016355958497000 2203575118.464844226837158 6.891745814814814
3.039499354598000 2147086708.742886543273926 6.896220351851851
3.028956942189000 2138253969.976789712905884 6.900656425925925
3.108929542901000 2138321687.690227270126343 6.905079740740740
3.024070423864000 2227680672.888921737670898 6.909597574074074
3.015418455842000 2158880816.386823654174805 6.914110685185185
1.739592790320000 2138311050.443320035934448 6.918546907407407
3.027831775584000 1558775351.879330873489380 6.923688611111110
3.101215077534000 1953693263.474062204360962 6.929188203703703
3.031784889231000 2226594510.845507144927979 6.933706203703703
3.039499354598000 2158836482.223828792572021 6.938214944444444
3.031784889231000 2138221038.114342927932739 6.942646055555555
3.121444177065000 2138378716.050829172134399 6.947071925925925
1.746309364800000 2227923887.914214134216309 6.951589629629630
3.026891525168000 1563528289.770126819610596 6.956809092592593
3.022189572976000 1961808095.972346782684326 6.962273629629630
1.732876215840000 2138450087.792101860046387 6.966713833333333
3.075200559627000 1558675511.232718944549561 6.971857537037037
3.117613402632000 1931138397.313730955123901 6.977367037037037
3.053978794152000 1677680115.851466894149780 6.993441259259259
3.014479905698000 2179333271.422070503234863 6.999423537037037
3.077114997138000 2132183251.924569606781006 7.008321629629630
3.364553078088000 2113509816.460426807403564 7.017240888888889
3.069402929476000 1716974813.157656908035278 7.028101203703704
3.370173568294000 2182830604.689427852630615 7.032603055555556
3.014479905698000 2148521196.822332859039307 7.037092722222222
2.994143564904000 2131168752.113628625869751 7.041528222222222
1.733495054124000 2079023407.022106647491455 7.045971333333332
1.740835726658000 1558171438.859282732009888 7.051114296296295
1.720057107968000 1492579906.913931608200073 7.055721740740740
1.739592790320000 1491278380.367506027221680 7.060326351851852
3.106995913034000 1492907957.976089715957642 7.064926907407407
3.123387403110000 2041388250.764854192733765 7.070447203703703
1.726776081046000 2248038822.698533058166504 7.074878555555555
3.015418455842000 1570754690.331140995025635 7.080070481481481
3.068447576644000 1962187088.514996528625488 7.085538481481481
3.035719164150000 2183342194.005854129791260 7.090030518518518
3.029899240254000 2148804298.908757686614990 7.094515722222222
3.017294159478000 2138237509.142200231552124 7.098946740740741
3.116644008268000 2138445823.998398065567017 7.103385462962962
3.031784889231000 2227944714.220093250274658 7.107900722222221
3.015418455842000 2158406290.010177135467529 7.112413462962962
3.070357216066000 2138646746.303566932678223 7.116847166666666
3.122415247590000 2183295678.491280555725098 7.121344481481481
3.130124914868000 2238165678.179313659667969 7.125834444444444
3.123387403110000 2248383012.492534160614014 7.130268203703704
3.132072939002000 2248358926.008744239807129 7.134707166666667
3.061690861814000 2248220415.183025360107422 7.139143407407407
1.727392979734000 2203967632.512921810150146 7.143625500000000
3.122415247590000 1563293952.371566295623779 7.148792814814815
3.039499354598000 2141865717.758420944213867 7.164165907407408
3.023130523504000 2127322284.282022953033447 7.170150444444444
3.117613402632000 2132978831.697530984878540 7.178984407407407
3.394364761480000 2212287061.183968067169189 7.187881981481481
1.915591436670000 2150787815.572105884552002 7.196865518518518
3.014479905698000 1558005582.246295928955078 7.202007481481481
1.943169609186000 1961976103.065689563751221 7.207475407407406
3.107963267786000 1517768272.290846347808838 7.212625129629628
3.016355958497000 2041264373.592795133590698 7.218152240740739
3.107963267786000 2158586251.631920814514160 7.222662944444443
3.068447576644000 2227718489.346745491027832 7.227167740740740
3.163914591780000 2203556357.041281223297119 7.231660425925925
3.115675335448000 2287277353.501731395721436 7.237179388888888
3.063595348626000 2258574193.548387050628662 7.241674388888888
3.070357216066000 2203467703.112635135650635 7.246167425925925
3.023130523504000 2193384782.173593997955322 7.250608611111110
3.079029078342000 2144146834.040829420089722 7.255088851851851
3.015418455842000 2182924108.797153949737549 7.259586518518518
3.030842591166000 2147883788.566973209381104 7.264075462962962
1.733495054124000 2138552393.804271221160889 7.268494277777777
3.005835133470000 1559057470.272136688232422 7.273642833333333
3.029899240254000 1962888839.030757665634155 7.279090388888888
3.022189572976000 2138276723.426599740982056 7.283534055555555
3.024070423864000 2120581135.482900142669678 7.287963888888888
3.129151446638000 2138501428.786283493041992 7.292396555555555
3.016355958497000 2228130613.150016784667969 7.296906055555555
3.154235673758000 2158979589.324404239654541 7.301418944444444
3.130124914868000 2227884172.193297386169434 7.305939703703703
3.067493290054000 2248198813.526795387268066 7.310378629629628
3.093500612167000 2189779837.308903694152832 7.314888425925925
3.163914591780000 2188583882.329537868499756 7.329131592592591
3.025011024336000 2248782435.981919765472412 7.335117314814814
3.025011024336000 2180589661.533359527587891 7.344051944444443
3.385597703618000 2150689985.973711490631104 7.353016592592591
3.161947741420000 2153447312.039796352386475 7.362040370370369
3.503456645532000 2226780334.555981636047363 7.366543851851850
3.102179672916000 2248073964.793794631958008 7.370974888888887
3.185083944406000 2164625870.626274108886719 7.375470907407406
3.093500612167000 2274785382.256947994232178 7.379964685185183
3.030842591166000 2213809224.860593318939209 7.384477851851850
1.732876215840000 2140193730.759390354156494 7.388965370370369
1.739592790320000 1558566121.837154865264893 7.394117055555554
3.077114997138000 1492322449.866068124771118 7.398721388888887
3.132072939002000 2000808362.087283611297607 7.404211777777777
1.733495054124000 2238537182.080746173858643 7.408706425925924
3.024070423864000 1570002702.943641185760498 7.413899666666665
3.016355958497000 1962601548.528694629669189 7.419367222222220
3.033670538208000 2138281601.589733362197876 7.423803092592591
3.021249672616000 2137560208.024394750595093 7.428236333333332
1.740214027202000 2138598194.932278633117676 7.432670351851850
3.015418455842000 1559456411.400122880935669 7.437818444444442
3.031784889231000 1963704574.330757379531860 7.443284129629627
1.733495054124000 2138619792.516025543212891 7.447712851851850
3.038554658828000 1557925164.606905460357666 7.452856981481479
1.732876215840000 1961429404.817899227142334 7.458329629629627
3.016355958497000 1558712192.275271654129028 7.463470407407405
3.024070423864000 1962080119.868631362915039 7.468945537037034
3.130124914868000 2137362554.690891981124878 7.473381240740737
3.023130523504000 2009212258.350140094757080 7.477898796296293
3.009577294620000 1647766859.085303306579590 7.493980629629626
3.068447576644000 2125861557.501605987548828 7.499891092592589
3.068447576644000 2154882818.767952919006348 7.508800685185182
3.377885635956000 2170857875.324589252471924 7.517757870370367
3.076157243922000 2137093203.931691884994507 7.526710759259256
3.372269942946000 2182568349.502564430236816 7.531206037037034
3.489107082112000 2148588007.720988750457764 7.535695962962960
3.107963267786000 2066223664.686877250671387 7.540126537037033
1.732257377556000 2226489670.467122554779053 7.544627296296293
1.740835726658000 1571670231.131402492523193 7.549819148148145
3.037608907532000 1492656071.073628664016724 7.554421574074071
3.106995913034000 2002195332.059116363525391 7.559924833333330
3.053028242088000 2237187545.579273700714111 7.564419444444441
3.071312213484000 2203647911.897543907165527 7.568909166666663
3.007706388180000 2193207020.972712993621826 7.573343499999996
3.075200559627000 2150323811.408988952636719 7.577834111111107
3.062642750699000 2191375385.891351222991943 7.582255092592589
3.070357216066000 2193454595.493951797485352 7.586696037037033
3.045318574810000 2193492329.847849369049072 7.591132425925922
3.117613402632000 2193614344.802281379699707 7.595573833333329
3.069402929476000 2236868703.516759395599365 7.600068185185181
3.037608907532000 2204109273.228388786315918 7.604563203703700
3.021249672616000 2148721197.624546051025391 7.609053574074070
1.740214027202000 2138656091.615075826644897 7.613474648148144
3.116644008268000 1558655617.777489900588989 7.618623481481477
3.022189572976000 2028336466.637846946716309 7.624149537037033
3.054928285332000 2158645491.979595661163330 7.628669259259255
3.085786146800000 2183433614.109626293182373 7.633167370370367
1.740835726658000 2193397229.417727470397949 7.637606870370367
3.061690861814000 1476050789.850580453872681 7.642804759259255
3.030842591166000 2127540518.814634561538696 7.658147425925922
1.740835726658000 2130594383.731673479080200 7.664100370370366
3.021249672616000 1663998907.220792293548584 7.673963092592588
3.440651553682000 2105761721.345611095428467 7.683968185185181
3.114705580312000 1925375137.254630088806152 7.694660666666662
3.439582177252000 2224741533.342075824737549 7.699179481481477
3.169659809082000 2203323315.703623294830322 7.703675259259255
3.024070423864000 2226945676.897415161132812 7.708193833333328
3.115675335448000 2168895891.943538188934326 7.712729185185180
3.124358473635000 2226289329.988193511962891 7.717246518518514
3.060737909366000 2248288573.561114311218262 7.721687648148143
3.108929542901000 2203083838.879563808441162 7.726177962962958
3.114705580312000 2238009241.747260093688965 7.730662444444439
3.106029637919000 2248023971.731213092803955 7.735101314814809
1.727392979734000 2248058573.358461380004883 7.739542722222216
1.740214027202000 1570943406.993166685104370 7.744735092592586
1.720057107968000 1492857929.537552595138550 7.749342222222216
1.740214027202000 1492883419.438945531845093 7.753944666666660
3.114705580312000 1492620738.825178384780884 7.758542055555549
3.009577294620000 2040210726.236773014068604 7.764070555555548
3.016355958497000 2159280617.394372463226318 7.768584148148141
3.017294159478000 2138649014.084506988525391 7.773021648148141
3.024070423864000 2138681478.943277359008789 7.777453240740734
3.068447576644000 2138447855.066653251647949 7.781887462962955
3.032727889194000 2183191138.176544189453125 7.786381981481473
3.007706388180000 2148674816.686382293701172 7.790874888888881
3.014479905698000 2138449082.911791563034058 7.795308203703696
3.031784889231000 2138004387.669395208358765 7.799739814814807
1.725543201674000 2137454087.000083446502686 7.804175740740734
1.732257377556000 1556162245.143754959106445 7.809326611111103
3.069402929476000 1491578492.544188499450684 7.823919999999992
3.007706388180000 2129051366.008081436157227 7.830056425925918
3.114705580312000 2172929993.736845970153809 7.839902370370363
1.902148689746000 2210252277.997220516204834 7.848871018518511
1.914907327230000 1843979846.705308198928833 7.858583611111103
3.023130523504000 1492085854.929781436920166 7.863188277777770
1.921626300308000 1958749154.092363834381104 7.868655777777770
1.733495054124000 1558619934.613489389419556 7.873804648148140
3.015418455842000 1491846129.089358568191528 7.878407833333325
3.062642750699000 1933800480.117181062698364 7.883869462962955
3.016355958497000 2179982417.057513236999512 7.888366666666658
3.025011024336000 2148227365.712023258209229 7.892856740740732
3.015418455842000 2137576935.920125484466553 7.897293333333325
3.021249672616000 2138269118.827780008316040 7.901721777777770
1.726159641360000 2138058264.328421592712402 7.906163222222214
3.024070423864000 1559022002.461511850357056 7.911309111111103
3.108929542901000 1962329785.505362510681152 7.916779333333325
3.118582436224000 2227870705.195856094360352 7.921288981481473
3.079029078342000 2248027508.286256313323975 7.925730740740732
1.734114353196000 2203791871.234675407409668 7.930215499999991
3.085786146800000 1565356316.488647460937500 7.935387296296287
3.038554658828000 2001432374.386491775512695 7.940888444444435
3.131099470772000 2148698403.935366153717041 7.945383296296287
1.734114353196000 2227916572.568890094757080 7.949893314814806
1.746933000280000 1571842262.382435083389282 7.955085481481472
3.068447576644000 1492740281.740012168884277 7.959687833333324
3.122415247590000 2001537556.506296396255493 7.965193611111101
1.740214027202000 2238264640.006599426269531 7.969683148148139
3.015418455842000 1571832094.783821582794189 7.974873907407398
3.131099470772000 1962105166.483097314834595 7.980338259259249
3.130124914868000 2224501619.491368770599365 7.984849277777768
3.061690861814000 2219133249.118142127990723 7.999113148148138
3.030842591166000 1876725787.134798049926758 8.006164037037026
3.022189572976000 2137083227.828278779983521 8.015920166666655
1.910232213260000 2082621766.474336862564087 8.024765574074063
3.410854267236000 1478989507.685453414916992 8.034741129629619
2.993212562396000 2000577286.355055809020996 8.040244592592583
2.076162681102000 2148860691.399035453796387 8.044726648148139
2.992282252856000 1530507333.091944217681885 8.049892222222212
1.720671606272000 1962453469.590922355651855 8.055361166666657
1.720671606272000 1550149057.656806707382202 8.060537388888878
1.726776081046000 1492740250.444349765777588 8.065142537037026
3.046266726490000 1492456146.989911317825317 8.069742499999990
3.139787404369000 2001621473.246011257171631 8.075240814814805
3.047213819965000 2282421643.435112953186035 8.079737944444435
2.998127863897000 2213444285.861182212829590 8.084240259259250
3.006770238420000 2148652737.108541488647461 8.088717814814805
3.053978794152000 2138307477.587355852127075 8.093136203703693
3.115675335448000 2183073582.272070407867432 8.097633814814804
1.726776081046000 2238159132.858469963073730 8.102118537037027
3.015418455842000 1571413938.245027780532837 8.107305703703695
3.007706388180000 1962360756.858138084411621 8.112775685185175
3.009577294620000 2138558879.917798042297363 8.117209222222213
3.107963267786000 2138489655.634351253509521 8.121632814814806
3.061690861814000 2227870401.509248256683350 8.126148185185176
3.070357216066000 2203595597.531047821044922 8.130630518518510
3.099286245756000 2193506716.648438453674316 8.135066703703695
3.016355958497000 2236865009.740541934967041 8.139543981481472
1.726159641360000 2158282891.576159477233887 8.144053888888878
3.122415247590000 1558443686.006825923919678 8.149197666666657
3.030842591166000 2037063068.370089530944824 8.154730462962954
3.025011024336000 2176165624.617051601409912 8.169086666666658
3.094462808058000 2067384273.675637006759644 8.174997962962955
3.030842591166000 1747373534.528012275695801 8.185792740740732
3.393309771280000 2134281348.696118831634521 8.194693518518509
3.024070423864000 2152778235.738346576690674 8.203692981481472
1.921626300308000 2136834110.799380302429199 8.208115388888880
3.444077325824999 1558730007.621622323989868 8.213266425925916
3.008641493130000 2001831548.840808868408203 8.218769944444434
3.077114997138000 2087090785.589902639389038 8.223268333333323
3.015418455842000 2182409505.178839683532715 8.227764907407396
3.024070423864000 2147173052.510098218917847 8.232257870370359
3.068447576644000 2139933906.862261056900024 8.237697444444434
3.022189572976000 2183218046.847321987152100 8.242192740740730
3.079029078342000 2148737143.492751598358154 8.246687870370360
3.039499354598000 2182797918.580745697021484 8.251182666666656
3.029899240254000 2148569453.547182559967041 8.255675277777767
3.016355958497000 2136307143.875659465789795 8.260090870370359
3.169659809082000 2138724782.150562763214111 8.264519685185174
3.031784889231000 2272679842.704245567321777 8.269054666666657
3.132072939002000 2169512130.569034099578857 8.273588666666656
3.108929542901000 2228028381.476574897766113 8.278103870370360
3.029899240254000 2203167108.316059112548828 8.282597407407398
3.024070423864000 2148548002.114339351654053 8.287081777777768
3.025951274752000 2138547685.200682640075684 8.291507407407398
1.740214027202000 2138361140.874959945678711 8.295949092592583
3.014479905698000 1558483556.348926544189453 8.301094611111100
1.732876215840000 1963067265.060404300689697 8.306557796296286
3.013542403043000 1544721746.917109966278076 8.311707185185174
1.754278473582000 1961676512.574980020523071 8.317168499999989
3.030842591166000 1556589732.263103961944580 8.322324888888877
3.069402929476000 2157414469.095889568328857 8.337698907407395
1.733495054124000 2179971119.670541286468506 8.343675037037025
1.734114353196000 1635890259.032863378524780 8.353466444444432
3.437442229558000 1672234585.206584692001343 8.364299592592580
3.072266855488000 2164773494.952472209930420 8.374352185185172
3.378935830746000 2192756626.928032398223877 8.378793240740727
3.023130523504000 2148366838.456119537353516 8.383288407407393
1.740214027202000 2135608962.376585483551025 8.387716796296282
3.175395064076000 1526953460.594766139984131 8.392864166666651
3.061690861814000 2080097319.067083358764648 8.398409499999985
3.071312213484000 2213405836.566301345825195 8.402925092592579
1.740835726658000 2193182728.332100868225098 8.407358814814801
3.162930800470000 1563253577.360304594039917 8.412521166666652
3.100251200124000 2079611442.839355707168579 8.418053981481467
3.030842591166000 2203521102.857985973358154 8.422571537037022
1.732257377556000 2148248603.895431995391846 8.427044962962949
3.072266855488000 1558100637.850601911544800 8.432189555555542
3.030842591166000 2001869758.493240833282471 8.437675944444431
1.726776081046000 2148853352.162925720214844 8.442160611111097
3.062642750699000 1558599397.297559976577759 8.447304111111098
3.116644008268000 2000743302.359309911727905 8.452794574074060
3.078071681433000 2238202575.135653018951416 8.457279055555542
1.734114353196000 2203752880.488610267639160 8.461766462962949
3.015418455842000 1565668469.578548431396484 8.466936425925912
3.062642750699000 1962412369.805793523788452 8.472398351851838
3.023130523504000 2183227898.568669319152832 8.476885240740728
3.015418455842000 2148762558.623423099517822 8.481370870370357
3.124358473635000 2138460552.572912454605103 8.485806685185173
3.038554658828000 2097013545.758232116699219 8.490346851851839
3.061690861814000 2130469530.936358928680420 8.504692611111098
3.123387403110000 2180944529.587322235107422 8.510661759259246
1.740214027202000 2206721021.036588668823242 8.519592407407394
3.370173568294000 1822768099.201826572418213 8.529227833333321
1.922998298364000 1729678350.210498571395874 8.539494462962951
3.037608907532000 1547019162.955214500427246 8.544646185185174
3.101215077534000 1962683517.280407190322876 8.550111055555545
3.108929542901000 2158116389.870363235473633 8.554623666666656
3.032727889194000 2246518298.244518280029297 8.559070055555544
1.753651973358000 2158079370.358053207397461 8.563580555555545
3.024070423864000 1548629700.450725793838501 8.568732740740730
3.133047132348000 1962679727.098816633224487 8.574202092592582
3.123387403110000 2227571169.723454475402832 8.578719462962953
3.083866911200000 2248140625.719560623168945 8.583142814814805
3.124358473635000 2203906489.990797519683838 8.587630351851841
1.732257377556000 2237211721.931475162506104 8.592127777777767
3.030842591166000 1571460678.483323097229004 8.597322370370360
1.740835726658000 1962990650.156056404113770 8.602792851851842
3.078071681433000 1558951467.215800046920776 8.607936759259250
3.115675335448000 2001727253.750639677047729 8.613437055555545
3.025011024336000 2238267234.414417743682861 8.617929574074063
3.030842591166000 2159177161.903586387634277 8.622429851851841
3.021249672616000 2138504110.758262157440186 8.626855907407396
1.734114353196000 2138521213.337682008743286 8.631284462962952
3.023130523504000 1557091965.408068895339966 8.636425888888878
3.025011024336000 1962616734.426052093505859 8.641900962962952
3.032727889194000 2138408801.404212713241577 8.646332074074063
3.069402929476000 2138368647.271360158920288 8.650765499999990
3.033670538208000 2176000826.900734424591064 8.655244518518508
1.728008960418000 2134789985.184802055358887 8.669556648148138
3.106995913034000 1591126817.526853561401367 8.676342425925915
3.018232011296000 1740170173.833485841751099 8.686543759259248
1.914907327230000 1868188141.723674774169922 8.697147074074064
3.016355958497000 1899772118.646470308303833 8.706945870370360
1.914223726800000 1961636435.861394643783569 8.712400203703693
3.409793692214000 1554753801.140162229537964 8.717552166666655
3.170645265837000 2001444262.295082092285156 8.723042166666655
3.023130523504000 2254117737.197268009185791 8.727561962962952
3.009577294620000 2167586404.583055973052979 8.732090722222210
3.008641493130000 2138499230.151291847229004 8.736516796296284
3.038554658828000 2138187079.969611883163452 8.740953203703691
3.079986118944000 2138226610.575215816497803 8.745385999999987
3.024070423864000 2183191071.428571701049805 8.749865999999987
1.733495054124000 2148556032.557446956634521 8.754343555555542
1.727392979734000 1557345479.383111000061035 8.759494851851837
3.123387403110000 1491935950.188843250274658 8.764098907407393
3.014479905698000 2038063692.858435630798340 8.769623685185170
3.031784889231000 2159202226.694923877716064 8.774141259259244
1.734114353196000 2138536173.421300649642944 8.778562092592576
3.015418455842000 1558861508.344908475875854 8.783708277777761
3.101215077534000 1953975006.086180210113525 8.789185166666650
1.734114353196000 2227656711.446652889251709 8.793688666666650
3.163914591780000 1571157954.399623632431030 8.798883555555539
3.025011024336000 2081495654.323297023773193 8.804427592592576
3.022189572976000 2169784338.769896030426025 8.808951148148132
3.069402929476000 2138616672.322135686874390 8.813371648148133
1.733495054124000 2183030926.475980281829834 8.817866777777763
3.024070423864000 1565085211.631108045578003 8.823032999999985
1.732876215840000 1876054521.726194381713867 8.828510259259243
1.726159641360000 1932980437.924439191818237 8.843489166666650
1.720057107968000 1481129520.022976636886597 8.850065870370354
3.092539132462000 1854678784.233836650848389 8.860719722222207
3.556368534186999 1783052407.133608579635620 8.871002814814799
1.713950232810000 2220019241.365221023559570 8.879976537037022
3.378935830746000 1577545691.572573423385620 8.885196925925911
3.077114997138000 1956228062.933513641357422 8.890670074074059
3.022189572976000 2181048733.217350959777832 8.895151388888873
3.023130523504000 2105556879.345839977264404 8.899630981481465
3.077114997138000 2136610710.646488189697266 8.904047148148132
3.016355958497000 2183091575.061288356781006 8.908526574074058
3.025951274752000 2148435010.201347827911377 8.913019444444428
3.070357216066000 2138214550.649090290069580 8.917452999999984
3.068447576644000 2183136468.513605117797852 8.921947592592577
3.030842591166000 2193071581.722466468811035 8.926386962962948
3.024070423864000 2148362725.591823101043701 8.930863870370356
3.070357216066000 2138221445.825427770614624 8.935295018518504
3.013542403043000 2183166408.477397441864014 8.939789759259245
3.014479905698000 2147955725.675725936889648 8.944279444444430
3.023130523504000 2138686578.759413480758667 8.948713129629615
3.014479905698000 2138347601.516107797622681 8.953144555555541
3.040444754052000 2138380636.344259500503540 8.957575537037023
3.022189572976000 2138405912.416995048522949 8.962006888888874
3.015418455842000 2138333231.343127012252808 8.966425129629615
3.022189572976000 2138474525.044980287551880 8.970861222222208
3.010512747840000 2138006036.427874565124512 8.975284981481467
3.170645265837000 2138538748.821125507354736 8.979703037037023
3.016355958497000 2271758349.929804801940918 8.984240666666652
3.029899240254000 2169585268.672636032104492 8.988772203703689
3.039499354598000 2138408038.671260833740234 8.993200796296282
3.031784889231000 2137163940.671402931213379 8.997624370370357
1.732876215840000 2113492214.551870107650757 9.012802259259246
3.139787404369000 1477529072.164948463439941 9.018864759259246
3.008641493130000 1910458487.763180732727051 9.030021888888877
3.375784072974000 1899903057.544556617736816 9.040651333333320
3.437442229558000 2169571946.095949649810791 9.049740185185172
3.024070423864000 2182246734.601262569427490 9.054228888888876
1.739592790320000 2148413370.928247928619385 9.058721222222209
1.740214027202000 1545783436.742851734161377 9.063872740740727
3.015418455842000 1484883921.454967021942139 9.068473074074062
3.154235673758000 1962909320.027235746383667 9.073939796296283
3.007706388180000 2272033839.068445682525635 9.078475425925912
3.007706388180000 2169102988.785420417785645 9.083011518518505
3.013542403043000 2138236711.018989086151123 9.087442925925913
1.726776081046000 2138370965.924033403396606 9.091879092592579
1.741456500966000 1519356935.444780349731445 9.099978388888875
3.009577294620000 1490884897.782028913497925 9.104586370370356
3.031784889231000 1962730691.380255699157715 9.110057444444431
3.024070423864000 2138305584.315821170806885 9.114493148148135
3.106995913034000 2138161233.399123668670654 9.118921740740728
3.073286122116000 2227718526.974532604217529 9.123431481481468
3.169659809082000 2203578873.175577163696289 9.127924277777764
3.022189572976000 2280834078.726692676544189 9.132429314814800
1.734114353196000 2169890213.200040817260742 9.136967740740726
3.015418455842000 1558637901.118126869201660 9.142111925925912
3.070357216066000 1963053414.492125749588013 9.147582074074061
3.029899240254000 2170263097.091355800628662 9.152102444444431
3.039499354598000 2148824477.885078907012939 9.156595388888876
3.076157243922000 2137012431.788245677947998 9.161023999999987
3.000927027763000 1973615314.367150068283081 9.165546018518505
3.070357216066000 1648317621.575235843658447 9.181601462962949
3.061690861814000 2161442078.430522441864014 9.187580333333319
3.031784889231000 2187385330.647587776184082 9.196442851851838
1.922312810132000 2198021704.307670116424561 9.205425537037023
3.115675335448000 1809351028.633127450942993 9.215047259259245
3.434004861810000 2040268717.302913427352905 9.220576407407394
3.317220107810000 2196799696.616198539733887 9.225068944444432
3.006770238420000 2142649894.244684696197510 9.229560444444433
1.734114353196000 2123609466.861382484436035 9.233986018518507
3.160963583980000 1548284880.397171735763550 9.240140648148136
3.178359731204000 2081759365.261933088302612 9.245679240740730
3.201503127305000 2303494116.371581554412842 9.250120314814804
1.732876215840000 2301337943.995489597320557 9.254554481481470
3.022189572976000 1577352439.479246377944946 9.259767722222211
1.734732730692000 1962577374.137031555175781 9.265234425925915
3.161947741420000 1558517349.748906612396240 9.270378592592580
3.023130523504000 2081630696.085085868835449 9.275917240740728
3.014479905698000 2168829317.056053638458252 9.280455870370359
3.115675335448000 2138789377.235860347747803 9.284892185185173
1.739592790320000 2228097464.830372810363770 9.289402074074061
1.740214027202000 1571239684.039726734161377 9.294594944444432
3.015418455842000 1492542562.962246894836426 9.299192055555544
3.124358473635000 1959378469.490191698074341 9.304652351851841
3.162930800470000 2227922893.700061321258545 9.309169444444434
3.132072939002000 2293551807.348191261291504 9.313658833333323
3.131099470772000 2258773163.572410583496094 9.318144444444433
3.106029637919000 2248368941.274642944335938 9.322582870370359
3.064547592032000 2248404465.909803390502930 9.327011481481470
3.062642750699000 2085156065.097855806350708 9.331527759259249
1.740835726658000 2139566677.347498893737793 9.345918370370359
3.030842591166000 1514781921.844393730163574 9.352904907407396
3.030842591166000 2108721831.111277580261230 9.362787592592580
3.440651553682000 2198508137.488033294677734 9.371782314814803
3.139787404369000 2162120161.720387458801270 9.380741537037025
3.384543935042000 2237380552.488929271697998 9.385220259259247
3.116644008268000 2151868045.827805042266846 9.389728277777765
3.324934573177000 2219552288.549844264984131 9.394228944444432
3.016355958497000 2044245554.489780902862549 9.398746611111099
1.747557100120000 2070475933.634285211563110 9.403168796296283
3.029899240254000 1529161679.443059444427490 9.408323944444431
3.107963267786000 1928319578.221636533737183 9.413803388888876
3.022189572976000 2226861503.674392223358154 9.418324166666654
3.017294159478000 2158797460.567435264587402 9.422839611111099
3.022189572976000 2138471679.818109035491943 9.427270425925913
1.738971553438000 2138663002.206211805343628 9.431693962962949
3.018232011296000 1558003320.990678310394287 9.436835222222209
3.068447576644000 1955638643.567306756973267 9.442303814814801
3.007706388180000 2183022353.771656990051270 9.446789759259246
3.101215077534000 2148772447.014282226562500 9.451279962962950
1.733495054124000 2228184703.521464824676514 9.455792499999987
3.060737909366000 1570636077.844311237335205 9.460988055555543
1.728008960418000 2001884700.083716392517090 9.466496074074062
3.061690861814000 1565366778.141403436660767 9.471668037037025
3.016355958497000 2000978353.428977489471436 9.477152611111100
3.039499354598000 2149004819.814978599548340 9.481632574074062
3.015418455842000 2138408102.365075588226318 9.486051037037026
3.030842591166000 2138223951.285520792007446 9.490485037037026
3.294076711709000 2138396212.788518190383911 9.494921018518507
3.131099470772000 2182375561.700656890869141 9.499421240740730
3.030842591166000 2241554119.209000110626221 9.513732240740730
3.076157243922000 2130969263.574275970458984 9.519724648148138
3.131099470772000 2212257189.153710365295410 9.528753166666656
3.484769609656000 2224417467.968730449676514 9.537650722222212
1.915591436670000 2198267857.142857074737549 9.546722722222212
3.084827064800000 1571150301.815886974334717 9.551916592592582
3.100251200124000 1996482930.750885486602783 9.557421944444433
3.077114997138000 2137403217.535946369171143 9.561864037037026
1.739592790320000 2192478362.153180599212646 9.566299851851841
1.740214027202000 1565163811.025880098342896 9.571466148148138
3.055878483768000 1491449583.395298242568970 9.576073499999991
3.108929542901000 2001347120.243870258331299 9.581559111111101
3.116644008268000 2237963331.998199462890625 9.586043796296286
3.152273255357000 2238024308.255776405334473 9.590473018518509
3.031784889231000 2241824806.440719127655029 9.594914666666657
3.223644282716000 2137670153.037744760513306 9.599341074074065
1.742077969135000 2316980020.627550601959229 9.603883722222212
1.740214027202000 1576697722.428231477737427 9.609122407407398
1.740214027202000 1492546631.061635971069336 9.613727111111102
1.726776081046000 1492682471.090939760208130 9.618329666666657
3.031784889231000 1492796209.445040464401245 9.622937611111102
1.733495054124000 1962038777.729226350784302 9.628404666666658
3.030842591166000 1559110749.607704877853394 9.633550074074066
3.031784889231000 1962857914.600504398345947 9.639021092592584
3.123387403110000 2138437866.005378484725952 9.643441944444437
3.116644008268000 2228134710.092586517333984 9.647954240740733
3.092539132462000 2247013124.128721237182617 9.652377814814807
3.046266726490000 2203935887.811919689178467 9.656867629629621
3.017294159478000 2143807400.883233070373535 9.661367092592585
3.124358473635000 2135061031.766438484191895 9.675627425925917
1.740835726658000 2221197397.686832904815674 9.681622092592583
3.007706388180000 1822358875.985068559646606 9.691266092592583
3.438511605988000 1739824676.457123756408691 9.701459944444435
3.124358473635000 1872989391.426583051681519 9.712157092592584
3.384543935042000 2237708720.541224002838135 9.716640759259251
3.022189572976000 2153568567.177759647369385 9.721159037037030
3.017294159478000 2138434702.102167606353760 9.725579518518511
1.734114353196000 2088656828.669776678085327 9.730001777777771
3.160963583980000 1558080012.949407339096069 9.735150018518512
3.029899240254000 2081236709.329931735992432 9.740695888888883
3.045318574810000 2169317483.984074115753174 9.745216851851845
1.728625629605000 2138252619.003859519958496 9.749650259259253
3.100251200124000 1558580073.981493711471558 9.754791685185179
1.739592790320000 2041393862.209725141525269 9.760317259259253
3.076157243922000 1571529643.182264566421509 9.765504574074068
1.732257377556000 2001995152.983944416046143 9.771006240740736
1.726776081046000 1561149059.137378454208374 9.776177814814810
3.061690861814000 1493017659.289526224136353 9.780782462962959
3.018232011296000 2002066798.118400573730469 9.786286055555552
3.023130523504000 2148772109.810513973236084 9.790780666666663
3.069402929476000 2138449346.787396907806396 9.795214592592590
3.062642750699000 2182974733.778688907623291 9.799694296296293
3.169659809082000 2192703244.704822063446045 9.804132296296293
3.015418455842000 2281861244.588522434234619 9.808645166666663
3.022189572976000 2169525939.814227104187012 9.813168814814810
3.123387403110000 2138271306.996477127075195 9.817594851851847
3.017294159478000 2227592187.564044475555420 9.822112814814810
3.024070423864000 2159197834.204936981201172 9.826620611111107
3.062642750699000 2132978623.218601465225220 9.831064685185181
3.022189572976000 2148180822.130600929260254 9.845370333333330
3.022189572976000 2130289578.298552274703979 9.852427722222219
1.739592790320000 2135683895.833638668060303 9.861273259259255
3.370173568294000 1880527842.484323978424072 9.870971999999995
3.384543935042000 2094880453.099194526672363 9.880895425925921
3.031784889231000 2137772013.560344934463501 9.885314629629624
3.340363503911000 2138133019.025367021560669 9.889753148148143
3.008641493130000 2118585813.637008666992188 9.894189333333328
3.005835133470000 2121637897.463787794113159 9.898649907407401
3.023130523504000 2137578271.683513164520264 9.903072537037032
1.740214027202000 2138373366.604840993881226 9.907495555555551
3.008641493130000 1557948622.623769283294678 9.912636166666662
3.107963267786000 1962855396.073121070861816 9.918106537037032
3.025951274752000 2227432952.611397266387939 9.922621999999995
3.068447576644000 2158629314.381958007812500 9.927129962962958
3.075200559627000 2182746424.056124210357666 9.931612074074069
3.070357216066000 2190474637.862763881683350 9.936045629629625
3.108929542901000 2193775165.350259304046631 9.940486259259254
3.032727889194000 2238639899.903371810913086 9.944970814814809
3.016355958497000 2159010620.995564460754395 9.949479703703698
1.727392979734000 2138529698.516643285751343 9.953905351851846
1.726776081046000 1559056709.386008501052856 9.959046574074069
3.107963267786000 1492793817.791344404220581 9.963651185185180
3.023130523504000 2041242705.628068208694458 9.969177388888884
3.072266855488000 2158954274.109175682067871 9.973690999999995
3.061690861814000 2183230679.851668834686279 9.978185444444440
3.077114997138000 2193243229.036295413970947 9.982624333333328
3.123387403110000 2193297317.604628562927246 9.987060666666661
3.015418455842000 2238546023.157398223876953 9.991537277777772
3.123387403110000 1964458695.705531597137451 9.996064203703698
3.046266726490000 1674881127.867251634597778 10.012146999999993
1.740214027202000 2126167271.826011419296265 10.018124407407401
3.016355958497000 1819353671.996932983398438 10.027687777777771
3.046266726490000 2105850966.614688158035278 10.037544629629624
3.028956942189000 2121619602.772361278533936 10.046452666666660
3.383491342547000 2137306623.051213502883911 10.050879685185178
3.429734959985000 2137943474.222404718399048 10.055305722222215
3.078071681433000 2174061792.068701744079590 10.059808277777771
1.739592790320000 2174250285.088910102844238 10.064241592592586
2.999060571142000 1540670976.456966400146484 10.069423592592585
1.740835726658000 1962478261.457987785339355 10.074896888888881
1.726776081046000 1558038168.900080919265747 10.080044574074067
3.061690861814000 1492902730.306807756423950 10.084649944444438
3.047213819965000 2001185397.847799539566040 10.090158518518512
3.152273255357000 2193390989.803240776062012 10.094597111111105
3.022189572976000 2282577609.136241912841797 10.099101759259252
3.007706388180000 2169232487.542242050170898 10.103628166666660
3.016355958497000 2137532483.454893589019775 10.108068888888882
3.023130523504000 2138695919.538544654846191 10.112489685185178
3.047213819965000 2133333132.982719898223877 10.116926351851845
3.016355958497000 2138329489.800174951553345 10.121365425925919
3.006770238420000 2138397514.592355489730835 10.125791259259252
3.008641493130000 2138518601.726884126663208 10.130209407407399
3.017294159478000 2138545981.281882047653198 10.134645592592584
3.008641493130000 2138342238.744182348251343 10.139074166666658
3.007706388180000 2138471190.963713645935059 10.143487648148140
3.154235673758000 2138561629.832986354827881 10.147926185185177
3.061690861814000 2271843849.037210464477539 10.152466425925919
3.013542403043000 2214244824.105758190155029 10.156979870370364
3.019169863114000 2149184559.541515827178955 10.161474555555548
3.007706388180000 2022352658.295485019683838 10.165910703703696
1.734114353196000 1624013898.641667604446411 10.182472407407401
1.725543201674000 1479194721.892752408981323 10.189591962962956
1.725543201674000 1826001744.499059677124023 10.200186111111103
3.450510764832000 1487877869.670611619949341 10.209536777777769
3.425222622948000 1934767134.382593154907227 10.219688555555548
3.070357216066000 2191639416.320181846618652 10.224129092592586
3.396475920640000 2193079333.813890457153320 10.228547833333327
3.062642750699000 2095727084.290093898773193 10.233023777777770
3.116644008268000 2182205871.334532737731934 10.237522092592584
3.008641493130000 2240243654.377274036407471 10.243013629629621
3.123387403110000 2158986831.474866867065430 10.247529166666657
1.740214027202000 2216813583.531946659088135 10.252066796296287
3.171631456638000 1571702867.295281171798706 10.257257518518509
3.162930800470000 2081722825.433711051940918 10.262803962962954
1.740835726658000 2302736339.243172645568848 10.267234740740731
3.139787404369000 1576376673.773987054824829 10.272445851851842
3.078071681433000 2041917891.039734125137329 10.277971481481471
2.998127863897000 2203752845.689399242401123 10.282461703703692
3.031784889231000 2148579168.199612140655518 10.286941499999989
3.085786146800000 2138291250.768374919891357 10.291370037037026
3.132072939002000 2179851387.822813987731934 10.295857481481471
1.726159641360000 2237147694.503690242767334 10.300346351851841
3.015418455842000 1571905789.843268156051636 10.305541592592583
3.160963583980000 1962606707.213482618331909 10.310991777777769
3.009577294620000 2272477116.274506568908691 10.315521925925918
3.031784889231000 2168615201.638117790222168 10.320052870370363
3.117613402632000 2138857087.989847421646118 10.324488777777770
3.363506900012000 2227874477.124719142913818 10.329004407407400
3.115675335448000 2198967401.520272731781006 10.333496777777770
3.037608907532000 2202616619.744174480438232 10.347816425925918
3.016355958497000 2067788291.354663133621216 10.353801240740733
1.740835726658000 1894038660.379403114318848 10.364396833333325
3.571797464921000 1649116412.300167560577393 10.374210611111103
3.394364761480000 2201083514.584402561187744 10.384240351851844
3.078071681433000 2169068238.021007537841797 10.388778388888880
3.148480862064000 2169591951.391552925109863 10.393267777777769
3.044371481335000 2183607688.593794345855713 10.397755425925917
1.727392979734000 2158483213.222815036773682 10.402272870370361
1.814122731060000 1558502756.688521146774292 10.407421962962953
3.067493290054000 1490505192.670603275299072 10.411985018518509
3.162930800470000 2001066922.727042913436890 10.417481407407397
3.091576578478000 2282865142.392789840698242 10.421993574074063
3.016355958497000 2169377516.408248901367188 10.426524944444434
3.123387403110000 2137958476.123771429061890 10.430966833333324
3.030842591166000 2227789573.747116565704346 10.435486407407398
3.024070423864000 2158454187.435633659362793 10.439981777777769
3.076157243922000 2138576412.523390293121338 10.444405499999991
3.093500612167000 2183430519.788211345672607 10.448899851851843
3.123387403110000 2193535308.146102905273438 10.453325962962955
3.078071681433000 2238334159.181132793426514 10.457818166666659
3.069402929476000 2203856594.627347946166992 10.462310740740733
3.008641493130000 2193387824.691605567932129 10.466742296296289
3.077114997138000 2140188170.081219434738159 10.471259092592586
3.015418455842000 2180614253.607857227325439 10.475758018518512
3.013542403043000 2147392980.517928123474121 10.480250277777770
3.091576578478000 2138342838.015941143035889 10.484676296296289
3.077114997138000 2181837252.131064891815186 10.489171092592585
3.153253916702000 2193344290.642986774444580 10.493604685185177
3.039499354598000 2067035875.347737312316895 10.498084703703697
1.726159641360000 1630891802.117933750152588 10.514090870370364
3.014479905698000 1480767752.537809371948242 10.520198499999994
3.160963583980000 2096928032.032106399536133 10.528190481481476
3.070357216066000 2247582094.546445846557617 10.537156092592587
3.440651553682000 2172178399.315778255462646 10.546163351851847
3.131099470772000 2162856246.343668460845947 10.552431018518513
3.383491342547000 2237765385.645696163177490 10.556924444444439
3.014479905698000 2154365890.106994628906250 10.561422759259253
3.084827064800000 2136286991.808822631835938 10.565858425925919
3.038554658828000 2163886134.833593845367432 10.570344888888881
3.022189572976000 2148330315.156960487365723 10.574838240740734
3.124358473635000 2138244148.358533143997192 10.579271944444438
1.747557100120000 2227006532.190849781036377 10.583782370370363
3.008641493130000 1570194204.687773227691650 10.588972388888882
3.038554658828000 1962390867.579908609390259 10.594447388888883
3.016355958497000 2137664280.304773569107056 10.598873259259253
1.726776081046000 2125668054.556117773056030 10.603325351851845
3.022189572976000 1557591445.236552238464355 10.608468685185178
1.728008960418000 1952521303.598794221878052 10.613918555555548
3.062642750699000 1558866300.965810060501099 10.619066796296289
3.106995913034000 2001215863.325556516647339 10.624575425925919
3.015418455842000 2238383041.321224212646484 10.629069574074066
3.114705580312000 2159125480.059083938598633 10.633582907407400
3.061690861814000 2227527666.655736446380615 10.638100981481474
3.078071681433000 2203690947.604870796203613 10.642585777777770
1.727392979734000 2193410934.714818477630615 10.647021870370363
3.069402929476000 1565085368.737058639526367 10.652191166666659
1.734732730692000 2002186470.507078409194946 10.657694370370363
3.018232011296000 1565494106.220633983612061 10.662861462962956
3.077114997138000 1961908308.834486961364746 10.668329092592586
3.038554658828000 2035003243.749922752380371 10.672833481481474
1.734114353196000 2112266215.426252603530884 10.687120574074067
3.040444754052000 1478614583.712548732757568 10.693224796296288
2.999060571142000 2097173741.627859592437744 10.701209833333325
1.733495054124000 2135659826.767113447189331 10.710073944444435
3.493566650886000 1664157965.952830791473389 10.719941518518509
3.456080484416000 2120699035.696159839630127 10.727275537037027
3.084827064800000 2203079142.030132770538330 10.731766759259250
3.031784889231000 2189952959.358422756195068 10.736200277777769
3.023130523504000 2086079589.025797605514526 10.740677444444435
3.000927027763000 2137263762.913492918014526 10.745114018518509
3.007706388180000 2137814512.281876325607300 10.749539388888879
3.091576578478000 2138101757.322175741195679 10.753965314814804
3.009577294620000 2182631590.656284809112549 10.758460314814805
3.006770238420000 2148718457.987339973449707 10.762945074074064
3.030842591166000 2138246807.870786190032959 10.767378722222212
3.024070423864000 2138265936.969239473342896 10.771794555555545
3.030842591166000 2137237174.857753515243530 10.776230648148138
3.021249672616000 2138490555.148980617523193 10.780658888888878
3.021249672616000 2138604425.811796188354492 10.785084944444433
2.999060571142000 2138026841.482138633728027 10.789511481481471
3.124358473635000 2138434299.773627996444702 10.793937166666655
3.076157243922000 2227627382.504119396209717 10.798455055555545
1.740835726658000 2203631976.837703227996826 10.802945111111100
1.740214027202000 1564899493.548560142517090 10.808119092592582
1.733495054124000 1492984462.003926753997803 10.812721907407397
3.027831775584000 1492823490.570595741271973 10.817321388888878
3.023130523504000 1962996973.697572708129883 10.822791944444434
3.023130523504000 2138445204.014443874359131 10.827207481481471
1.726776081046000 2138354174.663306713104248 10.831646074074063
3.131099470772000 1558220228.602286100387573 10.836790055555545
3.129151446638000 2039018900.401181221008301 10.842320018518508
1.746309364800000 2243142409.820614814758301 10.856584796296286
3.078071681433000 1681415204.355002403259277 10.863282925925915
3.117613402632000 1940949364.673420190811157 10.873376888888878
3.370173568294000 2225723721.127428054809570 10.882287370370358
3.015418455842000 2136305276.288812637329102 10.891283592592581
3.370173568294000 2137732112.830791711807251 10.895699907407396
1.740835726658000 2136974716.499361515045166 10.900138462962952
3.485854583224000 1558675066.613447666168213 10.905288407407395
1.747557100120000 1924794488.929801702499390 10.910760222222210
3.010512747840000 1552863835.163767099380493 10.915904722222210
3.009577294620000 1961172700.417642831802368 10.921358611111099
3.016355958497000 2138310228.615980386734009 10.925776499999989
3.041389801664000 2138125966.316088199615479 10.930215370370359
3.070357216066000 2138086095.375166177749634 10.934641555555544
1.738971553438000 2183161304.396142482757568 10.939140870370359
1.732876215840000 1564167169.527358770370483 10.944308833333322
3.107963267786000 1492923365.297979116439819 10.948912685185174
3.023130523504000 2033203541.412971735000610 10.954478574074063
3.063595348626000 2146848664.591585874557495 10.959018037037026
3.016355958497000 2182918088.695028781890869 10.963514092592582
3.069402929476000 2148119342.399025917053223 10.967984888888878
3.060737909366000 2183505900.683844566345215 10.972477462962953
3.023130523504000 2193788541.718993186950684 10.976901240740730
3.037608907532000 2149127446.359915733337402 10.981380685185174
3.070357216066000 2137100819.326591253280640 10.985817481481471
3.070357216066000 2177622355.272937297821045 10.990302296296285
3.017294159478000 2192329978.820197105407715 10.994735240740729
1.726159641360000 2148360486.154327869415283 10.999228555555543
3.023130523504000 1558449168.187068700790405 11.004374611111098
3.037608907532000 1855788645.165654659271240 11.009849518518505
3.078071681433000 2133527033.208986997604370 11.024786907407394
3.016355958497000 2168527355.349869728088379 11.030761092592579
3.068447576644000 2148035716.291346073150635 11.039664592592580
3.485854583224000 2185894755.197575569152832 11.048585240740728
1.922312810132000 2149461628.396389484405518 11.057692814814802
3.007706388180000 1571173913.353640556335449 11.062884629629616
3.031784889231000 1953443146.650016307830811 11.068341814814801
3.029899240254000 2090204014.187356472015381 11.072779777777765
3.025951274752000 2137151322.026536464691162 11.077213907407394
3.032727889194000 2138329907.081385135650635 11.081642314814802
3.138811538434000 2137991883.320642232894897 11.086068499999987
3.131099470772000 2227544169.133815765380859 11.090590888888876
3.023130523504000 2248025444.125118255615234 11.095030537037024
3.016355958497000 2158273959.456854820251465 11.099546074074061
1.740835726658000 2138186413.200568199157715 11.103966759259245
1.740214027202000 1557196990.069963216781616 11.109117611111097
1.739592790320000 1492872404.729561328887939 11.113725351851837
3.008641493130000 1492869790.661778926849365 11.118332462962949
1.738971553438000 1959108402.184283733367920 11.123805907407393
3.022189572976000 1558124202.457851171493530 11.128951925925911
1.720671606272000 1962797849.680495023727417 11.134429148148133
3.114705580312000 1558632243.936523437500000 11.139570740740725
3.131099470772000 2040475743.654029130935669 11.145080944444429
3.070357216066000 2248398576.512455463409424 11.149519703703687
3.085786146800000 2203852408.854972839355469 11.154004314814799
3.024070423864000 2193555957.657045364379883 11.158445999999984
3.021249672616000 2148764087.208295345306396 11.162935888888873
3.068447576644000 2138446843.373493909835815 11.167354870370355
3.131099470772000 2061491611.089880466461182 11.171861481481466
3.082907829200000 2200253946.439331054687500 11.186521907407393
3.025011024336000 2201142107.727175712585449 11.192494814814800
3.084827064800000 2148057136.791098117828369 11.201391592592579
3.392253602320000 2174028689.902499198913574 11.210314592592578
3.192796012068000 2189070199.343103885650635 11.219352611111097
3.564082999554000 2271871546.094202041625977 11.223895240740726
1.738971553438000 2302351064.542046070098877 11.228320722222207
3.107963267786000 1529187728.632008075714111 11.233534907407392
3.030842591166000 2040426627.787445068359375 11.239047388888874
1.754278473582000 2155517232.815011978149414 11.244564962962949
3.077114997138000 1558221592.115347862243652 11.249711388888874
3.114705580312000 2001769866.497139215469360 11.255216888888874
3.023130523504000 2237684940.024459362030029 11.259714092592578
3.031784889231000 2157720037.460875511169434 11.264222499999985
3.031784889231000 2138388863.739248752593994 11.268640499999984
3.093500612167000 2138541521.161590099334717 11.273073759259244
3.070357216066000 2182703265.230541229248047 11.277574037037022
3.123387403110000 2193075298.316419601440430 11.282015629629614
3.132072939002000 2238115314.736308574676514 11.286510574074057
3.139787404369000 2248439853.796533584594727 11.290948833333317
3.031784889231000 2248368249.380849838256836 11.295382925925910
3.032727889194000 2158830603.251410007476807 11.299883537037021
3.046266726490000 2137673666.544203519821167 11.304319240740725
3.038554658828000 2128187239.984871864318848 11.308774999999985
1.742077969135000 2138302506.980063438415527 11.313212240740725
3.077114997138000 1555583646.816154479980469 11.318356555555541
3.040444754052000 2001890385.696161031723022 11.323859351851837
3.054928285332000 2147862096.525016784667969 11.328354444444429
3.023130523504000 2137179853.111260414123535 11.332789648148132
1.746933000280000 2153735937.105427265167236 11.347162907407391
3.015418455842000 1475925430.036488056182861 11.353273499999984
1.726776081046000 1881369975.777190446853638 11.364328277777762
3.463794949783000 1633783830.462141990661621 11.374042703703688
1.740214027202000 2170754199.193915843963623 11.384164796296281
3.438511605988000 1553870993.627059459686279 11.389334222222207
3.116644008268000 1991810721.158375024795532 11.394838740740726
3.032727889194000 2236238444.531685829162598 11.399319944444429
3.069402929476000 2103270763.730506181716919 11.403826333333317
3.106995913034000 2180173642.155364036560059 11.408308518518503
3.016355958497000 2236152982.345965862274170 11.412790759259243
3.030842591166000 2158711378.994834423065186 11.417304111111095
1.732257377556000 2138071090.007844448089600 11.421742407407391
3.016355958497000 1558702015.463750839233398 11.426894240740724
3.016355958497000 1961890411.422499179840088 11.432366222222205
3.109896537774000 2138583604.505631923675537 11.436805111111093
1.732876215840000 2227992974.104321479797363 11.441317518518501
1.739592790320000 1571369178.544274568557739 11.446505462962945
3.009577294620000 1492736805.231200218200684 11.451104648148130
1.726776081046000 1962116721.551408767700195 11.456570648148130
3.162930800470000 1559010292.360621452331543 11.461716499999982
1.726776081046000 2081600257.786177873611450 11.467262296296278
3.069402929476000 1576915838.892304658889771 11.472472981481463
3.030842591166000 2002549323.407964229583740 11.477975777777759
1.733495054124000 2147179250.187741756439209 11.482463814814796
3.108929542901000 1559207884.646541118621826 11.487607425925907
1.726776081046000 2041282415.118621349334717 11.493133111111092
1.732876215840000 1571450104.839745044708252 11.498326222222204
3.028956942189000 1490573218.883430480957031 11.502936574074056
3.000927027763000 2156250818.097102642059326 11.518317796296278
3.126301699680000 2130451519.782645702362061 11.524206796296278
3.009577294620000 2242844955.974999427795410 11.533122185185167
3.377885635956000 2164120155.866671085357666 11.542051944444427
3.371221365379000 2120353545.346096515655518 11.550962425925908
3.023130523504000 2137722232.691365480422974 11.555384592592574
3.244760490233000 2138020560.504529476165771 11.559797944444426
3.085786146800000 2100941411.917746305465698 11.564239499999982
3.068447576644000 2182589018.645407676696777 11.568736685185167
3.021249672616000 2188587678.950463294982910 11.573177444444426
1.733495054124000 2148637260.721175193786621 11.577670111111091
3.030842591166000 1558296396.470922470092773 11.582818870370351
3.076157243922000 1961896805.147544622421265 11.588284259259240
1.733495054124000 2183275488.911935806274414 11.592766055555536
3.106995913034000 1564789274.967760562896729 11.597935685185165
1.740214027202000 2041380322.887243747711182 11.603469092592572
3.078071681433000 1566153071.413999319076538 11.608643148148127
3.053978794152000 2086413297.844648122787476 11.614334407407387
3.061690861814000 2193561585.228551864624023 11.618775407407387
3.000927027763000 2193313085.694930553436279 11.623203907407387
3.000927027763000 2148614488.689089298248291 11.627693999999979
3.014479905698000 2137550176.794980287551880 11.632129981481460
3.116644008268000 2128654864.365678548812866 11.636551592592571
3.053978794152000 2228004799.173065662384033 11.641066259259238
3.047213819965000 2203915993.257647037506104 11.645548703703684
3.063595348626000 2188066323.293708801269531 11.649985444444424
1.726776081046000 2193321624.946646690368652 11.654410888888869
1.726159641360000 1565659208.817387819290161 11.659572407407387
3.161947741420000 1489686555.219991207122803 11.664177388888868
3.023130523504000 1698285064.563587903976440 11.679747740740719
3.078071681433000 2135639711.828727006912231 11.685747259259237
1.739592790320000 2220395384.485599994659424 11.694747499999979
3.448366019049000 1646017431.161331176757812 11.704508648148128
3.069402929476000 2179959801.434979915618896 11.714577185185165
3.453930940544000 2192602512.699375152587891 11.719006537037018
3.060737909366000 2193070427.008931636810303 11.723437444444425
3.007706388180000 2186062958.918552398681641 11.727863611111092
3.037608907532000 2104498431.853540897369385 11.732362907407389
3.038554658828000 2137496977.610539436340332 11.736801999999981
3.132072939002000 2138053212.872383356094360 11.741233537037019
3.084827064800000 2227878940.183413982391357 11.745750740740723
3.015418455842000 2203338276.731425285339355 11.750246074074056
3.124358473635000 2148540939.796600341796875 11.754736407407389
3.015418455842000 2227660706.380048274993896 11.759253962962944
3.077114997138000 2159216757.995744705200195 11.763762148148130
3.061690861814000 2181960697.625412464141846 11.768244018518500
3.022189572976000 2193412917.963650703430176 11.772670240740721
3.024070423864000 2148873194.353927135467529 11.777159759259240
3.031784889231000 2137905351.426031351089478 11.781596444444425
3.025011024336000 2138171347.280334711074829 11.786022370370350
3.037608907532000 2138436512.286662340164185 11.790448277777758
3.015418455842000 2138394181.131696939468384 11.794882129629610
3.016355958497000 2138220105.201636552810669 11.799318055555535
1.733495054124000 2138207858.175646066665649 11.803736666666646
3.029899240254000 1558273333.141409397125244 11.808882740740721
1.735351799370000 1962402266.385122537612915 11.814337666666647
1.719443066880000 1559077181.907726764678955 11.819489037037018
3.118582436224000 1491721309.168117523193359 11.824094166666647
3.123387403110000 2041133978.511931180953979 11.829616611111092
3.031784889231000 2106676423.251113414764404 11.834069444444426
3.039499354598000 2133879117.824632644653320 11.848393462962944
3.024070423864000 2056200880.439781904220581 11.854312222222203
3.008641493130000 1726762829.775814294815063 11.865077111111093
1.908188354152000 2132705746.703105926513672 11.873926629629612
1.726776081046000 1818527702.211430788040161 11.883681499999982
1.915591436670000 1490870179.023195505142212 11.888285703703685
3.401021838942000 1484806504.483079910278320 11.892895629629612
3.502367276618000 2001216770.092326164245605 11.898401462962946
3.115675335448000 2218636127.917026996612549 11.902900907407391
1.740835726658000 2247179499.368268013000488 11.907341962962946
3.069402929476000 1570332444.501558065414429 11.912529796296280
3.007706388180000 2001545907.928388595581055 11.918032759259242
3.031784889231000 2147865526.590542316436768 11.922520222222206
3.069402929476000 2138167360.630157709121704 11.926958851851834
1.735351799370000 2183161948.371210098266602 11.931456055555538
3.008641493130000 1564223185.669833421707153 11.936615851851833
3.025011024336000 1958784201.065020561218262 11.942075666666648
3.037608907532000 2137766194.319280147552490 11.946501944444426
3.016355958497000 2137935260.086548805236816 11.950922481481463
3.078071681433000 2138304624.270188570022583 11.955340796296278
3.038554658828000 2183424473.541003704071045 11.959832722222204
1.734732730692000 2147944458.659710884094238 11.964319870370353
3.076157243922000 1558740418.852314472198486 11.969463555555539
3.023130523504000 2002053615.892970085144043 11.974967037037020
3.070357216066000 2147356259.242934226989746 11.979462462962946
3.031784889231000 2183272357.673190593719482 11.983944518518502
3.085786146800000 2147936433.385473251342773 11.988431499999983
3.086745943200000 2183449632.502978324890137 11.992923851851835
3.123387403110000 2193160471.373448848724365 11.997363203703687
3.008641493130000 2235277204.189259529113770 12.001850870370353
3.000927027763000 2079451803.751213073730469 12.006373851851833
3.023130523504000 1650970716.854005336761475 12.022381037037018
3.016355958497000 2132399793.064526081085205 12.028287333333314
1.732257377556000 2174433098.103767395019531 12.037377481481462
3.394364761480000 1819793937.110045909881592 12.046910888888869
3.078071681433000 2094636698.608088970184326 12.056851925925907
3.457155456384000 2182568998.296338081359863 12.061352037037018
3.037608907532000 2193260419.013291358947754 12.065791037037018
3.499100386142000 2141175973.011187553405762 12.070270259259241
3.016355958497000 2179136229.273285388946533 12.074793407407389
3.016355958497000 2141237515.886627912521362 12.079295796296279
3.076157243922000 2137338841.320749282836914 12.083736037037019
3.015418455842000 2181744579.629085540771484 12.088212462962945
3.007706388180000 2148335249.476946353912354 12.092699999999981
3.031784889231000 2137974607.685396194458008 12.097131203703684
3.115675335448000 2136886641.146487712860107 12.101567296296277
1.733495054124000 2227642170.507044792175293 12.106084759259241
1.727392979734000 1571559248.297257900238037 12.111277907407390
3.016355958497000 1492624317.186991214752197 12.115885074074056
3.062642750699000 1962046179.219351291656494 12.121342074074056
3.069402929476000 2183210580.929949283599854 12.125839333333316
3.029899240254000 2193311587.142958641052246 12.130268092592575
3.024070423864000 2148711342.247003555297852 12.134758351851834
3.022189572976000 2138514077.334171772003174 12.139176407407390
3.071312213484000 2138550988.138994455337524 12.143615166666649
3.031784889231000 2182300570.604593753814697 12.148110074074056
3.122415247590000 2148782959.619050979614258 12.152597888888870
3.015418455842000 2227844162.548860549926758 12.157117555555537
3.118582436224000 2159337190.990961551666260 12.161633185185167
3.108929542901000 2227916630.781155586242676 12.166148574074056
3.138811538434000 2248345132.447843074798584 12.170584981481463
3.071312213484000 2243473566.675971508026123 12.175029777777759
1.727392979734000 2165485198.006737232208252 12.189344666666647
3.092539132462000 1477180723.109642982482910 12.195483277777759
3.024070423864000 1915700868.048886060714722 12.206570296296277
3.371221365379000 2182601687.049630165100098 12.215608648148129
3.369124600486000 2152435819.692855358123779 12.224617555555536
3.032727889194000 2137976310.673130750656128 12.229056185185165
3.294076711709000 2138221834.279986619949341 12.233490259259240
3.023130523504000 2080792625.997572183609009 12.237929277777758
1.753651973358000 2137500000.000000238418579 12.242368166666646
3.108929542901000 1543489065.222765684127808 12.248510648148127
1.740835726658000 2001916144.321984291076660 12.254011722222200
3.048161618910000 1565258067.869394302368164 12.259177962962941
3.146523606096000 1961970541.595511198043823 12.264643296296274
1.740214027202000 2227921767.278657913208008 12.269139851851829
3.032727889194000 1571588152.437871932983398 12.274332981481459
3.036664211762000 1959181504.415795564651489 12.279805759259236
3.169659809082000 2125052460.892788887023926 12.284271166666644
3.039499354598000 2272071433.813635826110840 12.288813055555533
1.740835726658000 2169405625.211792469024658 12.293348851851830
3.030842591166000 1558795868.068922996520996 12.298495759259238
3.029899240254000 1962603131.594010591506958 12.303963333333312
3.038554658828000 2134098786.061006307601929 12.308396407407386
3.123387403110000 2138567098.914354562759399 12.312817740740719
3.124358473635000 2228016248.992151260375977 12.317319444444424
3.029899240254000 2248420972.136326313018799 12.321751074074054
3.038554658828000 2159060463.285315513610840 12.326267129629610
3.029899240254000 2138399773.926149129867554 12.330690462962943
3.047213819965000 2138377772.953837633132935 12.335126499999980
3.031784889231000 2135465123.451644420623779 12.339569685185165
3.013542403043000 2134261309.157240629196167 12.353823129629609
3.120472744875000 2127398807.244420528411865 12.359722944444423
3.029899240254000 2211811488.562437057495117 12.368655499999978
3.610369791756000 2163874974.604345798492432 12.377588203703681
3.038554658828000 2187562501.158096313476562 12.386582851851829
1.914223726800000 2168680898.500185489654541 12.391117981481459
1.914907327230000 1544379076.276366472244263 12.396298703703682
1.726776081046000 1485773749.105211019515991 12.400903555555534
3.115675335448000 1429958171.100690841674805 12.405512277777756
3.024070423864000 2040293579.946198225021362 12.411047018518497
3.010512747840000 2157875669.952477455139160 12.415559499999979
1.740214027202000 2138413068.326934099197388 12.419982407407387
3.169659809082000 1557852813.042319774627686 12.425125777777758
1.728008960418000 2081149310.213643550872803 12.430674999999981
3.072266855488000 1577819795.178197860717773 12.435888203703685
1.753651973358000 2001353621.141819715499878 12.441395981481463
3.070357216066000 1565530347.317744016647339 12.446565759259242
3.084827064800000 2000871824.971158981323242 12.452055648148130
1.727392979734000 2193692007.878965854644775 12.456474351851835
3.171631456638000 1565187120.082578182220459 12.461641166666650
3.084827064800000 2081063270.485253095626831 12.467179703703687
3.031784889231000 2213496050.572389602661133 12.471688092592576
3.015418455842000 2146030235.921166896820068 12.476170129629613
3.168673251258000 2138509524.368958234786987 12.480583759259243
3.168673251258000 2272642900.336678028106689 12.485116055555540
3.039499354598000 2303547114.926483631134033 12.489546907407393
3.031784889231000 2169451527.392588138580322 12.494080777777762
1.732876215840000 2138317169.157443284988403 12.498494592592577
3.177371876744000 1559253060.695700883865356 12.503640481481465
3.123387403110000 2073048122.559327363967896 12.509188814814799
3.014479905698000 2202503054.926890373229980 12.523573592592577
3.093500612167000 2130898573.869122743606567 12.529557148148132
3.030842591166000 2196656542.372881412506104 12.538571037037022
3.386650296113000 2132963128.351206541061401 12.547412518518502
1.929034183594000 2119019002.775967359542847 12.556304981481466
3.385597703618000 1557861823.756554126739502 12.561450851851836
1.740214027202000 1958132440.097998619079590 12.566915796296280
3.015418455842000 1543881905.200415849685669 12.572063888888874
2.992282252856000 1962847217.193268537521362 12.577536314814800
3.085786146800000 2138146029.246061325073242 12.581957296296281
3.029899240254000 2183066155.258056640625000 12.586457092592577
1.725543201674000 2148529467.802132129669189 12.590947555555539
3.067493290054000 1528998192.829030990600586 12.599995870370353
3.108929542901000 2001789174.325496196746826 12.605504722222205
1.739592790320000 2238365516.786165237426758 12.609993648148132
3.116644008268000 1571777673.957467555999756 12.615186222222206
3.038554658828000 2041257666.759343385696411 12.620714537037021
3.060737909366000 2159142695.560946941375732 12.625233351851836
3.016355958497000 2183274569.343787670135498 12.629727999999984
1.733495054124000 2148808995.989233016967773 12.634220537037022
3.107963267786000 1559006854.734298229217529 12.639369722222208
3.068447576644000 2040357091.558324098587036 12.644887759259245
3.007706388180000 2203737282.152279853820801 12.649372925925912
3.038554658828000 2148794940.774280071258545 12.653847333333319
1.732876215840000 2138586600.097846031188965 12.658276055555541
3.023130523504000 1551303083.560824871063232 12.663418018518504
3.077114997138000 1961660649.746192932128906 12.668890240740726
3.023130523504000 2072266272.408057451248169 12.673399407407393
3.030842591166000 2172839959.999690055847168 12.687732629629615
3.054928285332000 2126418090.603427410125732 12.693642388888874
3.076157243922000 2100369213.013235330581665 12.702595666666651
1.920940301280000 1746357612.615554809570312 12.713368962962948
3.016355958497000 1814468486.774758577346802 12.723029222222207
3.432937088315000 1961575090.558244943618774 12.728499407407392
1.740835726658000 2183268880.557043552398682 12.732994037037022
3.015418455842000 1530876815.199533224105835 12.738167685185170
3.069402929476000 1956539116.302691698074341 12.743637129629613
3.092539132462000 2181622902.596303939819336 12.748125703703687
3.169659809082000 2193498125.716668605804443 12.752566907407392
3.179348321496000 2283124567.815053462982178 12.757076722222207
3.055878483768000 2292296245.252080917358398 12.761537740740726
1.734114353196000 2213837197.950720310211182 12.766052425925912
3.133047132348000 1565672073.388188362121582 12.771224314814800
3.008641493130000 2040411220.043573141098022 12.776732314814801
3.008641493130000 2153710695.492505550384521 12.781240444444430
1.734732730692000 2138387061.371357440948486 12.785661314814801
3.085786146800000 1558846252.815568923950195 12.790799740740727
3.149459490048000 2000943559.794689416885376 12.796298185185172
3.007706388180000 2283092737.476103305816650 12.800802537037024
1.733495054124000 2169735078.225898742675781 12.805333574074060
3.154235673758000 1558582054.054054021835327 12.810472462962949
3.079029078342000 2079231219.571077823638916 12.815995351851837
3.016355958497000 2214475893.901163101196289 12.820508962962949
3.024070423864000 2149120800.713507175445557 12.824993851851838
3.016355958497000 2138396345.895189046859741 12.829427222222208
3.418571132094000 2138276453.120496988296509 12.833861166666653
3.083866911200000 2118231650.029360055923462 12.838402499999987
3.084827064800000 2186253678.965430259704590 12.852729444444432
3.125330267490000 2179277101.027461528778076 12.858633962962950
3.071312213484000 2176951649.573705673217773 12.867626185185172
3.399963269598000 2201803540.166471004486084 12.876501055555542
3.016355958497000 2123282526.593483209609985 12.885430074074060
3.438511605988000 2137442173.292252302169800 12.889865740740726
1.726776081046000 2182737298.249368190765381 12.894365703703690
1.740835726658000 1564290836.610538959503174 12.899531388888875
3.024070423864000 1444924274.558951139450073 12.904141611111097
3.148480862064000 1962355085.677554607391357 12.909615407407394
3.171631456638000 2272095252.073090553283691 12.914157740740727
3.012604551224999 2303231577.890960216522217 12.918586296296283
3.168673251258000 2168973217.893924713134766 12.923122907407395
3.078071681433000 2272106537.530266284942627 12.927665907407395
3.023130523504000 2213022079.713595867156982 12.932176499999988
1.726776081046000 2148811291.429327487945557 12.936656462962951
3.046266726490000 1544699293.254446506500244 12.941805259259247
3.060737909366000 1962667463.677312374114990 12.947273222222210
3.062642750699000 2176869588.514853000640869 12.951765981481469
3.069402929476000 2192335714.554430007934570 12.956196222222209
3.116644008268000 2193800361.975062847137451 12.960626648148136
3.106995913034000 2238575752.207284927368164 12.965121444444431
3.115675335448000 2246773237.115982055664062 12.969560981481468
3.079029078342000 2248347446.376835823059082 12.973996944444432
3.029899240254000 2203764772.764723300933838 12.978492203703691
3.023130523504000 2148678248.188413143157959 12.982987444444433
3.037608907532000 2138504567.497462272644043 12.987420944444432
3.078071681433000 2138205701.882539510726929 12.991857425925915
3.038554658828000 2182019223.084180355072021 12.996352407407397
3.076157243922000 2147436733.785921573638916 13.000847814814804
3.015418455842000 2058083691.461408138275146 13.005372370370360
3.039499354598000 2132541688.758764743804932 13.019692333333323
1.746933000280000 2124437664.208831071853638 13.025591833333323
3.078071681433000 1820266400.482845067977905 13.035164722222211
3.434004861810000 1941520246.711008071899414 13.045277018518508
3.386650296113000 2177973921.635662078857422 13.054160499999989
1.740214027202000 2147805481.903614997863770 13.058651370370360
3.031784889231000 1558296689.562270164489746 13.063792796296285
3.018232011296000 1913242899.896170377731323 13.069250462962952
3.038554658828000 2137928048.963778018951416 13.073686092592581
1.726776081046000 2138087906.040100336074829 13.078127703703693
3.031784889231000 1558457580.047331333160400 13.083268759259248
3.029899240254000 1961415721.190536737442017 13.088728481481470
3.038554658828000 2136864392.974248647689819 13.093161907407396
3.031784889231000 2138108272.419846296310425 13.097603037037025
3.086745943200000 2138149943.875756263732910 13.102024444444433
3.031784889231000 2182671226.450036048889160 13.106524333333322
3.039499354598000 2138288355.581851243972778 13.111031499999989
1.739592790320000 2138295288.736039161682129 13.115468462962951
3.014479905698000 1558265013.111258506774902 13.120609648148136
3.016355958497000 1962757964.048734426498413 13.126076925925913
3.015418455842000 2138399954.915842771530151 13.130513074074061
3.029899240254000 2138253800.213742494583130 13.134931685185173
3.028956942189000 2138248161.158146619796753 13.139365333333320
1.740214027202000 2138366591.942291021347046 13.143801388888875
3.022189572976000 1558450577.077316522598267 13.148950259259244
1.734114353196000 1963206925.632766723632812 13.154417870370356
1.740214027202000 1559315180.580821037292480 13.159568944444430
3.068447576644000 1491792752.614921808242798 13.164173925925912
3.023130523504000 2003424070.298250198364258 13.169686944444431
3.029899240254000 2257470640.980843544006348 13.184102351851838
3.077114997138000 2126135986.306694984436035 13.190009537037023
3.084827064800000 2152769568.607879161834717 13.198914814814801
3.440651553682000 2155842711.998892784118652 13.207876907407393
3.446221273266000 2174116000.447878360748291 13.216807907407393
3.030842591166000 2192597517.050476074218750 13.221250055555542
3.109896537774000 2148826708.141333580017090 13.225726981481468
1.734114353196000 2164233824.843426227569580 13.230224333333320
1.740214027202000 1565152799.493375539779663 13.235400203703691
1.727392979734000 1491281629.991587638854980 13.240000999999987
3.032727889194000 1487030908.483015060424805 13.244598203703690
3.029899240254000 1991003342.297679185867310 13.251064148148135
3.140763997206000 2138401173.824712276458740 13.255494111111098
3.079029078342000 2227275849.307971000671387 13.259997777777764
3.083866911200000 2203630603.208600521087646 13.264493796296282
3.084827064800000 2193486739.117722988128662 13.268927611111097
1.753651973358000 2193484174.404689788818359 13.273368962962950
3.030842591166000 1565017985.070888042449951 13.278544037037024
3.124358473635000 1961824099.854672670364380 13.283997888888877
3.070357216066000 2228197419.016307353973389 13.288515259259247
3.070357216066000 2204229541.691039085388184 13.293010851851840
3.084827064800000 2193048860.098003864288330 13.297447555555543
3.131099470772000 2189414224.083769321441650 13.301868851851840
3.124358473635000 2238057633.798636436462402 13.306360814814802
3.054928285332000 2248371460.758543014526367 13.310799148148135
1.734114353196000 2203566691.273202896118164 13.315289574074061
3.116644008268000 1564939209.791711568832397 13.320464018518505
3.204228137344000 2041874887.000542402267456 13.325995018518505
3.016355958497000 2054301943.638167381286621 13.330531185185171
3.093500612167000 2132544650.088256835937500 13.344799333333318
3.038554658828000 2118723634.155710697174072 13.350777185185171
1.741456500966000 1727446478.105380773544312 13.361578925925912
3.440651553682000 1851390297.741765260696411 13.371234944444430
1.929034183594000 1751723372.279051542282104 13.381548444444430
3.378935830746000 1564547315.588042974472046 13.386706481481466
3.122415247590000 1952028831.214450597763062 13.392189222222207
3.014479905698000 2176059245.657445907592773 13.396687129629614
3.030842591166000 2154887800.991428375244141 13.401196148148133
3.021249672616000 2137325583.143336772918701 13.405630925925911
3.030842591166000 2137547986.427322387695312 13.410067944444428
3.124358473635000 2136518450.377370119094849 13.414496740740724
1.732876215840000 2227683757.309580802917480 13.418999962962946
1.720057107968000 1570723486.617215633392334 13.424195277777761
3.077114997138000 1480153461.942162275314331 13.428800111111094
3.078071681433000 2001782636.344365835189819 13.434303944444428
1.738971553438000 2193394867.300951480865479 13.438741722222206
3.039499354598000 1565308100.915363788604736 13.443918777777762
3.023130523504000 1961973247.007085323333740 13.449376111111096
3.031784889231000 2138403520.502833366394043 13.453807296296281
3.022189572976000 2138242521.590387344360352 13.458245999999985
1.739592790320000 2138406499.715804576873779 13.462676962962949
3.070357216066000 1549317316.494078636169434 13.467855925925912
3.023130523504000 2001681264.354655027389526 13.473354851851838
1.733495054124000 2149038431.605084419250488 13.477852018518504
3.039499354598000 1559307116.616461753845215 13.483003759259246
3.077114997138000 1962344273.778463840484619 13.488476148148134
1.734114353196000 2183377977.963073253631592 13.492953481481468
3.106995913034000 1473668022.194379806518555 13.498126629629617
3.072266855488000 1673629356.250569820404053 13.514374037037024
3.131099470772000 2177709765.641957283020020 13.520346222222209
3.024070423864000 2209427725.523992538452148 13.529328185185172
3.378935830746000 2165421108.880845546722412 13.538286499999986
3.401021838942000 2121204209.938837528228760 13.547179037037022
3.039499354598000 2136288577.104130029678345 13.551616518518504
3.334721812992000 2131061915.814037561416626 13.556012870370356
3.039499354598000 2175941621.158935070037842 13.560512851851838
3.023130523504000 2148369908.202473640441895 13.565009462962950
3.041389801664000 2138303198.188962221145630 13.569434999999986
3.023130523504000 2137705691.669807672500610 13.573856666666654
1.740214027202000 2138032159.668612241744995 13.578282499999986
3.029899240254000 1558693458.407818078994751 13.583431037037023
3.036664211762000 1961820288.561050176620483 13.588906481481468
3.024070423864000 2138364342.415251731872559 13.593331907407393
1.732257377556000 2137850407.130973577499390 13.597750814814800
3.060737909366000 1558833254.765357494354248 13.602896944444430
3.070357216066000 1993102763.324071645736694 13.608395555555541
3.030842591166000 2193288980.907905578613281 13.612840870370356
3.122415247590000 2148547283.337113857269287 13.617331333333318
3.070357216066000 2223478651.463952541351318 13.621841574074059
3.029899240254000 2202630979.884855747222900 13.626322259259245
3.039499354598000 2148459096.408505439758301 13.630791666666653
3.107963267786000 2138288308.683176040649414 13.635225314814800
3.079029078342000 2183229715.715485095977783 13.639725240740725
3.085786146800000 2192788474.252860069274902 13.644150759259244
3.186074196571000 2192307628.700652599334717 13.648585037037021
3.076157243922000 2282940831.009871959686279 13.653081574074058
3.081948390000000 2214189219.463558197021484 13.657594851851835
3.045318574810000 2187209773.420697212219238 13.662037740740724
3.037608907532000 2134944618.175278425216675 13.676350833333316
1.740214027202000 2127250817.840025901794434 13.682266370370353
3.015418455842000 1627617770.575615167617798 13.692002814814797
3.395420537520000 2139433427.667905569076538 13.702034092592575
1.739592790320000 2120049236.949962377548218 13.710939629629612
3.387703672662000 1557395008.355344772338867 13.716092685185167
3.078071681433000 1962908855.215550184249878 13.721564037037020
3.090615098773000 2175395025.531213760375977 13.726061074074057
3.078071681433000 2134280968.944616794586182 13.730506537037019
3.131099470772000 2192981558.556379318237305 13.734947018518501
3.077114997138000 2238083560.542650699615479 13.739416166666649
3.101215077534000 2203309816.889183044433594 13.743896351851834
3.024070423864000 2191715139.817540168762207 13.748319444444427
3.025011024336000 2148933167.714166641235352 13.752806907407390
1.740214027202000 2138468769.155710220336914 13.757247851851835
3.024070423864000 1558409071.764134168624878 13.762392018518501
3.014479905698000 1962650870.990289211273193 13.767849833333315
3.031784889231000 2136271995.856065273284912 13.772282907407389
1.740214027202000 2138696292.143293380737305 13.776708944444426
1.733495054124000 1559274327.951676368713379 13.781862481481463
1.726159641360000 1492737887.058596372604370 13.786462703703686
3.162930800470000 1492800622.188996076583862 13.791070092592575
3.022189572976000 2079989265.636980533599854 13.796600962962945
1.727392979734000 2169590740.400514602661133 13.801136796296278
3.022189572976000 1558925515.363671779632568 13.806278796296278
3.062642750699000 1962791785.105173587799072 13.811751240740723
3.015418455842000 2182554917.391125202178955 13.816245870370352
1.732876215840000 2138845502.889412164688110 13.820745055555538
3.091576578478000 1558666078.527395248413086 13.825887870370352
3.132072939002000 1897446603.925930738449097 13.831415222222203
1.740835726658000 2201264813.579308032989502 13.845737666666647
3.054127235756000 1610107545.603737592697144 13.852587129629610
3.132072939002000 1762033323.153266668319702 13.862834703703683
3.456080484416000 2210594470.419044971466064 13.871758425925906
3.365598866816000 2192935570.386593818664551 13.880720833333314
3.025011024336000 2148015466.600569725036621 13.885203611111091
3.393309771280000 2138427880.398005008697510 13.889636833333313
1.740214027202000 2080280892.682641506195068 13.894071240740720
3.078071681433000 1552084573.494878530502319 13.899212944444423
3.006770238420000 2000299749.383564472198486 13.904710499999979
3.030842591166000 2148946055.622133255004883 13.909191796296275
3.016355958497000 2138450516.150934696197510 13.913610185185163
3.000927027763000 2138312702.547869205474854 13.918038722222201
3.061690861814000 2137864465.420630931854248 13.922470555555535
3.016355958497000 2182647637.332981586456299 13.926965240740719
3.076157243922000 2148749609.771809577941895 13.931449796296274
3.162930800470000 2183062766.505304336547852 13.935944703703681
3.116644008268000 2282091606.448026657104492 13.940442203703681
3.116644008268000 2258758838.701690196990967 13.944929518518496
3.101215077534000 2248448808.345961570739746 13.949365462962941
3.024070423864000 2235349144.747491836547852 13.953826999999977
3.008641493130000 2156393670.388039112091064 13.958345444444422
3.023130523504000 2138193270.990548372268677 13.962777333333310
3.024070423864000 2138359127.778890609741211 13.967215555555532
3.007706388180000 2138406103.355170965194702 13.971639351851827
3.023130523504000 2137846461.462363481521606 13.976057111111087
3.031784889231000 2138607595.148193836212158 13.980490740740716
1.746933000280000 2138738672.026811838150024 13.984922166666642
3.036664211762000 1558455133.282449483871460 13.990065796296271
3.030842591166000 1871996114.055179119110107 13.995555666666641
3.060737909366000 2173343656.726988315582275 14.009937481481456
3.028956942189000 2178495050.304309844970703 14.015901185185161
3.031784889231000 2131691441.698740720748901 14.024816722222198
1.901469381074000 2093102799.038701057434082 14.033655074074050
3.094462808058000 1644150847.175591945648193 14.045006518518495
3.378935830746000 2001588080.312528371810913 14.050510018518494
3.015418455842000 2142630664.736666202545166 14.055000518518494
