2.513351532628000 2187993850.478784084320068 0.001053981481481
2.977783631662000 2145350821.650575160980225 0.005534574074074
2.999994320518000 2136571754.443135261535645 0.009967129629630
2.969146049870000 2177988072.994262695312500 0.014466722222222
2.960512234752000 2147345947.772758960723877 0.018959907407407
3.116644008268000 2137056115.228055715560913 0.023395555555556
2.969146049870000 2267183009.976130485534668 0.027934166666667
3.009577294620000 2169722479.094933509826660 0.032451944444444
2.963276105472000 2182421974.325360774993896 0.036944055555556
2.992282252856000 2147504154.357841014862061 0.041426185185185
3.061690861814000 2182895386.009722232818604 0.045921370370370
3.053028242088000 2237232894.433275222778320 0.050416333333333
1.699900188734000 2247215047.363567829132080 0.054834481481481
3.054928285332000 1481442365.411038398742676 0.060023462962963
1.699900188734000 1965732275.564058303833008 0.065560388888889
3.055878483768000 1490803162.576181888580322 0.080737888888889
3.079029078342000 2195629443.223007678985596 0.086970851851852
2.968221902030000 1932195490.026019096374512 0.098500851851852
3.407672936876000 2200414323.414883136749268 0.107531907407407
2.970069166295000 1957561911.813882350921631 0.119936648148148
3.015418455842000 1966934807.782853841781616 0.128668092592593
2.968221902030000 1979568659.970902204513550 0.133670333333333
2.969146049870000 2136957778.619916915893555 0.138166037037037
3.077114997138000 2135479563.018037557601929 0.142592018518519
2.961433982208000 2226849988.732048034667969 0.147111555555556
2.969146049870000 2157783597.807566642761230 0.151622018518519
3.015418455842000 2131468784.929356098175049 0.156045629629630
2.976858117532000 2164711440.775802135467529 0.160537037037037
2.970069166295000 2147672287.943619728088379 0.165025055555556
2.978709835188000 2138252088.142356634140015 0.169461481481481
2.976858117532000 2138606972.347854614257812 0.173879462962963
1.720671606272000 2138640368.865296363830566 0.178313481481481
2.969146049870000 1558972548.144254446029663 0.183457166666667
3.070357216066000 1962402260.263267040252686 0.188907203703704
1.706619161812000 2228214793.513531208038330 0.193421444444444
1.699293343440000 1571763931.411300659179688 0.198617203703704
2.952802567474000 1492843276.979748010635376 0.203222166666667
3.083866911200000 1962870480.009754896163940 0.208689648148148
2.970992970330000 2228427142.546388626098633 0.213201629629630
2.953721914546000 2159267566.509365558624268 0.217694870370370
1.707228859348000 2138288922.374391317367554 0.222131407407407
2.962354700928000 1558960503.526920795440674 0.227274388888889
2.947842375756000 1900749698.954051733016968 0.232856777777778
1.701720950545000 1986223247.440080881118774 0.237300277777778
3.093500612167000 2012302286.111891746520996 0.252390592592593
3.006770238420000 2120333005.419628858566284 0.258527407407407
2.970069166295000 2167084335.029673576354980 0.268337925925926
3.332649038544000 2092788280.532717943191528 0.277232907407407
3.001860429762000 1622891002.983097553253174 0.291939222222222
1.713950232810000 1969911769.069939851760864 0.300176444444444
2.970992970330000 1551880710.015134811401367 0.305352129629630
2.952802567474000 1954040169.798237800598145 0.310827037037037
3.093500612167000 2135653150.540909290313721 0.315265722222222
3.101215077534000 2271452435.172261714935303 0.319803388888889
2.961433982208000 2300760301.760268211364746 0.324221907407407
2.999060571142000 2168946877.843634128570557 0.328739796296296
1.701113879322000 2182151198.804086685180664 0.333224203703704
1.700507485886000 1565361523.046092271804810 0.338399018518519
2.981785067325000 1492750247.578560829162598 0.342999129629630
3.047213819965000 1997215926.420931816101074 0.348499888888889
2.952802567474000 2238495083.939771175384521 0.352993851851852
3.107963267786000 2159268833.087149143218994 0.357507185185185
2.999994320518000 2272562026.391429424285889 0.362042888888889
3.046266726490000 2214100217.614452838897705 0.366553074074074
2.969146049870000 2238398076.851771831512451 0.371048018518518
3.061690861814000 2157961141.334517478942871 0.375551518518518
3.046266726490000 2176831081.325846672058105 0.380152351851852
2.960512234752000 2217906267.871678829193115 0.384588555555555
2.946009846884000 2159166289.202894687652588 0.389102111111111
2.945092900196000 2138709415.217882156372070 0.393531111111111
2.960512234752000 2138297909.684321165084839 0.397962481481481
1.706009917920000 2052243027.340575933456421 0.402406425925926
3.069402929476000 1969162340.538625001907349 0.417457092592593
2.961433982208000 2081477349.642798900604248 0.424608888888889
3.015418455842000 2130775910.468989849090576 0.433514555555556
3.005835133470000 2105178948.124558448791504 0.439701740740741
3.332649038544000 1727058015.738312005996704 0.450503407407407
2.962354700928000 1868239159.688777923583984 0.456874944444444
1.707228859348000 1856522773.845082998275757 0.468288703703704
3.100251200124000 1547352565.438255071640015 0.473443407407407
2.962354700928000 2031100865.579763650894165 0.478954592592592
2.997194809275000 2156875779.920589923858643 0.483460037037037
2.963276105472000 2179244557.305452823638916 0.487937666666667
2.968221902030000 2148800782.972410202026367 0.492431462962963
2.961433982208000 2135618271.454197883605957 0.496860148148148
3.008641493130000 2138177483.178334951400757 0.501296666666667
3.023130523504000 2183393925.909444808959961 0.505791166666667
2.968221902030000 2188604755.837929725646973 0.510209907407407
3.107963267786000 2148754398.025444030761719 0.514681611111111
2.960512234752000 2272684701.698448657989502 0.519211888888889
1.707228859348000 2169800567.072946071624756 0.523738055555556
2.998127863897000 1558214225.772642612457275 0.528879740740741
1.706009917920000 2001508418.440554380416870 0.534364833333333
1.693786112424000 1565641869.570975065231323 0.539538925925926
2.968221902030000 1492411162.102265596389771 0.544143129629630
3.063595348626000 1962185063.116698980331421 0.549598925925926
2.954640235561000 2228092107.695910930633545 0.554106129629630
2.967298785605000 2159316043.425814151763916 0.558619574074074
2.969146049870000 2138612711.772053241729736 0.563037759259259
3.060737909366000 2138873880.082701444625854 0.567471370370371
2.968221902030000 1999134279.746521711349487 0.572179203703704
3.022189572976000 2139277500.249713659286499 0.587196407407408
3.016355958497000 2181976992.858999252319336 0.593181666666667
2.970069166295000 2216923972.594294071197510 0.602193037037037
3.339325297646000 2133288207.863088607788086 0.611096333333334
3.000927027763000 1718233496.952945470809937 0.624998648148148
2.961433982208000 1973310079.618696689605713 0.633204425925926
2.967298785605000 2130167247.457283973693848 0.638693962962963
1.708447120310000 2127950516.532812595367432 0.643123425925926
2.953721914546000 1556956694.357535839080811 0.648272870370371
2.969146049870000 1961950196.184548854827881 0.653747685185185
1.699293343440000 2138298378.613054513931274 0.658183759259260
2.953721914546000 1558467232.118428230285645 0.663327685185185
2.946009846884000 1962257680.670903921127319 0.668799574074074
2.952802567474000 2138115027.642821311950684 0.673221055555556
1.699900188734000 2138649216.540580749511719 0.677654148148149
2.946009846884000 1559345035.513332366943359 0.682798277777778
2.953721914546000 1958184721.009120225906372 0.688268388888889
2.945092900196000 2138661184.513685703277588 0.692689018518519
2.962354700928000 2138468937.992877960205078 0.697124888888889
2.976858117532000 2138644465.004123687744141 0.701548425925926
2.967298785605000 2138603039.493306159973145 0.705969240740741
3.054928285332000 2138380322.360915422439575 0.710400666666667
3.070357216066000 2228045764.226509094238281 0.714918185185186
1.705400674028000 2248693245.230059623718262 0.719351814814815
3.014479905698000 1571533249.203259706497192 0.724546592592593
3.031784889231000 2001878879.651956796646118 0.730037611111112
3.108929542901000 1969452154.116453170776367 0.734527722222223
1.699900188734000 2186860076.001515865325928 0.749532296296297
2.944176976886000 1475670685.664100170135498 0.755668277777778
2.954640235561000 1879745344.182186126708984 0.766779425925926
3.017294159478000 2125537163.386708259582520 0.773727722222223
3.416445974266000 2155721840.706634998321533 0.782602333333334
2.976858117532000 1970651965.567968130111694 0.788959462962963
3.016355958497000 1916265241.984149456024170 0.800467333333334
2.966375325375000 1977386737.479314804077148 0.805704592592593
3.062642750699000 2136568531.858242511749268 0.810190611111112
3.044371481335000 2226556862.133883476257324 0.814705592592593
3.069402929476000 2246505683.458353996276855 0.819132018518519
3.015418455842000 2248145973.294213771820068 0.823575500000000
2.960512234752000 2202953628.108081340789795 0.828059777777778
3.024070423864000 2149130644.815590381622314 0.832552592592593
1.706619161812000 2182826531.540847778320312 0.837029444444445
2.969146049870000 1565405100.490266323089600 0.842196703703704
1.707228859348000 1962662030.616869926452637 0.847671777777778
2.969146049870000 1553502982.593741178512573 0.852818925925926
1.691972322264000 1963017701.211669921875000 0.858290407407408
3.001860429762000 1558589184.983466386795044 0.863431407407408
3.108929542901000 2000605102.185016155242920 0.868935222222222
2.969146049870000 2282906505.964826107025146 0.873452444444445
2.967298785605000 2169587806.922494888305664 0.877981425925926
2.962354700928000 2138394055.888656377792358 0.882422796296296
2.970069166295000 2138056679.618331670761108 0.886836166666667
3.008641493130000 2138519567.688655853271484 0.891267129629630
3.022189572976000 2183400310.949878215789795 0.895769462962963
1.707228859348000 2192680374.346499919891357 0.900207814814815
2.962354700928000 1402894006.126248121261597 0.905509833333334
2.977783631662000 1953161844.334788799285889 0.910985259259260
2.952802567474000 2134241643.901132822036743 0.925234111111111
1.700507485886000 2129210066.449879646301270 0.931128277777778
2.968221902030000 1851440081.362476825714111 0.940796944444445
3.345995598652000 1938476583.729852437973022 0.950923648148148
1.713338134890000 1916200156.498975515365601 0.963939944444445
3.016355958497000 1320303052.106109857559204 0.975161703703704
3.021249672616000 1992806199.044280529022217 0.980660759259260
2.961433982208000 2193225518.020846366882324 0.985084648148148
3.014479905698000 2125588800.595977306365967 0.989559092592593
3.023130523504000 2178905341.941239833831787 0.994042481481482
3.015418455842000 2192597609.063028335571289 0.998480537037037
2.998127863897000 2193089514.130516529083252 1.002919314814815
3.063595348626000 2193270102.697316169738770 1.007360629629630
2.960512234752000 2238398434.015560626983643 1.011844851851852
3.015418455842000 2158344026.084164142608643 1.016343111111111
2.945092900196000 2183614672.079356670379639 1.020827314814815
3.061690861814000 2149014848.752029418945312 1.025322018518519
2.961433982208000 2228024233.123799800872803 1.029835277777778
2.969146049870000 2153072430.434336185455322 1.034344074074074
2.961433982208000 2138599587.004865884780884 1.038774222222222
3.063595348626000 2138505025.262128353118896 1.043205537037037
2.964197167104000 2228014986.677597999572754 1.047723129629629
2.959591516032000 2158769571.476027011871338 1.052238629629629
3.076157243922000 2138912971.015400886535645 1.056672018518518
1.699900188734000 2228173317.812171936035156 1.061189944444444
3.015418455842000 1571941468.218569993972778 1.066379907407407
1.706009917920000 2002079628.664166450500488 1.071885555555555
3.070357216066000 1396359220.325695753097534 1.077082407407407
1.705400674028000 1681155783.388802289962769 1.092901500000000
3.000927027763000 1517216618.198242425918579 1.099912555555555
3.107963267786000 2140671183.927147388458252 1.109852481481481
3.393309771280000 2232822052.469583511352539 1.118793111111111
2.999994320518000 2033791213.721364259719849 1.128121629629629
2.954640235561000 2013859875.320559501647949 1.137003666666667
3.015418455842000 1882583558.435320615768433 1.144483129629629
3.007706388180000 2116546997.705458641052246 1.149067277777778
3.108929542901000 2181378008.435509204864502 1.153506185185185
2.970069166295000 2282182703.638086795806885 1.158000814814814
1.706619161812000 2159719106.853629589080811 1.162539907407407
2.999994320518000 1557892946.332827091217041 1.167686166666666
2.953721914546000 2000791625.521129846572876 1.173180814814814
2.999994320518000 2148517897.082490921020508 1.177668407407407
3.015418455842000 2177181474.215246677398682 1.182161444444444
1.706619161812000 2193309846.431797504425049 1.186589444444444
2.952802567474000 1565385996.525103569030762 1.191758796296296
2.961433982208000 1956376942.043092012405396 1.197219111111111
2.964197167104000 2138362492.939182758331299 1.201644944444444
2.977783631662000 2138408631.395718574523926 1.206070648148148
2.939211304827000 2138353639.705265522003174 1.210483907407407
2.969146049870000 2138579575.657688617706299 1.214922148148148
3.009577294620000 2138702565.281929969787598 1.219350944444444
3.018232011296000 2183257977.244932174682617 1.223848111111111
3.071312213484000 2193065698.181377887725830 1.228286759259259
3.062642750699000 2238641323.759284973144531 1.232776777777778
1.687666338774000 2248413187.950841903686523 1.237212925925926
1.707228859348000 1570564895.196755886077881 1.242400777777778
2.946925770194000 1492763762.926004886627197 1.247003185185185
3.001860429762000 1793919845.001151561737061 1.252470370370370
1.706619161812000 2166051738.603523731231689 1.266773037037037
3.014479905698000 1480922148.854650735855103 1.272906537037037
3.061690861814000 2198752978.669795989990234 1.281064851851851
2.954640235561000 2182507621.419676303863525 1.289987074074074
1.895427316284000 1914425885.060723543167114 1.300720277777778
2.952802567474000 1424626988.016216039657593 1.311943777777778
2.952802567474000 1820240049.458520650863647 1.322487592592593
2.960512234752000 2124638619.328068494796753 1.326914851851852
2.964197167104000 2137980057.791364908218384 1.331336888888889
3.070357216066000 2132750482.105737447738647 1.335773444444445
3.054928285332000 2225761674.480416297912598 1.340288277777778
3.106995913034000 2248888911.116390228271484 1.344731666666667
3.006770238420000 2293257213.530393600463867 1.349223611111111
3.014479905698000 2212712994.873517990112305 1.353742629629630
2.999994320518000 2192652770.572188854217529 1.358168777777778
2.970069166295000 2193277457.803709030151367 1.362612296296297
1.705400674028000 2147220946.381627798080444 1.367092518518519
3.060737909366000 1558215595.258213043212891 1.372242944444445
3.048161618910000 2041665564.436805248260498 1.377759259259259
3.054928285332000 2248237642.371161460876465 1.382193092592593
3.006770238420000 2251083385.979435443878174 1.388993685185185
1.713338134890000 2204182998.193060874938965 1.393462055555556
2.975931569308000 1565103657.356640577316284 1.398629722222222
1.698686498146000 1962359020.520873069763184 1.404102018518519
2.976858117532000 1558741356.081183195114136 1.409242648148148
1.706619161812000 1963016151.164326906204224 1.414708370370371
1.706619161812000 1559186815.240162134170532 1.419861907407408
3.007706388180000 1304752309.489684104919434 1.424474518518519
2.952802567474000 2118558658.321488857269287 1.439939944444445
3.008641493130000 2129647015.096419811248779 1.445918796296296
3.053978794152000 2186419884.690364360809326 1.454848055555556
3.370173568294000 2178449221.068249225616455 1.463834722222223
1.706619161812000 2003563995.434843301773071 1.473067296296297
2.977783631662000 1369563237.102096796035767 1.483942592592593
3.023130523504000 1841526603.543485164642334 1.492051370370371
1.699900188734000 2180847401.031424999237061 1.496543537037037
2.970992970330000 1556849618.948799610137939 1.501719277777778
3.059786020481000 1962491458.429217338562012 1.507191425925926
1.699293343440000 2227813217.094634056091309 1.511707462962963
2.970069166295000 1569929998.073341608047485 1.516897796296297
2.960512234752000 1963104530.620405912399292 1.522362259259260
3.062642750699000 2138451186.542505264282227 1.526800925925926
3.061690861814000 2227418215.354346752166748 1.531318888888889
3.048161618910000 2248096696.543322563171387 1.535742425925926
2.970992970330000 2247496799.668020248413086 1.540160370370371
2.946925770194000 2149353828.050305366516113 1.544692703703704
3.007706388180000 2138456604.578594446182251 1.549119907407408
3.106995913034000 2183356513.852242946624756 1.553611759259260
2.960512234752000 2282913734.951623439788818 1.558124981481482
2.953721914546000 2169671618.695169448852539 1.562648629629630
1.699293343440000 2138651073.462402820587158 1.567074425925926
2.954640235561000 1558332095.318719625473022 1.572215074074075
2.963276105472000 1962853006.213202238082886 1.577675370370371
3.059786020481000 2138482968.349446296691895 1.582096333333334
1.706619161812000 2228054843.062385082244873 1.586611574074075
2.961433982208000 1413333782.094432115554810 1.591811074074075
2.978709835188000 1954942977.051040172576904 1.597295870370371
2.976858117532000 2134583399.899468898773193 1.611553481481482
3.068447576644000 2129027954.065618753433228 1.617465296296297
2.970992970330000 2242967770.764676094055176 1.626416796296297
3.340363503911000 2167107454.667562484741211 1.635350796296297
3.059786020481000 1987750838.937553882598877 1.649003425925926
3.109896537774000 2034169727.656833410263062 1.657685962962963
3.099286245756000 2142062607.147567033767700 1.662179592592593
2.961433982208000 2296520327.576285839080811 1.666620740740741
1.713950232810000 2164122171.005171775817871 1.671164462962963
1.706619161812000 1556712340.296961307525635 1.676312907407408
2.977783631662000 1484487956.675390958786011 1.680918962962964
2.963276105472000 1962207180.049328804016113 1.686392462962963
2.962354700928000 2137970633.616207838058472 1.690809203703704
2.969146049870000 2138194784.526509761810303 1.695242592592593
2.976858117532000 2137856900.187441349029541 1.699668666666667
2.970992970330000 2137232736.209447622299194 1.704099370370371
1.707228859348000 2138545421.781165838241577 1.708518240740741
2.953721914546000 1558531540.706566572189331 1.713664148148148
1.700507485886000 1963766371.093935012817383 1.719131666666667
2.960512234752000 1558417133.689685821533203 1.724279851851852
1.712726492400000 1963592541.815190553665161 1.729750351851852
2.970069166295000 1558719332.668498039245605 1.734894111111111
2.975931569308000 1961319239.058243036270142 1.740359074074074
1.713338134890000 2138704876.541147470474243 1.744793000000000
3.005835133470000 1559262936.102431774139404 1.749943314814815
3.053978794152000 2002129571.001288652420044 1.755447518518519
2.975931569308000 2238469894.872292041778564 1.759937648148148
2.961433982208000 1917603247.890463113784790 1.764473925925926
3.061690861814000 2133812317.096624851226807 1.778724518518519
2.991350903864000 2221046082.821147441864014 1.784717351851852
3.064547592032000 2133288483.527774095535278 1.793657203703704
3.370173568294000 1906755306.179862976074219 1.804320870370370
2.954640235561000 1957931146.224656581878662 1.815944537037037
2.953721914546000 1890156316.418703556060791 1.825981870370370
2.961433982208000 2136029612.262096405029297 1.830420722222222
2.962354700928000 2138203881.260384321212769 1.834845592592593
2.946925770194000 2128645532.202710628509521 1.839281037037037
2.961433982208000 2138121194.607430696487427 1.843702759259259
1.705400674028000 2135644259.932637214660645 1.848123277777778
1.699900188734000 1558196745.535473108291626 1.853261518518519
2.952802567474000 1492768359.988720178604126 1.857858370370370
1.699293343440000 1961165644.088640689849854 1.863324462962963
2.961433982208000 1553091554.467564344406128 1.868468537037037
1.699900188734000 1962722860.497934103012085 1.873940777777778
3.046266726490000 1559134777.614955186843872 1.879084092592593
3.060737909366000 2041461972.679791212081909 1.884615203703704
2.961433982208000 2248675858.788976192474365 1.889054055555556
1.698686498146000 2159215555.455132007598877 1.893561703703704
2.970069166295000 1558381579.799987077713013 1.898705814814815
1.699900188734000 1962694586.886867046356201 1.904173333333333
2.954640235561000 1559386984.449683189392090 1.909310777777778
2.944176976886000 1963199768.372716665267944 1.914779333333333
3.009577294620000 2138449747.513837337493896 1.919205685185185
3.323901162322000 2170454831.902645111083984 1.923725222222222
2.969146049870000 1958011052.901386499404907 1.928168500000000
2.983641236586000 2217356476.475857734680176 1.942555611111111
1.706009917920000 2126219694.854313611984253 1.948458074074074
3.014479905698000 1819873700.896999597549438 1.958037333333333
3.472589186100000 2125083778.619531631469727 1.967942185185185
1.727392979734000 2018279568.612513065338135 1.977276407407407
2.940125510898000 1371735589.857091188430786 1.987952722222222
2.975931569308000 1851375268.283874511718750 1.996054629629630
3.108929542901000 2137214212.706663846969604 2.000493537037037
3.006770238420000 2267957427.340127944946289 2.005026962962963
3.077114997138000 2212320558.263181209564209 2.009540962962963
2.993212562396000 2218944453.874401092529297 2.014014055555556
2.968221902030000 2157242168.051070690155029 2.018521944444445
2.969146049870000 2137811570.816026210784912 2.022940148148148
2.962354700928000 2138451788.608377456665039 2.027373555555556
1.715173290075000 2138399320.227430105209351 2.031786796296296
3.007706388180000 1552702043.725209236145020 2.036931722222222
3.068447576644000 2001457934.610593080520630 2.042431537037037
3.008641493130000 2238348470.737249851226807 2.046905370370370
2.975931569308000 2203998948.218389511108398 2.051377500000000
3.007706388180000 2148986025.712688446044922 2.055850000000000
3.023130523504000 2182454455.882292270660400 2.060341981481481
3.029899240254000 2193795731.402062416076660 2.064780944444444
3.108929542901000 2193679876.875721454620361 2.069208870370370
1.712726492400000 2283383433.454189777374268 2.073718851851852
1.706009917920000 1578282879.204757213592529 2.078935055555555
2.977783631662000 1492938518.175782918930054 2.083537740740740
3.047213819965000 1962721802.374750375747681 2.089012000000000
1.698686498146000 2228230422.953658580780029 2.093524796296296
2.969146049870000 1410328083.000298738479614 2.098733166666666
3.000927027763000 2117146797.998506546020508 2.114010648148148
3.008641493130000 2182204763.049375534057617 2.119942888888889
2.946925770194000 2220670740.354793071746826 2.128952833333333
3.340363503911000 2149720625.009094238281250 2.137861740740740
3.446221273266000 1988540210.604603767395020 2.147124314814814
3.468271307850000 2008984428.825083971023560 2.151650722222222
1.712114849910000 1986624074.960957765579224 2.156097481481481
3.009577294620000 1535642180.838169813156128 2.161292222222222
3.062642750699000 1987487601.968583583831787 2.166785925925926
2.970069166295000 2232349117.155121803283691 2.171281074074074
3.000927027763000 2158282237.923978328704834 2.175796833333333
3.008641493130000 2182431692.953918457031250 2.180293685185185
2.976858117532000 2193730898.039150238037109 2.184717314814815
1.699293343440000 2148777622.435473442077637 2.189194351851852
3.007706388180000 1558664897.772561550140381 2.194338111111111
2.977783631662000 2001758153.902062416076660 2.199841611111111
2.967298785605000 2142341328.170058727264404 2.204336796296297
3.007706388180000 2138663283.716734409332275 2.208770796296296
2.953721914546000 2183367605.052423000335693 2.213257092592593
1.700507485886000 2148579309.832595348358154 2.217745000000000
1.712114849910000 1559034113.688301801681519 2.222890648148149
1.707228859348000 1492979430.723546028137207 2.227492981481482
1.706619161812000 1490994839.858367919921875 2.232090185185185
3.053978794152000 1493295001.872938394546509 2.236687833333333
2.964197167104000 2041702721.793181180953979 2.242193462962963
2.946009846884000 2159475669.940285205841064 2.246696351851852
2.960512234752000 2138705857.305664539337158 2.251132407407407
2.963276105472000 2138716538.698367595672607 2.255553351851852
2.967298785605000 2134810458.453325986862183 2.259945333333333
1.705400674028000 2134965644.429573059082031 2.274224111111111
2.953721914546000 1676586908.546430826187134 2.280853259259259
2.970069166295000 1920393241.224105834960938 2.290892333333333
3.355792434645000 2135797528.839273929595947 2.299744074074074
3.017294159478000 2151597611.684375286102295 2.308816018518518
3.408733906604000 2172776188.343203067779541 2.313322370370370
2.968221902030000 2192717745.516079902648926 2.317743518518518
1.740214027202000 2126545195.024855136871338 2.322232500000000
2.945092900196000 1518367024.713873386383057 2.327390796296296
3.014479905698000 1956671850.162182092666626 2.332854481481481
3.016355958497000 2182144858.038956642150879 2.337341888888889
2.967298785605000 2193367811.671863555908203 2.341772296296296
2.968221902030000 2148819104.777842998504639 2.346264870370370
3.106995913034000 2138505845.942228555679321 2.350680722222222
3.053028242088000 2272193495.376616001129150 2.355210833333333
2.993212562396000 2257307735.449124336242676 2.359701462962962
3.047213819965000 2203293960.442324638366699 2.364177814814814
3.047213819965000 2238528872.446517944335938 2.368667870370370
2.953721914546000 2248591045.650445461273193 2.373093611111111
1.699293343440000 2159211511.891838550567627 2.377597166666666
2.998127863897000 1559277908.406497240066528 2.382747944444444
2.968221902030000 2001196656.979684114456177 2.388240870370370
2.951884246459000 2149183545.558143138885498 2.392725981481481
3.078071681433000 2138299632.445075750350952 2.397159685185185
2.976858117532000 2227935683.907032489776611 2.401675000000000
2.959591516032000 2159433675.795804023742676 2.406183018518518
2.970069166295000 2138288166.615128755569458 2.410614611111111
2.970992970330000 2138599520.423695325851440 2.415055259259259
3.016355958497000 2138756668.031041145324707 2.419489074074074
2.999994320518000 2182660750.359550952911377 2.423944222222222
3.000927027763000 2188168326.668280601501465 2.428380481481481
3.054928285332000 2149272728.913689613342285 2.442743407407407
3.000927027763000 2163374916.226078033447266 2.448711851851852
2.961433982208000 1713557151.343010425567627 2.459560888888888
3.348077969278000 1690335771.311991930007935 2.470344462962963
3.470430447900000 1715942324.096373319625854 2.481155833333333
3.063595348626000 2226631525.803578376770020 2.485667481481481
3.000927027763000 2242705156.445556640625000 2.490106370370370
3.006770238420000 2160227979.359893321990967 2.494606777777777
2.946925770194000 2192202522.777974605560303 2.499047796296296
3.015418455842000 2141686273.212838649749756 2.503527277777778
2.963276105472000 2181751734.543700695037842 2.508019333333333
3.061690861814000 2149123563.159132003784180 2.512509314814815
3.070357216066000 2228097591.971599102020264 2.517026611111111
2.985498097029000 2248662139.289968013763428 2.521457814814815
2.970992970330000 2155154056.562702655792236 2.525966740740741
2.976858117532000 2138538314.296080350875854 2.530407351851852
3.014479905698000 2138462784.928543329238892 2.534841537037037
3.023130523504000 2183496208.756017208099365 2.539323111111111
3.024070423864000 2192313793.738182067871094 2.543749703703704
2.969146049870000 2192807729.646491527557373 2.548175185185185
2.958670454400000 2149110817.506193161010742 2.552660370370371
2.975006055178000 2138765513.321016788482666 2.557090851851852
3.008641493130000 2138585996.790478229522705 2.561522111111111
3.122415247590000 2183541635.062493801116943 2.566014407407408
2.962354700928000 2283136398.911075115203857 2.570524462962963
3.054928285332000 2169594216.513162136077881 2.575058444444445
2.984570185194000 2228015978.553157806396484 2.579576074074074
2.976858117532000 2158751178.679140567779541 2.584089129629630
2.976858117532000 2138963084.145387411117554 2.588515111111111
2.976858117532000 2070677349.820369243621826 2.592948074074074
1.715173290075000 1651245652.579434871673584 2.609030407407408
3.054928285332000 1698354290.063200950622559 2.615746185185186
2.968221902030000 1961161872.594282150268555 2.625878296296297
3.333685618656000 2124665397.921720981597900 2.634801277777778
2.966375325375000 1901956416.282904386520386 2.646627814814815
3.323901162322000 2137713160.180061578750610 2.651041944444445
3.000927027763000 2138349583.660119771957397 2.655480981481482
2.990420594324000 2079160828.411264896392822 2.659914277777778
2.946009846884000 2179078431.372549057006836 2.664402277777778
2.961433982208000 2131908979.140199184417725 2.668920981481482
2.946925770194000 2132661521.665474414825439 2.673348148148149
2.960512234752000 2138330510.961143493652344 2.677766111111112
2.961433982208000 2138326296.018031358718872 2.682202777777778
2.946925770194000 2137959589.201485395431519 2.686631370370371
1.694390109048000 2138237108.361229419708252 2.691062537037038
2.959591516032000 1558226160.683465480804443 2.696212759259260
2.990420594324000 1962912701.699126482009888 2.701668722222223
2.968221902030000 2183279745.996186733245850 2.706165592592594
3.016355958497000 2140171140.468862056732178 2.710654000000001
1.706619161812000 2183183797.080309867858887 2.715148388888890
3.054928285332000 1564875680.863483428955078 2.720319518518519
1.700507485886000 2042231979.966006755828857 2.725843462962964
2.962354700928000 1572019962.873054504394531 2.731030870370371
3.016355958497000 1961485588.576782941818237 2.736485648148149
2.954640235561000 2183701611.737645626068115 2.740970111111111
2.975931569308000 2148962051.941945552825928 2.745460166666667
3.114705580312000 2138787358.531570196151733 2.749891203703704
3.054928285332000 2272861799.361303806304932 2.754431703703704
3.056828328576000 2135377506.732661724090576 2.758928851851852
2.945092900196000 2158135106.138689994812012 2.773686796296296
2.969146049870000 2129473739.846444845199585 2.779678129629629
2.962354700928000 2161547584.514113426208496 2.788641129629629
3.347037365308000 2133781480.758409261703491 2.798316351851851
2.955559240614000 2122990299.404195785522461 2.807193240740741
1.900790577840000 2129325060.682409763336182 2.811610592592592
1.894750407996000 1557928231.060974359512329 2.816752092592592
3.099286245756000 1487373030.969625711441040 2.821356962962963
1.699293343440000 1955553662.576935052871704 2.826857037037037
1.707228859348000 1563155237.631281137466431 2.832026888888889
2.961433982208000 1482723140.080496311187744 2.836632574074074
2.977783631662000 1962326387.900717735290527 2.842098462962963
2.993212562396000 2138269516.519037008285522 2.846532740740741
2.954640235561000 2183144320.839468955993652 2.851022351851852
2.969146049870000 2148733882.160894870758057 2.855492037037037
3.008641493130000 2138495864.798338413238525 2.859923277777777
2.953721914546000 2182632205.694507122039795 2.864417537037037
3.017294159478000 2149112696.572185516357422 2.868905333333333
2.976858117532000 2183320579.470198631286621 2.873379407407407
1.712726492400000 2142749760.910156250000000 2.877852388888889
2.961433982208000 1558740087.027565956115723 2.882997629629629
2.969146049870000 1962589645.721246480941772 2.888470407407407
1.692576768960000 2138875439.637095928192139 2.892903777777778
2.950965583424999 1558460297.328654050827026 2.898043370370370
3.044371481335000 1962963570.405145883560181 2.903510537037037
3.039499354598000 2227241223.251619338989258 2.908027944444444
2.946925770194000 2246942071.856838703155518 2.912453925925925
2.970069166295000 2159563462.494300842285156 2.916962129629629
2.962354700928000 2138770319.998997688293457 2.921395592592592
3.063595348626000 2019140587.628823041915894 2.925832129629629
2.970992970330000 2159392771.628076076507568 2.940604166666666
2.953721914546000 2080242197.508401393890381 2.946588722222222
1.706009917920000 1694531459.393285036087036 2.957358925925925
3.408733906604000 1488689233.692328691482544 2.967261388888888
3.324934573177000 1752577918.985604047775269 2.977566370370370
3.510081741985000 2148207671.483491420745850 2.982060648148148
3.110863172768001 2272270385.128328800201416 2.986601222222222
3.046266726490000 2256583510.942237854003906 2.991041203703703
2.963276105472000 2251713649.686491012573242 2.995533370370370
3.061690861814000 2150850714.051214694976807 3.000045962962962
2.969146049870000 2198670665.526484489440918 3.004550333333333
1.706619161812000 2158854869.598809719085693 3.009056370370370
3.016355958497000 1559047406.091936111450195 3.014207685185184
3.007706388180000 2001932782.784636259078979 3.019708370370370
3.017294159478000 2192084734.314019680023193 3.024149703703703
3.092539132462000 2183465520.176374435424805 3.028609907407406
3.115675335448000 2282818041.431880474090576 3.033118870370370
2.970069166295000 2283489985.054812908172607 3.037554833333333
1.707228859348000 2169335084.606147766113281 3.042073592592592
2.969146049870000 1558806374.295523643493652 3.047219259259258
2.967298785605000 1962571058.080722332000732 3.052674629629629
3.006770238420000 2138489225.520071268081665 3.057092648148147
1.712726492400000 2183588580.490363121032715 3.061576851851851
3.069402929476000 1565751119.967314958572388 3.066743999999999
3.015418455842000 2041369119.825211763381958 3.072270259259258
1.713338134890000 2204161796.512274265289307 3.076765388888888
2.953721914546000 1565800630.869596481323242 3.081931685185184
3.107963267786000 1961754924.999153614044189 3.087400759259258
3.062642750699000 2216905220.484683513641357 3.091950499999999
1.706619161812000 2285671190.562425613403320 3.106266796296295
1.706619161812000 1697950971.019563674926758 3.112988444444444
3.009577294620000 1687687319.484511613845825 3.123856240740740
3.339325297646000 1761945824.009435653686523 3.134093111111110
2.961433982208000 2135494750.691460609436035 3.143044907407406
1.902148689746000 2138054945.880938053131104 3.147479574074073
2.946009846884000 1558014085.874917745590210 3.152627888888888
3.024070423864000 1957103884.206669330596924 3.158085888888888
3.061690861814000 2120980288.249887943267822 3.162586870370369
3.037608907532000 2236841078.515002250671387 3.167080703703703
3.000927027763000 2196675436.321191787719727 3.171578537037036
2.969146049870000 2192096508.401996135711670 3.176024129629629
3.047213819965000 2148945642.496785163879395 3.180517018518518
3.070357216066000 2228254607.424441814422607 3.185026648148147
3.007706388180000 2248679006.625004768371582 3.189462703703703
3.108929542901000 2203050909.795610427856445 3.193953944444444
3.060737909366000 2282422963.870930671691895 3.198471185185184
2.962354700928000 2258715753.523537635803223 3.202960833333332
2.960512234752000 2159319765.076259613037109 3.207466629629629
2.977783631662000 2138511466.592945337295532 3.211887685185184
2.962354700928000 2138033691.962775945663452 3.216323296296295
3.107963267786000 2138679352.703261137008667 3.220759981481480
2.959591516032000 2273036758.416044235229492 3.225284518518517
3.068447576644000 2165052738.801391124725342 3.229811370370369
3.021249672616000 2227937467.370974063873291 3.234316277777777
2.976858117532000 2204092382.696495532989502 3.238806055555554
1.713338134890000 2148769249.253230571746826 3.243275925925925
2.970069166295000 1558622193.464898109436035 3.248427592592591
2.967298785605000 1962785211.757086992263794 3.253889388888888
2.952802567474000 2138514574.501409769058228 3.258323185185184
2.975931569308000 2132646479.706149578094482 3.262769888888888
2.977783631662000 2129044115.007997512817383 3.277010444444443
2.969146049870000 2123020441.147911787033081 3.282922629629629
3.015418455842000 2092403596.093609333038330 3.291755259259258
3.331613229984000 1747424024.167153835296631 3.302556574074073
3.108929542901000 2119899831.581825733184814 3.311495962962962
3.507898611490000 2271243787.464828968048096 3.316037259259259
3.013542403043000 2296788423.420786380767822 3.320465740740740
2.969146049870000 2170408674.777898788452148 3.324978611111111
2.969146049870000 2147912517.604175567626953 3.329449351851852
3.000927027763000 2138363589.328482151031494 3.333887611111111
3.055878483768000 2182874820.772285938262939 3.338382203703703
2.970992970330000 2238216360.601001739501953 3.342874703703703
2.953721914546000 2159119110.301897048950195 3.347390592592592
3.008641493130000 2138600455.877564191818237 3.351826481481481
1.707228859348000 2182601820.062047481536865 3.356303333333333
2.977783631662000 1566019537.742878437042236 3.361472814814814
2.969146049870000 1963628848.381393909454346 3.366940481481481
1.706619161812000 2138682198.452111959457397 3.371374240740740
3.024070423864000 1554896108.522389888763428 3.376520814814814
1.699900188734000 2002030669.442935228347778 3.382008240740740
2.953721914546000 1555984497.117232561111450 3.387211574074073
2.968221902030000 1962155993.137357950210571 3.392684037037036
2.969146049870000 2138188592.398558855056763 3.397109611111110
1.706009917920000 2138645583.149952650070190 3.401527666666665
2.954640235561000 1558847894.460318326950073 3.406673703703702
3.016355958497000 1962003962.233480691909790 3.412141999999998
2.970069166295000 2183485513.231358528137207 3.416626296296295
3.284318260428000 2149245402.699945926666260 3.421110611111109
3.106029637919000 2140419977.837580919265747 3.425555907407406
3.029899240254000 2257802115.040718078613281 3.439950166666665
1.699900188734000 2179904574.453644752502441 3.445952907407406
2.968221902030000 1635926596.395757913589478 3.455726370370369
3.331613229984000 2108918719.059347867965698 3.465598166666665
3.070357216066000 2184995409.178381443023682 3.474682314814813
3.458230028288000 2227260718.576131820678711 3.479198962962962
3.068447576644000 2248675604.921337127685547 3.483627148148147
2.962354700928000 2227787661.106424331665039 3.488061185185184
1.699900188734000 2106657011.839047908782959 3.492580129629628
2.975931569308000 1558439001.579142332077026 3.497728259259258
2.975931569308000 1963096006.313486099243164 3.503195685185184
2.977783631662000 2138515247.011233568191528 3.507608814814814
3.015418455842000 2137829459.823907375335693 3.512044611111110
2.967298785605000 2179724295.255585670471191 3.516541907407406
1.706619161812000 2148655677.398867607116699 3.521032259259258
2.959591516032000 1559092043.075727939605713 3.526180814814813
3.123387403110000 1963045296.167247295379639 3.531633814814814
3.107963267786000 2253664324.491758823394775 3.536177444444443
1.706619161812000 2303664809.516639232635498 3.540604777777776
2.977783631662000 1577853803.579421520233154 3.545817703703702
1.713950232810000 1962504306.401664495468140 3.551283296296295
2.967298785605000 1558590719.820341825485229 3.556428870370369
2.970069166295000 1963464169.960273504257202 3.561896814814813
3.053978794152000 2138540593.852518796920776 3.566328018518517
3.000927027763000 2228059505.977272510528564 3.570840481481480
3.115675335448000 2203886330.080750942230225 3.575330740740739
3.058833777075000 2283298706.539777755737305 3.579827722222221
2.977783631662000 2258185783.881364822387695 3.584320796296295
2.976858117532000 2159589824.022598743438721 3.588831055555554
1.706009917920000 2135045785.605232477188110 3.593270425925924
1.699293343440000 1937291683.572990894317627 3.608240351851850
2.954640235561000 1646765434.736167430877686 3.615001796296295
2.999994320518000 2047047151.802335262298584 3.625944388888887
2.971916430560000 2172987149.118716716766357 3.634880222222221
3.456080484416000 1831861466.407297372817993 3.646580018518517
3.448366019049000 2227212765.957446575164795 3.651086796296295
2.962354700928000 2248275236.800836563110352 3.655515037037035
2.969146049870000 2145647573.516146659851074 3.660031555555554
2.946925770194000 2093653904.054596662521362 3.664459999999998
3.039499354598000 2138222355.055804014205933 3.668890185185183
2.969146049870000 2183085614.655550003051758 3.673372370370368
3.007706388180000 2148912133.787550449371338 3.677857092592590
3.008641493130000 2182936512.403672218322754 3.682331574074072
3.054928285332000 2193390079.975969791412354 3.686770407407405
3.061690861814000 2238138903.316761970520020 3.691262740740739
1.705400674028000 2248511290.079783439636230 3.695691407407405
2.961433982208000 1570957701.146144151687622 3.700881111111109
2.953721914546000 1963035973.855677604675293 3.706346499999998
3.023130523504000 2133756508.243775606155396 3.710785314814812
2.978709835188000 2183135264.904753208160400 3.715282388888887
1.685860194480000 2149292399.930630683898926 3.719767240740739
2.963276105472000 1558458212.426465988159180 3.724910981481479
2.962354700928000 1963434088.545812129974365 3.730378333333331
2.961433982208000 2138734830.735442876815796 3.734796685185183
2.968221902030000 2138475194.840994596481323 3.739230499999998
3.000927027763000 2138817453.369579076766968 3.743651592592590
3.078071681433000 2173764493.273285388946533 3.748170611111109
2.961433982208000 2238322943.023629665374756 3.752664351851850
1.694994780780000 2159496825.631182670593262 3.757179685185183
2.969146049870000 1470680378.802853584289551 3.762332370370368
3.046266726490000 2166793093.297518253326416 3.778436962962961
2.963276105472000 2231477071.789911746978760 3.784429499999998
2.959591516032000 2117608057.069173574447632 3.793333574074072
3.324934573177000 2092732314.546446323394775 3.802195481481480
1.888031434918000 1891711709.673602104187012 3.812836888888887
1.907507152320000 1558243520.405591249465942 3.817979814814813
3.161947741420000 1492533526.689590930938721 3.822589740740739
2.953721914546000 1924357677.153339862823486 3.828051111111110
2.952802567474000 2085637708.780782938003540 3.832491574074072
3.005835133470000 2138255439.071130514144897 3.836927074074072
2.954640235561000 2182786451.076777935028076 3.841406314814813
2.969146049870000 2148668267.720441341400146 3.845886388888887
1.712726492400000 2138252854.005666017532349 3.850305129629628
1.700507485886000 1559061209.362574815750122 3.855451703703701
2.962354700928000 1491863567.836165666580200 3.860057981481479
1.707228859348000 1963073610.015539169311523 3.865527999999998
2.959591516032000 1559095173.018966913223267 3.870677296296294
2.961433982208000 1962493218.240733861923218 3.876152222222220
2.961433982208000 2138626642.831965446472168 3.880565333333331
3.037608907532000 2138921042.740325689315796 3.884999518518516
1.713338134890000 2183524600.560039520263672 3.889496555555553
2.954640235561000 1565788380.940099477767944 3.894666222222220
3.069402929476000 1987970923.916218042373657 3.901007185185183
2.976858117532000 2226515660.235529899597168 3.905515537037035
3.053028242088000 2158843689.248714447021484 3.910030759259257
1.693786112424000 2228034186.419869422912598 3.914540888888887
1.705400674028000 1572014665.006297588348389 3.919730870370368
1.686462242578000 1492268230.876765966415405 3.924327518518516
2.961433982208000 1492607811.651071548461914 3.928928907407405
3.013542403043000 1876455535.942540645599365 3.934405240740738
2.963276105472000 2145712559.630774021148682 3.948729499999998
3.077114997138000 2126958435.785449028015137 3.954686814814812
1.712726492400000 2208366604.477612018585205 3.963620148148145
3.362461500632000 1822980059.061475992202759 3.973252296296294
2.962354700928000 2114955051.837662220001221 3.983267537037035
3.401021838942000 2137733773.580162286758423 3.987687055555553
3.330576264096000 2182388325.061115741729736 3.992186722222220
2.963276105472000 2095435515.409578323364258 3.996666259259257
2.970069166295000 2137748960.160360813140869 4.001100703703702
3.016355958497000 2137947030.316690921783447 4.005537203703701
3.040444754052000 2182903453.640707492828369 4.010036481481479
2.977783631662000 2193549668.818751811981201 4.014462277777775
1.706619161812000 2148686176.662240028381348 4.018952537037034
1.691972322264000 1558151249.797549009323120 4.024097814814811
2.963276105472000 1491883826.842613458633423 4.028700777777774
2.970069166295000 1963393436.293436527252197 4.034168555555552
2.983641236586000 2138318157.786524057388306 4.038581925925922
2.976858117532000 2138526725.154513359069824 4.043010407407404
3.117613402632000 2138271628.466824054718018 4.047441296296292
3.077114997138000 2272212075.809384822845459 4.051952611111107
2.978709835188000 2259033179.928740978240967 4.056443277777774
3.023130523504000 2143604375.697340726852417 4.060941185185182
3.023130523504000 2183231974.831029891967773 4.065426425925923
3.030842591166000 2193579204.571084976196289 4.069860092592589
3.031784889231000 2193564244.971479892730713 4.074301425925922
2.985498097029000 2193692228.650195121765137 4.078734851851848
2.982713324751000 2148873469.219512939453125 4.083227537037033
1.713950232810000 2138625606.803728103637695 4.087656481481478
2.946009846884000 1558750768.921210765838623 4.092810407407404
2.970069166295000 1868800324.231217145919800 4.098293462962959
1.713338134890000 2132579970.422644853591919 4.112568648148144
3.014479905698000 1504894397.819990158081055 4.119554685185181
2.977783631662000 2126860607.869286775588989 4.129483111111107
3.470430447900000 2133198326.266041517257690 4.138405277777774
3.006770238420000 2202455688.682047843933105 4.147382166666663
1.902148689746000 2203189896.683741569519043 4.151875740740737
3.071312213484000 1558234456.297624349594116 4.157040092592589
3.287384429508000 1962157806.049942731857300 4.162513055555552
3.055878483768000 2086175503.611984014511108 4.166950444444440
3.000927027763000 2227562168.612447261810303 4.171466388888884
1.707228859348000 2203261057.236000537872314 4.175953981481477
3.036664211762000 1565067631.188597679138184 4.181122537037033
1.706619161812000 2001977489.981527566909790 4.186626259259255
1.706009917920000 1565252334.504769325256348 4.191790333333329
1.699900188734000 1492085582.540678739547729 4.196392777777773
3.022189572976000 1493202143.840080976486206 4.200995111111107
3.052078750908000 2001980247.993674039840698 4.206498537037032
3.069402929476000 2233536231.884057998657227 4.210983537037032
2.954640235561000 2248287116.154872894287109 4.215422055555551
2.969146049870000 2159247228.567796230316162 4.219937370370365
3.007706388180000 2138160613.347097635269165 4.224350314814810
3.092539132462000 2183721985.241589069366455 4.228834888888884
1.706009917920000 2282857730.891523361206055 4.233342777777773
2.967298785605000 1577591002.973930120468140 4.238560962962959
3.014479905698000 1962204537.808843851089478 4.244010648148144
3.070357216066000 2183770847.099246501922607 4.248494796296293
3.062642750699000 2234327940.976556301116943 4.252990185185181
3.008641493130000 2248553384.490506649017334 4.257416148148145
3.007706388180000 2203930129.565163612365723 4.261911240740737
1.712726492400000 2078194881.215815544128418 4.266346611111108
2.948758640192000 1940222757.603562831878662 4.281765796296293
3.069402929476000 2078269862.572797536849976 4.287864648148145
2.955559240614000 2205354843.835118770599365 4.297654870370367
3.340363503911000 2197843111.313868522644043 4.306585240740738
3.340363503911000 2158473210.665771007537842 4.315629055555553
1.941783219542000 2136714560.036145925521851 4.320055555555553
3.223644282716000 1558251508.591238260269165 4.325205074074071
1.706619161812000 1912119376.618102312088013 4.330677018518515
1.712114849910000 1558684516.930388212203979 4.335820629629627
2.938297779222000 1492323400.180261373519897 4.340422999999997
3.100251200124000 1963607284.377942323684692 4.345890814814812
3.009577294620000 2272446952.577521324157715 4.350430777777775
1.701113879322000 2214422518.576841831207275 4.354946555555553
3.053978794152000 1564904476.862970113754272 4.360113037037034
3.055878483768000 2041816278.890626907348633 4.365642351851849
1.705400674028000 2248288044.498000621795654 4.370083666666664
2.969146049870000 1571225626.283953428268433 4.375275962962960
2.974080196350000 1959109860.185335874557495 4.380743518518516
2.954640235561000 2138670434.183321714401245 4.385177129629627
2.954640235561000 2138600630.361727714538574 4.389613148148145
2.955559240614000 2138681992.946285486221313 4.394039499999997
2.960512234752000 2138210983.459353208541870 4.398452870370368
3.052078750908000 2137385797.666181564331055 4.402891629629627
2.975931569308000 2228141270.615630149841309 4.407408833333331
3.008641493130000 2159576832.025207996368408 4.411922407407404
1.699293343440000 2182548017.897017955780029 4.416417259259256
2.963276105472000 1565993605.385542869567871 4.421577851851849
3.006770238420000 1963312541.904548883438110 4.427046629629626
2.954640235561000 2180899162.360530376434326 4.431547814814811
2.960512234752000 2175967945.598376750946045 4.445855666666663
3.008641493130000 2127403143.529411792755127 4.451758444444441
1.700507485886000 2170625906.955121040344238 4.460681259259256
3.438511605988000 1823039576.578844785690308 4.470317055555553
1.901469381074000 1772346877.965560436248779 4.480640037037034
3.401021838942000 1571232258.915552377700806 4.485834351851849
2.970069166295000 1997899725.833852052688599 4.491339259259256
3.058833777075000 2092400131.514055490493774 4.495845185185182
3.079029078342000 2226409182.433962345123291 4.500342499999997
2.954640235561000 2248702409.759191036224365 4.504781240740738
2.960512234752000 2145241203.806151866912842 4.509300240740738
2.952802567474000 2138409411.409826278686523 4.513720407407405
3.100251200124000 2138236313.091680049896240 4.518156925925924
2.951884246459000 2272296292.359890460968018 4.522687111111109
3.006770238420000 2167986114.749803543090820 4.527210962962961
1.699900188734000 2183249601.797775268554688 4.531710351851850
2.953721914546000 1564917645.036896944046021 4.536882407407406
2.960512234752000 1962950024.690021991729736 4.542357703703702
2.968221902030000 2138370368.198383331298828 4.546778629629628
2.946925770194000 2138530968.039207458496094 4.551199555555554
1.713338134890000 2138548768.547111749649048 4.555625222222221
3.107963267786000 1558587435.526684999465942 4.560773777777777
2.961433982208000 2081764127.321167707443237 4.566320555555555
2.953721914546000 2169243048.639117240905762 4.570857370370369
2.962354700928000 2138576903.474838972091675 4.575290296296295
2.993212562396000 2138277583.340990304946899 4.579724333333332
1.706619161812000 2182637906.910513877868652 4.584211055555555
3.334721812992000 1565855994.322356700897217 4.589377518518518
3.000927027763000 1940436843.036985397338867 4.594921759259258
2.961433982208000 2145618882.129991054534912 4.609330444444444
2.970992970330000 2140099187.902548313140869 4.615282111111110
2.961433982208000 2164278865.494270324707031 4.624313944444443
1.893397598724000 2093453183.332601308822632 4.633168222222221
1.700507485886000 1474695373.874527692794800 4.644138925925925
3.323901162322000 1484785266.256011009216309 4.648744629629629
3.469350275100000 1944663535.439795255661011 4.654209296296296
2.977783631662000 2176615350.555321216583252 4.658726203703703
2.975931569308000 2158268870.736330032348633 4.663230777777778
2.970069166295000 2129438501.267175912857056 4.667666129629629
2.983641236586000 2137329373.731298208236694 4.672099796296296
2.954640235561000 2126894915.594099521636963 4.676532740740741
3.006770238420000 2132074188.187325000762939 4.680956425925926
2.979635694016000 2174071790.387248992919922 4.685445833333334
3.015418455842000 2139215539.903774738311768 4.689926055555556
3.046266726490000 2179743108.021962165832520 4.694428740740741
1.698686498146000 2224755956.836972236633301 4.698906166666667
2.936469707313000 1570670945.348803997039795 4.704102759259260
2.999994320518000 1961975605.128344058990479 4.709568388888889
3.061690861814000 2183444633.983534812927246 4.714062722222223
3.047213819965000 2238372692.008030414581299 4.718554962962964
2.947842375756000 2248458496.138689041137695 4.722981592592594
2.952802567474000 2159183849.509403705596924 4.727494240740742
2.946925770194000 2138851600.339332818984985 4.731925592592594
2.975931569308000 2137893132.458909273147583 4.736343314814817
1.692576768960000 2138702451.722713708877563 4.740782370370372
1.712726492400000 1559067107.169434070587158 4.745933611111113
3.062642750699000 1492868967.682720661163330 4.750533833333335
3.092539132462000 2041729882.513880968093872 4.756056944444445
2.970069166295000 2289472310.312547683715820 4.760547518518520
1.706619161812000 2235310145.742585182189941 4.774904388888890
3.062642750699000 1481024623.197803735733032 4.781015759259261
3.006770238420000 2146697172.253049373626709 4.789072166666668
1.693181215656000 2187948921.187409877777100 4.797992296296298
1.888031434918000 1686970957.352680921554565 4.805840907407409
3.001860429762000 1647265194.444539070129395 4.816697092592594
3.016355958497000 2001185433.047034502029419 4.822203722222223
3.392253602320000 2193202224.393176555633545 4.826639388888890
3.319765209604000 2188550758.255282878875732 4.831078185185186
2.954640235561000 2088855849.728566646575928 4.835570796296297
1.699900188734000 2137335719.833845376968384 4.839957611111112
2.970069166295000 1559254642.014870166778564 4.845100851851853
1.699293343440000 1963257591.832445859909058 4.850564203703704
2.991350903864000 1550094816.755613327026367 4.855737925925927
1.693786112424000 1996800343.648400545120239 4.861234500000001
1.700507485886000 1565319953.307169914245605 4.866406203703705
2.953721914546000 1492686288.395149230957031 4.871008685185187
2.961433982208000 1962587187.708434343338013 4.876478259259261
2.970069166295000 2138916395.978020906448364 4.880896574074075
1.707228859348000 2138543440.920431613922119 4.885327666666668
2.945092900196000 1558943118.949445724487305 4.890479092592594
2.984570185194000 1962667253.078662872314453 4.895931796296297
3.038554658828000 2178702322.957374572753906 4.900428777777779
2.951884246459000 2238375895.032338619232178 4.904921166666668
2.984570185194000 2159369807.588932037353516 4.909434074074075
2.941039376736000 2138479609.873509645462036 4.913865685185186
3.008641493130000 2138380171.940428733825684 4.918283666666667
2.999994320518000 2183505431.373196125030518 4.922770629629630
1.700507485886000 2193334821.149233341217041 4.927209981481482
1.706009917920000 1564937295.339203357696533 4.932373222222223
3.036664211762000 1491486245.532307863235474 4.936984518518519
2.961433982208000 2221313327.768637180328369 4.952337037037038
3.006770238420000 2130885506.324202775955200 4.958303240740742
3.008641493130000 2161857442.062213420867920 4.967268796296297
3.377885635956000 1713600462.059759616851807 4.978089907407409
1.691972322264000 1737297895.861111879348755 4.988978500000001
2.946009846884000 1564998074.668444871902466 4.994143555555556
3.439582177252000 1962930182.190976142883301 4.999598759259261
1.701720950545000 2216643302.436223506927490 5.004113944444446
1.706009917920000 1531958162.486718416213989 5.009307759259261
3.007706388180000 1492660314.730277061462402 5.013916055555557
2.961433982208000 2002276297.637233495712280 5.019419648148149
3.053028242088000 2148921626.292582511901855 5.023909296296297
2.955559240614000 2227008851.731451034545898 5.028432370370371
2.954640235561000 2159418590.051331520080566 5.032945537037038
3.015418455842000 2138559735.169005155563354 5.037381629629630
3.061690861814000 2183303968.061043262481689 5.041876314814815
3.060737909366000 2238513197.460741519927979 5.046365814814815
1.700507485886000 2243521563.690629959106445 5.050808296296297
1.719443066880000 1571447288.387843608856201 5.055959666666667
2.963276105472000 1493338836.452662467956543 5.060558629629631
3.108929542901000 1963347709.861671447753906 5.066031370370371
3.102179672916000 2272478961.917088985443115 5.070566796296298
3.100251200124000 2303333012.584510326385498 5.074993166666668
2.976858117532000 2303396505.410087108612061 5.079419055555557
3.008641493130000 2168795609.191926002502441 5.083950407407409
2.984570185194000 2165686789.526653766632080 5.088440111111113
3.123387403110000 2148971719.564383029937744 5.092927574074076
2.963276105472000 2272596335.441746711730957 5.097465537037039
3.023130523504000 2169627222.788885593414307 5.101986259259260
2.970069166295000 2065088983.347254991531372 5.106486685185186
3.006770238420000 2174521522.289475917816162 5.121138592592594
2.960512234752000 2181535833.020328998565674 5.127104277777779
1.699293343440000 2107883975.431558609008789 5.136013629629630
3.501278718548000 1488667640.567131757736206 5.145914000000000
2.951884246459000 1797228482.526754379272461 5.156263685185185
3.531027613324000 2169163877.626244068145752 5.160785351851851
1.800041960640000 2272188250.684763431549072 5.165315166666666
3.015418455842000 1525784554.548229694366455 5.170532092592592
3.006770238420000 2000155915.681899309158325 5.176026277777777
3.005835133470000 2193471789.529176712036133 5.180452333333332
3.021249672616000 2193785334.981873035430908 5.184870759259258
2.953721914546000 2193695415.967754364013672 5.189308870370369
1.714561419870000 2148494701.338804721832275 5.193794629629628
2.962354700928000 1558527815.184750556945801 5.198937703703702
2.970069166295000 1961680936.882994651794434 5.204405796296295
3.070357216066000 2138729754.070549249649048 5.208826666666665
3.109896537774000 2227844086.594860076904297 5.213341518518517
1.712726492400000 2283257379.086334228515625 5.217856907407405
2.945092900196000 1577584158.415841579437256 5.223075240740739
3.061690861814000 1962188201.790073394775391 5.228537462962962
2.975006055178000 2228226069.488572120666504 5.233054592592591
2.968221902030000 2159631969.162634372711182 5.237570518518517
2.961433982208000 2138428416.304710865020752 5.242004592592591
3.014479905698000 2138424202.060819149017334 5.246425703703702
2.969146049870000 2183250405.973282337188721 5.250907388888887
2.962354700928000 2148548673.661288738250732 5.255397611111110
2.951884246459000 2138659485.768524646759033 5.259826370370368
2.976858117532000 2137935159.054855108261108 5.264262296296295
2.984570185194000 2139053815.718883991241455 5.268680666666665
2.976858117532000 2018875250.932033061981201 5.273136277777776
3.014479905698000 2131023458.739895820617676 5.287406407407405
2.970069166295000 2117988389.185568094253540 5.293377851851850
1.713950232810000 1866326192.738324403762817 5.303961574074072
3.340363503911000 1488868404.714094638824463 5.313893962962961
1.713338134890000 2115670537.187331199645996 5.323906333333332
3.362461500632000 1556061485.553125381469727 5.329054185185184
2.969146049870000 1959648886.331324815750122 5.334524925925924
2.955559240614000 2091441032.383408784866333 5.338947629629629
3.015418455842000 2137898742.736926555633545 5.343384074074073
3.054928285332000 2182865960.383111953735352 5.347865888888887
3.053978794152000 2237243715.801862716674805 5.352350240740740
3.061690861814000 2248655324.332893848419189 5.356788981481481
2.969146049870000 2248261717.592147827148438 5.361224777777777
2.975931569308000 2159185822.772346019744873 5.365738537037037
3.006770238420000 2138623623.103361368179321 5.370156685185185
1.712726492400000 2183292169.807810783386230 5.374636259259259
2.969146049870000 1565383944.316210508346558 5.379803000000000
2.969146049870000 1962200715.337681293487549 5.385260148148148
2.976858117532000 2138577478.046596765518188 5.389686611111110
2.969146049870000 2138530068.879148483276367 5.394122722222222
1.705400674028000 2138267185.722887516021729 5.398551462962963
3.016355958497000 1559354993.740737199783325 5.403699388888889
2.967298785605000 2001724232.224784374237061 5.409184814814815
2.951884246459000 2149162766.308835983276367 5.413670000000000
3.046266726490000 2138431285.140059232711792 5.418106611111111
2.960512234752000 2227998147.016984462738037 5.422623851851852
2.969146049870000 2159275359.818611621856689 5.427132296296296
3.069402929476000 2138605792.820307254791260 5.431570740740741
3.053978794152000 2227413447.712217330932617 5.436091129629629
2.968221902030000 2248090191.055163860321045 5.440529444444444
1.699293343440000 2235569762.468935966491699 5.454948611111110
2.970069166295000 1481038228.252921104431152 5.461051814814814
1.713338134890000 2100608101.433715820312500 5.469038055555555
2.961433982208000 1880299494.450800180435181 5.478734148148147
1.887357428880000 1920487574.618615865707397 5.488785259259259
2.962354700928000 1683363548.661787509918213 5.495657333333333
3.340363503911000 1957808365.199147224426270 5.501129740740740
3.061690861814000 2138503252.202229499816895 5.505565481481481
3.098322368346000 2223853428.847061634063721 5.510076499999999
3.016355958497000 2142745151.361574172973633 5.514570888888889
2.970069166295000 2193009295.120061874389648 5.519017666666667
3.008641493130000 2148807501.938591957092285 5.523507370370370
2.975931569308000 2182492552.704894065856934 5.527960888888889
3.008641493130000 2139170694.110713243484497 5.532453981481481
2.960512234752000 2183218637.166465759277344 5.536951962962963
2.961433982208000 2148773586.622870445251465 5.541428370370371
2.976858117532000 2138026888.695151567459106 5.545867796296297
3.007706388180000 2138454198.153516292572021 5.550288611111111
3.031784889231000 2178020713.207453727722168 5.554778500000000
3.006770238420000 2193470551.441153049468994 5.559219388888889
3.062642750699000 2193555005.757580757141113 5.563657981481481
2.967298785605000 2237505423.798721313476562 5.568147796296296
2.977783631662000 2149746004.054303169250488 5.572669740740741
2.970992970330000 2137115237.442769527435303 5.577102777777778
2.984570185194000 2138503422.448244094848633 5.581523481481482
2.983641236586000 2138497384.625018119812012 5.585959500000000
1.713338134890000 2138375869.197519302368164 5.590393666666667
2.977783631662000 1558759316.831718683242798 5.595534203703704
2.969146049870000 1962674779.876981496810913 5.601004629629630
2.982713324751000 2138651230.983868122100830 5.605438000000000
3.094462808058000 2138625983.774262189865112 5.609863981481482
2.969146049870000 2225100415.640583992004395 5.614368407407408
2.969146049870000 2216393893.879026889801025 5.628707388888889
2.961433982208000 2127172507.329540967941284 5.634619537037038
3.055878483768000 2097765946.641386985778809 5.644464870370371
3.402079226847000 1966504459.023917198181152 5.655117425925927
2.968221902030000 2157969862.475281238555908 5.664163611111112
3.447294244914000 2148638869.351515293121338 5.668639574074075
3.323901162322000 2227828998.021817684173584 5.673151759259261
1.713950232810000 2090425439.115928411483765 5.677686333333335
2.984570185194000 1556344088.184993028640747 5.682840481481483
3.030842591166000 1961411922.199665784835815 5.688304611111112
1.720057107968000 2183530419.081697463989258 5.692796796296298
2.977783631662000 1564450267.931340932846069 5.697966722222223
3.068447576644000 1961456584.016261577606201 5.703441962962964
3.062642750699000 2227365979.571518421173096 5.707961796296297
2.968221902030000 2248529352.658946514129639 5.712385018518519
1.712726492400000 2159346808.143971920013428 5.716898240740742
2.970069166295000 1558968580.060423135757446 5.722047129629630
3.031784889231000 1962838638.865857601165771 5.727496833333334
3.022189572976000 2182805046.784790039062500 5.731961722222223
3.007706388180000 2193959672.043727397918701 5.736406759259260
2.970069166295000 2193777477.481246948242188 5.740833111111113
1.712726492400000 2148939957.601603507995605 5.745323148148150
3.078071681433000 1558701993.382991075515747 5.750467018518520
1.713338134890000 2040386531.228514671325684 5.755961759259261
2.962354700928000 1572334295.593466997146606 5.761151444444446
2.983641236586000 1963477690.146565914154053 5.766622370370373
2.970992970330000 2138579830.561656951904297 5.771048759259261
3.000927027763000 2138527302.854560375213623 5.775474425925928
1.701113879322000 2062584545.207083940505981 5.779964462962965
3.061690861814000 1973958189.517702817916870 5.795003222222225
1.706619161812000 2115501017.169826745986938 5.801147722222225
3.154235673758000 1486207143.234799861907959 5.809203518518522
2.970069166295000 2250522789.288452148437500 5.819227314814817
2.984570185194000 2194216341.266781330108643 5.828208666666669
3.053978794152000 2119346222.802829027175903 5.834375055555558
3.462718380238000 2227380374.211167335510254 5.838891222222225
3.393309771280000 2248198653.522280693054199 5.843322537037039
1.712726492400000 2195716125.523736476898193 5.847817481481484
2.963276105472000 1533067266.315074443817139 5.852968648148151
2.970992970330000 1950934510.614823579788208 5.858440555555558
3.015418455842000 2138053071.360257863998413 5.862855296296298
3.030842591166000 2183114918.450413703918457 5.867354944444447
3.069402929476000 2193561594.369854927062988 5.871775592592595
1.706619161812000 2237532222.930832862854004 5.876247333333335
3.008641493130000 1571950611.648061752319336 5.881439740740743
3.059786020481000 2002078640.089041948318481 5.886930296296298
3.062642750699000 2238505702.605607509613037 5.891414925925928
2.985498097029000 2248496777.234972000122070 5.895853833333335
1.707228859348000 2158311765.623588562011719 5.900364462962965
2.961433982208000 1558783753.681122064590454 5.905502037037039
1.713338134890000 1963155662.164722442626953 5.910975666666669
3.069402929476000 1558167078.735105991363525 5.916113851851854
2.959591516032000 2042103599.360382080078125 5.921637981481484
3.016355958497000 2158888410.253037452697754 5.926143240740744
1.686462242578000 2183340853.031223297119141 5.930625296296299
1.713338134890000 1487966190.325925350189209 5.935965648148151
2.969146049870000 1484407349.913132905960083 5.940570388888891
3.092539132462000 1963184302.053601026535034 5.946033240740743
2.985498097029000 2182028449.960543632507324 5.950515444444447
2.970069166295000 2029704971.629512071609497 5.955012814814817
1.699293343440000 2253236858.825024127960205 5.969877740740744
2.961433982208000 1592009513.969724416732788 5.976670870370373
2.969146049870000 2138561526.043309688568115 5.986650685185189
3.463794949783000 2150702374.679997444152832 5.995613296296300
3.463794949783000 2201975880.217449188232422 6.004596240740744
3.015418455842000 2247847881.781647682189941 6.009019944444447
2.970992970330000 2203288700.236365795135498 6.013509222222226
1.707228859348000 2087749120.392877340316772 6.018004074074077
2.969146049870000 1553518746.849117755889893 6.023146666666670
1.705400674028000 1962163676.234695434570312 6.028618851851856
3.107963267786000 1558501073.729420185089111 6.033767055555559
1.700507485886000 2082320350.662507534027100 6.039305777777781
1.699900188734000 1576815922.130055665969849 6.044518648148152
3.069402929476000 1492926925.444720268249512 6.049121000000004
3.068447576644000 2041198547.801532983779907 6.054629888888893
2.976858117532000 2248427647.500626087188721 6.059068037037041
2.969146049870000 2159006291.112522602081299 6.063586462962967
2.977783631662000 2137968709.146524667739868 6.067963555555560
3.021249672616000 2137498150.772817373275757 6.072379814814819
2.970992970330000 2183637396.477024078369141 6.076872018518523
3.069402929476000 2149107746.371401786804199 6.081361814814819
3.070357216066000 2228102267.740175724029541 6.085876833333337
3.069402929476000 2248534406.428547382354736 6.090310759259263
2.970069166295000 2248537394.458690166473389 6.094752148148152
2.968221902030000 2159075345.501099586486816 6.099265185185189
2.969146049870000 2138243258.490353345870972 6.103696685185189
1.707228859348000 2126826765.109165668487549 6.108086037037040
2.968221902030000 1555049419.807502031326294 6.113232796296299
3.054928285332000 1962243425.995491981506348 6.118704685185188
3.014479905698000 2162994678.111588001251221 6.133267185185188
2.961433982208000 2185597846.579634189605713 6.139249055555559
2.952802567474000 2132827840.395582914352417 6.148162296296300
3.402079226847000 1865649005.373809814453125 6.158769296296300
1.894750407996000 2160810028.989337444305420 6.167738111111115
3.393309771280000 1564210641.036212205886841 6.172903648148152
3.447294244914000 2035923034.678596735000610 6.178433796296300
2.999060571142000 2187072980.278306007385254 6.182873351851856
2.958670454400000 2203415217.876540660858154 6.187353462962967
3.009577294620000 2148910714.285714149475098 6.191845907407412
3.061690861814000 2180814415.289792060852051 6.196343703703708
2.961433982208000 2238598894.918354988098145 6.200838092592598
2.970069166295000 2159250850.382055759429932 6.205345870370375
3.048161618910000 2137465588.025242567062378 6.209779888888893
2.961433982208000 2227908285.988342285156250 6.214297555555560
1.699293343440000 2159406077.506664276123047 6.218813296296300
3.062642750699000 1558973614.499951362609863 6.223951500000004
3.054928285332000 2041532215.049140453338623 6.229464796296300
2.969146049870000 2248560756.943024635314941 6.233903703703707
2.970992970330000 2154594280.486145973205566 6.238397092592597
2.970992970330000 2138214803.070760965347290 6.242835611111115
2.954640235561000 2138557298.443952560424805 6.247261592592596
3.044371481335000 2138654171.937967777252197 6.251682222222226
2.970992970330000 2227456274.184632301330566 6.256204722222226
1.713338134890000 2159297169.927706241607666 6.260707944444449
3.099286245756000 1558641144.260158777236938 6.265851814814820
3.054928285332000 2081370341.381178855895996 6.271388148148153
3.007706388180000 2258790759.794222354888916 6.275880592592598
1.712726492400000 2203553848.879513263702393 6.280375166666672
2.969146049870000 1563110075.200881481170654 6.285551425925931
2.961433982208000 2115627672.019697427749634 6.300827185185190
1.700507485886000 2054279877.196485519409180 6.306762592592597
1.699293343440000 1487798351.114330053329468 6.316632333333338
3.408733906604000 1826790100.251721143722534 6.327233425925931
3.324934573177000 2178891025.074072360992432 6.337283648148153
2.959591516032000 2148312523.463187217712402 6.341772555555560
3.356836213230000 2138317484.386322736740112 6.346193537037042
2.970069166295000 2085977403.775793790817261 6.350622333333338
1.700507485886000 2132386527.847466230392456 6.355051222222227
3.045318574810000 1558308148.574719429016113 6.360196407407412
2.999060571142000 2040773468.372805595397949 6.365707370370375
1.706619161812000 2203652543.320291042327881 6.370179870370375
3.046266726490000 1565015118.186964035034180 6.375349018518524
1.707228859348000 2041243806.123371839523315 6.380877925925931
1.706009917920000 1571480872.271477937698364 6.386072537037042
2.992282252856000 1492799396.123110294342041 6.390672444444450
2.976858117532000 2001064480.255575656890869 6.396167666666672
3.116644008268000 2149176646.817781925201416 6.400655277777783
3.064547592032000 2267419713.220627307891846 6.405185796296302
3.025011024336000 2259117792.003566265106201 6.409672518518525
2.998127863897000 2203733243.768956661224365 6.414166148148154
2.961433982208000 2193370232.461169719696045 6.418607351851858
2.952802567474000 2148868970.652106761932373 6.423084296296302
3.046266726490000 2138334149.643943548202515 6.427515555555562
2.967298785605000 2223595897.579013824462891 6.432027796296302
2.969146049870000 2159543092.790280342102051 6.436536370370376
2.961433982208000 2138820915.720622539520264 6.440970037037043
2.961433982208000 2137581037.101323604583740 6.445408333333339
3.023130523504000 2002106727.432370424270630 6.449837407407413
3.061690861814000 2146571736.415505647659302 6.464962222222228
3.023130523504000 2233745018.364405632019043 6.470936944444451
1.720057107968000 2169934389.996954441070557 6.479935685185191
3.355792434645000 1822862967.976128101348877 6.489567388888895
3.455006312576000 2161362958.685012817382812 6.499635925925933
2.970069166295000 2226617805.955053329467773 6.504140037037044
3.318251888940000 2154285798.685473442077637 6.508653703703711
1.719443066880000 2085449387.239049673080444 6.513091722222230
3.016355958497000 1558587267.604823112487793 6.518238407407415
2.970069166295000 2001407542.513452053070068 6.523731222222230
3.061690861814000 2144049911.079862594604492 6.528208814814822
2.984570185194000 2228358801.452039718627930 6.532723537037044
2.975931569308000 2159312481.780894279479980 6.537233962962970
2.968221902030000 2138627005.364336490631104 6.541669981481489
1.712726492400000 2138254433.191521406173706 6.546096814814822
3.030842591166000 1558452137.891286373138428 6.551237740740748
1.720671606272000 1988969369.429964542388916 6.556744222222230
3.016355958497000 1565815891.729667901992798 6.561915092592600
2.968221902030000 2002263019.229798555374146 6.567418703703711
3.069402929476000 2147710520.017496109008789 6.571906444444452
3.062642750699000 2227511949.056696891784668 6.576425629629638
2.968221902030000 2248858547.219136238098145 6.580860037037045
2.961433982208000 2159253925.475534915924072 6.585367629629638
3.023130523504000 2138594429.347826004028320 6.589783629629638
1.706009917920000 2183190524.085508823394775 6.594276111111119
2.969146049870000 1565447746.389604091644287 6.599447648148156
2.969146049870000 1962955129.659671068191528 6.604915666666675
3.222640922204000 2138421419.067622900009155 6.609341629629638
1.699293343440000 2134484681.321256875991821 6.613766148148156
2.952802567474000 1937212107.267180681228638 6.628736037037045
1.712726492400000 2078148051.884959220886230 6.634835000000008
2.955559240614000 1829924487.379165887832642 6.646344481481489
3.457155456384000 2170224596.714518070220947 6.656354851851860
3.068447576644000 2163705584.152879714965820 6.665363148148156
3.353705265930000 2247828523.351562500000000 6.669809277777786
3.434004861810000 2158710455.698072433471680 6.674322500000008
1.712726492400000 2157947525.959868431091309 6.678832666666675
1.693786112424000 1563147411.206401348114014 6.684053888888897
3.007706388180000 1492621107.064528465270996 6.688655648148156
2.962354700928000 2000700109.227719545364380 6.694148759259267
3.107963267786000 2148326035.791264533996582 6.698633611111119
2.970069166295000 2272244554.964843273162842 6.703168833333342
2.967298785605000 2169766823.417607307434082 6.707689648148157
3.068447576644000 2137929297.820823431015015 6.712125574074083
2.970069166295000 2228200828.446048736572266 6.716640944444453
3.029899240254000 2153862352.214212417602539 6.721136314814824
1.713950232810000 2183216431.561253547668457 6.725631277777786
2.976858117532000 1565277685.286181688308716 6.730792462962972
2.977783631662000 1962642556.821644067764282 6.736262796296305
2.962354700928000 2138777495.918623685836792 6.740686685185194
1.707228859348000 2138897264.233943462371826 6.745106870370379
3.014479905698000 1559178331.780223608016968 6.750253851851861
2.960512234752000 2002005974.065290927886963 6.755759129629639
2.968221902030000 2148345819.113684177398682 6.760246703703713
3.015418455842000 2138919958.567574262619019 6.764680518518527
2.969146049870000 2183712223.101265907287598 6.769174740740749
2.968221902030000 2148980014.773303985595703 6.773662314814823
2.969146049870000 2019791042.410490751266479 6.778102166666675
3.053978794152000 2173846112.970541477203369 6.793157222222231
3.061690861814000 2168360022.630099773406982 6.799147277777786
3.008641493130000 1766431587.292115926742554 6.810009592592601
3.015418455842000 2155926065.677655696868896 6.818981018518527
3.337247725109000 2214773445.966285228729248 6.828823981481490
3.354749432970000 2148272460.465865135192871 6.833310259259267
2.968221902030000 2138201816.229047298431396 6.837741500000008
2.976858117532000 2132615169.916644811630249 6.842160333333341
2.976858117532000 2075773989.999041080474854 6.846600648148156
3.007706388180000 2137929025.823268413543701 6.851019574074082
3.101215077534000 2182887630.733756065368652 6.855516981481489
1.706009917920000 2282168239.898699283599854 6.860021351851859
3.014479905698000 1577779969.807299613952637 6.865234777777785
3.076157243922000 2001719647.380686998367310 6.870717555555563
3.062642750699000 2238290686.069480419158936 6.875189351851859
1.713338134890000 2247921797.497820377349854 6.879628444444452
3.100251200124000 1571030717.186351299285889 6.884817962962971
3.077114997138000 2077662384.659553766250610 6.890365148148156
2.969146049870000 2258783301.447466850280762 6.894846796296304
2.968221902030000 2159105761.541332244873047 6.899362370370378
1.706009917920000 2138527291.917973518371582 6.903783703703711
3.062642750699000 1558834650.482155561447144 6.908934185185193
2.986426700046000 2042450368.084785223007202 6.914455759259267
3.062642750699000 2159188831.687070369720459 6.918966537037045
3.051128906100000 2228262921.588101863861084 6.923478796296305
1.700507485886000 2248599288.345613002777100 6.927902500000008
2.969146049870000 1571139069.399168252944946 6.933094685185194
2.967298785605000 1962726568.609197616577148 6.938565148148157
3.093500612167000 2137400937.719386339187622 6.942996703703712
3.063595348626000 2139147939.653231143951416 6.947437703703712
2.969146049870000 2202328156.175726413726807 6.961805185185193
3.061690861814000 2127424454.067429780960083 6.967792222222230
2.968221902030000 2175337461.595551967620850 6.976724925925934
3.386650296113000 2119403278.022995471954346 6.985665500000009
1.715173290075000 1871554381.422781229019165 6.996365981481490
1.901469381074000 1537614882.849830865859985 7.005027703703712
1.700507485886000 1488231070.543286561965942 7.009637166666676
1.693786112424000 1460473820.853293895721436 7.014245018518528
2.998127863897000 1492023780.323531389236450 7.018850444444454
2.951884246459000 2000958971.272156000137329 7.024357425925936
2.962354700928000 2149204894.226213932037354 7.028852518518528
3.000927027763000 2138302097.034995079040527 7.033273222222232
2.969146049870000 2183283855.195574760437012 7.037772777777787
2.961433982208000 2148811296.841392517089844 7.042258462962972
2.961433982208000 2127900007.480736970901489 7.046714351851861
2.970069166295000 2138240880.647929191589355 7.051138703703713
1.699900188734000 2138133879.323352575302124 7.055557000000009
1.701113879322000 1554437167.937998294830322 7.060708592592602
2.961433982208000 1483729759.892732620239258 7.065321500000009
2.954640235561000 1962500562.277290582656860 7.070788685185194
2.953721914546000 2138450652.390708446502686 7.075226777777787
3.008641493130000 2138418491.137883901596069 7.079650518518528
3.008641493130000 2182627120.531571388244629 7.084140351851861
2.954640235561000 2193728102.874584197998047 7.088581574074083
2.992282252856000 2148999571.003109931945801 7.093070944444453
1.707228859348000 2138493348.059641599655151 7.097497388888898
2.947842375756000 1558679781.814254045486450 7.102640814814824
1.699900188734000 1962624990.235270500183105 7.108093166666675
2.985498097029000 1558834879.726941823959351 7.113236555555564
2.954640235561000 1996658150.446496248245239 7.118742388888897
3.008641493130000 2129829894.705229043960571 7.133047907407415
2.960512234752000 2118104906.141496419906616 7.139032092592601
3.106029637919000 1731034727.910606861114502 7.149815925925934
3.339325297646000 2298546964.405142307281494 7.158787259259267
2.975931569308000 2201082743.180321216583252 7.167811388888897
3.363506900012000 2137378982.302734613418579 7.172241870370378
3.009577294620000 2133744574.025496482849121 7.176675277777785
3.068447576644000 2183155785.226056098937988 7.181172685185192
3.009577294620000 2182659284.336268901824951 7.185674592592600
1.715173290075000 2202931459.988789558410645 7.190167777777785
2.991350903864000 1565166689.379648685455322 7.195331518518525
2.962354700928000 2001663916.297201633453369 7.200832462962969
1.712726492400000 2149148811.365352153778076 7.205321740740747
2.969146049870000 1558763734.720191478729248 7.210463481481488
3.047213819965000 1963056952.404811382293701 7.215933611111118
3.054928285332000 2226967189.728958606719971 7.220451166666673
3.061690861814000 2243101458.247927188873291 7.224878092592599
2.970069166295000 2248877499.551883697509766 7.229320555555562
3.093500612167000 2159526424.751279354095459 7.233828814814821
3.014479905698000 2272385182.579961776733398 7.238357018518524
1.699900188734000 2214114218.461943626403809 7.242857166666672
1.713950232810000 1564920468.435787200927734 7.248023296296302
2.945092900196000 1493275543.812660694122314 7.252628129629636
3.060737909366000 1962810695.274251937866211 7.258086407407413
3.071312213484000 2228163760.238089561462402 7.262603851851858
3.061690861814000 2248480556.219118118286133 7.267022574074080
1.706619161812000 2248588110.119916915893555 7.271460833333339
2.962354700928000 1571258109.611708641052246 7.276653574074079
3.085786146800000 1963191822.440194368362427 7.282121111111117
3.000927027763000 2134400642.603797197341919 7.286559074074080
1.706619161812000 2125184033.171107769012451 7.300877648148154
2.975931569308000 1481412964.566655874252319 7.307014888888895
1.698686498146000 2096639060.290152788162231 7.314988981481487
2.986426700046000 1632100211.126961469650269 7.324725092592598
3.392253602320000 1885700603.697300910949707 7.334783481481487
3.054928285332000 1827307169.520126342773438 7.342750851851857
3.340363503911000 2237440987.168788433074951 7.347233555555561
3.061690861814000 2158998057.249655723571777 7.351751777777783
3.068447576644000 2221667513.876476764678955 7.356269148148153
2.967298785605000 2199414453.469559669494629 7.360698944444450
2.963276105472000 2158917922.233479976654053 7.365213407407412
2.975931569308000 2138377568.917047977447510 7.369626925925931
3.024070423864000 2138522230.293314695358276 7.374062814814820
1.713338134890000 2182979244.388564586639404 7.378555129629635
3.014479905698000 1565247063.206881284713745 7.383724222222227
1.699900188734000 2001599381.924315929412842 7.389225166666671
3.007706388180000 1565011831.305246353149414 7.394387240740746
3.106995913034000 2001667829.896924495697021 7.399890222222227
1.707228859348000 2282080219.657897472381592 7.404382055555561
3.006770238420000 1570459747.275825738906860 7.409619796296302
3.006770238420000 2001862784.615592002868652 7.415114537037042
3.006770238420000 2193630867.781002998352051 7.419554981481487
2.953721914546000 2192695222.280926704406738 7.423971314814820
2.960512234752000 2149249019.874593734741211 7.428463370370376
1.699900188734000 2137587572.987961530685425 7.432884444444450
2.969146049870000 1558737009.234757184982300 7.438028055555561
3.054928285332000 1963150339.627767801284790 7.443480648148154
2.968221902030000 2227310742.199583530426025 7.447970555555561
2.961433982208000 2159664865.443261146545410 7.452470240740746
3.014479905698000 2138916866.910999536514282 7.456901555555561
2.954640235561000 2179573196.784404277801514 7.461400462962969
3.016355958497000 2177508867.857850551605225 7.475706185185190
1.706009917920000 2178959759.224166870117188 7.481686851851857
2.946009846884000 1636958679.374109745025635 7.491477944444450
3.353705265930000 2106509892.632858514785767 7.501350611111117
1.712114849910000 2119303779.804302930831909 7.510255148148154
3.524414921534000 1558316043.538628816604614 7.515403407407414
3.023130523504000 2077768962.922080993652344 7.520939796296303
3.024070423864000 2151564114.249116420745850 7.525450407407414
3.047213819965000 2186016068.608290195465088 7.529894314814821
3.063595348626000 2238196268.961168766021729 7.534388148148154
2.961433982208000 2248453503.992523670196533 7.538827000000006
2.970069166295000 2158979467.724414825439453 7.543327592592599
2.964197167104000 2138136281.440768718719482 7.547741388888895
1.720057107968000 2137621453.027140140533447 7.552176574074080
2.969146049870000 1557806829.514157533645630 7.557320370370376
3.007706388180000 1962694052.142813682556152 7.562788259259265
2.954640235561000 2183401671.516127109527588 7.567275203703709
1.699900188734000 2148815967.138608932495117 7.571765444444450
3.061690861814000 1554603594.057478904724121 7.576903555555561
1.692576768960000 2032385795.912879943847656 7.582413185185191
2.970069166295000 1571623780.731276035308838 7.587607555555561
2.969146049870000 1962586971.758260726928711 7.593076870370376
2.970069166295000 2138416950.510919809341431 7.597513314814820
2.969146049870000 2138735491.830106496810913 7.601926537037042
1.699900188734000 2138556112.278883695602417 7.606357962962968
2.977783631662000 1559025198.580666065216064 7.611498611111116
1.720057107968000 1962861607.127739191055298 7.616967074074079
3.216932058039000 1558450880.877167224884033 7.622108203703709
2.968221902030000 2005244588.599085807800293 7.627617833333338
3.013542403043000 2261104541.555152416229248 7.642037759259265
2.970069166295000 2121821804.606658220291138 7.648168981481486
1.693786112424000 1777537739.478341341018677 7.657074333333338
2.970069166295000 1850993813.293840646743774 7.666727648148154
3.385597703618000 1920438813.208389759063721 7.676762796296302
2.977783631662000 2146926922.699437618255615 7.682989333333339
3.524414921534000 2148283690.573314666748047 7.687483666666672
3.330576264096000 2271706876.137118339538574 7.691972351851858
2.976858117532000 2119958726.873345851898193 7.696499555555562
2.960512234752000 2133072690.617213010787964 7.700936166666673
2.968221902030000 2138153303.383546590805054 7.705371574074080
3.063595348626000 2137580087.541100263595581 7.709792777777784
2.966375325375000 2227804614.476402759552002 7.714309962962969
3.068447576644000 2159147935.982023239135742 7.718826055555562
2.970992970330000 2228124045.778017044067383 7.723335740740747
2.970069166295000 2159253208.282040596008301 7.727833648148155
2.970069166295000 2137398447.006284713745117 7.732262370370377
3.067493290054000 2139031273.352732181549072 7.736698166666674
2.968221902030000 2227521748.219929218292236 7.741215777777785
3.078071681433000 2154524115.293876171112061 7.745729203703711
2.959591516032000 2228064096.823094844818115 7.750236851851859
3.007706388180000 2159116424.031166553497314 7.754752592592599
3.008641493130000 2183206100.239492416381836 7.759229648148154
3.023130523504000 2193586204.305519104003906 7.763665814814821
2.966375325375000 2181222195.850145339965820 7.768113092592598
2.976858117532000 2148780041.799436569213867 7.772605444444450
2.970992970330000 2138835742.663506031036377 7.777042925925931
1.700507485886000 2138458359.606960535049438 7.781477500000006
1.707228859348000 1559007532.766815423965454 7.786620462962969
1.693181215656000 1493091146.116241216659546 7.791222962962968
2.945092900196000 1473249275.419780731201172 7.795893611111117
2.970069166295000 1958247627.884296178817749 7.801362240740747
2.953721914546000 2135406559.891838312149048 7.815607055555561
2.952802567474000 2125536700.075412034988403 7.821525148148154
2.962354700928000 2133158289.893165588378906 7.830360203703709
3.408733906604000 2133026462.235466480255127 7.839221888888894
3.037608907532000 2143082273.524036884307861 7.848159555555561
3.393309771280000 2193001991.458022594451904 7.852595166666672
1.700507485886000 2186684376.170850753784180 7.857043500000005
3.047213819965000 1565076966.078736305236816 7.862211240740746
3.022189572976000 1982286252.138806343078613 7.867720111111116
3.023130523504000 2202678795.529647350311279 7.872208944444449
2.984570185194000 2193588019.825111865997314 7.876647759259265
3.015418455842000 2148824498.886414051055908 7.881137759259264
2.969146049870000 2183416276.315192222595215 7.885624851851857
2.985498097029000 2148900622.373267173767090 7.890114833333338
2.976858117532000 2138499442.595743656158447 7.894533462962968
3.062642750699000 2137911614.262073040008545 7.898964796296301
1.713338134890000 2227551905.624646663665771 7.903482611111116
1.692576768960000 1571106355.646430253982544 7.908672222222227
3.099286245756000 1493173496.013529777526855 7.913271111111116
3.000927027763000 2081645326.021248340606689 7.918815796296301
1.706619161812000 2214342394.514075756072998 7.923331055555560
1.699900188734000 1564911353.500617980957031 7.928500777777782
2.999060571142000 1492971190.567214488983154 7.933102537037041
3.016355958497000 2001964090.496520519256592 7.938611240740745
3.015418455842000 2193556376.925259113311768 7.943050277777782
2.961433982208000 2193285482.959894657135010 7.947476111111116
2.969146049870000 2149191562.186092853546143 7.951955944444449
1.706009917920000 2137846877.981021642684937 7.956382092592597
2.953721914546000 1558859446.282806873321533 7.961525111111116
1.712726492400000 1963741632.945825576782227 7.966998518518523
3.045318574810000 1976029363.588068485260010 7.982057481481487
1.693786112424000 2172646862.501391887664795 7.988210944444450
2.944176976886000 1677561099.336367607116699 7.998870574074080
1.894750407996000 2106136283.096238374710083 8.008747074074080
2.970992970330000 1810205754.121134996414185 8.018384611111117
3.496826345568000 1961601826.614051342010498 8.023847055555562
2.954640235561000 2271911536.625860214233398 8.028386703703710
3.046266726490000 2114083887.920237541198730 8.032911259259265
1.693181215656000 2216101570.719206809997559 8.037435018518524
3.141740226592000 1571655940.497022390365601 8.042631148148153
2.954640235561000 2120435125.821445465087891 8.048176925925931
2.963276105472000 2179727028.016102313995361 8.052731185185191
3.038554658828000 2138614094.029931783676147 8.057157277777783
3.007706388180000 2227618367.171263694763184 8.061675000000005
3.055878483768000 2195553689.573723316192627 8.066167388888893
3.009577294620000 2237834808.162322998046875 8.070660481481486
2.954640235561000 2203861324.429605007171631 8.075152981481486
1.706009917920000 2144364744.681202888488770 8.079633944444449
1.692576768960000 1558292398.964475870132446 8.084784314814820
1.693786112424000 1493094371.060829401016235 8.089385537037042
3.100251200124000 1492944872.063251972198486 8.093985611111117
2.970069166295000 2081370604.389171838760376 8.099521962962969
2.952802567474000 2169123263.484434127807617 8.104052907407414
3.053978794152000 2138955915.504717588424683 8.108488833333340
3.061690861814000 2226948346.598834991455078 8.113002537037044
2.961433982208000 2248757172.953451156616211 8.117432759259266
3.001860429762000 2159260920.403214931488037 8.121946481481489
2.994143564904000 2174283966.722457408905029 8.126460703703710
3.006770238420000 2193291230.358284950256348 8.130890759259266
3.016355958497000 2108393808.618636608123779 8.135323444444451
2.968221902030000 1665860611.846747875213623 8.151384111111117
2.952802567474000 2156682225.815936565399170 8.157430333333339
3.007706388180000 2135642825.444406509399414 8.166276925925931
3.394364761480000 2220965218.035580635070801 8.175274777777783
2.970069166295000 2175627426.447970867156982 8.184185074074080
3.323901162322000 2148672517.664559364318848 8.188666740740747
2.953721914546000 2138407650.841290712356567 8.193084555555561
3.093500612167000 2131990268.817653179168701 8.197522370370375
3.132072939002000 2244281707.138081073760986 8.202064518518524
3.069402929476000 2291259678.753100872039795 8.206498629629635
2.960512234752000 2258552554.810878753662109 8.210980370370375
1.713338134890000 2158402566.356414794921875 8.215488851851857
3.061690861814000 1557963602.843212604522705 8.220631703703710
2.969146049870000 2041549721.056926965713501 8.226145240740747
2.961433982208000 2158987936.042922973632812 8.230645944444451
2.964197167104000 2138177178.433653116226196 8.235071907407413
2.968221902030000 2137253688.503952980041504 8.239485018518524
2.961433982208000 2138355430.619311809539795 8.243918555555561
2.961433982208000 2138042640.594146251678467 8.248354425925932
2.954640235561000 2138549892.372640848159790 8.252793611111118
3.016355958497000 2138867013.605868577957153 8.257223888888895
3.013542403043000 2183350426.506351470947266 8.261724277777784
1.706619161812000 2193563684.810618400573730 8.266158296296302
2.946925770194000 1561972159.701813459396362 8.271325333333339
1.699293343440000 1962565666.556019783020020 8.276792629629636
2.969146049870000 1558740607.326825380325317 8.281933555555561
1.699900188734000 1962893593.186161994934082 8.287388685185190
2.968221902030000 1558077509.054123163223267 8.292532648148153
2.946925770194000 1962862780.232534408569336 8.297989425925930
2.953721914546000 2137390152.242719888687134 8.302424351851856
2.961433982208000 2134891739.726753950119019 8.317087574074078
3.071312213484000 2127482002.302799224853516 8.322974129629634
3.100251200124000 2177096090.142385482788086 8.331913074074079
3.356836213230000 2232871467.409787654876709 8.340897537037042
3.309505642443000 2164495038.527406215667725 8.349883444444449
3.407672936876000 2137386990.159994125366211 8.354321111111116
3.353705265930000 2183230464.935161113739014 8.358815166666671
2.990420594324000 2148648600.595988273620605 8.363252240740746
1.713950232810000 2186953934.716863155364990 8.367691592592598
2.970069166295000 1564681770.114530563354492 8.372857611111117
3.015418455842000 1962882095.211632013320923 8.378322629629636
2.975931569308000 2183033902.082662582397461 8.382809407407414
2.960512234752000 2148715756.390902996063232 8.387299296296304
2.968221902030000 2138386240.481448888778687 8.391718055555563
1.712114849910000 2137596852.128485202789307 8.396156092592600
3.053978794152000 1559110759.106323719024658 8.401300055555563
1.713338134890000 2042426987.302576780319214 8.406826111111119
1.700507485886000 1572253661.482711791992188 8.411977333333342
2.976858117532000 1492974338.557312965393066 8.416582166666675
3.028956942189000 1962605891.030152082443237 8.422055648148156
3.014479905698000 2183358825.613685607910156 8.426550351851860
1.699900188734000 2193556728.077626228332520 8.430976111111120
2.970069166295000 1564891444.539982795715332 8.436145000000009
2.969146049870000 1963209097.244649887084961 8.441592314814823
2.969146049870000 2138614769.143486499786377 8.446031500000009
2.954640235561000 2138631265.994279861450195 8.450460166666677
3.007706388180000 2138565999.932935237884521 8.454878240740751
3.000927027763000 2183564777.086071491241455 8.459373000000010
2.992282252856000 2151813716.896104812622070 8.463872722222233
3.007706388180000 2218134039.018260002136230 8.478284777777787
2.999994320518000 2117579567.242702722549438 8.484243981481491
3.014479905698000 1713495236.141736268997192 8.495077870370380
3.330576264096000 1743004304.425359249114990 8.505919425925937
3.046266726490000 2117840319.328252553939819 8.514873407407418
3.331613229984000 2227042804.118281364440918 8.519373666666677
2.960512234752000 2158922442.434210777282715 8.523877370370380
2.954640235561000 2123469610.483158111572266 8.528299277777787
1.707228859348000 2101071974.219187021255493 8.532735537037047
1.707228859348000 1558666930.761529445648193 8.537877722222232
3.000927027763000 1492909854.261171817779541 8.542482611111121
2.960512234752000 2000548660.217735528945923 8.547976870370380
2.962354700928000 2148832789.627078056335449 8.552450055555566
3.100251200124000 2138763682.537560939788818 8.556883592592603
1.707228859348000 2272385764.391356468200684 8.561413703703714
3.007706388180000 1577713997.327343463897705 8.566624222222233
3.099286245756000 2002038369.046095371246338 8.572122481481491
2.962354700928000 2283182869.115109443664551 8.576630259259270
2.969146049870000 2169866059.673946380615234 8.581145537037047
2.953721914546000 2133792261.457550764083862 8.585582203703714
3.005835133470000 2138651650.660640239715576 8.590015333333344
2.952802567474000 2183267086.323525428771973 8.594510481481493
2.946009846884000 2148517210.660463809967041 8.599000592592605
2.999994320518000 2138497866.597369432449341 8.603418851851863
2.961433982208000 2172411557.173097610473633 8.607906685185197
2.970069166295000 2146887955.077907085418701 8.612388518518530
2.953721914546000 2138962579.217382431030273 8.616806740740753
1.699900188734000 2137927489.570675134658813 8.621241351851864
3.364553078088000 1559114917.926045417785645 8.626389148148160
1.712726492400000 2036341714.021961450576782 8.631925833333344
2.960512234752000 1911096071.344938755035400 8.647979296296308
2.968221902030000 2024435218.063170909881592 8.654055092592603
2.970069166295000 1777053000.815268516540527 8.662913796296307
2.970069166295000 2133330137.227304458618164 8.671755574074085
3.396475920640000 2133079895.384073495864868 8.680592129629641
2.975931569308000 2147652915.549797058105469 8.686823722222234
3.347037365308000 2147882075.218183994293213 8.691303037037049
2.999994320518000 2138409354.327150344848633 8.695728796296308
3.016355958497000 2180155013.006550312042236 8.701046629629641
2.969146049870000 2174658062.848183631896973 8.705487666666677
2.962354700928000 2148721222.292956829071045 8.709967407407419
2.962354700928000 2138481471.110646724700928 8.714398425925937
2.969146049870000 2138422618.748429298400879 8.718819537037048
2.954640235561000 2138559705.590181827545166 8.723237666666677
2.953721914546000 2138832690.064103841781616 8.727666240740751
1.706009917920000 2136584867.126909255981445 8.732100296296307
1.708447120310000 1558705092.675904273986816 8.737245666666677
1.699900188734000 1492844740.751476526260376 8.741845500000011
2.969146049870000 1492576511.194255113601685 8.746443592592604
2.999994320518000 1962893650.331071853637695 8.751908444444455
3.006770238420000 2182781239.522667884826660 8.756382388888900
2.969146049870000 2193887016.856625080108643 8.760826185185197
2.969146049870000 2149050505.467129230499268 8.765315981481493
2.970992970330000 2138773805.140906333923340 8.769742351851862
3.060737909366000 2138427460.161619186401367 8.774156018518529
2.970069166295000 2227933254.577672958374023 8.778670685185196
2.963276105472000 2158836037.781545162200928 8.783182000000011
3.007706388180000 2138515225.355286121368408 8.787620259259270
2.969146049870000 2182876840.707161426544189 8.792109777777789
2.969146049870000 2148961789.583024024963379 8.796602444444455
2.984570185194000 2138616302.950359821319580 8.801038814814826
2.952802567474000 1942061210.230817317962646 8.805491592592603
2.962354700928000 1628216577.438321590423584 8.821544870370380
2.954640235561000 1847331381.527513980865479 8.828508981481491
3.000927027763000 2133008236.424710988998413 8.839011111111121
3.401021838942000 1885150604.956344604492188 8.849611814814825
3.007706388180000 2177465854.373838901519775 8.858515129629639
1.888031434918000 2193025598.912848472595215 8.862957592592602
2.993212562396000 1557414914.993373394012451 8.868155444444454
3.046266726490000 1941480837.404898166656494 8.873624722222232
2.954640235561000 2227443871.427576541900635 8.878145592592602
1.699900188734000 2159036248.752910137176514 8.882656092592603
3.015418455842000 1558422920.677185297012329 8.887802666666676
1.699293343440000 2000176204.499225854873657 8.893292500000010
3.106995913034000 1565423829.168025732040405 8.898459370370380
2.952802567474000 2080279632.015460252761841 8.903978925925935
3.053028242088000 2169762659.507961750030518 8.908511092592603
3.022189572976000 2228081022.194320678710938 8.913024259259270
2.999060571142000 2198200851.928821563720703 8.917506462962974
2.970992970330000 2193320413.209654808044434 8.921932518518529
2.968221902030000 2148830800.104054450988770 8.926417351851862
1.706009917920000 2138431289.058097124099731 8.930853407407417
2.962354700928000 1558647375.417202472686768 8.935980148148158
3.005835133470000 1963044940.513441801071167 8.941454462962973
3.009577294620000 2183593114.331271648406982 8.945949037037048
2.970069166295000 2193495335.235497474670410 8.950375444444456
3.060737909366000 2148407412.601257324218750 8.954865296296308
3.061690861814000 2228175940.115283012390137 8.959372722222234
2.976858117532000 2248749720.474608898162842 8.963811462962974
2.977783631662000 2158522181.806238651275635 8.968322166666677
2.959591516032000 2029117675.692854881286621 8.972925370370382
2.969146049870000 2173467623.397398471832275 8.987303037037048
2.961433982208000 2126991442.250901460647583 8.993197629629641
3.008641493130000 2126266651.528131961822510 9.002168277777789
1.895427316284000 1747186366.163540363311768 9.012960055555567
1.699900188734000 1816165613.230341911315918 9.022616870370381
1.888031434918000 1492293110.311413049697876 9.027222518518530
3.446221273266000 1492974556.799767971038818 9.031816629629640
1.700507485886000 2036120676.108548164367676 9.037331851851862
1.699293343440000 1567050396.345703363418579 9.042525129629640
1.707228859348000 1492488576.152945756912231 9.047128074074084
2.970992970330000 1492905144.345561027526855 9.051735074074085
3.046266726490000 1962127846.976898908615112 9.057197333333344
3.015418455842000 2228288622.518836498260498 9.061714703703714
3.161947741420000 2196242933.310241699218750 9.066205648148159
2.961433982208000 2326967648.973142147064209 9.070729518518529
2.977783631662000 2180047934.408113002777100 9.075287444444456
2.985498097029000 2138319933.953012704849243 9.079706296296308
3.029899240254000 2125819816.886060953140259 9.084141907407419
3.014479905698000 2183247294.826819419860840 9.088639462962975
3.030842591166000 2193743892.115940570831299 9.093080444444457
1.693786112424000 2193493015.209460258483887 9.097501425925937
3.005835133470000 1565665715.482579708099365 9.102673666666679
3.008641493130000 2000341160.680949211120605 9.108179055555567
1.713950232810000 2193894565.663847446441650 9.112597462962974
3.023130523504000 1565256194.079360246658325 9.117761444444456
3.001860429762000 2001812469.645459175109863 9.123252111111123
3.054928285332000 2193500997.853672981262207 9.127678277777790
3.023130523504000 2237618380.935115337371826 9.132172870370383
2.962354700928000 2204347494.710620403289795 9.136663000000013
1.699900188734000 2147894357.812577724456787 9.141142481481495
2.960512234752000 1948633322.867050886154175 9.157125611111125
2.961433982208000 1913511676.470363378524780 9.164388555555570
3.054928285332000 2133051484.486075162887573 9.173245592592608
3.356836213230000 2202968494.995315074920654 9.182198314814830
3.402079226847000 2153272170.444294452667236 9.191292629629645
1.699900188734000 2182243200.000000000000000 9.195771796296311
2.971916430560000 1564344117.383592605590820 9.200940037037052
3.061690861814000 1947828491.793962955474854 9.206414777777793
1.706619161812000 2227386024.908545494079590 9.210920148148164
2.955559240614000 1567353683.196918487548828 9.216112648148163
2.962354700928000 1962789831.428280591964722 9.221572462962978
2.960512234752000 2138246507.599814176559448 9.225998740740756
2.976858117532000 2124352240.096078395843506 9.230454981481497
3.045318574810000 2138378473.470001697540283 9.234886722222237
3.069402929476000 2227858693.112170696258545 9.239403814814830
1.713338134890000 2248732174.239736080169678 9.243840018518533
3.107963267786000 1570330056.109681367874146 9.249034870370386
2.992282252856000 2082026653.484659194946289 9.254579277777793
2.969146049870000 2214326848.344830036163330 9.259092074074090
3.023130523504000 2148895956.458623886108398 9.263569722222238
3.008641493130000 2182651531.617899417877197 9.268051185185200
2.969146049870000 2193633790.125774383544922 9.272490351851866
2.963276105472000 2149108972.642523765563965 9.276985703703717
2.959591516032000 2138909777.173344373703003 9.281411166666681
1.707228859348000 2138694364.607502937316895 9.285824740740756
2.967298785605000 1558900617.497193336486816 9.290970962962978
1.706009917920000 1961634434.010307550430298 9.296425518518534
2.962354700928000 1559166915.819845914840698 9.301566388888904
1.699293343440000 1866963880.518534898757935 9.307060500000016
3.063595348626000 2010755863.316095352172852 9.322175666666682
2.960512234752000 2177519496.847778797149658 9.328332407407423
2.970069166295000 2172179291.032033443450928 9.338093074074090
3.384543935042000 2133100462.908707618713379 9.346942111111126
3.393309771280000 2143831492.962518453598022 9.355906018518533
3.054928285332000 2192011822.380817413330078 9.360348314814830
1.713338134890000 2238582144.434218883514404 9.364835555555571
3.000927027763000 1555794776.691619396209717 9.370028092592607
3.015418455842000 1994435443.480482101440430 9.375537333333348
1.706619161812000 2193665747.803277015686035 9.379977870370386
3.061690861814000 1564486075.332576274871826 9.385146555555570
1.699900188734000 2042202158.150386571884155 9.390670833333347
2.967298785605000 1571394990.008564233779907 9.395860462962977
2.970069166295000 1961977420.144413232803345 9.401307796296310
2.978709835188000 2138490352.422539710998535 9.405743759259273
3.007706388180000 2138498570.783812046051025 9.410175092592606
3.015418455842000 2182040511.101281642913818 9.414654888888903
2.999060571142000 2193637597.166067600250244 9.419093166666681
3.008641493130000 2193482689.716452598571777 9.423532296296310
3.006770238420000 2193876600.698486328125000 9.427970462962977
2.954640235561000 2193228376.302431106567383 9.432406611111125
2.979635694016000 2149400234.644810676574707 9.436889351851866
2.969146049870000 2138824431.389005422592163 9.441302314814829
1.713338134890000 2138737039.063446283340454 9.445736222222235
2.970069166295000 1558754625.279460906982422 9.450880055555569
2.954640235561000 1963133790.580704212188721 9.456347555555569
2.969146049870000 2138783587.824517965316772 9.460781481481495
3.272967705344000 2138841940.270434141159058 9.465211944444459
1.699293343440000 2104909994.112452268600464 9.469741277777793
2.977783631662000 1973177373.874388694763184 9.484813333333348
2.970069166295000 2077748503.285619020462036 9.490897648148163
3.069402929476000 2133676744.877650976181030 9.500611796296312
3.348077969278000 2240484117.773835659027100 9.509547944444460
3.471509415150000 2122926433.590700149536133 9.518513388888904
3.070357216066000 2227252916.978002548217773 9.523024018518534
1.713338134890000 2248182419.718885898590088 9.527462703703719
2.960512234752000 1551884236.514626264572144 9.532660722222237
1.713338134890000 1960966557.594501972198486 9.538133370370385
1.691972322264000 1558971357.589068651199341 9.543276611111127
2.962354700928000 1493284335.083079338073730 9.547883981481498
3.008641493130000 1962145755.673882961273193 9.553333740740756
3.000927027763000 2183252251.134869575500488 9.557812962962979
3.016355958497000 2193187445.874768257141113 9.562239425925942
2.969146049870000 2193626527.840651988983154 9.566657425925941
2.970992970330000 2148805919.717761516571045 9.571129611111125
2.970069166295000 2138368967.072620391845703 9.575563611111125
3.047213819965000 2138434808.484599590301514 9.579982074074088
2.969146049870000 2228128965.491752147674561 9.584491462962978
2.976858117532000 2149561495.580349445343018 9.589029277777794
3.015418455842000 2138272032.990932703018188 9.593456981481497
2.962354700928000 2183085226.711449146270752 9.597956092592607
1.705400674028000 2149017734.298959255218506 9.602446240740756
2.962354700928000 1558950331.209319353103638 9.607587333333349
2.983641236586000 1962558546.936004161834717 9.613041962962980
3.014479905698000 2182693392.749032974243164 9.617538425925943
3.001860429762000 2192847692.249821186065674 9.621969148148166
2.968221902030000 2193529018.108903884887695 9.626402203703721
3.023130523504000 2025845044.526253223419189 9.630904333333351
3.062642750699000 2188363550.119643688201904 9.645778740740759
2.962354700928000 2228869005.674330234527588 9.651891388888908
2.961433982208000 2131608648.094342708587646 9.661643055555574
1.902148689746000 2133032742.215529441833496 9.670484851851871
1.699900188734000 1619024695.833427667617798 9.680293074074093
3.409793692214000 1490749567.458421707153320 9.684906203703722
2.963276105472000 2002309541.606901407241821 9.690406092592610
3.100251200124000 2148643647.334897994995117 9.694880592592611
3.124358473635000 2162168240.512729644775391 9.699385166666685
2.966375325375000 2269602981.619367599487305 9.703896759259278
3.018232011296000 2168285467.687109470367432 9.708423962962982
3.014479905698000 2183424092.204734325408936 9.712906740740760
3.008641493130000 2193084623.068531513214111 9.717337500000019
2.992282252856000 2193517396.745932102203369 9.721776388888907
2.954640235561000 2193538374.237480640411377 9.726214648148167
3.022189572976000 2148373725.710138320922852 9.730705166666686
2.962354700928000 2183070252.175669670104980 9.735197185185205
2.954640235561000 2148753372.226970672607422 9.739682351851872
2.976858117532000 2138051332.337453365325928 9.744120388888909
2.952802567474000 2138796906.974403858184814 9.748536537037058
1.714561419870000 2138538045.654785871505737 9.752975648148169
3.053978794152000 1559242816.877103090286255 9.758126611111132
1.693181215656000 2041656935.092192173004150 9.763632425925946
1.707228859348000 1571135034.895456314086914 9.768825185185205
3.024070423864000 1493158083.760168790817261 9.773434907407427
2.953721914546000 2002058903.177565097808838 9.778932944444465
3.000927027763000 2149128366.847221374511719 9.783425277777798
2.969146049870000 2182384392.419175148010254 9.787910277777799
3.054928285332000 2148537629.613111972808838 9.792394777777799
2.963276105472000 2226547522.253004074096680 9.796913518518540
2.969146049870000 2023878035.857310056686401 9.801422129629652
2.960512234752000 2137685180.926245689392090 9.815674407407430
2.969146049870000 2191107551.556783199310303 9.821783277777801
2.953721914546000 2132876296.934177160263062 9.830643203703726
1.902148689746000 2133235564.021518468856812 9.839490055555578
2.969146049870000 1801515850.761866569519043 9.849165370370393
3.402079226847000 1962327794.301259994506836 9.854638314814837
3.016355958497000 2182827079.565072536468506 9.859132888888912
3.009577294620000 2181497203.348474025726318 9.863572722222244
3.007706388180000 2167151608.488769531250000 9.867997740740762
2.983641236586000 2192602913.140907764434814 9.872427222222244
3.015418455842000 2149235843.416956901550293 9.876918981481504
3.116644008268000 2183360425.542434692382812 9.881413462962986
3.037608907532000 2282688286.050356388092041 9.885916166666689
1.713338134890000 2213902180.728767395019531 9.890434703703725
1.686462242578000 1565608025.178154230117798 9.895600851851874
1.700507485886000 1491833124.665359735488892 9.900200870370393
2.977783631662000 1493093170.549275636672974 9.904805925925949
3.015418455842000 1961674205.664399623870850 9.910278703703726
3.079986118944000 2183326696.429675579071045 9.914770981481505
2.953721914546000 2238037767.582207202911377 9.919263370370393
3.015418455842000 2159278324.880594730377197 9.923776481481504
1.706619161812000 2182820735.143073081970215 9.928265907407429
1.707228859348000 1565664378.801665067672729 9.933435425925948
3.008641493130000 1492945204.927932977676392 9.938035055555577
1.700507485886000 1994830090.738989353179932 9.943557611111133
2.945092900196000 1564873230.251016855239868 9.948725481481503
2.975931569308000 1962651595.311737060546875 9.954185925925948
3.054928285332000 2138578228.559952020645142 9.958611703703726
3.440651553682000 2227239135.246809005737305 9.963129370370392
3.030842591166000 2122250925.822017669677734 9.967584870370393
3.101215077534000 2188377979.527616024017334 9.981920351851874
1.712114849910000 2287111126.915608406066895 9.987909166666689
3.061690861814000 1650330076.702958106994629 9.997752333333356
3.347037365308000 2153693194.226755142211914 10.007724259259282
1.699293343440000 1718301749.782768011093140 10.018593333333357
3.462718380238000 1558640604.079987287521362 10.023738592592617
2.954640235561000 2040553674.586828947067261 10.029268314814839
2.962354700928000 2124274135.260712385177612 10.033787981481506
3.092539132462000 2137895783.881541728973389 10.038211481481506
2.999994320518000 2272655195.213335037231445 10.042748777777803
2.953721914546000 2213775238.970060348510742 10.047264685185210
2.959591516032000 2148572207.287315368652344 10.051742277777803
2.967298785605000 2137352255.639097690582275 10.056175611111136
3.015418455842000 2138771165.318893909454346 10.060611370370395
3.029899240254000 2183257487.346199512481689 10.065111555555580
2.960512234752000 2140527253.841588020324707 10.069604296296321
1.687064738962000 2137650027.045499324798584 10.074020722222247
2.999994320518000 1558673487.976900577545166 10.079164370370396
3.047213819965000 2001267888.751403570175171 10.084656907407433
3.046266726490000 2238103924.925234317779541 10.089146259259286
3.070357216066000 2248641974.894695758819580 10.093564685185212
2.970992970330000 2248375453.161177158355713 10.098003666666694
3.069402929476000 2159373579.702830314636230 10.102516611111138
2.954640235561000 2227982888.727487564086914 10.107029555555583
2.962354700928000 2159400914.991306304931641 10.111534759259287
1.693181215656000 2138583442.267614841461182 10.115968851851880
2.954640235561000 1558494417.851358652114868 10.121114222222250
3.093500612167000 1963379114.850036382675171 10.126582222222250
1.713950232810000 2270217816.297937393188477 10.131129037037065
2.953721914546000 2050349421.425492525100708 10.146209203703732
3.007706388180000 2077857285.241119384765625 10.152303462962990
2.954640235561000 2153926526.983982086181641 10.162053074074102
3.409793692214000 2108938623.775698661804199 10.170930018518547
3.348077969278000 1923935263.115949869155884 10.181618870370398
3.463794949783000 2148236367.159957408905029 10.186110000000028
2.962354700928000 2227763863.837602138519287 10.190627481481510
3.099286245756000 2139590881.099588871002197 10.195138259259288
2.970069166295000 2263819310.722324371337891 10.199671722222250
2.962354700928000 2153277443.612088680267334 10.204212851851880
2.962354700928000 2138340196.642565727233887 10.208654074074103
1.712726492400000 2138476373.068681716918945 10.213087574074102
3.005835133470000 1558466015.992050886154175 10.218231333333360
2.969146049870000 2001416201.390269517898560 10.223727203703731
2.968221902030000 2148105413.222800254821777 10.228221685185213
3.005835133470000 2138734798.006075620651245 10.232635092592620
1.707228859348000 2183309140.152315139770508 10.237106814814842
2.969146049870000 1565589171.393297433853149 10.242281722222250
2.961433982208000 1962871002.222637176513672 10.247739037037064
2.962354700928000 2138102057.413058757781982 10.252156666666695
2.970992970330000 2138776089.108290672302246 10.256590722222251
2.960512234752000 2138848710.278027772903442 10.261016740740770
2.975931569308000 2138826134.705990791320801 10.265434592592621
3.028956942189000 2138472840.244356393814087 10.269863462962991
3.016355958497000 2182889442.128610134124756 10.274363703703733
1.699293343440000 2193717322.264668941497803 10.278789500000029
1.699900188734000 1564223702.017055988311768 10.283962055555584
1.706619161812000 1492158447.617132425308228 10.288566685185213
3.059786020481000 1492201113.056327581405640 10.293178611111140
3.099286245756000 1671927490.400576829910278 10.309745000000028
2.945092900196000 2281111739.983188629150391 10.315693333333360
2.999994320518000 2131835608.970387935638428 10.324661111111139
1.699293343440000 2171352419.714308261871338 10.333551814814843
3.325968753798000 1626966695.026510000228882 10.343411870370399
3.310535024082000 1962379132.273411273956299 10.348876981481510
2.961433982208000 2138638129.075405597686768 10.353307351851880
1.700507485886000 2133245313.243060588836670 10.357746574074103
2.954640235561000 1543421156.607256650924683 10.362892851851880
2.962354700928000 1961798581.550684213638306 10.368365703703732
1.700507485886000 2138573378.410647869110107 10.372786092592621
1.693181215656000 1558664344.706615447998047 10.377927555555583
2.945092900196000 1492726159.194891214370728 10.382529648148177
2.929673565640000 1962141287.859506130218506 10.387986592592622
2.954640235561000 2138771634.050551891326904 10.392400074074104
2.999994320518000 2134568203.473696470260620 10.396831259259288
1.707228859348000 2183362433.057198524475098 10.401333444444473
2.947842375756000 1560286149.610307693481445 10.406498962962992
1.694994780780000 1963083845.469546556472778 10.411953000000029
1.693786112424000 1558294890.047902345657349 10.417090759259288
2.993212562396000 1493311787.286437511444092 10.421693018518548
2.993212562396000 2002435892.086863517761230 10.427196759259289
3.053028242088000 2193799420.120564937591553 10.431635740740770
2.954640235561000 2237533544.214934349060059 10.436120148148177
2.961433982208000 2159826139.942771434783936 10.440618018518547
3.101215077534000 2138618494.505219221115112 10.445056574074103
3.092539132462000 2272874212.323040485382080 10.449597000000029
3.085786146800000 2303566766.795243740081787 10.454023407407437
2.978709835188000 2214157133.079505443572998 10.458541870370400
2.946925770194000 2029234520.898632764816284 10.463055722222252
2.963276105472000 2132325986.868989706039429 10.477330666666697
2.960512234752000 2130047454.015604734420776 10.483240481481513
3.007706388180000 2197834841.577739715576172 10.492238351851883
3.338285931374000 1886111206.138250112533569 10.502869925925957
2.977783631662000 2137508226.486425876617432 10.511804481481512
3.385597703618000 2136756490.330348253250122 10.516234148148179
2.969146049870000 2183529698.258279323577881 10.520728425925956
1.701113879322000 2119099802.481557130813599 10.525219333333363
1.712114849910000 1553382432.383764743804932 10.530361370370400
2.963276105472000 1492641698.179313898086548 10.534959759259289
3.007706388180000 1962533358.169779777526855 10.540427629629660
3.024070423864000 2183015937.502574920654297 10.544922037037066
3.017294159478000 2193463117.527633666992188 10.549355037037067
3.008641493130000 2193397788.602411746978760 10.553791648148177
3.053978794152000 2193149344.780840396881104 10.558217648148178
1.707228859348000 2238071896.936163425445557 10.562702462962992
3.006770238420000 1571760888.087182998657227 10.567897148148177
3.054928285332000 1997512166.797201871871948 10.573382629629657
2.970069166295000 2238302525.163050174713135 10.577877388888917
3.100251200124000 2159311179.142800807952881 10.582377833333361
3.016355958497000 2272557719.366218566894531 10.586918481481510
3.108929542901000 2214043253.057083129882812 10.591426833333362
3.107963267786000 2283152315.100629806518555 10.595926277777806
1.706009917920000 2302622853.119420528411865 10.600344833333361
2.970992970330000 1577707103.933841705322266 10.605557907407436
2.968221902030000 1962888539.394246816635132 10.611033185185214
3.179348321496000 2138578337.380159616470337 10.615471962962992
2.976858117532000 2182871019.501357555389404 10.619973074074103
1.706009917920000 2147383348.024153470993042 10.624469037037066
3.062642750699000 1458303942.862663507461548 10.629644351851882
2.969146049870000 2180085951.547098636627197 10.645031574074103
2.951884246459000 2119905867.776471614837646 10.652026462962992
2.953721914546000 2165615852.789624214172363 10.660993222222251
1.895427316284000 2132821719.123564243316650 10.669838814814844
2.969146049870000 1619002466.565590381622314 10.679659037037066
3.393309771280000 1961234746.856235027313232 10.685126944444473
1.714561419870000 2182735094.308473587036133 10.689613796296324
3.053978794152000 1564907503.261976003646851 10.694779944444473
3.006770238420000 2021339499.088186502456665 10.700314296296325
2.970069166295000 2203393861.026191711425781 10.704796888888918
2.969146049870000 2148539144.078118801116943 10.709281981481510
3.063595348626000 2138398421.942513465881348 10.713717814814844
1.713950232810000 2227967904.156189918518066 10.718225148148177
3.068447576644000 1571279217.722493886947632 10.723417962962991
3.062642750699000 2041137243.699399471282959 10.728928166666694
2.970069166295000 2248287104.439331531524658 10.733347000000029
2.962354700928000 2159139311.567440032958984 10.737859666666695
2.970069166295000 2138181809.059513092041016 10.742288814814843
3.007706388180000 2138513969.282206535339355 10.746719833333362
2.970069166295000 2183403980.382225513458252 10.751216888888917
3.007706388180000 2149276701.633337020874023 10.755704407407435
2.963276105472000 2182573936.730019092559814 10.760191351851880
2.970069166295000 2149005280.476274967193604 10.764676777777806
2.969146049870000 2138744726.416551589965820 10.769112759259288
2.969146049870000 2138769551.337034940719604 10.773538666666695
3.022189572976000 2137607998.791621923446655 10.777952296296325
1.712726492400000 2182167831.246423244476318 10.782449759259288
3.014479905698000 1565784703.482337951660156 10.787624018518548
3.059786020481000 2001287510.889417171478271 10.793129703703732
3.007706388180000 2106687045.494719505310059 10.797634500000028
3.106995913034000 1658249691.373513460159302 10.814240333333361
3.062642750699000 2284590599.549712181091309 10.820236500000027
1.699900188734000 2209889635.764844894409180 10.829278277777805
3.408733906604000 1851335637.323098897933960 10.838928740740768
3.356836213230000 2179926727.739179611206055 10.848969425925953
3.307447262262000 2137915672.948807239532471 10.853389166666693
2.947842375756000 2137161973.244147062301636 10.857818796296323
1.699900188734000 2114602748.986029624938965 10.862256796296323
1.713338134890000 1553684043.506262302398682 10.867403777777804
1.692576768960000 1492303863.901527166366577 10.871990870370396
3.061690861814000 1493046854.244656324386597 10.876591425925952
1.692576768960000 2042362347.262030363082886 10.882115592592619
2.960512234752000 1571867326.753846645355225 10.887311314814841
3.053028242088000 1962230176.222639799118042 10.892781037037064
3.030842591166000 2227394068.979103088378906 10.897293407407435
2.969146049870000 2202523396.435695648193359 10.901767814814843
1.706619161812000 2148650843.667832851409912 10.906240129629657
1.706619161812000 1554182974.633651018142700 10.911384740740768
3.023130523504000 1492928488.596830368041992 10.915983851851879
3.107963267786000 2000945685.740236282348633 10.921488851851878
3.107963267786000 2283192905.038242816925049 10.926004314814842
3.023130523504000 2303377625.643121242523193 10.930445907407433
3.070357216066000 2214157902.529302597045898 10.934948685185212
2.968221902030000 2238367188.529993534088135 10.939443500000026
2.977783631662000 2159397510.577989578247070 10.943951462962989
2.970069166295000 2138146363.670535564422607 10.948385370370396
3.014479905698000 2138843449.570748329162598 10.952813833333359
3.030842591166000 2183726599.221277236938477 10.957313129629656
1.706619161812000 2076870958.466853141784668 10.961757148148173
1.692576768960000 1974616442.119977712631226 10.977124185185211
1.685258146382000 1482386114.666200637817383 10.983693333333360
1.700507485886000 1656605822.452913761138916 10.994442907407434
3.347037365308000 1487956539.990812301635742 11.003795055555582
3.403137402378000 2096518185.958990812301636 11.013715203703731
3.025011024336000 2182382241.432540893554688 11.018213814814843
2.975931569308000 2192986249.197869777679443 11.022658000000028
1.706009917920000 2121402980.651693344116211 11.027157388888917
2.992282252856000 1552711353.718079805374146 11.032300425925953
2.962354700928000 1994833951.678580999374390 11.037825925925953
2.975931569308000 2147916603.806249618530273 11.042318537037064
3.116644008268000 2138163646.155580282211304 11.046754259259286
3.098322368346000 2272419885.717082500457764 11.051294648148176
2.962354700928000 2302877726.834681510925293 11.055733555555584
3.024070423864000 2169105980.330338954925537 11.060256407407435
2.970069166295000 2183384257.294812202453613 11.064751611111138
3.101215077534000 2141338335.140305042266846 11.069243814814842
2.977783631662000 2272612397.628365039825439 11.073782018518544
3.069402929476000 2169810658.722277641296387 11.078313518518545
3.072266855488000 2228042925.147734642028809 11.082826111111137
2.970069166295000 2247568305.577031612396240 11.087257314814840
1.707228859348000 2158991151.751164436340332 11.091765425925951
2.977783631662000 1558638492.516203880310059 11.096911111111137
3.008641493130000 1962875777.533845424652100 11.102377111111137
1.706009917920000 2183374158.982275962829590 11.106863518518544
2.969146049870000 1565644699.637072801589966 11.111991574074100
3.015418455842000 1963057114.628517866134644 11.117464648148173
3.067493290054000 2183443205.695498466491699 11.121959425925951
1.692576768960000 2229914826.420588016510010 11.126462648148173
3.053978794152000 1936622650.315179347991943 11.141501111111136
2.970069166295000 2083259549.994170904159546 11.148649166666692
2.976858117532000 2133074909.975951910018921 11.157566537037063
3.370173568294000 2150396315.646123409271240 11.166541425925951
2.970069166295000 2160212383.138538360595703 11.175520481481506
3.348077969278000 2147631552.348364830017090 11.179990888888913
3.076157243922000 2138725238.573580980300903 11.184415333333357
3.024070423864000 2221649697.555858135223389 11.188934074074098
1.720057107968000 2179890265.049323558807373 11.193430092592616
2.999994320518000 1564454836.188413858413696 11.198595240740763
2.970069166295000 2001273183.951796293258667 11.204102722222245
2.968221902030000 2147375628.425667285919189 11.208592925925949
2.967298785605000 2138775486.951786756515503 11.213013851851874
2.999994320518000 2138635440.279534578323364 11.217449796296320
3.061690861814000 2183260631.279393196105957 11.221926888888913
3.067493290054000 2237772313.754910469055176 11.226419425925950
3.053978794152000 2230687814.274635314941406 11.230860870370394
2.968221902030000 2248409538.114908218383789 11.235299203703727
2.976858117532000 2158922172.984582901000977 11.239799925925949
3.005835133470000 2132670796.305031299591064 11.244236388888911
3.015418455842000 2183573558.832628726959229 11.248725740740763
3.108929542901000 2193714205.846889495849609 11.253164314814837
1.700507485886000 2283089269.813000679016113 11.257656314814838
2.970069166295000 1577897030.828242540359497 11.262870388888912
1.700507485886000 1962844735.183917760848999 11.268336796296319
1.706009917920000 1559113551.479213237762451 11.273483425925949
2.953721914546000 1492942236.699239969253540 11.278088425925949
2.960512234752000 1962754756.548206567764282 11.283545814814838
1.713338134890000 2138431290.364327907562256 11.287981685185208
2.969146049870000 1557535977.740390777587891 11.293133018518542
2.970069166295000 1961201671.806524753570557 11.298609462962986
2.969146049870000 2135237189.475804805755615 11.312858814814838
3.025011024336000 2127287740.158958435058594 11.318776962962986
2.961433982208000 2170212643.116781711578369 11.327687388888911
3.409793692214000 2132147247.861897230148315 11.336593259259281
1.896779873730000 2141879544.409363508224487 11.345573055555578
1.706009917920000 1565033971.985187530517578 11.350748888888910
1.888705942822000 1492710549.479700565338135 11.355356277777799
2.976858117532000 1441647388.944723606109619 11.359962759259281
2.975931569308000 1956758697.446583747863770 11.365436907407428
2.968221902030000 2138208873.154564619064331 11.369862240740762
3.069402929476000 2138471547.975589513778687 11.374295629629652
3.031784889231000 2227928824.247606754302979 11.378800388888910
3.015418455842000 2203936038.670455455780029 11.383290370370393
2.976858117532000 2136624536.230398654937744 11.387807500000022
2.970069166295000 2137726459.197043895721436 11.392287703703726
2.969146049870000 2138266169.382794380187988 11.396721666666689
2.961433982208000 2138336767.463323354721069 11.401156092592615
3.017294159478000 2138283544.705401182174683 11.405592129629651
3.116644008268000 2183047440.112729072570801 11.410086685185206
3.053028242088000 2282959126.857030391693115 11.414596574074094
3.055878483768000 2258978868.174114227294922 11.419076388888909
3.062642750699000 2244196685.119833946228027 11.423505351851873
2.960512234752000 2248526819.667756557464600 11.427946537037057
3.007706388180000 2158547189.654181003570557 11.432454351851872
2.970069166295000 2183715616.926797389984131 11.436941648148169
3.076157243922000 2149089530.605418682098389 11.441426148148169
1.701113879322000 2228017358.080400466918945 11.445924000000021
1.706009917920000 1571402428.924333333969116 11.451111481481503
2.955559240614000 1492723022.639216899871826 11.455714277777799
3.071312213484000 1957560950.552866935729980 11.461194129629652
2.959591516032000 2163198325.661621093750000 11.475709537037059
3.014479905698000 2153954957.128540039062500 11.481696425925948
2.960512234752000 2170977648.028604030609131 11.490615185185208
1.894074003360000 2133339124.785527229309082 11.499508666666689
3.307447262262000 1809716151.257039546966553 11.509120462962985
3.061690861814000 1963016721.230444192886353 11.514590333333356
3.352662264255000 2218245142.101241111755371 11.519098074074096
2.980561552844000 2159071220.983853816986084 11.523615833333356
2.976858117532000 2098715867.898368120193481 11.528050129629651
1.706009917920000 2138139283.729055881500244 11.532481000000022
2.970992970330000 1558801904.309525728225708 11.537627222222245
2.976858117532000 1962307498.091117382049561 11.543084166666690
2.976858117532000 2137967974.740640640258789 11.547518166666690
1.707228859348000 2138490359.142885923385620 11.551936092592616
3.030842591166000 1558313877.837584972381592 11.557079518518542
3.015418455842000 2001721888.539459228515625 11.562567592592616
1.699293343440000 2192711100.913604259490967 11.567006666666691
2.970069166295000 1564693184.548248052597046 11.572171129629654
2.976858117532000 1963000057.528248071670532 11.577643481481505
3.108929542901000 2137437690.312394380569458 11.582076981481505
3.009577294620000 2227922051.593522548675537 11.586589462962987
1.712726492400000 2203833956.761032104492188 11.591084722222247
1.712114849910000 1564501729.409995555877686 11.596256685185210
3.116644008268000 1493081617.141409397125244 11.600861518518544
1.693181215656000 2081852041.037472963333130 11.606415611111137
3.063595348626000 1577649725.260088205337524 11.611629296296321
2.969146049870000 2040584506.498433828353882 11.617144870370396
2.976858117532000 2158038337.504615783691406 11.621658388888914
3.033670538208000 2017722354.059881448745728 11.626098629629654
3.024070423864000 2186336900.099602222442627 11.640861111111136
3.015418455842000 2178026242.514876365661621 11.646780259259284
2.977783631662000 2170741634.363189220428467 11.656707333333358
3.440651553682000 2198181983.273005485534668 11.665701444444469
3.023130523504000 2144657188.621379137039185 11.674650000000025
3.353705265930000 2192760851.220266342163086 11.679082851851877
3.478142515562000 2136185429.038465499877930 11.683557759259285
1.719443066880000 2224948819.335009574890137 11.688058518518545
3.013542403043000 1516504286.063301324844360 11.693288648148174
3.008641493130000 1996113356.154009103775024 11.698790481481508
2.963276105472000 2193068180.111631393432617 11.703229703703730
2.976858117532000 2147203644.605545997619629 11.707715277777805
2.969146049870000 2137148949.487783908843994 11.712153148148175
2.970069166295000 2138566005.248992919921875 11.716584333333360
2.961433982208000 2138649913.699792385101318 11.721015462962990
1.726776081046000 2138004416.245773792266846 11.725451944444472
2.976858117532000 1558708188.128222227096558 11.730595796296324
1.699900188734000 1962224202.432905435562134 11.736065555555584
1.713338134890000 1551181627.405619621276855 11.741236703703732
2.978709835188000 1492931183.470515727996826 11.745839925925955
2.969146049870000 1963313932.664150238037109 11.751310018518547
3.063595348626000 2138620066.945606946945190 11.755735944444472
2.977783631662000 2227387928.454591274261475 11.760253148148177
1.701113879322000 2159500244.410396099090576 11.764761351851881
3.062642750699000 1559097618.661914587020874 11.769905518518547
2.961433982208000 2041660363.081167697906494 11.775436370370398
2.968221902030000 2159269084.642842292785645 11.779949888888916
2.968221902030000 2137886895.169707536697388 11.784385629629657
1.713338134890000 2138699019.784210443496704 11.788812092592620
2.959591516032000 1558153703.577316999435425 11.793967518518546
2.999994320518000 1965020121.963600397109985 11.799439703703731
3.008641493130000 2231253975.769678115844727 11.813832444444472
2.970069166295000 2181739385.396109580993652 11.819744111111138
2.970992970330000 2108212540.831678152084351 11.828656037037064
1.901469381074000 1728046411.888718843460083 11.839407592592620
3.341402483514000 1812177769.736956119537354 11.849029277777806
3.402079226847000 1962617136.920867443084717 11.854484037037064
3.463794949783000 2182973091.549643516540527 11.858983518518546
1.691972322264000 2155814063.556457042694092 11.863420518518545
3.047213819965000 1563286975.006441593170166 11.868595185185212
2.970992970330000 2041700788.509335517883301 11.874123666666694
2.969146049870000 2158739483.818107604980469 11.878644037037065
1.694390109048000 2138297750.035561084747314 11.883070444444472
2.968221902030000 1558594350.192926406860352 11.888210574074103
2.962354700928000 1962786091.421101570129395 11.893678555555585
3.031784889231000 2138212860.680830001831055 11.898112685185215
1.713950232810000 2138475567.066293478012085 11.902545833333363
2.961433982208000 1559170132.420321226119995 11.907694981481511
2.969146049870000 1962860125.925976276397705 11.913159685185214
2.961433982208000 2138263033.758990764617920 11.917595814814844
2.970069166295000 2138458016.416898965835571 11.922022148148177
2.961433982208000 2138676897.629112243652344 11.926455555555584
2.953721914546000 2138394090.768601179122925 11.930889296296325
3.060737909366000 2138506431.465155839920044 11.935327833333362
2.954640235561000 2228079584.176996231079102 11.939827611111140
2.967298785605000 2158485065.063091754913330 11.944336055555585
2.953721914546000 2138848511.427425622940063 11.948769833333362
3.022189572976000 2137716603.691566944122314 11.953200351851880
1.706009917920000 2183404385.349134922027588 11.957684981481510
3.053978794152000 1478372926.585846662521362 11.962861851851880
2.976858117532000 1677695268.124874353408813 11.978801425925955
2.970069166295000 2138318708.097276210784912 11.984789722222251
3.108929542901000 2165876336.992107868194580 11.993772018518547
3.394364761480000 2251682992.184592723846436 12.002728685185213
1.712726492400000 2242908708.727329254150391 12.011688407407435
3.408733906604000 1564448932.672990798950195 12.016859685185214
2.999994320518000 1997416214.252557992935181 12.022365129629659
2.999994320518000 2192408469.740201473236084 12.026804462962993
2.954640235561000 2150454635.252341270446777 12.031247666666696
2.970992970330000 2148410620.432088851928711 12.035740055555584
3.054928285332000 2137524922.938124895095825 12.040173722222251
3.062642750699000 2227986475.467222690582275 12.044670351851881
2.976858117532000 2248560306.030602931976318 12.049114351851880
2.958670454400000 2158939029.196361064910889 12.053625314814843
3.024070423864000 2138429710.269517898559570 12.058041296296324
1.693181215656000 2183202613.678525924682617 12.062533333333361
2.960512234752000 1565510597.978914976119995 12.067702907407435
1.707228859348000 1956287433.896425485610962 12.073179722222250
1.714561419870000 1557558768.431990861892700 12.078330037037064
1.693181215656000 1492854592.842261075973511 12.082934222222249
3.102179672916000 1492946432.669428586959839 12.087533833333360
2.960512234752000 2081358501.412028074264526 12.093074851851879
2.970069166295000 2157316991.652536869049072 12.097618259259287
3.030842591166000 2138272837.727813720703125 12.102053537037065
3.054928285332000 2183178671.825160026550293 12.106552888888917
2.976858117532000 2238343455.341896057128906 12.111042555555583
3.025011024336000 2159363799.275804996490479 12.115558425925954
3.008641493130000 2182637058.096415042877197 12.120052870370399
3.024070423864000 2193384708.007224559783936 12.124482203703732
1.720057107968000 2192993668.932727336883545 12.128922388888917
2.962354700928000 1461524467.448028087615967 12.134117500000029
3.061690861814000 2117565671.202728271484375 12.149414666666695
3.007706388180000 2232265533.726058959960938 12.155418925925954
2.970069166295000 2170598027.745278358459473 12.164393425925955
1.894750407996000 2136091464.975043773651123 12.173294222222252
1.902148689746000 1873199235.101605892181396 12.183026814814845
1.714561419870000 1492153487.735788345336914 12.187629185185216
3.332649038544000 1491864333.202028989791870 12.192236333333364
3.007706388180000 1917413502.940737009048462 12.197689740740771
3.070357216066000 2173474112.227771282196045 12.202180277777808
3.001860429762000 2237664503.703213691711426 12.206660870370401
3.070357216066000 2203518455.427739620208740 12.211150666666697
2.961433982208000 2238093110.885247707366943 12.215632777777808
1.715173290075000 2158417714.714800834655762 12.220145870370400
3.017294159478000 1558679608.577912092208862 12.225295185185216
1.700507485886000 2002271450.301529169082642 12.230798000000030
2.953721914546000 1565770410.135280370712280 12.235972444444474
2.970069166295000 1962904986.698747873306274 12.241436981481511
2.961433982208000 2138310524.353824615478516 12.245858296296326
2.976858117532000 2138636299.877263545989990 12.250294185185215
3.053978794152000 2122004774.666672229766846 12.254723425925956
2.954640235561000 2228187303.721803665161133 12.259240351851883
2.954640235561000 2158990042.639193534851074 12.263748462962994
2.961433982208000 2137856916.708783626556396 12.268182037037068
2.960512234752000 2138881359.337912797927856 12.272605759259291
1.713338134890000 2138766283.973758220672607 12.277031833333364
2.951884246459000 1558649572.403777360916138 12.282183370370401
1.692576768960000 1963171272.963745594024658 12.287650925925956
2.946925770194000 1558529470.945858478546143 12.292804777777807
3.015418455842000 1869041451.582389593124390 12.298286407407437
3.015418455842000 2145818321.665849208831787 12.313237740740771
3.007706388180000 2181908685.466594696044922 12.319150555555586
3.025011024336000 1894875242.990832567214966 12.329810537037067
3.323901162322000 2171372616.448438644409180 12.338792814814845
2.961433982208000 2138368919.576402187347412 12.347737351851881
3.455006312576000 2136763757.991306066513062 12.352172148148178
2.984570185194000 2221931375.571972846984863 12.356676537037066
1.691972322264000 2120398359.565506458282471 12.361187537037067
2.968221902030000 1558742817.250115156173706 12.366333611111141
2.969146049870000 1962030694.022564649581909 12.371796129629660
1.701113879322000 2137469262.500417470932007 12.376231537037068
3.007706388180000 1558645885.637100458145142 12.381372740740771
2.953721914546000 2001168207.460591554641724 12.386861333333364
2.954640235561000 2148767030.305034637451172 12.391341092592624
2.953721914546000 2138787936.476128339767456 12.395776870370401
1.706009917920000 2137188844.874294281005859 12.400213296296327
3.006770238420000 1559389602.261691570281982 12.405361851851882
3.018232011296000 2002042589.403438806533813 12.410867481481512
2.999994320518000 2193431782.492482185363770 12.415301555555587
3.115675335448000 2193804579.324163913726807 12.419737759259290
2.962354700928000 2282512891.574662208557129 12.424254777777808
3.008641493130000 2169995057.721388339996338 12.428773611111142
3.007706388180000 2183305082.931168079376221 12.433270870370402
3.053978794152000 2193541034.603869915008545 12.437699833333365
3.007706388180000 2238389922.000742912292480 12.442187055555587
3.005835133470000 2199652726.678282260894775 12.446661703703736
2.969146049870000 2182006485.364334583282471 12.451121888888920
1.713338134890000 2148718791.754743576049805 12.455598537037069
2.953721914546000 1556383183.624114751815796 12.460744314814846
2.994143564904000 1655960540.714515447616577 12.476279314814846
2.960512234752000 2174113267.626050949096680 12.482257944444475
3.047213819965000 2133199916.852017402648926 12.491166648148178
3.357879603360000 2209018744.548293113708496 12.500104555555586
3.024070423864000 2120339933.482388973236084 12.509074611111142
1.901469381074000 2178481549.815497875213623 12.513571203703735
2.976858117532000 1564797363.601500988006592 12.518738185185217
3.006770238420000 1958860869.388418912887573 12.524203074074107
3.060737909366000 2159524528.301886558532715 12.528693351851885
1.712726492400000 2226445339.456424713134766 12.533185555555589
3.070357216066000 1571533034.498977184295654 12.538382703703737
1.707837649596000 2041549752.415296316146851 12.543887740740775
3.016355958497000 1570893325.483059406280518 12.549077462962998
3.070357216066000 2001743865.900072813034058 12.554565907407442
3.060737909366000 2238263169.827810287475586 12.559058148148182
2.968221902030000 2248094051.346273899078369 12.563494259259294
2.954640235561000 2158453983.643562793731689 12.567998092592626
2.969146049870000 2137178668.002003192901611 12.572435870370404
3.018232011296000 2138427426.305088281631470 12.576862277777812
2.961433982208000 2183438828.110513687133789 12.581356444444479
2.970069166295000 2149054963.003291606903076 12.585846333333368
2.960512234752000 2138534151.668047189712524 12.590272666666701
2.968221902030000 2138706411.500870466232300 12.594698740740775
2.961433982208000 2138498859.978540658950806 12.599117111111145
3.007706388180000 2138398691.882319450378418 12.603550962962997
2.953721914546000 2182617303.054497241973877 12.608050703703737
2.962354700928000 2149232330.656316280364990 12.612535611111145
2.961433982208000 2138630126.001812696456909 12.616969703703738
2.962354700928000 2138136829.481029272079468 12.621385851851887
3.085786146800000 2138515052.011530399322510 12.625818629629665
2.977783631662000 2221657092.767965316772461 12.630339666666702
1.713950232810000 2153693356.970185279846191 12.644703092592627
3.069402929476000 1484123629.128241300582886 12.651813666666701
3.031784889231000 2148377683.210791110992432 12.659885981481516
2.975931569308000 2220467688.921648979187012 12.668804777777812
3.354749432970000 2148923895.523595333099365 12.677731833333366
2.969146049870000 2115560433.216470003128052 12.683890759259292
3.361414933208000 2136778146.234029531478882 12.688330370370403
2.987354957472000 2138648375.306664228439331 12.692768814814848
2.976858117532000 2128546318.527828931808472 12.697203685185219
3.017294159478000 2076126232.873562335968018 12.701632888888923
2.953721914546000 2182508466.184770584106445 12.706121333333368
2.962354700928000 2148825691.248511791229248 12.710616018518552
3.017294159478000 2138323003.845283985137939 12.715037018518553
3.108929542901000 2183192857.554383277893066 12.719536981481516
1.699900188734000 2282381559.829586029052734 12.724048870370405
3.063595348626000 1578341249.719981193542480 12.729256851851886
3.008641493130000 2041914401.831365346908569 12.734765796296331
1.705400674028000 2203687950.333076953887939 12.739260925925961
2.946009846884000 1565418830.959592819213867 12.744433259259294
2.950965583424999 1963199715.586856126785278 12.749902611111146
2.996004876952000 2138546254.036329030990601 12.754341462962998
3.024070423864000 2182658409.338905811309814 12.758838777777813
3.007706388180000 2193324934.190490722656250 12.763277796296331
3.008641493130000 2193839236.463319301605225 12.767695833333368
1.707837649596000 2192979948.933613777160645 12.772134500000035
1.712726492400000 1565936319.841713428497314 12.777300944444480
1.707228859348000 1493221422.482428073883057 12.781906351851887
1.706619161812000 1492958702.267002582550049 12.786501259259294
2.954640235561000 1492812091.299682140350342 12.791108796296331
3.053978794152000 1962322571.252513885498047 12.796578388888925
2.952802567474000 2217611472.003141880035400 12.801105351851888
3.007706388180000 2037514248.974343538284302 12.805641740740777
3.023130523504000 2145300685.437806606292725 12.819971592592628
1.714561419870000 2221738004.040551662445068 12.826048870370405
3.007706388180000 1645849796.246994972229004 12.835801055555590
3.331613229984000 2140729941.466799736022949 12.845728944444479
3.371221365379000 2122574183.108234167098999 12.854655055555590
2.016412038600000 2137708295.038684606552124 12.859087870370404
2.992282252856000 1557407602.534898042678833 12.864233814814849
3.047213819965000 2097927781.271187305450439 12.869505351851886
2.968221902030000 2237409785.237396717071533 12.873984888888923
2.962354700928000 2159094867.960494995117188 12.878492518518554
1.699900188734000 2136278856.856981992721558 12.882934462962998
1.699293343440000 1558392055.802302122116089 12.888079611111147
2.954640235561000 1492924066.520238637924194 12.892683055555592
2.993212562396000 1962505756.955685377120972 12.898140222222258
1.700507485886000 2138415029.803073406219482 12.902558111111148
2.946009846884000 1558961573.752559185028076 12.907704574074112
3.008641493130000 1961829315.244293689727783 12.913159074074112
2.975006055178000 2182973106.224837303161621 12.917643796296336
2.968221902030000 2149020573.144375324249268 12.922133648148188
3.108929542901000 2138278505.478323221206665 12.926560185185226
2.952802567474000 2272419693.663192749023438 12.931100092592633
2.962354700928000 2170039265.047242164611816 12.935631500000040
2.952802567474000 2137702042.199600934982300 12.940057555555596
2.946009846884000 2138508756.468676805496216 12.944491314814854
3.053028242088000 2139009953.249886989593506 12.948911981481521
2.961433982208000 2228211250.303012847900391 12.953419185185224
2.960512234752000 2159444853.604526996612549 12.957935111111150
1.714561419870000 2138335318.537575483322144 12.962369148148186
1.821492208202000 1559339420.847338914871216 12.967520351851890
3.107963267786000 1489999791.141172409057617 12.972130944444483
3.015418455842000 2154874438.781774520874023 12.987515796296336
3.101215077534000 2159861135.827836990356445 12.993572074074114
2.993212562396000 2219733470.997275829315186 13.002504185185225
1.881312461840000 1895189386.039996862411499 13.013213351851892
3.317220107810000 1480200493.508803129196167 13.023209796296337
3.438511605988000 1962011881.670745611190796 13.028680407407448
1.720057107968000 2226592364.910555362701416 13.033199018518559
2.953721914546000 1531871639.844804763793945 13.038396777777818
3.016355958497000 1957609559.809779405593872 13.043864111111152
2.968221902030000 2182057130.154496192932129 13.048362611111152
3.053028242088000 2148997022.287477016448975 13.052852759259300
1.706619161812000 2227702741.702741622924805 13.057357259259300
3.023130523504000 1571422560.285990476608276 13.062547796296338
2.953721914546000 2000968014.605755805969238 13.068055518518561
2.961433982208000 2141696326.187404394149780 13.072548277777820
2.961433982208000 2138478483.255467891693115 13.076979796296339
2.952802567474000 2138782778.767040491104126 13.081420481481524
3.008641493130000 2138384683.606790781021118 13.085847111111153
2.970069166295000 2177612318.631848335266113 13.090347370370413
3.060737909366000 2148643241.172181129455566 13.094842314814857
2.983641236586000 2227744802.155838966369629 13.099357185185227
2.970069166295000 2159154912.924600124359131 13.103867962963005
2.969146049870000 2137876755.678317308425903 13.108286166666709
2.962354700928000 2138436495.619524240493774 13.112725055555597
2.961433982208000 2138864376.900712013244629 13.117158092592634
2.962354700928000 2138886078.173769712448120 13.121584129629671
1.706619161812000 2138321514.189248561859131 13.126010407407449
2.970069166295000 1557660068.868491411209106 13.131157092592634
1.699900188734000 1961483258.849039554595947 13.136614370370411
2.953721914546000 1467984457.165798664093018 13.141780500000040
3.001860429762000 2154740337.634922504425049 13.157202592592633
2.954640235561000 2179826649.081418514251709 13.163184037037077
3.007706388180000 2127447307.102284431457520 13.172117000000039
1.888705942822000 2130322918.771416187286377 13.181007092592631
3.395420537520000 1481142785.560914754867554 13.190985666666705
3.099286245756000 2000522938.464177131652832 13.196491944444483
3.293052891674000 2282757450.161273002624512 13.201004648148187
1.718829025792000 2168029830.508474826812744 13.205511592592631
2.962354700928000 1556737042.167316198348999 13.210685425925965
1.713338134890000 1962307612.635940074920654 13.216156592592631
3.053978794152000 1558593326.561925888061523 13.221298037037075
2.967298785605000 2038298750.406093120574951 13.226827240740779
2.963276105472000 2158714443.815941810607910 13.231345129629668
2.978709835188000 2138172773.005055665969849 13.235766259259298
2.961433982208000 2137584505.807399749755859 13.240201851851891
2.961433982208000 2138757344.658695459365845 13.244640703703743
3.022189572976000 2138536569.622693777084351 13.249058962963002
2.953721914546000 2181466854.980503082275391 13.253556314814853
1.706619161812000 2148944973.230220317840576 13.258038981481519
2.968221902030000 1559101785.148257970809937 13.263180166666704
2.999994320518000 1962405628.638840436935425 13.268635074074112
2.969146049870000 2178392336.660150051116943 13.273134611111148
1.706009917920000 2132467331.164219617843628 13.277619574074111
2.999994320518000 1559016484.702023983001709 13.282769129629665
3.062642750699000 2001768249.914936542510986 13.288266111111147
3.061690861814000 2238654199.142754554748535 13.292763722222258
3.046266726490000 2248402619.397087097167969 13.297192222222257
2.960512234752000 2248755251.731017589569092 13.301610518518554
3.016355958497000 2156884521.570591926574707 13.306120259259295
2.969146049870000 2148514739.815609931945801 13.320437740740775
2.963276105472000 2068521810.122181415557861 13.326403370370405
2.969146049870000 1900607923.463755846023560 13.336972074074110
3.331613229984000 2159216726.292002201080322 13.345994462962999
2.963276105472000 1716840073.287269353866577 13.356819444444481
3.402079226847000 2138142546.418214082717896 13.361263740740778
3.000927027763000 2183107319.189373493194580 13.365745870370407
3.231356350378000 2192438061.475581169128418 13.370186055555592
2.953721914546000 2139468319.478796958923340 13.374625925925963
2.969146049870000 2140874260.703525066375732 13.379106537037075
2.968221902030000 2137916722.109940767288208 13.383532148148186
2.984570185194000 2138120604.106453657150269 13.387966000000038
2.975931569308000 2137823556.454579114913940 13.392396962963002
2.961433982208000 2138297421.246522665023804 13.396830629629669
2.954640235561000 2138537241.191617488861084 13.401253500000040
2.977783631662000 2138433859.474081754684448 13.405689481481522
3.053978794152000 2138464187.437436342239380 13.410110907407448
2.961433982208000 2228041185.190038204193115 13.414633388888930
1.712726492400000 2159406415.863010406494141 13.419151703703745
1.701113879322000 1554846646.802790403366089 13.424304055555597
1.699293343440000 1493183052.361012220382690 13.428907777777820
3.047213819965000 1492891117.789767026901245 13.433510611111153
2.961433982208000 2042123710.165521144866943 13.439036370370411
2.960512234752000 2159253075.585591316223145 13.443552222222264
2.969146049870000 2138545240.301755905151367 13.447968351851893
2.970069166295000 2138033493.541604280471802 13.452407018518560
2.968221902030000 2138861126.337415933609009 13.456832703703745
3.060737909366000 2138504071.231913805007935 13.461258518518559
1.712114849910000 2227954011.681524753570557 13.465776574074114
1.860491130960000 1568996186.013956069946289 13.470962166666707
2.964197167104000 1491205963.028260946273804 13.475573296296337
2.962354700928000 1656402079.020520448684692 13.491022166666708
2.970992970330000 2126895382.923572540283203 13.496916148148189
3.069402929476000 2130298644.861767292022705 13.505771333333374
3.394364761480000 2167213184.357542037963867 13.514721333333375
3.449438591526000 1921648107.766931533813477 13.525430314814857
1.713950232810000 2237547964.563740730285645 13.529912018518560
2.961433982208000 1562642348.981852293014526 13.535128462963005
2.975931569308000 1919761055.391120433807373 13.540603000000042
1.707228859348000 2138194998.806847572326660 13.545026388888930
3.008641493130000 1559203722.221822500228882 13.550174648148190
3.100251200124000 2002265175.783353328704834 13.555678055555598
2.970069166295000 2281963540.214807033538818 13.560195462963005
2.969146049870000 2169455439.037631511688232 13.564732111111153
2.968221902030000 2138873246.167454004287720 13.569149685185227
2.970069166295000 2138334963.141266822814941 13.573581018518560
2.983641236586000 2138441346.725754022598267 13.578002166666709
2.976858117532000 2138544139.979640483856201 13.582440907407449
1.712726492400000 2138202881.844380378723145 13.586874796296337
3.017294159478000 1554865537.269737720489502 13.592004814814855
1.699293343440000 2002073606.750986576080322 13.597508537037077
3.053028242088000 1565233824.209631681442261 13.602673148148188
1.713338134890000 2041346097.024150609970093 13.608200981481522
2.960512234752000 1571819467.661051750183105 13.613385648148189
3.007706388180000 1962850204.319116830825806 13.618860018518559
3.069402929476000 2183306825.367305278778076 13.623340851851893
3.030842591166000 2237103732.590529441833496 13.627828351851893
3.015418455842000 2203328048.282770633697510 13.632320407407448
2.993212562396000 2194000834.320612430572510 13.636759592592634
2.961433982208000 2064158003.429415464401245 13.641198314814856
2.962354700928000 2133451346.532908678054810 13.656540185185227
3.015418455842000 2127796874.118023157119751 13.662445481481523
2.963276105472000 2186787130.889183998107910 13.671375851851893
3.468271307850000 2128295475.339365243911743 13.680301833333374
3.455006312576000 2166025823.590602397918701 13.689238537037077
1.893397598724000 2247525473.921294689178467 13.693678444444485
2.984570185194000 1571312330.476003885269165 13.698874092592634
2.976858117532000 1918740381.979347467422485 13.704345592592635
3.024070423864000 2138432655.925025701522827 13.708779703703746
3.023130523504000 2182930711.903487682342529 13.713277296296338
2.970069166295000 2187290303.192199707031250 13.717714037037078
1.705400674028000 2148581054.506326198577881 13.722205870370411
1.707228859348000 1550852802.804784536361694 13.727350518518559
1.699293343440000 1492633059.845559835433960 13.731954962963004
1.712114849910000 1492345195.772521257400513 13.736554500000041
3.046266726490000 1492925437.961488246917725 13.741159166666709
2.953721914546000 2041783980.141672134399414 13.746664833333375
2.968221902030000 2157846602.658788681030273 13.751178166666708
3.024070423864000 2138770819.512073040008545 13.755616444444486
1.712726492400000 2177798897.594977378845215 13.760111666666708
2.999994320518000 1565528176.974002838134766 13.765272500000041
3.061690861814000 2001706947.481748104095459 13.770776759259300
2.946925770194000 2238391436.703378200531006 13.775266203703746
2.970069166295000 2159478890.229191780090332 13.779764296296339
2.969146049870000 2138084334.383409976959229 13.784202537037080
2.963276105472000 2138678841.594691991806030 13.788623685185229
1.700507485886000 2138647720.748169660568237 13.793042370370413
2.967298785605000 1559114631.806274652481079 13.798195907407450
3.107963267786000 1910127292.684414148330688 13.803662166666710
1.748180271240000 1691216102.126918554306030 13.819827962963005
3.014479905698000 1715237352.910491704940796 13.826573037037079
2.999994320518000 1975648705.431851625442505 13.836709407407449
2.976858117532000 1896630276.106139183044434 13.847347425925967
3.350160339904000 2134564284.031202554702759 13.856306796296337
3.409793692214000 2137750887.623513460159302 13.860729759259300
2.969146049870000 2183213287.231414794921875 13.865228648148189
3.357879603360000 2148452879.149847507476807 13.869724574074116
2.970069166295000 2120824182.740365028381348 13.874226407407450
1.712114849910000 2147737125.689030170440674 13.878701296296340
2.960512234752000 1559020816.040532588958740 13.883854907407452
1.713338134890000 1962252870.441413164138794 13.889309611111155
1.699900188734000 1551524129.564218521118164 13.894484222222266
1.713338134890000 1492432686.012651920318604 13.899094870370414
1.698686498146000 1492758565.801109313964844 13.903701907407450
3.015418455842000 1492220081.723266839981079 13.908306425925970
3.008641493130000 2001882710.399870872497559 13.913810055555599
3.017294159478000 2193548714.696396350860596 13.918248407407450
2.977783631662000 2193410086.538341045379639 13.922684462963005
2.970069166295000 2148555457.214938640594482 13.927162055555598
3.023130523504000 2138789813.714496135711670 13.931587759259303
3.014479905698000 2182795043.690959453582764 13.936084833333377
2.999994320518000 2193680150.941505908966064 13.940521185185229
2.970069166295000 2193905667.693769931793213 13.944962537037082
3.069402929476000 2148927146.366798877716064 13.949455055555600
3.030842591166000 2227919756.171499252319336 13.953975537037081
3.107963267786000 2203811354.352583885192871 13.958468185185229
3.023130523504000 2283270495.436338424682617 13.962980481481525
1.706009917920000 2214100089.805257797241211 13.967496425925969
2.964197167104000 1470801649.901271104812622 13.972663962963006
1.692576768960000 1952658458.363262891769409 13.978155240740783
2.954640235561000 1937167588.968037605285645 13.993113796296338
2.968221902030000 2094479315.619848251342773 13.999348148148190
2.971916430560000 2133503376.099167346954346 14.009037722222264
1.888705942822000 2133129025.908211469650269 14.017880907407449
2.962354700928000 1610409040.018453598022461 14.027755518518561
3.508990786210000 1961933143.501417160034180 14.033224944444486
2.984570185194000 2271601981.893809795379639 14.037766055555597
3.427352974464001 2158164491.787640571594238 14.042308666666708
2.968221902030000 2210635818.631169319152832 14.046849444444486
1.713950232810000 2169131106.657577991485596 14.051386462963006
2.954640235561000 1558387815.696959733963013 14.056538203703747
3.192796012068000 1962829669.567687988281250 14.062013074074118
3.115675335448000 2237522687.310735225677490 14.066562851851895
1.712726492400000 2295118850.772511005401611 14.071018018518561
2.961433982208000 1573911812.811552047729492 14.076237555555599
1.706619161812000 1962617413.926675796508789 14.081711462963007
3.046266726490000 1558876987.682575225830078 14.086857740740784
3.007706388180000 2041330045.104322671890259 14.092388129629674
3.001860429762000 2204024457.743371009826660 14.096878111111156
1.692576768960000 2193512160.264767646789551 14.101309666666712
2.946009846884000 1565615224.427327632904053 14.106476314814859
