1.928345273386000 2187790671.936758995056152 0.001054166666667
1.961940138776000 1557596168.886127233505249 0.006239777777778
1.949893379460000 1491026872.011036872863770 0.010843907407407
1.967956322640000 1492126258.358882665634155 0.015446462962963
1.941783219542000 1487417318.397526979446411 0.020047222222222
3.448366019049000 1492190084.040371417999268 0.024652592592593
3.447294244914000 1962552689.951770067214966 0.030112555555556
3.517796207352000 2137978619.246861934661865 0.034538481481481
3.517796207352000 2182889183.382857799530029 0.039038074074074
3.448366019049000 2193040165.448458194732666 0.043479425925926
3.564082999554000 2147518255.757870197296143 0.047971666666667
3.508990786210000 2219264900.906663894653320 0.052487611111111
1.955919677442000 2203684029.996578216552734 0.056979481481481
1.955221165698000 1565060914.959665775299072 0.062151537037037
3.494652811251000 1492507284.219335079193115 0.066754333333333
3.447294244914000 2000791902.784933090209961 0.072254166666667
1.967956322640000 2148852978.301625251770020 0.076728814814815
3.448366019049000 1558708754.954157352447510 0.081873203703704
1.960539357544000 1963042047.531992673873901 0.087343203703704
3.422027690412000 1558357975.617915630340576 0.092491185185185
3.531027613324000 1962980098.389981985092163 0.097956962962963
3.542040969822000 2033127033.931020975112915 0.102466111111111
1.961940138776000 2187975891.787028312683105 0.116727425925926
3.618084257123000 1679301705.496845245361328 0.123407351851852
1.967956322640000 1979929416.790347814559937 0.133551407407407
3.819848104710000 1671548481.523518800735474 0.143357166666667
3.479223880517000 1893680108.811184883117676 0.155256814814815
3.755776951394000 2202889765.887940883636475 0.159752129629630
3.448366019049000 2192264760.912595272064209 0.164196111111111
1.941783219542000 2089006810.854490041732788 0.168687851851852
1.982097058010000 1558516246.773862600326538 0.173832462962963
3.461640607822000 1486054332.319290637969971 0.178440592592593
3.522222194861000 1961791633.796617746353149 0.183910129629630
3.526607240106000 2165011278.800559520721436 0.188397407407407
1.961940138776000 2193320183.815250396728516 0.192838259259259
1.954523173680000 1564402397.738252878189087 0.198012888888889
3.539839056858000 1492387946.132012844085693 0.202612611111111
1.954523173680000 2000599213.967045783996582 0.208120814814815
1.962641050904000 1565184209.960664749145508 0.213290037037037
3.470430447900000 1492744746.265417575836182 0.217897870370370
3.507898611490000 1962754332.785080194473267 0.223347277777778
3.424158041928000 2183176750.408800125122070 0.227831944444444
3.446221273266000 2147895987.230409622192383 0.232321777777778
3.517796207352000 2138721932.016682386398315 0.236753148148148
1.976083797828000 2183401023.511087894439697 0.241247481481481
1.955919677442000 1565490177.545299291610718 0.246419870370370
3.500188944212000 1491439445.085960865020752 0.251022518518518
1.955221165698000 2001559888.410659551620483 0.256525500000000
3.463794949783000 1565988973.433066844940186 0.261694833333333
3.430801938710000 1868295482.925240039825439 0.267152314814815
1.961239748160000 2110056133.428981542587280 0.282021648148148
1.969362424366000 1479242091.918744564056396 0.288127685185185
3.462718380238000 1756889442.421919822692871 0.296826018518519
1.926968478134000 1937801588.694812774658203 0.306953129629630
1.962641050904000 1633613156.913051128387451 0.316682981481481
3.664371049325000 1476399447.065026998519897 0.323180296296296
2.078386457385000 1961840787.798336505889893 0.328648888888889
2.076904399758000 1558581379.613167047500610 0.333794185185185
3.432937088315000 1486705316.844377279281616 0.338401833333333
1.955919677442000 1917194224.821859836578369 0.343856851851852
1.954523173680000 1557523527.951919078826904 0.349005574074074
1.941090024720000 1492846347.099984645843506 0.353605166666667
1.935064246464000 1492587377.527411699295044 0.358207481481481
1.937136892320000 1492732655.201932430267334 0.362815277777778
3.442791501376000 1492630040.139946460723877 0.367414925925926
3.609247665816000 1960969689.378757715225220 0.372885444444444
3.485854583224000 2251828337.554452419281006 0.377455351851852
1.949198303980000 2213392541.675241947174072 0.381954425925926
3.510081741985000 1561251471.734822988510132 0.387132240740741
1.935064246464000 2001413421.427994728088379 0.392636981481482
3.446221273266000 1565615994.674645185470581 0.397811388888889
3.592704951548000 1963227856.032459497451782 0.403279185185185
1.943863062085000 2272838345.726650714874268 0.407819166666667
3.602655326389000 1577549899.873599290847778 0.413034796296296
3.425222622948000 2082148054.419497251510620 0.418581555555556
1.941090024720000 2169413129.973474979400635 0.423105555555556
3.471509415150000 1558403243.761235475540161 0.428245907407407
3.448366019049000 2002452477.069166660308838 0.433741500000000
3.439582177252000 2148808362.973887443542480 0.438224222222222
3.431870109590000 2134891811.416458845138550 0.442671018518519
3.478142515562000 2136415798.806448221206665 0.457072481481482
3.478142515562000 2171227861.297048568725586 0.463147814814815
3.461640607822000 2092871060.771146774291992 0.472002833333333
3.623543620660000 1865336062.781976461410522 0.482605074074074
3.508990786210000 1887879649.217344522476196 0.493258500000000
2.088854663280000 2180233419.889114856719971 0.497744296296296
3.439582177252000 1565189923.577696084976196 0.502912944444444
3.708349960718000 1956496140.450925588607788 0.508368388888889
3.424158041928000 2122595684.768244743347168 0.512866666666667
3.447294244914000 2148419437.614481925964355 0.517355481481481
1.934373450240000 2138211919.976262092590332 0.521786574074074
3.456080484416000 1558400296.921957015991211 0.526925722222222
3.447294244914000 1961055141.539234876632690 0.532377685185185
3.425222622948000 2138614475.183789014816284 0.536813629629630
3.469350275100000 2138623878.947236061096191 0.541236555555555
3.434004861810000 2138389405.576890707015991 0.545672851851852
1.955919677442000 2138134375.431939125061035 0.550094129629630
1.947806599200000 1554993447.504513502120972 0.555243425925926
1.962641050904000 1492924642.601427078247070 0.559847166666667
1.948502192620000 1493322736.705748558044434 0.565451092592593
3.442791501376000 1492856955.596926212310791 0.570056629629630
1.942476930518000 1962774438.816134929656982 0.575522092592593
3.417508157581000 1558489074.150600910186768 0.580675518518519
1.941783219542000 1962638099.661331892013550 0.586138092592593
3.392253602320000 1558962821.227543354034424 0.591286888888889
3.440651553682000 1962387014.174668550491333 0.596754388888889
1.941783219542000 2138373323.208258152008057 0.601192703703704
3.440651553682000 1558659513.714631795883179 0.606329148148148
1.967956322640000 1962147692.558071613311768 0.611790944444444
1.947111005780000 1983338264.840820789337158 0.627690222222222
1.955221165698000 1475842473.716063022613525 0.634269018518518
3.587226395655000 1671604859.963524580001831 0.645083000000000
3.651211614688000 2153360403.376326560974121 0.655054388888889
1.929034183594000 1886317111.003393173217773 0.665751425925926
3.710657841527000 1557994895.755341768264771 0.670896018518519
1.935755557056000 1961960290.350128173828125 0.676360685185185
3.448366019049000 1535110166.201799869537354 0.681512833333333
1.969362424366000 1961650664.692176580429077 0.686965092592593
3.463794949783000 1558014252.858669996261597 0.692110259259259
3.485854583224000 1962952289.424082517623901 0.697582685185185
3.594940861022000 2138396123.167081832885742 0.702019296296296
3.461640607822000 2227534034.638220310211182 0.706529407407407
1.968659111854000 2158851200.617448806762695 0.711040203703704
3.533225138086000 1557763315.272213697433472 0.716180500000000
3.540939603453000 2002139708.206932306289673 0.721686685185185
3.462718380238000 2193564590.147520542144775 0.726125500000000
1.941783219542000 2143894364.682920455932617 0.730603870370370
3.572908429254000 1555288573.946511745452881 0.735752111111111
1.969362424366000 2041608674.669723272323608 0.741277777777778
3.448366019049000 1570692451.800070524215698 0.746467388888889
3.458230028288000 1961446204.582390308380127 0.751925481481481
3.431870109590000 2128607031.941828727722168 0.756379759259259
3.470430447900000 2138512519.245131969451904 0.760818111111111
1.955221165698000 2138521191.644904136657715 0.765235907407407
3.562975259844000 1559093838.951243400573730 0.770382037037037
3.518890375248000 2041870139.287548780441284 0.775898203703704
3.456080484416000 2201887449.169197082519531 0.780392962962963
1.961940138776000 1934802000.148037195205688 0.784896333333333
1.961239748160000 1489053586.337760925292969 0.800023185185185
3.518890375248000 1481388139.888494729995728 0.806599851851852
2.036576158986000 1763371587.870636224746704 0.816843129629630
3.825185560352000 1878492097.958153009414673 0.826523000000000
3.457155456384000 1757036985.442146301269531 0.836945018518518
3.872661614234000 2158224859.668471813201904 0.841444944444444
3.524414921534000 2271785929.742848873138428 0.845969592592593
3.578399395168000 2238531842.376728057861328 0.850457555555555
1.961940138776000 2247721387.413851737976074 0.854883055555555
3.510081741985000 1570117588.330308437347412 0.860076629629629
3.518890375248000 2131497116.915152072906494 0.865346833333333
1.941783219542000 2191741477.165946006774902 0.869781000000000
1.962641050904000 1564988388.714733600616455 0.874949981481481
3.489107082112000 1492760198.172693490982056 0.879555018518518
1.954523173680000 1961926872.371975898742676 0.885024907407407
3.448366019049000 1558652340.840478897094727 0.890171444444444
1.970767741145000 1962405519.262470245361328 0.895631111111111
1.974672897120000 1557796107.486931324005127 0.900774888888889
3.578399395168000 1483631283.342855215072632 0.905377740740741
1.960539357544000 2041726147.167005062103271 0.910905851851852
3.448366019049000 1570390386.322397470474243 0.916100611111111
3.516702853872000 1963090616.392529487609863 0.921553185185185
3.548654068820000 2183135546.921672821044922 0.926047870370370
1.949198303980000 2193267087.390813827514648 0.930478796296296
1.962641050904000 1564966547.920265436172485 0.935645944444444
3.441721726668000 1491987963.472594261169434 0.940255370370370
2.121679578712000 1962928487.690504074096680 0.945720888888889
3.442791501376000 1556979418.807844161987305 0.950871222222222
3.448366019049000 1655902977.756144762039185 0.966317851851852
3.448366019049000 2066708529.224755287170410 0.972230203703703
3.616959733478000 1728400494.093075990676880 0.982994407407407
3.664371049325000 2200340668.178407192230225 0.991928592592592
3.432937088315000 2166514263.953778743743896 1.000973666666666
2.103789893606000 2137424053.096086025238037 1.005398907407407
3.480306050958000 1558084484.124127149581909 1.010542981481481
1.935755557056000 1957902325.313101291656494 1.016000629629629
1.943169609186000 1544594734.719741821289062 1.021144037037037
1.950589231850000 1492185012.199934005737305 1.025743333333333
3.640095936464000 1492582935.219573497772217 1.030340629629630
3.587226395655000 2081697683.347411155700684 1.035887425925926
3.586111462830000 2257919015.636003017425537 1.040384407407407
1.961940138776000 2248505415.978076934814453 1.044810611111111
3.510081741985000 1571789169.051578283309937 1.050000129629630
3.424158041928000 2001798029.009693622589111 1.055504037037037
1.941783219542000 2147935382.067328929901123 1.059998833333333
1.948502192620000 1558644308.979681491851807 1.065141925925926
3.447294244914000 1492841886.587354421615601 1.069741648148148
3.447294244914000 1963448364.888123750686646 1.075207351851852
3.393309771280000 2138506049.961782932281494 1.079641111111111
3.439582177252000 2137761199.023117542266846 1.084069407407407
1.941783219542000 2138393910.537526845932007 1.088503296296296
1.955221165698000 1558478570.040520668029785 1.093649259259259
3.439582177252000 1492386766.830163240432739 1.098251611111111
1.955919677442000 1963340582.408579826354980 1.103721870370370
3.517796207352000 1558191678.974100351333618 1.108862796296296
1.949198303980000 2002267751.016578197479248 1.114368740740741
3.484769609656000 1476972920.689395666122437 1.119538055555555
3.431870109590000 1661421358.958126783370972 1.135539148148148
3.477059942378000 2120398238.665745735168457 1.141519462962963
3.431870109590000 2158050741.701480388641357 1.150500314814815
2.056005761868000 1695621846.540534019470215 1.161257166666667
3.755776951394000 1480393609.068695783615112 1.171215722222222
3.418571132094000 2000146702.932780981063843 1.176723703703704
3.849518218133000 2148214092.174450874328613 1.181213981481481
3.676367586321000 2192243137.061714172363281 1.185724925925926
3.647808004126000 2292286625.470088005065918 1.190196111111111
3.463794949783000 2303088003.003942966461182 1.194634722222222
3.453930940544000 2169161663.006115436553955 1.199170907407408
1.963340920008000 2138501934.191390514373779 1.203589444444445
1.975378084932000 1546726709.950173616409302 1.208740666666667
1.954523173680000 1492868176.011697769165039 1.213350629629630
1.961940138776000 1492678835.289004802703857 1.217952629629630
3.461640607822000 1492758755.474056243896484 1.222557685185185
3.564082999554000 1957836677.052289247512817 1.228025833333334
3.601535598154000 2227934167.566746234893799 1.232535037037037
1.976083797828000 2248540136.417902946472168 1.236971296296297
1.967253533426000 1570191315.938599348068237 1.242167277777778
3.431870109590000 1492736258.526904582977295 1.246776870370371
1.942476930518000 1962196537.315860748291016 1.252241481481482
1.961940138776000 1558805916.571156740188599 1.257379592592593
3.578399395168000 1492858512.532529830932617 1.261976518518519
3.465949291744000 2041839936.624517202377319 1.267493314814815
3.519984135936000 2158274060.585180759429932 1.272008537037038
3.452856768704000 2183297607.584623336791992 1.276508870370371
3.439582177252000 2148976567.400706291198730 1.280996129629630
3.571797464921000 2032690849.611109256744385 1.285479444444445
3.485854583224000 2134098501.518086910247803 1.299837185185186
3.609247665816000 1844408363.264432430267334 1.306844018518519
1.961940138776000 1763868102.967730760574341 1.318504629629630
3.754607964386000 1850836433.345422506332397 1.328155129629630
2.088854663280000 1752151637.806780338287354 1.338472111111112
3.857232683500000 1564187696.143759965896606 1.343641222222223
3.547551124520000 2034324984.699402332305908 1.349148148148149
3.385597703618000 2226808565.271218299865723 1.353590722222223
3.463794949783000 2157706505.617332935333252 1.358110462962963
1.961940138776000 2138101175.417835712432861 1.362539148148149
3.495739780674000 1557892325.990017890930176 1.367692907407408
3.455006312576000 2000984953.832181453704834 1.373198185185186
1.961940138776000 2148598480.560845375061035 1.377680833333334
3.455006312576000 1558551777.745789527893066 1.382826759259260
1.961239748160000 1962290505.480213165283203 1.388294240740741
3.526607240106000 1559092860.486048460006714 1.393437759259260
3.508990786210000 2001708081.239511251449585 1.398944111111111
1.941090024720000 2188696128.314435482025146 1.403388055555556
3.424158041928000 1564383755.828862428665161 1.408558685185185
3.424158041928000 1962914317.508676767349243 1.414017037037037
1.935755557056000 2138521227.769418239593506 1.418435166666667
3.586111462830000 1558816750.874465465545654 1.423581166666667
1.967956322640000 2041550023.144886732101440 1.429101944444445
3.616959733478000 1571507729.377336740493774 1.434297370370371
1.941783219542000 2081776639.878148794174194 1.439841481481482
1.941783219542000 1577447022.291069984436035 1.445053666666667
3.516702853872000 1492749283.460002422332764 1.449653962962963
3.462718380238000 1960900928.267753362655640 1.455116148148149
3.564082999554000 2149639356.484663486480713 1.469422981481482
3.438511605988000 2235033388.722857952117920 1.475396388888889
1.941090024720000 2165045063.546909332275391 1.484341370370371
2.083625773220000 1633346245.785387039184570 1.494079314814815
3.610369791756000 1477573793.482744216918945 1.503507277777778
3.717216613084000 2040719753.119513273239136 1.509034018518519
3.593823530492000 2158804535.158558368682861 1.513546907407408
1.982805171290000 2227667616.279784679412842 1.518064666666667
3.493566650886000 1548459787.183157444000244 1.523252574074075
1.967956322640000 1953353267.052647590637207 1.528738037037038
3.556368534186999 1558390866.672427177429199 1.533881592592593
3.546446947880000 2001564394.168531894683838 1.539391925925927
1.961940138776000 2192852267.796949863433838 1.543830888888889
3.470430447900000 1564398192.768926143646240 1.548999425925927
1.961940138776000 1962485046.548565149307251 1.554467629629630
1.969362424366000 1558872151.557130813598633 1.559614203703704
3.526607240106000 1492031321.260089397430420 1.564218814814816
3.632383868802000 2033036453.942721843719482 1.570721185185186
3.601535598154000 2282902202.512568950653076 1.575218574074075
1.955221165698000 2258770361.571014881134033 1.579708240740741
3.479223880517000 1571412061.915262699127197 1.584898129629630
3.538737280602000 1963689252.716286659240723 1.590365833333334
3.619209618402000 2183295949.770730018615723 1.594860777777778
3.469350275100000 2237687838.255600929260254 1.599353462962964
3.463794949783000 2159078598.294111251831055 1.603858555555556
1.947111005780000 2137486877.173017024993896 1.608284685185186
3.488022915816000 1557668870.120944023132324 1.613430925925927
3.547551124520000 1963789083.804794549942017 1.618890703703705
1.921626300308000 2108903000.298435211181641 1.623420500000001
1.963340920008000 1933150009.527966022491455 1.638483370370371
1.969362424366000 1482635387.651536464691162 1.645051888888890
3.556368534186999 1686543039.721895694732666 1.655919111111112
2.082881654180000 2148579423.557085514068604 1.665909500000001
3.409793692214000 1479960639.005990743637085 1.675925055555556
2.090347146682000 1960317014.813935041427612 1.681381629629630
3.456080484416000 1559000827.677536964416504 1.686527666666667
3.516702853872000 1997091330.436303377151489 1.692033518518519
3.539839056858000 2170522367.702080726623535 1.696473203703704
3.616959733478000 2192962623.328011512756348 1.700915962962964
1.969362424366000 2237838252.743992805480957 1.705410629629630
3.642360212976000 1571593853.261043787002563 1.710605796296297
1.961940138776000 2080973648.359867572784424 1.716151870370371
1.976083797828000 1574116474.355101823806763 1.721363000000001
3.479223880517000 1492939451.710989952087402 1.725967222222223
3.485854583224000 1962519855.595667839050293 1.731425148148149
3.555263192182000 2138148144.433299779891968 1.735856259259260
3.550861189760000 2181076651.001731395721436 1.740348481481482
1.968659111854000 2193479345.167158126831055 1.744777092592593
1.948502192620000 1565263694.431898832321167 1.749943425925927
3.471509415150000 1492662206.226902723312378 1.754543537037038
3.462718380238000 1962573578.130821943283081 1.760010388888890
3.478142515562000 2138786392.802693843841553 1.764431796296297
3.464872321242000 2138879680.383406162261963 1.768867666666667
1.967956322640000 2138746130.134411573410034 1.773301259259260
1.976788460556000 1559088082.342532873153687 1.778450481481482
1.969362424366000 1492733881.015731096267700 1.783058000000001
3.485854583224000 1493021310.308494806289673 1.787662796296297
3.525510672719000 2001110931.305121898651123 1.793155685185186
3.469350275100000 2188385089.073386669158936 1.797594388888890
1.955221165698000 2153816785.887684345245361 1.811897629629631
1.956617149734000 1476289494.092699289321899 1.818010592592594
1.949893379460000 1656307401.128704071044922 1.829830111111112
3.718372306894000 1488049880.995083332061768 1.839174574074075
3.710657841527000 1908241097.615900278091431 1.849289425925927
3.510081741985000 2137199047.937197208404541 1.853724240740742
3.517796207352000 2182726661.191609382629395 1.858211481481483
3.417508157581000 2190304107.224027156829834 1.862652166666668
3.478142515562000 2117087377.838726520538330 1.867135462962964
3.524414921534000 2137288911.737783670425415 1.871566074074076
3.539839056858000 2182018287.607446670532227 1.876060111111113
3.479223880517000 2193192958.157773971557617 1.880499185185187
1.981389471600000 2148776457.482361793518066 1.884987518518520
3.447294244914000 1558684606.585564136505127 1.890135703703705
3.484769609656000 1962540313.667523384094238 1.895597962962964
1.969362424366000 2124377606.129374742507935 1.900045277777779
3.508990786210000 1558696290.961469173431396 1.905187870370372
1.955221165698000 2001918836.388094663619995 1.910694351851853
3.448366019049000 1565489119.601924419403076 1.915859944444446
1.962641050904000 1962180586.892131805419922 1.921318074074076
3.408733906604000 1558367630.690761804580688 1.926459203703705
3.440651553682000 1962753452.560394287109375 1.931914092592594
3.502367276618000 2137892791.839091300964355 1.936339888888890
1.935755557056000 2183680046.423764705657959 1.940839500000001
3.434004861810000 1565650993.261354207992554 1.946014185185187
3.455006312576000 1963239312.881440877914429 1.951482000000001
1.943863062085000 2138464184.961821556091309 1.955912944444446
3.463794949783000 1558230241.020283222198486 1.961053129629631
3.546446947880000 1963108815.912573099136353 1.966516314814816
3.447294244914000 2203773658.068732738494873 1.980881666666668
3.472589186100000 2153557415.890064716339111 1.986860944444446
1.963340920008000 2093046182.775479316711426 1.995724277777779
3.796697510136000 1487706473.076534748077393 2.005626833333335
2.097068520144000 1946161782.100144624710083 2.015772166666668
1.961940138776000 1563823747.143454790115356 2.020950333333335
2.096319600336000 1492717854.039965391159058 2.025554333333335
2.097068520144000 1492546731.022378206253052 2.030154537037038
3.495739780674000 1472102538.540389537811279 2.034761296296298
1.967956322640000 1961527774.671938896179199 2.040226907407409
3.437442229558000 1558207194.700005054473877 2.045375759259261
3.516702853872000 1962529510.572090625762939 2.050833000000002
1.955221165698000 2183280224.720954895019531 2.055322518518520
1.949198303980000 1563922734.474131345748901 2.060488925925927
3.408733906604000 1492350726.793864011764526 2.065094388888890
3.579511930288000 1963098080.655158042907715 2.070562111111113
3.589457507040000 2227895241.538549900054932 2.075069481481483
1.935064246464000 2248404946.368449211120605 2.079508203703705
3.511173510390000 1570866239.856112003326416 2.084697425925927
3.577285616992000 2002061646.902002573013306 2.090198888888890
3.533225138086000 2237954332.988624572753906 2.094675740740742
1.969362424366000 2203602563.414361953735352 2.099160500000001
1.955221165698000 1564494112.586698293685913 2.104326888888890
3.470430447900000 1491900369.538439273834229 2.108927222222223
3.448366019049000 2000875897.041408300399780 2.114415944444445
3.456080484416000 2148760101.051933765411377 2.118887425925927
3.571797464921000 2138478813.346923112869263 2.123320685185186
1.949198303980000 2227750557.450157165527344 2.127838611111112
1.942476930518000 1570915228.324855566024780 2.133022907407408
3.524414921534000 1489947407.565237998962402 2.137629259259260
1.962641050904000 1648615209.199095010757446 2.153123537037038
3.446221273266000 1477704527.204594135284424 2.159211833333334
1.975378084932000 1716845084.608523130416870 2.170464092592594
2.050018905910000 1820812620.846228599548340 2.180032037037038
3.455006312576000 1476650723.792353868484497 2.189461537037038
3.710657841527000 1961833948.001452207565308 2.194919666666668
3.712965722336000 2138043209.798916101455688 2.199337388888890
3.463794949783000 2113662843.605460166931152 2.203769555555557
3.539839056858000 2129516234.484658956527710 2.208205129629631
3.431870109590000 2182745091.877408504486084 2.212683722222223
3.515608278768000 2148386155.443157196044922 2.217161481481482
3.533225138086000 2182892361.726598739624023 2.221653722222223
3.449438591526000 2193374937.200656414031982 2.226076981481482
1.976083797828000 2148089997.278058528900146 2.230567240740741
1.953825181662000 1546327232.075458049774170 2.235718981481482
3.463794949783000 1491707242.914540052413940 2.240323481481482
1.961940138776000 1963159592.719299077987671 2.245796092592593
1.955919677442000 1558793480.139412879943848 2.250939351851853
1.953825181662000 1492716302.074955701828003 2.255544537037038
3.447294244914000 1491977730.595700502395630 2.260149759259260
1.955919677442000 1963507174.407891273498535 2.265616722222223
1.970767741145000 1551172098.624716281890869 2.270783333333334
3.439582177252000 1492435843.689777374267578 2.275386240740741
1.967956322640000 1961783084.651465892791748 2.280838444444445
1.954523173680000 1558857234.321889162063599 2.285986870370371
3.440651553682000 1492862531.652704000473022 2.290586851851852
1.955221165698000 1961967107.934703350067139 2.296059296296297
3.576173081872000 1558663574.990548610687256 2.301202537037037
1.949198303980000 2033624006.883598089218140 2.306733666666667
1.948502192620000 1936558171.008986234664917 2.321785074074075
3.440651553682000 1482725273.610245943069458 2.328355314814815
3.502367276618000 1705469356.377613544464111 2.338545037037037
3.812131239852000 1747456123.383371114730835 2.349344259259260
3.441721726668000 2163288474.658919334411621 2.358382796296297
3.708349960718000 2158312061.881586074829102 2.362876444444445
3.533225138086000 2138214134.924277305603027 2.367315148148148
3.507898611490000 2182963453.671317577362061 2.371810203703704
1.935064246464000 2177752140.969457626342773 2.376238796296297
3.448366019049000 1564316916.764235258102417 2.381410851851852
3.438511605988000 1954246367.682022333145142 2.386878740740741
3.447294244914000 2138006352.394701957702637 2.391304018518519
3.469350275100000 2138284813.961943864822388 2.395735111111112
3.468271307850000 2137244168.353809595108032 2.400153055555556
3.462718380238000 2138460651.373926639556885 2.404591537037037
1.955221165698000 2138501716.576869964599609 2.409025425925926
1.968659111854000 1558584960.421214580535889 2.414174555555556
3.463794949783000 1492830373.516069889068604 2.418779444444445
3.440651553682000 1958868098.180268049240112 2.424252370370370
3.571797464921000 2138596252.898051500320435 2.428685425925926
1.954523173680000 2228003370.643340587615967 2.433190555555556
3.456080484416000 1571752277.373981714248657 2.438380500000000
3.461640607822000 1962936396.395784378051758 2.443832962962963
1.953825181662000 2137865753.975905656814575 2.448250777777778
3.540939603453000 1559034835.578660964965820 2.453394518518519
1.935755557056000 2041372725.166929960250854 2.458910796296296
1.948502192620000 1571042988.266194820404053 2.464099981481481
3.401021838942000 1493054366.197183132171631 2.468701833333333
1.955919677442000 1868079460.086728096008301 2.474159500000000
1.961239748160000 1489231578.688334465026855 2.489962703703704
1.954523173680000 1482671253.895813226699829 2.496540277777778
1.957315401615000 1825976820.078993797302246 2.507117759259259
3.774719829984000 1656709359.605911254882812 2.517884277777778
3.429734959985000 1751301206.634877204895020 2.528206833333333
3.711811996698000 2148078328.333505630493164 2.532682296296296
3.431870109590000 2138590418.666432857513428 2.537115685185185
1.968659111854000 2105365428.269239664077759 2.541545444444445
1.962641050904000 1558404152.682300329208374 2.546693388888889
1.954523173680000 1492501445.992191553115845 2.551303833333333
1.969362424366000 1492723210.914087057113647 2.555913574074074
3.455006312576000 1491365133.720790147781372 2.560521018518518
3.511173510390000 1962842521.310399293899536 2.565993481481481
3.518890375248000 2186395249.486203193664551 2.571489962962962
3.578399395168000 2193116890.602224826812744 2.575923833333333
3.488022915816000 2237292055.348580837249756 2.580392481481481
3.570687327506000 2159302513.940119743347168 2.584905833333333
3.555263192182000 2227789847.765672206878662 2.589423722222222
1.955221165698000 2203493866.345694065093994 2.593916240740741
1.949198303980000 1565126446.988223552703857 2.599088222222222
1.963340920008000 1492571790.877142190933228 2.603688388888889
1.955919677442000 1490951944.085658073425293 2.608290666666667
1.960539357544000 1492992008.687083959579468 2.612895203703704
3.448366019049000 1492919127.416796207427979 2.617494574074074
1.955221165698000 1962874080.469929218292236 2.622942203703704
1.968659111854000 1558155288.492694854736328 2.628085796296296
3.571797464921000 1493015217.601236104965210 2.632688166666667
1.970064690282000 2042304568.085427284240723 2.638211592592593
3.471509415150000 1559744478.690615415573120 2.643438814814815
3.586111462830000 1657715743.466495513916016 2.658857203703704
1.990946250440000 2232634749.391577720642090 2.664868500000000
3.425222622948000 1823510829.624908447265625 2.674514537037037
2.082881654180000 2102065465.958636760711670 2.684415074074074
2.082881654180000 1840874245.196706056594849 2.694130629629630
3.710657841527000 1491974270.003944873809814 2.698731111111111
3.426287996952000 1961592428.453899860382080 2.704200907407408
3.463794949783000 2130676464.813151597976685 2.708633592592593
3.455006312576000 2113798684.617894887924194 2.713059851851852
3.431870109590000 2137420986.040762662887573 2.717494722222222
1.949198303980000 2138425822.227044105529785 2.721932759259259
1.968659111854000 1558862205.206076860427856 2.727079166666666
3.502367276618000 1491242976.244630813598633 2.731679296296296
1.954523173680000 2000736995.778769731521606 2.737171814814815
3.555263192182000 1564929692.764261484146118 2.742338555555556
3.423092271432000 2042040740.244065761566162 2.747862259259259
3.438511605988000 2158345200.940002918243408 2.752377611111111
3.440651553682000 2138652299.645434379577637 2.756796166666667
3.456080484416000 2138729554.496987581253052 2.761231851851852
3.456080484416000 2138467703.790674448013306 2.765648148148148
3.432937088315000 2138432859.399683952331543 2.770079148148148
3.531027613324000 2138249880.965308904647827 2.774512962962963
1.961940138776000 2183275654.819321632385254 2.779005296296296
1.955221165698000 1564422638.859529972076416 2.784174055555555
3.424158041928000 1493194278.337870836257935 2.788779037037037
3.455006312576000 1963396630.062445163726807 2.794244574074074
3.448366019049000 2138328762.093897581100464 2.798683222222222
1.949198303980000 2138421381.047250270843506 2.803117055555555
1.936445838912000 1557772447.068990230560303 2.808260018518518
1.975378084932000 1492101398.432596683502197 2.812863055555555
3.556368534186999 1403165625.075211286544800 2.817479685185185
1.968659111854000 2126249870.107378005981445 2.832877018518518
1.968659111854000 1693939812.871025562286377 2.839537111111111
1.948502192620000 1672117036.846835374832153 2.850355166666666
2.069443708024000 1487451443.917839050292969 2.859705370370370
2.091092555214000 1477954670.137624025344849 2.869109685185184
3.492479276934000 1491505898.614548921585083 2.873718425925925
2.088854663280000 2131162229.234749317169189 2.878994111111111
1.947806599200000 1559319404.331160783767700 2.884168499999999
1.934373450240000 1469394670.709003925323486 2.888774074074074
1.968659111854000 1492307183.022677659988403 2.893378037037037
3.424158041928000 1492303255.521825790405273 2.897977629629629
1.955919677442000 1962751941.525810956954956 2.903450129629630
1.955919677442000 1557484841.070516347885132 2.908596833333333
3.440651553682000 1492915914.030427455902100 2.913197944444444
1.963340920008000 1962463275.612298965454102 2.918669129629629
3.431870109590000 1558623447.531696796417236 2.923817740740740
3.431870109590000 1961626051.233957767486572 2.929267685185185
3.424158041928000 2137879043.025468111038208 2.933706055555555
3.432937088315000 2132765382.888647556304932 2.938119629629629
3.424158041928000 2138295096.194366455078125 2.942557981481481
3.430801938710000 2138320198.715720176696777 2.946978962962963
3.570687327506000 2138402897.177850246429443 2.951397055555555
3.439582177252000 2228079895.187007427215576 2.955891833333333
3.463794949783000 2158440324.793296813964844 2.960387000000000
3.457155456384000 2138596012.004891872406006 2.964823462962963
3.580625294112000 2138586066.330039739608765 2.969239092592593
3.554156615158000 2227759394.604187965393066 2.973746703703704
1.942476930518000 2247291664.580725669860840 2.978185592592593
3.700640293440000 1571141196.327446699142456 2.983375240740741
1.962641050904000 2001159399.402635335922241 2.988874703703704
3.450510764832000 2013541757.425864219665527 3.003939666666667
1.955221165698000 2081430923.093769311904907 3.010027888888889
1.969362424366000 1710491397.851320028305054 3.020747648148149
2.063461652834000 1668500482.372487068176270 3.031592962962963
3.453930940544000 1662098286.388257265090942 3.042458037037037
3.717216613084000 1961829499.323410034179688 3.047918425925926
3.493566650886000 2136825001.878647565841675 3.052354240740741
3.614709429737001 2175812838.589981555938721 3.056845907407407
1.969362424366000 2102981418.946744203567505 3.061342722222222
3.569575949714000 1558516531.454033613204956 3.066487796296296
1.954523173680000 2040049321.700539350509644 3.071995851851852
3.501278718548000 1571564281.353426933288574 3.077182685185185
1.955919677442000 2000917462.190824508666992 3.082674444444444
3.485854583224000 1565409970.275400161743164 3.087845370370370
3.500188944212000 2001666625.166142463684082 3.093348796296296
1.947806599200000 2193059477.859416007995605 3.097777148148148
1.955221165698000 1564112645.046544075012207 3.102941518518519
1.948502192620000 1488609866.047910690307617 3.107546537037037
3.410854267236000 1491988845.025533199310303 3.112148370370371
3.394364761480000 1963714329.280689477920532 3.117613481481482
3.463794949783000 2138558236.804207563400269 3.122049870370371
1.947806599200000 2138112722.291365861892700 3.126483907407407
3.498011422650000 1558955096.027739286422729 3.131637703703704
3.431870109590000 2001407489.349683284759521 3.137145277777778
1.936445838912000 2148941846.510419368743896 3.141635629629630
3.486938345884000 1558771021.069692134857178 3.146777296296297
1.961239748160000 2001535687.230439186096191 3.152277500000000
3.540939603453000 1565323239.416435003280640 3.157446240740741
3.434004861810000 1872161009.326168298721313 3.162984222222222
1.950589231850000 1627731399.412785530090332 3.179086611111111
1.955221165698000 1475731551.116868495941162 3.185190814814815
3.456080484416000 1796749079.734044313430786 3.196796759259259
2.076904399758000 1705685138.731072664260864 3.206999018518518
3.455006312576000 1478953167.819028615951538 3.216973166666667
3.863745898662000 1962481243.333841323852539 3.222442333333333
3.510081741985000 2270553598.668700695037842 3.226982592592593
3.494652811251000 2206241863.105202674865723 3.231484833333333
3.594940861022000 2164396398.424310684204102 3.235927333333334
3.570687327506000 2236204999.587492942810059 3.240416592592593
3.525510672719000 2248160040.408762931823730 3.244852740740741
3.564082999554000 2203764838.281487941741943 3.249345000000000
1.961239748160000 2237672425.093053817749023 3.253837611111111
1.955919677442000 1560023300.596957445144653 3.259030611111111
1.949198303980000 1492537390.436483383178711 3.263632203703704
1.961239748160000 1492214692.042414665222168 3.268228796296296
1.942476930518000 1493028042.268472433090210 3.272834277777778
3.462718380238000 1492814760.272319078445435 3.277436722222222
3.464872321242000 1963210408.181919813156128 3.282906777777778
3.432937088315000 2177306460.382581233978271 3.287402555555555
3.572908429254000 2148879491.397543430328369 3.291894166666667
3.453930940544000 2226932840.105644702911377 3.296409648148148
1.954523173680000 2159225121.050471782684326 3.300922611111111
1.941783219542000 1558532883.314482450485229 3.306063685185185
3.485854583224000 1492752240.894668817520142 3.310668740740740
3.555263192182000 2001756017.218034505844116 3.316166851851852
3.572908429254000 2238547841.133816719055176 3.320661666666667
1.942476930518000 2248767314.649075508117676 3.325099944444444
3.608124286104000 1571848959.539425611495972 3.330297962962963
1.943169609186000 1897834625.673435449600220 3.335759870370370
3.485854583224000 1489283099.249447822570801 3.350904277777777
3.441721726668000 1859793808.146236658096313 3.358374666666666
1.941783219542000 1875656609.265606403350830 3.368986592592592
3.701792477760000 1821175462.331252574920654 3.378554648148147
3.718372306894000 1946185862.558881998062134 3.388799574074073
1.947806599200000 2137691051.674021005630493 3.393227259259258
3.479223880517000 1558867876.886997699737549 3.398375796296296
3.442791501376000 1918230459.585273027420044 3.403845703703703
3.440651553682000 2136185393.258426666259766 3.408282518518518
1.955919677442000 2126264308.262847900390625 3.412746722222222
1.975378084932000 1558981385.457411289215088 3.417893037037037
1.947806599200000 1492199319.541857004165649 3.422497777777778
3.549757834680000 1492347191.689817667007446 3.427097222222222
3.425222622948000 2040542920.675014972686768 3.432610407407407
3.423092271432000 2159112324.505818367004395 3.437110925925926
3.431870109590000 2138230169.900472640991211 3.441531814814815
3.448366019049000 2138398732.452812671661377 3.445949796296296
3.494652811251000 2133358871.643592119216919 3.450369203703703
1.949198303980000 2177085902.757189273834229 3.454866537037037
3.411914447552000 1564916504.979487657546997 3.460039611111111
1.941783219542000 1963658824.366107940673828 3.465507740740740
3.470430447900000 1558939556.285238981246948 3.470651185185185
1.970064690282000 2000759754.672307014465332 3.476149500000000
1.955221165698000 1565428254.668747663497925 3.481310888888888
1.936445838912000 1492898628.352213144302368 3.485916055555555
1.948502192620000 1492852923.780132055282593 3.490518481481481
1.961940138776000 1492637464.923687696456909 3.495118240740740
3.403137402378000 1492698353.395869255065918 3.499718055555555
1.955919677442000 1959220930.271941661834717 3.505185592592592
3.502367276618000 1935509297.441441297531128 3.520157851851851
3.461640607822000 1989954538.380935430526733 3.527297777777777
1.961239748160000 1694763681.075149536132812 3.538081462962962
3.720684985792000 1488242531.349831581115723 3.547941814814814
3.493566650886000 2113399442.746951341629028 3.557984462962962
2.104540095762000 2148038021.183348655700684 3.562476111111111
2.149303833600000 1558718671.208192110061646 3.567624759259259
3.600414618826000 1487558287.194259881973267 3.573230462962963
3.510081741985000 1948369700.008809328079224 3.578696055555555
3.463794949783000 2182187321.276042461395264 3.583183888888888
3.449438591526000 2148534669.401534557342529 3.587670981481481
1.948502192620000 2137488024.703755855560303 3.592096759259258
3.461640607822000 1556993160.872555971145630 3.597238740740740
3.464872321242000 1962750180.797137260437012 3.602692981481480
1.956617149734000 2138526559.682051897048950 3.607128833333332
1.960539357544000 1557514144.065325260162354 3.612272333333332
3.471509415150000 1492986318.987830162048340 3.616879962962962
1.955919677442000 1963037586.196390867233276 3.622350351851851
1.962641050904000 1558955043.934581995010376 3.627498999999999
3.610369791756000 1492145430.866073369979858 3.632105999999999
3.571797464921000 2082131279.187071323394775 3.637649740740740
1.968659111854000 2258504242.965609550476074 3.642127740740740
3.470430447900000 1571593474.433094024658203 3.647323259259258
3.424158041928000 1962284185.827614307403564 3.652792685185184
1.953127189644000 2138612548.898453950881958 3.657228370370369
1.964041571380000 1558733623.164393186569214 3.662369722222221
1.955919677442000 1492833185.968748092651367 3.666977425925924
1.968659111854000 1492707045.616235017776489 3.671584703703702
3.478142515562000 1492138283.354065656661987 3.676184759259258
3.450510764832000 1997689663.536038160324097 3.681682018518517
3.431870109590000 2147386858.063957691192627 3.686173999999999
1.982097058010000 2112573175.886677980422974 3.700412018518517
3.470430447900000 1467177806.212735891342163 3.706533851851851
3.456080484416000 1914045652.957430601119995 3.717632074074073
1.949893379460000 2093024803.672275304794312 3.726531592592591
2.074680347538000 1487233271.042900800704956 3.733517981481480
3.742679456130000 1470461114.450657367706299 3.740049018518517
3.593823530492000 2001151709.848756074905396 3.745536833333332
3.841803752766000 2235911798.995637416839600 3.750032037037035
1.964041571380000 2190477205.184686660766602 3.754462462962961
3.594940861022000 1566961932.085813283920288 3.759652018518516
3.525510672719000 2041034354.496042490005493 3.765178277777776
1.955919677442000 2203824069.682559967041016 3.769668481481479
1.941783219542000 1564708751.608290195465088 3.774835574074072
1.954523173680000 1492651728.228741407394409 3.779440481481479
3.447294244914000 1484192214.842483282089233 3.784066092592590
3.525510672719000 1962995365.891608953475952 3.789540796296294
1.968659111854000 2183182332.825182437896729 3.794035425925923
3.446221273266000 1565357985.685730934143066 3.799205092592590
1.955221165698000 1962017357.938972949981689 3.804678092592590
3.456080484416000 1558811026.371008157730103 3.809823333333331
1.963340920008000 2002091611.378714799880981 3.815324833333331
3.501278718548000 1564515856.645610570907593 3.820496166666664
3.532126989196000 2001447670.370258331298828 3.826001333333330
1.955919677442000 2193085339.662218093872070 3.830433296296293
1.961239748160000 1565129369.201561689376831 3.835603111111108
1.949198303980000 1492291185.116578817367554 3.840201814814812
3.445149499131000 1491781110.748831510543823 3.844802314814812
1.969362424366000 1963468610.191993236541748 3.850270296296293
3.502367276618000 1556573518.148967027664185 3.855420574074071
3.417508157581000 1670870195.859945058822632 3.870909722222219
1.943169609186000 2132685040.422470092773438 3.876867629629626
1.935064246464000 1820276047.608440876007080 3.886428648148145
3.656656583958000 1488129779.424865484237671 3.895782981481478
3.502367276618000 2093189418.403262853622437 3.905726870370367
2.090347146682000 2182498998.887652873992920 3.910221870370367
1.943863062085000 1564983210.631238698959351 3.915395999999997
3.417508157581000 1491771482.371117830276489 3.919998611111108
3.500188944212000 1935813443.564563989639282 3.925473074074071
3.426287996952000 2182081834.142311096191406 3.929955944444441
3.479223880517000 2148423817.283909797668457 3.934433240740738
1.962641050904000 2182956618.464961051940918 3.938928240740738
1.955919677442000 1563730752.842180728912354 3.944099999999997
1.941783219542000 1492937009.299911022186279 3.948701796296293
1.948502192620000 1492750161.056530714035034 3.953301055555552
1.982805171290000 1492372938.223130464553833 3.957904240740738
1.929722068638000 1492587734.289861917495728 3.962509370370367
1.935064246464000 1492516364.866061687469482 3.967109333333330
3.494652811251000 1487351205.117572784423828 3.971709314814812
3.430801938710000 2001447837.150127172470093 3.977211314814812
1.947111005780000 2148973378.918412685394287 3.981701629629626
3.401021838942000 1558743770.677314996719360 3.986840111111108
3.556368534186999 1961591171.587749242782593 3.992294722222219
3.508990786210000 2227792822.400420665740967 3.996802574074071
3.510081741985000 2203904562.571586132049561 4.001297277777774
3.461640607822000 2193462104.525430679321289 4.005736388888885
3.445149499131000 2148727711.142874717712402 4.010206111111107
3.439582177252000 2138452774.239355325698853 4.014640092592589
1.947806599200000 2138586397.358126640319824 4.019075777777774
1.969362424366000 1469372488.941633462905884 4.024225222222218
3.461640607822000 1949770454.145601511001587 4.040961166666662
3.463794949783000 2021869158.821576595306396 4.047041481481477
3.440651553682000 1763912095.925784111022949 4.056335703703700
3.431870109590000 2132938328.624554157257080 4.065164759259255
3.695228910793000 2133071766.781561136245728 4.073991962962959
2.096319600336000 2115648554.205293178558350 4.080160555555551
1.962641050904000 1558023082.932237863540649 4.085304648148144
2.103038573414000 1487854647.071832180023193 4.089910296296292
1.943169609186000 1464729221.099779605865479 4.094524351851848
1.961940138776000 1485325578.681816577911377 4.099126925925922
3.427352974464001 1492369133.355889558792114 4.103724481481478
3.609247665816000 1962049748.008453845977783 4.109192037037033
3.592704951548000 2227786728.610779762268066 4.113696296296292
1.961940138776000 2248192604.025445938110352 4.118135648148145
1.968659111854000 1571147850.921033859252930 4.123323055555552
3.501278718548000 1492702546.016715764999390 4.127922833333330
1.954523173680000 2001193153.507413387298584 4.133423351851849
3.526607240106000 1565486386.759332418441772 4.138592611111108
1.955221165698000 2001648363.778319358825684 4.144095351851848
3.463794949783000 1565663423.503548622131348 4.149259111111108
3.586111462830000 1955669743.756213188171387 4.154735666666663
3.579511930288000 2227172091.422672271728516 4.159255981481477
3.424158041928000 2248512374.245472908020020 4.163673759259255
3.453930940544000 2158314634.236773014068604 4.168168925925921
3.516702853872000 2138802761.745148658752441 4.172599833333329
1.969362424366000 2183235400.986244678497314 4.177094999999995
3.448366019049000 1565190954.665748596191406 4.182259111111106
3.456080484416000 1963199170.925494909286499 4.187727055555551
2.090347146682000 2137573915.119830131530762 4.192147666666662
3.464872321242000 1555943422.730783700942993 4.197302203703699
3.455006312576000 1655662268.642040491104126 4.212745444444439
1.956617149734000 2067299926.746348142623901 4.218660962962958
3.526607240106000 1488008972.298029661178589 4.228567999999995
3.668660316748000 2089491551.319052696228027 4.238507092592587
2.029129869556000 1716143228.442266225814819 4.249358444444439
3.462718380238000 1558637733.118797540664673 4.254503055555551
2.091092555214000 1955595303.966106891632080 4.259944999999996
1.961239748160000 1558137660.010148525238037 4.265090796296292
3.510081741985000 1491865211.768769264221191 4.269701870370366
1.962641050904000 1971288915.625399112701416 4.275212129629625
3.610369791756000 1552030095.112588167190552 4.280383388888884
1.956617149734000 2081414468.431935071945190 4.285927259259255
3.453930940544000 1577677489.454173564910889 4.291142592592588
1.967253533426000 1962037901.535899162292480 4.296612907407403
3.532126989196000 1558160544.051150798797607 4.301756759259255
1.935755557056000 2001849913.350719451904297 4.307259999999996
1.955919677442000 1564788770.944316864013672 4.312429129629625
3.516702853872000 1492959117.221418142318726 4.317035796296292
3.448366019049000 2002340122.734062671661377 4.322540018518514
1.961239748160000 2148775538.654436588287354 4.327029944444440
1.928345273386000 1558130149.408411741256714 4.332176166666661
3.448366019049000 1493104446.242858409881592 4.336775555555550
3.457155456384000 1961978125.243306636810303 4.342246092592587
3.457155456384000 2138352179.759466409683228 4.346666814814809
3.471509415150000 2138370714.043227195739746 4.351085314814809
3.524414921534000 2138785440.388969421386719 4.355518685185180
1.934373450240000 2182644107.418458938598633 4.360018222222217
3.416445974266000 1565462645.141394138336182 4.365182407407402
3.624671801140000 1962492669.694291353225708 4.370650574074069
1.962641050904000 2057714869.787872076034546 4.375098444444439
3.526607240106000 1491738977.913628578186035 4.390238499999994
1.955221165698000 2124097742.476179122924805 4.396370259259253
1.961239748160000 1810117645.395885467529297 4.406851222222216
2.084368784940000 1486351758.933274269104004 4.416203481481475
2.090347146682000 1817014046.748218536376953 4.426841240740734
3.461640607822000 1492139183.566820144653320 4.431447999999993
2.098564966680000 1959948815.050085544586182 4.436905333333327
3.479223880517000 1533043848.539408922195435 4.445020388888882
3.601535598154000 1931358676.025360822677612 4.450476462962956
3.525510672719000 2227152092.986985206604004 4.454988444444438
3.478142515562000 2202984066.852367877960205 4.459475944444438
3.514514925288000 2146162811.590482950210571 4.463948962962956
1.955919677442000 2183245931.060599803924561 4.468447814814808
3.501278718548000 1562025338.085415840148926 4.473628129629622
3.555263192182000 2001965753.632114171981812 4.479130740740733
3.508990786210000 2237946212.893875122070312 4.483615499999993
3.488022915816000 2202878583.898406505584717 4.488102518518511
1.961940138776000 2193577551.966520786285400 4.492536462962955
3.462718380238000 1565613443.151298046112061 4.497707759259252
3.462718380238000 1963227077.385729551315308 4.503176037037030
1.955919677442000 2138598370.578256130218506 4.507597055555549
3.534324104964000 1558061399.398836612701416 4.512735240740734
3.508990786210000 2041809500.137712240219116 4.518248611111105
3.438511605988000 2203761688.980432510375977 4.522743981481475
1.942476930518000 2148729259.208849430084229 4.527233925925920
3.502367276618000 1551391243.610729932785034 4.532403907407401
1.970767741145000 2002176572.584853649139404 4.537904111111104
1.948502192620000 1565954145.631867885589600 4.543072648148142
3.479223880517000 1492770886.366103887557983 4.547677592592586
3.502367276618000 1963736480.042208671569824 4.553153037037030
3.471509415150000 2231190737.367821693420410 4.567539796296289
1.962641050904000 2083329780.649205923080444 4.574510703703697
3.439582177252000 1488097973.421368122100830 4.584417018518512
3.741515702995000 1705817209.813786029815674 4.594639222222216
2.076904399758000 1736456541.530461072921753 4.605521685185178
3.404195184096000 1564832365.466511726379395 4.610687685185178
1.956617149734000 1956919138.990973234176636 4.616154999999993
1.961239748160000 1520293524.631701469421387 4.621307574074067
1.982805171290000 1491817219.759111881256104 4.625906296296289
1.954523173680000 1492120138.497463464736938 4.630505925925919
3.457155456384000 1492612878.705614089965820 4.635110425925919
3.456080484416000 1962015780.459957599639893 4.640560203703697
3.423092271432000 2138445150.953787565231323 4.644998648148142
1.955919677442000 2138152685.568759202957153 4.649419740740734
1.962641050904000 1558406173.982925415039062 4.654558388888883
3.447294244914000 1488359100.619138956069946 4.659161555555549
3.448366019049000 1962373233.833204030990601 4.664630870370364
3.578399395168000 2138392123.495806455612183 4.669049074074068
1.962641050904000 2227990020.066999912261963 4.673543277777772
1.949198303980000 1571398439.423293113708496 4.678733666666661
1.949198303980000 1492627213.836807250976562 4.683333314814809
3.512264872480000 1492991233.925512313842773 4.687938611111106
1.955221165698000 2001528933.101352691650391 4.693441407407402
3.517796207352000 1564893484.620094299316406 4.698613499999994
3.516702853872000 2000055893.959324121475220 4.704104055555550
3.440651553682000 2193607895.033459663391113 4.708540037037031
3.440651553682000 2147645344.009122371673584 4.713022314814809
3.471509415150000 2138690692.195879697799683 4.717455870370365
3.478142515562000 2056625269.595471143722534 4.721894962962958
3.472589186100000 1627152754.024988889694214 4.737899148148143
3.463794949783000 1847785927.417108774185181 4.744881203703699
3.502367276618000 1727743159.824761152267456 4.756475962962958
2.097068520144000 2155865975.523036003112793 4.765382296296291
1.968659111854000 1635667860.208738088607788 4.775219185185180
3.688661402124000 1491804475.342168092727661 4.779822185185180
1.975378084932000 1961997862.783944606781006 4.785280999999995
3.618084257123000 1553695188.725093126296997 4.790425166666662
3.539839056858000 2038865853.413183450698853 4.795947870370365
3.456080484416000 2213491197.674609661102295 4.800458462962958
1.954523173680000 2149004467.277194499969482 4.804935462962957
1.961239748160000 1558377966.248128175735474 4.810079759259254
1.942476930518000 1492363498.172254323959351 4.814684703703698
2.030578622748000 1492510526.252219438552856 4.819284314814809
1.961940138776000 1492075336.164331674575806 4.823893777777772
1.947111005780000 1491390576.841936111450195 4.828502203703698
1.941783219542000 1492529016.375638008117676 4.833105925925920
3.427352974464001 1490926262.069298505783081 4.837707055555549
3.431870109590000 1962832636.153190135955811 4.843178833333328
3.556368534186999 2138302565.931645154953003 4.847592074074068
1.934373450240000 2227148274.966933250427246 4.852086351851846
3.441721726668000 1532043549.668496847152710 4.857284333333328
1.962641050904000 1947400120.663241147994995 4.862747962962958
3.516702853872000 1558756649.113032341003418 4.867899722222218
3.438511605988000 2000883154.967556953430176 4.873393703703699
3.478142515562000 2148730890.398232460021973 4.877878796296292
1.968659111854000 2183139898.125425338745117 4.882368703703699
1.954523173680000 1565405014.609831571578979 4.887540259259255
3.438511605988000 1491945656.897300958633423 4.892142703703699
1.955221165698000 1905286608.154448032379150 4.898272055555551
3.446221273266000 1934379002.280748128890991 4.913252518518513
1.936445838912000 2069324526.218058109283447 4.919355888888884
3.510081741985000 1845717180.106401205062866 4.929746351851847
2.069443708024000 2128748420.938744068145752 4.939673722222217
3.709504545422000 1869024990.078759193420410 4.949379796296292
2.096319600336000 1961663050.401832342147827 4.954845499999995
1.962641050904000 1552517760.846621990203857 4.959969129629624
3.493566650886000 1492506998.182081460952759 4.964573499999995
3.496826345568000 1978914664.685694217681885 4.970082703703699
3.464872321242000 2144579030.043661594390869 4.974574314814809
1.969362424366000 2138150628.982192516326904 4.978995037037032
3.407672936876000 1557165896.379952192306519 4.984143833333328
3.448366019049000 1962814988.004716634750366 4.989608944444440
1.955221165698000 2138229592.840077638626099 4.994034814814810
3.523317946046000 1558533272.427101373672485 4.999183388888884
3.479223880517000 2000940145.169919967651367 5.004686518518514
1.955221165698000 2148861106.744873046875000 5.009163444444440
1.962641050904000 1558861032.090542554855347 5.014312648148143
3.441721726668000 1492713121.057060003280640 5.018912407407402
3.517796207352000 1962494712.656124830245972 5.024384944444440
1.935755557056000 2177315632.539437294006348 5.028875222222218
3.410854267236000 1565185600.269260883331299 5.034047129629625
3.618084257123000 1962828263.275272130966187 5.039519222222218
1.929034183594000 2271735627.305670738220215 5.044057148148144
3.423092271432000 1577889878.306389093399048 5.049264518518514
1.955221165698000 1962978211.886025190353394 5.054738111111106
3.439582177252000 1558950328.730743169784546 5.059884166666662
3.525510672719000 1959652346.036590576171875 5.065357148148143
1.948502192620000 2016777114.068014144897461 5.069812092592588
1.968659111854000 1931510724.173588275909424 5.084801592592588
3.485854583224000 1483397008.424358129501343 5.091383037037033
3.464872321242000 1725101676.705192804336548 5.101621370370366
3.817473492690000 1695226491.485321283340454 5.112406666666662
3.686368342436000 1745023711.999564647674561 5.123293481481477
1.957315401615000 2157015783.623564243316650 5.127791814814811
1.962641050904000 1552761873.559907913208008 5.132935518518514
3.464872321242000 1487877692.261318683624268 5.137543203703699
1.962641050904000 1962491890.082468509674072 5.143020037037033
3.422027690412000 1557798614.584645271301270 5.148166240740736
3.525510672719000 1963500945.833248615264893 5.153628796296292
1.961239748160000 2183159702.365747451782227 5.158123499999996
3.578399395168000 1565107422.021998405456543 5.163290555555552
1.961940138776000 2040682534.943865060806274 5.168811314814811
3.446221273266000 1571078191.121165037155151 5.174001351851849
3.548654068820000 1954284870.344305038452148 5.179474537037033
3.555263192182000 2226489824.811233043670654 5.183948018518515
1.963340920008000 2248305436.340614318847656 5.188379444444441
3.565191564396000 1571552716.088632345199585 5.193563574074070
1.954523173680000 2041908230.553385972976685 5.199087481481477
3.564082999554000 1571139708.402353286743164 5.204274740740737
3.453930940544000 2040799315.089148759841919 5.209801277777774
3.494652811251000 2158995671.956497669219971 5.214306777777773
1.949893379460000 2183038909.478097915649414 5.218793925925922
1.941783219542000 1564659624.674508571624756 5.223949944444440
3.386650296113000 1493015681.019809484481812 5.228552111111107
3.425222622948000 1962280325.621541023254395 5.234023129629625
1.983512230830000 2012148443.184227705001831 5.238477259259255
1.967253533426000 1932081822.057723999023438 5.253462351851847
3.472589186100000 1482637547.611658096313477 5.260025870370366
3.519984135936000 2156930117.171385288238525 5.269946444444439
3.718372306894000 2155324456.824512481689453 5.278921444444440
3.755776951394000 1866523223.310252666473389 5.289613925925921
3.616959733478000 2182063565.314476966857910 5.294092259259254
1.940396829898000 2193070341.721744060516357 5.298533277777772
1.935064246464000 1536457283.897623062133789 5.303710222222216
1.948502192620000 1461842499.798922300338745 5.308315037037032
1.955221165698000 1455243701.956605195999146 5.313041666666662
1.949198303980000 1465165555.233400821685791 5.317640333333328
3.432937088315000 1492366359.076586723327637 5.322248037037031
1.941090024720000 1962402092.472928762435913 5.327710296296290
1.935064246464000 1556750917.188416957855225 5.332853833333328
1.955221165698000 1492715744.824699640274048 5.337455462962957
1.935755557056000 1492570164.562669038772583 5.342055759259253
3.408733906604000 1492642136.646562576293945 5.346658333333327
1.941090024720000 1961912874.117631196975708 5.352125518518512
1.943169609186000 1558707074.780454635620117 5.357268722222216
1.947806599200000 1486404851.556842803955078 5.361872055555549
3.424158041928000 1492533136.859396457672119 5.366471666666660
1.935064246464000 1962225673.721304655075073 5.371926444444438
3.447294244914000 1558070942.221645832061768 5.377066777777771
3.438511605988000 1963041049.891510486602783 5.382537537037030
1.941090024720000 2138180452.701599359512329 5.386961185185179
3.455006312576000 1558434041.910026311874390 5.392107129629623
1.943863062085000 1962575022.723881244659424 5.397567203703697
1.949198303980000 1556951170.722581148147583 5.402714388888882
1.955919677442000 1969099807.524180650711060 5.418791444444438
1.928345273386000 1661545762.251439809799194 5.425608481481476
3.461640607822000 1822352649.352127790451050 5.437322037037031
2.097816325488000 2107794743.274450302124023 5.447201444444438
1.937136892320000 1840261375.592796564102173 5.456916851851846
2.095571237760000 1491863409.574275732040405 5.461522944444438
3.835281834426000 1486907853.125075340270996 5.466125499999993
3.398905881693000 2041650387.256855249404907 5.471655851851845
1.976083797828000 2120855246.234908342361450 5.477012074074067
1.960539357544000 1558525458.292422294616699 5.482161018518512
3.438511605988000 1492618395.507840156555176 5.486768222222215
3.416445974266000 1961387771.744670391082764 5.492218259259253
3.486938345884000 2133319210.712944746017456 5.496657333333327
3.525510672719000 2182781351.106777191162109 5.501138981481475
3.571797464921000 2192784026.602881908416748 5.505582944444438
3.625798722490000 2237877029.808331012725830 5.510072740740734
3.478142515562000 2292937759.370367527008057 5.514557425925918
3.469350275100000 2168383256.292990207672119 5.519088481481474
3.439582177252000 2138708370.250254869461060 5.523519518518511
1.970767741145000 2137764360.681638717651367 5.527950018518511
1.954523173680000 1558735325.852395534515381 5.533098907407400
1.947806599200000 1492878272.519885778427124 5.537701629629622
1.962641050904000 1492747703.208663702011108 5.542301444444436
3.453930940544000 1492534840.728672981262207 5.546899351851843
1.949893379460000 1962146075.131505489349365 5.552373703703696
3.517796207352000 1558866253.927984476089478 5.557512518518510
1.955221165698000 2002314766.896041154861450 5.563015944444436
3.559686206894000 1564197531.217882394790649 5.568187185185177
1.968659111854000 1994292737.392171621322632 5.574721925925918
1.954523173680000 1979485023.870172977447510 5.590323296296288
3.464872321242000 1482150501.672240972518921 5.596901296296288
3.462718380238000 1920835095.457076549530029 5.606944592592584
2.062724734946000 2109567102.089907407760620 5.615905648148140
1.954523173680000 1480159683.141497850418091 5.625859851851844
3.763489019056000 1492203575.334534168243408 5.630465481481474
3.440651553682000 1995321183.957975387573242 5.635964925925919
3.831704637166000 2147028540.759242773056030 5.640450388888882
3.416445974266000 2194459503.996720314025879 5.644967981481474
3.448366019049000 2157359982.217611789703369 5.649466814814807
1.961940138776000 2138157331.250287055969238 5.653900018518510
3.540939603453000 1558367004.118545055389404 5.659043870370362
3.471509415150000 2000987230.179543972015381 5.664551648148140
1.955919677442000 2148887152.026317119598389 5.669043925925918
1.949893379460000 1558731269.924655199050903 5.674190629629622
1.961239748160000 1492281433.224755525588989 5.678795629629621
3.448366019049000 1492612522.769952058792114 5.683400870370362
1.953825181662000 1952787955.491206407546997 5.688887925925918
1.955221165698000 1558838549.446594238281250 5.694032833333325
3.471509415150000 1486979258.818420171737671 5.698638092592584
3.440651553682000 2001121040.750621557235718 5.704142666666658
1.941090024720000 2149023544.010588645935059 5.708619703703695
3.502367276618000 1558754584.251746892929077 5.713753018518510
3.546446947880000 2001863412.857402801513672 5.719244018518510
3.448366019049000 2233407713.509972572326660 5.723738777777769
3.429734959985000 2158008609.016077041625977 5.728251703703696
3.447294244914000 2138585736.077734947204590 5.732682722222214
1.969362424366000 2138384094.322808027267456 5.737108814814807
3.502367276618000 1558551355.245385169982910 5.742250018518511
3.471509415150000 1996791490.764505863189697 5.747755148148141
1.968659111854000 2108881082.542857646942139 5.762067129629622
1.949198303980000 1479844279.054551362991333 5.768180629629621
3.442791501376000 1756735893.091211318969727 5.776869240740733
3.507898611490000 1740719765.498388290405273 5.787084759259251
2.079907392660000 2155264968.296534061431885 5.795951648148140
3.781263780420000 1703446506.079278230667114 5.802906055555548
3.485854583224000 1999237062.495994567871094 5.808396481481473
3.786625222041999 2148755376.055161952972412 5.812876222222214
3.546446947880000 2178343971.265623569488525 5.817366907407400
1.961239748160000 2142595177.077994346618652 5.821810962962955
1.982097058010000 1559687910.390111923217773 5.826988962962955
3.418571132094000 1491805368.561082601547241 5.831596722222214
3.464872321242000 1961683275.867329835891724 5.837058888888881
3.470430447900000 2138270334.918190479278564 5.841471796296288
3.586111462830000 2137824930.317301750183105 5.845903259259251
3.510081741985000 2227856472.556949138641357 5.850418333333326
1.955919677442000 2203102922.952363491058350 5.854901370370363
3.486938345884000 1564647735.256584882736206 5.860067518518511
3.425222622948000 2002663783.521613359451294 5.865565629629621
3.456080484416000 2148797193.961815357208252 5.870050666666659
3.457155456384000 2138180909.182037115097046 5.874484444444437
1.969362424366000 2138431775.724369525909424 5.878915499999992
1.969362424366000 1554859472.947039127349854 5.884058703703696
3.457155456384000 1491968463.828759908676147 5.888661296296289
1.941090024720000 1963303872.492904901504517 5.894129111111104
1.948502192620000 1558507107.264243364334106 5.899272518518512
1.955221165698000 1492546301.955990314483643 5.903877555555549
3.470430447900000 1492147314.598598957061768 5.908477185185179
1.942476930518000 1963577376.494786739349365 5.913942166666661
3.448366019049000 1558589095.983828783035278 5.919090796296290
3.463794949783000 1959463740.283493518829346 5.924558296296290
3.456080484416000 2135093223.563326597213745 5.938819314814809
3.446221273266000 2126538256.227757930755615 5.944730722222216
3.462718380238000 2132430238.429995298385620 5.953568629629624
2.082881654180000 2092325070.900090932846069 5.962416499999994
3.787802495197000 1477686227.531564474105835 5.972387277777773
2.109757546492000 2000953650.182693958282471 5.977891314814809
3.616959733478000 1559815279.508443117141724 5.983063092592587
1.976083797828000 1914373787.888028383255005 5.988528759259254
3.493566650886000 1558176665.394777536392212 5.993673240740736
3.439582177252000 1962552863.801455020904541 5.999144148148144
1.976083797828000 2138005640.190963029861450 6.003570055555551
1.962641050904000 1557049432.371067047119141 6.008708388888884
3.609247665816000 1491827370.048433780670166 6.013308037037032
3.479223880517000 2040579512.234460830688477 6.018819185185181
3.494652811251000 2159050999.004696846008301 6.023321814814810
1.968659111854000 2182875152.862701416015625 6.027819314814811
1.955221165698000 1564540770.594873428344727 6.032988481481477
3.495739780674000 1492893755.963620424270630 6.037588129629626
1.954523173680000 2001716574.892649650573730 6.043086740740737
3.516702853872000 1564827681.095548868179321 6.048255129629625
1.961239748160000 2001860318.531515836715698 6.053743277777774
1.955221165698000 1558264164.926707983016968 6.058940648148145
1.974672897120000 1492562854.193693399429321 6.063551407407404
1.961940138776000 1491895142.022829771041870 6.068155518518515
3.460564038277000 1493086540.357201814651489 6.072758166666663
3.430801938710000 1962161496.629121780395508 6.078213388888885
1.947806599200000 2138395764.228761434555054 6.082651777777774
1.962641050904000 1447398280.657941579818726 6.087798018518515
1.949198303980000 1488857610.322948455810547 6.103383574074071
1.949893379460000 1480485128.681908369064331 6.109956629629626
3.431870109590000 1487485069.840364933013916 6.119311296296293
3.669801624328000 2070454436.243777513504028 6.129176999999997
3.447294244914000 1878460890.328769445419312 6.139871759259256
3.741515702995000 2136744807.022525787353516 6.144306166666663
3.457155456384000 2183320900.417043209075928 6.148795444444441
3.384543935042000 2148644900.382146835327148 6.153287611111108
3.571797464921000 2078132953.181272506713867 6.157730277777775
3.578399395168000 2227148130.088629722595215 6.162249703703701
3.447294244914000 2239603522.060847759246826 6.166689444444441
1.955221165698000 2158801662.507657051086426 6.171194018518515
1.949198303980000 1557758204.944399833679199 6.176334888888886
1.955919677442000 1492768773.072572231292725 6.180934907407404
3.503456645532000 1492621889.946374177932739 6.185534685185182
3.463794949783000 2002324925.311301231384277 6.191032814814812
3.455006312576000 2148559229.547750949859619 6.195522722222219
3.462718380238000 2132113198.400193929672241 6.199953814814812
3.429734959985000 2138424119.721984624862671 6.204390018518516
1.948502192620000 2138524944.303987503051758 6.208828796296293
3.439582177252000 1558558374.647613525390625 6.213972296296293
3.517796207352000 1963429619.394037961959839 6.219440185185182
3.556368534186999 2183423494.586861610412598 6.223931999999997
3.453930940544000 2237472266.675465583801270 6.228421851851849
1.955221165698000 2159240715.302067756652832 6.232937944444441
1.968659111854000 1558700565.012415885925293 6.238083685185182
1.943169609186000 1492808676.186304092407227 6.242691444444441
3.501278718548000 1492765157.737088918685913 6.247291222222219
3.470430447900000 2000852740.720726728439331 6.252774370370367
1.962641050904000 2069615952.009558439254761 6.257238222222218
1.953825181662000 1969705476.258034467697144 6.272249148148145
3.457155456384000 1483524154.378535509109497 6.278826055555553
1.957315401615000 1739468020.046945571899414 6.289042814814812
2.076162681102000 1633810601.206557989120483 6.298782796296294
3.424158041928000 1665536612.353009223937988 6.309661537037035
3.710657841527000 1961653761.795805692672729 6.315132722222220
3.575129531002000 2138393060.400220155715942 6.319571018518516
3.471509415150000 2091014108.036318540573120 6.324005055555554
1.967956322640000 2121403691.418162822723389 6.328437759259257
3.478142515562000 1558486399.803961038589478 6.333576574074072
3.453930940544000 1963144303.917517185211182 6.339043944444442
1.954523173680000 2138572907.852516889572144 6.343464796296294
3.479223880517000 1557643461.808746337890625 6.348603407407404
1.942476930518000 1963055746.721578121185303 6.354071259259256
1.955221165698000 1558325904.429978847503662 6.359214666666664
1.949893379460000 1492845904.197348117828369 6.363819425925923
3.554156615158000 1492002270.421718835830688 6.368419648148145
3.455006312576000 2041360712.020377874374390 6.373937592592590
3.431870109590000 2159058361.096978664398193 6.378450999999997
3.611492753544000 2138517767.133936882019043 6.382881777777775
3.615833953382000 2271365593.898811340332031 6.387420055555553
3.457155456384000 2303647080.988746166229248 6.391843166666664
3.479223880517000 2213176926.147376060485840 6.396343370370368
1.947806599200000 2148709542.900318145751953 6.400828574074072
1.956617149734000 1558900389.894397735595703 6.405977166666665
1.955221165698000 1492730673.597643852233887 6.410579870370368
1.949198303980000 1492750389.506866216659546 6.415179703703702
1.949198303980000 1492469486.592136144638062 6.419779685185183
3.474747924300000 1480263638.688639879226685 6.424413833333332
3.555263192182000 1656298562.413184642791748 6.439825462962961
3.447294244914000 2209679652.581665515899658 6.445812481481480
3.485854583224000 1886709793.326277256011963 6.456450111111109
2.103038573414000 2133009047.650961637496948 6.465292185185183
3.485854583224000 1622226962.921543598175049 6.475095222222221
2.076904399758000 2000260525.085670232772827 6.480601907407406
2.075421514320000 1565664297.199253559112549 6.485773148148147
3.578399395168000 1492548134.922549724578857 6.490378259259258
3.471509415150000 1920808022.922636032104492 6.495845925925925
1.961940138776000 2135579785.615116119384766 6.500287574074074
3.456080484416000 1558923303.282993555068970 6.505435314814815
1.935755557056000 1961981904.771575689315796 6.510906370370370
3.431870109590000 1557458546.118050813674927 6.516051981481481
3.510081741985000 1958676687.239377260208130 6.521509888888889
1.964041571380000 2177514676.021461009979248 6.525996925925925
3.635773087776000 1565494562.707009315490723 6.531168685185184
1.955221165698000 2080998086.066967725753784 6.536722499999999
1.941090024720000 1578107492.689020633697510 6.541940425925925
1.955919677442000 1492781030.854834556579590 6.546543222222222
3.479223880517000 1492822974.131166934967041 6.551145500000000
3.432937088315000 2001320815.288167476654053 6.556648666666666
1.948502192620000 2148605152.131831169128418 6.561125777777777
3.426287996952000 1558690022.585072040557861 6.566266833333333
1.948502192620000 1962559306.513643980026245 6.571727166666666
1.949198303980000 1548564559.446960210800171 6.577877685185185
1.929722068638000 1492765106.177606105804443 6.582482129629629
3.439582177252000 1492820823.917535781860352 6.587079407407407
3.600414618826000 1962145629.885290861129761 6.592552185185185
1.962641050904000 2178584011.587237358093262 6.597052666666666
3.434004861810000 1973131865.010460615158081 6.612047518518518
1.947806599200000 1783901158.712232351303101 6.619491925925926
3.453930940544000 1487876648.734621286392212 6.629388685185186
3.678656274774000 1740106560.904786825180054 6.639586296296296
3.440651553682000 2119660587.816485166549683 6.648481740740741
3.828754674176000 2137954249.485233545303345 6.652915611111111
1.963340920008000 2227849837.858668327331543 6.657432703703704
1.962641050904000 1531339860.867952823638916 6.662626277777778
1.948502192620000 1492016972.465994834899902 6.667230685185185
1.962641050904000 1492467258.074893712997437 6.671835722222222
1.949893379460000 1491416609.659324169158936 6.676437685185185
1.955221165698000 1492765741.206788778305054 6.681036666666667
3.439582177252000 1492582632.715342044830322 6.685642388888889
3.463794949783000 1962573497.332744598388672 6.691092574074074
3.478142515562000 2138189988.352724790573120 6.695528518518518
3.523317946046000 2138079434.372916221618652 6.699944462962963
1.941783219542000 2182123093.569448947906494 6.704428555555555
1.962641050904000 1565400068.742794513702393 6.709600814814815
1.948502192620000 1488230375.756015777587891 6.714205851851852
3.450510764832000 1492807256.436804294586182 6.718802537037037
3.572908429254000 1962215052.525738000869751 6.724272518518519
3.447294244914000 2228249492.476346015930176 6.728787907407408
3.448366019049000 2159227176.325523853302002 6.733293462962963
3.456080484416000 2138284185.334259510040283 6.737719500000000
3.424158041928000 2138367648.166277408599854 6.742145833333333
3.463794949783000 2138227571.426188707351685 6.746587092592592
1.947806599200000 2138330709.388296365737915 6.751000388888889
1.970767741145000 1556947719.616481065750122 6.756145722222222
3.432937088315000 1490830015.646556854248047 6.760749740740740
1.962641050904000 1898170873.733908891677856 6.766229203703704
1.948502192620000 1487159389.805137872695923 6.781371907407407
1.949893379460000 1483346724.580854654312134 6.787946129629630
3.409793692214000 1910933673.170041561126709 6.798677500000000
2.091092555214000 2169923274.653372764587402 6.808662611111111
2.089600627258000 1811586949.496814727783203 6.818290166666666
3.731478962552000 1484121497.084822177886963 6.822917925925926
3.486938345884000 1999387268.960584163665771 6.828406407407407
3.539839056858000 2141148556.612785339355469 6.832884685185184
3.523317946046000 2145353110.425987958908081 6.837383592592592
3.479223880517000 2192254595.492130756378174 6.841811240740740
3.463794949783000 2148309081.095779895782471 6.846305925925925
3.471509415150000 2137962499.790454864501953 6.850724666666666
1.975378084932000 2138294566.584095239639282 6.855157796296296
3.532126989196000 1545576245.321048021316528 6.860302981481481
3.539839056858000 2000870505.126155138015747 6.865792259259258
3.485854583224000 2192975146.064793586730957 6.870235999999999
1.969362424366000 2148498331.635409832000732 6.874725870370369
1.961940138776000 1558365157.065516948699951 6.879867037037036
1.969362424366000 1490798712.337685823440552 6.884474870370369
1.977493910910000 1492835265.550691843032837 6.889073629629628
1.961940138776000 1493057392.549912691116333 6.893676111111110
3.510081741985000 1492707888.868314981460571 6.898276592592591
3.470430447900000 2002039891.169122934341431 6.903769314814813
1.962641050904000 2147849738.304111957550049 6.908259259259258
1.954523173680000 1517327963.453515768051147 6.914096574074073
3.602655326389000 1492726639.895059585571289 6.918698833333332
1.968659111854000 2040499386.449441909790039 6.924207148148147
3.460379172096000 1571189711.436611175537109 6.929399537037036
3.431870109590000 1961685319.811839580535889 6.934855870370369
3.460564038277000 1914837184.900192260742188 6.939303314814814
1.957315401615000 1630162458.340525150299072 6.955289407407407
3.457155456384000 1478489166.454244136810303 6.961391851851851
1.955221165698000 2148418695.743556499481201 6.973022148148147
3.393309771280000 1649585274.136482238769531 6.982851666666666
3.742679456130000 1921067287.103074550628662 6.992892388888889
3.486938345884000 2149843715.150549411773682 6.999169388888888
3.709504545422000 2192320656.675954341888428 7.003595722222221
1.970767741145000 2135884125.794039964675903 7.008091018518518
3.469350275100000 1528178696.158323764801025 7.013245018518518
1.953825181662000 1962623208.600750684738159 7.018707074074073
1.961940138776000 1558624789.131599903106689 7.023855537037036
3.471509415150000 1490867440.710071563720703 7.028460185185184
1.976788460556000 1962463860.701029062271118 7.033933092592592
3.472589186100000 1558810563.456345796585083 7.039076611111110
3.515608278768000 1961432665.631083726882935 7.044536648148147
3.591587621018000 2183158261.602956771850586 7.049015870370368
1.964041571380000 2238319287.710943222045898 7.053487629629628
3.516702853872000 1571280157.487616062164307 7.058680277777777
1.960539357544000 2001151624.110365390777588 7.064170462962962
3.456080484416000 1565782357.914648532867432 7.069339499999999
1.934373450240000 1962913845.685175895690918 7.074810518518517
1.949198303980000 1558638009.082390308380127 7.079948666666666
3.562975259844000 1491571789.527894258499146 7.084551370370369
3.455006312576000 2042000154.092495441436768 7.090079555555555
1.955221165698000 2159276694.811049938201904 7.094597703703703
1.941783219542000 1558591120.839243412017822 7.099741666666666
3.533225138086000 1491973738.747620820999146 7.104343574074073
3.425222622948000 2002344075.379472494125366 7.109844629629628
3.399963269598000 2066245830.515184879302979 7.114334925925925
1.961239748160000 1630651384.460479974746704 7.130335944444443
3.556368534186999 1475161864.962557315826416 7.136406962962962
1.961940138776000 1740269862.981939554214478 7.148388351851851
2.082881654180000 1823922316.150912284851074 7.158031425925925
1.956617149734000 1477459299.812140941619873 7.167455351851851
3.702943376160000 1491163195.884173870086670 7.172055481481481
1.948502192620000 1962667575.807821512222290 7.177528018518518
2.027681116364000 1554021847.885984659194946 7.182669629629629
1.963340920008000 1442912093.253051757812500 7.187279944444444
3.518890375248000 1491708685.276920318603516 7.191881814814814
3.463794949783000 2000298892.157686710357666 7.197389685185184
3.471509415150000 2138105706.575396537780762 7.201891314814814
1.974672897120000 2137881118.881118774414062 7.206324314814814
3.510081741985000 1559021837.893835544586182 7.211472518518518
3.485854583224000 2000984529.250071525573730 7.216963166666666
1.954523173680000 2148487517.797816753387451 7.221450296296296
3.463794949783000 1558362523.479500055313110 7.226596629629629
3.463794949783000 1961830257.926394224166870 7.232046074074074
3.447294244914000 2138339780.724652767181396 7.236479870370370
3.478142515562000 2138756072.310265064239502 7.240898074074074
1.954523173680000 2138327464.067639589309692 7.245328981481481
1.947806599200000 1558555087.764751434326172 7.250475314814814
1.956617149734000 1491611433.445725679397583 7.255077796296296
3.516702853872000 1492721832.601956605911255 7.259677611111110
1.953825181662000 2001619275.178445577621460 7.265180370370369
3.531027613324000 1565209622.042390346527100 7.270347518518517
1.970064690282000 2002066763.132213830947876 7.275850666666665
1.961940138776000 1564915247.678018569946289 7.281018666666665
1.961239748160000 1492734549.228466987609863 7.285622296296295
3.424158041928000 1489914841.800257921218872 7.290230277777777
1.961239748160000 1635151175.578195095062256 7.305671851851851
3.464872321242000 1477072943.102742433547974 7.311779351851850
1.928345273386000 1849671767.343501329421997 7.322839370370369
3.879170033986000 1488396909.028359413146973 7.332743962962962
3.463794949783000 2200573681.502017021179199 7.342783796296295
3.778913154380000 2168677333.071580886840820 7.347311685185184
1.976083797828000 2182525725.715837955474854 7.351811074074073
3.447294244914000 1542948874.303157091140747 7.356979888888888
3.463794949783000 1930706253.931110143661499 7.362456148148147
1.968659111854000 2137682004.479517698287964 7.366879574074073
3.517796207352000 1557488052.542885541915894 7.372022462962962
3.507898611490000 2000481881.497930765151978 7.377526351851850
3.510081741985000 2193209819.337571144104004 7.381954499999998
1.955919677442000 2192762865.918636322021484 7.386385888888887
1.954523173680000 1565032978.449017047882080 7.391555370370368
1.935755557056000 1491461778.841319799423218 7.396159907407405
1.949893379460000 1492951709.484257221221924 7.400761685185183
3.425222622948000 1492861084.061003446578979 7.405363722222219
3.431870109590000 1962176154.300494909286499 7.410819166666664
1.935064246464000 2138436270.337922573089600 7.415258055555553
3.450510764832000 1558186490.180562496185303 7.420406574074072
3.462718380238000 1963341549.367362976074219 7.425871648148146
3.377885635956000 2138530911.278095006942749 7.430305185185182
3.440651553682000 2138348458.415808439254761 7.434721037037034
3.540939603453000 2138370859.212169647216797 7.439154685185183
1.955919677442000 2227784570.310095310211182 7.443667629629627
3.494652811251000 1571145873.067366361618042 7.448862277777775
1.948502192620000 2002025357.088780164718628 7.454365888888886
1.949198303980000 1478114311.895080566406250 7.459539518518516
1.947111005780000 1983306910.913812398910522 7.476355111111109
3.440651553682000 1567233289.009562730789185 7.483332388888886
3.448366019049000 2097321196.105702400207520 7.491321277777775
3.434004861810000 2131904292.963640928268433 7.500170814814812
2.096319600336000 2133088966.944740533828735 7.509028037037034
1.949198303980000 1683407575.333318948745728 7.515906111111108
3.786625222041999 1491241296.779808521270752 7.520502111111108
3.764659099096000 2001946959.425275564193726 7.525992666666664
3.516702853872000 2138612462.709919691085815 7.530431092592590
1.973967709308000 2178835466.461063861846924 7.534874518518516
3.456080484416000 1563626263.096624135971069 7.540044425925923
3.480306050958000 1958874757.429515123367310 7.545512481481478
1.983512230830000 2138249821.430809259414673 7.549945870370367
1.960539357544000 1558610106.181608438491821 7.555082074074071
1.969362424366000 1492734558.791003227233887 7.559687055555552
3.457155456384000 1491806122.490065097808838 7.564286370370367
3.594940861022000 1962750268.990018606185913 7.569759518518516
1.981389471600000 2218108499.154901981353760 7.574295481481479
3.515608278768000 1559339047.789832353591919 7.580491592592590
3.463794949783000 2001852229.994743347167969 7.585987370370368
1.962641050904000 2148867592.195186138153076 7.590474629629628
1.955221165698000 1558777096.040971279144287 7.595623666666665
1.928345273386000 1491945432.605285406112671 7.600227555555554
3.532126989196000 1493050829.737869501113892 7.604832981481480
1.955221165698000 2001848010.373339176177979 7.610331407407406
3.457155456384000 1565293103.571812391281128 7.615500481481480
1.955919677442000 1962413910.064587831497192 7.620971074074073
3.510081741985000 1558003136.160433292388916 7.626120092592592
3.424158041928000 2001300344.898502826690674 7.631612851851851
3.655520071788000 2068866563.371552467346191 7.636094796296296
3.488022915816000 1691156143.102959632873535 7.652173351851851
3.572908429254000 2068682599.368773937225342 7.658181648148148
3.540939603453000 1966798887.849459648132324 7.668831685185184
3.716059627996000 2145443748.294061183929443 7.677719481481480
3.794337289704000 1716335159.018732547760010 7.688582981481480
3.502367276618000 2182654161.568731307983398 7.693063129629628
1.935755557056000 2193057274.934706211090088 7.697501759259258
1.969362424366000 1515741019.136992931365967 7.702677888888887
1.969362424366000 1486976007.472752094268799 7.707277314814814
1.948502192620000 1486807649.125348567962646 7.711879148148147
1.968659111854000 1491609741.954189538955688 7.716477814814813
3.448366019049000 1492265207.536250591278076 7.721085666666665
1.941783219542000 1962861904.212505102157593 7.726542962962962
3.457155456384000 1558278100.370301008224487 7.731683925925925
3.440651553682000 1962193109.442264080047607 7.737138518518517
3.464872321242000 2132777846.030412673950195 7.741570129629628
3.456080484416000 2138198306.649346351623535 7.746003592592591
1.969362424366000 2136504187.142714023590088 7.750435148148147
3.562975259844000 1558600933.013923168182373 7.755575796296295
1.935755557056000 2040819376.081329584121704 7.761098833333332
1.963340920008000 1572074070.373991250991821 7.766289092592591
1.954523173680000 1492674189.963926792144775 7.770888796296295
3.447294244914000 1492894692.346092700958252 7.775488722222221
1.936445838912000 1962221926.572894096374512 7.780958999999998
1.935064246464000 1559083905.544664859771729 7.786107425925924
3.555263192182000 1492907396.603268146514893 7.790709888888887
3.453930940544000 2041274848.115016937255859 7.796233074074073
1.961239748160000 2016228986.220472574234009 7.800748629629629
1.953825181662000 1943969223.305315494537354 7.816474814814814
3.526607240106000 1481316009.335678577423096 7.823044592592592
3.457155456384000 1973180562.542376518249512 7.833204814814814
3.810945891298000 2108708877.692625045776367 7.842092259259259
3.594940861022000 1917223863.536898851394653 7.852882314814814
2.070183026296000 2247336005.104444980621338 7.857322888888889
3.720684985792000 1556135814.677438259124756 7.862510240740741
1.955919677442000 1952406700.497275829315186 7.867965888888889
1.955221165698000 1544419043.506423234939575 7.873112000000000
3.538737280602000 1491972308.718414545059204 7.877721018518518
3.426287996952000 2001699248.272306680679321 7.883217000000000
3.517796207352000 2148599415.590847492218018 7.887703962962963
1.955919677442000 2181979770.929466247558594 7.892198777777778
3.502367276618000 1565031442.129447460174561 7.897373481481481
3.440651553682000 2001353758.980067014694214 7.902864037037037
1.964041571380000 2148304307.003792762756348 7.907341240740740
1.935755557056000 1558222504.260536193847656 7.912491870370370
1.937136892320000 1492874189.719344139099121 7.917094185185184
3.424158041928000 1492742064.434577226638794 7.921694314814814
1.941783219542000 1963338833.905745029449463 7.927161759259258
3.417508157581000 1557597805.228424072265625 7.932305296296295
3.440651553682000 1962992256.794815301895142 7.937762888888888
3.434004861810000 2138374666.929626226425171 7.942176092592592
3.470430447900000 2138228458.303227186203003 7.946610000000000
3.455006312576000 2170477473.460287570953369 7.951136759259259
1.967956322640000 2148299862.867590904235840 7.955633629629629
3.463794949783000 1558150188.923674821853638 7.960779740740740
3.455006312576000 1962849673.777681589126587 7.966252037037036
3.593823530492000 2138306897.721703290939331 7.970672981481481
1.967956322640000 2137847054.995118618011475 7.975111759259258
1.948502192620000 1973556958.878960132598877 7.990161277777776
1.976083797828000 1482037282.182898759841919 7.996741722222221
1.962641050904000 1855031767.631739377975464 8.007397222222220
2.076162681102000 1825513220.367448329925537 8.017982740740738
1.961239748160000 1476652930.564889907836914 8.027406407407405
2.097816325488000 1491270606.873019695281982 8.031965296296294
2.097068520144000 1492612908.293354988098145 8.036562685185183
3.705246458880000 1487030314.490205526351929 8.041165666666664
3.446221273266000 1926855857.654906988143921 8.046636981481479
3.409793692214000 2136073652.138247489929199 8.051061685185182
1.968659111854000 2138221540.290709257125854 8.055485092592589
3.447294244914000 1557217494.353813171386719 8.060626222222218
1.954523173680000 1962129356.502538204193115 8.066094314814810
3.501278718548000 1558856688.023975849151611 8.071247666666663
3.493566650886000 2000591450.991466999053955 8.076755777777773
3.440651553682000 2193320466.099035739898682 8.081181796296292
3.463794949783000 2148395735.203134536743164 8.085671611111106
3.601535598154000 2138183876.346040487289429 8.090103333333328
3.655520071788000 2227851807.214098453521729 8.094620722222217
3.642360212976000 2292929271.789463520050049 8.099115759259254
1.969362424366000 2303313489.629620552062988 8.103554148148143
3.501278718548000 1573226697.418610811233521 8.108773129629625
3.456944603010000 2001333308.676677465438843 8.114280870370367
3.463794949783000 2148766490.748866081237793 8.118775814814811
1.942476930518000 2137288168.106788158416748 8.123197166666662
3.455006312576000 1557729920.571224927902222 8.128342703703700
3.456080484416000 1962788099.641031265258789 8.133790407407403
3.446221273266000 2138557669.828334808349609 8.138226259259255
1.934373450240000 2138281096.116979360580444 8.142660092592589
3.501278718548000 1470449372.547328472137451 8.147813203703700
3.431870109590000 2098203874.366972923278809 8.163924796296293
1.974672897120000 2126427058.746699810028076 8.169879740740738
1.956617149734000 1851637409.068795442581177 8.179548222222220
2.071660287620000 1487426621.525302886962891 8.188901555555553
1.961940138776000 1478535061.727909564971924 8.198320129629627
2.102287812240000 1492279788.620240211486816 8.202924796296294
3.765830050704000 1492356640.513350963592529 8.207524925925924
1.941090024720000 1996457708.597552776336670 8.213029722222220
1.962641050904000 1534975613.947160959243774 8.218202685185183
3.480306050958000 1481790086.901323080062866 8.222811999999998
3.462718380238000 1961655863.240214586257935 8.228274944444442
3.532126989196000 2137979520.698991060256958 8.232700370370367
3.484769609656000 2183076637.365358352661133 8.237187592592589
1.976083797828000 2148801137.628292560577393 8.241680370370366
1.967253533426000 1557555699.481865406036377 8.246827037037033
3.477059942378000 1492679132.211461067199707 8.251431333333329
1.961940138776000 1961777677.351835966110229 8.256881370370365
3.464872321242000 1558761446.199354410171509 8.262027425925920
3.463794949783000 1962919469.287070274353027 8.267500148148143
3.471509415150000 2133494246.625746250152588 8.271929111111106
1.968659111854000 2137554090.558002710342407 8.276364574074069
3.547551124520000 1559275641.187208890914917 8.281507666666661
1.948502192620000 2001830990.934057712554932 8.287016685185179
1.961940138776000 1564655668.458993673324585 8.292172407407401
1.968659111854000 1492716627.465171098709106 8.296778240740734
1.967956322640000 1492784600.154529571533203 8.301380018518511
3.470430447900000 1492816641.842115879058838 8.305980203703696
3.619209618402000 1963208198.402143955230713 8.311452814814807
3.461640607822000 2271751419.340801715850830 8.315963907407399
3.518890375248000 2158712872.812797546386719 8.320530666666658
1.940396829898000 2190319104.644481658935547 8.334808462962954
3.486938345884000 1600882194.144570589065552 8.341634037037029
3.456080484416000 1706328578.343131542205811 8.351849425925918
3.694080410098000 1727784653.196949481964111 8.362608814814807
3.711811996698000 2118878018.895839452743530 8.371495740740734
3.603775888686000 2137801982.762582540512085 8.375928388888882
1.961239748160000 2208599867.177187442779541 8.380445685185178
3.469350275100000 1567516266.870039701461792 8.385641999999992
1.947806599200000 1962233372.252398729324341 8.391113944444436
1.955221165698000 1554219748.009607076644897 8.396256703703695
3.431870109590000 1492265245.202558755874634 8.400859851851843
1.974672897120000 1963050460.888750553131104 8.406332370370361
1.968659111854000 1558691574.532977342605591 8.411481222222212
1.960539357544000 1491896631.655197381973267 8.416082888888878
3.532126989196000 1492518275.663461923599243 8.420680685185175
3.462718380238000 2001439918.698092699050903 8.426183722222213
1.960539357544000 2148492008.080741405487061 8.430666259259249
3.555263192182000 1558592842.887917041778564 8.435806962962953
1.976083797828000 2032325655.766555547714233 8.441331314814805
3.561866282436000 1571459545.021871805191040 8.446525703703694
3.463794949783000 2041321873.366133689880371 8.452051111111102
3.447294244914000 2159355317.787222862243652 8.456564962962954
3.409793692214000 2138830457.252794504165649 8.460983055555547
3.441721726668000 2138592685.464963197708130 8.465414111111102
3.448366019049000 2138389231.449573993682861 8.469852962962953
1.962641050904000 2138604084.602453947067261 8.474281518518509
3.462718380238000 1558878825.772181510925293 8.479420277777768
1.967956322640000 1865809865.779279232025146 8.484912888888879
1.962641050904000 1932405677.867472648620605 8.499885907407396
1.941783219542000 1482273102.445129871368408 8.506455277777766
3.558580453216000 1487761353.905679941177368 8.515797796296285
3.702943376160000 1781437072.968415975570679 8.526067333333321
1.962641050904000 2121925289.919714450836182 8.535035333333321
2.063461652834000 1557091718.508396625518799 8.540185148148135
2.082881654180000 1492957005.421580076217651 8.544789518518504
1.929722068638000 1487412198.291643619537354 8.549392166666653
3.579511930288000 1451283543.204515695571899 8.553998166666654
1.948502192620000 2040438686.800511598587036 8.559513111111098
1.942476930518000 1570951859.152821063995361 8.564708129629617
3.440651553682000 1488867448.935245513916016 8.569310129629617
3.463794949783000 1962148312.179681062698364 8.574762592592579
1.975378084932000 2138217672.818658828735352 8.579198574074061
1.955919677442000 1548388825.806063175201416 8.585346999999986
1.955919677442000 1492714316.776188611984253 8.589946111111097
1.956617149734000 1492774927.191212177276611 8.594543388888875
3.565191564396000 1492352522.006989240646362 8.599148407407393
1.941783219542000 2040638595.877509117126465 8.604653888888874
3.448366019049000 1571683146.211678028106689 8.609846259259244
1.941783219542000 1963477752.589685916900635 8.615311314814800
1.949198303980000 1557536952.510439872741699 8.620459814814801
3.562975259844000 1492846362.551097869873047 8.625066981481467
3.570687327506000 2042216097.222640991210938 8.630593814814800
3.393309771280000 2248561400.866127014160156 8.635019648148132
3.533225138086000 2159089586.410634994506836 8.639532981481466
3.448366019049000 2226954592.388631820678711 8.644052537037021
3.453930940544000 2159544739.183742046356201 8.648568629629613
1.967956322640000 2138147425.646250247955322 8.653003759259242
3.483685846996000 1432965572.227928638458252 8.658160018518501
3.461640607822000 1647704852.014687776565552 8.673647666666650
3.455006312576000 1846122215.885730981826782 8.680629240740723
1.964041571380000 2133912710.235693216323853 8.690313037037019
2.082138088800000 1632732039.160285234451294 8.700039444444426
1.968659111854000 1636863939.309080839157104 8.710950833333316
2.088854663280000 1492083208.899657487869263 8.715551925925908
3.710657841527000 1476807659.969731807708740 8.720177222222205
3.556368534186999 1962070794.245558023452759 8.725653185185168
3.524414921534000 2173079173.205178260803223 8.730184740740723
3.518890375248000 2202319463.098342418670654 8.734665870370353
1.967956322640000 2192763012.690822124481201 8.739096018518502
3.600414618826000 1562846114.680741071701050 8.744260759259243
3.486938345884000 2041834602.435469865798950 8.749788629629613
3.543141926304000 2158714301.531647682189941 8.754304462962946
3.516702853872000 2183033492.547146320343018 8.758801870370354
1.975378084932000 2193455207.672001838684082 8.763235499999983
1.976788460556000 1564127332.097911357879639 8.768401925925909
3.455006312576000 1493027079.911102533340454 8.773001481481465
3.481387818656000 1962512637.558287382125854 8.778462129629613
3.447294244914000 2138220782.638114213943481 8.782895851851835
1.967956322640000 2138344619.544128894805908 8.787334240740725
1.954523173680000 1557689558.937767982482910 8.792483425925910
1.962641050904000 1492634965.914035558700562 8.797079648148133
1.970064690282000 1492767027.947946548461914 8.801677481481466
3.494652811251000 1492827720.587939262390137 8.806277351851836
3.596059023828000 2001755163.215541601181030 8.811775648148133
3.602655326389000 2237444644.971148967742920 8.816249462962949
1.970064690282000 2248713417.683536529541016 8.820693018518504
3.517796207352000 1562448343.330018997192383 8.825889185185170
1.961940138776000 1899006614.116154670715332 8.831407685185171
1.935755557056000 1935158427.281865596771240 8.846440870370357
3.478142515562000 1641655719.784407854080200 8.853267888888874
1.955221165698000 1736230707.625046253204346 8.864551851851838
2.098564966680000 1837120237.131189823150635 8.874179277777763
2.084368784940000 1679942468.390204668045044 8.885089222222208
1.962641050904000 1491775339.489407777786255 8.889691722222208
3.762317631664001 1491782727.832388401031494 8.894294074074059
1.949198303980000 1970112880.467647552490234 8.899806296296282
3.571797464921000 1546245609.512454509735107 8.904978462962948
3.502367276618000 2041717935.296841621398926 8.910497685185170
1.947806599200000 2203587114.337568283081055 8.914987314814800
3.446221273266000 1564165601.400779962539673 8.920159037037022
1.955221165698000 1899792381.571199417114258 8.925631148148133
1.941783219542000 1491070176.847114562988281 8.930705629629614
3.616959733478000 1492132770.464688539505005 8.935307277777762
3.564082999554000 2081131308.751025676727295 8.940858796296281
1.942476930518000 2258805348.276643753051758 8.945353148148133
1.947111005780000 1571864567.063908100128174 8.950546370370356
1.970064690282000 1488212712.164643049240112 8.955146222222208
3.485854583224000 1492597460.917851924896240 8.959748351851838
1.949198303980000 2001068274.741138935089111 8.965251444444430
1.962641050904000 1565360966.195337295532227 8.970423314814800
3.488022915816000 1492613579.576317071914673 8.975025814814801
3.432937088315000 2000664788.352200746536255 8.980514055555542
3.425222622948000 2148855976.950376510620117 8.985006777777764
3.409793692214000 2137249790.097620248794556 8.989440055555542
3.457155456384000 2138551814.023435115814209 8.993873111111098
1.964041571380000 2138266061.064427852630615 8.998304981481468
3.480306050958000 1555937086.806553602218628 9.003459055555542
1.950589231850000 1635644720.184447765350342 9.018920629629616
3.410854267236000 1475887160.245264053344727 9.024991185185170
1.935755557056000 1879265997.436137199401855 9.036085555555541
3.759281303072000 1632987809.128393650054932 9.045808981481468
3.430801938710000 1946897778.296961784362793 9.055954685185171
3.710657841527000 2146980749.646041870117188 9.060427907407393
3.587226395655000 2138063112.568689107894897 9.064866185185171
3.456080484416000 2220502485.706674098968506 9.069384611111097
1.957315401615000 2133970199.638659238815308 9.073904814814801
3.448366019049000 1558133399.604533910751343 9.079046425925913
3.548654068820000 1961961728.449399471282959 9.084516111111098
3.548654068820000 2182821067.446942806243896 9.089015944444432
3.517796207352000 2183135572.066862583160400 9.093467314814802
3.471509415150000 2192870281.865050792694092 9.097896148148136
1.948502192620000 2148469807.958819866180420 9.102385925925914
3.462718380238000 1558450443.112564086914062 9.107524240740728
1.970064690282000 1961012283.214971303939819 9.112992407407395
3.456080484416000 1558809648.345473051071167 9.118133185185172
1.955919677442000 1962890535.051972866058350 9.123595444444431
1.967253533426000 1557969866.151829004287720 9.128736703703691
3.431870109590000 1492830727.352530241012573 9.133335574074062
3.440651553682000 1962989808.386841058731079 9.138806666666655
1.949198303980000 2138220594.258013248443604 9.143237962962951
1.955221165698000 1558680566.695320367813110 9.148386722222211
3.432937088315000 1492991384.927242517471313 9.152991055555544
3.512264872480000 1963409399.109943151473999 9.158458870370358
1.954523173680000 2183224823.256043910980225 9.162953759259247
1.927656875760000 1564332782.815237283706665 9.168122851851839
3.448366019049000 1492234045.034646749496460 9.172727537037025
3.480306050958000 1876345422.980011463165283 9.178210240740729
1.962641050904000 2108849503.457565069198608 9.192481148148136
1.968659111854000 1477128953.549773216247559 9.198583259259248
1.948502192620000 1488562454.453224420547485 9.208951111111100
2.083625773220000 1488009101.044164419174194 9.218302907407397
3.778913154380000 1648823632.061671972274780 9.229127185185174
3.701792477760000 2000611957.906658649444580 9.234621148148136
3.461640607822000 2146467555.702125072479248 9.239113462962951
1.968659111854000 2082935310.514552593231201 9.243538018518507
3.619209618402000 1552339685.223491430282593 9.248685703703693
3.458230028288000 2081223665.031137466430664 9.254237574074063
3.524414921534000 2169122854.081641197204590 9.258765981481471
1.969362424366000 2182750788.252967357635498 9.263253166666656
3.492479276934000 1564283744.752128601074219 9.268427222222211
3.462718380238000 2001681623.621712684631348 9.273917462962952
1.950589231850000 2148626269.624278068542480 9.278408074074063
1.934373450240000 1558584524.165456771850586 9.283548944444433
3.524414921534000 1487987697.340063333511353 9.288145962962952
3.453930940544000 2002108415.078333616256714 9.293647111111101
3.439582177252000 2148371508.069004058837891 9.298139611111100
3.455006312576000 2138376297.112243175506592 9.302577888888878
1.968659111854000 2138330679.489860057830811 9.307006592592582
1.970064690282000 1558204914.052636623382568 9.312155092592583
1.957315401615000 1493004169.234673500061035 9.316752259259250
1.954523173680000 1492849672.467146158218384 9.321360222222212
3.525510672719000 1492862333.841138601303101 9.325967314814806
1.942476930518000 2001960335.539531469345093 9.331470888888880
3.456080484416000 1564790816.655560255050659 9.336639666666658
3.478142515562000 1850164279.040797233581543 9.342110259259250
1.941090024720000 1624651457.115312099456787 9.358533499999991
1.935755557056000 1478309166.214713573455811 9.364645518518509
3.485854583224000 1757025674.802882671356201 9.373333240740731
3.432937088315000 1763245232.381286621093750 9.383573037037028
3.696378266982000 2198022579.649930953979492 9.392576555555546
1.947806599200000 2117878138.847858190536499 9.398744777777768
3.788980645277999 1545152705.601220846176147 9.403890481481472
3.464872321242000 1996644403.332748413085938 9.409375888888880
3.479223880517000 2099978530.303968429565430 9.413862833333324
3.469350275100000 2137622714.124114513397217 9.418299296296286
3.604896033952000 2137698112.262362957000732 9.422735333333323
1.969362424366000 2227747672.402130126953125 9.427252388888878
3.584995284270000 1571184545.376736640930176 9.432445129629619
3.531027613324000 2041605118.977008819580078 9.437971407407396
1.967253533426000 2203424190.337220191955566 9.442464018518507
3.461640607822000 1565033698.049437284469604 9.447636314814803
1.967956322640000 1962711688.822705268859863 9.453095629629617
3.518890375248000 1559012896.953985691070557 9.458238962962950
1.961940138776000 2001496548.305179119110107 9.463730092592579
3.463794949783000 1555762001.039390087127686 9.468932574074060
3.456080484416000 1962984380.712515830993652 9.474403018518505
1.961239748160000 2138370059.388001441955566 9.478818425925912
3.479223880517000 1559166704.453441381454468 9.483964259259245
1.955221165698000 1959864700.868577003479004 9.489439370370357
1.976788460556000 1558785546.549503803253174 9.494573092592580
3.456080484416000 1492412602.981955528259277 9.499181055555542
1.961940138776000 1961648108.020260334014893 9.504650537037024
3.478142515562000 1559006111.268978595733643 9.509798888888877
3.502367276618000 1961859038.675565719604492 9.515273203703693
3.578399395168000 2177563244.891939640045166 9.529650444444433
3.462718380238000 2233128206.711898326873779 9.535646981481470
1.955221165698000 2132407253.965713262557983 9.544555518518507
2.077645014666000 1633976228.728061676025391 9.554284037037025
3.778913154380000 1679936982.464685678482056 9.565233370370358
3.784269360343000 2001635404.754537343978882 9.570739222222210
3.525510672719000 2193008220.070672512054443 9.575172814814803
1.961940138776000 2192140217.336872100830078 9.579610370370357
1.961239748160000 1532942238.093809127807617 9.585781296296283
1.970064690282000 1491860283.648006200790405 9.590385333333320
3.479223880517000 1488970556.336613655090332 9.594995518518505
3.626926483260000 1961545694.078491210937500 9.600470537037024
1.969362424366000 2272436720.419980049133301 9.604992796296283
1.968659111854000 1576900583.590555906295776 9.610206370370358
1.927656875760000 1492799295.760494232177734 9.614813388888876
3.510081741985000 1492719451.426732778549194 9.619417925925914
1.962641050904000 1996823354.924632310867310 9.624924259259247
1.975378084932000 1565528594.437882423400879 9.630098148148136
1.954523173680000 1492731479.839424848556519 9.634692740740729
1.962641050904000 1492933060.252211093902588 9.639294999999988
3.432937088315000 1492809709.073791503906250 9.643897796296285
3.439582177252000 1962635184.319147825241089 9.649362351851840
3.468271307850000 2138154945.468220949172974 9.653794018518507
3.430801938710000 2138328916.151654005050659 9.658219777777767
3.424158041928000 2138277161.240628004074097 9.662643462962953
1.942476930518000 2138559702.583596229553223 9.667076703703692
1.962641050904000 1558465427.797970056533813 9.672227759259249
1.968659111854000 1493012476.413101673126221 9.676830518518509
1.941783219542000 1376263671.875000000000000 9.681438518518508
3.446221273266000 1989387351.923448085784912 9.700142870370360
3.508990786210000 2082917206.859768390655518 9.706236370370361
1.943863062085000 2171139023.509038925170898 9.715154925925916
2.076904399758000 1634692134.593292236328125 9.724939685185175
2.089600627258000 1661788988.095744132995605 9.735830592592583
1.928345273386000 1491055618.113085985183716 9.740435407407398
3.773546915562000 1492864872.043560504913330 9.745036944444434
1.955221165698000 1953486074.417666673660278 9.750546388888878
3.472589186100000 1563896196.948234796524048 9.755710370370361
3.469350275100000 1962013046.305578708648682 9.761178074074065
1.955919677442000 2138253866.996205091476440 9.765613759259251
3.448366019049000 1558417722.294058084487915 9.770755222222213
3.467026262246000 1961481373.601622819900513 9.776222870370361
1.949198303980000 2138675880.248540878295898 9.780648703703694
1.954523173680000 1558480596.767748117446899 9.785792462962952
3.494652811251000 1488345979.195517063140869 9.790392611111100
1.976083797828000 2002260497.750963211059570 9.795892907407396
3.456080484416000 1564491729.274820327758789 9.801061740740730
3.448366019049000 1962656590.354917526245117 9.806529888888878
1.935064246464000 2138319429.625817537307739 9.810955833333322
3.462718380238000 1557895914.691260099411011 9.816096203703692
3.432937088315000 1963003356.728715419769287 9.821557870370359
3.449438591526000 2137374274.004244565963745 9.825999407407396
3.540939603453000 2138361895.503437995910645 9.830418833333322
3.409793692214000 2183316742.323537349700928 9.834918518518508
3.424158041928000 2148774561.515652656555176 9.839408944444434
1.969362424366000 2128705533.448457002639771 9.843848611111101
3.455006312576000 1550530654.980354785919189 9.848995499999990
3.463794949783000 1918297190.815882205963135 9.854480814814805
3.479223880517000 2133840110.786755084991455 9.868722388888878
1.989526544752000 2129499154.529525041580200 9.875972351851841
3.434004861810000 1786119167.690808296203613 9.884274999999990
3.724928680745999 1920518196.908775568008423 9.894315370370361
3.542040969822000 2095641036.616534233093262 9.903227555555546
3.699489395040001 2182011421.795289039611816 9.907725129629620
1.975378084932000 2137648586.216693639755249 9.912222518518510
1.955919677442000 1558541666.216843605041504 9.917368574074064
1.982805171290000 1475809564.021521568298340 9.921973796296287
1.975378084932000 1491829573.269989013671875 9.926581185185176
1.969362424366000 1492542128.995893478393555 9.931180814814805
1.969362424366000 1492475268.184802770614624 9.935777907407397
1.955919677442000 1491248930.131443977355957 9.940377814814804
1.961940138776000 1492922833.619045257568359 9.944979703703693
1.962641050904000 1492913175.314281940460205 9.949584555555544
3.571797464921000 1492682644.362232685089111 9.954189740740730
1.955919677442000 2041278756.067087173461914 9.959718203703693
3.425222622948000 1570070408.828907728195190 9.964913259259248
3.478142515562000 1962980443.603746414184570 9.970376092592581
3.463794949783000 2138414771.447872161865234 9.974817092592581
3.463794949783000 2131480771.642876625061035 9.979246314814803
1.961940138776000 2136991946.101152420043945 9.983677111111099
1.941783219542000 1557601305.400265216827393 9.988818148148136
1.954523173680000 1492721774.890556812286377 9.993424796296283
3.449438591526000 1492846273.761042118072510 9.998022074074061
1.956617149734000 1963333175.276796579360962 10.003489722222209
1.962641050904000 1557939091.557053089141846 10.008634055555543
3.455006312576000 1492741913.676128387451172 10.013236018518507
3.425222622948000 1962412596.414124727249146 10.018688481481469
1.921626300308000 2133403156.372546911239624 10.023132166666654
1.954523173680000 1935261654.704559564590454 10.038102277777766
1.949198303980000 1482720870.173222780227661 10.044670574074061
1.942476930518000 1672206312.764101028442383 10.055495203703691
3.704095131840000 1487532421.686961889266968 10.064843370370358
3.526607240106000 1729294513.551734209060669 10.075122907407396
2.076162681102000 2182777364.091780662536621 10.079614296296285
3.424158041928000 1564590599.845312118530273 10.084785999999989
1.967956322640000 1956098636.997526407241821 10.090243722222210
3.486938345884000 1510433118.410891056060791 10.095399185185173
1.973967709308000 1961664310.918131589889526 10.100862574074062
1.949893379460000 1557420718.739991903305054 10.106008925925915
3.510081741985000 1492369793.027490377426147 10.110615907407396
3.478142515562000 2000603159.412866592407227 10.116111537037026
3.577285616992000 2148914953.401946067810059 10.120606240740731
1.969362424366000 2227949308.245711326599121 10.125123740740731
3.632383868802000 1571643000.481189012527466 10.130319203703694
3.439582177252000 2082215733.982157230377197 10.135867703703694
3.477059942378000 2168345402.444301128387451 10.140404333333324
1.957315401615000 2138460708.466497182846069 10.144825462962954
1.967956322640000 1558877797.520988225936890 10.149973870370362
3.524414921534000 1492703572.849718570709229 10.154581148148139
3.578399395168000 2001473239.863329648971558 10.160082351851843
3.496826345568000 2238315525.050116539001465 10.164571870370361
1.942476930518000 2203578001.342493057250977 10.169041166666657
1.963340920008000 1565159258.953948259353638 10.174208037037028
3.572908429254000 1492772052.014976501464844 10.178807851851843
3.393309771280000 2041289577.747989416122437 10.184333777777770
3.463794949783000 2159461648.106538295745850 10.188841981481474
3.486938345884000 2133680052.770668983459473 10.193277666666660
1.982805171290000 2135195584.642210960388184 10.207519203703697
1.957315401615000 1676576180.863496780395508 10.214142574074067
1.934373450240000 1482975209.255211591720581 10.223521074074068
2.089600627258000 1486900203.496163368225098 10.232848759259253
3.431870109590000 1677294382.912597656250000 10.243788592592587
2.097068520144000 1961240967.163491249084473 10.249251685185179
2.091838796915000 1558319680.305294036865234 10.254395481481476
3.702943376160000 1487821826.657166719436646 10.258995870370365
3.472589186100000 1925868274.570012092590332 10.264471907407401
3.587226395655000 2137270182.704833030700684 10.268907314814809
3.533225138086000 2227698270.560161113739014 10.273423870370365
3.502367276618000 2202985375.239479541778564 10.277908907407403
1.968659111854000 2148618874.098311901092529 10.282391240740736
3.493566650886000 1558928726.416961431503296 10.287537555555550
1.962641050904000 1961826453.014666080474854 10.292992370370365
1.975378084932000 1558584430.982352256774902 10.298131018518514
1.961940138776000 1492689406.529025554656982 10.302733259259256
3.492479276934000 1492603546.250457525253296 10.307338018518514
1.962641050904000 1957743925.803066730499268 10.312808944444440
3.540939603453000 1558913987.555094718933105 10.317951611111106
3.471509415150000 2001697439.196494340896606 10.323449740740735
3.471509415150000 2146285198.477527856826782 10.331973888888882
3.485854583224000 2138608632.468638896942139 10.336408481481474
1.968659111854000 2138705316.150829076766968 10.340837333333326
1.962641050904000 1558695232.125875473022461 10.345978222222215
3.485854583224000 1492907187.061439752578735 10.350583462962955
3.455006312576000 1960907694.081892728805542 10.356043166666659
3.655520071788000 2138627393.126851797103882 10.360474259259252
1.967956322640000 2135112924.012462377548218 10.364914314814808
3.462718380238000 1937649970.190754413604736 10.379886055555549
3.479223880517000 2094391333.995286464691162 10.386077981481474
1.962641050904000 2133995524.736142635345459 10.395777388888881
2.083625773220000 1633627484.476776123046875 10.405511907407400
3.711811996698000 1477292033.868337631225586 10.414938388888881
3.515608278768000 1961579007.207390069961548 10.420411166666659
3.771201086718000 2159644856.661045551300049 10.424913574074067
2.002253977244000 2158330474.104547977447510 10.429360944444436
1.969362424366000 1564882156.063301563262939 10.434534296296288
3.456080484416000 1492543956.198796272277832 10.439134203703695
1.954523173680000 1962353591.796762704849243 10.444599074074066
3.517796207352000 1558508781.714746236801147 10.449745499999992
1.962641050904000 2001642022.403059720993042 10.455245740740732
1.955919677442000 1563920225.939293146133423 10.460412648148139
1.928345273386000 1492750312.009340286254883 10.465012462962955
3.456080484416000 1492730519.454391956329346 10.469614870370362
3.492479276934000 1963155413.430790185928345 10.475087370370362
3.404195184096000 2181630235.861522197723389 10.479572111111104
3.416445974266000 2147482309.709118604660034 10.484057203703696
1.921626300308000 2138633265.428800344467163 10.488493351851844
3.446221273266000 1559215962.306226015090942 10.493642055555547
3.440651553682000 1962391686.818296909332275 10.499117518518510
1.948502192620000 2138429833.128638982772827 10.503535425925918
1.942476930518000 1558157604.588734149932861 10.508681685185177
3.447294244914000 1493018831.672582149505615 10.513288777777770
1.961940138776000 1963272128.749085664749146 10.518756777777771
3.524414921534000 1558750075.603749990463257 10.523900555555549
3.469350275100000 1918787560.051569223403931 10.529516870370363
1.984220080675000 2213943686.493965625762939 10.543918388888882
3.439582177252000 1510430605.919521093368530 10.550879037037030
1.948502192620000 2104772016.031778573989868 10.560752944444436
2.076904399758000 1820964111.302596807479858 10.570316462962955
1.961940138776000 1479216688.679672479629517 10.579724481481474
3.441721726668000 1491189909.429170846939087 10.584333111111103
3.857232683500000 1990732761.810250282287598 10.590789759259252
3.577285616992000 2219750977.643326282501221 10.595307425925919
3.489107082112000 2246593552.597451686859131 10.599734129629622
1.969362424366000 2105204595.279795169830322 10.604270185185177
3.588342158970000 1558084933.368323802947998 10.609421499999993
1.955919677442000 2041801435.262427806854248 10.614948944444437
1.976788460556000 1566724696.572742223739624 10.620144222222216
1.976788460556000 1492878598.761482954025269 10.624746499999993
1.967956322640000 1492923498.521156549453735 10.629348444444437
1.955919677442000 1492896560.062874078750610 10.633943166666660
3.592704951548000 1492754619.962098836898804 10.638545777777770
1.976788460556000 2041128811.512528896331787 10.644066333333326
3.539839056858000 1571985470.131261587142944 10.649251055555547
3.508990786210000 2001222140.116814613342285 10.654739333333325
3.526607240106000 2193068569.492035865783691 10.659165499999991
3.524414921534000 2193591042.228061676025391 10.663591203703696
3.657793942692000 2192513111.392658233642578 10.668034611111104
1.955221165698000 2283120398.417805671691895 10.672552481481475
1.960539357544000 1577902143.433403015136719 10.677763055555548
1.955919677442000 1492563784.284505844116211 10.682361018518511
3.494652811251000 1492492973.094693183898926 10.686966333333325
1.961239748160000 2000994949.716448545455933 10.692455574074065
1.964041571380000 1565143410.102574110031128 10.697622574074066
3.477059942378000 1395735372.591186761856079 10.702238148148140
3.486938345884000 2174801600.312210559844971 10.718086907407400
1.949198303980000 2064721735.224927902221680 10.723983037037030
3.452856768704000 1488281430.749226570129395 10.733895481481474
2.089600627258000 1694953209.730459451675415 10.744099407407401
2.096319600336000 1466957562.228507757186890 10.754070870370363
1.947806599200000 1491887944.741195678710938 10.758671444444436
2.091092555214000 1492555503.659980297088623 10.763270740740733
3.464872321242000 1492861249.024325370788574 10.767873444444437
3.601535598154000 1904898169.146897315979004 10.773352574074066
3.643492351232000 2227135266.730056762695312 10.777870944444436
3.475978577423000 2292138203.665954113006592 10.782358685185176
1.968659111854000 2169044836.407701492309570 10.786897407407398
3.564082999554000 1557658613.966805934906006 10.792045592592583
1.963340920008000 2041332770.881041288375854 10.797576925925917
3.572908429254000 1571715727.166013240814209 10.802767166666657
3.469350275100000 2040393442.953629255294800 10.808275518518508
3.455006312576000 2159324394.798101425170898 10.812778148148137
3.447294244914000 2138639015.062957048416138 10.817213851851841
3.440651553682000 2137848799.003419399261475 10.821643814814804
3.478142515562000 2137566706.647887945175171 10.826074907407397
1.961940138776000 2138186475.050699710845947 10.830512796296286
3.610369791756000 1558983396.446256875991821 10.835662296296286
3.463794949783000 2080915014.704553842544556 10.841197240740732
3.494652811251000 2169875419.403088569641113 10.845728592592584
1.956617149734000 2181635350.931278705596924 10.850203722222213
3.445149499131000 1565561442.727253198623657 10.855372944444435
3.457155456384000 1962602109.455971717834473 10.860840388888880
1.949198303980000 2138698221.296871900558472 10.865278703703694
3.580625294112000 1547539016.744289636611938 10.870435796296286
3.485854583224000 1942573597.159074068069458 10.875979111111102
1.969362424366000 2163349340.879662036895752 10.890323425925917
3.453930940544000 1476234439.846558094024658 10.896454351851844
3.510081741985000 1718062902.179136037826538 10.907669296296289
2.029854785524000 2112809503.320549964904785 10.916578462962956
3.754607964386000 1479788341.375553131103516 10.926572018518511
1.942476930518000 1999620780.220373868942261 10.932057648148142
2.095571237760000 1559192199.838839769363403 10.937228481481474
3.437442229558000 1491646907.392733097076416 10.941832351851845
3.502367276618000 1948207476.052633523941040 10.947295722222215
3.533225138086000 2182531330.103027820587158 10.951774907407399
1.967253533426000 2192353949.841823101043701 10.956217888888881
1.967956322640000 1543286431.837207794189453 10.961394222222214
3.494652811251000 1491741312.461791038513184 10.965998518518511
1.941090024720000 1951688069.072726726531982 10.971502111111104
1.955919677442000 1555761045.014458179473877 10.976651074074066
1.928345273386000 1492859206.908196210861206 10.981257518518511
3.448366019049000 1492734489.936425685882568 10.985856981481474
3.496826345568000 1962776419.403369665145874 10.991322240740732
3.463794949783000 2183152132.415525913238525 10.995804203703695
3.460564038277000 2146366036.971008062362671 11.000281185185177
1.948502192620000 2138662137.018376588821411 11.004710166666658
3.502367276618000 1559154926.841900825500488 11.009858833333325
3.578399395168000 2001445107.362427711486816 11.015361999999993
3.524414921534000 2238168028.756765842437744 11.019844037037030
3.508990786210000 2247493510.625826835632324 11.024267222222216
1.970064690282000 2204131922.005570888519287 11.028754722222216
3.449438591526000 1565822318.813596963882446 11.033926907407400
1.967956322640000 1962096299.489783525466919 11.039382111111104
1.955919677442000 1455551792.760099887847900 11.044760740740733
1.941090024720000 1481943312.467166900634766 11.049378648148140
3.570687327506000 1491603876.290858983993530 11.063963037037029
3.540939603453000 2175004348.363261699676514 11.070108388888881
3.502367276618000 2208072117.025229930877686 11.079876462962956
2.090347146682000 2187644452.888013839721680 11.088746777777770
3.531027613324000 1816284562.794285774230957 11.098492592592585
2.096319600336000 2039257703.979503393173218 11.103978574074066
3.739188629830000 1571237467.216185808181763 11.109168296296289
1.948502192620000 1953449809.377164363861084 11.114676555555549
3.507898611490000 1556321061.226828575134277 11.119847370370364
3.464872321242000 2000690621.718409299850464 11.125349444444439
3.632383868802000 2148276109.086857795715332 11.129837203703698
3.620334560864001 2272035599.764413356781006 11.134364907407402
1.943169609186000 2303034036.333263397216797 11.138799166666661
3.485854583224000 1577699961.401552677154541 11.143980722222217
3.572908429254000 1963026639.657155752182007 11.149438333333329
3.446221273266000 2227736791.680314540863037 11.153961296296291
3.440651553682000 2159217339.949965000152588 11.158476666666662
1.963340920008000 2138422610.665139913558960 11.162908203703699
3.516702853872000 1558024573.526236057281494 11.168053759259255
1.953825181662000 2001935913.183149576187134 11.173541685185182
3.447294244914000 1565172124.896617650985718 11.178713962962959
1.968659111854000 1961945338.208409309387207 11.184183962962960
3.431870109590000 1559075957.917732715606689 11.189337888888886
1.961239748160000 1962879790.172300577163696 11.194795629629628
3.432937088315000 1558996056.325875997543335 11.199946870370368
1.949893379460000 1962376528.001516103744507 11.205418796296295
3.578399395168000 1558495712.588646173477173 11.210563055555554
3.435072237920000 1798934019.720108270645142 11.216045333333332
3.424158041928000 1646872241.669607877731323 11.232048203703702
1.949198303980000 2127483065.998381614685059 11.237952388888887
3.418571132094000 1820726540.433099746704102 11.247511388888887
3.756944633729000 2070370631.906693696975708 11.257366629629628
3.456080484416000 1738939630.558255910873413 11.268223851851850
2.082881654180000 2148160705.229434490203857 11.272715166666664
2.244137008052000 1558680047.497391223907471 11.277861648148146
3.501278718548000 1437743085.211089372634888 11.282471333333332
3.455006312576000 2000580993.287867546081543 11.287972703703701
1.955919677442000 2146697900.025660037994385 11.292447185185184
3.455006312576000 1558569993.053781032562256 11.297592537037035
1.949893379460000 1963097496.353995800018311 11.303065296296294
1.947806599200000 1557703569.024053812026978 11.308208833333332
1.941090024720000 1492588704.751494884490967 11.312817129629629
1.949198303980000 1492708017.923078775405884 11.317421166666666
1.943169609186000 1492652349.457972288131714 11.322021518518518
3.424158041928000 1492410483.023093700408936 11.326618722222221
3.440651553682000 1961679308.487757444381714 11.332086074074073
1.949198303980000 2138468205.869814157485962 11.336516777777778
3.416445974266000 1551088939.860941886901855 11.341683814814814
3.494652811251000 1962108933.155424356460571 11.347151999999999
3.440651553682000 2183332518.337408542633057 11.351650999999999
1.922312810132000 2148011383.931333541870117 11.356140759259258
1.968659111854000 1558892950.410454750061035 11.361281851851851
3.517796207352000 1492930636.511539220809937 11.365891759259259
3.578399395168000 2002286802.004826784133911 11.371393296296297
3.456080484416000 2238449724.961593627929688 11.375877518518520
3.470430447900000 2158375642.292490005493164 11.380375296296297
3.463794949783000 2137163489.240173101425171 11.384810518518519
1.968659111854000 2153448805.707039833068848 11.399181333333333
3.489107082112000 1480589416.611134529113770 11.405295037037037
1.967956322640000 2147882261.801832675933838 11.413326981481482
1.928345273386000 1836970761.968981981277466 11.422939018518520
3.463794949783000 1487576377.503742218017578 11.432291685185186
3.701792477760000 1824053484.602917432785034 11.439672833333335
3.863745898662000 2136297239.950476646423340 11.444115185185186
3.794337289704000 2209120604.914933681488037 11.448621481481483
3.556368534186999 2178080368.218592166900635 11.453055240740742
3.479223880517000 2247136409.632834434509277 11.457502222222223
1.961940138776000 2158680504.466631412506104 11.462013037037037
3.439582177252000 1558625076.848406553268433 11.467163870370371
1.961940138776000 1960585307.840087890625000 11.472629370370370
1.957315401615000 1558374239.376459598541260 11.477775611111111
1.955919677442000 1492679904.340894222259521 11.482375277777779
1.949198303980000 1492324724.523445606231689 11.486980092592594
1.941090024720000 1492607468.325400352478027 11.491582740740743
1.961940138776000 1491404900.647870063781738 11.496187574074076
1.941090024720000 1492955671.447196960449219 11.500789574074076
3.425222622948000 1492902624.526160717010498 11.505391462962965
3.440651553682000 1963065519.411530017852783 11.510864537037039
3.449438591526000 2138395348.545479536056519 11.515293259259261
3.494652811251000 2138304962.200115919113159 11.519729388888891
3.401021838942000 2176974041.008697032928467 11.524224370370373
1.941783219542000 2148887108.881978034973145 11.528714111111114
3.448366019049000 1559013524.681465625762939 11.533867925925929
3.533225138086000 1962914478.584099531173706 11.539338074074077
1.962641050904000 2227565925.122083663940430 11.543843185185189
1.948502192620000 1570845023.213356018066406 11.549036555555560
1.954523173680000 1400710898.693659305572510 11.553670648148152
3.439582177252000 1485736228.072842359542847 11.568289759259264
3.402079226847000 1832383510.903116703033447 11.575729018518523
1.955919677442000 2163531611.721158504486084 11.584704240740745
3.418571132094000 1620788656.676298618316650 11.595451629629634
3.686368342436000 1910939748.792978763580322 11.605558388888893
1.967956322640000 2137412726.157748222351074 11.609997481481486
3.848321763338000 1558710171.874943733215332 11.615146574074078
1.955221165698000 2035528183.002770423889160 11.620674925925931
1.954523173680000 1528130080.141459703445435 11.625869444444449
3.447294244914000 1491902068.515812635421753 11.630470166666671
3.580625294112000 1962519783.618263244628906 11.635937185185188
3.524414921534000 2222234397.969826698303223 11.640446925925929
3.612615297408000 2203903260.169449806213379 11.644932037037039
3.458230028288000 2238488615.293332576751709 11.649426370370373
1.955221165698000 2158790748.328394889831543 11.653932462962965
3.461640607822000 1558596354.054170608520508 11.659076685185187
3.532126989196000 1961988175.978816986083984 11.664545777777780
1.948502192620000 2183597392.638036727905273 11.669037333333335
3.514514925288000 1565394975.320758342742920 11.674207370370372
3.517796207352000 2001942904.549762010574341 11.679698500000001
3.524414921534000 2192668236.588628768920898 11.684141592592594
3.491393116569000 2193318846.097525119781494 11.688567796296297
1.960539357544000 2193722944.193869590759277 11.692993833333334
1.954523173680000 1540910054.955676317214966 11.701040722222222
1.948502192620000 1480276061.953810930252075 11.705666629629629
1.928345273386000 1492455486.392588138580322 11.710271962962963
1.955221165698000 1492776487.926265239715576 11.714871018518519
3.618084257123000 1491633535.421849727630615 11.719471129629630
3.539839056858000 2080085056.433408498764038 11.725008629629631
3.478142515562000 2043575381.362703323364258 11.729528240740741
1.955221165698000 1639860428.433961629867554 11.745636000000001
1.960539357544000 1481636895.852445602416992 11.751772592592594
3.438511605988000 1755817411.620383501052856 11.760467722222224
3.486938345884000 2123068032.151939630508423 11.770436592592594
2.062724734946000 2132916536.558755636215210 11.779296759259260
3.778913154380000 1684766045.604431152343750 11.786170685185187
3.535422662848001 2001902916.149350643157959 11.791674518518521
2.077645014666000 2229025005.459257125854492 11.796169092592596
1.963340920008000 1534236823.800096273422241 11.801360481481485
3.525510672719000 1491888935.416331052780151 11.805959740740745
3.517796207352000 1962897651.546175479888916 11.811431425925930
1.975378084932000 2182743390.383384704589844 11.815916333333337
3.533225138086000 1564443131.398859024047852 11.821087611111116
1.960539357544000 2001000100.927863359451294 11.826592092592596
1.954523173680000 1565077377.605724096298218 11.831763222222227
3.526607240106000 1491896809.396767139434814 11.836365277777782
3.480306050958000 2000482391.204178810119629 11.841871259259264
3.464872321242000 2148600406.047801017761230 11.846358962962968
1.962641050904000 2138431081.797942638397217 11.850792425925931
3.462718380238000 1559171891.682034254074097 11.855943925925931
3.577285616992000 1962266447.368421077728271 11.861415925925931
3.472589186100000 2228127608.056864261627197 11.865928296296302
3.480306050958000 2158937214.813476562500000 11.870437203703709
1.968659111854000 2138237837.025534391403198 11.874873481481487
3.447294244914000 1559101832.728221416473389 11.879984259259265
1.974672897120000 1963598563.661308765411377 11.885450833333339
1.968659111854000 1559082805.439647197723389 11.890590055555561
3.486938345884000 1492655046.292384386062622 11.895192444444451
1.975378084932000 1867320394.819849491119385 11.900916574074081
1.935755557056000 1932321301.321020603179932 11.915900777777784
3.455006312576000 1482574431.611866235733032 11.922479648148155
3.446221273266000 2106157272.016338109970093 11.932354259259267
3.817473492690000 2165624389.146157264709473 11.941323944444452
1.954523173680000 2199972834.179601192474365 11.950303092592600
3.841803752766000 1570958007.666116952896118 11.955491870370379
3.534324104964000 2040811024.228521823883057 11.961021777777786
3.532126989196000 2153894909.430315494537354 11.965505740740749
1.968659111854000 2192461829.910995483398438 11.969943722222231
3.448366019049000 1565526526.082130908966064 11.975116129629638
1.961940138776000 1962113225.177401065826416 11.980586055555564
1.955221165698000 1558914588.411775827407837 11.985721537037046
3.464872321242000 1492423771.114406585693359 11.990329370370379
3.462718380238000 1962911005.186398983001709 11.995799518518528
3.423092271432000 2137038011.058981418609619 12.000220259259269
3.632383868802000 2138166839.300332546234131 12.004654111111121
3.445149499131000 2272315076.061733722686768 12.009178944444454
3.457155456384000 2169342121.916069030761719 12.013714851851860
1.967956322640000 2138385387.609200239181519 12.018149444444452
1.941090024720000 1559079187.952301025390625 12.023300574074081
3.508990786210000 1492824824.156191110610962 12.027902722222230
3.479223880517000 2001520489.622139453887939 12.033400537037044
1.955919677442000 2148796837.514530181884766 12.037893018518526
1.968659111854000 1558560069.113226890563965 12.043037555555562
1.934373450240000 1492680248.085462331771851 12.047641703703711
1.949198303980000 1492127551.759084939956665 12.052246370370378
1.956617149734000 1493088306.141899585723877 12.056851351851860
1.948502192620000 1492878674.974926233291626 12.061448888888897
3.439582177252000 1489722587.415117740631104 12.066054944444453
3.465949291744000 1655200094.304510354995728 12.081528851851861
3.440651553682000 2181223527.537732601165771 12.088504129629639
3.447294244914000 2149952291.033364295959473 12.097477518518527
2.088854663280000 2132927200.276113033294678 12.106330574074082
3.540939603453000 1811140769.211513042449951 12.115947444444453
1.969362424366000 2000755545.089067935943604 12.121451981481490
3.788980645277999 1565029467.125099897384644 12.126617185185195
3.555263192182000 1988910936.064685821533203 12.132120722222231
1.976083797828000 2140095670.784365415573120 12.136559555555564
1.948502192620000 1564916826.912766456604004 12.141740629629638
1.963340920008000 1492563558.656359910964966 12.146337870370379
1.969362424366000 1492399070.302352666854858 12.150943111111120
1.949198303980000 1492603686.524811267852783 12.155550481481491
3.455006312576000 1491748886.824100017547607 12.160154425925935
1.961940138776000 1963008479.727779388427734 12.165607518518527
3.456080484416000 1558931711.422672748565674 12.170756148148158
3.524414921534000 1962134445.807549238204956 12.176220555555565
3.447294244914000 2183449089.560846805572510 12.180715740740750
3.525510672719000 2148901684.037730693817139 12.185205611111121
1.961239748160000 2182988991.728294849395752 12.189685407407417
3.586111462830000 1565676598.148618221282959 12.194864722222231
1.950589231850000 2040692507.030936002731323 12.200395833333342
1.949893379460000 1571491767.073288202285767 12.205586148148157
1.935064246464000 1492898905.577415466308594 12.210193685185194
1.943169609186000 1491724649.847567796707153 12.214804111111119
1.961239748160000 1492656839.798413515090942 12.219400981481490
3.457155456384000 1492166977.679761409759521 12.223985759259268
3.446221273266000 1963392041.933747053146362 12.229454703703713
3.492479276934000 1987544702.421928882598877 12.233893314814823
1.963340920008000 2144619395.952071189880371 12.248748648148156
1.942476930518000 1679865500.191452980041504 12.255422759259268
3.516702853872000 1685234825.806187629699707 12.266285500000009
3.834089287399000 1761496736.401067972183228 12.276521870370379
1.955221165698000 1907897682.878935098648071 12.287272759259269
2.082881654180000 1570164642.211581945419312 12.292466962962973
2.071660287620000 1492339690.926857471466064 12.297072129629639
1.969362424366000 1486267808.351280927658081 12.301680870370379
3.402079226847000 1441284395.031325817108154 12.306283037037046
3.440651553682000 1961788425.215039968490601 12.311734222222231
3.448366019049000 2136308935.210326194763184 12.316167370370380
3.425222622948000 2138135644.272643804550171 12.320593981481490
3.495739780674000 2138493869.420754432678223 12.325019277777788
1.949198303980000 2183095713.050282001495361 12.329516129629640
1.957315401615000 1565391680.606349229812622 12.334686111111122
1.955919677442000 1491132973.312048435211182 12.339291462962974
1.935755557056000 1492867023.135668277740479 12.343901148148159
1.935755557056000 1491938935.725420236587524 12.348498611111122
1.954523173680000 1492894974.377126693725586 12.353102425925936
3.425222622948000 1492991702.597920179367065 12.357702259259270
3.486938345884000 1963425830.093338727951050 12.363170185185195
1.934373450240000 2183304826.355320930480957 12.367652518518529
3.532126989196000 1564575642.286460876464844 12.372812037037047
3.556368534186999 2041922268.210533618927002 12.378337685185196
3.508990786210000 2248241804.611599922180176 12.382778981481492
3.402079226847000 2203635752.062095642089844 12.387271444444455
3.427352974464001 2149070035.779283046722412 12.391758833333343
3.456080484416000 2137438972.162740707397461 12.396195333333344
3.525510672719000 2137614468.216872692108154 12.400620870370380
1.941783219542000 2182222586.248054981231689 12.405120166666677
1.933682654016000 1462388899.975767374038696 12.410316685185196
1.955221165698000 1486415664.337791204452515 12.424929259259269
3.473668555200001 1483568150.667546510696411 12.431495592592603
3.547551124520000 2070043097.052674055099487 12.441380259259269
3.711811996698000 1930995905.743587493896484 12.452050129629638
2.076162681102000 1884194830.731981754302979 12.462758000000008
3.439582177252000 1557978317.170728921890259 12.467906296296304
3.660067813596000 1946745595.518389225006104 12.473380518518526
3.539839056858000 2212089805.220530986785889 12.477914611111119
1.968659111854000 2207601346.806869983673096 12.482430092592601
1.968659111854000 1564704524.455840587615967 12.487601166666675
1.961239748160000 1491678741.056813955307007 12.492205851851860
3.579511930288000 1492489402.170634984970093 12.496811092592601
1.955919677442000 2041432929.751249074935913 12.502337222222231
3.456080484416000 1571654344.335414886474609 12.507527037037045
1.948502192620000 1961354998.372748851776123 12.512989555555563
3.463794949783000 1558838833.596506834030151 12.518138018518526
1.941783219542000 1962721576.964350461959839 12.523608444444452
3.456080484416000 1558439328.544064760208130 12.528761425925934
1.955221165698000 1962967924.413123369216919 12.534221907407415
3.422027690412000 1559265877.326120853424072 12.539370759259267
3.578399395168000 1962647309.650171518325806 12.544838518518526
3.571797464921000 2228220453.631266593933105 12.549350259259267
1.967253533426000 2248509117.170671463012695 12.553786333333340
3.426287996952000 1571330241.419045925140381 12.558977092592599
3.456080484416000 1962333463.231482028961182 12.564441962962970
3.463794949783000 2138671319.855228185653687 12.568878055555563
3.535422662848001 2137587493.253335952758789 12.573304111111119
3.494652811251000 2153086109.354856967926025 12.577814740740749
3.485854583224000 2134481222.650382041931152 12.593125740740749
3.431870109590000 2050231890.141144990921021 12.599037703703713
1.969362424366000 1864916158.823898792266846 12.609649037037046
2.056005761868000 1488706143.871565341949463 12.619545981481490
2.076162681102000 1476362160.665798902511597 12.628978259259268
3.672085514692000 1492282233.428988933563232 12.633579388888897
3.456080484416000 1962542233.585973978042603 12.639054888888896
3.742679456130000 2137894254.009877443313599 12.643475685185193
1.942476930518000 2116176117.022151470184326 12.647980055555562
1.955919677442000 1563074359.047769069671631 12.653154648148154
3.438511605988000 1494385604.764620065689087 12.661046148148154
1.963340920008000 1959166552.894069194793701 12.666498870370376
3.448366019049000 1558548236.150185823440552 12.671639666666671
3.465949291744000 1962118390.925465583801270 12.677098981481485
1.942476930518000 2138170318.334071159362793 12.681532944444449
1.936445838912000 1558631647.127404451370239 12.686679277777783
3.432937088315000 1492741724.943599700927734 12.691284259259264
1.969362424366000 1961641483.014732599258423 12.696759592592597
1.953825181662000 1559031762.328300714492798 12.701900203703708
1.948502192620000 1492852907.841324567794800 12.706507796296300
1.935064246464000 1492712147.625665903091431 12.711118055555559
3.442791501376000 1492687885.530800104141235 12.715720296296301
3.570687327506000 1962822741.184117794036865 12.721190222222226
3.565191564396000 2228308126.100464820861816 12.725702203703708
3.448366019049000 2244285245.819355964660645 12.730129574074079
1.955221165698000 2158888324.685408592224121 12.734637185185189
3.501278718548000 1558914829.496970176696777 12.739780462962967
3.643492351232000 2000875040.857794761657715 12.745276037037041
1.922312810132000 2067794608.747200489044189 12.749774407407411
3.524414921534000 1491916296.832720756530762 12.764913000000004
3.455006312576000 2124512890.612005472183228 12.771036462962966
3.448366019049000 2097589499.359369754791260 12.780792481481484
2.061988365360000 1730420348.372516155242920 12.791543000000003
3.710657841527000 1870546410.552550077438354 12.801291740740742
3.726086772261000 1962733664.361653327941895 12.806762907407409
1.955919677442000 2138192164.545382499694824 12.811196222222224
3.549757834680000 1552045959.223335981369019 12.816341685185186
3.578399395168000 1996564936.372422695159912 12.821859907407408
3.430801938710000 2246188938.268725395202637 12.826306000000001
3.448366019049000 2158648001.017231464385986 12.830820796296297
3.431870109590000 2127131658.031735897064209 12.835263703703705
1.949893379460000 2138134458.499713182449341 12.839683351851853
3.441721726668000 1557927516.517683506011963 12.844829351851853
1.941783219542000 1962925149.883141994476318 12.850296574074076
3.430801938710000 1558915370.919881343841553 12.855445185185186
3.502367276618000 1962189154.544193744659424 12.860920425925926
1.975378084932000 2176902037.258150577545166 12.865402666666666
1.941783219542000 1565237830.757889270782471 12.870577370370370
3.564082999554000 1492803586.708929300308228 12.875186981481480
3.494652811251000 2041129487.394113779067993 12.880717907407407
3.539839056858000 2203770317.758859634399414 12.885207685185184
3.558580453216000 2238425816.042118072509766 12.889692407407408
1.948502192620000 2247166981.805432319641113 12.894129018518518
1.941783219542000 1571878383.005435705184937 12.899321092592592
1.929722068638000 1492951708.043294429779053 12.903923499999999
3.441721726668000 1492301368.318020105361938 12.908520925925925
3.425222622948000 1962947875.617119789123535 12.913986129629629
3.430801938710000 2015476029.709655761718750 12.918429129629629
3.503456645532000 1624593712.963485479354858 12.935163740740741
3.572908429254000 1973346062.919544935226440 12.941994333333334
3.480306050958000 2175487574.810855865478516 12.951833962962963
3.756944633729000 2160954139.056308269500732 12.960732037037037
3.463794949783000 1715525226.999370574951172 12.972618185185185
3.678656274774000 2148397465.309209823608398 12.977098240740741
1.962641050904000 2132651762.294224739074707 12.981524814814815
1.969362424366000 1529394415.633923292160034 12.986674111111112
1.975378084932000 1492279533.265690565109253 12.991273444444445
3.434004861810000 1492833031.195861577987671 12.995880537037038
3.518890375248000 1961731804.006196737289429 13.001355388888891
3.462718380238000 2183175117.732612133026123 13.005850037037039
3.455006312576000 2148217724.067648410797119 13.010338388888890
1.947806599200000 2137832994.913232088088989 13.014761629629630
3.462718380238000 1557528242.572476863861084 13.019910148148149
1.947806599200000 1962346887.118715286254883 13.025382629629631
3.448366019049000 1558880020.747560739517212 13.030523796296297
1.955919677442000 1962556352.656922817230225 13.035988555555557
1.967956322640000 1558702996.961274385452271 13.041132037037038
3.447294244914000 1492848875.063300132751465 13.045739703703704
3.470430447900000 1962870613.580528020858765 13.051189500000001
3.408733906604000 2138758753.482388734817505 13.055623185185187
3.516702853872000 2137411482.150566577911377 13.060041314814816
1.928345273386000 2183567382.739909172058105 13.064525648148150
3.455006312576000 1565415979.660555124282837 13.069689851851853
3.416445974266000 1962821517.436156988143921 13.075145203703705
1.969362424366000 2138628508.198370456695557 13.079563425925928
1.967956322640000 1479728342.937153339385986 13.084721481481484
1.967956322640000 1907379244.897555589675903 13.101581592592595
1.953825181662000 1477761523.418787956237793 13.108153555555559
3.561866282436000 1486738062.874737977981567 13.117499592592596
3.719528861556000 1953090103.017397165298462 13.127578796296300
1.961940138776000 1887673030.964210748672485 13.138264370370374
3.724928680745999 1556758096.389965772628784 13.143408981481485
3.432937088315000 1957126641.546227455139160 13.148878925925930
3.448366019049000 2132466974.065805673599243 13.153316796296300
1.961239748160000 2138080624.535067319869995 13.157747944444449
1.976788460556000 1558405038.138811588287354 13.162892407407412
1.962641050904000 1492468473.691839456558228 13.167491740740745
1.969362424366000 1491875530.728954792022705 13.172093203703708
1.968659111854000 1493008353.899358749389648 13.176692962962967
1.962641050904000 1492888801.265002727508545 13.181295500000004
1.968659111854000 1492606265.665168762207031 13.185898481481486
1.967956322640000 1492409636.809134721755981 13.190501203703707
3.461640607822000 1492706126.027573585510254 13.195105722222227
3.525510672719000 1953282407.329009771347046 13.200573592592598
3.432937088315000 2173117647.783706188201904 13.205081870370375
1.968659111854000 2148511766.890915870666504 13.209568722222226
3.517796207352000 1559308309.717656135559082 13.214711518518522
3.455006312576000 2001470609.484775543212891 13.220196722222225
3.517796207352000 2149074480.238547801971436 13.224686851851855
3.486938345884000 2183460577.387115001678467 13.229176425925930
3.472589186100000 2148584075.611374855041504 13.233669185185189
3.507898611490000 2138395981.151718616485596 13.238098314814819
1.955919677442000 2138359420.386771202087402 13.242529111111114
1.962641050904000 1558761016.626087427139282 13.247678314814818
1.969362424366000 1453779579.972619056701660 13.252290888888892
1.961239748160000 1481641686.633064270019531 13.256912851851855
3.446221273266000 1969964971.924721956253052 13.272970870370374
3.522222194861000 2076659994.519380092620850 13.279052907407412
3.439582177252000 2169727259.608081340789795 13.288805500000004
3.772373564463000 2166723144.910847187042236 13.297714425925930
3.539839056858000 2150910029.202843189239502 13.306674740740744
2.089600627258000 2192431953.328471660614014 13.311118722222226
2.089600627258000 1564027054.703780412673950 13.316290685185189
1.961239748160000 1484090774.718035936355591 13.320901203703707
1.955919677442000 1434030599.031190395355225 13.325534611111115
1.961940138776000 1491723125.108191967010498 13.330134629629633
3.455006312576000 1492599019.995003223419189 13.334730222222225
3.485854583224000 1961673361.565104484558105 13.340205185185187
3.523317946046000 2137622669.388061761856079 13.344641907407409
1.961940138776000 2182826057.279018878936768 13.349118370370372
3.511173510390000 1565307853.331949710845947 13.354293574074076
1.961239748160000 2002061330.946146965026855 13.359796203703706
1.949198303980000 1565019930.750300407409668 13.364973388888892
1.962641050904000 1488809116.465378999710083 13.369578000000002
1.963340920008000 1492724115.579568624496460 13.374177685185188
1.961940138776000 1492738373.565922260284424 13.378782851851854
3.444077325824999 1492713261.389150381088257 13.383385185185187
3.570687327506000 1961175996.074915170669556 13.388858055555557
3.440651553682000 2227951772.199202537536621 13.393367518518520
3.427352974464001 2159052821.955560684204102 13.397883037037039
3.565191564396000 2138234991.581716060638428 13.402304629629631
1.947806599200000 2227750707.170089721679688 13.406821851851854
1.968659111854000 1571553279.965615510940552 13.411992129629631
1.948502192620000 1492998283.573068857192993 13.416588240740742
1.955919677442000 1492725487.273884296417236 13.421185814814816
1.968659111854000 1490977949.318739891052246 13.425801444444446
3.402079226847000 1490683913.588581323623657 13.430409888888891
3.527703399392000 1657601137.873724222183228 13.445864314814816
3.440651553682000 2179718561.517329216003418 13.451829962962965
3.455006312576000 2093021608.134239912033081 13.460736074074076
1.942476930518000 1696082862.010926008224487 13.471485314814815
3.478142515562000 1487382815.811784744262695 13.478474944444445
3.704095131840000 2152280661.311451911926270 13.485769092592593
3.557474699538000 2147756479.762347221374512 13.490257425925925
3.756944633729000 2182475456.168187141418457 13.494739203703704
1.955221165698000 2150231278.332587718963623 13.499126574074074
3.580625294112000 1542110992.124179363250732 13.504297111111111
3.501278718548000 2041069919.714720249176025 13.509812166666666
1.956617149734000 2197346497.902824878692627 13.514302333333333
1.955221165698000 1565118045.540593147277832 13.519477203703703
3.516702853872000 1491576513.486754655838013 13.524078425925925
1.975378084932000 2001782486.132581710815430 13.529576925925925
1.955221165698000 1565661265.028750658035278 13.534749111111109
1.970064690282000 1492711726.456407308578491 13.539354240740739
1.961940138776000 1492802985.782562017440796 13.543961259259257
3.501278718548000 1491625744.876896619796753 13.548563685185183
3.458230028288000 1997633813.418642044067383 13.554074537037035
3.424158041928000 2148583980.311459541320801 13.558551666666665
3.461640607822000 2128726905.376585483551025 13.563006166666664
3.462718380238000 2138191431.982700586318970 13.567442129629628
3.517796207352000 2138429982.466393709182739 13.571878055555553
1.967956322640000 2182452040.782657146453857 13.576367981481479
1.961239748160000 1565905050.099913358688354 13.581539129629627
3.500188944212000 1492655008.524463653564453 13.586144611111109
3.548654068820000 2001348039.974426984786987 13.591648129629627
3.470430447900000 2240541527.466414928436279 13.597141370370368
3.479223880517000 2140380000.738040685653687 13.601657833333331
1.976083797828000 2190393238.758757114410400 13.615971444444442
1.947111005780000 1600689268.479260444641113 13.622798166666664
3.425222622948000 1487295127.816093921661377 13.632147537037035
3.700640293440000 1919885781.503694534301758 13.642207203703702
1.967956322640000 2119774432.624996900558472 13.651127425925925
3.778913154380000 1557429499.469434022903442 13.656275666666666
3.519984135936000 1996618627.470774888992310 13.661778888888888
1.963340920008000 2192653922.960023403167725 13.666202277777776
3.502367276618000 1523569097.288037538528442 13.671380296296295
1.941090024720000 2000522559.566070318222046 13.676883833333331
1.955221165698000 1565309381.752507448196411 13.682051666666665
1.949893379460000 1492709324.200472831726074 13.686658555555553
1.964041571380000 1488845038.462776422500610 13.691261370370368
3.453930940544000 1492512493.662634849548340 13.695863703703701
3.446221273266000 1961772230.509300231933594 13.701338537037033
1.948502192620000 2138352677.284745693206787 13.705771925925923
1.941783219542000 1558439770.595795631408691 13.710915685185181
3.555263192182000 1492852048.576740264892578 13.715517796296293
3.479223880517000 2033747883.304954528808594 13.721053592592590
3.493566650886000 2203883639.126055240631104 13.725538999999998
1.941783219542000 2193416575.130204677581787 13.729972907407404
3.546446947880000 1565111819.185387849807739 13.735139648148145
1.955919677442000 2040794780.067516565322876 13.740652703703701
3.554156615158000 1571718530.670470714569092 13.745845296296293
3.508990786210000 2042100832.729905843734741 13.751369296296293
1.960539357544000 2203685626.013175010681152 13.755858759259256
3.534324104964000 1563981673.592205286026001 13.761028388888885
3.506807655715000 2001662880.722599983215332 13.766539351851849
3.472589186100000 2189338265.450726032257080 13.770982388888886
1.955221165698000 2153524780.831964969635010 13.785297888888886
1.941090024720000 1477192577.417788743972778 13.791363462962961
1.941783219542000 1488284384.772191286087036 13.801774240740739
3.717216613084000 1487852187.243752002716064 13.811123907407406
3.446221273266000 2113943891.653869390487671 13.821132981481480
2.082881654180000 2146856471.461257934570312 13.825624925925924
3.580625294112000 1558581573.965434074401855 13.830770222222220
1.962641050904000 2036223246.960414886474609 13.836296074074072
1.969362424366000 1541051521.321319341659546 13.841489537037035
1.954523173680000 1491811400.388293266296387 13.846096592592589
1.961940138776000 1492667941.728339433670044 13.850695740740738
1.955221165698000 1492190978.805627584457397 13.855296018518516
1.955221165698000 1492856965.904429435729980 13.859900722222219
3.538737280602000 1491991984.258242130279541 13.864502777777775
1.962641050904000 2001787048.840126991271973 13.870008648148145
1.948502192620000 1565283291.920573472976685 13.875180907407405
3.458230028288000 1492935586.901237010955811 13.879790333333331
1.942476930518000 1960678127.758593320846558 13.885265648148145
3.447294244914000 1555147643.331343412399292 13.890414944444442
3.532126989196000 1962770735.243308305740356 13.895882018518517
3.470430447900000 2182108554.996405601501465 13.900364129629628
3.486938345884000 2148864333.172487735748291 13.904854296296294
3.462718380238000 2138329573.254736185073853 13.909290111111110
3.456080484416000 2138434472.272138833999634 13.913711055555554
1.955221165698000 2138192064.659567832946777 13.918142240740739
3.533225138086000 1558411052.508415460586548 13.923286037037036
1.954523173680000 1992272760.159170389175415 13.928814703703702
3.492479276934000 1565626472.093297958374023 13.933989685185184
3.588342158970000 1893815396.811533927917480 13.939502611111109
3.417508157581000 2156880203.008347988128662 13.954608722222220
1.955919677442000 2123032767.298322916030884 13.960591425925925
3.430801938710000 1633399218.464629173278809 13.970325351851852
2.068704939840000 2087417061.347093105316162 13.980288092592593
1.962641050904000 1467175057.151330709457397 13.990341000000001
2.082138088800000 1491854589.055150747299194 13.994943537037038
1.954523173680000 1492317876.695259332656860 13.999550611111113
2.088854663280000 1483053835.979367733001709 14.004156851851853
3.416445974266000 1491266474.399971008300781 14.008760796296297
3.450510764832000 1946745710.008061647415161 14.014227870370371
3.447294244914000 2137694627.410522937774658 14.018661555555557
3.456080484416000 2137067351.139672756195068 14.023087777777778
3.625798722490000 2138142770.912627220153809 14.027505629629630
3.393309771280000 2271358914.578338623046875 14.031993388888889
1.963340920008000 2169396701.605099201202393 14.036528703703704
1.963340920008000 1558850871.255760431289673 14.041672407407408
3.439582177252000 1492644863.009564638137817 14.046274648148149
3.502367276618000 1962011609.710062742233276 14.051729851851853
3.516702853872000 2182144592.817358016967773 14.056221648148149
3.500188944212000 2193370981.544640064239502 14.060657777777779
1.961940138776000 2193631547.235495090484619 14.065083592592593
3.499100386142000 1565411559.045415163040161 14.070253185185186
3.447294244914000 2001326597.605273723602295 14.075759111111111
3.463794949783000 2147961591.922424793243408 14.080248907407407
1.962641050904000 2138801388.207778453826904 14.084667074074074
1.961239748160000 1559223384.027001380920410 14.089819055555555
1.963340920008000 1492618842.520539999008179 14.094423888888889
1.955919677442000 1492459324.794402122497559 14.099028796296295
3.508990786210000 1492728533.260369300842285 14.103631092592591
1.969362424366000 2001397659.696911334991455 14.109133703703703
3.415382604154000 1561514357.228029012680054 14.114305314814814
3.469350275100000 2196804369.543029785156250 14.129709925925924
1.941783219542000 2087854121.710956335067749 14.138351833333331
3.426287996952000 1488273293.342408657073975 14.148255314814813
3.791976629916000 1923459322.521406173706055 14.158299092592591
3.447294244914000 2222277055.073149681091309 14.164558444444443
2.091092555214000 2158347433.746651649475098 14.169073240740740
3.501278718548000 1558972033.404544591903687 14.174222240740740
1.954523173680000 2001016373.326681137084961 14.179715592592592
3.494652811251000 1519529935.147671461105347 14.184889740740740
1.961940138776000 1962592108.871172428131104 14.190360018518518
3.479223880517000 1558802200.093467950820923 14.195511314814814
1.962641050904000 1961528694.404591321945190 14.200984055555555
3.588342158970000 1558868136.964141368865967 14.206135444444444
3.524414921534000 2041404681.064791679382324 14.211665999999999
3.486938345884000 2202501488.770300388336182 14.216156407407407
1.968659111854000 2148999365.513604164123535 14.220651148148148
1.953825181662000 1558617028.710150241851807 14.225792574074074
3.501278718548000 1492667211.234734296798706 14.230394703703704
1.954523173680000 2001741396.614553689956665 14.235893185185185
3.542040969822000 1560784560.021484136581421 14.241064944444444
1.949198303980000 2001734965.625620603561401 14.246568074074073
3.579511930288000 1565359541.500446319580078 14.251734685185184
1.969362424366000 2039962565.661038160324097 14.257255462962961
3.447294244914000 1571399191.247789144515991 14.262448648148146
3.517796207352000 1962916320.241916656494141 14.267923444444442
3.464872321242000 2182387404.761413097381592 14.272407796296294
3.484769609656000 2149245573.759661674499512 14.276892833333331
2.009690665138000 2183211603.589350700378418 14.281387611111109
3.409793692214000 1562928159.326411008834839 14.286564962962961
1.948502192620000 1656448511.362546682357788 14.302015333333332
1.928345273386000 1505559722.399083137512207 14.308995777777776
1.941783219542000 1487136147.010426759719849 14.318325425925924
3.718372306894000 1487757916.787112951278687 14.327678499999998
3.763489019056000 1966416894.988768339157104 14.337884462962961
3.776562090770000 2192568137.234442234039307 14.342321314814813
1.953825181662000 2192897293.592551231384277 14.346752499999997
3.558580453216000 1520442208.897983551025391 14.351928870370367
3.448366019049000 2039848620.337250947952271 14.357437462962960
1.961239748160000 2158805225.085684299468994 14.361932870370367
1.941090024720000 1558700021.612275600433350 14.367073981481479
1.954523173680000 1492279423.487257957458496 14.371673796296294
1.968659111854000 1491341193.892908573150635 14.376275611111110
3.484769609656000 1491791335.115900278091431 14.380881259259258
1.949893379460000 2001572313.296903610229492 14.386371259259258
1.940396829898000 1565538846.597297191619873 14.391543074074074
3.432937088315000 1491960663.798401832580566 14.396152907407407
3.518890375248000 1962787162.596727371215820 14.401623611111111
3.440651553682000 2182875354.993784904479980 14.406122907407408
3.447294244914000 2148665652.141637325286865 14.410613240740741
3.432937088315000 2138281903.442751646041870 14.415051981481481
1.955221165698000 2138379057.434084177017212 14.419483148148148
1.949893379460000 1558508386.753672361373901 14.424636777777778
1.950589231850000 1493090155.423732995986938 14.429238296296296
3.419633711008000 1493018626.084574699401855 14.433835592592592
3.434004861810000 1962692892.806593179702759 14.439291462962963
3.439582177252000 2138481112.970711469650269 14.443717388888889
3.664371049325000 2137621538.010102748870850 14.448135074074074
3.591587621018000 2223479597.409690380096436 14.452644759259259
1.942476930518000 2219322445.566576004028320 14.466907000000001
1.943169609186000 1480410994.662055492401123 14.473064870370370
1.970064690282000 1757699453.889308691024780 14.481762740740741
1.950589231850000 1855054505.492216110229492 14.492429351851852
1.941783219542000 1487794538.129701614379883 14.501779018518519
3.664371049325000 1472258642.547313213348389 14.508293944444445
3.850715564142000 1962327903.449633121490479 14.513751851851852
3.392253602320000 2222020728.061913967132568 14.518274259259259
3.583880351445000 2140262027.671344041824341 14.522783537037038
3.424158041928000 2183444972.307692527770996 14.527297425925926
3.539839056858000 2158236926.641307353973389 14.531805462962964
3.517796207352000 2182258788.664567470550537 14.536304629629631
1.982805171290000 2193714305.954320430755615 14.540748648148149
