2.130675387454000 1485610332.672781229019165 0.001055981481481
3.772373564463000 1489423513.310670614242554 0.005670074074074
2.135870684640000 1960936224.075377941131592 0.011141777777778
3.781263780420000 1548539118.972242355346680 0.016283500000000
3.847123971722000 1962260179.227785110473633 0.021734870370370
3.879170033986000 2182977651.139742374420166 0.026219314814815
2.136633438804000 2193050928.819661617279053 0.030663425925926
2.123195492648000 1563211863.465527772903442 0.035832111111111
2.141822106358000 1492349007.701123952865601 0.040437018518519
2.138158947132000 1492473863.138032674789429 0.045039925925926
2.130675387454000 1493907109.887279748916626 0.050648703703704
2.137396760916000 1491643513.579879045486450 0.055249055555556
2.142587259120000 1492942992.788025856018066 0.059847888888889
2.103789893606000 1390279872.445700883865356 0.064458851851852
2.095571237760000 1908375310.770046710968018 0.081218296296296
2.097068520144000 1480533651.043118953704834 0.087793129629630
2.117987636310000 1487624257.011260271072388 0.097149111111111
2.184446375150000 1854431157.387057542800903 0.107808018518519
2.212909852685000 1478676760.101800441741943 0.117216407407407
3.770027298942000 1491968296.160259008407593 0.121814518518519
3.948578642944000 1960423072.237787723541260 0.127287185185185
3.771201086718000 2106258960.917544603347778 0.131724148148148
2.130675387454000 2136939900.119104862213135 0.136155351851852
2.129154110160000 1558529967.978091478347778 0.141308074074074
2.124711406584000 1488460023.095710277557373 0.145910500000000
3.886882101648000 1492595910.708821296691895 0.150509685185185
3.817473492690000 2041143179.799943208694458 0.156035888888889
2.129914465726000 2203735049.953651428222656 0.160530796296296
3.793156300776000 1565490925.365652799606323 0.165702925925926
2.123954013992000 2001544609.233813762664795 0.171205648148148
3.765830050704000 1565723136.412459611892700 0.176377870370370
2.123195492648000 1962979292.306441307067871 0.181843722222222
2.123954013992000 1557909897.723879814147949 0.186991370370370
2.117987636310000 1493096623.466445684432983 0.191596685185185
2.122437535680000 1494933064.921993017196655 0.199765462962963
3.733801237628000 1492717361.016034603118896 0.204364314814815
3.818660356665000 1962726724.146678686141968 0.209839111111111
2.116476519570000 2183078527.991561889648438 0.214333851851852
2.131435176858000 1564919496.268656730651855 0.219495333333333
3.894594169309999 1492809617.496891975402832 0.224098055555556
2.143352411882000 2041265339.833205699920654 0.229613833333333
3.763489019056000 1549907429.807459592819214 0.234819092592593
2.116476519570000 1634222691.554890155792236 0.250259981481481
3.778913154380000 1475746807.460413217544556 0.256375222222222
2.109004386720000 1913903033.443949222564697 0.267452351851852
2.197104196506000 1646738772.770198822021484 0.277217796296296
2.135870684640000 1673937566.125026702880859 0.288157370370370
4.017987251901999 1491936307.119185209274292 0.292750592592593
2.137396760916000 2001579225.061830043792725 0.298254018518519
3.761147551624000 1559360883.849771261215210 0.303428351851852
2.142587259120000 1946227630.646785259246826 0.308891555555556
3.856033831000000 1558140560.384387016296387 0.314036833333333
2.143352411882000 2001729023.522754669189453 0.319535055555556
2.129914465726000 1565534497.775897979736328 0.324701518518519
3.926662871803000 1492535358.902521371841431 0.329301962962963
2.131435176858000 2032250149.265746593475342 0.334822814814815
3.772373564463000 1571209460.254732131958008 0.340014907407407
2.130675387454000 1962884882.295989751815796 0.345485314814815
2.130675387454000 1558655877.066275835037231 0.350626296296296
2.129914465726000 1492163669.086472988128662 0.355225685185185
3.731478962552000 1493047428.856714963912964 0.359825166666667
2.122437535680000 1963031105.654771804809570 0.365285648148148
3.841803752766000 1558938309.166235208511353 0.370434981481481
3.782439093440000 1999865905.935526847839355 0.375917037037037
2.129154110160000 2148724891.408317089080811 0.380389277777778
3.850715564142000 1558594440.202279329299927 0.385530685185185
3.778913154380000 1988759119.393636941909790 0.391059703703704
2.149303833600000 2148605610.949402332305908 0.395544981481481
2.144118134378000 1559061788.764045000076294 0.400695444444444
2.122437535680000 1492627265.924835205078125 0.405298666666667
3.763489019056000 1489034335.677536249160767 0.409909462962963
2.123195492648000 1656192056.279596805572510 0.425371944444444
2.136633438804000 1510613671.556967496871948 0.432332055555556
2.131435176858000 1486722858.466179370880127 0.441688018518519
3.940866575282000 1487626106.523068666458130 0.451045407407407
3.771201086718000 1945836599.251748800277710 0.461291518518519
2.218053242460000 2137771798.970728635787964 0.465728314814815
2.123195492648000 1557752015.280520677566528 0.470876481481481
3.749230168362000 1488179795.637365102767944 0.475476148148148
2.131435176858000 1945893762.496490001678467 0.480949907407407
2.116476519570000 1558086042.643278360366821 0.486093351851852
2.104540095762000 1492356817.605353116989136 0.490692962962963
2.115720961200000 1490456300.682198524475098 0.495296814814815
3.768854821197000 1492297100.603856563568115 0.499899944444444
2.123954013992000 1962893650.809809446334839 0.505357333333333
3.763489019056000 1558934597.599812984466553 0.510503537037037
2.129914465726000 1962559936.801562547683716 0.515965462962963
2.130675387454000 1558659046.645330667495728 0.521109481481481
2.129914465726000 1492756485.315242528915405 0.525711759259259
2.115720961200000 1488528591.268643140792847 0.530312037037037
2.115720961200000 1491982646.211304187774658 0.534913444444444
2.101537051066000 1492975256.852072477340698 0.539513296296296
2.137396760916000 1492641193.794457435607910 0.544116111111111
2.136633438804000 1492750615.317793369293213 0.548720777777778
3.888090544968000 1492654436.124164819717407 0.553315629629630
3.796697510136000 2041097836.369125366210938 0.558836185185185
2.129154110160000 2159489152.539582252502441 0.563334592592593
3.763489019056000 1559189780.943092584609985 0.568480388888889
3.854833639000000 1963162800.621818304061890 0.573948222222222
2.122437535680000 2181890533.080662727355957 0.578443407407407
2.111263866036000 1559183335.839976072311401 0.583614851851852
2.117232640530000 1968055316.848108768463135 0.599677870370370
3.764659099096000 1483354783.642402172088623 0.606251777777778
2.128393754594000 1740240006.523984909057617 0.616470481481481
2.197889122074000 1819890155.874045372009277 0.626029481481481
3.884463864792000 1477303429.238772869110107 0.635448481481481
2.218053242460000 2041269368.858971595764160 0.640972574074074
3.763489019056000 1571811474.269074678421021 0.646161962962963
3.805596883808001 1980451265.314929723739624 0.651654666666666
2.135870684640000 2191771313.047102928161621 0.656097259259259
3.825185560352000 1565091511.746241092681885 0.661265185185185
3.863745898662000 2001191531.089514493942261 0.666760666666667
2.129154110160000 2238306399.242233276367188 0.671237759259259
3.764659099096000 1571299466.290630578994751 0.676425074074074
2.131435176858000 1962437100.937372684478760 0.681877666666666
3.781263780420000 1557922698.878467798233032 0.687021092592592
2.129914465726000 1963130953.227362871170044 0.692490814814815
2.137396760916000 1558633729.055309772491455 0.697632222222222
2.117232640530000 1492569618.828673839569092 0.702239851851852
3.762317631664001 1491879412.758970499038696 0.706841407407407
2.130675387454000 1963358663.015256881713867 0.712311981481481
2.088854663280000 1558619264.486166238784790 0.717455777777777
3.763489019056000 1489729850.140129089355469 0.722061314814815
3.756944633729000 1962003295.529675245285034 0.727523259259259
3.717216613084000 2138685848.914732694625854 0.731956370370370
2.122437535680000 2138574315.852822542190552 0.736387407407407
2.135870684640000 1558952745.876867294311523 0.741534518518518
2.117232640530000 1491573402.188732862472534 0.746138907407407
3.778913154380000 1492201881.014873027801514 0.750710907407407
2.136633438804000 1959118646.593622446060181 0.756178592592592
2.123195492648000 1935374840.449215888977051 0.771151185185185
2.129154110160000 1478172529.533989667892456 0.777755314814815
3.778913154380000 1912237009.194411754608154 0.788456259259259
2.178501568776000 1706233027.616021156311035 0.798677111111111
2.143352411882000 1478196319.724833726882935 0.808648185185185
3.948578642944000 1492331490.957619905471802 0.813255092592592
2.114965402830000 1958389034.765255451202393 0.818720851851852
2.291169819598000 1558671971.051296949386597 0.823869166666666
3.772373564463000 1487178095.077301740646362 0.828475944444444
2.109757546492000 1962347755.732116222381592 0.833946259259259
3.841803752766000 1558092631.806007385253906 0.839097277777778
2.137396760916000 2002594259.397660970687866 0.844598055555555
2.122437535680000 1565108063.089041948318481 0.849767703703703
3.756944633729000 1492815100.383505582809448 0.854369500000000
2.129154110160000 1962103015.024294853210449 0.859834722222222
3.786625222041999 1558927273.708641290664673 0.864981111111111
2.129154110160000 1961637718.313288927078247 0.870456592592592
2.122437535680000 1549137462.821673393249512 0.875611925925926
2.123195492648000 1492916394.742030382156372 0.880214462962963
3.717216613084000 1492652794.895961761474609 0.884812129629629
2.129914465726000 1962710702.392227411270142 0.890267296296296
3.763489019056000 1558022826.788140296936035 0.895405833333333
2.109757546492000 1962969318.385620117187500 0.900878407407407
2.111263866036000 1559122628.682421445846558 0.906026740740741
3.826374822032000 1492829943.475530147552490 0.910626518518518
2.135870684640000 1990715318.639001369476318 0.916127925925926
2.105291136445000 1565749774.397318601608276 0.921299259259259
3.718372306894000 1492690574.438705444335938 0.925899240740740
2.123195492648000 1878745719.914161205291748 0.931370314814815
3.864947148867000 1489647286.219522237777710 0.946508074074074
2.116476519570000 1797960836.521830081939697 0.957107518518518
3.781263780420000 1488312791.757280349731445 0.967044907407407
2.209753003920000 2142362008.811754703521729 0.976981129629629
3.771201086718000 1840269284.766281127929688 0.986636611111111
2.224774615922000 1960273061.156789779663086 0.992107370370370
2.137396760916000 1558898142.658488512039185 0.997261092592592
3.823994969888000 1487582091.711268424987793 1.001869759259259
2.143352411882000 1984391827.868769884109497 1.007377185185185
2.129914465726000 1565124038.785411834716797 1.012545222222222
2.109757546492000 1492537417.182578563690186 1.017148722222222
3.897016753290000 1492344297.813669443130493 1.021755629629629
2.103038573414000 2040388904.340483188629150 1.027281981481481
2.116476519570000 1571947245.130443096160889 1.032475814814814
2.123954013992000 1492447469.641742229461670 1.037073685185185
3.834089287399000 1492814837.466252088546753 1.041676148148148
2.117232640530000 2000981164.596848249435425 1.047177018518518
2.117232640530000 1554276657.994472503662109 1.053348296296296
2.130675387454000 1492716069.640336513519287 1.057952907407407
2.123954013992000 1492727718.302592515945435 1.062547277777777
3.856033831000000 1492042495.289930820465088 1.067147351851852
3.765830050704000 2002663710.736289501190186 1.072647907407407
3.840609695676000 2148843638.194355487823486 1.077135481481481
2.131435176858000 2183188121.502600193023682 1.081632870370370
3.797877620352000 1564296971.044534206390381 1.086796611111111
3.872661614234000 1963481861.457927227020264 1.092262259259259
2.156790358038000 2182163735.897087574005127 1.096757981481481
2.156790358038000 1565354584.758340358734131 1.101923648148148
3.848321763338000 1487559181.118538856506348 1.106538796296296
2.144118134378000 2169026405.601847648620605 1.121851203703703
2.137396760916000 1514172295.308846235275269 1.128835981481481
2.083625773220000 1485692661.641262054443359 1.138181092592592
2.163509331116000 1487373118.722473859786987 1.147532500000000
2.225567960694000 1477668224.988347053527832 1.156948296296296
3.731478962552000 1492274576.516577482223511 1.161552962962962
3.965235198638000 1955632287.329979419708252 1.167015259259259
3.771201086718000 2111234971.857410907745361 1.171456925925925
2.117232640530000 2127453869.850785970687866 1.175917333333333
3.894594169309999 1558268018.293780803680420 1.181059740740740
3.765830050704000 2041546438.166189908981323 1.186587999999999
2.137396760916000 2158082871.703966617584229 1.191100999999999
3.812131239852000 1558911721.860736131668091 1.196249499999999
2.121679578712000 2001648830.354258537292480 1.201752907407407
2.117232640530000 1557835662.887981653213501 1.206941203703703
2.129914465726000 1492018932.085664749145508 1.211548314814814
2.124711406584000 1492728916.341848373413086 1.216147277777777
2.123954013992000 1492750934.037619113922119 1.220746981481481
2.138921985270000 1492827222.770184516906738 1.225346888888888
2.117987636310000 1492703129.909365415573120 1.229944111111110
3.897016753290000 1492078813.214933633804321 1.234546648148148
3.764659099096000 2039994289.486824512481689 1.240072518518518
2.117232640530000 2158663623.364670276641846 1.244579481481481
2.123954013992000 1558020984.031540870666504 1.249722722222222
3.832897628013999 1492850234.153844833374023 1.254321629629629
3.818660356665000 2001237468.084963083267212 1.259819444444444
3.826374822032000 2193461083.793192863464355 1.264255851851851
3.795516960564000 2193537110.566835880279541 1.268686555555555
2.135870684640000 2001931466.624073982238770 1.273208277777777
3.799683899489000 1932381219.341275453567505 1.288191777777777
2.129154110160000 1897755168.382910490036011 1.295494907407407
3.895805010335000 1487291165.620613574981689 1.305429370370370
2.103038573414000 2178069883.731746196746826 1.315383999999999
2.103038573414000 1647751662.070948839187622 1.325236166666666
4.025699319564000 1491737564.860625028610229 1.329840055555555
3.947349646336000 2000988055.297303915023804 1.335337611111111
2.109004386720000 2139664192.911682367324829 1.339831703703703
2.116476519570000 1537325247.118746519088745 1.344979925925926
2.123954013992000 1491483058.210252046585083 1.349583925925926
2.132195815505000 1492233866.395377397537231 1.354189277777778
3.831704637166000 1482713053.340250730514526 1.358793888888889
2.137396760916000 1999694255.740393877029419 1.364303092592592
3.840609695676000 1565515255.813953399658203 1.369479018518518
2.117232640530000 2000553924.890511512756348 1.374971740740740
2.123954013992000 1565409934.480198860168457 1.380135574074074
2.111263866036000 1492888491.684882879257202 1.384735629629629
2.131435176858000 1492720136.477575063705444 1.389338203703703
2.109004386720000 1488380710.843518733978271 1.393945666666666
3.807391169062000 1492473218.163393259048462 1.398550777777777
3.840609695676000 2000912397.116918325424194 1.404054148148148
3.834089287399000 2193503987.748031139373779 1.408479740740741
2.124711406584000 2193228343.171815395355225 1.412918722222222
2.129914465726000 1565497833.606668949127197 1.418090314814815
2.129154110160000 1492724432.287407398223877 1.422687222222222
3.767000566528000 1492233562.529455184936523 1.427284611111111
3.834089287399000 2001740232.946213483810425 1.432777851851852
3.771201086718000 2193572059.413889884948730 1.437206296296296
2.129914465726000 2148745979.539705276489258 1.441693759259259
2.115720961200000 1468452291.590709209442139 1.446874537037037
3.749230168362000 1486396466.796400070190430 1.461491425925926
3.825185560352000 2001163296.606986284255981 1.468590981481481
2.128393754594000 2187978699.781892776489258 1.477514555555555
2.218053242460000 1645073452.632417917251587 1.487272166666666
2.170228304194000 1479180093.312597036361694 1.496679018518518
4.006297733664000 1491787197.412773609161377 1.501282833333333
2.229106392824000 2000433921.246785640716553 1.506777259259259
3.864947148867000 1560256269.104393243789673 1.511951074074074
3.787802495197000 1955846907.996519804000854 1.517421277777778
3.759281303072000 2137760633.144002676010132 1.521855351851852
2.135870684640000 2126821488.598449945449829 1.526284574074074
2.096319600336000 1557982668.528408527374268 1.531430425925926
2.121679578712000 1492668249.458765506744385 1.536032388888889
3.912450483006000 1492734114.386089324951172 1.540628907407407
3.848321763338000 2033885903.323889255523682 1.546165148148148
2.123954013992000 2203291331.829745769500732 1.550656462962963
2.122437535680000 1564463731.563051939010620 1.555825481481481
2.129914465726000 1492365414.253924608230591 1.560427462962963
2.116476519570000 1492804022.082019090652466 1.565029833333333
2.122437535680000 1492660494.423253297805786 1.569632277777778
2.117232640530000 1492707262.839879274368286 1.574229500000000
3.794337289704000 1491939142.428495407104492 1.578821277777777
2.129154110160000 2002205479.128335714340210 1.584306740740741
2.109004386720000 1565485244.492208480834961 1.589476185185185
3.740352816070000 1492874420.252512216567993 1.594075888888889
3.750396320988000 1962454552.536299228668213 1.599543537037037
2.122437535680000 2138375567.143520116806030 1.603972000000000
2.130675387454000 1558741493.143727779388428 1.609113277777777
2.237418034974000 1491559812.079564332962036 1.613713333333333
2.118743475975000 1490319998.713831663131714 1.618320759259259
2.117232640530000 1491255483.527217864990234 1.632918351851852
2.123195492648000 1644802825.527745008468628 1.639721407407407
3.763489019056000 1824153772.739883422851562 1.651402425925926
2.122437535680000 2056338019.271724700927734 1.659376111111111
3.996093060106000 1488671494.855004549026489 1.669274259259259
3.956290710605999 1883644835.933297395706177 1.676710259259259
3.841803752766000 2158191373.790129184722900 1.681227500000000
3.802049357366000 2180551377.269188404083252 1.685723111111111
2.130675387454000 2168477374.743725299835205 1.690158092592593
3.849518218133000 1563235937.186577558517456 1.695328018518518
2.138158947132000 2001461540.790274858474731 1.700833370370370
2.130675387454000 1565403274.321072578430176 1.706004925925926
2.123195492648000 1492819241.666164398193359 1.710612981481481
3.834089287399000 1491903661.584151268005371 1.715214814814815
2.117987636310000 2001678045.653164386749268 1.720703055555556
3.768854821197000 1565433698.889016151428223 1.725876981481482
2.129154110160000 1962398462.880672931671143 1.731332111111111
2.117987636310000 1557904551.282974720001221 1.736473518518519
2.115720961200000 1493002890.347685813903809 1.741080166666667
2.109757546492000 1492657579.000732421875000 1.745682796296296
2.122437535680000 1492759895.160218954086304 1.750282407407407
2.129154110160000 1492240676.616435289382935 1.754887018518519
2.123954013992000 1493134197.566627979278564 1.759489685185185
2.117987636310000 1492872449.986110210418701 1.764089333333333
2.114965402830000 1492876587.737180471420288 1.768694944444444
2.116476519570000 1492928386.790249586105347 1.773294240740741
2.131435176858000 1492640316.428192138671875 1.777896537037037
3.773546915562000 1492923707.455331802368164 1.782496277777778
2.109757546492000 1960881150.658809185028076 1.787973333333334
2.130675387454000 1945617227.338793039321899 1.803759611111111
3.772373564463000 1483705293.566125154495239 1.810336777777778
3.848321763338000 2109041699.372424840927124 1.820198370370371
2.224774615922000 2253389121.030077934265137 1.829230407407408
2.144118134378000 1838463290.798677921295166 1.838866703703704
4.026950921574000 1492390345.193925142288208 1.843468518518519
3.825185560352000 2001569028.266407966613770 1.848963851851853
3.810945891298000 2191140601.343826770782471 1.853403907407408
3.849518218133000 2187661584.474390029907227 1.857837203703704
3.841803752766000 2170618792.551061153411865 1.862276314814815
3.866149293858000 2191852425.580900669097900 1.866716259259260
3.872661614234000 2193398380.293149471282959 1.871154648148149
3.777736966220000 2193493102.425121307373047 1.875585888888889
2.123195492648000 2148771997.478586673736572 1.880080722222223
2.123954013992000 1558416166.316691637039185 1.885222185185186
2.117987636310000 1492721952.200853109359741 1.889824777777778
3.764659099096000 1492891295.430965900421143 1.894429851851852
2.138158947132000 1961993421.253007411956787 1.899902018518519
2.103038573414000 1558465342.328655719757080 1.905045981481482
3.841803752766000 1492816785.041310310363770 1.909645314814815
2.096319600336000 1992065310.004822969436646 1.915174500000000
2.116476519570000 1564337600.585223197937012 1.920338722222223
2.116476519570000 1489644006.528440952301025 1.924934000000000
3.832897628013999 1492697410.840420484542847 1.929535092592593
2.122437535680000 1987368947.672240018844604 1.935020814814815
3.911233941069000 1565596040.837812423706055 1.940192129629630
2.117232640530000 2041781795.173099756240845 1.945723629629630
3.709504545422000 1571104193.179266214370728 1.950918574074074
2.115720961200000 1857435246.932785034179688 1.956394648148148
3.771201086718000 1485446230.053828477859497 1.972051370370371
2.129914465726000 2079659345.268853187561035 1.978143777777778
2.130675387454000 1691413977.617200613021851 1.988810037037037
3.987138981254000 1487971675.742922306060791 1.998158129629630
4.035920320734000 2163070837.665066719055176 2.008204574074074
3.802049357366000 2192332667.090385913848877 2.012633314814815
3.804414374994000 2148239182.409414768218994 2.017118037037037
2.144882717406000 2158083457.513776779174805 2.021604240740741
3.857232683500000 1563560367.327211141586304 2.026776740740741
3.864947148867000 2002239696.465724229812622 2.032277370370370
3.840609695676000 2192985422.667501449584961 2.036713481481482
2.143352411882000 2193331586.350088596343994 2.041137333333333
2.149303833600000 1563799206.886546134948730 2.046306833333333
2.144882717406000 1491629516.666398286819458 2.050909129629630
2.136633438804000 1493988876.404494285583496 2.056512833333333
2.135870684640000 1492541157.432008266448975 2.061113055555555
2.129914465726000 1492654727.153400421142578 2.065712370370370
2.144118134378000 1492719164.397467136383057 2.070309629629630
2.130675387454000 1491850266.863867282867432 2.074917333333334
2.130675387454000 1492992934.140400648117065 2.079524777777778
2.130675387454000 1493014403.582171440124512 2.084123685185185
2.123195492648000 1492833717.714962005615234 2.088724629629630
2.125469645740000 1494163753.256576299667358 2.095775888888889
3.764659099096000 1492540829.814503192901611 2.100385129629629
2.123954013992000 1962540149.651322603225708 2.105842259259259
3.817473492690000 1557938986.079488039016724 2.110982555555555
3.763489019056000 2002595524.122253179550171 2.116481166666667
2.102287812240000 2146395241.711795091629028 2.120967685185185
2.129914465726000 1934713253.179082155227661 2.135928037037037
3.808575635332000 1562803848.666563987731934 2.142901111111111
3.772373564463000 1738759061.012463092803955 2.154151999999999
4.030901986679000 2165290153.612444877624512 2.163075370370370
2.142587259120000 2158016134.816824436187744 2.172059851851851
4.033411387226000 1564587094.696156263351440 2.177234296296296
3.803231425931000 1997504770.895849466323853 2.182726703703703
2.116476519570000 2193136665.624022483825684 2.187166981481481
2.144118134378000 1544025169.485758781433105 2.192337851851851
2.144118134378000 1492152862.759602069854736 2.196944259259259
2.129914465726000 1492241510.922867536544800 2.201543851851851
2.142587259120000 1492528361.141531944274902 2.206143259259259
2.129914465726000 1491597568.226771354675293 2.210721537037037
3.785446633498000 1492908196.840151071548462 2.215319740740740
3.911233941069000 1963063630.270079851150513 2.220790000000000
3.933154507619999 2227364697.298250198364258 2.225307648148148
3.856033831000000 2247998242.949836254119873 2.229734259259259
3.780088029830000 2203765989.971116065979004 2.234228685185185
2.112017306210000 2148804336.047843933105469 2.238706222222222
3.741515702995000 1557939944.310162782669067 2.243847129629629
2.144118134378000 2000713837.027870416641235 2.249354092592593
3.841803752766000 1565427134.706508159637451 2.254524592592593
2.148536282240000 2001733135.915469408035278 2.260027740740741
2.150839507840000 1565101686.111698150634766 2.265197425925926
3.857232683500000 1492687466.804010868072510 2.269799722222222
2.144118134378000 2001433794.901993989944458 2.275302962962963
2.138921985270000 1565220224.292232036590576 2.280469833333333
2.136633438804000 1492744846.346066474914551 2.285071925925926
3.857232683500000 1394621884.369847059249878 2.289710277777778
2.109004386720000 1640725296.323032855987549 2.305615092592592
3.917730372296000 1476207754.223973274230957 2.311744129629629
2.136633438804000 1912382315.287583589553833 2.322867777777777
2.185225339050000 1487425844.327398061752319 2.332807203703703
2.129154110160000 1647375119.792138099670410 2.343647740740740
2.224774615922000 1492163996.525599718093872 2.348252851851851
3.994851048916000 1491405708.632920026779175 2.352857962962962
2.136633438804000 1979205667.402328252792358 2.358353981481481
2.129914465726000 1562761368.027824401855469 2.363529314814814
2.123954013992000 1492790729.505919933319092 2.368129333333333
3.857232683500000 1492744810.558231830596924 2.372734481481481
2.123195492648000 2002051658.058111906051636 2.378237907407407
2.137396760916000 1556954129.163278818130493 2.383408222222222
3.780088029830000 1492237679.152865171432495 2.388009351851852
2.135870684640000 1962165841.172416925430298 2.393464370370371
3.772373564463000 1558394445.604510307312012 2.398608111111111
2.136633438804000 1962102189.632759332656860 2.404078333333334
2.129154110160000 1558666479.348131656646729 2.409219111111111
2.143352411882000 1492727749.260221004486084 2.413818833333333
3.826374822032000 1492747012.272602796554565 2.418424092592593
2.144882717406000 2000570162.810220956802368 2.423916740740741
3.804414374994000 1565174421.850507974624634 2.429091296296296
2.136633438804000 1962894339.891017675399780 2.434559388888889
3.787802495197000 1558197217.381285190582275 2.439702425925926
2.109757546492000 1962309139.547673463821411 2.445157351851852
3.850715564142000 1558920448.213509082794189 2.450308666666667
3.926662871803000 2001741459.998518705368042 2.455808925925926
2.116476519570000 2046746021.535916805267334 2.460242518518519
3.848321763338000 1971878218.612273454666138 2.475226259259260
3.796697510136000 1859787882.467517852783203 2.482699055555556
2.130675387454000 2144880090.545157432556152 2.491534425925926
2.229902727360000 1488553561.064820528030396 2.501457851851852
2.117232640530000 1465724064.919007539749146 2.510938611111111
2.224774615922000 1492398901.147520542144775 2.515542740740741
4.026950921574000 1485372195.145490407943726 2.520147851851852
3.794337289704000 2001250837.338730096817017 2.525638129629630
2.124711406584000 2148255672.754702091217041 2.530130851851852
3.856033831000000 1542336760.121249914169312 2.535280907407408
2.143352411882000 2001790273.689168453216553 2.540785259259260
2.110511267068000 1565228190.274326562881470 2.545957518518519
3.764659099096000 1492284062.890906333923340 2.550561611111112
3.908801309946000 1962131982.516179323196411 2.556026981481482
2.144118134378000 2227726160.080386161804199 2.560523796296297
2.156790358038000 1571331317.624128580093384 2.565711444444446
2.129154110160000 1492755239.409533023834229 2.570314203703705
2.149303833600000 1491845787.091474294662476 2.574912944444446
3.772373564463000 1492970692.421202659606934 2.579518629629631
3.864947148867000 1963097400.531940221786499 2.584991259259260
2.144118134378000 2183321620.463460445404053 2.589485629629631
2.136633438804000 1565599793.674844503402710 2.594655462962964
3.849518218133000 1490683581.585109710693359 2.599258018518520
2.135870684640000 2001972076.683121681213379 2.604761185185187
2.144882717406000 1565765840.348621845245361 2.609932870370372
2.115720961200000 1492732833.028187513351440 2.614535000000001
3.872661614234000 1492244613.006087541580200 2.619134555555557
2.137396760916000 2001579072.099170684814453 2.624620055555557
3.732640748408000 1565571546.726913928985596 2.629792148148149
2.143352411882000 1962522886.840955734252930 2.635259870370372
2.109757546492000 2012115658.812760353088379 2.650351833333335
3.841803752766000 1482554995.943753480911255 2.656926055555557
3.839414304444000 1724981070.092698097229004 2.667174388888890
3.857232683500000 1713960192.178052186965942 2.677997685185186
3.872661614234000 1716390457.706725358963013 2.688856166666668
4.033411387226000 2137644177.739437818527222 2.693278370370372
3.772373564463000 2173110970.929065704345703 2.697799240740742
3.903519475702000 2146990707.813266277313232 2.702293259259260
3.917730372296000 2219974388.938776969909668 2.706809537037038
2.117987636310000 2242717538.852948665618896 2.711235055555557
2.142587259120000 1571828749.451325893402100 2.716424333333335
2.136633438804000 1492662147.474861383438110 2.721024740740742
2.143352411882000 1491280261.011419296264648 2.725622240740742
2.123954013992000 1492781068.805566310882568 2.730221351851853
3.840609695676000 1491812032.439055919647217 2.734815722222224
2.137396760916000 2002018376.578606367111206 2.740321925925927
2.115720961200000 1565017544.865752220153809 2.745488574074075
3.848321763338000 1492816166.653261423110962 2.750093388888890
3.840609695676000 1992698662.518183469772339 2.755592944444446
3.773546915562000 2193297444.659413814544678 2.760015055555557
3.772373564463000 2148836800.330715179443359 2.764494685185186
2.136633438804000 2138395667.399353027343750 2.768926203703705
3.834089287399000 1558317516.553072452545166 2.774069592592594
2.115720961200000 2001617172.693088293075562 2.779570574074075
2.129914465726000 1565185839.185280084609985 2.784736629629631
2.144118134378000 1492711601.054092645645142 2.789339500000001
2.122437535680000 1492944757.364812374114990 2.793939074074075
2.129914465726000 1492843817.848582983016968 2.798536388888890
2.135870684640000 1490837270.901179075241089 2.803136740740742
2.137396760916000 1394362802.009409189224243 2.807781555555557
2.115720961200000 1928082267.024530172348022 2.823802555555556
2.103789893606000 1483480598.580528497695923 2.830369944444445
2.138158947132000 1487263130.370704889297485 2.839718500000001
4.026950921574000 1487214185.722799777984619 2.849071148148149
2.210542142662000 1932922232.768691539764404 2.859216333333334
4.104095575244000 1564673270.023293256759644 2.864383925925927
3.780088029830000 2040841294.391772270202637 2.869915481481482
3.771201086718000 2110992558.517115354537964 2.874432203703705
2.137396760916000 2128202310.036493778228760 2.878862148148149
2.117987636310000 1558723518.657145977020264 2.884007629629631
2.131435176858000 1491490630.220808744430542 2.888607722222223
3.767681906775000 1491068171.375599384307861 2.893202351851853
2.129154110160000 1962993158.942819356918335 2.898670425925927
3.781263780420000 1557122401.166033744812012 2.903816074074075
2.136633438804000 1961802851.373676776885986 2.909263740740742
3.771201086718000 1558897971.089648008346558 2.914406074074075
3.832897628013999 1962362384.606527566909790 2.919874481481482
2.130675387454000 2183375888.919543266296387 2.924371722222223
3.832897628013999 1565687668.757194042205811 2.929536111111112
2.122437535680000 2001394492.265154361724854 2.935041500000001
2.123195492648000 1565713619.787651300430298 2.940205962962964
2.109757546492000 1492705449.421237945556641 2.944805500000001
2.117987636310000 1492792380.860412359237671 2.949407944444445
3.902306236972000 1492733099.834728002548218 2.954013148148149
2.109757546492000 2027839720.507401227951050 2.959541685185186
2.128393754594000 1571357978.527924776077271 2.964731888888890
2.186005173625000 1492675816.972436428070068 2.969336740740741
2.089600627258000 1489275745.104973793029785 2.973944592592593
3.772373564463000 1490485218.176468849182129 2.988547111111111
3.755776951394000 2093857116.299152612686157 2.994723074074074
2.129914465726000 2096360210.234836101531982 3.004433555555556
2.183666250350000 1488706074.324399948120117 3.014341074074074
2.129914465726000 1476853527.942246913909912 3.023755333333334
3.787802495197000 1492140818.903464078903198 3.028360407407408
2.238217362846000 1961579114.310113668441772 3.033825074074075
3.772373564463000 1552076859.227958202362061 3.038978796296297
2.219636022450000 1999758203.753170967102051 3.044483277777779
3.858432429000000 1535590900.315335750579834 3.049662944444445
2.129914465726000 1999449084.866989612579346 3.055151925925927
2.132195815505000 1552851792.058767080307007 3.061323185185186
2.138921985270000 1492546928.001480817794800 3.065925388888890
3.858432429000000 1483711394.086856365203857 3.070552870370372
2.142587259120000 2000417204.373536348342896 3.076048888888890
2.142587259120000 1564998103.118759155273438 3.081223074074075
2.122437535680000 1491685617.088353157043457 3.085828333333335
2.144118134378000 1492850233.186996221542358 3.090430425925927
3.771201086718000 1488182192.933371305465698 3.095030555555557
2.138158947132000 1962151441.868026971817017 3.100498000000001
3.772373564463000 1558563128.049109935760498 3.105641425925927
2.144882717406000 1961705837.571180582046509 3.111114592592593
3.755776951394000 1558764652.509235382080078 3.116257814814816
3.854833639000000 1963101014.143743753433228 3.121717629629631
2.151606487680000 2183025236.242356777191162 3.126215129629630
3.732640748408000 1564381435.542466640472412 3.131383907407408
3.788980645277999 1963024593.741435766220093 3.136857296296297
3.796697510136000 2138219850.551357746124268 3.141295833333334
2.176170131520000 2138426058.425240278244019 3.145732018518519
3.741515702995000 1548727286.458726644515991 3.150881296296297
2.116476519570000 1656876146.481088161468506 3.166331148148149
2.123195492648000 1696026570.487897634506226 3.173047037037038
3.835281834426000 1487342890.317262887954712 3.182393185185186
3.857232683500000 1918687908.964727163314819 3.192479629629631
3.965235198638000 1887650504.829824924468994 3.203159796296297
2.109757546492000 2136249228.685378789901733 3.207589462962964
2.218053242460000 1557944162.107220888137817 3.212727351851853
3.827564969568000 1455825248.110496759414673 3.217328796296298
2.116476519570000 1994772968.495346307754517 3.222828277777779
2.123954013992000 1564010776.463516712188721 3.228004166666668
3.818660356665000 1491334170.611535072326660 3.232604611111112
3.774719829984000 2001443628.291797161102295 3.238110722222223
2.110511267068000 2147453463.136355161666870 3.242590444444446
2.124711406584000 1556035182.172830343246460 3.247736148148149
3.826374822032000 1490682192.188688278198242 3.252338685185186
2.129914465726000 1996990319.079368591308594 3.257832500000001
3.848321763338000 1564496556.959668159484863 3.263003962962963
3.850715564142000 2001882503.924170732498169 3.268501703703704
3.857232683500000 2193715357.461758613586426 3.272939888888890
3.849518218133000 2193026489.401730537414551 3.277369333333334
3.825185560352000 2193423920.246396064758301 3.281812648148149
2.136633438804000 2193492624.233346939086914 3.286239055555556
2.142587259120000 1564973484.807772874832153 3.291408000000001
3.842998699284000 1493007186.957360506057739 3.296015111111112
3.848321763338000 2001568122.736276388168335 3.301521648148149
2.135870684640000 2193294053.195048332214355 3.305949796296297
2.136633438804000 1564998564.920354843139648 3.311124370370371
2.148536282240000 1493080748.992499589920044 3.315724129629630
3.815098438635000 1487977648.697579145431519 3.320337333333334
2.123195492648000 1670187643.376399040222168 3.335820407407408
2.123195492648000 1513136445.813473701477051 3.342806222222223
3.780088029830000 1656119390.408320426940918 3.353574814814816
2.183666250350000 2173736273.747361183166504 3.363575925925927
2.115720961200000 1812386895.052178382873535 3.373259574074075
2.219636022450000 1492318361.116690158843994 3.377869759259259
3.726086772261000 1491331195.558148384094238 3.382472444444445
2.223980088818000 1957543739.906761407852173 3.387942277777778
2.136633438804000 1544366381.866739511489868 3.393094259259259
2.123195492648000 1489557680.009974241256714 3.397698685185186
2.137396760916000 1492415865.994706392288208 3.402295518518519
2.096319600336000 1482118226.958358287811279 3.406890259259260
3.849518218133000 1491462207.406333684921265 3.411489925925926
2.138921985270000 2001755547.520975351333618 3.416970351851852
2.128393754594000 1564429929.856379508972168 3.422137000000000
3.856033831000000 1490766130.496350765228271 3.426727166666667
2.116476519570000 2002018257.764602899551392 3.432224574074074
3.767681906775000 1565122685.715923547744751 3.437393759259260
3.854833639000000 1957682956.578305244445801 3.442859537037037
3.841803752766000 2171381202.616413593292236 3.447380851851852
2.110511267068000 2193309045.509397506713867 3.451815833333334
2.123195492648000 1565393994.951032161712646 3.456987407407408
2.097068520144000 1492800748.415652513504028 3.461589722222222
2.144118134378000 1492799825.872451543807983 3.466184055555556
2.123954013992000 1491012870.557240724563599 3.470781111111112
3.728404249248000 1493060194.159139871597290 3.475385962962963
3.925442439958000 1963529362.359284162521362 3.480854037037037
2.103789893606000 2272598689.204299449920654 3.485391851851852
3.809761425027999 1578274044.458659887313843 3.490602685185185
2.143352411882000 1929978351.004267215728760 3.496109740740741
3.856033831000000 1489829523.023101329803467 3.511270037037037
2.103789893606000 2145753305.146105766296387 3.517485092592592
2.129154110160000 1690055751.534945726394653 3.528104962962963
2.223980088818000 1487960763.350617408752441 3.537458462962963
3.925442439958000 1475794330.978444576263428 3.546884611111111
2.230699061896000 2040055720.938358783721924 3.552396203703704
2.137396760916000 1567219255.455712556838989 3.557589537037037
2.219636022450000 1491105699.106495857238770 3.562190648148148
2.116476519570000 1434329565.796761751174927 3.566804462962962
3.734962591272000 1490899784.807835340499878 3.571408444444444
3.832897628013999 1962737454.678407192230225 3.576878611111110
3.840609695676000 2181863653.406398773193359 3.581373148148147
3.856033831000000 2191592714.332849979400635 3.585807018518518
2.129154110160000 2193469545.625234603881836 3.590245351851851
3.826374822032000 1562297456.922503471374512 3.595412611111110
2.122437535680000 2001888473.685803890228271 3.600918370370370
3.756944633729000 1564099527.951913356781006 3.606084981481481
2.132195815505000 1961009805.784394741058350 3.611542833333333
2.144118134378000 1559019618.434414386749268 3.616685388888888
3.772373564463000 1492773868.618428230285645 3.621285222222221
2.117232640530000 1961359256.410431146621704 3.626726296296296
3.758113185846000 1558826306.586360931396484 3.631873296296296
2.130675387454000 1962801787.577757596969604 3.637338999999999
2.123954013992000 1559225137.406117916107178 3.642487296296296
2.130675387454000 1492145026.557218790054321 3.647089518518518
2.129914465726000 1493011309.499818563461304 3.651684148148147
3.778913154380000 1492752597.998936653137207 3.656281703703703
2.145648155035000 1962910434.543622255325317 3.661739537037036
3.800865968054000 1554800898.818140745162964 3.666882092592592
2.082881654180000 1976807190.041792154312134 3.673063481481481
3.856033831000000 1490666223.397753953933716 3.688214666666666
2.137396760916000 2070716781.663387537002563 3.694342055555555
2.117232640530000 1484839044.901082992553711 3.702375351851851
2.129154110160000 1671517979.855997085571289 3.713208462962962
4.001317317282000 1487673417.721518993377686 3.722556796296296
3.794337289704000 1851161842.489170789718628 3.729982740740740
3.996093060106000 2192614378.431103229522705 3.734425351851852
3.903519475702000 2190712248.638063907623291 3.738851240740741
3.834089287399000 2237012822.520169258117676 3.743345648148148
3.851912464544001 2141821585.493384361267090 3.747825851851852
2.150071384960000 2192669822.100267887115479 3.752266555555555
2.143352411882000 1564413160.698718070983887 3.757428388888889
2.129154110160000 1491150369.940519332885742 3.762023722222222
2.123954013992000 1492465494.302309036254883 3.766630851851852
2.123954013992000 1489409698.511885643005371 3.771230259259259
2.117232640530000 1492622140.631416320800781 3.775830148148148
2.117232640530000 1491831286.009348869323730 3.780429648148148
2.123195492648000 1492657845.477564096450806 3.785029962962963
3.817473492690000 1492593169.089789152145386 3.789629425925926
2.122437535680000 2001227009.633287191390991 3.795119648148148
3.763489019056000 1565833535.260844945907593 3.800285907407408
3.840609695676000 1962837746.142467498779297 3.805744203703704
3.925442439958000 2183388356.474805355072021 3.810238833333333
2.138158947132000 2237684042.447847843170166 3.814727129629630
2.129914465726000 1564205541.643907546997070 3.819948203703704
3.832897628013999 1492524030.445813655853271 3.824546537037037
3.826374822032000 2001929583.020095586776733 3.830039740740741
3.746898297108000 2193377744.196434497833252 3.834475870370371
3.760449420298000 2146502908.663009405136108 3.838945277777778
2.114965402830000 2138468334.433847904205322 3.843376425925926
2.131435176858000 1554994137.458798646926880 3.848528407407408
2.116476519570000 1488286711.325593471527100 3.863121870370371
3.764659099096000 1483452195.407606124877930 3.869699574074075
3.926662871803000 1936347064.446731090545654 3.879831111111112
2.218053242460000 2247788358.368545055389404 3.888802425925927
4.080952179143000 1627075422.427609205245972 3.898716462962964
3.910018304634000 2038542750.580563545227051 3.904242703703705
4.051354050450000 2240543602.322787284851074 3.908681814814816
2.109004386720000 2200466544.961919307708740 3.913165444444445
2.142587259120000 1560949021.745367050170898 3.918329592592594
3.778913154380000 1489351192.512830734252930 3.922930055555557
3.834089287399000 1961890801.990588665008545 3.928400240740742
3.857232683500000 2183027993.650583744049072 3.932880092592594
2.136633438804000 2192118233.053693294525146 3.937319222222224
2.121679578712000 1565409090.095283746719360 3.942490907407409
2.129914465726000 1485096318.818547010421753 3.947095407407409
3.831704637166000 1492949156.493811845779419 3.951702500000002
2.123954013992000 2002174623.424272537231445 3.957204074074076
3.828754674176000 1559008653.250607728958130 3.962376611111113
3.848321763338000 2000439708.673819780349731 3.967878907407409
2.135870684640000 2193581589.049335479736328 3.972312259259261
2.137396760916000 1565680074.836295604705811 3.977479092592595
2.110511267068000 1492862385.912079334259033 3.982078777777780
2.137396760916000 1480300012.070006132125854 3.986681555555558
2.117232640530000 1492056755.178869724273682 3.991280907407410
2.129914465726000 1492990492.918029546737671 3.995877870370373
3.778913154380000 1492625048.862166404724121 4.000473185185188
2.122437535680000 2001923582.439103126525879 4.005976574074077
2.123954013992000 1564966534.035917758941650 4.011142685185188
2.117232640530000 1491952931.249246597290039 4.015751388888892
3.787802495197000 1487852513.750999450683594 4.020360481481484
3.788980645277999 1669491748.922447443008423 4.035853407407410
3.934377337169999 2126755282.170965909957886 4.041820370370373
3.858432429000000 1926632512.110367059707642 4.052505277777780
2.204610495536000 2179580741.099179267883301 4.062455462962966
2.210542142662000 1476657289.324646234512329 4.072454611111114
2.197889122074000 1492217645.282715082168579 4.077054518518522
4.065523248409000 1491340358.500814676284790 4.081657018518522
3.780088029830000 2011643070.861129283905029 4.087184000000003
2.135107930476000 2145339506.678685426712036 4.091703629629633
3.840609695676000 1557405666.076899766921997 4.096853185185188
2.143352411882000 2000711217.264057397842407 4.102358092592596
2.136633438804000 1563485112.142304897308350 4.107530092592595
3.857232683500000 1491492883.300633907318115 4.112126740740743
2.123195492648000 2001874654.452269077301025 4.117633296296299
2.130675387454000 1563058300.299719572067261 4.122804796296299
3.786625222041999 1493166500.538576602935791 4.127412277777781
2.144118134378000 1963037252.796753883361816 4.132879925925929
2.130675387454000 1558607818.192957401275635 4.138018462962965
2.129154110160000 1492756532.725999832153320 4.142620648148151
3.918948406436000 1488351466.254408597946167 4.147220425925929
3.939639979058000 2041953530.592416048049927 4.152728629629633
3.786625222041999 2248547026.673596382141113 4.157146925925929
3.763489019056000 2159160007.415188789367676 4.161642203703707
2.132195815505000 2138436175.011276483535767 4.166076203703707
3.847123971722000 1557926750.766838073730469 4.171219981481484
2.144882717406000 1997973603.212115049362183 4.176713074074077
2.110511267068000 1565123509.232274770736694 4.181879129629633
2.143352411882000 1492797455.468690156936646 4.186481592592596
2.097816325488000 1484004019.505008459091187 4.191107185185189
2.129914465726000 1365979061.397797584533691 4.195743314814818
3.740352816070000 1487019908.512028694152832 4.210365759259262
3.763489019056000 2075738879.959162950515747 4.216460444444447
2.129154110160000 2134480764.998669862747192 4.226137537037039
2.150071384960000 1850242209.824989080429077 4.235773962962965
3.942091802537000 1650003956.299164533615112 4.246586537037039
2.210542142662000 1960161283.115441083908081 4.252057018518521
2.217261115740000 1557296379.707335472106934 4.257196259259262
2.128393754594000 1468142156.193535327911377 4.261808296296299
2.137396760916000 1490555389.438148021697998 4.266416074074077
2.130675387454000 1488878054.666259050369263 4.271020444444448
2.129914465726000 1492638826.840420246124268 4.275613296296299
3.749230168362000 1491093686.313445329666138 4.280220277777781
3.764659099096000 1963012742.993723392486572 4.285690240740744
2.123954013992000 2138385704.172548532485962 4.290111111111115
2.117232640530000 1556394862.673368453979492 4.295254296296299
2.129154110160000 1491406790.714901208877563 4.299854259259263
3.743842776160001 1491394788.305072307586670 4.304456444444448
3.864947148867000 1962718451.213636636734009 4.309914481481486
3.823994969888000 2222451430.960559368133545 4.314432296296300
3.832897628013999 2202829328.825857639312744 4.318924148148152
3.809761425027999 2193580126.020730018615723 4.323353166666671
3.850715564142000 2193685089.104444026947021 4.327786166666670
3.764659099096000 2193684627.972214698791504 4.332222314814818
3.764659099096000 2148898003.554747581481934 4.336702500000004
3.834089287399000 2138355961.964789628982544 4.341121407407411
2.150071384960000 2183158170.010007381439209 4.345618092592597
3.755776951394000 1564772863.576272964477539 4.350787037037041
2.123954013992000 1962897679.994837760925293 4.356239611111116
2.135870684640000 1454228810.573320865631104 4.361390240740746
2.109757546492000 1485854966.330665111541748 4.377007814814820
2.129154110160000 1479841643.682791471481323 4.383581129629635
3.817473492690000 1487055739.733197927474976 4.392920833333338
3.908801309946000 1939947202.763192415237427 4.403011148148154
2.230699061896000 2136682365.433952569961548 4.411940055555561
2.229106392824000 1558034763.257678031921387 4.417082777777782
3.857232683500000 1491261289.505733728408813 4.421690055555560
2.142587259120000 1982144708.662952661514282 4.427198185185190
2.137396760916000 1551812472.733774185180664 4.432376888888894
2.130675387454000 1492156193.585480690002441 4.436982759259264
2.123954013992000 1491530849.094567537307739 4.441584611111116
3.778913154380000 1492697652.862186193466187 4.446179648148153
2.123195492648000 1960793924.102077960968018 4.451647518518524
2.136633438804000 1557297804.243185758590698 4.456791277777783
2.117232640530000 1492555703.638684272766113 4.461390518518524
2.125469645740000 1491527004.514836072921753 4.465992629629635
2.109004386720000 1491455240.056138515472412 4.470597648148154
3.772373564463000 1491910298.267720222473145 4.475197666666672
3.817473492690000 1962756834.863471984863281 4.480670018518524
2.117232640530000 2183287977.809238433837891 4.485169722222227
2.109757546492000 1565620647.407789707183838 4.490339055555560
2.103789893606000 1491997753.541795015335083 4.494938888888893
2.111263866036000 1492997207.625515937805176 4.499541370370375
2.097068520144000 1492968838.321617603302002 4.504141037037042
2.122437535680000 1492769876.499448060989380 4.508738407407412
3.755776951394000 1492746222.179307699203491 4.513341296296301
2.130675387454000 1961204893.401015281677246 4.518813518518523
2.091838796915000 1558767104.318946599960327 4.523948944444449
3.853634786500000 1428853126.880340099334717 4.528565425925930
3.776562090770000 1682888223.185886383056641 4.544075500000004
2.115720961200000 2127543587.233330488204956 4.550052870370375
2.135870684640000 1603420643.464146852493286 4.559978888888893
2.130675387454000 1462597405.065546512603760 4.569333296296301
2.210542142662000 1476524244.650655269622803 4.578734759259263
4.011521990840000 1482339679.792297840118408 4.583356759259264
2.190385223428000 1995879176.649232149124146 4.588844722222227
2.216469578400000 1563999398.114809513092041 4.594013666666672
2.117987636310000 1492027670.812196969985962 4.598620740740746
3.710657841527000 1485069323.825084686279297 4.603222333333338
2.110511267068000 1961346443.766733407974243 4.608693425925931
2.130675387454000 1559018843.764724493026733 4.613842000000004
2.109757546492000 1491503801.868346691131592 4.618445000000005
2.116476519570000 1490173613.680603742599487 4.623049518518523
2.122437535680000 1481086659.353641033172607 4.627658240740746
2.123195492648000 1492427003.805279016494751 4.632261981481487
2.115720961200000 1491110849.986720085144043 4.636863796296302
3.895805010335000 1469572328.764918327331543 4.641465981481487
2.144118134378000 2036752547.706729173660278 4.646997462962969
3.831704637166000 1562505508.383874416351318 4.652188203703710
3.916510977224000 2002278392.447087287902832 4.657688166666673
2.150839507840000 2235065942.623119831085205 4.662182814814821
3.772373564463000 1569730131.458879947662354 4.667378074074080
3.771201086718000 1963047866.170095920562744 4.672837740740746
3.786625222041999 2138177300.922045469284058 4.677256259259265
2.116476519570000 2138272295.156179428100586 4.681674259259265
3.764659099096000 1557943082.680009841918945 4.686825981481487
3.810945891298000 1962747551.531522989273071 4.692282907407413
2.170228304194000 2183111963.512461185455322 4.696777592592598
3.809761425027999 1563424303.665258407592773 4.701954833333339
3.794337289704000 1669594601.128315210342407 4.717428574074080
3.780088029830000 2114942922.303102254867554 4.723356166666672
3.934377337169999 1727171208.309163331985474 4.734146574074080
3.972949664005000 2177571471.184081077575684 4.743086462962968
2.102287812240000 1894438181.464006662368774 4.753828925925931
2.197889122074000 1562850527.039659500122070 4.758999314814820
2.124711406584000 1484187666.783389806747437 4.763600259259264
2.145648155035000 1490082777.326175689697266 4.768202074074079
3.826374822032000 1470522551.445295810699463 4.772805129629634
3.838220247354000 2000282576.196312427520752 4.778305055555560
3.748064883732000 2191101454.363089084625244 4.782736166666671
2.110511267068000 2111989567.760000705718994 4.787220129629634
2.129914465726000 1556507075.208512544631958 4.792364592592596
3.755776951394000 1492460923.730654954910278 4.796966703703707
2.130675387454000 1961472393.470656394958496 4.802424685185189
3.834089287399000 1556624477.495868444442749 4.807568185185189
3.826374822032000 2002069104.309344053268433 4.813070870370374
2.123954013992000 2185704171.185451030731201 4.817510500000004
3.778913154380000 1565602632.793961286544800 4.822684555555560
2.123954013992000 1962382471.580491304397583 4.828138555555560
3.748064883732000 1558974853.443625211715698 4.833287629629634
2.123195492648000 1961589278.670239448547363 4.838733333333338
3.748064883732000 1558886190.280688762664795 4.843875444444449
2.109757546492000 1962717907.422883510589600 4.849348759259263
3.718372306894000 1559165970.671069145202637 4.854497259259263
2.123954013992000 1962324560.809896230697632 4.859970296296300
2.123195492648000 1558619387.589782476425171 4.865113907407411
2.084368784940000 1492887863.735998630523682 4.869718259259264
3.771201086718000 1398776819.777811527252197 4.874348962962967
2.123954013992000 1648148392.553574562072754 4.889828425925931
3.857232683500000 1507955753.249520540237427 4.896781018518523
2.136633438804000 1760990634.009675502777100 4.907013074074079
2.231495989384000 1878683080.355516910552979 4.916674537037042
2.229902727360000 1649207085.098190307617188 4.927495370370376
3.949806267904000 1490939183.318853378295898 4.932099370370375
2.223186152880000 1961327821.094149827957153 4.937559722222227
2.123954013992000 1533570911.441499710083008 4.942716388888893
2.116476519570000 1489367728.495650768280029 4.947321185185189
2.115720961200000 1491499671.790493488311768 4.951919648148152
3.745733012478000 1492747856.331972599029541 4.956519759259264
3.910018304634000 1951236052.022595882415771 4.962017370370375
2.129914465726000 2227064241.171912670135498 4.966534203703708
3.778913154380000 1569862904.404556035995483 4.971728740740746
2.117232640530000 1962688108.568646669387817 4.977206074074079
2.122437535680000 1553359702.508999347686768 4.982345351851857
2.128393754594000 1489873255.533199310302734 4.986947203703709
2.124711406584000 1492981756.982554197311401 4.991546629629635
2.110511267068000 1492667224.308912277221680 4.996151555555561
2.117232640530000 1492643045.854294061660767 5.000756722222228
3.741515702995000 1492834069.674802780151367 5.005359055555561
2.117232640530000 1949998903.141281604766846 5.010829222222228
3.764659099096000 1557446318.769789218902588 5.015970166666673
3.831704637166000 1962682446.227624654769897 5.021430425925932
2.122437535680000 2170075960.704645633697510 5.025979074074081
2.115720961200000 1563460743.520514488220215 5.031150666666673
2.129914465726000 1492918463.945178985595703 5.035755537037043
2.109757546492000 1492748742.505331754684448 5.040357574074080
2.097068520144000 1456184098.033627986907959 5.044971259259265
2.116476519570000 1923663895.625799655914307 5.060967833333339
3.821035410720000 1476031905.525323629379272 5.067528870370376
2.129914465726000 2068205902.039363861083984 5.078457296296302
2.217261115740000 1646330891.481316566467285 5.088227759259265
3.851912464544001 1475739071.451883792877197 5.097646685185191
2.232291730968000 1997682104.182981729507446 5.103132759259266
2.226362192215000 1560070504.782717704772949 5.108301833333340
3.826374822032000 1491018395.126841545104980 5.112901481481488
3.764659099096000 1985734059.916101455688477 5.118393111111118
2.122437535680000 2142881259.839916944503784 5.122874574074081
3.832897628013999 1558729759.134237766265869 5.128014981481488
2.135107930476000 2001033952.965414285659790 5.133516055555562
3.831704637166000 1561049481.199292659759521 5.138688240740747
3.848321763338000 1989118976.881588459014893 5.144192111111118
3.780088029830000 2191753861.929255485534668 5.148634814814821
3.847123971722000 2147374107.142857074737549 5.153114814814821
2.150839507840000 2183123466.742734909057617 5.157594203703710
2.143352411882000 1563645089.390202283859253 5.162737074074081
2.135870684640000 1492978441.662001609802246 5.167335277777784
2.135870684640000 1492860668.674407720565796 5.171934759259265
3.795516960564000 1492869257.153899431228638 5.176534685185191
3.772373564463000 2002460290.729788541793823 5.182032981481488
3.835281834426000 2149085656.712473392486572 5.186517722222228
2.142587259120000 2182470179.679383277893066 5.190991740740746
2.149303833600000 1565874519.928997993469238 5.196155907407413
2.144882717406000 1489368396.942884206771851 5.200764462962969
2.130675387454000 1492618499.366184473037720 5.205366222222228
2.136633438804000 1492628632.817372322082520 5.209968685185191
2.138158947132000 1492545520.388208866119385 5.214571018518525
2.143352411882000 1488033629.854632139205933 5.219180018518525
3.809761425027999 1489344630.273311853408813 5.233772629629637
2.135870684640000 1808522052.807734966278076 5.241242074074081
2.143352411882000 1486813885.131429910659790 5.251372814814822
2.196319854960000 1656905054.247337579727173 5.262129444444452
3.724928680745999 1474416889.716893196105957 5.271552666666674
2.217261115740000 1962326832.753710508346558 5.277021314814822
3.749230168362000 1557348087.791910409927368 5.282162259259266
2.095571237760000 1957061620.648096561431885 5.287632407407414
2.135107930476000 1544516494.626518726348877 5.292779425925932
2.111263866036000 1490730555.533220291137695 5.297385611111117
2.129154110160000 1490602219.351099252700806 5.301986555555562
3.724928680745999 1438613015.184381723403931 5.306596555555561
3.857232683500000 1958636392.260423660278320 5.312066277777784
3.787802495197000 2182991569.852441787719727 5.316562925925932
2.144118134378000 2147297181.438216447830200 5.321055629629636
2.136633438804000 1558194836.645116806030273 5.326194407407414
3.857232683500000 1433639182.590873479843140 5.330802462962970
2.142587259120000 1994022176.426237583160400 5.336328851851858
2.143352411882000 1565368575.897378921508789 5.341502870370377
2.144118134378000 1492755232.359043598175049 5.346099444444451
3.851912464544001 1492637672.052301645278931 5.350696722222229
2.142587259120000 2001516164.018134355545044 5.356194759259266
3.733801237628000 1565230292.897837400436401 5.361356462962969
3.858432429000000 1962466054.934000015258789 5.366823629629636
3.940866575282000 2183462298.860035419464111 5.371323444444450
3.920167347864000 2238511924.856278896331787 5.375810648148154
3.927884212722000 2248417435.858795166015625 5.380234481481487
2.149303833600000 2248474213.111467361450195 5.384668259259265
3.886882101648000 1569501045.539862632751465 5.389857851851858
2.138921985270000 1966302232.908272743225098 5.395387925925932
2.110511267068000 1488782503.739845752716064 5.410577203703710
3.726086772261000 1481488144.852444171905518 5.417153500000006
2.123954013992000 1922574764.706425666809082 5.427178407407413
2.212120420146000 1663914177.022571563720703 5.437035907407413
4.020486591018000 1645313977.844811201095581 5.447883629629636
3.971714845930000 2001012936.580028772354126 5.453367648148154
2.122437535680000 2136129421.467155933380127 5.457858574074080
2.115720961200000 1552338201.737653255462646 5.463003870370376
2.130675387454000 1475204492.647590875625610 5.467610574074080
3.785446633498000 1490759270.428719520568848 5.472216018518525
3.802049357366000 1962737589.036643743515015 5.477686092592599
2.136633438804000 2181472426.038431644439697 5.482176037037044
2.122437535680000 1563408941.149535417556763 5.487352685185192
2.130675387454000 1492793008.620446681976318 5.491952000000007
2.129914465726000 1491196755.184816837310791 5.496549648148155
3.934377337169999 1492533707.051859378814697 5.501154685185192
2.123954013992000 2041658733.197638273239136 5.506668129629636
2.129914465726000 1568259273.136006116867065 5.511857851851858
3.831704637166000 1491528729.021801710128784 5.516462500000006
2.136633438804000 2002164744.634701728820801 5.521960796296303
2.122437535680000 1563024890.337135076522827 5.527132370370377
2.115720961200000 1488654223.683574199676514 5.531728148148154
3.903519475702000 1492801818.064599275588989 5.536324000000007
3.791976629916000 2041832537.331479310989380 5.541837666666673
3.741515702995000 2158833065.125291347503662 5.546348629629636
2.102287812240000 2137469451.108839511871338 5.550786870370377
2.130675387454000 1558754820.618913412094116 5.555924907407414
2.117232640530000 1492728042.702907323837280 5.560525166666674
2.131435176858000 1394353409.008748531341553 5.565135500000006
3.841803752766000 1982540040.677011489868164 5.581970925925932
2.130675387454000 2121751390.251880884170532 5.588084925925933
2.116476519570000 1848419387.116505861282349 5.598560000000007
2.230699061896000 1486712647.866016626358032 5.607912185185192
2.129154110160000 1478668318.917152404785156 5.617319481481489
2.204610495536000 1492012240.611306428909302 5.621921648148155
2.217261115740000 1491247549.108273267745972 5.626528814814821
2.109757546492000 1485154888.186630725860596 5.631128907407414
2.082881654180000 1491043339.342626333236694 5.635730833333340
2.116476519570000 1466867740.235498666763306 5.640334148148154
2.109757546492000 1492045209.165914535522461 5.644930888888895
3.817473492690000 1491510265.736969947814941 5.649528166666673
3.854306265348000 1999807544.301072359085083 5.655033425925932
2.129914465726000 2193366549.441542625427246 5.659461962962969
2.136633438804000 1564770020.195654392242432 5.664633592592599
2.129914465726000 1492494869.311125040054321 5.669240944444451
3.911233941069000 1491700350.453172206878662 5.673838166666673
2.116476519570000 2039322724.982364416122437 5.679350944444451
2.123195492648000 1570906327.273763895034790 5.684548314814822
2.123195492648000 1488330757.764976024627686 5.689145166666673
2.123954013992000 1492724395.753058910369873 5.693744555555562
3.787802495197000 1491845626.791018486022949 5.698339240740747
2.130675387454000 1961812378.526340246200562 5.703798814814821
2.129154110160000 1551520715.866999864578247 5.708968407407413
2.117232640530000 1492587738.013767480850220 5.713568592592599
3.763489019056000 1492648068.203306436538696 5.718171388888895
3.917730372296000 1962429324.583769321441650 5.723640444444451
2.129154110160000 2227956828.460933208465576 5.728160740740747
2.109757546492000 1571415594.846696615219116 5.733348351851858
2.136633438804000 1386248636.175421714782715 5.737954814814821
2.129914465726000 1941108186.197231292724609 5.754881907407413
3.813316147264000 1481616374.894455432891846 5.761461537037043
2.123954013992000 2118169394.330017328262329 5.771388407407414
3.934377337169999 1488506221.975918292999268 5.781312907407414
2.095571237760000 1716049515.927712678909302 5.791668722222228
2.217261115740000 1557047907.857868194580078 5.796810537037043
2.123195492648000 1490732810.481712818145752 5.801412555555562
3.702943376160000 1465890677.645810127258301 5.806018370370376
3.756944633729000 1952092900.003046035766602 5.811490203703709
2.129154110160000 2124457870.351045608520508 5.815926685185191
3.778913154380000 1555720685.500548362731934 5.821075666666672
2.135107930476000 1961981552.870910882949829 5.826532703703709
2.123195492648000 1556457274.044387340545654 5.831670962962968
2.116476519570000 1491507281.348406791687012 5.836275574074079
3.895805010335000 1492734894.208121061325073 5.840874925925931
3.895805010335000 2041063444.533762216567993 5.846403814814820
3.781263780420000 2245725378.455049514770508 5.850829703703709
3.826374822032000 2159229848.465554714202881 5.855337907407413
2.115720961200000 2183402290.330949306488037 5.859835074074080
2.144882717406000 1565303705.558337450027466 5.865012481481487
2.122437535680000 1492795077.220077276229858 5.869616925925931
2.103038573414000 1492730489.912151813507080 5.874214500000005
2.109757546492000 1492080213.559240102767944 5.878813796296302
2.137396760916000 1492879693.591409683227539 5.883416703703709
2.136633438804000 1493085258.020873546600342 5.888015814814820
3.733801237628000 1492846477.341389894485474 5.892613037037043
3.750396320988000 1963286968.360732316970825 5.898080925925932
3.831704637166000 2138526342.290327548980713 5.902494333333340
2.136633438804000 2182649771.808096408843994 5.906986166666673
3.864947148867000 1560986440.568960189819336 5.912169111111117
3.817473492690000 1669344312.447045326232910 5.927665425925932
2.110511267068000 2067381242.024274349212646 5.933629703703710
3.856033831000000 1486340350.266433954238892 5.943523759259266
3.918948406436000 1725654184.568353891372681 5.953773500000007
2.150071384960000 1715276934.538777589797974 5.964635740740747
2.218053242460000 1558350980.942308902740479 5.969783851851858
2.131435176858000 1491335002.733206748962402 5.974391111111117
2.235820568706000 1484765823.471935749053955 5.978996611111118
2.117987636310000 1476003905.214184045791626 5.983605833333340
2.130675387454000 1490870858.769876718521118 5.988210611111118
3.755776951394000 1492465158.946339368820190 5.992813259259266
3.870252973556000 1961962035.601356983184814 5.998283296296303
3.993607650004000 2180531653.142878532409668 6.002740462962969
3.771201086718000 2283204576.625109672546387 6.007236740740748
2.129154110160000 2168326841.888009548187256 6.011767870370377
2.143352411882000 1558631605.824453592300415 6.016917296296303
2.142587259120000 1491691576.305543899536133 6.021521592592600
3.910018304634000 1492759225.411651134490967 6.026121407407414
2.116476519570000 2026537154.525883197784424 6.031635166666674
2.123954013992000 1571752954.280940532684326 6.036822240740748
3.904733618148000 1492785212.159212827682495 6.041429629629637
3.863745898662000 2041316251.231559991836548 6.046955592592600
2.145648155035000 2203957932.290311813354492 6.051440425925934
2.129154110160000 1564995738.610908985137939 6.056607407407416
2.129154110160000 1492742176.528579711914062 6.061209537037046
2.129914465726000 1492328221.051414489746094 6.066815740740750
2.129914465726000 1492889866.564694881439209 6.071416388888898
3.866149293858000 1493063977.674059152603149 6.076014925925935
3.872661614234000 2033156297.004418849945068 6.081555185185194
2.137396760916000 2029935493.513232946395874 6.086015833333343
3.880376079601000 1488264743.680236816406250 6.101232648148157
2.097068520144000 2113729404.762620687484741 6.107393277777787
2.109757546492000 1485953389.567484378814697 6.115448222222232
3.799683899489000 1855320211.650498867034912 6.126115703703713
3.955059313614000 2124364571.164103269577026 6.136038777777786
2.138158947132000 2136402745.232317447662354 6.142258314814823
3.942091802537000 1556407434.842644453048706 6.147408240740749
2.121679578712000 1956827068.128378152847290 6.152866074074082
2.123954013992000 1535185439.036844730377197 6.158015814814823
2.136633438804000 1492505753.781573534011841 6.162621481481490
2.129914465726000 1489104699.597959995269775 6.167218407407415
2.121679578712000 1492748465.072086095809937 6.171818092592600
2.131435176858000 1492935479.200849294662476 6.176422981481489
3.764659099096000 1491436258.081647157669067 6.181025888888897
2.123954013992000 1962478325.687296152114868 6.186491481481490
3.842998699284000 1554391056.629834175109863 6.191639925925934
2.129154110160000 2001647058.427276372909546 6.197138055555564
2.131435176858000 1560661112.066741228103638 6.202305611111119
3.785446633498000 1491879345.512771606445312 6.206908592592600
2.129914465726000 1963215371.890741348266602 6.212371666666674
3.786625222041999 1558744342.937456130981445 6.217510277777785
2.142587259120000 1997889575.380475997924805 6.223016296296303
2.130675387454000 1564836356.992390632629395 6.228185407407414
2.129154110160000 1492809096.725130558013916 6.232787796296304
2.123954013992000 1492546400.218998193740845 6.237387870370378
3.772373564463000 1492706714.550005435943604 6.241982370370377
3.894594169309999 1961522461.714145898818970 6.247431148148155
2.183666250350000 2227987257.847727298736572 6.251936462962970
3.714903934186000 1567641072.269051313400269 6.257130018518525
3.848321763338000 1656639339.609422922134399 6.272593370370378
2.130675387454000 2186046797.068135738372803 6.278571111111118
3.853634786500000 1906543369.257597208023071 6.288288055555562
4.095107928522000 2126672805.514158248901367 6.298228796296303
4.019236456207000 1897237648.420465230941772 6.308980907407415
2.137396760916000 2203095124.012947559356689 6.313471925925933
3.947349646336000 1562693396.665069103240967 6.318649444444452
2.089600627258000 1940973378.811762809753418 6.324100407407415
3.839414304444000 1555676864.946561574935913 6.329246518518526
2.110511267068000 2000273320.421052694320679 6.334744203703711
3.825185560352000 1565619340.804265975952148 6.339911555555563
2.144882717406000 2000045109.791204452514648 6.345405148148155
3.786625222041999 1564934880.320006847381592 6.350571703703711
2.129914465726000 1961232422.907489061355591 6.356036518518525
2.122437535680000 1557615044.422933578491211 6.361182759259266
2.130675387454000 1492636877.172653436660767 6.365785425925933
2.114965402830000 1492850521.949199914932251 6.370392444444452
2.128393754594000 1490680022.035554409027100 6.374997796296304
3.763489019056000 1491804865.682692527770996 6.379599944444452
2.130675387454000 1963241665.199073314666748 6.385067870370378
2.130675387454000 1557395412.900271415710449 6.390203851851859
3.834089287399000 1491797703.755517482757568 6.394810407407414
3.780088029830000 2001629116.012592077255249 6.400298796296303
2.103038573414000 2148546402.071321964263916 6.404776166666673
2.136633438804000 1559041055.623399257659912 6.409916888888896
2.123954013992000 1492720966.776113510131836 6.414524796296303
3.849518218133000 1492045783.404018878936768 6.419126981481488
2.123954013992000 2000662995.238159418106079 6.424618166666674
2.137396760916000 1983424585.727594614028931 6.440480425925934
3.897016753290000 1480928432.560367584228516 6.447052833333341
3.809761425027999 1743896132.181614160537720 6.457306962962971
2.210542142662000 1894936549.537923336029053 6.467997425925934
2.111263866036000 1477764803.249762535095215 6.477999296296304
2.223186152880000 1482523527.330621004104614 6.482605444444452
3.840609695676000 1477297385.451100826263428 6.487238351851860
2.216469578400000 1999662186.389004230499268 6.492723296296305
2.117232640530000 1564672977.735751867294312 6.497893518518527
2.115720961200000 1468361644.429981470108032 6.502503018518527
2.115720961200000 1488305322.387975692749023 6.507107259259268
2.129154110160000 1492849533.375991344451904 6.511708870370379
2.110511267068000 1491505447.781025648117065 6.516308092592602
2.123954013992000 1492625862.984599113464355 6.520910981481491
3.810945891298000 1491586941.572464466094971 6.525515925925935
2.103789893606000 2000442443.924683332443237 6.531018611111119
3.872661614234000 1565877347.033092260360718 6.536187666666675
2.114965402830000 2042373854.018268823623657 6.541712203703712
2.112017306210000 1570667021.170290231704712 6.546901166666675
2.110511267068000 1492959640.605753183364868 6.551501500000009
3.808575635332000 1488590787.281813621520996 6.556103833333342
2.129914465726000 2002198145.791674137115479 6.561604833333342
2.125469645740000 1563708928.204740047454834 6.566745222222231
3.746898297108000 1493146788.658611536026001 6.571347833333342
2.122437535680000 1962507007.000216960906982 6.576807981481490
2.116476519570000 1558896801.760973691940308 6.581956648148157
2.123195492648000 1492799087.914872169494629 6.586561481481491
2.129914465726000 1492090281.354622840881348 6.591163555555565
3.838220247354000 1492843585.746909856796265 6.595761388888898
3.803231425931000 1998790837.809636354446411 6.601280851851861
2.130675387454000 2152190889.168889522552490 6.615595925925935
2.115720961200000 1476082984.005164861679077 6.621705537037046
2.109757546492000 1655894573.546135425567627 6.633511555555565
2.218844190420000 1854601987.512336969375610 6.644150203703712
3.740352816070000 1476173286.006965398788452 6.653577777777786
2.218053242460000 1960253319.527348041534424 6.659050444444453
2.215678041060000 1557469619.628454208374023 6.664191129629638
2.251660109770000 1487593348.006453990936279 6.668793481481490
2.109757546492000 1474414916.953933000564575 6.673402703703712
2.115720961200000 1491963095.625746250152588 6.678009203703713
3.810945891298000 1490594394.691998004913330 6.682606037037046
3.732640748408000 1998871561.428609848022461 6.688093888888898
2.123954013992000 2148823665.672530651092529 6.692570759259269
2.143352411882000 1557737261.765849828720093 6.697712759259269
3.904733618148000 1491402814.611511945724487 6.702314407407417
2.132195815505000 2041087975.761402845382690 6.707827500000010
2.123954013992000 1571452489.317726612091064 6.713015222222232
3.879170033986000 1492799845.493355035781860 6.717617685185195
2.115720961200000 2036751044.776119470596313 6.723138981481492
2.115720961200000 1571672707.805417776107788 6.728327685185196
3.826374822032000 1492826845.919038057327271 6.732920148148159
3.872661614234000 2001924709.786648511886597 6.738411000000011
2.123195492648000 2237490894.224336624145508 6.742895333333344
3.764659099096000 1571379266.827565670013428 6.748089907407418
2.137396760916000 1963551307.928853273391724 6.753557981481492
3.841803752766000 1558973164.162637472152710 6.758694148148159
2.129914465726000 2001945097.510862827301025 6.764192111111122
3.740352816070000 1565245570.437308311462402 6.769356277777788
2.131435176858000 1895511202.951829671859741 6.774831851851863
2.103789893606000 1489760021.229267358779907 6.789975166666678
2.117987636310000 1481214978.859571933746338 6.796549370370381
2.109757546492000 1487203813.100997447967529 6.805897259259270
3.918948406436000 1669886038.383357524871826 6.816711166666678
2.103789893606000 1726196808.367010831832886 6.826998481481493
2.216469578400000 1557034286.269304275512695 6.832146314814826
2.239015501242000 1487725293.172787666320801 6.836746370370381
2.130675387454000 1490447178.235312938690186 6.841358666666678
3.802049357366000 1477484285.622469425201416 6.845968740740752
3.834089287399000 1997322720.079363107681274 6.851456870370382
3.912450483006000 2193362122.033615589141846 6.855897055555567
3.863745898662000 2237361133.452948093414307 6.860386777777789
2.130675387454000 2192247166.464075565338135 6.864896259259271
3.821035410720000 1565164303.890795707702637 6.870070388888901
2.137396760916000 2000095794.156644105911255 6.875573314814827
2.137396760916000 1564313933.359854698181152 6.880740370370383
2.117987636310000 1491724397.299903392791748 6.885349259259272
3.758113185846000 1492509581.400597333908081 6.889944388888901
2.129914465726000 1962520985.670554876327515 6.895407111111123
2.130675387454000 1558541025.096392869949341 6.900550981481494
3.840609695676000 1492880926.604876995086670 6.905152407407420
3.780088029830000 2001827993.458906173706055 6.910656074074087
3.755776951394000 2147901608.918547630310059 6.915146092592606
3.783091648724999 2138784892.128425836563110 6.919576944444457
3.848321763338000 2138671274.710635662078857 6.923997555555568
2.150839507840000 2183302965.559909343719482 6.928487370370383
3.765830050704000 1565604652.912908315658569 6.933654981481494
2.149303833600000 1960516928.780964851379395 6.939109203703716
2.151606487680000 1462408408.624082565307617 6.944266166666679
2.109004386720000 1944092684.277759552001953 6.961183814814827
2.130675387454000 1642526008.425688982009888 6.967944444444456
2.130675387454000 1847996970.397670745849609 6.979717166666679
3.802049357366000 1487849021.545994997024536 6.989065814814826
2.217261115740000 1919244364.272557973861694 6.999290759259271
3.996093060106000 1563140456.698156118392944 7.004463962962975
2.211331868998000 2000358044.445641994476318 7.009961314814826
2.136633438804000 1561889738.401762008666992 7.015132518518530
2.111263866036000 1463502935.735542535781860 7.019737333333345
2.137396760916000 1489705365.743558406829834 7.024331981481494
2.123195492648000 1492415890.556386470794678 7.028937092592605
2.123195492648000 1490837720.322401285171509 7.033536833333345
3.893381975390000 1492331736.305147647857666 7.038136425925938
3.772373564463000 2038732104.292685747146606 7.043650111111123
2.130675387454000 2159202665.505369663238525 7.048157629629642
3.772373564463000 1558603874.704210758209229 7.053299240740753
2.136633438804000 1946670637.118172407150269 7.058750000000012
2.135870684640000 1556929052.740702390670776 7.063894666666679
2.129914465726000 1493826718.811468839645386 7.069496351851864
3.771201086718000 1487273455.423626422882080 7.074097277777790
2.109757546492000 1961955363.585548162460327 7.079563666666679
2.116476519570000 1558666366.631262540817261 7.084707092592605
2.109004386720000 1492703229.546607255935669 7.089306981481494
2.129914465726000 1492691254.104165315628052 7.093909351851864
2.129914465726000 1492771313.510055780410767 7.098512370370383
2.123954013992000 1491894580.603120565414429 7.103116203703716
3.848321763338000 1492865659.639995336532593 7.107722111111124
3.832897628013999 2001925381.263616561889648 7.113230111111124
2.237418034974000 2193415111.155743598937988 7.117655833333346
3.793156300776000 1560119875.871992111206055 7.122829703703716
3.825185560352000 2156993400.448639392852783 7.138209537037049
2.143352411882000 2177934930.943641185760498 7.144177555555568
2.136633438804000 1634639102.862264156341553 7.153971666666679
2.206183682920000 1487568559.685786962509155 7.163316592592604
2.223980088818000 1476969390.103567123413086 7.172730759259271
2.239814531745000 1492124852.218531608581543 7.177335907407419
2.144118134378000 1491226457.002140760421753 7.181938203703715
2.219636022450000 1489827421.109901905059814 7.186533203703715
3.763489019056000 1485416394.075826644897461 7.191135814814826
3.739188629830000 1943043654.698739051818848 7.196611870370382
2.130675387454000 2134969210.587881326675415 7.201044611111123
3.849518218133000 1558984044.158868312835693 7.206197722222234
2.116476519570000 1999910718.071413516998291 7.211700888888901
2.123954013992000 1564012616.465885162353516 7.216870500000012
3.834089287399000 1492796734.569191455841064 7.221477685185198
3.778913154380000 2000318802.034763574600220 7.226978370370383
2.131435176858000 2147466449.067283630371094 7.231460500000013
2.130675387454000 1558423667.973705530166626 7.236598870370384
2.123195492648000 1483752478.096821546554565 7.241232055555569
3.886882101648000 1490338076.531822443008423 7.245837740740754
3.773546915562000 2037322921.735161781311035 7.251356277777791
2.144118134378000 2159337295.066777229309082 7.255853000000013
2.104540095762000 1558868566.368368387222290 7.260997407407421
2.130675387454000 1492866791.956248044967651 7.265599092592606
2.129914465726000 1492926614.485350608825684 7.270196074074088
2.129914465726000 1491915587.549264192581177 7.274800888888903
3.763489019056000 1493005752.655923604965210 7.279401018518532
3.733801237628000 1962653432.274446249008179 7.284856314814829
2.103789893606000 2138423495.286439418792725 7.289274222222236
2.123954013992000 1558511173.113963365554810 7.294418018518532
2.129914465726000 1487335869.857812643051147 7.299027222222236
3.873866158715999 1931902909.655222654342651 7.315029500000014
3.778913154380000 2115936368.791930198669434 7.321168462962977
2.123195492648000 1776112138.356292486190796 7.330088000000013
2.144882717406000 1850487345.375498294830322 7.339748500000013
3.942091802537000 1487983883.715540409088135 7.349097222222236
2.097068520144000 1852659970.617335796356201 7.356509000000013
2.211331868998000 1564756196.068602561950684 7.361681037037051
2.117232640530000 1491069924.158253192901611 7.366281259259273
3.831704637166000 1484551843.772388219833374 7.370882333333347
2.135870684640000 1982813827.605452060699463 7.376390370370384
2.129154110160000 1564884029.125170946121216 7.381563444444458
2.150839507840000 1491347590.576727628707886 7.386175351851866
2.129154110160000 1490583113.082686185836792 7.390750666666681
3.854833639000000 1491599038.929783105850220 7.395352018518532
2.129914465726000 2001962192.536761045455933 7.400855537037051
2.117232640530000 1563899817.289435148239136 7.406024611111126
2.123195492648000 1492684888.819103002548218 7.410624222222236
2.130675387454000 1490656614.218528270721436 7.415227240740755
3.763489019056000 1492866071.608146429061890 7.419831000000014
2.117232640530000 1962764592.387992858886719 7.425301888888903
2.129914465726000 1558676329.996726989746094 7.430450537037051
2.115720961200000 1490696661.244342803955078 7.435049722222236
3.780088029830000 1492986751.367737054824829 7.439649777777792
2.076162681102000 1963232062.077495098114014 7.445114870370384
3.879170033986000 1558504690.134147882461548 7.450255685185199
2.117232640530000 2041164713.957885980606079 7.455759277777791
3.903519475702000 1571272746.079246282577515 7.460951259259273
2.116476519570000 2041635689.505200386047363 7.466465277777792
3.756944633729000 1570578071.832298517227173 7.471651740740755
2.117232640530000 1893811429.016600608825684 7.477118981481496
3.772373564463000 1490894890.457375764846802 7.492257685185200
3.809761425027999 2077926968.017343044281006 7.498348370370385
2.123954013992000 2109423210.618391990661621 7.508086888888903
3.933154507619999 1488531775.606808423995972 7.518015888888903
4.033411387226000 1726888927.654247999191284 7.528313148148162
2.217261115740000 2182579354.042377948760986 7.532814074074088
3.761147551624000 1563829381.201166152954102 7.537978500000015
3.755776951394000 1955529476.281875610351562 7.543449000000015
3.765830050704000 2111181204.023420095443726 7.547889666666681
2.143352411882000 2137860829.562342643737793 7.552325740740756
2.108251226948000 1556423101.428720474243164 7.557470203703718
2.123195492648000 1492620479.965251445770264 7.562074703703718
2.123195492648000 1492677945.629066467285156 7.566674111111126
2.131435176858000 1491759504.976785659790039 7.571276962962977
2.125469645740000 1492870728.620502471923828 7.575886129629644
3.773546915562000 1492868041.535627841949463 7.580490833333347
2.129914465726000 1963166929.677816867828369 7.585959314814829
2.136633438804000 1558123709.709313631057739 7.591109962962977
2.131435176858000 1488360500.104590892791748 7.595713444444459
2.116476519570000 1492748589.150030851364136 7.600317314814830
2.123954013992000 1492890145.083807468414307 7.604920018518533
2.098564966680000 1492788310.934931755065918 7.609516907407422
3.756944633729000 1484944145.903272628784180 7.614145037037052
3.719528861556000 1962315408.885939836502075 7.619615185185200
3.795516960564000 2138104373.133954048156738 7.624043740740755
3.726086772261000 2183379839.570864200592041 7.628517851851867
3.848321763338000 2148259489.137230873107910 7.632990314814830
2.136633438804000 2183117161.831815719604492 7.637482518518533
3.835281834426000 1565124783.604477405548096 7.642649240740756
3.764659099096000 1997085638.378369331359863 7.648155814814830
2.130675387454000 2147233319.433721542358398 7.652641240740755
2.121679578712000 1935534982.361886262893677 7.667607777777793
2.123195492648000 1483319526.076771497726440 7.674177055555570
2.135870684640000 1487110448.068928003311157 7.683517962962978
3.988378594739000 1672401702.066550970077515 7.694350111111127
4.026950921574000 1930110871.293048858642578 7.704508703703719
2.217261115740000 2192540877.818510532379150 7.708933814814830
2.229902727360000 1565410913.311861515045166 7.714102833333349
2.129914465726000 1492224083.895853519439697 7.718711722222237
2.128393754594000 1471125473.846872091293335 7.723313537037052
3.828754674176000 1492412972.868544578552246 7.727914592592608
2.135870684640000 2002018844.263455390930176 7.733407962962978
2.109004386720000 1564833072.406343936920166 7.738577092592608
2.123954013992000 1491302455.276309013366699 7.743179425925941
3.847123971722000 1492503722.084367275238037 7.747776611111126
3.787802495197000 2001804766.498249530792236 7.753267092592607
2.117232640530000 2148622407.460900306701660 7.757754685185200
3.772373564463000 1557617093.943193197250366 7.762894907407422
2.136633438804000 1963742400.000000000000000 7.768357870370385
2.142587259120000 1558791622.757958412170410 7.773506740740756
2.129154110160000 1492624676.438264608383179 7.778106870370386
2.122437535680000 1492892678.979091405868530 7.782706259259275
3.832897628013999 1491951201.844720125198364 7.787307981481497
3.850715564142000 2002259020.267199993133545 7.792809481481497
3.780088029830000 2193568013.874227046966553 7.797230148148164
3.910018304634000 2148327721.105278491973877 7.801717703703719
3.870252973556000 2226833992.321826934814453 7.806232666666682
2.116476519570000 2203567231.321886062622070 7.810727925925941
2.129914465726000 1564621293.902040958404541 7.815891462962978
3.784269360343000 1396664961.143797874450684 7.820502481481497
2.103789893606000 1645943197.276959180831909 7.836633685185200
2.114965402830000 1510805897.866219282150269 7.843585351851867
3.764659099096000 1487728533.261453866958618 7.852928833333348
2.230699061896000 1739748973.632552146911621 7.863145555555571
2.211331868998000 1828289185.649290084838867 7.872816518518533
2.218053242460000 1491823652.954808950424194 7.877419185185200
3.748064883732000 1492477895.905933856964111 7.882021148148163
3.948578642944000 1957854291.862920284271240 7.887494037037052
3.832897628013999 2110229947.708757400512695 7.891924351851866
2.122437535680000 2169830726.998442173004150 7.896417203703718
3.796697510136000 1565426243.715173959732056 7.901588388888904
3.803231425931000 1962291632.235603570938110 7.907056462962978
2.144118134378000 2138608105.111199378967285 7.911482111111126
2.142587259120000 1559115462.714939832687378 7.916625666666682
3.848321763338000 1492509698.522992134094238 7.921228314814829
3.758113185846000 2001378008.132678985595703 7.926734222222237
3.850715564142000 2145847783.810565948486328 7.931219314814830
2.136633438804000 2183506005.596968650817871 7.935705870370385
2.132195815505000 1565239562.015017509460449 7.940872629629644
2.142587259120000 1492676828.679099321365356 7.945472185185199
2.123195492648000 1492823700.493055343627930 7.950069370370384
2.117987636310000 1492974449.190240383148193 7.954669500000014
3.835281834426000 1492059917.953668117523193 7.959273944444458
2.103038573414000 2002577716.282545804977417 7.964774722222236
3.851912464544001 1565269584.675076961517334 7.969938907407421
2.132195815505000 2001986285.452542781829834 7.975437259259273
3.788980645277999 1565190525.143186569213867 7.980607277777792
3.785446633498000 1953908857.366997957229614 7.986107407407421
2.103789893606000 2134964972.366437911987305 7.990530370370384
3.756944633729000 1429272730.533209323883057 7.995693722222236
2.143352411882000 1635048672.916561841964722 8.011136944444457
2.152374324800000 1480015350.604532241821289 8.017243592592605
2.129914465726000 1779079038.845094680786133 8.026017759259272
2.117987636310000 1825434082.960616827011108 8.036613148148161
2.196319854960000 1488079986.860799789428711 8.045971629629642
3.841803752766000 1456450389.474483728408813 8.052554574074087
2.202249689296000 2000672608.722064256668091 8.058041722222235
2.110511267068000 1564504949.573756933212280 8.063216129629643
3.927884212722000 1492762228.654124498367310 8.067822796296310
2.117232640530000 2037685683.390144109725952 8.074347592592607
3.756944633729000 1551407569.239761590957642 8.079543574074089
2.124711406584000 1961795016.884183645248413 8.085022074074089
2.131435176858000 1558461232.131926774978638 8.090165222222238
3.764659099096000 1491938523.746685981750488 8.094754166666682
2.129914465726000 1962399760.342831373214722 8.100224944444459
2.103789893606000 1558604218.268619060516357 8.105376259259275
2.123195492648000 1492731068.984099149703979 8.109981185185202
3.763489019056000 1488247304.641893625259399 8.114581000000017
2.116476519570000 1961474136.292031049728394 8.120035518518536
2.136633438804000 1558597778.162012577056885 8.125176407407425
3.809761425027999 1492748447.742335319519043 8.129778425925943
2.123195492648000 2001185898.061437606811523 8.135281740740758
2.110511267068000 1565913039.423849344253540 8.140445000000017
3.826374822032000 1489534047.553888559341431 8.145046407407424
3.773546915562000 2001548971.415103912353516 8.150546592592610
3.778913154380000 2147008390.113450050354004 8.155033796296314
2.129154110160000 2138604844.824047327041626 8.159454703703721
3.733801237628000 1558609040.638230562210083 8.164598555555573
2.122437535680000 1962618139.933131933212280 8.170048777777795
3.784269360343000 1466121659.948712110519409 8.175226537037055
2.130675387454000 2155725835.605822086334229 8.190614574074091
2.123954013992000 1674672452.260463476181030 8.197238092592610
3.785446633498000 1487868141.267031669616699 8.206591537037054
4.005052861302000 2070274696.815981864929199 8.216466666666683
3.764659099096000 1925415456.148288965225220 8.227148500000016
4.028203455876000 2148134150.228716850280762 8.231621925925943
2.130675387454000 2176656568.868333339691162 8.236106462962979
3.803231425931000 1565303873.099517822265625 8.241279370370387
2.130675387454000 1977645829.317044973373413 8.246754759259277
3.841803752766000 1554093883.632143974304199 8.251925462962980
2.130675387454000 2000882616.698919296264648 8.257418388888906
2.115720961200000 1565225767.562350511550903 8.262579629629647
2.116476519570000 1491766994.586507320404053 8.267184037037055
2.117232640530000 1489336795.449330329895020 8.271784092592609
2.124711406584000 1492671583.507113456726074 8.276384055555573
2.112017306210000 1492714674.164817094802856 8.280981074074091
2.122437535680000 1492702658.381498098373413 8.285588444444462
3.841803752766000 1492524166.291121959686279 8.290190814814833
3.818660356665000 2001062479.332150220870972 8.295678851851870
2.129914465726000 2192071346.981811523437500 8.300104796296313
2.117232640530000 1564960593.533040523529053 8.305274092592610
3.834089287399000 1492738077.131993532180786 8.309876592592611
2.144882717406000 2000762127.829039335250854 8.315363666666684
3.731478962552000 1565647553.888873100280762 8.320538925925943
3.777736966220000 1963079469.862387418746948 8.326009203703721
3.773546915562000 2138292491.145713090896606 8.330427444444462
3.856033831000000 2137550680.837208271026611 8.334863703703721
3.774719829984000 2183362643.607164859771729 8.339360925925943
3.834089287399000 2147769188.007263660430908 8.343858092592610
2.117232640530000 2062446870.707857608795166 8.348374851851869
2.131435176858000 1969219375.510274648666382 8.363390370370388
2.142587259120000 1483776274.053711175918579 8.369958425925944
2.123195492648000 1652340918.225382566452026 8.380740092592610
2.191167748612000 1672636466.078365802764893 8.391537037037054
2.218844190420000 1478757264.409359216690063 8.400954462962980
2.121679578712000 1491798267.416326999664307 8.405559018518536
2.223186152880000 1492435469.583004474639893 8.410158055555573
2.199457513155000 1487396815.327541112899780 8.414770425925944
2.129154110160000 1447948299.308779716491699 8.419373129629648
2.130675387454000 1491066181.706988334655762 8.423975777777796
3.840609695676000 1492308887.110331773757935 8.428580240740759
2.121679578712000 2002234895.037589788436890 8.434083092592610
3.786625222041999 1564164154.536358833312988 8.439246925925943
3.844193201088000 1961975507.219886779785156 8.444717925925943
2.130675387454000 2183220046.752668380737305 8.449209648148164
3.849518218133000 1565740851.713534116744995 8.454376574074089
2.137396760916000 2001142072.821583986282349 8.459874537037052
3.902306236972000 1565489244.113114356994629 8.465041388888904
2.129914465726000 2041551099.899091958999634 8.470546944444459
2.103789893606000 1571206003.690851926803589 8.475744981481496
3.857232683500000 1493097936.859038829803467 8.480349611111125
2.135870684640000 2001919165.895905256271362 8.485855629629643
2.129914465726000 1564953751.328830718994141 8.491029351851866
2.130675387454000 1492952494.061757564544678 8.495629166666681
2.137396760916000 1492839789.143293857574463 8.500231203703718
2.115720961200000 1492911478.105278491973877 8.504826425925941
2.135870684640000 1492677846.830943346023560 8.509421203703718
2.129914465726000 1492741181.251584291458130 8.514023666666681
2.117232640530000 1397528657.401637792587280 8.518630129629644
3.972949664005000 2020453621.199078559875488 8.535345740740755
3.842998699284000 2164090207.807620525360107 8.541524888888903
3.741515702995000 1798167848.470931291580200 8.550516685185199
2.116476519570000 2125477909.777216911315918 8.559428370370384
3.972949664005000 1488646533.588892459869385 8.569331611111124
2.216469578400000 1855038175.619865655899048 8.576730166666680
2.218053242460000 1564357806.681457042694092 8.581897037037050
3.901091642668000 1492350117.162021875381470 8.586496555555568
3.764659099096000 1957583880.994821786880493 8.591971574074087
2.123195492648000 2109444503.305733442306519 8.596411111111124
3.764659099096000 1558368665.385528802871704 8.601557000000012
3.842998699284000 1961593418.647166252136230 8.607027000000013
2.129914465726000 2183185951.574250221252441 8.611508851851864
3.831704637166000 1565087574.855667352676392 8.616673111111124
2.123195492648000 2002036140.153442144393921 8.622169203703717
2.129154110160000 1564715732.801881074905396 8.627335574074086
2.130675387454000 1492964889.592574357986450 8.631932185185198
2.123195492648000 1492993895.376893997192383 8.636537074074086
2.101537051066000 1492770813.302813053131104 8.641140388888902
2.130675387454000 1492644629.959364652633667 8.645747740740754
2.116476519570000 1488563311.714437484741211 8.650350481481494
3.774719829984000 1491769408.580932378768921 8.654948962962976
2.137396760916000 1963185695.175847053527832 8.660417203703718
3.895805010335000 1558998451.131394624710083 8.665558351851866
2.122437535680000 2040236374.848348617553711 8.671083944444458
2.129914465726000 1571523819.374351501464844 8.676276185185198
3.817473492690000 1492781549.824404716491699 8.680879574074087
2.116476519570000 2001941490.488924741744995 8.686384851851864
2.136633438804000 1565321820.428778648376465 8.691554574074086
3.767000566528000 1492035890.328412055969238 8.696164296296308
2.137396760916000 1639615860.678846120834351 8.712618685185197
3.848321763338000 1481554259.938043832778931 8.718752055555568
3.810945891298000 2174224448.595740318298340 8.726860981481494
3.734962591272000 2171205958.599980354309082 8.735840222222235
3.971714845930000 2150132781.134929656982422 8.744751851851865
4.019236456207000 2168965385.848082065582275 8.750992074074087
3.772373564463000 2192702129.699491024017334 8.755434537037051
2.190385223428000 2142028105.881141185760498 8.759929444444458
2.144118134378000 1502800680.113829612731934 8.765102870370384
2.123954013992000 1491965143.766885280609131 8.769709092592606
2.142587259120000 1492558712.151731491088867 8.774305907407420
3.910018304634000 1491773373.497367858886719 8.778910481481494
2.117232640530000 2041976381.833727359771729 8.784433537037049
2.116476519570000 1571285327.627707958221436 8.789626592592604
2.131435176858000 1492590835.527428150177002 8.794226481481493
2.122437535680000 1490409218.096392393112183 8.798826129629640
2.124711406584000 1492982949.234488248825073 8.803422425925937
3.770027298942000 1493036247.814641475677490 8.808030111111123
3.781263780420000 1962484642.123879432678223 8.813496000000011
2.130675387454000 2138389708.095094919204712 8.817926666666677
3.701792477760000 1557837541.629912376403809 8.823070092592603
2.129154110160000 1963466981.435631036758423 8.828537555555567
3.858432429000000 1558983897.942374944686890 8.833686425925936
3.763489019056000 2041179732.922272682189941 8.839212629629641
2.122437535680000 2159315478.586627006530762 8.843720888888900
2.129914465726000 1558895130.776015758514404 8.848864685185196
2.096319600336000 1492695256.414383649826050 8.853466611111122
2.117232640530000 1492848747.572151899337769 8.858071740740751
3.748064883732000 1492882156.154755592346191 8.862677333333345
3.856033831000000 1905380748.810359477996826 8.868191759259270
2.150071384960000 2190193312.269068241119385 8.882445611111121
2.122437535680000 1599957408.728146314620972 8.889274518518528
2.108251226948000 1487789641.462661266326904 8.898627333333343
4.059070915308000 1686721180.429929971694946 8.909478370370380
2.118743475975000 1940324882.309978723526001 8.919721851851861
2.216469578400000 1571042276.034066438674927 8.924912166666676
2.115720961200000 1492851293.354839086532593 8.929516185185195
2.223980088818000 1492190101.608669757843018 8.934116259259270
2.123954013992000 1440561473.069591999053955 8.938721407407417
3.902306236972000 1477852442.928618431091309 8.943325777777787
3.763489019056000 2040911789.740708351135254 8.948830092592601
2.130675387454000 2158471281.150645732879639 8.953332555555564
3.763489019056000 1558575742.969576120376587 8.958480814814823
3.726086772261000 1962083318.367111921310425 8.963945796296304
2.143352411882000 2137888925.105934858322144 8.968377240740748
2.123954013992000 1558494548.043011665344238 8.973528296296305
3.755776951394000 1492506999.457406282424927 8.978135796296305
3.916510977224000 1961810201.168954849243164 8.983585425925934
3.903519475702000 2227950449.284472942352295 8.988092592592601
3.913666572192001 2248214088.224730014801025 8.992526555555564
2.150071384960000 2248364107.680298805236816 8.996962870370378
2.129914465726000 1570980540.475027799606323 9.002157888888897
3.795516960564000 1492025587.263514995574951 9.006759425925933
2.143352411882000 1963396750.279272794723511 9.012229981481489
2.129914465726000 1558564070.962929248809814 9.017368814814823
3.857232683500000 1492735067.014851570129395 9.021971166666674
2.135870684640000 2001195590.042248010635376 9.027472185185193
3.781263780420000 1565686534.453492641448975 9.032643407407415
3.771201086718000 1960961083.668584823608398 9.038098129629637
2.149303833600000 1987222955.210967779159546 9.042550277777785
3.756944633729000 1974455415.462205410003662 9.057604907407415
2.123954013992000 2023598677.685950279235840 9.063710925925934
2.114965402830000 1485681553.883088827133179 9.071717629629637
2.102287812240000 1489111557.295715332031250 9.082056777777785
2.218053242460000 1487640682.073303222656250 9.091410611111119
2.210542142662000 1457911507.260553598403931 9.097998722222229
2.129154110160000 1491673426.548117399215698 9.102603777777786
3.949806267904000 1477659907.062149047851562 9.107202629629638
3.687514445426000 1935577081.903009891510010 9.112678166666676
3.750396320988000 2126151857.835218191146851 9.117102870370379
3.794337289704000 2137861485.183384180068970 9.121519833333343
2.117232640530000 2138016549.361959934234619 9.125953259259269
2.123195492648000 1557338901.003838777542114 9.131090944444454
3.755776951394000 1481905323.691487550735474 9.135718407407417
3.925442439958000 1962508714.456860780715942 9.141190370370380
2.137396760916000 2227805411.341444015502930 9.145709685185194
2.129154110160000 1571048200.630982160568237 9.150904407407417
2.129154110160000 1492978383.859519243240356 9.155506592592602
2.129154110160000 1492740308.673284530639648 9.160106925925936
2.137396760916000 1491781278.559034347534180 9.164706722222233
3.763489019056000 1491736890.147052288055420 9.169312037037047
2.117232640530000 1961627654.582916736602783 9.174758592592603
2.123954013992000 1558583787.834030866622925 9.179899222222232
2.128393754594000 1492859253.302237749099731 9.184504685185196
3.764659099096000 1492885277.054203033447266 9.189104333333344
3.787802495197000 1962918700.618140459060669 9.194574740740752
3.763489019056000 2182054289.773312091827393 9.199071870370382
2.110511267068000 2149199554.813578128814697 9.203564370370382
2.138921985270000 1550764583.655934095382690 9.208706796296308
3.742679456130000 1492440533.956147909164429 9.213305592592604
2.138158947132000 1958698469.901963949203491 9.218762759259270
3.810945891298000 1935183096.260152578353882 9.233753962962973
2.123954013992000 2040198155.737173318862915 9.240889203703714
2.110511267068000 1822257713.917995929718018 9.250529666666678
2.196319854960000 1487400109.382307052612305 9.259875074074085
3.780088029830000 1475478356.061185836791992 9.269314462962974
3.939639979058000 2000650732.412842035293579 9.274820111111122
2.205396649872000 2142638726.689748048782349 9.279307685185197
3.877962640834000 1558120539.717177867889404 9.284450296296308
3.788980645277999 2030432246.334506511688232 9.290001314814827
2.136633438804000 2166333690.469374656677246 9.294529796296308
3.840609695676000 1554031867.069616794586182 9.299683148148160
2.122437535680000 2001791635.119174003601074 9.305186314814827
3.823994969888000 1565113255.099629878997803 9.310359166666679
2.114965402830000 2001240490.570481777191162 9.315862962962974
2.130675387454000 1565195743.858166694641113 9.321035444444457
2.123954013992000 1492686316.958537340164185 9.325637518518530
3.756944633729000 1492860357.730908632278442 9.330237500000012
2.110511267068000 1962577312.749988079071045 9.335709981481493
3.764659099096000 1559114754.807276487350464 9.340848796296308
2.103038573414000 1962913250.960694074630737 9.346308777777789
2.096319600336000 1558351554.719884395599365 9.351459759259271
3.772373564463000 1493023461.897556543350220 9.356061388888900
2.110511267068000 1962851224.921696424484253 9.361530370370382
3.793156300776000 1559193507.235544204711914 9.366683685185196
3.825185560352000 1962175656.233882427215576 9.372141314814826
3.770027298942000 2183393802.867944240570068 9.376638018518529
2.115720961200000 2148799671.904109954833984 9.381130833333344
2.231495989384000 1558703945.279806137084961 9.386264018518530
3.772373564463000 1489786813.902183294296265 9.390872407407418
3.778913154380000 1635282576.691235303878784 9.406319148148159
3.917730372296000 1936166558.191339492797852 9.413119351851861
2.115720961200000 2174623432.604109287261963 9.422888740740751
2.218053242460000 1659389980.544931173324585 9.432683388888899
2.096319600336000 1477492488.719808816909790 9.442102555555566
4.010275184240000 1492501477.939491033554077 9.446707314814825
2.142587259120000 2000835685.436290979385376 9.452200166666676
2.145648155035000 1564954534.051078319549561 9.457367240740750
3.827564969568000 1472245405.435845136642456 9.461971111111120
2.132195815505000 2000684938.328095912933350 9.467475148148157
2.123954013992000 1565556600.055887222290039 9.472644296296306
2.130675387454000 1492392629.392251014709473 9.477244148148158
2.129914465726000 1492746813.909812211990356 9.481848944444454
3.756944633729000 1492637997.876584529876709 9.486453685185195
2.129154110160000 1962387214.834695577621460 9.491918351851862
2.123954013992000 1558906144.351253747940063 9.497067314814824
3.755776951394000 1492501703.927492380142212 9.501664537037046
2.118743475975000 1961844096.122411489486694 9.507125166666675
3.826374822032000 1549814552.234799861907959 9.512299629629638
2.129154110160000 2001305182.458127737045288 9.517792518518526
2.129914465726000 1564520598.324604988098145 9.522958796296304
2.109004386720000 1493037962.146558284759521 9.527558407407415
2.130675387454000 1493012973.408541440963745 9.532154703703712
2.123954013992000 1492790659.713985919952393 9.536760796296305
2.123954013992000 1491620915.663814067840576 9.541363407407415
3.761147551624000 1492766110.621232986450195 9.545962685185193
3.772373564463000 1953341650.177540540695190 9.551428314814823
3.726086772261000 2138298422.849891185760498 9.555864351851859
2.143352411882000 2137624404.122781038284302 9.560296814814823
3.794337289704000 1950037787.599251508712769 9.576298537037045
2.142587259120000 2079963615.981674194335938 9.582377722222231
2.129914465726000 1692951721.696516990661621 9.593049259259269
3.903519475702000 1487909376.009129047393799 9.602396796296306
2.230699061896000 1727741434.420244693756104 9.612668851851861
2.219636022450000 1557898833.273316383361816 9.617811444444454
3.755776951394000 1492546110.107322692871094 9.622413351851861
3.748064883732000 1957304363.713876962661743 9.627886518518528
2.129914465726000 2087094787.601227045059204 9.632318259259268
3.850715564142000 1557969181.985194921493530 9.637469166666675
3.746898297108000 1999926477.065268993377686 9.642977148148155
2.129154110160000 2148624337.750395298004150 9.647461722222229
2.123195492648000 1558756149.724918603897095 9.652604981481488
2.142587259120000 1492679592.288052082061768 9.657210629629637
3.840609695676000 1492700216.598359107971191 9.661810370370377
2.129914465726000 2000304345.340002298355103 9.667316055555562
3.764659099096000 1565589086.716131448745728 9.672487462962970
2.129914465726000 1963182350.307929992675781 9.677948055555563
2.128393754594000 1553071184.145120382308960 9.683089129629638
2.151606487680000 1492948751.875102996826172 9.687693814814823
3.772373564463000 1492821699.190784931182861 9.692298185185193
2.136633438804000 1962552966.683970928192139 9.697756018518525
3.918948406436000 1557553463.465192556381226 9.702901796296302
2.124711406584000 2042184695.668484449386597 9.708430611111117
2.117232640530000 1571488805.078123569488525 9.713620629629636
2.138921985270000 1491767042.439251899719238 9.718226777777785
2.123195492648000 1491824978.267168998718262 9.722828111111118
2.129154110160000 1492910650.309412479400635 9.727433611111119
2.137396760916000 1393106401.180058956146240 9.732066148148157
3.879170033986000 1968291185.611381292343140 9.748136462962972
2.135870684640000 2117391445.711545228958130 9.754276333333342
3.886882101648000 1486115603.032391548156738 9.762337444444453
2.203036429440000 2003347822.897231817245483 9.775210907407416
2.129154110160000 1480584471.018164634704590 9.785224203703713
4.026950921574000 1490918356.926614999771118 9.789830296296305
3.925442439958000 2000990069.433231115341187 9.795335185185193
3.778913154380000 2142194225.678563117980957 9.799833388888898
2.130675387454000 2088658905.199821710586548 9.804277629629638
2.130675387454000 1558052499.631322860717773 9.809426166666675
2.150071384960000 1492177762.575452804565430 9.814028018518528
2.129154110160000 1492617736.806086778640747 9.818628203703712
2.143352411882000 1491744166.134031295776367 9.823234925925934
3.832897628013999 1492436427.320490360260010 9.827834648148157
3.786625222041999 2001623697.635499954223633 9.833323240740750
2.138158947132000 2148653205.672239303588867 9.837818166666676
3.848321763338000 1557946456.772225618362427 9.842965962962971
2.136633438804000 2001889300.854585647583008 9.848470037037044
3.925442439958000 1561925775.823798179626465 9.853642555555563
2.135870684640000 2040538532.412420272827148 9.859149703703711
3.772373564463000 1571705640.743820428848267 9.864339129629636
2.129914465726000 1963430596.446055412292480 9.869805148148155
2.144118134378000 1557910840.559652328491211 9.874943259259267
3.917730372296000 1493140736.270368099212646 9.879546037037045
3.849518218133000 2042552866.472784519195557 9.885066759259267
2.135107930476000 2193529555.014389991760254 9.889583759259267
3.764659099096000 1565097147.937309265136719 9.894749611111118
3.841803752766000 1962128409.414251327514648 9.900216500000006
3.761147551624000 2062533749.380062818527222 9.904697240740747
3.849518218133000 1643051559.030115604400635 9.921283407407413
3.872661614234000 2118150301.309394121170044 9.927257333333339
2.117232640530000 1897023616.199022531509399 9.937928759259265
2.176170131520000 1471661559.976878166198730 9.947860055555561
3.956290710605999 1478348252.559928417205811 9.957273296296302
4.017987251901999 1962399559.903855800628662 9.962743481481487
3.741515702995000 2139324330.335079431533813 9.967239925925933
2.136633438804000 2139819648.969604969024658 9.971735685185191
2.144118134378000 1557841339.407154798507690 9.976882240740746
2.102287812240000 1492589752.664387702941895 9.981486870370375
2.123195492648000 1492559609.591516971588135 9.986097425925930
2.129914465726000 1492406810.849467754364014 9.990706629629633
2.117232640530000 1491734245.980008840560913 9.995308629629633
2.129914465726000 1492635607.830500364303589 9.999906037037041
3.778913154380000 1492425769.000068426132202 10.004506166666671
2.123195492648000 1962769167.261616945266724 10.009979185185189
2.129914465726000 1558359692.666292428970337 10.015127407407412
3.764659099096000 1492975554.411149501800537 10.019730222222227
2.130675387454000 1962709753.494282245635986 10.025195500000006
2.145648155035000 1558906932.744394063949585 10.030343907407413
3.834089287399000 1490789671.905555248260498 10.034946240740746
3.763489019056000 2001348430.751802921295166 10.040438962962968
3.780088029830000 2148558770.343580245971680 10.044924407407413
3.780088029830000 2183277335.091261386871338 10.049419037037042
2.143352411882000 2193344420.842184066772461 10.053865148148153
3.761147551624000 1564740942.664937734603882 10.059034888888894
3.765830050704000 1962839079.059568643569946 10.064507555555560
3.848321763338000 2090508339.076498746871948 10.068941166666670
2.117232640530000 1673383345.483671188354492 10.086189074074078
3.817473492690000 1476318462.416194438934326 10.092323759259262
3.771201086718000 1705005162.446858406066895 10.103583851851855
3.827564969568000 1729902555.680014133453369 10.114363037037041
4.020486591018000 2228529260.796160697937012 10.123346425925931
4.010275184240000 2179682386.237422466278076 10.127848166666672
2.137396760916000 2192780530.018938064575195 10.132277777777784
3.773546915562000 1561013666.676207065582275 10.137453925925932
3.780088029830000 1914917260.296266555786133 10.142915722222229
2.123954013992000 2137649954.900781631469727 10.147350388888896
2.129914465726000 1558208067.390247821807861 10.152494555555561
2.130675387454000 1492425306.723179101943970 10.157099685185191
2.129914465726000 1491277452.739841699600220 10.161701870370376
2.115720961200000 1492556677.618863582611084 10.166300981481486
2.123954013992000 1490863885.031097173690796 10.170901259259264
2.117232640530000 1492525437.844753742218018 10.175503981481485
2.110511267068000 1492557383.514564275741577 10.180105574074078
2.131435176858000 1492750887.233880043029785 10.184713111111115
2.122437535680000 1488390433.788483858108521 10.189313407407411
3.740352816070000 1492696606.424975633621216 10.193915240740745
3.780088029830000 1962081984.576287746429443 10.199387814814820
2.123195492648000 2138442858.933121681213379 10.203820962962968
2.118743475975000 1558981319.951184988021851 10.208965092592598
2.122437535680000 1492891183.051405668258667 10.213575111111115
3.748064883732000 1492881667.940005540847778 10.218180481481486
2.123195492648000 1962218671.523768186569214 10.223630055555560
2.112017306210000 1558958068.697342872619629 10.228773388888893
3.767681906775000 1492803969.405513525009155 10.233380851851855
3.748064883732000 1962100807.747882366180420 10.238853314814818
3.858432429000000 2135335510.911499738693237 10.243298166666671
2.130675387454000 2124552406.338995933532715 10.257623370370375
3.741515702995000 1480968853.497421026229858 10.263762814814820
2.136633438804000 2053793061.347673177719116 10.271862370370375
3.857232683500000 1488190077.765219926834106 10.281742537037042
2.223980088818000 1725024854.083583354949951 10.292000185185190
4.096381109877000 1472823112.783483028411865 10.299106722222227
2.203036429440000 2041113524.583284378051758 10.304622740740745
2.218053242460000 1565438184.367607831954956 10.309813055555560
2.115720961200000 1492114529.687745094299316 10.314419333333339
2.103789893606000 1480240376.266280889511108 10.319026000000006
3.834089287399000 1451054468.713389158248901 10.323641629629636
3.826374822032000 2001494825.172942876815796 10.329145481481488
2.096319600336000 2192981028.361388206481934 10.333579000000007
3.749230168362000 1565549108.981083869934082 10.338750981481489
2.129914465726000 1962400120.577416658401489 10.344218500000007
2.128393754594000 1558665737.800531387329102 10.349362166666674
2.129914465726000 1492352757.928542613983154 10.353975129629637
2.136633438804000 1492615613.317003965377808 10.358571870370378
2.118743475975000 1491944261.819588184356689 10.363168759259267
2.122437535680000 1493020283.584130287170410 10.367773833333342
2.115720961200000 1492857524.298197269439697 10.372379037037046
3.755776951394000 1492613925.730509519577026 10.376983888888898
3.758113185846000 1963246420.201308727264404 10.382451814814823
2.094822875184000 2137521836.716780900955200 10.386882425925934
2.123195492648000 1559011149.095284223556519 10.392023185185193
3.764659099096000 1492874411.568266153335571 10.396625814814824
3.794337289704000 1963081512.912132263183594 10.402098703703713
2.135870684640000 2138304546.138038396835327 10.406532259259269
3.772373564463000 1556926141.204128026962280 10.411683981481492
2.192731343390000 1962623805.233601808547974 10.417151500000010
2.089600627258000 1557312592.603248119354248 10.422300907407417
2.129154110160000 1489371905.919408559799194 10.436905407407417
2.123954013992000 1482807874.082319974899292 10.443476425925937
3.732640748408000 1487659326.809896945953369 10.452821648148159
2.176947277272000 1920724112.206686019897461 10.462875185185196
4.034665386941001 1622562542.041100263595581 10.472676000000011
2.150839507840000 2001288479.002280473709106 10.478181888888900
2.219636022450000 1564722814.834979772567749 10.483351851851863
2.104540095762000 1436413535.737383604049683 10.487961870370381
2.129154110160000 1492476234.180272579193115 10.492562314814824
2.123954013992000 1491727833.539501667022705 10.497158222222232
3.848321763338000 1492499378.961881399154663 10.501765203703714
3.773546915562000 2001087427.648404836654663 10.507268166666677
2.136633438804000 2148665163.630368232727051 10.511761129629640
3.903519475702000 1559081753.767579078674316 10.516909833333344
3.777736966220000 2041515135.086292505264282 10.522443333333344
2.136633438804000 2158480441.385642528533936 10.526961092592604
3.793156300776000 1557830010.938714504241943 10.532107611111122
3.717216613084000 1959147009.865616321563721 10.537581166666678
3.918948406436000 2138306660.874359846115112 10.542014462962975
3.910018304634000 2227916685.466306209564209 10.546529259259271
2.144118134378000 2247662825.732729434967041 10.550972944444457
2.117987636310000 1571779864.833039522171021 10.556162685185198
3.770027298942000 1492814405.101202964782715 10.560762907407421
2.144118134378000 1962113677.273698091506958 10.566225740740753
2.117232640530000 1558223111.123901128768921 10.571373814814827
2.129914465726000 1483862732.799382448196411 10.575979592592605
3.832897628013999 1492916540.285694837570190 10.580583055555568
2.104540095762000 2001746585.490692615509033 10.586082462962976
3.850715564142000 1463501014.242246866226196 10.591267870370384
2.109757546492000 1648256074.799921035766602 10.606736296296310
2.137396760916000 1474467262.891913652420044 10.612877814814828
2.111263866036000 1488620874.018728971481323 10.623247962962976
4.059070915308000 1487846240.395224332809448 10.632596611111124
3.871457966323999 1758515937.731653213500977 10.643013888888902
3.948578642944000 2247841333.817326068878174 10.647452277777791
2.159100494565000 2117594817.062115430831909 10.652048555555568
3.778913154380000 1534962376.508048295974731 10.657201462962975
2.128393754594000 1935565510.297853946685791 10.662682648148161
3.795516960564000 1556786856.933140516281128 10.667829425925939
3.787802495197000 1963043074.515966176986694 10.673297555555569
3.787802495197000 2138127060.459699869155884 10.677718314814829
2.136633438804000 2138329118.592497348785400 10.682136962962977
2.136633438804000 1558087341.708434343338013 10.687287444444458
2.138158947132000 1492636626.994664669036865 10.691890000000013
3.763489019056000 1492792598.136256217956543 10.696492444444457
2.150839507840000 1962635011.081597805023193 10.701965314814828
2.130675387454000 1551462845.552722454071045 10.707114740740753
3.780088029830000 1492875131.206943035125732 10.711719425925939
3.786625222041999 1962505822.645769596099854 10.717181814814827
3.780088029830000 2138424158.644783496856689 10.721602592592605
2.143352411882000 2138498641.919420480728149 10.726020592592604
3.812131239852000 1552666510.750985860824585 10.731167407407419
2.143352411882000 1963169785.268287897109985 10.736639351851863
2.138158947132000 1559038860.718524217605591 10.741788796296309
3.929105099104000 1492773757.695248126983643 10.746391203703716
2.150071384960000 2040481442.696900606155396 10.751908648148161
3.850715564142000 1571357099.323161125183105 10.757104370370383
2.121679578712000 1999957034.795763969421387 10.762612703703716
2.136633438804000 1972314096.737863540649414 10.777608555555569
3.871457966323999 1481973621.691086292266846 10.784179611111124
2.116476519570000 1761062918.794702053070068 10.794430037037051
2.210542142662000 1821740106.846635341644287 10.804028425925940
2.101537051066000 1677949554.825662612915039 10.814943833333349
4.010275184240000 1492225747.328308820724487 10.819541074074090
2.131435176858000 2001860866.230983734130859 10.825046833333349
2.129914465726000 1560356549.850175619125366 10.830219555555571
2.129914465726000 1447668646.753340721130371 10.834830277777794
2.117232640530000 1492502022.759567260742188 10.839430703703719
3.832897628013999 1492503191.964375495910645 10.844034277777794
3.764659099096000 2001294672.973876237869263 10.849518888888905
2.137396760916000 2147712783.372190952301025 10.853998666666683
2.117232640530000 1557934816.329027652740479 10.859144240740758
3.822805708208000 1492934833.631916999816895 10.863744148148164
3.835281834426000 2001551097.254838466644287 10.869232592592608
3.740352816070000 2193168578.255175113677979 10.873658166666683
2.136633438804000 2148358307.935316562652588 10.878148407407423
2.129914465726000 1558150394.924252271652222 10.883297074074090
2.136633438804000 1487492130.638636589050293 10.887902370370385
2.136633438804000 1492758108.950511693954468 10.892506907407423
2.143352411882000 1492518439.801956176757812 10.897107462962978
3.765830050704000 1492740147.783251285552979 10.901708796296312
3.917730372296000 1961929739.674923896789551 10.907174185185200
2.136633438804000 2228245713.864040851593018 10.911691333333348
2.129154110160000 1571910471.713926076889038 10.916883981481496
2.137396760916000 1492844572.586677074432373 10.921489203703718
3.732640748408000 1492832516.950992822647095 10.926093981481495
2.129914465726000 1962730420.115697860717773 10.931561611111125
2.117232640530000 1557046444.101052999496460 10.936714759259273
2.122437535680000 1489409269.083519220352173 10.951312870370383
2.129914465726000 1483325220.303435325622559 10.957882092592605
3.810945891298000 1486542080.737958192825317 10.967229203703717
2.216469578400000 2127313446.018592834472656 10.977167296296310
2.103038573414000 1839403145.979508638381958 10.986824537037050
2.216469578400000 1492210636.054065704345703 10.991425240740753
4.016736651837999 1487877888.027812004089355 10.996027574074086
2.139685023408000 2001205438.718334197998047 11.001520425925937
2.130675387454000 1534005589.491989612579346 11.007835185185197
2.136633438804000 1492575777.077032089233398 11.012439333333345
3.841803752766000 1492478678.197263479232788 11.017036870370383
2.131435176858000 1991111848.835576772689819 11.022576092592605
3.917730372296000 1562717986.517625808715820 11.027751574074086
2.130675387454000 2041802622.493648052215576 11.033276425925939
2.130675387454000 1571331092.496881008148193 11.038471796296308
2.143352411882000 1491878101.081814765930176 11.043083388888901
2.132195815505000 1492951041.007939100265503 11.047680962962975
3.771201086718000 1492727129.413657188415527 11.052285777777790
2.123954013992000 1962738199.167597055435181 11.057758555555568
3.748064883732000 1557977993.886390686035156 11.062901907407419
3.778913154380000 1963039137.152848243713379 11.068367018518529
3.848321763338000 2138354872.642572641372681 11.072803351851862
2.144118134378000 2183188568.840206623077393 11.077300481481492
2.111263866036000 1565675185.644007444381714 11.082472666666677
2.144118134378000 1493578361.450718402862549 11.088078574074084
3.918948406436000 1492798652.369221925735474 11.092679240740750
2.129914465726000 2041691011.047761917114258 11.098207425925935
3.872661614234000 1570908181.085916757583618 11.103403240740750
2.129914465726000 1951770403.515352725982666 11.108932425925936
3.740352816070000 1972373757.684961557388306 11.123999129629640
2.103789893606000 2077555398.232239484786987 11.130093888888899
3.758113185846000 1845731799.553734064102173 11.140509537037047
2.197889122074000 1706009542.316839694976807 11.150725240740751
4.002563116578000 1470501321.898554801940918 11.160692666666677
3.942091802537000 2001084737.543944835662842 11.166192000000009
3.795516960564000 2148689017.598574161529541 11.170681000000009
3.733801237628000 2132119341.632690668106079 11.175104962962973
2.129154110160000 2091924782.608695507049561 11.179534592592603
2.117232640530000 1557924857.654959917068481 11.184679888888899
2.137396760916000 1492448478.166395664215088 11.189282037037048
2.141822106358000 1492231997.524245262145996 11.193889685185196
2.123195492648000 1492673052.532402515411377 11.198488962962974
2.123954013992000 1491594762.610320091247559 11.203088370370383
2.129914465726000 1492675493.012141227722168 11.207691592592605
3.844193201088000 1492532287.644787549972534 11.212296037037049
3.918948406436000 2001546863.737107753753662 11.217793851851864
3.911233941069000 2238223938.956485748291016 11.222283666666678
2.129914465726000 2236960718.810233592987061 11.226712796296308
2.150071384960000 1570692258.550356388092041 11.231901555555567
3.786625222041999 1492794512.497031211853027 11.236501907407419
3.854833639000000 1963316896.380193233489990 11.241974370370382
2.130675387454000 2182606717.970135688781738 11.246452685185197
2.116476519570000 1564167788.477021694183350 11.251627851851865
2.104540095762000 1492794920.900590658187866 11.256230592592605
3.764659099096000 1492570945.211107730865479 11.260828037037049
3.851912464544001 1962807878.139887571334839 11.266301222222234
2.130675387454000 2182713889.706095695495605 11.270770425925937
3.780088029830000 1564912265.514330148696899 11.275947240740752
3.902306236972000 1897132403.590605735778809 11.281410055555567
3.734962591272000 1677920597.182279825210571 11.297463222222234
2.138158947132000 2067796176.177785396575928 11.303452962962975
2.117232640530000 1488434513.651877164840698 11.313349851851864
2.204610495536000 1854871613.757396221160889 11.323994092592605
2.217261115740000 1816915438.623295068740845 11.334660462962974
3.904733618148000 1491158942.154608249664307 11.339266611111123
2.116476519570000 2036566355.290706872940063 11.344785722222234
2.244137008052000 1567745313.385591030120850 11.349980777777789
3.780088029830000 1467736438.593953609466553 11.354589444444455
3.857232683500000 1960825671.055749177932739 11.360060370370380
3.786625222041999 2182931418.312387943267822 11.364547314814825
2.137396760916000 2148600474.859644412994385 11.369039870370381
2.138158947132000 1558485366.459269762039185 11.374185962962974
2.144118134378000 1491797660.908426523208618 11.378773055555566
2.144118134378000 1492836682.931542634963989 11.383372833333343
2.129914465726000 1492899631.601808071136475 11.387977351851863
3.777736966220000 1484918634.666410684585571 11.392604629629639
2.122437535680000 1962610107.570529699325562 11.398079074074085
2.135870684640000 1557025669.984066247940063 11.403227759259270
3.781263780420000 1493131449.394275665283203 11.407831981481491
3.917730372296000 1962645511.167289972305298 11.413281925925936
3.777736966220000 2227840030.550148963928223 11.417791814814825
2.111263866036000 2159145118.733509540557861 11.422304722222233
2.143352411882000 1558178537.115468502044678 11.427451074074085
2.117987636310000 1492960327.227973699569702 11.432055407407418
2.136633438804000 1492815880.905274391174316 11.436660518518529
3.850715564142000 1492914808.821043014526367 11.441260629629641
3.772373564463000 2002282038.345106124877930 11.446766185185195
3.781263780420000 2147556105.166944503784180 11.451243722222232
2.121679578712000 2018725673.492609739303589 11.455702925925936
2.130675387454000 1968883034.483774185180664 11.470792685185195
3.841803752766000 1482814701.845355987548828 11.477349685185196
2.142587259120000 1918098797.157819509506226 11.487438444444455
3.931930311780000 1488466978.226869106292725 11.497360629629641
2.218053242460000 1730922008.992095470428467 11.507628907407419
3.955059313614000 1556905579.707541465759277 11.512783166666678
2.095571237760000 1956733076.354061126708984 11.518240685185196
2.138921985270000 1511418999.758986711502075 11.523388703703715
3.857232683500000 1491107306.862512826919556 11.527998018518529
2.144118134378000 2002161240.174437284469604 11.533501425925937
2.116476519570000 1563893159.006393909454346 11.538665555555568
2.129154110160000 1490756991.030072689056396 11.543267351851863
3.894594169309999 1492972675.617965459823608 11.547872518518529
2.136633438804000 2040049324.390072107315063 11.553391537037047
2.131435176858000 1571304560.684834241867065 11.558581222222232
3.863745898662000 1487979257.455873489379883 11.563145111111121
2.142587259120000 2002271539.556339025497437 11.568648981481491
3.862543306278000 1565373403.019744396209717 11.573814981481490
2.097068520144000 2000978186.108897924423218 11.579323703703713
2.138921985270000 1565901768.609069108963013 11.584495166666676
3.765830050704000 1492777802.352468013763428 11.589100259259268
2.116476519570000 1962767967.354230880737305 11.594573148148157
3.778913154380000 1550377138.413685798645020 11.599717148148157
3.925442439958000 1962451652.947221755981445 11.605177092592601
2.145648155035000 2227859743.198700904846191 11.609694203703713
3.788980645277999 1570487759.429415941238403 11.614881870370379
2.137396760916000 1868715895.512536287307739 11.620352666666674
2.116476519570000 1939559847.404997825622559 11.636007759259266
2.103038573414000 1481961822.548997402191162 11.642576500000008
2.111263866036000 1485948941.935713768005371 11.651925333333342
2.223980088818000 1487755671.370293378829956 11.661281129629637
3.772373564463000 1479089481.853853940963745 11.670682166666674
3.957520733271000 1959515284.968819379806519 11.676140203703712
2.129914465726000 2137008787.742226362228394 11.680578203703712
2.175392985768000 1554179392.804408073425293 11.685720240740750
3.764659099096000 1448503886.286415100097656 11.690325703703714
3.802049357366000 1959769489.452766895294189 11.695777370370381
3.795516960564000 2138016926.566605329513550 11.700210462962973
2.136633438804000 2136863342.961195707321167 11.704634351851862
2.129914465726000 1557639301.432617425918579 11.709780333333343
2.144118134378000 1492564951.438740491867065 11.714385055555566
2.143352411882000 1490489778.846656560897827 11.718989703703715
2.130675387454000 1491545777.312615871429443 11.723590074074085
3.794337289704000 1491374990.956228256225586 11.728197296296308
3.840609695676000 1959758373.506033658981323 11.733655981481494
2.150839507840000 2193268614.373258113861084 11.738101222222236
2.144118134378000 1564860542.476054191589355 11.743272981481494
2.130675387454000 1493027426.602032423019409 11.747872462962976
3.781263780420000 1492841140.210140228271484 11.752477851851864
2.129914465726000 1962716213.098065853118896 11.757935259259272
2.144118134378000 1550612035.163733482360840 11.763106833333346
3.866149293858000 1492869609.298620462417603 11.767709666666679
2.129154110160000 2001005055.040409803390503 11.773215722222234
2.137396760916000 1565807600.720467805862427 11.778387259259272
3.732640748408000 1492202170.767004251480103 11.782993925925940
2.122437535680000 1961164618.981465816497803 11.788459296296310
2.123954013992000 1465702468.808830261230469 11.793633481481494
3.764659099096000 1485560247.443159103393555 11.808251129629642
3.763489019056000 1910552563.533713817596436 11.815513240740753
3.856033831000000 2131800770.450182199478149 11.824368092592605
2.190385223428000 2130284872.282280683517456 11.833272277777791
2.218053242460000 1479421736.016535758972168 11.843252981481495
3.810945891298000 1490752356.697123765945435 11.847855703703717
2.122437535680000 1957407360.058442115783691 11.853331203703716
2.226362192215000 1556226225.887786388397217 11.858479777777790
2.129154110160000 1427208933.856646537780762 11.863084814814826
2.141822106358000 1492267062.075736761093140 11.867687018518529
3.755776951394000 1491527545.365641593933105 11.872288518518529
2.115720961200000 1962916696.581573009490967 11.877756703703714
2.122437535680000 1551649752.862866640090942 11.882900796296306
3.770027298942000 1491711871.760877370834351 11.887510240740751
3.857232683500000 1963004801.444165706634521 11.892967703703714
3.817473492690000 2179802209.935646533966064 11.897462555555567
3.748064883732000 2192866323.188919544219971 11.901901537037048
2.123954013992000 2147035751.914026975631714 11.906383555555566
2.116476519570000 1558555699.565809249877930 11.911527222222233
2.110511267068000 1492751967.759710073471069 11.916131537037048
2.123195492648000 1492787444.761211633682251 11.920736962962973
3.749230168362000 1492643127.699100017547607 11.925342407407417
2.115720961200000 1961503782.158574581146240 11.930774833333343
3.841803752766000 1558989651.196310043334961 11.935914092592602
3.841803752766000 2002298418.832622289657593 11.941415185185194
3.771201086718000 2193391627.408814430236816 11.945841444444454
2.130675387454000 2148691087.809648513793945 11.950329055555565
2.117987636310000 1558712221.338868379592896 11.955476851851861
2.196319854960000 1492897521.466267824172974 11.960077092592602
3.764659099096000 1400248173.255744218826294 11.964707370370380
3.841803752766000 1631326632.035853862762451 11.980189907407418
2.123195492648000 1876598142.887833356857300 11.987172074074085
2.129154110160000 1507726500.487397193908691 11.997943574074085
2.209753003920000 1487195908.421284198760986 12.007283444444456
3.803231425931000 1665768531.224164485931396 12.018147240740753
2.209753003920000 1998221719.975209712982178 12.023645166666679
2.209753003920000 1560305412.371134042739868 12.028818500000012
2.110511267068000 1491154088.557197809219360 12.033413981481495
3.803231425931000 1492603121.045972108840942 12.038024259259272
2.144118134378000 1972895227.211616277694702 12.043533888888902
2.144118134378000 1563733938.414920091629028 12.048704092592606
3.831704637166000 1492544758.195913314819336 12.053307222222235
2.095571237760000 1998425569.657105684280396 12.058777537037050
2.144882717406000 1565314789.493653535842896 12.063951129629643
3.796697510136000 1491569405.714699506759644 12.068553296296310
2.149303833600000 1962306443.067894697189331 12.074006185185199
3.856033831000000 1556216834.203373670578003 12.079157074074088
2.143352411882000 2002218875.150011301040649 12.084650481481495
2.150839507840000 1554808771.346531629562378 12.090777333333346
3.902306236972000 1493014999.677772760391235 12.095374962962975
3.794337289704000 2041787582.598195552825928 12.100895888888902
2.150071384960000 2159052020.938109397888184 12.105406537037050
3.795516960564000 1558535515.861592531204224 12.110552907407421
2.137396760916000 1962336703.308641433715820 12.116007759259272
2.144118134378000 1558892034.033846616744995 12.121148611111124
2.138158947132000 1492844558.647895336151123 12.125753777777790
2.144118134378000 1492679632.266003847122192 12.130358555555567
2.129914465726000 1483962582.676660537719727 12.134981092592604
3.748064883732000 1492994273.903637409210205 12.139586388888899
2.123954013992000 1801429912.511024951934814 12.145066444444454
2.144118134378000 1485137762.840694427490234 12.160230185185195
2.122437535680000 1482180585.274023771286011 12.166781722222233
3.840609695676000 1481203019.915309429168701 12.176149166666677
4.055284988228000 2126774365.064420938491821 12.186082370370380
4.074504645024000 2215801825.104498386383057 12.195031629629639
2.111263866036000 2246326989.525404930114746 12.199463870370380
3.733801237628000 1569595968.745653629302979 12.204656629629639
2.138158947132000 1901227561.803986549377441 12.210130925925935
3.848321763338000 1554820733.254504203796387 12.215283500000009
2.130675387454000 2000798174.377284288406372 12.220781370370378
2.122437535680000 1565072312.451662778854370 12.225953370370378
2.117232640530000 1491516866.946576118469238 12.230558037037046
3.818660356665000 1490176375.202694177627563 12.235160388888897
3.777736966220000 2000051423.714406967163086 12.240650722222229
3.711811996698000 2148166095.112176418304443 12.245132759259267
2.130675387454000 2136315753.785881280899048 12.249557092592600
2.129914465726000 1554063793.959543228149414 12.254703870370378
2.111263866036000 1491953415.437318325042725 12.259309592592601
2.130675387454000 1492875407.618541479110718 12.263909481481489
2.117232640530000 1491359470.919052839279175 12.268512851851860
2.123954013992000 1492822316.243303537368774 12.273117370370379
3.773546915562000 1492695800.185907363891602 12.277719425925934
3.839414304444000 1962262906.160996437072754 12.283194129629637
2.130675387454000 2183015674.653059482574463 12.287687111111119
2.136633438804000 1565752056.887845516204834 12.292861685185192
2.123954013992000 1492712781.906534194946289 12.297469037037045
2.116476519570000 1492580546.513171911239624 12.302071277777786
2.082881654180000 1492731399.169001817703247 12.306670833333342
3.749230168362000 1488029634.873263359069824 12.311275018518527
2.117232640530000 1655342544.270752191543579 12.326724981481490
2.117987636310000 1589584154.691554546356201 12.333518907407417
3.785446633498000 1487473626.475893735885620 12.342871370370380
4.005052861302000 1762582118.982870817184448 12.353126814814825
3.872661614234000 2174125975.823031425476074 12.362053277777788
3.942091802537000 2237443753.533069610595703 12.366541296296306
3.781263780420000 2145013506.075269222259521 12.371049555555565
2.091092555214000 2144351132.026531457901001 12.375547388888899
3.857232683500000 1564297542.849778890609741 12.380720500000010
2.144118134378000 1999219088.295135498046875 12.386227074074084
3.924220644502000 1562324243.074940919876099 12.391401518518528
3.858432429000000 2040986114.561581611633301 12.396917555555564
2.144882717406000 2202201278.744984149932861 12.401412703703713
2.151606487680000 1564565813.832739353179932 12.406584277777787
2.149303833600000 1491967965.868826389312744 12.411193944444454
2.144118134378000 1492973850.243080615997314 12.415799185185195
2.149303833600000 1492750011.059855937957764 12.420403759259269
2.152374324800000 1492776053.911307096481323 12.425003907407417
2.115720961200000 1492778127.009646177291870 12.429611314814824
2.149303833600000 1492723608.067078113555908 12.434216222222231
3.780088029830000 1492106451.193974018096924 12.438779259259269
3.764659099096000 1962189069.093497276306152 12.444242870370379
2.143352411882000 2138522699.027095079421997 12.448668333333343
3.808575635332000 1558609117.110504150390625 12.453814944444455
3.796697510136000 1962562951.963466405868530 12.459277222222232
2.150071384960000 2138699592.978354692459106 12.463713240740750
2.144118134378000 1559043413.739820241928101 12.468854555555565
2.170228304194000 1492804654.400315523147583 12.473457129629638
3.765830050704000 1490489881.126826286315918 12.478069888888898
3.910018304634000 1634828540.209999561309814 12.493526703703713
2.130675387454000 1908252388.333544254302979 12.500551592592602
2.118743475975000 1877591370.096866607666016 12.511041388888898
4.110532063846000 1482655694.683961868286133 12.520426685185194
3.886882101648000 1967924327.599801540374756 12.530572759259268
2.223186152880000 2244949910.621648311614990 12.535017037037045
2.109757546492000 1570269401.116888046264648 12.540210037037046
3.780088029830000 1488006513.950711250305176 12.544815537037046
2.152374324800000 1951843918.180748462677002 12.550324518518527
2.137396760916000 1562382862.051685810089111 12.555498222222232
3.773546915562000 1492922639.793298244476318 12.560099592592602
3.872661614234000 1961814819.328499078750610 12.565569925925935
2.136633438804000 2182723302.809710502624512 12.570067555555564
3.785446633498000 1562113591.687225341796875 12.575239425925934
3.826374822032000 1962859010.504913568496704 12.580704240740749
3.848321763338000 2183103474.176853656768799 12.585191314814823
2.136633438804000 2193348674.220301151275635 12.589630351851859
2.117987636310000 1564689258.183282375335693 12.594780870370379
2.130675387454000 1492759379.802547454833984 12.599383944444453
2.129914465726000 1488715863.300383567810059 12.603988796296305
2.123954013992000 1492839312.517857074737549 12.608590666666675
2.116476519570000 1492601410.523437738418579 12.613196259259269
3.848321763338000 1492756928.274114847183228 12.617800981481491
3.815685962088000 1992284788.860299587249756 12.623306814814825
3.764659099096000 2193388144.388090133666992 12.627735722222232
3.908801309946000 2148898757.569257736206055 12.632225129629639
3.763489019056000 2227883143.743536949157715 12.636737796296305
2.130675387454000 2157963897.762268066406250 12.641253777777788
2.188821337532000 1558925293.984500408172607 12.646408055555566
3.780088029830000 1487113405.372425079345703 12.651021462962975
3.849518218133000 1657371767.483966112136841 12.666486425925937
3.825185560352000 2179149735.534937858581543 12.672466351851863
2.137396760916000 2144629285.754587411880493 12.681328074074086
2.238217362846000 1487571481.375005006790161 12.691248037037049
4.041123454888000 1476216656.410175800323486 12.700666944444457
4.026950921574000 2000701996.010005235671997 12.706152888888901
3.756944633729000 2191643127.902598381042480 12.710579000000013
2.129154110160000 2139355282.555282592773438 12.715063537037050
2.137396760916000 1528190525.157662391662598 12.720214018518531
2.129154110160000 1492367410.520214557647705 12.724814685185198
2.142587259120000 1491468009.216626882553101 12.729419888888902
3.864947148867000 1491273264.675012350082397 12.734024907407420
2.143352411882000 1999647657.299455642700195 12.739525444444457
2.129914465726000 1565237186.641483545303345 12.744702333333345
2.150071384960000 1491359887.976372003555298 12.749304537037048
3.850715564142000 1492734356.903873205184937 12.753909574074084
3.940866575282000 1999548457.019380092620850 12.759394388888900
3.863745898662000 2236735032.842385768890381 12.763874259259271
3.863745898662000 2203800143.947979927062988 12.768351185185198
2.129914465726000 2193429461.801282405853271 12.772790203703716
3.795516960564000 1565042906.299345254898071 12.777962111111123
3.794337289704000 1961901543.556525230407715 12.783419685185196
2.158330257954000 2138607579.123873472213745 12.787837277777788
2.138158947132000 1558992019.016062974929810 12.792979129629639
2.150839507840000 1492743665.305925130844116 12.797579018518528
2.143352411882000 1492654445.632339954376221 12.802186537037047
2.138921985270000 1492123784.881752729415894 12.806781425925935
2.144118134378000 1493076642.922609329223633 12.811388166666676
2.116476519570000 1493026727.999517917633057 12.815997703703713
3.756944633729000 1391721818.574203252792358 12.820631370370380
2.123195492648000 2131948948.815274000167847 12.836024055555566
2.123195492648000 1481503982.107789754867554 12.842134722222232
3.795516960564000 1778200991.260422468185425 12.850896481481492
3.920167347864000 1956981497.958996295928955 12.860990462962974
3.964002778268000 1918009565.380188226699829 12.871673277777790
3.803231425931000 2162070436.584511756896973 12.877911092592605
2.224774615922000 2137386969.194958686828613 12.882326555555569
2.230699061896000 1543274620.418426275253296 12.887496722222235
2.111263866036000 1462288680.034761428833008 12.892099537037049
2.129914465726000 1491634363.945865631103516 12.896701259259272
2.124711406584000 1490844630.460591077804565 12.901302833333347
3.925442439958000 1492594384.258235692977905 12.905909592592606
2.129914465726000 2039545211.587273836135864 12.911425222222235
3.764659099096000 1570216421.719993352890015 12.916612796296310
2.135870684640000 1961762875.933155536651611 12.922072666666679
2.130675387454000 1557969569.598387956619263 12.927218592592606
2.144118134378000 1493001326.164010286331177 12.931826703703717
2.132195815505000 1492948480.260296583175659 12.936425444444458
2.143352411882000 1488372449.225722312927246 12.941031888888903
2.135870684640000 1492782961.411520719528198 12.945638425925940
3.864947148867000 1492732927.496140003204346 12.950244055555570
2.150071384960000 2001250723.775130510330200 12.955751444444459
2.136633438804000 1565122336.708180189132690 12.960918574074089
3.724928680745999 1492868933.992177486419678 12.965520722222237
2.129914465726000 1961939457.987420320510864 12.970988000000014
3.910018304634000 1559248981.293164730072021 12.976141592592606
2.123954013992000 2041977247.367027759552002 12.981668018518532
3.879170033986000 1570674024.640656948089600 12.986862685185198
2.136633438804000 2001117710.358000278472900 12.992369611111124
2.144118134378000 1947896627.056640625000000 13.008229481481495
2.103789893606000 1481342790.867197990417480 13.014783796296310
3.780088029830000 1487279625.551748275756836 13.024160555555570
3.848321763338000 1705013994.056970357894897 13.034368592592607
2.204610495536000 1736633266.409898996353149 13.045215703703718
2.217261115740000 1564823418.657178640365601 13.050389166666681
2.130675387454000 1487947910.216095685958862 13.054994462962977
2.223980088818000 1491639999.517263889312744 13.059597851851866
2.151606487680000 1491275394.870308637619019 13.064198518518532
3.776562090770000 1486407590.148100376129150 13.068800000000014
2.124711406584000 1964485718.606643915176392 13.074310277777791
2.115720961200000 1561209501.354218482971191 13.079486148148161
2.130675387454000 1492580983.194900512695312 13.084087925925939
3.764659099096000 1491629466.709020137786865 13.088693500000012
2.129914465726000 1989326867.657790660858154 13.095164518518530
3.871457966323999 1558425146.813287973403931 13.100310888888901
3.911233941069000 2040072487.346348285675049 13.105842888888901
3.834089287399000 2248456459.134725570678711 13.110286351851864
2.143352411882000 2203312785.021318912506104 13.114781629629642
3.773546915562000 1565651434.247661113739014 13.119945648148160
2.137396760916000 1958586921.222927570343018 13.125408555555568
3.708349960718000 1558801035.896697998046875 13.130557074074087
2.137396760916000 1958057517.942603826522827 13.136024611111123
2.144882717406000 1558649292.017237901687622 13.141168333333345
3.827564969568000 1492729268.851155042648315 13.145778277777790
3.892171134365000 2001324242.740369796752930 13.151281185185198
2.130675387454000 2238161921.377927780151367 13.155771018518530
2.129914465726000 1571663978.954572677612305 13.160966129629642
3.840609695676000 1492882243.877719402313232 13.165570592592605
2.137396760916000 2001337556.256004810333252 13.171063833333346
2.102287812240000 1555054576.293020009994507 13.176239055555568
2.142587259120000 1967343587.508173227310181 13.192297555555568
2.116476519570000 1476023948.289247274398804 13.198881185185197
2.130675387454000 1486020829.320693969726562 13.208207425925938
2.218844190420000 1487977370.555178165435791 13.217556111111124
2.123954013992000 1845518810.396592140197754 13.228276148148161
4.011521990840000 1492208589.400621891021729 13.232886481481495
2.123195492648000 2000671593.095375776290894 13.238392185185200
2.163509331116000 1563321741.994851112365723 13.243564203703718
2.117232640530000 1458929024.789269208908081 13.248171185185200
2.129154110160000 1483302826.130653142929077 13.252777666666681
3.886882101648000 1490612170.329891443252563 13.257379629629645
3.925442439958000 2031510855.696100711822510 13.262909240740756
2.136633438804000 2246971842.135022163391113 13.267330740740755
2.150839507840000 1571334997.770842552185059 13.272522870370384
2.136633438804000 1491717485.183070421218872 13.277128462962978
3.872661614234000 1491402931.021994829177856 13.281730574074089
3.804414374994000 2001208464.155552864074707 13.287233518518534
3.926662871803000 2148869540.471653938293457 13.291723629629645
3.803231425931000 2228048771.488194465637207 13.296240537037052
3.794337289704000 2159142331.636704921722412 13.300741111111126
3.794337289704000 2138190615.798930406570435 13.305162648148164
2.143352411882000 2138278051.427617549896240 13.309598944444460
2.143352411882000 1558866803.109162330627441 13.314747407407422
2.117987636310000 1492093131.127180099487305 13.319354611111125
3.864947148867000 1492859169.721429586410522 13.323956814814828
2.130675387454000 2002451184.387617588043213 13.329460518518532
3.777736966220000 1565345135.345436573028564 13.334624944444458
2.149303833600000 1961999633.658630609512329 13.340084333333348
3.886882101648000 1559189113.953187227249146 13.345233296296310
2.115720961200000 1943079630.576697349548340 13.350773462962977
2.130675387454000 1931970268.418313980102539 13.365826666666681
3.840609695676000 1479996577.746330499649048 13.372395870370385
3.859631728000000 2119508206.931789636611938 13.382326500000014
2.237418034974000 1928620491.317576885223389 13.392983407407421
2.131435176858000 1624807627.128197193145752 13.402840037037050
2.224774615922000 1491042228.371030569076538 13.407444629629643
3.949806267904000 1487918819.188191890716553 13.412051629629643
2.136633438804000 1960181264.992478370666504 13.417517333333347
2.150839507840000 1558591827.044138193130493 13.422665296296310
2.130675387454000 1458348143.292082071304321 13.427269722222237
2.137396760916000 1489996269.391726016998291 13.431876259259274
2.143352411882000 1492868173.098963737487793 13.436481203703719
2.130675387454000 1491464185.836897850036621 13.441083407407422
2.150839507840000 1492577989.214578390121460 13.445688388888904
2.111263866036000 1491565488.883345365524292 13.450291092592607
3.864947148867000 1490219588.558182954788208 13.454892796296312
2.135870684640000 2001777524.812830448150635 13.460391370370386
2.129154110160000 1565243178.595471143722534 13.465563000000015
2.129914465726000 1492800101.403962135314941 13.470165055555571
2.138158947132000 1492773640.697604179382324 13.474768111111127
3.803231425931000 1492192430.126566886901855 13.479369685185201
3.732640748408000 2002033738.887709140777588 13.484862851851869
2.150839507840000 2148593964.589287757873535 13.489353018518536
3.894594169309999 1558840845.055217742919922 13.494499296296313
2.129914465726000 2041561119.638584136962891 13.500024888888905
2.136633438804000 1571388973.769508600234985 13.505212518518535
3.926662871803000 1491596082.010784149169922 13.509818055555572
3.786625222041999 2040988174.996649980545044 13.515346203703720
3.777736966220000 2159101796.849966526031494 13.519854092592608
2.117232640530000 2135874377.393437147140503 13.524293314814830
2.135870684640000 1509397620.852007865905762 13.540494259259274
3.742679456130000 1481572788.394885063171387 13.547066074074088
3.822805708208000 1739530142.336541652679443 13.557264907407422
2.176947277272000 2130410966.584435939788818 13.566182907407422
4.165811298180000 1477524596.910232067108154 13.576172870370385
2.123954013992000 2081697927.720492601394653 13.581722314814829
2.165826664330000 1570364704.880333900451660 13.586940537037052
2.131435176858000 1444918372.183637380599976 13.591550666666681
2.137396760916000 1492373049.731101512908936 13.596147611111125
3.780088029830000 1491152096.511039257049561 13.600755796296310
3.826374822032000 1961192429.961912870407104 13.606225703703718
2.123195492648000 2183135228.457351684570312 13.610720018518533
3.851912464544001 1562462841.608241558074951 13.615897055555569
2.143352411882000 2001719376.167163133621216 13.621400666666680
2.130675387454000 1563630363.911239862442017 13.626569814814829
2.137396760916000 1482822284.750477790832520 13.631203111111125
2.115720961200000 1492835895.395522117614746 13.635810944444458
3.786625222041999 1493003025.231719970703125 13.640414203703717
3.924220644502000 1958714656.246613979339600 13.645883240740753
3.931930311780000 2216159124.410377502441406 13.650405907407420
3.856033831000000 2247334907.884579181671143 13.654843777777790
2.129914465726000 2203780421.237783432006836 13.659328796296309
3.834089287399000 1565291695.234676599502563 13.664487592592605
3.808575635332000 2002026515.024058818817139 13.669991111111123
2.150071384960000 2193522269.635951519012451 13.674434962962975
2.144118134378000 1564578575.195617198944092 13.679596685185198
3.805596883808001 1492978185.854588508605957 13.684201240740753
2.143352411882000 1963019042.654734134674072 13.689672388888901
2.115720961200000 1551702955.816605329513550 13.694787851851864
2.122437535680000 1488605518.179297208786011 13.709412240740752
3.823994969888000 1481551545.606822013854980 13.715979240740753
2.110511267068000 1724850004.885834217071533 13.726212907407419
3.933154507619999 1488274743.989064931869507 13.736130018518530
2.142587259120000 1727956681.739205360412598 13.746425907407419
2.218053242460000 1555049601.579984903335571 13.751564259259270
3.762317631664001 1487261513.951916456222534 13.756167370370381
3.840609695676000 1921582278.395229101181030 13.761632555555567
2.136633438804000 2182077774.929081439971924 13.766110814814827
2.137396760916000 1562858051.817921638488770 13.771285629629642
2.138158947132000 1490942232.364178419113159 13.775895092592604
3.749230168362000 1492695852.775753498077393 13.780494777777790
3.772373564463000 1961617406.500513076782227 13.785962722222234
2.129914465726000 2138060816.644731760025024 13.790380981481492
2.135870684640000 1557236573.869335889816284 13.795531592592603
2.123195492648000 1490920778.217630624771118 13.800134703703714
3.771201086718000 1492699145.794121980667114 13.804739370370381
3.772373564463000 1963007884.464997053146362 13.810209574074085
2.135870684640000 2138236782.647989034652710 13.814635574074085
3.780088029830000 1558470706.351005554199219 13.819781740740751
3.778913154380000 1962697161.631215333938599 13.825249148148158
3.786625222041999 2182985369.551692485809326 13.829743833333342
3.835281834426000 2148855951.036015510559082 13.834218777777787
3.803231425931000 2183230598.623919010162354 13.838710870370379
2.129154110160000 2192588547.769053936004639 13.843152185185193
2.136633438804000 1565428965.873354434967041 13.848316500000008
2.135870684640000 1492838997.066528081893921 13.852918555555563
2.189603280480000 1492892685.617207765579224 13.857518574074081
2.123954013992000 1393216270.324918985366821 13.862152777777785
3.856033831000000 1485032947.983470916748047 13.876766722222230
3.841803752766000 1986170168.819509029388428 13.883903425925935
3.810945891298000 1713815469.335300207138062 13.894725074074083
3.719528861556000 1897121287.348015069961548 13.905384944444453
2.222392216942000 1889437320.165135145187378 13.916042870370379
3.841803752766000 1558169625.331636667251587 13.921194092592602
3.949806267904000 2000249704.584246635437012 13.926694814814825
3.864947148867000 2146766416.541328668594360 13.931176518518528
2.090347146682000 2117241682.789280652999878 13.935675222222232
2.142587259120000 1563479318.647742509841919 13.940851203703714
2.129914465726000 1490677543.695883035659790 13.945453722222233
2.145648155035000 1492572262.597386837005615 13.950053074074084
2.143352411882000 1491576041.980819225311279 13.954658351851862
2.137396760916000 1490394052.194047451019287 13.959265092592602
2.142587259120000 1491871882.314145326614380 13.963869944444454
2.130675387454000 1491659153.806180238723755 13.968467000000009
2.142587259120000 1488395620.849265575408936 13.973067925925935
2.141822106358000 1488573142.548856973648071 13.977667518518528
3.841803752766000 1492654147.457102537155151 13.982274759259269
3.787802495197000 2001137988.090704679489136 13.987770000000010
2.115720961200000 2148826833.973650932312012 13.992262370370380
2.143352411882000 1549290266.912514925003052 13.997434685185194
2.132195815505000 1492520562.809708118438721 14.002042518518527
2.151606487680000 1491626292.484586715698242 14.006647129629638
2.131435176858000 1492003449.273964166641235 14.011253574074082
2.144118134378000 1495279116.928905487060547 14.019846481481490
2.135870684640000 1492659833.393697977066040 14.024448148148156
2.097068520144000 1492611754.107985973358154 14.029053000000008
3.733801237628000 1492694309.525438308715820 14.033654907407415
2.123195492648000 1957864367.839461803436279 14.039119851851860
2.131435176858000 1935041894.312833309173584 14.054098018518527
3.888090544968000 1480479311.450871229171753 14.060679759259267
2.129914465726000 2106653334.375209331512451 14.070633314814822
2.224774615922000 1487444850.201222181320190 14.080572574074081
2.136633438804000 1476368650.759355306625366 14.090000648148155
3.994851048916000 1491700488.452507019042969 14.095607925925933
2.103038573414000 1994842484.921348571777344 14.101106870370376
2.082138088800000 1563993506.074615716934204 14.106274092592599
2.130675387454000 1441264294.320829153060913 14.110884833333341
3.840609695676000 1491528463.848761081695557 14.115490740740748
2.130675387454000 2002326839.790421009063721 14.120993833333340
3.763489019056000 1564563267.967300176620483 14.126163203703712
2.143352411882000 1957557333.188834667205811 14.131631240740749
3.840609695676000 1557376416.254828691482544 14.136779796296304
2.137396760916000 2001930055.681084394454956 14.142287351851859
2.123195492648000 1564408030.735266685485840 14.147454537037044
2.136633438804000 1492899759.751783847808838 14.152056259259266
3.841803752766000 1492814430.172178268432617 14.156663888888897
2.124711406584000 1997623186.942961454391479 14.162167944444452
2.103038573414000 1564841674.190635919570923 14.167336611111118
3.881583023574000 1493027150.230740785598755 14.171943351851858
3.836473937632000 2042314162.733319044113159 14.177467500000006
2.129914465726000 2203780440.881433010101318 14.181962703703709
2.130675387454000 1564703812.925437927246094 14.187137111111117
2.103789893606000 1493014079.409316301345825 14.191741944444450
3.748064883732000 1492929302.602565526962280 14.196344240740746
2.137396760916000 1962903930.131004095077515 14.201814796296302
2.143352411882000 1557360692.093344688415527 14.206958611111117
2.110511267068000 1390782849.139943361282349 14.211599777777785
3.912450483006000 1482642853.070517301559448 14.226216388888895
3.825185560352000 1984167124.410118103027344 14.233538944444451
3.778913154380000 2218993456.379666805267334 14.242467629629637
3.934377337169999 1895365000.668807983398438 14.253127833333341
3.832897628013999 2133213380.159627676010132 14.262102425925933
2.223980088818000 2182130096.966940402984619 14.266580851851860
3.750396320988000 1558996363.870847463607788 14.271750166666674
3.727245726414000 1995427204.779236078262329 14.277255462962971
2.129914465726000 2133424625.835723161697388 14.281737055555563
3.844193201088000 1555560363.217065334320068 14.286876314814823
2.117232640530000 2000561336.602197408676147 14.292382814814822
2.117232640530000 1565091477.358260631561279 14.297549444444451
2.110511267068000 1491318484.736563205718994 14.302162259259266
2.129914465726000 1492760485.544669151306152 14.306766481481487
3.886882101648000 1490672745.718495607376099 14.311366370370376
3.767000566528000 2041291783.164034843444824 14.316890259259266
2.137396760916000 2157637470.818562507629395 14.321387981481488
3.756944633729000 1559015731.839719295501709 14.326539129629635
2.122437535680000 1960843885.742144584655762 14.332008888888895
2.124711406584000 1558982445.161360025405884 14.337157833333340
2.091092555214000 1492898869.713223457336426 14.341760074074081
2.123954013992000 1492790598.135586977005005 14.346354907407415
3.817473492690000 1492083109.541774272918701 14.350954370370378
3.756944633729000 2002818818.427892208099365 14.356454888888896
2.130675387454000 2148472458.694234371185303 14.360940407407414
2.088854663280000 1559265247.104524850845337 14.366088925925933
2.096319600336000 1484776408.021272659301758 14.370720129629637
2.110511267068000 1490459325.875205039978027 14.375328574074082
2.123195492648000 1364198807.491645097732544 14.379950018518526
3.780088029830000 1488941875.927974700927734 14.394530259259268
3.749230168362000 1946814962.981121778488159 14.401631240740750
3.764659099096000 1728135281.759571313858032 14.412393962962973
4.017987251901999 2163030924.899620056152344 14.421369111111121
3.832897628013999 2128601733.733931064605713 14.430392666666677
2.223186152880000 2190518626.089152336120605 14.434792111111122
2.138921985270000 1564938032.749308824539185 14.439962703703715
2.223980088818000 1491303412.805964231491089 14.444567907407420
2.143352411882000 1431489106.062189102172852 14.449176314814826
2.137396760916000 1491509939.001066923141479 14.453775666666678
2.123195492648000 1491261090.252824068069458 14.458372629629640
2.130675387454000 1489760792.366227865219116 14.462972074074084
2.137396760916000 1491592756.869352579116821 14.467577203703714
2.130675387454000 1491266955.034704685211182 14.472179518518528
3.764659099096000 1492304615.743290185928345 14.476786537037047
2.130675387454000 1961920856.187835216522217 14.482249166666676
2.143352411882000 1556908849.700695514678955 14.487400000000010
2.130675387454000 1492672538.384781122207642 14.492002518518529
3.785446633498000 1492607314.194564342498779 14.496599870370380
2.130675387454000 1960962645.375481367111206 14.502055092592602
2.090347146682000 1558007744.496338129043579 14.507205703703713
3.863745898662000 1492902645.681456089019775 14.511808592592601
3.780088029830000 2001404490.754132032394409 14.517314555555563
3.736123512704000 2148901108.163720607757568 14.521796444444451
2.138921985270000 2138229182.154581308364868 14.526230407407414
3.864947148867000 1558407735.592782020568848 14.531384074074081
2.141822106358000 2002391106.766005039215088 14.536877222222229
2.135870684640000 1565539324.958507537841797 14.542054407407415
3.717216613084000 1492762217.682259798049927 14.546659148148155
3.864947148867000 1894089421.739867687225342 14.552119333333341
3.755776951394000 1676330425.951784610748291 14.568166185185193
2.123195492648000 2068136435.165107488632202 14.574144333333342
2.116476519570000 1486927734.813241243362427 14.584048185185194
2.198672879598000 1826718982.727739095687866 14.594656074074082
2.123195492648000 1475183657.335024595260620 14.604072462962971
2.223980088818000 1492024640.524718999862671 14.608668925925935
2.129154110160000 1489973872.880742073059082 14.613271777777786
4.010275184240000 1487377613.884957075119019 14.617876814814823
