2.137396760916000 2131228388.773753881454468 0.001054407407407
2.136633438804000 1547062226.696920871734619 0.007216166666667
3.782439093440000 1482107011.277441024780273 0.011830425925926
2.152374324800000 1961290998.595909357070923 0.017303851851852
2.136633438804000 1558259041.519752502441406 0.022450888888889
2.143352411882000 1492047678.130458354949951 0.027062833333333
3.864947148867000 1492605623.097247838973999 0.031667518518519
3.763489019056000 2000211717.593215703964233 0.037170481481481
2.124711406584000 2148061060.962038040161133 0.041663259259259
2.129154110160000 1558433393.306944847106934 0.046809555555556
2.130675387454000 1492731882.805497169494629 0.051416648148148
3.823994969888000 1492036080.482897520065308 0.056018500000000
2.144118134378000 2000831925.439468383789062 0.061514407407407
3.857232683500000 1459414903.430075407028198 0.066714055555556
3.797877620352000 1668024540.727406024932861 0.082216629629630
3.787802495197000 2130713648.511486291885376 0.088182685185185
3.740352816070000 1831874664.899281740188599 0.098772370370370
2.217261115740000 1727709913.359688043594360 0.109527777777778
3.740352816070000 1813548562.741686582565308 0.119139055555556
3.972949664005000 1961155589.016288518905640 0.124599666666667
2.246540701510000 2132061298.866493940353394 0.129025462962963
2.150839507840000 1514717748.482344865798950 0.134180833333333
2.136633438804000 1492099771.763938665390015 0.138781333333333
2.129154110160000 1492582000.442843198776245 0.143381240740741
2.138158947132000 1491412696.816746711730957 0.147985777777778
3.925442439958000 1492858221.921907424926758 0.152590000000000
2.149303833600000 2041767211.686658382415771 0.158117037037037
3.762317631664001 1569885492.261255025863647 0.163307370370370
3.763489019056000 1961824486.562252283096313 0.168777037037037
3.740352816070000 2138569504.702194213867188 0.173207592592593
2.123195492648000 2138169497.333712100982666 0.177638777777778
2.148536282240000 1555195527.225583314895630 0.182781000000000
3.826374822032000 1492671428.915992021560669 0.187387703703704
2.136633438804000 2001475852.043288707733154 0.192890814814815
2.137396760916000 1565306658.646358251571655 0.198062870370370
2.137396760916000 1492698091.354390382766724 0.202667648148148
2.137396760916000 1492715620.398014068603516 0.207270129629630
3.848321763338000 1492914870.746053695678711 0.211869888888889
2.105291136445000 2001528522.151739120483398 0.217372759259259
3.849518218133000 1565277753.872633457183838 0.222537203703704
2.138921985270000 2001529517.524662494659424 0.228037388888889
3.905496699150000 1564947986.685278654098511 0.233211277777778
2.138921985270000 1957316322.240980148315430 0.238761759259259
2.130675387454000 1970785588.616069078445435 0.253823925925926
2.109757546492000 1482732542.009698867797852 0.260392074074074
3.850715564142000 1487744437.312794208526611 0.269740074074074
2.199457513155000 1920244203.916384458541870 0.279825907407407
2.150071384960000 1479524371.123155355453491 0.289806222222222
4.082221509881999 1492164735.668213844299316 0.294414277777778
2.250855981130000 2040688483.643981218338013 0.299930425925926
3.881583023574000 1566012317.781658887863159 0.305126166666667
2.129914465726000 1966768211.119251966476440 0.310636129629630
3.771201086718000 1564973251.691911220550537 0.315807796296296
3.857232683500000 1962113647.372040033340454 0.321275000000000
3.790158356896000 2183049963.334953784942627 0.325770148148148
2.129914465726000 2148784442.141167163848877 0.330254722222222
2.129914465726000 1558733439.546567916870117 0.335403925925926
2.130675387454000 1491884884.268482685089111 0.340005092592593
3.844193201088000 1492880204.723140239715576 0.344600277777778
2.123954013992000 2001494315.824972391128540 0.350091481481482
3.765830050704000 1565120358.666031599044800 0.355262907407408
3.856033831000000 1962385294.664750099182129 0.360738370370370
3.778913154380000 2228044015.987943649291992 0.365260296296296
2.143352411882000 2158964868.255959510803223 0.369776629629630
2.129914465726000 1558929322.864778041839600 0.374925500000000
2.143352411882000 1492921442.232198715209961 0.379524851851852
2.129914465726000 1479400517.911092042922974 0.384158851851852
2.124711406584000 1492707526.847147941589355 0.388766555555556
3.834089287399000 1492923606.082548856735229 0.393369888888889
2.137396760916000 2001613305.725481748580933 0.398861259259259
2.129914465726000 1564851142.003824710845947 0.404032481481482
3.803231425931000 1488758422.621445178985596 0.408629888888889
2.129914465726000 1995928020.116179227828979 0.414138629629630
3.786625222041999 1937976274.880067586898804 0.429162555555556
2.118743475975000 2024814561.116417407989502 0.435250814814815
2.116476519570000 1485458880.758356809616089 0.443268148148148
3.781263780420000 1487673311.235343694686890 0.452626018518519
2.192731343390000 1920354922.872536659240723 0.462662314814815
3.933154507619999 1683320131.107307672500610 0.469543870370371
3.849518218133000 1962320452.537398338317871 0.475014259259259
3.689807931968000 2182814814.814814567565918 0.479496259259259
2.116476519570000 2144096131.213221549987793 0.483933481481482
2.115720961200000 1564713124.973130941390991 0.489102592592593
2.116476519570000 1487345375.565610885620117 0.493706759259259
2.124711406584000 1492221429.520446777343750 0.498306333333334
3.765830050704000 1492633060.817226409912109 0.502909074074074
2.137396760916000 1951280418.193021535873413 0.508378814814815
2.117232640530000 1557908245.001312971115112 0.513527388888889
2.130675387454000 1492244813.879009485244751 0.518130129629630
2.117232640530000 1492614258.508440971374512 0.522729592592593
2.109757546492000 1492161763.701039075851440 0.527336907407408
2.110511267068000 1484729637.052956819534302 0.531938129629630
3.748064883732000 1492702370.034271240234375 0.536541907407408
3.818660356665000 1962585356.902563095092773 0.541991574074074
2.132195815505000 2183176273.832087993621826 0.546476074074074
2.124711406584000 1565238926.564410686492920 0.551639833333334
2.089600627258000 1492077516.077170372009277 0.556247240740741
2.090347146682000 1493057948.798416376113892 0.560849962962963
2.116476519570000 1492912181.097796678543091 0.565449074074074
3.751562039616000 1492166158.720458030700684 0.570054888888889
2.123954013992000 1962641433.952285289764404 0.575517129629630
3.771201086718000 1558586283.496488094329834 0.580660703703704
2.090347146682000 1896506924.450414896011353 0.586147166666667
3.881583023574000 1491766525.919880628585815 0.601282481481482
2.116476519570000 2116450228.621139287948608 0.607434500000000
2.118743475975000 1485205156.635679006576538 0.613563962962963
3.742679456130000 1487936661.670926570892334 0.622917611111111
3.864947148867000 1741855256.716623544692993 0.633131351851852
3.903519475702000 2152152043.956223964691162 0.642170648148148
4.087395860860000 2227096374.221978187561035 0.646684111111111
2.129154110160000 2248147241.574091434478760 0.651109944444445
3.727245726414000 1562733799.563710927963257 0.656305277777778
3.835281834426000 1923532754.409769535064697 0.661764537037037
2.136633438804000 2182349623.003406047821045 0.666244388888889
2.115720961200000 1565608100.809437036514282 0.671421740740741
2.129914465726000 1491743894.644170999526978 0.676028351851852
3.834089287399000 1492704258.277745246887207 0.680622888888889
3.849518218133000 2002112799.884301185607910 0.686128870370371
3.841803752766000 2193234754.749409675598145 0.690568018518519
3.771201086718000 2192986396.746921062469482 0.694999148148149
3.765830050704000 2144381875.312256097793579 0.699484129629630
3.755776951394000 2138271722.474817037582397 0.703907351851852
2.130675387454000 2137472463.211184263229370 0.708340814814815
2.128393754594000 1554890248.863321304321289 0.713484944444445
2.110511267068000 1491849470.830404758453369 0.718095592592593
2.136633438804000 1492362729.106234550476074 0.722704888888889
2.129154110160000 1492617829.220423936843872 0.727309481481482
3.764659099096000 1492788616.314199447631836 0.731906703703704
3.748064883732000 1962380828.487582206726074 0.737358851851852
2.132195815505000 2138617711.720598220825195 0.741789481481482
3.771201086718000 1558723442.815122842788696 0.746939444444445
2.123954013992000 1955037805.717060565948486 0.752430481481482
3.902306236972000 1558150146.716147422790527 0.757580259259260
2.129154110160000 1941073407.992314100265503 0.763131425925926
2.117232640530000 2008241712.912969350814819 0.778171000000000
2.116476519570000 1481031551.181901216506958 0.784742333333334
2.115720961200000 1487786233.692165136337280 0.794093666666667
3.935601077579999 1656677307.279925107955933 0.804871148148149
3.964002778268000 1730929316.935949325561523 0.815140777777778
3.786625222041999 2137562623.358522891998291 0.819578685185186
3.927884212722000 2137380759.220810651779175 0.824011592592593
3.772373564463000 2138341918.986028432846069 0.828508759259260
2.115720961200000 2148676726.500834941864014 0.833001629629630
2.131435176858000 1554198833.819242000579834 0.838146629629630
2.129914465726000 1490762724.815804004669189 0.842751222222223
2.129914465726000 1492290788.298976182937622 0.847356074074075
3.810945891298000 1492044532.349657773971558 0.851934518518519
2.129914465726000 2002256525.528385162353516 0.857437833333334
3.849518218133000 1565406788.885706186294556 0.862609685185186
2.123195492648000 2000838719.909297704696655 0.868097722222223
2.121679578712000 1565227949.943605899810791 0.873269666666667
2.110511267068000 1492825035.207017183303833 0.877872074074075
2.130675387454000 1492924556.302257299423218 0.882476685185186
2.123195492648000 1492824551.021147489547729 0.887076629629630
2.137396760916000 1492820489.489936828613281 0.891676277777778
3.840609695676000 1491717373.441175460815430 0.896273759259260
2.152374324800000 2001862814.839740753173828 0.901777000000001
2.103789893606000 1565512442.875320434570312 0.906943574074075
3.795516960564000 1492822486.632303953170776 0.911556685185186
2.144118134378000 2001256780.712937831878662 0.917061814814815
2.143352411882000 1565244597.052546977996826 0.922233888888889
2.114965402830000 1492215426.441076040267944 0.926838537037038
3.765830050704000 1396555553.777208805084229 0.931466685185186
2.116476519570000 2094626552.721726655960083 0.946765388888889
2.138921985270000 1467341895.474602460861206 0.952821333333334
2.115720961200000 1489127622.723057031631470 0.963224537037038
2.231495989384000 1825302439.817428827285767 0.973818074074075
3.873866158715999 1819146442.931992053985596 0.984456777777778
3.918948406436000 2041441780.775988101959229 0.989979962962963
3.987138981254000 2153904808.095422267913818 0.994485481481482
2.144118134378000 2169860567.181565761566162 0.999000333333334
2.136633438804000 1570121392.147773027420044 1.004193481481482
2.143352411882000 1493934140.464645862579346 1.009796314814815
2.156790358038000 1492712781.229265928268433 1.014401592592593
2.110511267068000 1492702984.264785528182983 1.019009092592593
2.129154110160000 1492605646.043906450271606 1.023611462962964
3.786625222041999 1491639123.184377908706665 1.028208907407408
2.144118134378000 1962721549.226572513580322 1.033674000000001
2.144882717406000 1558797046.058171987533569 1.038819666666667
2.129914465726000 1492670283.987915277481079 1.043416888888890
3.848321763338000 1491820625.852969169616699 1.048016833333334
3.782439093440000 2001750331.512405395507812 1.053505148148149
2.143352411882000 2148667117.118973255157471 1.057999944444445
3.910018304634000 1558617565.332093715667725 1.063138222222223
2.138158947132000 2041064372.464196205139160 1.068651851851852
2.131435176858000 1571421582.271705389022827 1.073841296296297
2.123195492648000 1492802608.695652246475220 1.078441296296297
2.136633438804000 1492703598.100209474563599 1.083046092592593
3.910018304634000 1492702521.968648433685303 1.087648611111112
3.796697510136000 2040568250.168475389480591 1.093172000000000
3.732640748408000 2019654615.976302385330200 1.097698148148149
2.130675387454000 1631177310.068421840667725 1.114424444444445
3.842998699284000 1475091035.264384269714355 1.120535425925926
3.817473492690000 1737778653.082982778549194 1.131790759259260
2.252463041790000 2113520989.297628402709961 1.140750351851852
3.835281834426000 1467089819.759679555892944 1.150737018518519
2.219636022450000 1992208877.109628438949585 1.156263925925926
2.123954013992000 1563873147.561067342758179 1.161433537037037
3.934377337169999 1492131245.651221036911011 1.166037851851852
2.144882717406000 1956140351.947299242019653 1.171502685185185
3.851912464544001 1540388046.798455476760864 1.176643722222222
3.772373564463000 2001033552.804137706756592 1.182150796296296
3.841803752766000 2148332827.537295818328857 1.186641944444445
3.866149293858000 2182777363.261157989501953 1.191124333333334
2.150071384960000 2192980222.198144435882568 1.195568148148148
2.137396760916000 1564338669.769940137863159 1.200739907407408
3.856033831000000 1492719348.111407279968262 1.205339648148148
3.788980645277999 2001895791.219177484512329 1.210845333333334
2.143352411882000 2147061095.821453332901001 1.215333425925926
3.844193201088000 1554078121.347053766250610 1.220482111111111
2.131435176858000 2001771140.398063421249390 1.225990259259259
2.143352411882000 1565612492.439182281494141 1.231164351851852
3.826374822032000 1492687903.323262929916382 1.235761574074074
2.136633438804000 2000909532.838469982147217 1.241270018518518
2.130675387454000 1565148801.285131454467773 1.246434500000000
2.138158947132000 1492807812.713767290115356 1.251036685185185
3.903519475702000 1492639305.566744565963745 1.255634092592592
2.129914465726000 2040352066.565260648727417 1.261149148148148
3.917730372296000 1571809539.093593597412109 1.266341814814815
2.129914465726000 2041920916.368021011352539 1.271870888888889
3.840609695676000 1570804452.666360139846802 1.277066277777778
2.117987636310000 1847365223.407399177551270 1.282580203703704
2.130675387454000 1486801896.143702983856201 1.297768925925926
3.726086772261000 1482911472.267249345779419 1.304337907407408
3.765830050704000 1741129195.939255714416504 1.314549500000000
2.198672879598000 2126677396.553109884262085 1.323535592592593
4.025699319564000 1479916838.988976240158081 1.333493962962963
2.123195492648000 2000193592.851211547851562 1.339002277777778
3.749230168362000 1564408210.181799888610840 1.344173814814815
2.130675387454000 1934494108.251155853271484 1.349646000000000
3.764659099096000 1558810843.256571292877197 1.354798203703704
2.143352411882000 1962073123.171920776367188 1.360268425925926
2.150839507840000 1558522392.249445915222168 1.365414055555556
3.832897628013999 1492654582.617477416992188 1.370016592592593
3.849518218133000 2001977709.803446531295776 1.375519759259259
2.138921985270000 2192718687.485059261322021 1.379935370370371
2.129914465726000 1565347909.774220466613770 1.385101833333333
3.817473492690000 1493080714.130408525466919 1.389701055555556
2.131435176858000 2002144478.962266445159912 1.395203074074074
3.834089287399000 1561838046.705175638198853 1.400374203703704
2.131435176858000 2002073003.310990810394287 1.405877759259260
2.143352411882000 1565505781.464924335479736 1.411047537037037
2.144118134378000 1493024881.297651529312134 1.415657574074074
2.129914465726000 1492119073.382059097290039 1.420261333333333
2.144882717406000 1493024553.805034875869751 1.424861962962963
3.848321763338000 1492945959.984377145767212 1.429461092592593
2.129914465726000 2001935075.553402423858643 1.434964925925926
2.136633438804000 1564273156.777838230133057 1.440131000000000
3.867350991456000 1493005970.041101932525635 1.444731129629630
3.772373564463000 1897274703.196346998214722 1.450206129629630
2.129914465726000 1630145727.718227386474609 1.466202222222222
3.863745898662000 1480838464.153050661087036 1.472304296296296
2.102287812240000 2148176385.242503643035889 1.480345407407407
2.136633438804000 1645843108.162208080291748 1.490105611111111
3.934377337169999 1487658952.043718576431274 1.499461740740741
2.244137008052000 1823414837.274913072586060 1.506839555555556
3.772373564463000 1556351286.590104579925537 1.511986666666667
3.793156300776000 1962513846.320757150650024 1.517448740740741
2.149303833600000 2070287958.508719205856323 1.521883407407407
3.856033831000000 1558240545.005020380020142 1.527029129629630
2.144118134378000 1989898900.640367746353149 1.532532333333333
3.787802495197000 1534185390.777770757675171 1.537816666666667
3.849518218133000 1938642099.744634628295898 1.543291759259259
2.144118134378000 2182828398.271251678466797 1.547786555555555
3.832897628013999 1564446386.583493471145630 1.552960944444444
2.143352411882000 2001942292.937043428421021 1.558463833333333
3.788980645277999 1564900191.028826713562012 1.563621092592592
2.143352411882000 1955286312.305625200271606 1.569093296296296
3.788980645277999 1558943188.439156532287598 1.574242222222222
2.132195815505000 1962032191.288058757781982 1.579699185185185
2.117232640530000 1557777760.158001422882080 1.584837444444444
2.136633438804000 1492909402.190294504165649 1.589445314814815
2.117987636310000 1492685400.998215436935425 1.594042407407407
2.135107930476000 1492544859.406706094741821 1.598641962962963
3.841803752766000 1492784439.315020561218262 1.603239018518518
3.856033831000000 2001031716.965288400650024 1.608730296296296
2.129914465726000 2193366026.335719585418701 1.613156055555556
2.185225339050000 1565119671.513869285583496 1.618320037037037
3.696378266982000 1489529148.450559377670288 1.622928629629629
2.129914465726000 2135424104.513830900192261 1.638305648148148
2.123195492648000 1475253750.340939998626709 1.644416203703704
3.772373564463000 1488984295.874109268188477 1.654761444444444
2.218053242460000 2069957147.681224584579468 1.664632555555555
3.917730372296000 1464817139.941555738449097 1.674613574074074
4.026950921574000 2040180766.847015857696533 1.680141259259259
2.117232640530000 2203599940.577879905700684 1.684628925925926
3.764659099096000 1564536993.490292787551880 1.689795000000000
2.138921985270000 1957694286.362359046936035 1.695265018518518
3.844193201088000 1552744464.060529470443726 1.700404833333333
2.138158947132000 2001710044.302711725234985 1.705909888888889
3.850715564142000 1564704954.366265773773193 1.711081907407407
2.144118134378000 2000261385.924698352813721 1.716567481481481
2.138158947132000 1562440773.949976444244385 1.721747259259259
3.788980645277999 1492509526.012025594711304 1.726351611111111
3.790158356896000 1962456653.153872489929199 1.731801407407407
2.130675387454000 2137516182.989043951034546 1.736229925925926
2.123954013992000 1551468767.885618448257446 1.741374500000000
2.129154110160000 1492754087.157862663269043 1.745981296296296
2.129914465726000 1492772124.374864101409912 1.750580296296296
3.834089287399000 1492704083.481285572052002 1.755180129629629
3.857232683500000 2000869846.973795652389526 1.760683907407407
2.117232640530000 2193480144.706650733947754 1.765106648148148
3.781263780420000 1564139111.560035228729248 1.770276759259259
2.144118134378000 1962069053.083284854888916 1.775731500000000
3.927884212722000 1558258272.458435535430908 1.780885259259259
2.137396760916000 2041948583.621119976043701 1.786413833333333
2.131435176858000 1571501603.942236661911011 1.791603592592592
3.724928680745999 1392173808.781563997268677 1.796237037037037
2.110511267068000 1633395943.178664684295654 1.811718962962963
3.727245726414000 1478863941.250250101089478 1.817831518518518
3.902306236972000 2097142346.427776336669922 1.825819074074074
3.802049357366000 2178326120.716430187225342 1.834762592592592
2.119499315640000 2124654771.691204071044922 1.843683259259259
2.230699061896000 1476525961.144872426986694 1.850740814814814
2.217261115740000 1491836712.381626129150391 1.855348000000000
2.218844190420000 1492018320.647636175155640 1.859939055555555
2.111263866036000 1487673024.128297805786133 1.864539462962962
2.097816325488000 1492482917.037102699279785 1.869142814814814
2.116476519570000 1460241986.960471391677856 1.873749888888888
2.136633438804000 1491942043.799145221710205 1.878351703703703
2.138158947132000 1492687093.569909095764160 1.882956499999999
3.783614406460000 1492698121.183086872100830 1.887556518518518
3.866149293858000 1960944092.905531167984009 1.893029222222221
3.920167347864000 2227711576.539459705352783 1.897546499999999
2.116476519570000 2248189901.221241474151611 1.901972777777777
3.787802495197000 1571581323.151584386825562 1.907162407407407
2.145648155035000 1951437114.860087156295776 1.912661851851851
2.116476519570000 1558516645.863084793090820 1.917809944444444
2.123954013992000 1492730783.145606756210327 1.922416722222221
2.116476519570000 1492690619.404936552047729 1.927019407407407
2.123195492648000 1492683076.898329496383667 1.931624333333333
3.756944633729000 1491996007.726979970932007 1.936225814814814
2.131435176858000 1962513825.088039398193359 1.941684222222221
3.732640748408000 1559078431.372549057006836 1.946835222222221
3.782439093440000 1962485769.734903573989868 1.952302833333333
3.764659099096000 2138701161.014998912811279 1.956729037037036
3.827564969568000 2138489868.040151834487915 1.961162203703703
3.832897628013999 2183394531.266103267669678 1.965654407407406
2.130675387454000 2193303595.557322025299072 1.970081166666666
2.129914465726000 1562719853.889127731323242 1.975252277777777
2.109757546492000 2003290511.401830434799194 1.991368111111110
3.844193201088000 1645317944.606054782867432 1.998135129629629
3.858432429000000 1744108229.890184879302979 2.010423444444443
3.926662871803000 1746684828.630325555801392 2.021248537037036
2.143352411882000 2118905401.128260374069214 2.030200370370369
2.224774615922000 1558332005.828071832656860 2.035347870370369
2.206183682920000 1487549886.005862474441528 2.039953370370369
2.122437535680000 1492122783.258655071258545 2.044561611111110
2.129914465726000 1452100135.885452985763550 2.049154259259258
2.117987636310000 1483288370.652519226074219 2.053758351851851
3.771201086718000 1492199572.792257308959961 2.058361888888888
2.112017306210000 1962418023.691809654235840 2.063819314814814
2.111263866036000 1557898922.496701240539551 2.068970111111110
2.110511267068000 1492491760.928087711334229 2.073572166666666
3.756944633729000 1492663539.143659353256226 2.078174870370369
3.741515702995000 1963472974.026194095611572 2.083639777777777
3.832897628013999 2137609189.739821672439575 2.088075481481480
2.117987636310000 2183271506.608366012573242 2.092560537037036
3.733801237628000 1564651557.160358667373657 2.097730203703703
3.802049357366000 1958623172.530733585357666 2.103190851851851
2.136633438804000 2125485204.715405702590942 2.107693037037036
2.125469645740000 1550450850.116584300994873 2.112863351851851
2.130675387454000 1492825562.438865423202515 2.117463851851851
2.097068520144000 1492816501.249180316925049 2.122066870370369
2.109004386720000 1492775794.010067701339722 2.126669037037036
2.129154110160000 1492784204.931630373001099 2.131268222222221
3.719528861556000 1493028730.843085289001465 2.135868388888888
2.131435176858000 1961744061.671233415603638 2.141335851851851
2.124711406584000 1559005741.702627420425415 2.146476925925925
2.103038573414000 1395044613.518225431442261 2.151086888888888
3.749230168362000 1488606924.056997537612915 2.166261037037036
3.732640748408000 2021591874.411720991134644 2.172379796296295
3.827564969568000 1777389786.298122644424438 2.181254222222221
3.756944633729000 2172234957.806960582733154 2.190155111111110
3.980664129372000 2145425297.627087593078613 2.199066648148147
2.203823169584000 2169800786.642547607421875 2.205290944444443
2.224774615922000 1564578977.874459743499756 2.210466796296295
2.230699061896000 1492446336.362905025482178 2.215071611111110
2.136633438804000 1457985239.437072515487671 2.219678481481480
3.864947148867000 1485351087.227991580963135 2.224275629629628
2.144882717406000 2002017147.625713109970093 2.229779037037035
3.810945891298000 1564721587.608906030654907 2.234944037037035
2.130675387454000 1962044611.024773597717285 2.240413537037035
2.144118134378000 1558767754.774491310119629 2.245559518518517
2.145648155035000 1492482341.988707542419434 2.250154537037035
2.117232640530000 1492683556.024331569671631 2.254754555555554
2.135107930476000 1492751837.783622980117798 2.259351981481480
2.102287812240000 1490942270.709611892700195 2.263945259259258
3.772373564463000 1492918069.611845254898071 2.268545370370369
2.135870684640000 1962964631.399525165557861 2.274021037037036
3.841803752766000 1559030640.848947763442993 2.279167277777776
3.825185560352000 1993866994.642905473709106 2.284670537037035
3.775892744406000 2193251975.504990100860596 2.289106814814813
2.136633438804000 2149100612.950328826904297 2.293596333333332
2.129914465726000 1558746607.783128261566162 2.298745648148147
2.090347146682000 1492641447.976902008056641 2.303350796296295
2.131435176858000 1492440008.230485916137695 2.307940777777776
2.128393754594000 1490263224.591766595840454 2.312543944444443
2.130675387454000 1492829841.223809242248535 2.317141611111110
3.778913154380000 1405326647.415281057357788 2.321765296296295
3.895805010335000 1653275307.514739990234375 2.337240314814813
3.836473937632000 2210326455.805170536041260 2.343242148148147
3.903519475702000 2159567746.405250549316406 2.352169777777776
2.170228304194000 1949276632.636075973510742 2.362850074074073
3.857232683500000 1626489471.284553766250610 2.372719907407406
2.129154110160000 2001074437.706224679946899 2.378225629629628
2.230699061896000 1565269823.421771526336670 2.383396981481480
2.197889122074000 1484226596.185821533203125 2.387996777777776
2.129914465726000 1468247035.253820896148682 2.392581518518517
2.123195492648000 1462894982.168302297592163 2.397182148148147
2.110511267068000 1492820130.903232336044312 2.401779833333332
3.756944633729000 1492766784.210759162902832 2.406385407407406
3.897016753290000 1963299888.804512977600098 2.411847925925924
2.144118134378000 2226860007.811375617980957 2.416352277777776
2.116476519570000 1571844378.552542924880981 2.421542222222221
2.125469645740000 1492616771.018059492111206 2.426147388888888
2.124711406584000 1492344053.906099081039429 2.430747981481480
3.741515702995000 1492593743.209200859069824 2.435349796296295
3.826374822032000 1958838351.999945878982544 2.440807814814814
2.129154110160000 2183390581.992213726043701 2.445288592592592
3.718372306894000 1565283767.269338846206665 2.450455907407406
2.116476519570000 1963120433.347439765930176 2.455925814814814
2.137396760916000 1558357894.736842155456543 2.461071648148147
3.897016753290000 1492873132.678774595260620 2.465679407407406
2.137396760916000 2042152359.752459049224854 2.471203370370369
2.110511267068000 1571143068.167627096176147 2.476393462962962
2.136633438804000 1492994203.620928049087524 2.481000425925925
2.123195492648000 1492977913.403125762939453 2.485594296296295
3.728404249248000 1492719343.834977149963379 2.490197925925925
2.144118134378000 1960775430.092035531997681 2.495660796296295
3.821035410720000 1934935789.865383625030518 2.510640259259258
3.808575635332000 2039036526.629792928695679 2.517791814814814
3.741515702995000 2155519102.350867748260498 2.526743592592592
2.192731343390000 2109299959.506183147430420 2.535661277777777
2.136633438804000 1476508248.593029022216797 2.545628185185184
2.117232640530000 1491922236.250613212585449 2.550233777777777
2.218053242460000 1477927958.170818567276001 2.554834499999999
4.021736260576000 1488232894.451102256774902 2.559439351851851
3.858432429000000 1999437768.645152807235718 2.564936759259258
2.112017306210000 2165826748.061870574951172 2.569386925925925
2.131435176858000 1556604049.852039813995361 2.574562240740740
2.129914465726000 1492200448.747848749160767 2.579167648148148
2.130675387454000 1492698299.519551992416382 2.583769833333333
2.123195492648000 1491825213.448458671569824 2.588376722222222
3.787802495197000 1492798759.118507385253906 2.592979185185185
3.772373564463000 1963025291.762905120849609 2.598447222222222
2.130675387454000 2138374845.528387069702148 2.602867907407407
2.138158947132000 1558067221.570757389068604 2.608016166666666
3.733801237628000 1492986840.145406484603882 2.612616296296296
3.841803752766000 1963208551.589718580245972 2.618088962962962
2.136633438804000 2100872229.319904327392578 2.622567907407407
2.123954013992000 1491548748.319587230682373 2.627664759259258
3.772373564463000 1492066404.976145982742310 2.632264481481481
3.989619131586000 1961993781.309379816055298 2.637731870370370
2.130675387454000 2272481562.795860290527344 2.642269796296295
3.858432429000000 1577960960.234508991241455 2.647475314814814
3.834089287399000 1993067837.319067716598511 2.653003518518517
2.128393754594000 2193418164.181725502014160 2.657432666666665
2.122437535680000 1565542267.952594518661499 2.662601629629628
2.191949109324000 1492858844.665227890014648 2.667209240740740
3.770027298942000 1491388231.607618331909180 2.671818888888888
3.728404249248000 1635266341.526576042175293 2.687265222222221
3.856033831000000 1847429018.800225019454956 2.694243074074073
2.123195492648000 1764559211.572592973709106 2.705887444444443
2.208963865178000 1851492459.750204086303711 2.715551629629628
3.926662871803000 1476872072.242112636566162 2.724970574074073
2.211331868998000 1962257282.013123035430908 2.730445759259258
2.218053242460000 1558323014.775771141052246 2.735589314814814
2.136633438804000 1467238535.908825874328613 2.740195888888888
2.117232640530000 1464903496.165690422058105 2.744796166666665
2.097068520144000 1492361147.657730579376221 2.749398777777777
3.761147551624000 1492649295.564936399459839 2.754000574074073
3.902306236972000 1962732155.999552249908447 2.759460703703702
2.131435176858000 2225312409.084898471832275 2.763941888888887
2.135870684640000 1571703356.930805921554565 2.769131814814813
3.817473492690000 1492687999.935557126998901 2.773729629629628
3.895805010335000 2001801643.279296875000000 2.779238037037035
2.131435176858000 2238136393.977601528167725 2.783732370370368
3.778913154380000 1567498919.639737129211426 2.788926111111109
2.142587259120000 1962904799.471803903579712 2.794395462962961
2.129914465726000 1558397499.838072299957275 2.799541796296294
3.834089287399000 1491908321.823899507522583 2.804140814814812
3.771201086718000 2001988804.801406383514404 2.809639203703701
2.132195815505000 2148629678.995431900024414 2.814126851851849
2.135870684640000 1558725570.003241777420044 2.819268148148146
2.124711406584000 1493039571.951381444931030 2.823867833333331
3.717216613084000 1492025976.640349149703979 2.828467407407405
3.864947148867000 1962807639.993232965469360 2.833940555555553
2.123954013992000 2227862414.993175029754639 2.838458166666664
3.856033831000000 1571606279.313815593719482 2.843646277777775
3.842998699284000 1870554692.768389701843262 2.849193425925923
2.136633438804000 1661900024.252009391784668 2.865305111111108
3.841803752766000 1715437345.628190279006958 2.872052888888886
3.772373564463000 1941527685.074484348297119 2.882151925925923
2.130675387454000 2108124625.098658084869385 2.891067851851848
2.210542142662000 1479403279.713564634323120 2.901019037037033
3.832897628013999 1491425513.106928825378418 2.905627851851848
2.210542142662000 1976245007.411400079727173 2.911124888888885
2.218053242460000 1561396846.335002660751343 2.916291129629626
3.756944633729000 1444612046.556191921234131 2.920871814814811
2.130675387454000 1954480022.790399551391602 2.926332203703700
2.131435176858000 1558684889.251599073410034 2.931483185185181
2.131435176858000 1491065689.017163991928101 2.936077222222218
2.131435176858000 1492769680.215362787246704 2.940679277777774
2.115720961200000 1492597568.396407127380371 2.945274629629626
2.122437535680000 1492631978.826344728469849 2.949871537037033
3.819848104710000 1492652502.805023670196533 2.954476370370366
3.767000566528000 2000074819.168939352035522 2.959942388888885
2.138158947132000 2149001702.903181552886963 2.964433629629626
2.114965402830000 1558710894.297235012054443 2.969577333333330
2.116476519570000 1492795734.122595787048340 2.974182351851848
3.834089287399000 1492824445.428559780120850 2.978782166666663
3.786625222041999 2000870788.317080736160278 2.984272296296293
3.778913154380000 2148870162.524296283721924 2.988750259259255
3.732640748408000 2138479308.601957321166992 2.993183574074070
2.112017306210000 2138170404.598219156265259 2.997620074074070
3.795516960564000 1550868858.124014616012573 3.002764629629626
3.780088029830000 1960601439.814987421035767 3.008225722222218
2.123195492648000 2139864216.659458637237549 3.013663851851848
2.141822106358000 1558992691.427007913589478 3.018807481481478
2.103038573414000 1490910520.666240453720093 3.023413759259255
3.795516960564000 1486593692.981389045715332 3.038028870370366
3.764659099096000 1809094355.037574291229248 3.045463555555551
3.895805010335000 1727514487.647085189819336 3.056237740740736
2.225567960694000 2210775893.076527595520020 3.065206425925922
2.135870684640000 1647344499.064198255538940 3.075061314814810
2.210542142662000 1492320330.028226137161255 3.079666981481477
2.144118134378000 1491835734.453051567077637 3.084271314814810
2.218053242460000 1488442620.377042531967163 3.088871444444440
3.778913154380000 1492679814.095728635787964 3.093473574074070
3.767000566528000 1961576162.613724708557129 3.098948944444440
3.834089287399000 2081787203.228075027465820 3.103373092592588
2.130675387454000 2180733999.144427299499512 3.107875166666662
3.842998699284000 1564172998.548309087753296 3.113041555555551
3.778913154380000 2002568885.206478595733643 3.118539833333329
3.790158356896000 2148135785.953177452087402 3.123024833333329
3.788980645277999 2138304447.945703744888306 3.127455925925922
3.786625222041999 2138423425.569528102874756 3.131886981481477
2.150071384960000 2135798371.312296390533447 3.136305444444440
2.129914465726000 1558429517.883683204650879 3.141451351851848
2.144118134378000 1492711613.293051481246948 3.146048574074070
3.927884212722000 1492628853.376655817031860 3.150653722222218
3.842998699284000 2041061124.088031530380249 3.156179518518515
2.144882717406000 2203782752.120640754699707 3.160659296296292
2.123195492648000 1565190982.212687015533447 3.165821111111107
2.129914465726000 1492852365.287905216217041 3.170420425925922
2.129154110160000 1492753710.703977108001709 3.175020481481478
2.123954013992000 1492728975.273552894592285 3.179620444444441
3.788980645277999 1491916223.993809223175049 3.184215148148144
2.142587259120000 1962881952.153500080108643 3.189670092592589
3.825185560352000 1558979729.510589361190796 3.194808925925922
3.701792477760000 1999965276.913921594619751 3.200317055555552
2.129914465726000 2002579857.570474863052368 3.204820907407404
2.105291136445000 1936243386.138294458389282 3.219738370370367
2.144118134378000 1482749433.544250726699829 3.226358481481478
2.103038573414000 1487864556.197192907333374 3.235706351851849
3.943317942438000 1487556348.492473125457764 3.245053277777775
2.217261115740000 1716949898.400365114212036 3.255397074074071
3.858432429000000 1555880430.987000465393066 3.260541166666663
2.130675387454000 2001734291.688798904418945 3.266049574074071
2.123954013992000 1468579279.144063949584961 3.271231685185182
3.873866158715999 1483724700.748580694198608 3.275840407407404
3.817473492690000 2040880186.108252525329590 3.281364870370367
3.778913154380000 2203837998.366619586944580 3.285854537037034
2.137396760916000 2148601898.592992305755615 3.290337388888886
2.138158947132000 1558668856.781611680984497 3.295478333333330
2.123195492648000 1491258521.094205379486084 3.300085092592589
3.771201086718000 1492923521.468645095825195 3.304693018518515
3.802049357366000 1962401229.494277000427246 3.310145425925922
2.151606487680000 2138258789.368066549301147 3.314584185185182
2.128393754594000 1558623991.935483932495117 3.319727888888885
2.128393754594000 1492079807.035176038742065 3.324334370370367
2.123195492648000 1492949333.311900615692139 3.328942555555552
2.135107930476000 1492941317.316994667053223 3.333536629629626
3.895805010335000 1492640553.255248308181763 3.338134333333330
3.841803752766000 2041689334.475288629531860 3.343647944444441
3.842998699284000 2202942477.438088893890381 3.348137648148145
3.805596883808001 2193363584.927011489868164 3.352556148148145
3.809761425027999 2193682693.390383720397949 3.356996648148145
3.889299888432000 2148949613.601236343383789 3.361489703703700
2.117232640530000 2227810000.984833717346191 3.366002592592589
3.901091642668000 1569851608.148092746734619 3.371203537037033
3.772373564463000 1683092703.290719509124756 3.386711796296292
2.122437535680000 2067862787.595865011215210 3.392709796296292
2.129914465726000 1488167620.907988548278809 3.402607129629626
3.957520733271000 1487633334.126493215560913 3.411946240740737
2.135870684640000 2169769170.870061874389648 3.422053444444441
2.211331868998000 1564679814.385150909423828 3.427225444444441
2.219636022450000 1492629232.385268211364746 3.431826759259256
2.125469645740000 1382088898.755956411361694 3.436497907407404
2.103789893606000 1490959219.651670455932617 3.441109333333329
2.117232640530000 1492165258.955815076828003 3.445715796296292
2.115720961200000 1492725271.006803750991821 3.450312851851848
2.109004386720000 1492413678.709750175476074 3.454912592592589
3.840609695676000 1492758495.877739667892456 3.459517222222218
2.131435176858000 2001655414.823343992233276 3.465017555555552
2.111263866036000 1565234042.553191423416138 3.470190166666663
2.123195492648000 1492600217.869302511215210 3.474797074074070
3.743842776160001 1488265909.914261579513550 3.479397629629626
3.870252973556000 1961929633.145724534988403 3.484859481481478
2.130675387454000 2228009521.624412059783936 3.489379407407403
2.130675387454000 1571475774.271195411682129 3.494572462962959
2.096319600336000 1492743698.967677354812622 3.499171944444440
3.742679456130000 1492528681.310732364654541 3.503780055555552
3.819848104710000 1960071814.271332025527954 3.509243222222218
3.835281834426000 2181872134.387351512908936 3.513740999999996
3.903519475702000 2193109285.428609848022461 3.518186037037033
2.129914465726000 2238030794.726557731628418 3.522678148148144
2.124711406584000 1571671067.467850446701050 3.527867999999996
2.103789893606000 1492173629.479329109191895 3.532467833333329
3.767000566528000 1493551338.182637929916382 3.541011759259255
3.763489019056000 1635085266.414871931076050 3.556471148148144
3.763489019056000 1848046885.982661962509155 3.563426555555552
3.862543306278000 1697405759.779705524444580 3.575047370370366
2.218053242460000 1761528256.974617004394531 3.585869018518514
3.812131239852000 1813159703.724071502685547 3.595567185185181
3.957520733271000 1961494178.017276525497437 3.601038148148144
2.150839507840000 2138297247.200861454010010 3.605474037037033
2.138158947132000 1552997883.917775154113770 3.610619814814811
2.137396760916000 1399542866.092655658721924 3.615231074074070
2.136633438804000 1491112020.064977645874023 3.619830944444440
2.136633438804000 1491769593.220066308975220 3.624437129629625
2.144118134378000 1491266085.108267307281494 3.629037370370366
2.144882717406000 1491898841.708168506622314 3.633637055555551
2.138921985270000 1492480950.251942396163940 3.638234666666662
3.979426913592000 1491987205.175868511199951 3.642837222222218
2.143352411882000 2080764199.173611640930176 3.648390166666662
3.910018304634000 1578400451.621149539947510 3.653605944444440
3.863745898662000 2041138157.209786653518677 3.659119925925922
3.940866575282000 2204009357.776229381561279 3.663612129629625
2.150071384960000 2237590938.971600532531738 3.668091222222218
3.802049357366000 1572236218.954493284225464 3.673278499999996
3.880376079601000 2002095805.843543767929077 3.678779981481477
3.857232683500000 2193297343.465427398681641 3.683203037037033
3.849518218133000 2193732922.272674083709717 3.687623999999996
2.130675387454000 2192536230.010633468627930 3.692065018518515
2.150839507840000 1565612139.076552391052246 3.697229240740737
3.765830050704000 1492886685.347118139266968 3.701829018518515
2.143352411882000 1963206201.592392206192017 3.707297148148144
2.115720961200000 1558574006.999471187591553 3.712445685185182
2.116476519570000 1490764808.530485391616821 3.717051388888885
2.130675387454000 1959379987.415461778640747 3.733414796296293
2.130675387454000 1482399770.979600667953491 3.739948259259255
2.117232640530000 1671627400.501923084259033 3.750810185185181
2.218844190420000 1486981917.282957792282104 3.760160222222218
4.019236456207000 1644467894.098508119583130 3.770985796296292
3.741515702995000 2000384219.819395780563354 3.776491999999996
4.111810040611000 2149040466.429056644439697 3.780986351851848
3.840609695676000 2124146875.861983776092529 3.785484481481478
2.122437535680000 2191807018.714904308319092 3.789923407407404
3.863745898662000 1565533089.972084999084473 3.795097851851848
2.135107930476000 1989114320.588570833206177 3.800620333333330
2.129914465726000 1565128504.714766502380371 3.805787314814811
3.778913154380000 1492426653.686323642730713 3.810390666666663
3.804414374994000 1962718835.834224224090576 3.815865259259256
3.850715564142000 2137452085.165258884429932 3.820308907407404
2.144118134378000 2183194981.768741130828857 3.824803629629626
2.136633438804000 1565104083.783144474029541 3.829970407407404
2.129914465726000 1492586218.974575757980347 3.834570129629626
2.115720961200000 1492538575.936740636825562 3.839164962962960
3.834089287399000 1492838036.419561862945557 3.843764648148145
3.920167347864000 2000997441.041115283966064 3.849257333333330
3.733801237628000 2238092794.219538688659668 3.853747555555552
2.123954013992000 2158897126.238477706909180 3.858255777777775
2.143352411882000 1558459772.101312160491943 3.863399388888886
2.130675387454000 1491951559.100797653198242 3.867996055555552
3.881583023574000 1493145759.767054557800293 3.872600537037034
3.849518218133000 2040653948.047941207885742 3.878122722222219
2.097068520144000 2203424165.223844051361084 3.882614944444441
3.834089287399000 1457551619.259767055511475 3.887802499999997
2.143352411882000 1670308410.365569353103638 3.903288240740737
3.763489019056000 1514398988.010469913482666 3.910271185185182
3.897016753290000 1704659314.454953908920288 3.920475555555552
3.910018304634000 1767030091.986256122589111 3.931292388888885
2.143352411882000 2107088554.665444612503052 3.940344759259256
3.931930311780000 1558051649.608366250991821 3.945494129629626
3.956290710605999 2074343289.869608879089355 3.951033018518515
2.137396760916000 2168332731.624042987823486 3.955567425925922
2.138921985270000 1444056003.118503093719482 3.960698092592589
2.129914465726000 1485128057.588597774505615 3.965313203703700
2.125469645740000 1491767212.877380132675171 3.969917314814811
3.835281834426000 1491935693.103767395019531 3.974519666666663
2.123195492648000 2001290036.617215633392334 3.980022037037033
2.130675387454000 1565223533.710421085357666 3.985191611111107
2.103789893606000 1492724528.635921001434326 3.989794092592589
2.116476519570000 1492634286.243690967559814 3.994391444444441
2.116476519570000 1492495370.612543821334839 3.998993685185182
3.817473492690000 1491167166.603672027587891 4.003599203703700
2.131435176858000 2001626365.193743944168091 4.009101407407403
2.124711406584000 1554829932.993449449539185 4.015272722222218
3.756944633729000 1492765953.508584976196289 4.019874925925922
3.700640293440000 1952253683.536194801330566 4.025338425925923
3.851912464544001 2138270054.982903957366943 4.029774148148145
2.129914465726000 2227629960.240278244018555 4.034296685185182
3.764659099096000 1571626545.533697605133057 4.039486370370367
2.129154110160000 1962033360.552146673202515 4.044951907407405
2.115720961200000 1559078466.989191293716431 4.050100333333330
2.116476519570000 1492773142.774230957031250 4.054694999999997
2.151606487680000 1492644802.891911506652832 4.059295314814812
2.135870684640000 1490741394.903869628906250 4.063902296296294
2.142587259120000 1930723855.765038251876831 4.079913722222220
2.135870684640000 1482444894.521423816680908 4.086487814814813
2.110511267068000 1487823122.245878219604492 4.095838277777776
3.965235198638000 1487383572.145985841751099 4.105186222222220
3.933154507619999 1910653084.275977611541748 4.115285537037034
2.103038573414000 2137706242.258173465728760 4.119725703703701
3.905947308736000 1557189428.707073926925659 4.124874518518516
3.746898297108000 2016639999.463211536407471 4.130394314814812
2.135870684640000 2149897539.757050514221191 4.134911333333330
2.117232640530000 1557706034.008493185043335 4.140061462962960
3.778913154380000 1492807820.815251827239990 4.144661722222219
2.137396760916000 1962553722.120993137359619 4.150119333333330
2.131435176858000 1558649871.591048002243042 4.155267814814811
2.142587259120000 1492999304.217727661132812 4.159872277777774
2.117232640530000 1491695150.208377122879028 4.164475759259256
2.137396760916000 1492753588.969785213470459 4.169071888888886
3.849518218133000 1484205526.480049848556519 4.173700111111108
3.832897628013999 2001454122.510537147521973 4.179201074074071
2.129914465726000 2182222329.202947139739990 4.183624777777775
3.764659099096000 1565161494.889130115509033 4.188793499999997
3.764659099096000 1963585246.679316759109497 4.194258685185182
2.109757546492000 2138056318.215501070022583 4.198681962962960
2.129154110160000 1559001352.333134174346924 4.203830814814811
2.103038573414000 1491989204.972791194915771 4.208435129629626
3.917730372296000 1492971505.101733207702637 4.213039592592589
2.123195492648000 2041472429.300093650817871 4.218561759259255
3.797877620352000 1571213660.276415586471558 4.223753888888885
2.129914465726000 1962470421.714897394180298 4.229222740740736
2.150839507840000 1973922411.058348417282104 4.244283592592589
3.748064883732000 1482622340.155829906463623 4.250857703703700
2.137396760916000 1705771767.829164981842041 4.261069851851848
2.211331868998000 1488678143.410011291503906 4.270965333333329
2.131435176858000 1476591859.977929592132568 4.280379722222218
3.934377337169999 1492424633.100476980209351 4.284979074074069
2.230699061896000 1957842769.509932756423950 4.290449222222217
3.825185560352000 1558252718.671870708465576 4.295597092592588
3.763489019056000 1916517986.723285436630249 4.301109388888884
3.856033831000000 2147224058.583461046218872 4.305587962962958
3.841803752766000 2182764677.560728549957275 4.310088092592588
2.129914465726000 2192791803.799054622650146 4.314521944444440
3.774719829984000 1564302248.108665704727173 4.319691722222218
3.888090544968000 1962752710.975002527236938 4.325158185185181
3.786625222041999 2227700029.904428482055664 4.329678759259255
2.136633438804000 2158695410.806809425354004 4.334182092592588
2.116476519570000 1558648280.577999114990234 4.339327555555551
2.136633438804000 1492639019.618105173110962 4.343927425925921
2.136633438804000 1492017310.858739376068115 4.348527407407403
3.718372306894000 1492960999.456816911697388 4.353129907407403
2.123195492648000 1963293851.110734224319458 4.358590092592587
2.083625773220000 1558691447.325804948806763 4.363735981481476
2.123954013992000 1492030310.106858491897583 4.368335351851846
3.832897628013999 1491707040.939810514450073 4.372941481481476
2.117232640530000 2001954992.485298395156860 4.378449203703698
2.129154110160000 1565638417.027127742767334 4.383620907407402
2.110511267068000 1492031631.237053155899048 4.388224888888884
3.864947148867000 1493159528.567809581756592 4.392830240740736
3.748064883732000 2036421205.057805061340332 4.398367703703698
3.848321763338000 2133965575.955559730529785 4.412789148148143
3.759977035800000 2118693338.458152770996094 4.418763462962958
2.145648155035000 1897280702.918235063552856 4.429371092592588
2.218053242460000 1821253927.299031734466553 4.438945574074069
3.818660356665000 1476448914.088819980621338 4.448361629629624
4.124671993730000 2001520521.370111942291260 4.453859962962958
2.143352411882000 2230692290.866168498992920 4.458346944444440
2.116476519570000 1570630220.955096244812012 4.463543240740736
3.863745898662000 1419198818.494182825088501 4.468151296296292
2.137396760916000 2000497337.090619802474976 4.473645148148144
2.123954013992000 1564731724.093459129333496 4.478814370370366
2.144118134378000 1492799710.599300622940063 4.483421592592588
3.905947308736000 1490881116.009420871734619 4.488021314814810
2.136633438804000 2042397129.908858776092529 4.493541851851847
2.137396760916000 1570014762.516046047210693 4.498735185185181
3.831704637166000 1492746455.832050323486328 4.503342388888885
3.786625222041999 2001690800.503639221191406 4.508843092592588
2.129914465726000 2147563362.454596519470215 4.513334740740737
2.136633438804000 1550773028.378660917282104 4.518472925925922
2.122437535680000 1492299048.785006046295166 4.523071333333329
3.774719829984000 1492765418.870417356491089 4.527668574074069
2.103038573414000 1962692673.186909914016724 4.533140611111106
3.836473937632000 1558918793.720440864562988 4.538289592592587
2.131435176858000 2001674824.124841690063477 4.543778018518513
2.136633438804000 1557059121.092080116271973 4.548976388888883
3.780088029830000 1492737679.648731708526611 4.553577703703699
2.122437535680000 1962773641.071646928787231 4.559027259259254
2.129914465726000 1558262460.703828096389771 4.564181611111106
3.772373564463000 1490382674.260046482086182 4.568799018518513
3.750396320988000 1655648560.117650032043457 4.584249740740735
2.129154110160000 2067576018.941315650939941 4.590162740740735
2.123954013992000 1483531974.330782890319824 4.600066518518513
2.219636022450000 1853580630.796740770339966 4.610712666666661
2.129914465726000 1475639799.849513769149780 4.620138907407402
2.225567960694000 1492259269.537518739700317 4.624743296296290
3.787802495197000 1488107125.607753515243530 4.629344333333327
2.137396760916000 1934590111.235153913497925 4.634851518518512
2.123954013992000 1489840371.836304903030396 4.639951333333327
2.118743475975000 1380347517.986912012100220 4.644561166666660
2.103789893606000 1491826395.403613328933716 4.649160592592587
2.117232640530000 1492604630.938145399093628 4.653760092592587
3.902306236972000 1492483387.622149944305420 4.658365092592587
2.123954013992000 2040934313.284403085708618 4.663880611111106
2.130675387454000 1570312961.886869192123413 4.669075185185179
2.118743475975000 1492657565.534185647964478 4.673680499999994
3.733801237628000 1492458083.808203458786011 4.678275648148142
2.129914465726000 1958598602.005464553833008 4.683738499999994
3.834089287399000 1558305508.935983657836914 4.688891407407402
3.832897628013999 2002400602.775193214416504 4.694384518518513
2.117232640530000 2193151583.455426692962646 4.698821018518513
2.129154110160000 1565483677.918627738952637 4.703951537037031
2.117987636310000 1493103746.154310226440430 4.708556259259253
2.123954013992000 1492976870.025243759155273 4.713155870370364
3.773546915562000 1492735787.650541782379150 4.717753462962956
3.739188629830000 1963025292.852994441986084 4.723205888888882
2.084368784940000 2138458936.003453731536865 4.727624240740734
3.842998699284000 1557798406.443386316299438 4.732765314814808
3.871457966323999 2001622615.127412557601929 4.738248370370363
2.103038573414000 2147668198.665678024291992 4.742745037037030
3.778913154380000 1490882311.837594747543335 4.757930648148140
3.755776951394000 2023548641.111171960830688 4.764026314814807
3.734962591272000 1777299895.480632543563843 4.772902925925918
2.132195815505000 2132841507.589336156845093 4.781767703703697
4.026950921574000 1634214758.591047286987305 4.791504907407401
2.124711406584000 1849918077.875230789184570 4.798917999999993
3.952262889472001 1562746575.317923069000244 4.804086092592586
2.219636022450000 1961601276.801503896713257 4.809562740740734
3.917730372296000 1476424432.094102382659912 4.814710796296290
2.136633438804000 2038413253.486033916473389 4.820218222222216
2.111263866036000 1571696452.556460857391357 4.825416018518513
2.118743475975000 1492559773.991291284561157 4.830017611111106
2.118743475975000 1492413464.210767984390259 4.834615259259254
2.130675387454000 1492131191.023518323898315 4.839223185185180
3.762317631664001 1492481689.585687875747681 4.843827425925920
2.131435176858000 1962181495.493603706359863 4.849294962962958
3.834089287399000 1558893606.143632173538208 4.854438499999995
3.856033831000000 2002345032.270221948623657 4.859941796296291
2.136633438804000 2192085858.206150054931641 4.864375462962958
3.774719829984000 1565387920.040123224258423 4.869544722222217
2.109757546492000 1963490846.003449678421021 4.875009851851846
3.840609695676000 1557852706.619380950927734 4.880153277777772
3.841803752766000 2002106726.662804841995239 4.885651574074068
3.772373564463000 2193358264.840563774108887 4.890087925925920
2.129914465726000 2148879188.956210136413574 4.894577796296290
2.123954013992000 1558558642.909657001495361 4.899716240740735
3.795516960564000 1492073017.739091396331787 4.904315833333327
3.741515702995000 2002282416.018889904022217 4.909821370370365
3.732640748408000 2078699457.245179176330566 4.914314907407402
3.894594169309999 1651468234.659262418746948 4.930375388888883
2.103038573414000 2223348112.738019943237305 4.936403129629624
3.750396320988000 1850095792.491908550262451 4.946032740740735
2.224774615922000 2109138237.180568933486938 4.955907074074068
2.108251226948000 1870378154.897494316101074 4.965662629629624
2.219636022450000 1492022048.029472351074219 4.970267055555550
2.130675387454000 1492480212.227179527282715 4.974874277777772
2.210542142662000 1487739605.353052377700806 4.979482240740735
3.834089287399000 1491400295.218980789184570 4.984086481481476
3.840609695676000 1873139182.385715246200562 4.989603888888883
2.144118134378000 2189836976.092827796936035 4.994046999999994
2.117232640530000 1564736565.941844701766968 4.999213870370364
3.905947308736000 1492819137.762431859970093 5.003815592592587
2.117232640530000 2040421991.722103834152222 5.009341240740735
2.126985559676000 1560002581.755593776702881 5.015538574074069
2.122437535680000 1491614147.185450553894043 5.020140981481476
2.151606487680000 1492811248.402215480804443 5.024748055555550
3.771201086718000 1492740874.282196044921875 5.029349925925921
2.117232640530000 1963138646.121989250183105 5.034823092592587
3.955059313614000 1558452549.843511343002319 5.039953037037032
3.742679456130000 2081890884.701501131057739 5.045502722222217
2.150071384960000 2157954503.640771389007568 5.050032185185180
3.762317631664001 1557412707.951735973358154 5.055178277777773
2.117987636310000 1962052630.510264158248901 5.060650388888884
2.108251226948000 1558515787.426249742507935 5.065791611111106
2.129914465726000 1492819499.861094951629639 5.070391074074069
3.710657841527000 1492720140.105078697204590 5.074990796296291
2.117232640530000 1961917454.403820514678955 5.080458481481476
3.788980645277999 1558670815.600664615631104 5.085597388888884
3.840609695676000 1961129646.492513895034790 5.091067962962958
2.137396760916000 2147654770.326704502105713 5.105386611111106
2.137396760916000 1679626726.537544727325439 5.112059407407402
3.832897628013999 1656109002.638740062713623 5.122838962962958
2.223980088818000 1956747409.305016040802002 5.132923129629624
2.124711406584000 1635304505.142198801040649 5.142760037037032
2.211331868998000 1492056557.690373182296753 5.147362351851847
2.175392985768000 1492014641.819941759109497 5.151953462962958
2.116476519570000 1488150647.028261423110962 5.156551407407402
3.840609695676000 1492723576.745364427566528 5.161156462962958
2.129154110160000 1940159276.693108558654785 5.166668185185180
2.104540095762000 1563523707.846249103546143 5.171837203703698
2.116476519570000 1489459257.828532695770264 5.176439314814809
3.780088029830000 1492686965.300598144531250 5.181043407407402
2.130675387454000 2001655041.652379035949707 5.186551962962957
2.123195492648000 1565175542.957951068878174 5.191716574074068
2.116476519570000 1491568001.930501937866211 5.196321018518512
3.848321763338000 1492808503.108637332916260 5.200925870370364
3.834089287399000 2001323950.688865900039673 5.206419333333327
3.856033831000000 2193016249.890541553497314 5.210860388888882
2.138158947132000 2193365872.016927242279053 5.215288925925919
2.123954013992000 1564850092.429388284683228 5.220458037037030
3.810945891298000 1493023043.808559179306030 5.225065203703696
3.763489019056000 2002066958.542417526245117 5.230563907407400
2.103789893606000 2148877143.199877738952637 5.235040814814807
2.123195492648000 1558270672.952166795730591 5.240179037037030
3.902306236972000 1493080057.416498661041260 5.244784759259252
2.129914465726000 2041286728.211736440658569 5.250303148148141
3.902306236972000 1571557143.112030982971191 5.255492685185177
4.002563116578000 2041317450.316699743270874 5.261018425925918
3.841803752766000 2153359394.619488716125488 5.265457629629621
2.123954013992000 1643193767.779146432876587 5.281530611111102
2.094822875184000 1477363026.051499843597412 5.287670870370362
3.910018304634000 1488156267.584122419357300 5.298037703703695
2.229902727360000 2176302198.879734992980957 5.307952685185176
3.956290710605999 1867921745.544367790222168 5.317668851851843
3.934377337169999 1962381006.864988565444946 5.323139444444435
2.129154110160000 2127757617.636285066604614 5.327588185185176
2.124711406584000 1517089328.012633085250854 5.332794962962954
2.131435176858000 1389549979.321095705032349 5.337451703703694
2.123195492648000 1491246278.384859323501587 5.342054444444435
2.124711406584000 1491807766.123094320297241 5.346657055555546
2.116476519570000 1492619486.742454528808594 5.351263796296287
2.112017306210000 1492556876.293008089065552 5.355873703703694
3.772373564463000 1491851677.665884017944336 5.360472796296287
2.117232640530000 1962738593.956700325012207 5.365946259259251
2.121679578712000 1558463217.318984746932983 5.371089833333325
2.118743475975000 1492758947.711340427398682 5.375694259259251
3.836473937632000 1491989036.767136096954346 5.380288740740732
2.110511267068000 2002438961.327529191970825 5.385789351851844
2.124711406584000 1565507278.787227153778076 5.390956574074066
3.819848104710000 1492701815.414719104766846 5.395556074074066
3.858432429000000 1996699049.687388181686401 5.401047444444436
2.123954013992000 2238431207.686817646026611 5.405536129629621
2.124711406584000 1571746318.929843187332153 5.410731629629622
2.117987636310000 1492731881.815295219421387 5.415338981481473
2.117987636310000 1492767501.499639749526978 5.419938851851843
3.871457966323999 1490713509.813789606094360 5.424538388888880
3.750396320988000 2041731285.769813299179077 5.430064981481473
2.128393754594000 2037101497.436065196990967 5.434589999999991
2.104540095762000 1492616430.415766477584839 5.450404166666658
2.116476519570000 1659431112.533599615097046 5.457231592592584
3.709504545422000 1489217904.422169923782349 5.467634981481473
4.012769726160000 1919597907.172746658325195 5.477676333333325
3.903519475702000 2161496784.792108058929443 5.486626851851844
3.934377337169999 2237455285.793848991394043 5.491115648148140
2.128393754594000 2159220500.743168830871582 5.495613407407400
3.771201086718000 1427806660.316661596298218 5.500765537037029
2.115720961200000 1961664664.562761068344116 5.506222759259251
2.129914465726000 1557517828.437031269073486 5.511372148148140
2.142587259120000 1490967238.349190950393677 5.515955759259251
2.144118134378000 1492974431.246224880218506 5.520554833333325
3.882789518368000 1492836120.320500135421753 5.525151814814806
2.128393754594000 2041866404.846795082092285 5.530678185185177
3.832897628013999 1571395454.837260007858276 5.535870518518510
2.129914465726000 2001539684.836411714553833 5.541373833333325
3.858432429000000 1565033361.872248411178589 5.546543296296288
2.123195492648000 2040399785.429309129714966 5.552066814814807
3.734962591272000 1571599750.062484264373779 5.557253296296288
3.763489019056000 1962496554.670862436294556 5.562714259259251
2.123195492648000 2138335443.117509841918945 5.567135166666659
2.115720961200000 1557913681.873553752899170 5.572273351851844
2.115720961200000 1493098467.125951766967773 5.576872555555547
2.103789893606000 1492762828.611202716827393 5.581475259259251
3.728404249248000 1492705341.974960803985596 5.586075444444436
3.764659099096000 1963281782.064872980117798 5.591543092592584
2.218053242460000 2137786711.451663732528687 5.595953740740732
2.130675387454000 1555934254.762794256210327 5.601109444444436
3.732640748408000 1491339695.658626317977905 5.615709277777770
2.109757546492000 2079088868.203471660614014 5.621796944444436
2.096319600336000 1871590507.084817171096802 5.632312388888881
2.208963865178000 1487602376.746426820755005 5.641652888888881
3.825185560352000 1476175539.404460668563843 5.651082870370363
2.203823169584000 2000014269.506611585617065 5.656567240740733
2.109757546492000 1565126859.412300348281860 5.661733648148140
2.224774615922000 1488249351.590817689895630 5.666331796296289
2.123954013992000 1492011559.717160940170288 5.670935907407400
2.121679578712000 1467837847.252460241317749 5.675614166666660
3.848321763338000 1490336607.232596874237061 5.680220370370363
2.122437535680000 2001737729.812910079956055 5.685707925925919
2.109757546492000 1565484444.858420133590698 5.690877111111104
2.109757546492000 1492791298.430963516235352 5.695476537037030
3.724928680745999 1483588062.187451124191284 5.700101740740734
3.841803752766000 1962487717.159402370452881 5.705570074074067
3.755776951394000 2182366171.969740867614746 5.710059666666659
2.117232640530000 2148579187.534780502319336 5.714552166666659
2.102287812240000 1550931295.400605678558350 5.719694148148140
2.131435176858000 1491878019.066305875778198 5.724299907407399
2.083625773220000 1492951157.123003482818604 5.728897037037028
2.110511267068000 1492878781.170125007629395 5.733497685185177
2.114965402830000 1492608730.621518850326538 5.738102592592584
2.109757546492000 1492749594.601663351058960 5.742704833333325
3.825185560352000 1492728743.341881990432739 5.747304481481473
3.756944633729000 2001282407.454143285751343 5.752807759259251
3.756944633729000 2148718849.167867183685303 5.757295333333325
3.841803752766000 2138169228.454652547836304 5.761726555555547
3.835281834426000 2182474771.613901138305664 5.766228759259251
3.864947148867000 2193192863.318006038665771 5.770662814814806
2.083625773220000 2193872252.644212722778320 5.775106481481473
3.818660356665000 2012813586.307549238204956 5.790180481481474
2.136633438804000 2069154959.406989097595215 5.796318648148141
3.894594169309999 1485378487.230767965316772 5.804355907407400
2.124711406584000 2138121287.091988086700439 5.814341092592585
2.217261115740000 1485942507.815989255905151 5.824292203703696
2.116476519570000 1473180281.210055351257324 5.830811648148141
4.019236456207000 1491969595.886028766632080 5.835413851851845
2.116476519570000 1997043476.213381767272949 5.840919203703697
3.708349960718000 1564897331.125400543212891 5.846085759259252
3.750396320988000 1835440166.633980035781860 5.851562388888882
2.150071384960000 2134334889.757939338684082 5.855956759259253
2.129914465726000 1558734797.722807168960571 5.861102796296290
3.772373564463000 1492259987.445274353027344 5.865704870370364
2.123954013992000 1962704431.998051881790161 5.871180203703697
2.144882717406000 1557497909.608592271804810 5.876318351851846
2.117987636310000 1492852125.626219749450684 5.880920481481476
2.135870684640000 1492722379.979941368103027 5.885518092592587
2.129914465726000 1492752165.121206521987915 5.890115388888884
2.137396760916000 1492544130.427785158157349 5.894717907407402
2.130675387454000 1492507218.502542972564697 5.899320277777772
2.129914465726000 1492701591.560018777847290 5.903917444444438
2.123954013992000 1492024785.302750110626221 5.908516944444439
3.780088029830000 1492859699.978259325027466 5.913116611111105
3.787802495197000 2001583212.139413118362427 5.918604703703698
3.871457966323999 2147103637.656945228576660 5.923082555555550
3.849518218133000 2183422426.083183765411377 5.927563944444439
2.144118134378000 2192755813.953488349914551 5.932007277777773
3.834089287399000 1565822504.529407262802124 5.937179240740736
3.857232683500000 2001599381.393280506134033 5.942675462962958
3.840609695676000 2193531317.980646610260010 5.947119129629625
2.144882717406000 2191177368.702392101287842 5.951553499999996
2.103789893606000 1972769070.033677577972412 5.966548666666663
3.848321763338000 1482847655.215546607971191 5.973121962962959
2.125469645740000 1761351017.796527385711670 5.983367407407403
3.849518218133000 1822428616.542337656021118 5.992984481481478
3.918948406436000 2146280816.171994447708130 6.002962407407404
3.988378594739000 2147821615.854162693023682 6.007440259259256
3.864947148867000 2137888546.751783847808838 6.011878592592589
2.164282254764000 2180306562.401998996734619 6.017370314814812
3.796697510136000 1455455412.429216861724854 6.022547185185182
2.123195492648000 1959021575.198277473449707 6.027957203703701
3.851912464544001 1558345615.577527284622192 6.033096611111108
2.143352411882000 2001591548.868224143981934 6.038586999999997
3.957520733271000 1565424978.046988487243652 6.043753759259256
2.144118134378000 2039570240.462845802307129 6.049284759259256
3.856033831000000 1571816086.463672876358032 6.054479833333331
2.142587259120000 2000386032.072396278381348 6.059955870370368
2.144118134378000 1565679313.566511631011963 6.065129148148146
2.142587259120000 1479875954.977080583572388 6.069758888888887
2.129914465726000 1483157702.217630863189697 6.074365907407405
2.131435176858000 1492635473.471966743469238 6.078967259259257
2.144118134378000 1492765259.802974700927734 6.083569037037035
2.130675387454000 1491953640.626382350921631 6.088173962962960
2.129914465726000 1492963340.540409803390503 6.092773351851849
2.130675387454000 1492792169.523456811904907 6.097373611111109
3.808575635332000 1492665066.219830513000488 6.101971092592590
2.125469645740000 2002446425.141447305679321 6.107466518518517
2.129914465726000 1564490352.506630182266235 6.112640574074073
3.943317942438000 1492838905.701780796051025 6.117248296296295
3.927884212722000 1901373886.254492521286011 6.122766462962962
2.136633438804000 2200760052.118272304534912 6.137121277777776
2.150071384960000 1608674546.133004665374756 6.143969833333332
3.778913154380000 1884055465.096317291259766 6.154649222222221
2.123954013992000 1705130565.157181978225708 6.164839111111110
2.197104196506000 1480178722.153165817260742 6.174791037037036
3.996093060106000 1492158882.826227664947510 6.179396574074073
2.204610495536000 2001346821.101272821426392 6.184894925925925
2.150839507840000 1560149401.769429683685303 6.190062944444444
2.123954013992000 1346265390.964849948883057 6.194673333333332
2.123195492648000 1491014202.568609476089478 6.199277351851851
2.116476519570000 1492306207.040870428085327 6.203879055555555
3.834089287399000 1491443684.717981576919556 6.208488685185184
2.129914465726000 2002243129.732458353042603 6.213991462962962
2.130675387454000 1564859694.920359373092651 6.219155870370369
3.748064883732000 1492434039.608819723129272 6.223759222222221
3.840609695676000 1961103773.745055675506592 6.229213574074073
2.123954013992000 2183055369.355776309967041 6.233705629629629
2.117987636310000 1560732292.607405424118042 6.238872962962962
3.764659099096000 1492790162.509356975555420 6.243474407407407
3.802049357366000 1962125213.890968799591064 6.248939722222222
2.138158947132000 2183061835.309672355651855 6.253421759259259
3.840609695676000 1565427530.390481233596802 6.258590592592593
3.780088029830000 2001434570.519618272781372 6.264091425925926
2.129914465726000 2149158991.073865890502930 6.268568500000001
3.778913154380000 1558511539.458898782730103 6.273710277777778
2.109004386720000 1962521669.331021308898926 6.279177981481482
2.143352411882000 1557917859.150058269500732 6.284318203703704
2.123195492648000 1493126498.034771442413330 6.288926092592592
3.771201086718000 1490667826.086956501007080 6.293526092592592
3.859631728000000 1895125927.984034061431885 6.298991444444444
2.124711406584000 1643472823.067210912704468 6.315022537037036
3.844193201088000 1476296158.294105052947998 6.321155518518518
2.129914465726000 1704808413.006947278976440 6.332407055555555
2.203823169584000 1488582685.133666515350342 6.342325314814814
2.210542142662000 1476929979.509366512298584 6.351733407407407
3.791976629916000 1491189743.919701337814331 6.356338444444444
3.940866575282000 1996369359.130443334579468 6.361829537037036
2.130675387454000 2058986595.417081594467163 6.366327722222222
3.849518218133000 1556763367.454842329025269 6.371476351851851
2.141822106358000 2000499483.188423395156860 6.376958685185184
3.781263780420000 1565500594.121773481369019 6.382132833333332
2.130675387454000 1962605291.464908361434937 6.387590259259259
2.117232640530000 1554148923.161029577255249 6.392739074074074
3.733801237628000 1492535557.654814958572388 6.397345833333333
2.110511267068000 1962780305.319152355194092 6.402800962962962
2.117987636310000 1558799417.066983461380005 6.407947351851851
2.103038573414000 1491735049.503358364105225 6.412554222222221
2.110511267068000 1491625262.700195550918579 6.417153888888888
2.117232640530000 1487017365.885127782821655 6.421746759259258
2.109757546492000 1492616974.223253488540649 6.426343925925925
2.116476519570000 1492743462.942951202392578 6.430953685185184
2.117232640530000 1492647030.641700267791748 6.435553444444443
2.116476519570000 1491847050.155212640762329 6.440152870370369
3.709504545422000 1483356476.646620273590088 6.444781037037036
3.902306236972000 1962461536.898431777954102 6.450248999999999
3.700640293440000 2227874068.836230278015137 6.454753518518517
2.116476519570000 2159255848.211897850036621 6.459253944444443
3.823994969888000 1558135818.515011548995972 6.464397518518517
2.143352411882000 1996713891.964474916458130 6.469900166666665
3.795516960564000 1937993968.311459779739380 6.484931888888887
3.841803752766000 2080932019.560882091522217 6.491032499999998
2.131435176858000 2169654234.140069007873535 6.500883203703702
2.198672879598000 1488298443.544960498809814 6.510820314814813
2.103038573414000 1842061274.937424182891846 6.521540666666665
2.225567960694000 1492167108.443911790847778 6.526144685185184
2.144882717406000 1492253000.172990083694458 6.530747814814814
2.226362192215000 1492230328.736362934112549 6.535349611111110
2.111263866036000 1462442267.518028497695923 6.540056666666666
2.123954013992000 1358807679.501939535140991 6.544673092592592
2.129154110160000 1491717642.615191221237183 6.549281777777777
2.123195492648000 1492889400.717544555664062 6.553880796296296
3.834089287399000 1492434379.153409242630005 6.558478759259259
3.797877620352000 2000410593.698669195175171 6.563957907407407
3.765830050704000 2148857404.300747394561768 6.568450666666666
2.116476519570000 2138488708.216645240783691 6.572887685185185
3.759281303072000 1558414721.568458080291748 6.578033574074073
2.132195815505000 1962413051.075770378112793 6.583491333333332
2.130675387454000 1558326757.462605953216553 6.588639222222221
2.123954013992000 1492880483.567395448684692 6.593243888888887
2.115720961200000 1492535815.869618654251099 6.597846907407406
2.123954013992000 1492775939.123082399368286 6.602446351851850
2.122437535680000 1492895394.662763357162476 6.607051314814814
3.810945891298000 1492848045.191739082336426 6.611653925925925
3.844193201088000 2000995616.447601795196533 6.617141611111110
3.741515702995000 2193374226.454725742340088 6.621567481481481
2.130675387454000 2148821420.313790321350098 6.626052666666666
2.123954013992000 1558592531.520698070526123 6.631196259259259
3.840609695676000 1492643333.628382682800293 6.635798962962962
2.109757546492000 2000148615.787189960479736 6.641304833333333
3.927884212722000 1456442793.387839794158936 6.646491685185184
2.109757546492000 2111716334.609643936157227 6.661900685185184
3.840609695676000 1476382951.743571758270264 6.668998185185185
2.130675387454000 1913477749.943519592285156 6.680145888888888
2.224774615922000 1645833004.786849498748779 6.689906425925925
2.129914465726000 1478578642.235910177230835 6.699319777777777
4.032155986394001 1492160415.937850475311279 6.703925166666666
2.103038573414000 2001261955.962080001831055 6.709427999999999
2.218053242460000 1559911129.755719900131226 6.714592833333333
2.117232640530000 1418911561.292602777481079 6.719203685185184
3.881583023574000 1490914718.262815237045288 6.723805425925925
3.817473492690000 2040638843.881771802902222 6.729325814814814
3.842998699284000 2203619353.427461624145508 6.733812722222221
3.886882101648000 2192583076.839550971984863 6.738246925925925
3.826374822032000 2238033469.691335201263428 6.742728592592591
3.780088029830000 2203359366.885124206542969 6.747221370370370
2.116476519570000 2148016344.178471565246582 6.751701388888888
3.756944633729000 1558258620.441734790802002 6.756852796296295
2.123195492648000 1963277457.508857250213623 6.762320166666665
2.123954013992000 1558717501.402817249298096 6.767468537037035
2.117232640530000 1486081372.206072092056274 6.772074259259258
2.117987636310000 1492896667.176395893096924 6.776676074074072
2.129154110160000 1492809759.393778562545776 6.781280185185183
2.130675387454000 1492884542.337963342666626 6.785882481481480
3.756944633729000 1491038865.643512248992920 6.790480944444442
2.096319600336000 1962914839.181286573410034 6.795952944444442
2.131435176858000 1557540068.732483625411987 6.801093648148147
2.136633438804000 1492875878.672711133956909 6.805693388888887
2.123954013992000 1492800463.756914138793945 6.810293499999998
2.224774615922000 1484525640.769042968750000 6.814919740740740
3.765830050704000 1490470240.868992328643799 6.819529592592591
2.116476519570000 1635307638.936322450637817 6.834983314814814
3.755776951394000 1472313736.188787221908569 6.841092481481480
3.886882101648000 1687393861.546335458755493 6.852308962962962
3.964002778268000 1930450081.918457269668579 6.862956407407406
2.137396760916000 1921122596.070908546447754 6.873691148148147
3.934377337169999 1565033215.456640958786011 6.878864999999999
2.109004386720000 1961311554.998815059661865 6.884334814814814
3.758113185846000 1455142404.141724586486816 6.889485648148147
2.143352411882000 1960854166.243164777755737 6.894951537037036
3.809761425027999 1557802646.589915275573730 6.900097222222221
2.117987636310000 2002082102.855605125427246 6.905602962962962
2.110511267068000 1564450570.492179393768311 6.910767444444443
3.888090544968000 1490505912.141794919967651 6.915375037037036
2.109757546492000 2040783291.497283697128296 6.920900722222221
3.718372306894000 1571765241.011528253555298 6.926095648148147
3.912450483006000 1963091847.132464170455933 6.931565888888888
2.123954013992000 2226800833.894186973571777 6.936078407407407
3.755776951394000 1571271906.600346803665161 6.941268370370370
2.109004386720000 1963369724.323005676269531 6.946733703703703
3.886882101648000 1558741970.032996177673340 6.951868981481481
3.831704637166000 2041183385.564142942428589 6.957382259259259
2.136633438804000 2203605123.594764232635498 6.961872740740741
2.116476519570000 1565180300.512791156768799 6.967044148148148
3.764659099096000 1492866910.778378009796143 6.971641314814815
2.108251226948000 1962918417.711877107620239 6.977111592592593
2.129914465726000 1559064588.982471704483032 6.982260962962963
3.966468537012000 1393710401.240643978118896 6.986870277777777
3.734962591272000 1684014217.912940740585327 7.003234611111111
2.129914465726000 2066400255.273494005203247 7.009241240740741
2.128393754594000 1489256266.344492197036743 7.020139407407407
2.189603280480000 1657411727.716308116912842 7.030917925925925
3.936824362560000 1647565530.894786119461060 7.041740499999999
2.223980088818000 1961510361.033967018127441 7.047201666666665
2.096319600336000 1554010514.989798069000244 7.052347759259258
2.359202085162000 1492763111.093228101730347 7.056950166666666
3.817473492690000 1394204030.014332771301270 7.061562777777777
2.130675387454000 2000669379.683316946029663 7.067068925925925
3.749230168362000 1564388284.950590133666992 7.072237333333333
2.116476519570000 1961868315.433309316635132 7.077704944444444
2.129914465726000 1558628670.133328676223755 7.082850962962962
2.122437535680000 1492249674.724371671676636 7.087448203703703
3.764659099096000 1491656865.233312606811523 7.092045037037036
3.926662871803000 1953051931.218632221221924 7.097517018518518
3.749230168362000 2227606621.945965766906738 7.102030629629629
2.157560881302000 2158844536.724630355834961 7.106525796296296
3.786625222041999 1558416356.154618740081787 7.111669629629629
3.863745898662000 1961918649.515504598617554 7.117131592592592
3.873866158715999 2183285454.747691631317139 7.121626759259259
3.818660356665000 2193586784.881945133209229 7.126052666666666
2.122437535680000 2193364801.202806472778320 7.130486740740740
3.795516960564000 1565088935.087279081344604 7.135653222222222
2.135870684640000 1962787814.271378517150879 7.141115592592592
3.808575635332000 1558805482.648002147674561 7.146259092592592
3.864947148867000 2001678213.096896171569824 7.151750074074074
2.115720961200000 2192452648.757217884063721 7.156175629629629
3.781263780420000 1476707090.380511760711670 7.161348000000000
3.857232683500000 2087079299.848144531250000 7.177372037037038
2.103038573414000 2183938342.847751617431641 7.183344129629631
3.866149293858000 1661876198.293584823608398 7.193180648148149
2.226362192215000 1915900958.267118453979492 7.203272166666668
3.836473937632000 1480172601.936922073364258 7.213257462962964
2.218053242460000 2001042808.570458173751831 7.218763888888891
2.218053242460000 1563352629.842653989791870 7.223928259259261
2.123195492648000 1369698677.239395141601562 7.228678425925928
2.136633438804000 1456981757.358427047729492 7.233295203703705
2.144882717406000 1482046776.517560482025146 7.237896277777780
2.129914465726000 1492400834.232522010803223 7.242495759259261
3.848321763338000 1492646172.407552719116211 7.247100481481483
2.123195492648000 2000158849.002388000488281 7.252591370370371
3.773546915562000 1565081944.061107635498047 7.257757722222223
2.130675387454000 1962336355.068582296371460 7.263220203703705
2.144118134378000 1558201114.663440942764282 7.268363759259261
2.116476519570000 1492925042.527778863906860 7.272968592592594
3.823994969888000 1492876697.774933815002441 7.277570203703705
2.116476519570000 2001739055.219740390777588 7.283051000000001
2.116476519570000 1564455289.392526865005493 7.288215074074075
3.751562039616000 1493143502.124645709991455 7.292817148148149
2.132195815505000 1962751788.882970333099365 7.298275240740741
3.788980645277999 1558511616.179807662963867 7.303416537037037
3.780088029830000 1962088470.540348052978516 7.308875981481481
3.794337289704000 2138658223.406654834747314 7.313309351851852
2.115720961200000 2138435700.912707805633545 7.317740611111112
3.731478962552000 1558630937.722765922546387 7.322884277777779
2.117232640530000 1962411129.947517395019531 7.328357000000001
2.124711406584000 1555800304.007071971893311 7.333510388888890
2.103789893606000 1491714517.835094213485718 7.338114814814817
2.096319600336000 1930462970.378617525100708 7.354115518518520
3.755776951394000 1482410290.478857994079590 7.360694055555557
2.118743475975000 2087625474.342328786849976 7.370664000000001
3.717216613084000 1490704935.856248617172241 7.383489648148149
2.212909852685000 1727058813.353155851364136 7.393766037037039
3.926662871803000 1557840161.573687553405762 7.398909888888890
3.819848104710000 1956588017.344923496246338 7.404367777777779
3.827564969568000 2156600516.469124794006348 7.408878462962964
3.834089287399000 2054762024.893492460250854 7.413312166666667
2.123954013992000 2187429891.100262641906738 7.417750500000001
2.117987636310000 1564761132.039022445678711 7.422927000000001
3.825185560352000 1492552815.839322328567505 7.427531574074075
2.109757546492000 2000892792.247122764587402 7.433034907407409
2.132195815505000 1565428542.769014835357666 7.438204148148150
2.123195492648000 1492685539.754207372665405 7.442806037037038
3.825185560352000 1492246748.073789358139038 7.447408722222224
2.129914465726000 2001504022.773846149444580 7.452912111111113
2.136633438804000 1564893343.421774387359619 7.458076314814816
3.763489019056000 1492622953.587176322937012 7.462683518518520
3.917730372296000 1960818940.220521926879883 7.468148666666668
3.848321763338000 2228123774.852982521057129 7.472645481481483
3.849518218133000 2204077781.182453155517578 7.477117666666668
2.124711406584000 2193376501.802162647247314 7.481556777777779
3.763489019056000 1565455544.484189987182617 7.486723407407409
3.771201086718000 1962094964.116534709930420 7.492188629629631
2.123954013992000 2138523763.352780818939209 7.496619666666668
2.102287812240000 1558456304.073101997375488 7.501763166666668
2.123954013992000 1492667790.554513931274414 7.506365796296297
3.835281834426000 1390616939.364773750305176 7.510983574074075
2.117232640530000 1638466551.372464895248413 7.527216870370371
2.143352411882000 1474591110.815517187118530 7.533342500000001
2.115720961200000 1488913781.665572881698608 7.543698851851852
2.212120420146000 1656908472.827628850936890 7.554468574074074
3.733801237628000 1660975995.513180017471313 7.565364685185186
4.095107928522000 1961558679.685884714126587 7.570828592592593
2.212120420146000 2227354493.536736011505127 7.575345574074075
2.129914465726000 1516523361.755347490310669 7.580542814814816
2.109757546492000 1491876017.961180686950684 7.585145333333334
3.904733618148000 1492114077.875207901000977 7.589742907407408
2.142587259120000 2039598059.249267578125000 7.595261962962963
2.130675387454000 1569891296.120421886444092 7.600448666666667
3.795516960564000 1492852300.651123762130737 7.605053240740741
2.137396760916000 1953425690.276110172271729 7.610529444444444
3.894594169309999 1558412674.207412481307983 7.615678425925926
3.849518218133000 2040847702.256052017211914 7.621208407407407
3.921385835648000 2203661732.779111862182617 7.625703648148147
2.116476519570000 2238193279.355900764465332 7.630193407407407
2.124711406584000 1566980047.475460290908813 7.635389074074073
2.103038573414000 1492355310.717769622802734 7.639964203703703
2.130675387454000 1492918377.457436561584473 7.644561925925925
2.117232640530000 1493095276.967930078506470 7.649167018518518
2.103789893606000 1492712578.656838893890381 7.653769759259259
2.115720961200000 1492560512.422547578811646 7.658375333333333
3.840609695676000 1492654326.104715108871460 7.662977240740740
3.758113185846000 2001337030.667909622192383 7.668480037037036
3.772373564463000 2132259248.254345417022705 7.672967370370370
3.810945891298000 2138151759.888809680938721 7.677404203703703
2.141822106358000 2134670862.556703090667725 7.681829462962962
3.773546915562000 1937334834.691773891448975 7.696795333333332
2.123954013992000 2077316128.679552316665649 7.702892592592591
3.795516960564000 1506705586.722163438796997 7.713637314814814
3.971714845930000 1740404382.798747539520264 7.723852333333332
2.224774615922000 2158462961.360123634338379 7.732838444444443
2.212120420146000 1564858189.965248107910156 7.738012685185184
2.218053242460000 1492519888.135524988174438 7.742614814814814
3.842998699284000 1356970743.027966737747192 7.747322777777777
2.129154110160000 1992738831.846038103103638 7.752834481481480
3.787802495197000 1564440750.677934408187866 7.757997222222222
2.138921985270000 1962395869.587297201156616 7.763467037037036
2.124711406584000 1557791788.476216554641724 7.768610666666666
3.834089287399000 1492736252.775185823440552 7.773214962962962
2.130675387454000 2001285833.766128778457642 7.778706111111110
3.810945891298000 1564573915.038208484649658 7.783872703703703
2.131435176858000 2001699263.634892225265503 7.789365148148147
2.151606487680000 1565447243.485546112060547 7.794537407407407
2.136633438804000 1492546748.679774284362793 7.799134685185185
2.129914465726000 1486927484.664552211761475 7.803735499999999
2.142587259120000 1491986880.231809377670288 7.808336981481481
2.130675387454000 1492937079.566477537155151 7.812931555555555
2.112017306210000 1492938250.849639177322388 7.817535907407407
2.130675387454000 1492714673.705302715301514 7.822138370370371
2.123954013992000 1492832264.965857744216919 7.826743296296296
3.864947148867000 1492724161.252143859863281 7.831343407407408
2.137396760916000 2040696932.037269592285156 7.836856777777778
2.136633438804000 1570258985.971027851104736 7.842041814814816
2.130675387454000 1492662939.875326633453369 7.846646444444445
2.129914465726000 1489698937.008507013320923 7.851252592592593
3.840609695676000 1931699171.461529731750488 7.867258018518520
3.734962591272000 2070195109.270622253417969 7.873384500000001
2.129154110160000 1775538523.999683380126953 7.882278907407408
2.103038573414000 1820759061.108362436294556 7.891859944444445
2.115720961200000 1487360298.747430801391602 7.901212574074076
2.185225339050000 1473477525.281218051910400 7.907731833333335
2.197104196506000 1490532486.518487453460693 7.912330037037038
2.203823169584000 1488429294.169259309768677 7.916931129629631
2.103789893606000 1492297030.260380029678345 7.921536222222223
2.123195492648000 1492561275.523936271667480 7.926146092592594
2.117232640530000 1439315373.112729787826538 7.930752981481483
3.765830050704000 1491589297.352096319198608 7.935356203703705
3.910018304634000 1961373822.301931619644165 7.940818444444446
3.832897628013999 2227987027.523462295532227 7.945335129629631
3.780088029830000 2203662227.867520332336426 7.949825555555557
3.890508781824000 2148695390.250167846679688 7.954295148148149
3.817473492690000 2227174794.457445621490479 7.958797685185186
3.845927516927000 2203510250.175163745880127 7.963290833333334
2.117232640530000 2191764599.736847877502441 7.967724259259260
2.109757546492000 1564716688.866927385330200 7.972896037037038
3.772373564463000 1482847122.302158355712891 7.977529370370371
3.904733618148000 1962565486.483102560043335 7.983001944444445
3.840609695676000 2227627104.894417285919189 7.987521833333334
2.137396760916000 2202808299.377464294433594 7.992016592592593
2.123954013992000 1565261000.473138570785522 7.997183037037038
2.125469645740000 1492774561.820187330245972 8.001783296296297
2.123195492648000 1492635936.310504436492920 8.006380833333335
2.114965402830000 1492689575.851654767990112 8.010985703703705
3.716059627996000 1492507646.687240362167358 8.015588277777779
2.122437535680000 1990259336.580839633941650 8.022054777777779
3.694080410098000 1558685503.198486328125000 8.027193203703705
2.124711406584000 1870628026.729427099227905 8.032677518518520
3.821035410720000 1935616431.339994907379150 8.047646203703705
2.097068520144000 1896025568.570256471633911 8.054959870370372
2.144882717406000 1487940108.252933502197266 8.064885185185187
2.143352411882000 1855195978.991202116012573 8.075540333333334
4.017987251901999 1467172813.016764879226685 8.085025537037039
2.143352411882000 1999914651.455324411392212 8.090531500000001
2.218053242460000 1564857823.197456121444702 8.095703203703705
3.810945891298000 1483177429.149390459060669 8.100307962962964
3.817473492690000 1871527105.845724582672119 8.105803907407408
3.831134083392000 2191106783.693711280822754 8.110232555555555
2.131435176858000 2192468071.589189529418945 8.114663185185185
3.780088029830000 1564465880.497508764266968 8.119829666666666
3.755776951394000 1953931832.679596662521362 8.125287370370369
2.144118134378000 2138207172.715062141418457 8.129713092592592
2.129914465726000 1558438246.380829334259033 8.134856740740741
3.863745898662000 1492607463.945687532424927 8.139466555555556
2.142587259120000 2001206420.351302146911621 8.144969888888889
2.131435176858000 1565387656.798795700073242 8.150136925925926
2.131435176858000 1492674021.969550848007202 8.154749370370370
2.129154110160000 1492589680.727927446365356 8.159357074074073
2.129914465726000 1492739894.912729263305664 8.163956425925925
2.150071384960000 1491325660.836428403854370 8.168553574074073
2.123195492648000 1492972217.524702072143555 8.173152796296295
2.149303833600000 1492556787.864621639251709 8.177747870370368
2.103789893606000 1492519345.250082492828369 8.182345611111108
2.118743475975000 1492684504.358940362930298 8.186952999999997
3.756944633729000 1492838112.895749807357788 8.191547537037033
3.755776951394000 1962497916.292863368988037 8.197017666666664
2.117987636310000 2138499463.539470434188843 8.201453462962959
3.848321763338000 1556987959.866220712661743 8.206602907407405
3.732640748408000 1681606242.804144859313965 8.222236907407405
3.767000566528000 2126151236.609322786331177 8.228228499999997
2.128393754594000 2132848899.798516511917114 8.237070314814812
2.212120420146000 1837320125.358200788497925 8.246731518518516
3.755776951394000 1474559505.470244884490967 8.256168092592590
2.226362192215000 1961692155.865296602249146 8.261628648148145
3.808575635332000 1553468483.963126182556152 8.266775351851848
2.129914465726000 2000632529.066637992858887 8.272279944444440
3.841803752766000 1516529200.500804901123047 8.277456796296292
2.123954013992000 2000397017.625871658325195 8.282963222222218
2.130675387454000 1564871540.815778732299805 8.288136648148145
3.817473492690000 1492473106.692668199539185 8.292742296296293
2.129914465726000 2002035363.471019268035889 8.298230277777774
3.842998699284000 1565038474.629100799560547 8.303399148148145
3.771201086718000 2001566036.022400617599487 8.308904981481479
2.131435176858000 2148868831.361679077148438 8.313394537037034
3.780088029830000 1558963386.258608579635620 8.318543888888886
2.129914465726000 1956738180.625858068466187 8.323965777777776
2.132195815505000 1558965766.947198629379272 8.329105925925925
2.103038573414000 1492755400.085338830947876 8.333706333333332
3.810945891298000 1491519576.515416383743286 8.338313611111110
2.103789893606000 2001874755.618667602539062 8.343816925925925
2.102287812240000 1551999498.901161670684814 8.348990740740739
2.129154110160000 1484512035.185925722122192 8.353622222222221
2.123195492648000 1492438376.656800985336304 8.358227259259257
2.115720961200000 1492729196.028058052062988 8.362826185185183
3.755776951394000 1492819526.091522455215454 8.367428574074072
3.751562039616000 1962702188.217913627624512 8.372893870370369
3.787802495197000 2134855592.717082262039185 8.377334499999998
3.726086772261000 2135217479.793667554855347 8.391583333333331
2.145648155035000 2065616812.347255468368530 8.397470981481479
2.137396760916000 1647820699.622463464736938 8.408772314814813
2.224774615922000 1656870359.239670515060425 8.419524962962962
3.911233941069000 1476998342.877024888992310 8.428945574074072
3.964002778268000 1962037342.879225254058838 8.434408462962962
3.794337289704000 2138193431.160010576248169 8.438841851851851
2.144882717406000 2138067363.356138706207275 8.443275518518519
2.122437535680000 1463117643.885086059570312 8.448423981481481
2.137396760916000 1492215380.530546188354492 8.453027203703703
2.138921985270000 1492501199.917995452880859 8.457633999999999
2.145648155035000 1490560720.230962753295898 8.462239518518517
3.750396320988000 1492764363.560263395309448 8.466840925925924
2.138158947132000 1961489166.008160114288330 8.472301277777776
2.135870684640000 1558911196.160534620285034 8.477444740740738
2.129914465726000 1492461714.276516675949097 8.482046833333332
2.124711406584000 1492223730.422783374786377 8.486649925925924
3.755776951394000 1488261896.709985971450806 8.491249703703701
3.786625222041999 1961880393.194399356842041 8.496709259259257
2.122437535680000 2138645275.620239734649658 8.501129592592591
2.142587259120000 1559131192.231613159179688 8.506278666666665
2.135107930476000 1492223533.336280822753906 8.510886314814814
3.793156300776000 1492158258.791149139404297 8.515488481481480
2.156790358038000 2001406548.444921731948853 8.520974092592590
2.122437535680000 1565044408.636803150177002 8.526145759259258
3.787802495197000 1492637637.919387578964233 8.530751240740740
2.123195492648000 2001505751.733941316604614 8.536248777777777
3.755776951394000 1565471796.985609054565430 8.541415351851851
3.726086772261000 1961016210.897740364074707 8.546873500000000
2.103789893606000 1929288509.705048084259033 8.551331851851852
2.103789893606000 1486455694.161450624465942 8.566491629629629
2.102287812240000 1482697025.236148357391357 8.573059222222222
2.076904399758000 1855258118.808957576751709 8.583720907407407
3.942091802537000 1882641065.521242856979370 8.594412944444445
2.190385223428000 2125415069.360714435577393 8.604442370370370
2.137396760916000 1557844510.099574089050293 8.609588351851851
3.743842776160001 1487165449.417889833450317 8.614198018518518
3.918948406436000 1832267077.596869468688965 8.619677907407407
3.790158356896000 2224108046.043000221252441 8.624193814814815
2.104540095762000 2159150159.429746627807617 8.628706425925925
2.137396760916000 1558312721.280331611633301 8.633853240740740
3.840609695676000 1491945540.954760789871216 8.638462888888888
2.122437535680000 2001037404.621243715286255 8.643967259259259
3.764659099096000 1564935484.911360263824463 8.649134870370370
3.825185560352000 1962799385.381043434143066 8.654582388888889
2.129914465726000 2183192743.670533180236816 8.659066851851852
3.835281834426000 1564265797.456916093826294 8.664231185185185
3.856033831000000 2001566955.134354591369629 8.669732796296296
2.125469645740000 2193340794.795879840850830 8.674173722222221
2.117232640530000 1565592614.228934526443481 8.679340814814815
2.123954013992000 1492801637.819622278213501 8.683940425925925
2.130675387454000 1492060799.304322719573975 8.688540259259259
3.748064883732000 1493009346.997216701507568 8.693144629629629
3.764659099096000 2014040539.317708730697632 8.698670129629628
2.124711406584000 2203193806.572987079620361 8.703158759259258
2.122437535680000 1563332150.461320161819458 8.708325092592592
2.123195492648000 1493089099.594672918319702 8.712930425925926
2.123195492648000 1492861953.241318225860596 8.717532462962962
2.129154110160000 1390078268.269587993621826 8.722167518518518
2.130675387454000 1925738334.585724115371704 8.738210907407407
2.136633438804000 1482581720.271967172622681 8.744758537037036
2.130675387454000 1656920512.118661165237427 8.755515592592591
2.137396760916000 1855138809.578392267227173 8.766178481481480
2.197104196506000 1479380495.491862297058105 8.775591499999999
2.217261115740000 1491102076.430662393569946 8.780196981481481
4.012769726160000 1485696776.997874975204468 8.784798166666667
2.223980088818000 2001938811.983158111572266 8.790300333333333
2.111263866036000 1521218389.487219095230103 8.795470759259258
3.756944633729000 1488276964.989613056182861 8.800079444444442
3.758113185846000 1962854898.799685478210449 8.805547148148147
2.123195492648000 2138060351.269773006439209 8.809982907407406
3.832897628013999 1557960788.831368923187256 8.815126944444444
3.786625222041999 2000975134.523941755294800 8.820629888888888
2.132195815505000 2148584568.655287265777588 8.825117148148147
2.129154110160000 1558415403.935905694961548 8.830263499999999
2.132195815505000 1490878858.139413356781006 8.834871962962962
3.841803752766000 1492628663.184243679046631 8.839473555555555
2.123954013992000 2000702629.300032854080200 8.844969314814815
2.104540095762000 1565155902.204029560089111 8.850135777777778
2.123195492648000 1492509647.174139261245728 8.854745648148148
3.894594169309999 1492743230.370385408401489 8.859352962962962
2.103789893606000 2041438791.205476760864258 8.864879129629628
3.894594169309999 1571796918.073242902755737 8.870071888888887
3.763489019056000 2041716110.930683374404907 8.875602870370368
2.117232640530000 2158435020.003935337066650 8.880120499999999
2.137396760916000 1558735988.832082033157349 8.885267518518518
2.110511267068000 1488579063.710753440856934 8.889875148148148
2.109757546492000 1492599264.040538072586060 8.894479870370370
3.750396320988000 1489991129.965291261672974 8.899089648148149
3.794337289704000 2116980737.691504955291748 8.914367037037037
2.129914465726000 2128181307.442145347595215 8.920260648148147
2.137396760916000 1648883457.688189506530762 8.930066814814815
4.003807525472999 1487780484.185324192047119 8.939425796296296
4.020486591018000 2106857974.736630916595459 8.949405111111112
3.848321763338000 2191913677.425288200378418 8.953835092592593
3.876274351108000 2191421545.471995830535889 8.958272907407407
2.157560881302000 2033759186.812729835510254 8.962727259259259
2.130675387454000 1563249316.812842607498169 8.967904518518518
2.131435176858000 1491625964.728830337524414 8.972509055555555
3.866149293858000 1492647490.397132635116577 8.977118018518519
2.143352411882000 2001771722.160910844802856 8.982621870370371
3.864947148867000 1564875551.816114902496338 8.987794185185185
2.144882717406000 2001083533.568904638290405 8.993296962962964
2.115720961200000 1564887845.708055973052979 8.998460814814816
3.787802495197000 1492670389.082345247268677 9.003060907407409
3.956290710605999 1962562317.092998266220093 9.008528166666668
2.132195815505000 2227709493.634567737579346 9.013046203703706
3.902306236972000 1555780662.546247720718384 9.018241648148150
3.911233941069000 2073455683.044589757919312 9.024762018518521
3.832897628013999 2248554477.661739826202393 9.029202166666670
2.123195492648000 2203908725.363642692565918 9.033692481481484
3.772373564463000 1564816101.500744581222534 9.038865222222226
3.886882101648000 1961856853.883935213088989 9.044339814814819
2.137396760916000 2228097439.264609336853027 9.048852407407411
2.136633438804000 1571790278.886734247207642 9.054047666666671
3.764659099096000 1492715713.572934627532959 9.058649962962967
2.129914465726000 1897680152.630439519882202 9.064124333333337
2.095571237760000 1487427404.068395137786865 9.079267259259263
3.782439093440000 1759724133.334268808364868 9.089824962962966
3.809761425027999 1739328773.464175462722778 9.100026685185188
2.210542142662000 1885576798.556447744369507 9.110648629629633
4.017987251901999 1700267425.045792102813721 9.117563962962967
2.232291730968000 2000626358.920077800750732 9.123057500000003
3.772373564463000 1559768234.072270154953003 9.128228425925929
2.206183682920000 1954800400.865166664123535 9.133716555555559
2.131435176858000 1440096798.909348487854004 9.138864685185188
3.765830050704000 1490591840.506573200225830 9.143473722222225
3.780088029830000 1954221799.420415639877319 9.148943796296299
2.135107930476000 2138020504.079509496688843 9.153376518518522
3.857232683500000 1558027754.978616714477539 9.158520740740745
2.131435176858000 1998982171.865123271942139 9.163969888888893
3.832897628013999 1565477769.015699863433838 9.169136185185190
2.142587259120000 2001927953.269895792007446 9.174639814814819
2.150839507840000 1565099071.007698535919189 9.179806703703708
2.123954013992000 1492126041.691828250885010 9.184406592592596
2.115720961200000 1492978476.980986356735229 9.189011481481485
2.123954013992000 1492775204.716013193130493 9.193613611111115
2.116476519570000 1492494498.865994453430176 9.198218722222226
2.131435176858000 1481165590.550547838211060 9.202824907407411
3.903519475702000 1491398235.000724077224731 9.207428833333337
3.832897628013999 2040852731.719115257263184 9.212941574074078
3.903519475702000 2203891903.032601356506348 9.217434111111116
3.772373564463000 2238111751.256675243377686 9.221921259259265
3.776562090770000 2158872864.014565944671631 9.226437129629636
2.116476519570000 2138224208.559868097305298 9.230858277777784
2.130675387454000 1558480148.640719652175903 9.235971277777784
2.144118134378000 1490596330.569499492645264 9.240590018518525
2.123954013992000 1489695850.300685405731201 9.255183222222229
2.137396760916000 1482497802.866414308547974 9.261757444444450
2.129914465726000 1487783906.615895986557007 9.271104740740746
4.102819996184000 1655250225.661639928817749 9.281875537037042
2.230699061896000 1982169365.081389665603638 9.292038111111117
4.006297733664000 1571281957.422213554382324 9.297228611111116
3.825185560352000 1961747641.613288879394531 9.302695703703709
2.137396760916000 2035833583.004221916198730 9.307183092592597
2.129914465726000 1563268493.778697967529297 9.312353500000004
2.117232640530000 1492818721.494244575500488 9.316957833333337
2.111263866036000 1491912881.746229887008667 9.321557796296300
3.764659099096000 1492665923.595071554183960 9.326159981481485
2.123954013992000 1961675047.138035774230957 9.331630518518523
3.826374822032000 1557889195.180583953857422 9.336776370370375
3.764659099096000 2001742045.332184791564941 9.342279777777783
2.123954013992000 2148687526.824920177459717 9.346767037037042
2.129914465726000 1558515388.827250242233276 9.351907851851857
2.124711406584000 1489110858.035336494445801 9.357030018518524
2.129914465726000 1492727177.659707069396973 9.361634222222227
2.129914465726000 1492774150.475186824798584 9.366238648148153
2.130675387454000 1492829511.361351251602173 9.370843277777782
2.123954013992000 1492798193.353085041046143 9.375443574074078
3.702943376160000 1491860443.779124498367310 9.380045462962967
2.110511267068000 1962962084.618222713470459 9.385516222222225
3.888090544968000 1558717191.094700098037720 9.390651740740743
3.967701416384000 2040685317.979762792587280 9.396154944444447
3.780088029830000 2288457715.877437591552734 9.400642444444447
2.109757546492000 2168614246.340417861938477 9.405177722222225
3.857232683500000 1452603876.942958593368530 9.410336425925928
2.129154110160000 2103849936.671979904174805 9.425717833333335
2.124711406584000 1477283314.304354906082153 9.431848833333335
2.123195492648000 1488194397.084580421447754 9.442199925925928
3.994851048916000 1487863036.470176219940186 9.451557648148151
4.017987251901999 2106094055.062581300735474 9.461562425925930
3.756944633729000 2192667046.645153045654297 9.465981129629634
2.121679578712000 2192769327.031773567199707 9.470420555555560
3.849518218133000 1473952144.760133743286133 9.475598981481486
3.780088029830000 1993853343.480398416519165 9.481098351851857
2.151606487680000 2148947138.350981235504150 9.485571944444450
3.778913154380000 1558428310.551623582839966 9.490713333333339
2.129914465726000 1961515997.401437282562256 9.496186444444451
3.764659099096000 1559150067.947971105575562 9.501337444444450
2.179279003860000 1953660285.244841814041138 9.506837592592598
2.117987636310000 1557646463.699558496475220 9.511973740740746
3.764659099096000 1492677487.542195796966553 9.516581888888895
2.123195492648000 1962587237.764608621597290 9.522044185185191
2.129154110160000 1558696488.523220300674438 9.527185000000006
2.123954013992000 1491877979.856532096862793 9.531785333333341
3.897016753290000 1491929265.110885620117188 9.536384666666674
2.123195492648000 2042034792.225200891494751 9.541910592592600
3.770027298942000 1571690122.051724672317505 9.547101166666675
2.123954013992000 1962207629.577593803405762 9.552558000000008
2.123195492648000 1558586712.795286178588867 9.557696611111119
2.129914465726000 1492729140.481485128402710 9.562293500000008
2.109004386720000 1492868082.505238056182861 9.566898370370378
2.217261115740000 1492734340.505784511566162 9.571503611111119
2.116476519570000 1487180143.086112737655640 9.576113629629637
3.733801237628000 1489534982.477369070053101 9.590713796296303
3.834089287399000 1831655010.157743692398071 9.598152018518524
2.109004386720000 2187935127.468179702758789 9.607082351851858
2.223980088818000 1646389479.912162065505981 9.616847796296302
2.138158947132000 1676051405.130011796951294 9.627781277777784
2.204610495536000 1491221938.590628385543823 9.632380648148153
3.994851048916000 1491325464.869386196136475 9.636985685185190
4.033411387226000 1996880346.123838663101196 9.642468629629635
2.111263866036000 2124113406.011343240737915 9.646915777777783
2.144118134378000 1562075926.522719860076904 9.652087444444451
2.131435176858000 1492838191.164994716644287 9.656691185185192
3.781263780420000 1492532671.015813350677490 9.661284111111119
3.764659099096000 1962447568.160207509994507 9.666756648148155
2.135870684640000 2138089640.118092775344849 9.671185055555563
2.151606487680000 1557858719.996543407440186 9.676327981481489
3.857232683500000 1492896095.221233367919922 9.680930129629637
2.137396760916000 2002109837.091466903686523 9.686434240740748
2.123954013992000 1561308700.141990423202515 9.691598907407416
2.130675387454000 1492006672.998905420303345 9.696200092592601
3.780088029830000 1492845146.995548486709595 9.700805296296306
3.771201086718000 1963377543.244039773941040 9.706272759259269
2.118743475975000 2138291624.924864768981934 9.710709203703713
2.144882717406000 1558929389.930727958679199 9.715857981481491
3.795516960564000 1478640513.396903753280640 9.720454814814826
2.122437535680000 1962636578.219111204147339 9.725915259259271
2.109757546492000 1558721724.759939908981323 9.731058648148160
3.849518218133000 1492631283.121888637542725 9.735671240740752
3.797877620352000 2001740329.726147651672363 9.741176370370381
3.794337289704000 2148965033.407572746276855 9.745666370370381
2.136633438804000 2133947099.147300004959106 9.750096740740751
2.144118134378000 1934948417.659300565719604 9.765072796296307
2.103038573414000 1483408332.698606014251709 9.771637296296307
2.136633438804000 1825480513.346232414245605 9.782222888888899
2.132195815505000 1488115695.179169416427612 9.791573129629640
2.190385223428000 1476250641.636147499084473 9.801003592592602
4.016736651837999 1492077785.817655563354492 9.805610259259270
3.951034807296000 2000580075.483407497406006 9.811100796296307
2.130675387454000 2141801848.651955842971802 9.815580537037048
3.840609695676000 1494692596.157990694046021 9.820736018518529
3.785446633498000 1998471508.687933683395386 9.826243870370380
2.130675387454000 2148136980.400603294372559 9.830714907407417
3.917730372296000 1558460890.688259124755859 9.835860740740751
3.764659099096000 2040737848.018616914749146 9.841391388888900
3.770027298942000 2158950729.275647640228271 9.845905000000011
3.803231425931000 2137966893.312214851379395 9.850336240740752
2.116476519570000 2137937949.274663925170898 9.854754370370381
3.770027298942000 1558666059.353463649749756 9.859897444444455
2.142587259120000 1962874680.930295467376709 9.865367629629640
2.128393754594000 1553788514.004765510559082 9.870512703703714
2.118743475975000 1492676221.702548265457153 9.875121481481491
2.151606487680000 1485096000.863899707794189 9.879751648148158
2.123954013992000 1490502932.869867563247681 9.884354648148157
2.090347146682000 1493028794.694951772689819 9.888956833333342
3.770027298942000 1493048388.265121459960938 9.893558500000008
2.135870684640000 1962514369.423900604248047 9.899019555555563
3.780088029830000 1558281163.559453010559082 9.904167870370378
3.787802495197000 1963189083.556581974029541 9.909635666666674
3.732640748408000 2133549855.192387104034424 9.914066833333340
2.177725001688000 2138106832.495546102523804 9.918495018518525
2.143352411882000 1556819624.528499126434326 9.923635222222229
3.795516960564000 1932857290.597826004028320 9.939643537037044
2.144118134378000 2126030529.640251398086548 9.945765092592600
2.123954013992000 1690423602.738076925277710 9.956378111111119
2.218844190420000 1487855607.318430185317993 9.965731462962971
3.935601077579999 1477869334.465555667877197 9.975152462962971
2.109757546492000 1961692481.042726278305054 9.980625296296305
2.215678041060000 1559095299.753981590270996 9.985773962962972
2.230699061896000 1488212940.911431550979614 9.990377222222230
2.135870684640000 1387136836.770809888839722 9.994981518518527
2.137396760916000 1490551906.434442520141602 9.999584351851860
2.123954013992000 1491085836.944375276565552 10.004191277777785
3.787802495197000 1489842949.427461624145508 10.008792296296305
3.823994969888000 1962753782.025213479995728 10.014256740740748
2.142587259120000 2182489839.475245475769043 10.018751259259266
3.897016753290000 1554356630.324201345443726 10.024921981481489
2.129914465726000 2041747227.118280649185181 10.030448388888896
2.129914465726000 1571155579.636270284652710 10.035643537037044
3.863745898662000 1491989823.459139108657837 10.040247444444452
3.793156300776000 2001939050.118609189987183 10.045751055555563
2.129914465726000 2148870745.551300525665283 10.050243629629637
2.143352411882000 1559030070.561650514602661 10.055390166666674
2.144882717406000 1492275182.667490720748901 10.059975000000007
2.138158947132000 1493117777.742002964019775 10.064576259259265
3.773546915562000 1492275450.404185533523560 10.069173981481487
2.131435176858000 1962895466.301948547363281 10.074644129629636
2.123954013992000 1558639633.347254514694214 10.079787759259265
3.849518218133000 1492140971.501652956008911 10.084392314814821
3.756944633729000 2001632730.257047653198242 10.089875518518525
2.118743475975000 2146988705.666959524154663 10.094366462962970
3.794337289704000 1985239061.010404109954834 10.110469666666674
3.847123971722000 2039893331.120572805404663 10.117611185185192
2.129154110160000 2155475742.042166233062744 10.126570444444450
2.172552834095000 1646468818.402515172958374 10.136342055555561
2.217261115740000 1476529341.082227468490601 10.145773907407413
2.218844190420000 1492105959.998713731765747 10.150381166666673
2.231495989384000 1492406877.736286401748657 10.154983240740746
3.987138981254000 1492195462.057152509689331 10.159588851851858
2.129154110160000 1989813046.172397136688232 10.165117648148154
2.129914465726000 1560672015.302056074142456 10.170345703703710
3.842998699284000 1491836722.196482896804810 10.174942277777784
3.772373564463000 2000730218.659775257110596 10.180445500000006
2.124711406584000 2148669361.458157539367676 10.184935185185191
2.135870684640000 1558596559.623953819274902 10.190084277777784
2.123195492648000 1491490162.346405982971191 10.194691481481486
2.123195492648000 1492383688.563222408294678 10.199288574074078
2.129914465726000 1492813007.934019804000854 10.203896018518522
2.123954013992000 1492056681.236403703689575 10.208501370370374
3.772373564463000 1492568044.433897972106934 10.213105796296301
3.884463864792000 1958224121.319887876510620 10.218583814814819
3.771201086718000 2227624124.319028854370117 10.223101462962967
2.136633438804000 2159180334.192341327667236 10.227614277777782
2.124711406584000 1558151064.267241001129150 10.232748222222227
2.095571237760000 1493009607.808454751968384 10.237354814814820
2.129914465726000 1492891046.116788387298584 10.241952240740746
2.144882717406000 1484479777.328340530395508 10.246576222222227
3.786625222041999 1492383652.199088096618652 10.251181666666671
3.840609695676000 1962531125.756046533584595 10.256649925925931
3.849518218133000 2183363916.588130474090576 10.261149685185190
2.135870684640000 2192227675.403074264526367 10.265585500000006
3.827564969568000 1461169086.397216081619263 10.270779425925932
2.122437535680000 2106449056.057866096496582 10.286140537037044
2.121679578712000 1475065011.274416685104370 10.292275370370378
2.123195492648000 1488956136.009990215301514 10.302641166666675
2.184446375150000 1487902746.644554853439331 10.311976462962971
2.231495989384000 1477361663.311524868011475 10.321396314814823
3.842998699284000 1492142202.996667146682739 10.326002666666675
3.958751672153999 2001868360.797393798828125 10.331510425925934
3.780088029830000 2089577183.815869808197021 10.335990351851860
2.138158947132000 2136260688.912899255752563 10.340429444444453
2.137396760916000 1559037288.282060146331787 10.345572555555565
2.144118134378000 1492656443.719412803649902 10.350170055555564
2.143352411882000 1492632962.702322244644165 10.354775148148157
3.933154507619999 1492725882.040852546691895 10.359382518518528
2.129914465726000 2039892579.405505180358887 10.364890462962972
3.764659099096000 1571084652.556124210357666 10.370083148148158
3.839414304444000 1962026764.981464147567749 10.375538037037046
2.143352411882000 2182404319.269731521606445 10.380029537037046
2.129914465726000 1565890673.791971206665039 10.385206703703712
2.130675387454000 1492981532.274281024932861 10.389811333333341
3.732640748408000 1488004276.963597536087036 10.394409611111119
3.778913154380000 1948204943.524836301803589 10.399875796296303
3.910018304634000 2137082943.311225175857544 10.404315240740749
2.131435176858000 2228310366.762012958526611 10.408827703703711
2.123195492648000 1571577049.180327892303467 10.414012703703712
2.131435176858000 1492711351.203391075134277 10.418613129629637
2.130675387454000 1492763590.757802248001099 10.423220018518526
2.143352411882000 1492749106.291945934295654 10.427825259259267
2.123195492648000 1492161337.033908605575562 10.432429148148156
3.746898297108000 1407710575.079616069793701 10.437046222222230
2.116476519570000 2077542169.668281078338623 10.452765129629638
2.129914465726000 1481582022.349182367324829 10.458868592592601
3.863745898662000 1769880821.605750799179077 10.467648148148157
2.130675387454000 2176689623.883438587188721 10.477607629629638
3.724928680745999 1851473439.718826532363892 10.487270833333342
3.948578642944000 1824230487.859948873519897 10.494652277777787
3.951034807296000 2137365221.987314939498901 10.499066944444454
3.880376079601000 2138137827.965517759323120 10.503502962962973
2.129914465726000 2219889478.636993885040283 10.507989777777787
2.144118134378000 1460056832.038679838180542 10.513198759259268
2.138158947132000 1491155667.032450199127197 10.517805814814823
2.130675387454000 1481763221.690205335617065 10.522412092592601
2.124711406584000 1492318694.440758943557739 10.527018037037045
2.116476519570000 1492546677.027261018753052 10.531617611111120
2.125469645740000 1491392487.843724012374878 10.536222000000009
2.109757546492000 1492724725.811705827713013 10.540826500000009
2.129914465726000 1492646746.743523120880127 10.545427018518527
2.115720961200000 1492669020.711843967437744 10.550031648148156
2.115720961200000 1492751586.253542900085449 10.554631351851860
2.103789893606000 1492760047.585364341735840 10.559239055555564
3.898228045280000 1492823744.439300298690796 10.563838962962970
3.863745898662000 2039315084.766238212585449 10.569357407407415
3.910018304634000 2248235556.539501190185547 10.573790722222229
3.765830050704000 2248449937.453089714050293 10.578231833333341
3.778913154380000 2158859251.887552738189697 10.582735018518527
3.758113185846000 2138077232.891105175018311 10.587176611111119
3.850715564142000 2138635599.886198282241821 10.591602759259267
3.825185560352000 2182275800.184404850006104 10.596101722222230
2.130675387454000 2193666178.623719215393066 10.600541222222230
2.129154110160000 1558198986.248048543930054 10.605736444444451
2.129914465726000 1491186329.414978504180908 10.610345962962970
2.130675387454000 1388669780.958785772323608 10.614972185185193
2.129914465726000 1486350550.561199903488159 10.629593629629637
2.129914465726000 1482931436.291480064392090 10.636173074074081
3.902306236972000 1488066144.242263317108154 10.645514611111118
3.951034807296000 1784879967.507558822631836 10.655773407407414
2.129914465726000 2219216509.950376033782959 10.664822944444451
2.235820568706000 1558291203.795216321945190 10.669975629629636
2.115720961200000 1492357970.175184726715088 10.674580296296304
3.816285302610000 1487344075.898030042648315 10.679182962962971
3.841803752766000 1888628294.705844640731812 10.684666648148156
2.129914465726000 2190617684.395751953125000 10.689086740740748
2.132195815505000 1564887782.442365407943726 10.694256592592600
2.135870684640000 1492241573.078871011734009 10.698863740740748
2.144118134378000 1492530517.696926116943359 10.703468537037045
3.886882101648000 1491227392.718024730682373 10.708070462962970
3.902306236972000 2042129221.014249801635742 10.713596166666674
2.144118134378000 2248190403.311798572540283 10.718024777777785
2.129914465726000 1571051543.889580965042114 10.723213092592600
2.123195492648000 1492504033.084556102752686 10.727820814814821
2.131435176858000 1492026932.828912973403931 10.732422111111118
2.116476519570000 1492938579.213842868804932 10.737019722222229
3.839414304444000 1492738935.065352678298950 10.741627203703711
3.732640748408000 1988163681.573625564575195 10.747130888888897
2.137396760916000 2148629365.788942337036133 10.751625537037045
2.144118134378000 1558380817.393994569778442 10.756773333333340
2.129914465726000 1492803936.941392183303833 10.761379277777785
2.129914465726000 1492715496.358295440673828 10.765981314814821
2.082138088800000 1492726646.858468055725098 10.770580981481489
2.143352411882000 1492824270.629108905792236 10.775180962962970
2.123954013992000 1492600908.761912345886230 10.779786333333341
3.771201086718000 1490093604.396399497985840 10.784392796296304
2.110511267068000 1655089347.936375379562378 10.799906222222230
3.842998699284000 1675892421.646679401397705 10.806521555555562
3.724928680745999 1940681034.799274682998657 10.816609037037043
2.216469578400000 2148569100.346380710601807 10.825510611111117
3.827564969568000 1621686992.937743663787842 10.835309703703709
2.223980088818000 2000748399.080670118331909 10.840812907407413
3.803231425931000 1565108331.393579244613647 10.845984111111116
2.226362192215000 2002125878.645875453948975 10.851485000000006
3.826374822032000 1456894454.421223640441895 10.856661629629635
2.130675387454000 2000480512.604333400726318 10.862152833333338
2.135870684640000 1565121550.344294309616089 10.867324444444449
2.137396760916000 1492598891.966758966445923 10.871937222222227
3.895805010335000 1490030499.127792596817017 10.876544518518523
2.138158947132000 2041541295.461165428161621 10.882075796296300
2.129154110160000 1571590437.331925868988037 10.887268055555559
3.754607964386000 1492624193.204192399978638 10.891867296296299
2.123195492648000 1961658541.541775465011597 10.897335018518522
3.851912464544001 1553107479.875138044357300 10.902490333333336
3.778913154380000 2000358104.071527957916260 10.907976944444448
3.783614406460000 2148871000.870250225067139 10.912466925925930
3.763489019056000 2138661158.827081918716431 10.916882629629633
2.103038573414000 2138246751.946328878402710 10.921321185185189
2.116476519570000 1558942788.399199008941650 10.926462592592596
2.136633438804000 1492672687.646268844604492 10.931067888888892
2.129914465726000 1492717309.075999736785889 10.935674870370374
3.808575635332000 1488191181.677718400955200 10.940277240740745
3.848321763338000 2001411501.739622831344604 10.945770129629633
2.137396760916000 2193337250.509845733642578 10.950201388888892
2.129914465726000 1563714034.032313585281372 10.955372944444449
3.719528861556000 1491602259.551415920257568 10.970961092592598
2.103038573414000 2023423357.065371036529541 10.977055370370376
3.926662871803000 1479844347.603886842727661 10.985099648148154
3.892171134365000 2180345409.026220321655273 10.995041055555561
2.229902727360000 2196504465.938976764678955 11.003892000000006
2.230699061896000 1475549820.706393480300903 11.011003240740747
2.136633438804000 1492013218.339943885803223 11.015606833333340
2.222392216942000 1491312439.927772521972656 11.020211629629637
2.110511267068000 1493851645.736946582794189 11.025815333333341
2.223980088818000 1488249079.715153694152832 11.030423407407415
2.129914465726000 1451569208.029754161834717 11.035034037037045
2.123195492648000 1491093742.463462829589844 11.039641222222230
2.115720961200000 1491306831.078307390213013 11.044242740740748
2.123195492648000 1492695218.114736318588257 11.048850407407414
3.925442439958000 1492909187.394218206405640 11.053456759259266
2.136633438804000 2041240119.679957151412964 11.058965277777784
3.893381975390000 1570036553.487559318542480 11.064158074074079
2.116476519570000 2041774829.594246625900269 11.069678666666672
2.137396760916000 1571033834.626705884933472 11.074868944444450
3.749230168362000 1492663947.974856138229370 11.079473555555561
3.835281834426000 1961956025.959436655044556 11.084946481481486
3.851912464544001 2183108295.414770603179932 11.089443611111117
2.131435176858000 2193257865.422248840332031 11.093872277777784
2.136633438804000 1564904136.887907743453979 11.099038981481488
2.150839507840000 1492693399.359864711761475 11.103638703703711
2.136633438804000 1491862941.978341817855835 11.108243944444451
3.749230168362000 1493027303.053837537765503 11.112845925925933
2.144118134378000 1962990766.374014377593994 11.118311055555562
3.750396320988000 1557678199.297680139541626 11.123458018518525
2.123954013992000 1961438408.699075460433960 11.128914537037044
2.129914465726000 1557836531.821843862533569 11.134063574074082
3.764659099096000 1392900121.106505632400513 11.138696777777785
2.131435176858000 2173598258.088219165802002 11.154120444444452
3.761147551624000 1480847891.319766283035278 11.160230111111119
2.109004386720000 2097353818.062708616256714 11.168201722222230
2.123195492648000 1821154862.321366310119629 11.177765055555563
3.933154507619999 1672303571.123188495635986 11.188593685185193
2.103038573414000 1818510081.299585580825806 11.195953296296304
4.011521990840000 1557395779.160141944885254 11.201109370370379
2.144118134378000 2001714058.734027147293091 11.206610629629639
2.137396760916000 1515061224.052229642868042 11.211792870370379
3.832897628013999 1490347002.393258571624756 11.216396851851862
2.131435176858000 1996748967.369898796081543 11.221897907407417
2.123195492648000 1565110408.600452899932861 11.227058703703714
3.788980645277999 1492369910.138730525970459 11.231666629629640
3.850715564142000 1961831281.306419372558594 11.237123444444455
2.129914465726000 2183122569.174352645874023 11.241622944444455
2.122437535680000 1564250271.333240270614624 11.246792888888899
3.780088029830000 1487806175.508531093597412 11.251401296296306
3.832897628013999 1939690634.637234210968018 11.256877740740750
2.129914465726000 2182137072.216674804687500 11.261365777777787
3.841803752766000 1565254058.232414484024048 11.266540444444454
2.111263866036000 2000568790.309788465499878 11.272027462962972
3.902306236972000 1565881984.974043130874634 11.277196296296307
2.137396760916000 2041930923.430161952972412 11.282704944444454
3.746898297108000 1571782151.594473838806152 11.287897648148158
3.863745898662000 1962327446.067347049713135 11.293351981481491
3.818660356665000 2183138571.199282169342041 11.297851740740750
2.150839507840000 2193174289.245982646942139 11.302286259259269
2.116476519570000 1564798215.288031578063965 11.307466055555565
2.129914465726000 1394285193.490748167037964 11.312098777777788
2.124711406584000 2003265817.926063537597656 11.328212703703713
3.781263780420000 1483151007.921394586563110 11.334786555555565
3.916510977224000 1919830671.286255359649658 11.344818981481492
3.842998699284000 2166804214.894762516021729 11.353725666666676
2.231495989384000 1970927098.999264955520630 11.368464833333343
3.917730372296000 1556666148.841484785079956 11.373662259259270
3.843533270516001 2041504064.850017786026001 11.379190685185195
2.137396760916000 2182577734.477460861206055 11.383638518518529
3.927884212722000 1568198593.855340480804443 11.388830018518529
2.131435176858000 2041628455.954798460006714 11.394355907407418
2.129914465726000 1571231040.438500165939331 11.399545314814825
2.131435176858000 1491542414.077094554901123 11.404154851851862
2.138921985270000 1492959631.699569940567017 11.408760592592603
3.778913154380000 1492325630.218304157257080 11.413365111111123
3.786625222041999 1957769698.451009750366211 11.418820277777789
3.765830050704000 2138018144.016566038131714 11.423255981481493
2.130675387454000 2138472884.323762893676758 11.427676685185196
2.130675387454000 1554018305.582339286804199 11.432823870370381
2.131435176858000 1492542209.722780227661133 11.437433129629641
3.834089287399000 1492796365.786266565322876 11.442037518518530
2.130675387454000 2001640639.470856904983521 11.447536277777790
3.841803752766000 1564514959.377552270889282 11.452705833333345
2.137396760916000 2001777265.278873682022095 11.458198166666678
3.841803752766000 1565223321.093548297882080 11.463362462962975
3.772373564463000 2001524720.238675832748413 11.468868148148159
2.128393754594000 2148814753.949443817138672 11.473353074074085
3.800865968054000 1559081972.750007152557373 11.478507000000011
2.130675387454000 1934548179.147665977478027 11.483985203703714
2.130675387454000 1489286886.634165763854980 11.499183296296307
2.130675387454000 1482414770.483850955963135 11.505749444444454
3.750396320988000 1671578854.146542310714722 11.516581092592602
2.206183682920000 1920615269.576876401901245 11.526635944444454
3.940866575282000 1618259489.328980922698975 11.536461796296306
3.800865968054000 1962201343.916847705841064 11.541935018518528
3.940866575282000 2174967960.194090843200684 11.546434629629639
3.886882101648000 2147530383.621808528900146 11.550929314814823
2.125469645740000 2179137726.952734947204590 11.555453833333342
2.144118134378000 1568588580.901620388031006 11.560648185185194
2.143352411882000 1492629152.738725900650024 11.565251907407417
2.117232640530000 1492204619.877865314483643 11.569855203703712
2.136633438804000 1492729929.295811891555786 11.574462296296305
3.856033831000000 1492491338.266044855117798 11.579067481481491
2.143352411882000 2000947645.071408510208130 11.584570518518529
2.149303833600000 1565341100.633880376815796 11.589747333333344
3.912450483006000 1491761007.703987121582031 11.594357740740751
2.136633438804000 2041215121.439792633056641 11.599886314814825
2.144118134378000 1571003690.036900281906128 11.605080481481492
2.129914465726000 1492871578.235890388488770 11.609683370370380
2.123954013992000 1492764392.178312540054321 11.614287851851861
3.809761425027999 1491210715.823097944259644 11.618890944444454
2.117232640530000 2000979959.865860462188721 11.624391018518528
2.132195815505000 1565249599.661817312240601 11.629560259259270
2.129914465726000 1492655639.823774337768555 11.634162944444455
2.143352411882000 1492744710.508081436157227 11.638759759259269
3.771201086718000 1492812469.337365388870239 11.643364833333344
3.921385835648000 1962128039.380088329315186 11.648842314814825
2.110511267068000 2074188397.354905366897583 11.653356611111121
2.131435176858000 2020518585.924852132797241 11.669107777777787
2.137396760916000 1481554219.073508262634277 11.675681759259270
2.144118134378000 1670974050.986453056335449 11.686489277777788
2.223186152880000 1882750376.743791818618774 11.697192592592604
3.864947148867000 1467116861.214132308959961 11.706679629629640
2.202249689296000 2000500855.764219284057617 11.712186944444456
2.218053242460000 1565176753.693874597549438 11.717350648148159
2.210542142662000 1485567340.013188362121582 11.721956351851862
2.136633438804000 1450037392.574150800704956 11.726597796296307
3.862543306278000 1490560753.605459690093994 11.731199870370380
2.145648155035000 2000445124.679177761077881 11.736705111111121
3.826374822032000 1563902327.312283515930176 11.741880370370380
2.131435176858000 1993580201.612903356552124 11.747391481481491
3.850715564142000 1563938203.999957084655762 11.752555425925935
3.795516960564000 2001936056.037600517272949 11.758059666666677
2.135870684640000 2147829375.789238929748535 11.762547111111122
2.137396760916000 1559126108.515990018844604 11.767700814814825
2.116476519570000 1478702037.402643442153931 11.772306351851862
2.135870684640000 1492772582.410507440567017 11.776908425925935
3.901091642668000 1492805236.381186008453369 11.781512962962973
2.143352411882000 2041731435.631133317947388 11.787044018518529
2.137396760916000 1570784018.194845914840698 11.792238814814825
3.917730372296000 1492744016.051015853881836 11.796844500000010
2.144118134378000 2041342756.515929460525513 11.802360185185195
2.144118134378000 1571566371.018648386001587 11.807552796296306
3.841803752766000 1492159163.263337373733521 11.812159759259270
3.788980645277999 2001959945.490334749221802 11.817663370370381
2.143352411882000 2148384593.188619613647461 11.822155851851862
2.123195492648000 1557642432.424668788909912 11.827313333333343
3.777736966220000 1961561314.310184478759766 11.843659888888899
2.117232640530000 2023308870.548222303390503 11.849747240740751
2.129914465726000 1485520735.110837697982788 11.857756111111120
3.755776951394000 1487353272.346208095550537 11.867104370370379
3.925442439958000 2124764290.786602020263672 11.877066111111120
3.727245726414000 2157835998.901439189910889 11.883404370370378
2.217261115740000 2137795970.330546617507935 11.887840907407416
3.764659099096000 1558214776.409591674804688 11.892984240740748
2.125469645740000 1992456457.304163932800293 11.898494796296305
2.116476519570000 1525328827.139995574951172 11.903681074074083
3.911233941069000 1489277981.300894737243652 11.908286166666675
2.137396760916000 2041800126.654805183410645 11.913813000000008
2.117232640530000 1571551583.539458513259888 11.919008814814823
2.118743475975000 1492856553.371701717376709 11.923613314814823
2.130675387454000 1491768666.795292139053345 11.928220425925934
3.902306236972000 1492561659.873908042907715 11.932823185185194
2.117232640530000 2041364820.846905708312988 11.938349185185194
3.764659099096000 1571284055.995460987091064 11.943538759259267
2.131435176858000 1961655658.231543779373169 11.948993611111119
3.835281834426000 1554466445.742166042327881 11.954140333333340
3.818660356665000 2001752223.000646591186523 11.959638407407414
3.895805010335000 2187419249.768833160400391 11.964084444444451
3.825185560352000 2238458457.946431159973145 11.968573648148155
3.732640748408000 2203717704.376548290252686 11.973058833333340
3.732640748408000 2148698641.020972251892090 11.977533870370378
3.849518218133000 2138408640.615248203277588 11.981954851851858
2.138158947132000 2183281015.014372348785400 11.986451777777784
3.734962591272000 1564395324.381746768951416 11.991629148148155
2.132195815505000 1962237452.051452398300171 11.997094111111117
3.851912464544001 1471766236.759667634963989 12.002396722222228
3.763489019056000 1666315528.573818683624268 12.017892648148154
2.129154110160000 2127223174.353897094726562 12.023859333333339
2.130675387454000 1700216162.694055795669556 12.034688111111118
3.724928680745999 1487604421.986328363418579 12.044037018518525
4.003807525472999 1729923246.851844310760498 12.054306111111117
2.115720961200000 2182031290.710803031921387 12.058783833333340
2.203823169584000 1565276738.269299030303955 12.063959000000008
2.103038573414000 1460478599.456685781478882 12.068560388888896
2.118743475975000 1480137120.399281501770020 12.073168666666673
2.123954013992000 1487715936.450675249099731 12.077768185185191
2.122437535680000 1492542631.540820598602295 12.082369629629635
2.130675387454000 1492566954.517430067062378 12.086965203703709
2.130675387454000 1492304776.680922269821167 12.091572462962969
2.117987636310000 1491341743.165337562561035 12.096182000000006
2.123195492648000 1492877966.497449636459351 12.100781981481488
3.778913154380000 1492529251.678771018981934 12.105381907407413
3.831704637166000 1962208923.781396389007568 12.110849611111117
2.150071384960000 2170797919.390737056732178 12.115367518518525
2.129914465726000 1564530501.872498273849487 12.120544796296302
3.772373564463000 1492880356.819962501525879 12.125153407407414
2.144118134378000 1963390317.249600410461426 12.130621703703710
3.886882101648000 1558928025.505210399627686 12.135768074074081
2.138921985270000 2040959975.007474422454834 12.141280833333340
2.116476519570000 1571042636.874055862426758 12.146478907407415
3.772373564463000 1492824239.396674156188965 12.151075648148156
2.117987636310000 1962710718.047901391983032 12.156542888888897
2.129914465726000 1559236130.453088045120239 12.161689055555563
2.124711406584000 1492606149.352921962738037 12.166292370370378
3.748064883732000 1490990098.532848358154297 12.170904481481490
2.123195492648000 1634911129.426816940307617 12.186362666666675
2.135870684640000 1476251783.015374898910522 12.192464481481489
3.742679456130000 1485676614.950836420059204 12.202828574074081
2.204610495536000 1920246455.552583456039429 12.212866444444451
2.098564966680000 1616706850.815168619155884 12.222674685185192
2.218844190420000 1491976771.682042121887207 12.227279537037044
3.809761425027999 1492838323.931923151016235 12.231878925925933
2.218844190420000 1995880679.047020196914673 12.237384462962970
2.109757546492000 1565013366.056798458099365 12.242560648148155
2.109757546492000 1425735657.068629503250122 12.247179648148155
2.121679578712000 1489397861.645833730697632 12.251788592592598
3.897016753290000 1491521180.908167600631714 12.256383925925931
3.895805010335000 2040961948.576978206634521 12.261894500000006
2.103038573414000 2247503049.467281818389893 12.266333648148153
3.818660356665000 1571797586.184759616851807 12.271525981481487
2.123954013992000 2000608447.396128654479980 12.277013537037043
3.741515702995000 1564520078.702061176300049 12.282180703703709
3.772373564463000 1962912102.868286371231079 12.287650481481487
3.778913154380000 2137412618.807213068008423 12.292088888888895
2.123954013992000 2137918424.015009403228760 12.296530555555561
2.088854663280000 1558887199.159373521804810 12.301676629629636
2.116476519570000 1492582549.493503332138062 12.306281611111118
2.131435176858000 1492726229.349976539611816 12.310886574074081
2.117232640530000 1492719553.638138294219971 12.315496685185192
3.800865968054000 1492019789.231406688690186 12.320098888888895
3.880376079601000 2002015601.475268840789795 12.325596944444451
3.902306236972000 2238113137.266263484954834 12.330071351851858
2.129914465726000 2248488966.400613784790039 12.334509814814821
3.818660356665000 1571400751.415594100952148 12.339700018518524
2.089600627258000 1995035679.949441432952881 12.345208870370376
3.796697510136000 1943820822.693189859390259 12.361148388888894
2.117232640530000 1950200379.619441986083984 12.368251018518524
2.144118134378000 1488335198.729210853576660 12.378148629629635
3.940866575282000 1487406593.406593561172485 12.387506462962968
2.114965402830000 1727453335.370841503143311 12.397807111111115
2.217261115740000 1558196548.624842882156372 12.402958037037042
2.223980088818000 1492554943.751080989837646 12.407562240740745
2.124711406584000 1347260864.847922086715698 12.412170629629633
2.129154110160000 1491410504.967586994171143 12.416772685185189
3.788980645277999 1492406204.732013463973999 12.421374907407412
3.842998699284000 1962715216.869222164154053 12.426849703703708
2.129914465726000 2182321914.200111865997314 12.431349407407412
2.131435176858000 1564670288.726874589920044 12.436523462962967
3.787802495197000 1492799913.084416627883911 12.441125629629633
3.834089287399000 1963031854.125587224960327 12.446591518518522
3.772373564463000 2182949805.327235698699951 12.451086240740745
3.849518218133000 2148673428.294428825378418 12.455555907407412
2.138158947132000 2182568981.867058277130127 12.460047425925930
3.733801237628000 1565305575.765830039978027 12.465214296296301
2.129914465726000 1962936721.886360883712769 12.470685148148153
2.123195492648000 1547070710.270013570785522 12.475830296296301
2.123195492648000 1491943570.968780279159546 12.480433259259264
2.123954013992000 1481194797.311598062515259 12.485070462962968
2.129154110160000 1492464979.910956621170044 12.489674962962967
3.771201086718000 1492667897.480451822280884 12.494278962962968
3.786625222041999 1962489701.944662094116211 12.499756444444449
2.117232640530000 2137481598.743593692779541 12.504190018518523
2.176947277272000 1558619689.611600637435913 12.509334111111116
2.125469645740000 1392097929.249352931976318 12.513970111111115
2.135870684640000 1929112965.252581596374512 12.529981425925930
3.740352816070000 1482190036.297231435775757 12.536552685185189
2.143352411882000 2087862238.064055442810059 12.546507055555558
4.064259657874000 1488182173.152013063430786 12.556409722222226
2.217261115740000 1751983292.522775173187256 12.566717814814819
2.136633438804000 1564228267.454323291778564 12.571883944444448
2.210542142662000 1485647274.791367053985596 12.576484000000002
2.104540095762000 1492549067.533939838409424 12.581090462962965
3.772373564463000 1401520237.894584655761719 12.585705018518521
3.763489019056000 1961533921.006200551986694 12.591173333333336
3.787802495197000 2103836505.990944623947144 12.595615222222225
3.848321763338000 2134783015.677514791488647 12.600050685185188
2.130675387454000 2185574274.952219963073730 12.605040777777781
3.794337289704000 1563870691.137281894683838 12.610211000000003
2.136633438804000 1962363720.114208698272705 12.615678574074078
2.138158947132000 1558031271.244051694869995 12.620827074074079
2.130675387454000 1492468135.924437999725342 12.625432574074079
2.138158947132000 1492568517.267991542816162 12.630039685185190
3.841803752766000 1492778512.476470708847046 12.634643907407412
2.136633438804000 2001209165.699288368225098 12.640147518518523
3.778913154380000 1565853630.764823913574219 12.645319370370375
3.765830050704000 1962746193.511713743209839 12.650792481481487
2.131435176858000 2138319381.076842784881592 12.655220722222227
3.751562039616000 1558067153.694858074188232 12.660361500000004
2.123195492648000 1962723731.291144132614136 12.665821629629633
3.787802495197000 1558972263.487872838973999 12.670969944444447
3.916510977224000 1962448865.484710454940796 12.676434833333337
3.794337289704000 2227933141.763237476348877 12.680952407407410
3.850715564142000 2153601290.991873741149902 12.685450814814818
2.130675387454000 2124998227.794393301010132 12.699766518518521
2.123954013992000 1479744184.279239654541016 12.705858722222224
2.117232640530000 1486273155.745775938034058 12.714321944444446
3.726086772261000 1488032910.133221864700317 12.723667259259260
2.197104196506000 1704716085.771931171417236 12.733882981481482
3.763489019056000 1474454356.335511445999146 12.740951018518519
2.129914465726000 1961724843.017719745635986 12.746415777777779
3.948578642944000 1558653579.161661148071289 12.751564407407409
2.130675387454000 1957027791.393829107284546 12.757042388888891
2.123195492648000 1464871972.169112920761108 12.762195203703707
3.750396320988000 1491652851.117264509201050 12.766796388888892
2.149303833600000 1961433594.399237394332886 12.772255962962966
2.130675387454000 1559284401.094154834747314 12.777401148148151
3.762317631664001 1492408293.383888959884644 12.782001870370372
3.856033831000000 1962420917.666452884674072 12.787461370370373
2.129914465726000 2183316492.014939308166504 12.791953555555558
2.144118134378000 1549609552.794586181640625 12.797125592592595
3.841803752766000 1492765075.776167631149292 12.801728574074076
3.848321763338000 2001894368.071252107620239 12.807226000000002
2.151606487680000 2193169993.995797157287598 12.811667333333336
3.795516960564000 1565184608.268161296844482 12.816831722222226
2.123195492648000 1963059060.785485506057739 12.822286240740745
2.130675387454000 1558450810.647438526153564 12.827433018518523
2.143352411882000 1491420235.763496398925781 12.832037444444449
2.123195492648000 1493088886.295874595642090 12.836639870370375
2.123954013992000 1492921848.590698957443237 12.841241574074079
3.831704637166000 1492801804.591092109680176 12.845847111111116
3.918948406436000 2002056072.943913698196411 12.851355148148153
3.817473492690000 2199040995.690632820129395 12.855927444444449
2.118743475975000 2047760773.317591428756714 12.860444777777783
3.858432429000000 1491914538.259931087493896 12.875579555555561
2.123954013992000 2172216253.932354450225830 12.881736925925932
3.726086772261000 1666101142.790740251541138 12.892414166666672
2.233088361980000 1921084548.781971216201782 12.902462277777783
3.734962591272000 1840111453.835081338882446 12.912188277777783
2.144882717406000 1961832614.357805728912354 12.917648722222228
2.230699061896000 1554474248.394235372543335 12.922795111111117
2.297888792676000 1492681185.970832824707031 12.927404555555562
3.787802495197000 1489931860.200382709503174 12.931992074074079
3.849518218133000 1849464062.912763357162476 12.937459962962969
2.116476519570000 2181812270.798137664794922 12.941954222222227
2.103038573414000 1564292466.415905475616455 12.947123666666672
2.122437535680000 1492765036.777132034301758 12.951725962962968
2.129154110160000 1491958281.744946956634521 12.956332703703708
3.918948406436000 1492482915.222301244735718 12.960932314814819
2.131435176858000 2041589011.099729776382446 12.966446296296301
3.778913154380000 1571370596.882849931716919 12.971636222222227
2.129914465726000 1962364168.725409507751465 12.977100722222227
2.123195492648000 1557625628.954585552215576 12.982245944444449
2.130675387454000 1488445670.044660329818726 12.986852740740744
2.132195815505000 1492611197.349054574966431 12.991457666666671
3.780088029830000 1491859398.478115797042847 12.996066962962967
2.123195492648000 1962980643.718358039855957 13.001531740740745
3.758113185846000 1558926335.777658700942993 13.006680981481486
3.717216613084000 1962518321.737011432647705 13.012153129629635
2.129914465726000 2138417474.632182359695435 13.016582407407412
3.750396320988000 1558911087.357885599136353 13.021727907407412
3.827564969568000 1962985017.636266469955444 13.027198537037041
3.802049357366000 2185876157.106870651245117 13.032689962962968
3.726086772261000 2067786252.179396867752075 13.037182796296301
2.123195492648000 1630270410.928445339202881 13.053173685185190
2.129914465726000 1481199719.831899166107178 13.059281129629634
2.136633438804000 1780151650.003377676010132 13.068053277777782
2.109757546492000 1855301077.007327795028687 13.078705222222226
2.217261115740000 1854959578.463599681854248 13.089375185185188
2.094822875184000 1471224295.855603218078613 13.095899388888892
3.948578642944000 1490970465.527021884918213 13.100502296296300
2.111263866036000 1961228734.304556846618652 13.105969500000004
3.773546915562000 1554461780.805167436599731 13.111118648148151
3.826374822032000 1951939381.299029827117920 13.116623611111114
3.910018304634000 2191934443.483817577362061 13.121057444444448
2.129154110160000 2237933125.388865947723389 13.125551759259263
3.834089287399000 1571446274.655245542526245 13.130744666666670
3.818660356665000 2001084603.820036649703979 13.136250722222226
3.911233941069000 2193360590.455142498016357 13.140691740740744
3.872661614234000 2238368481.810086250305176 13.145183444444447
3.763489019056000 2248587409.837162971496582 13.149609592592595
2.131435176858000 2158987924.193508625030518 13.154118148148150
2.121679578712000 1558137526.594882965087891 13.159262203703706
2.123954013992000 1487540037.895702362060547 13.163865481481483
2.103038573414000 1491952467.448963165283203 13.168473629629633
2.118743475975000 1493112703.630299091339111 13.173070740740744
2.103789893606000 1493004658.053762912750244 13.177670500000003
3.764659099096000 1492664224.772228479385376 13.182276314814818
3.832897628013999 1962581416.605786561965942 13.187726222222224
3.849518218133000 2182421690.813302516937256 13.192225481481483
2.117232640530000 2193351437.619382858276367 13.196646370370372
2.125469645740000 1565302625.498393297195435 13.201815759259262
3.857232683500000 1492755079.955747842788696 13.206419000000002
3.764659099096000 2001401752.570020198822021 13.211911462962965
3.804414374994000 2145011133.969717025756836 13.216412203703705
2.103789893606000 2111807145.861569404602051 13.230676870370372
2.129914465726000 1468511316.707943677902222 13.236815777777780
3.850715564142000 1474818895.858663082122803 13.247142555555557
4.021736260576000 2087195490.235554695129395 13.257076555555557
2.137396760916000 1735980645.106455087661743 13.267970537037039
2.223980088818000 1563886613.091853141784668 13.273148481481483
2.218053242460000 1492730696.843934059143066 13.277753370370371
2.192731343390000 1487805868.074983119964600 13.282353907407408
3.780088029830000 1362261195.348388910293579 13.286965611111112
2.123954013992000 1958821276.985557079315186 13.292423777777779
3.903519475702000 1558509841.039058208465576 13.297569462962965
3.795516960564000 2040995421.914484500885010 13.303094981481484
3.756944633729000 2158917789.413979530334473 13.307600574074076
2.137396760916000 2109335925.602973937988281 13.312039222222225
2.118743475975000 1558136778.388798713684082 13.317188129629633
2.123195492648000 1492464855.343483924865723 13.321792907407410
2.138921985270000 1492609146.155206441879272 13.326400388888892
2.129914465726000 1492317720.417633295059204 13.330997722222225
2.130675387454000 1492803246.137273550033569 13.335604907407410
2.123954013992000 1491735044.212913513183594 13.340210148148151
3.748064883732000 1492786172.192457437515259 13.344817611111113
3.771201086718000 1963096709.323583364486694 13.350287611111114
3.781263780420000 2136745218.928269386291504 13.354708981481483
2.143352411882000 2138369758.044232845306396 13.359126685185187
2.116476519570000 1557876295.644903182983398 13.364264981481483
3.778913154380000 1493016022.210598230361938 13.368867388888891
2.151606487680000 1962822263.750352144241333 13.374327518518520
3.773546915562000 1559159470.719546794891357 13.379479166666668
3.772373564463000 1962726157.199033737182617 13.384951351851853
2.129914465726000 2055966722.698890209197998 13.389391037037038
3.763489019056000 1489502135.570831060409546 13.404531407407408
2.129154110160000 2079657687.147676944732666 13.410618648148148
3.902306236972000 1692904080.354369878768921 13.421291740740740
2.225567960694000 1992155183.978360414505005 13.431396592592591
3.866149293858000 1812780273.323719501495361 13.441092055555554
2.223980088818000 1962372004.549023866653442 13.446563314814814
2.218053242460000 1558853506.758846998214722 13.451711574074073
3.826374822032000 1485677175.162127494812012 13.456320425925925
2.115720961200000 1913909086.329703092575073 13.461834814814814
2.116476519570000 1563760137.821362257003784 13.467005222222221
2.109757546492000 1492399610.880864381790161 13.471612018518517
2.137396760916000 1489646847.194890737533569 13.476213740740739
2.123954013992000 1492791855.859337329864502 13.480814185185183
2.122437535680000 1492663377.087153673171997 13.485419074074072
3.778913154380000 1492546806.388830900192261 13.490024333333331
3.904733618148000 1962317082.489459514617920 13.495501351851850
3.771201086718000 2226465344.123874187469482 13.499988592592590
2.129914465726000 2158948360.905475139617920 13.504486333333331
2.129914465726000 1558696428.635775566101074 13.509625462962960
2.123195492648000 1486879466.653807163238525 13.514233685185182
2.138921985270000 1492548660.186681509017944 13.518840462962959
3.764659099096000 1492831393.803706169128418 13.523439388888885
3.756944633729000 1962298590.784988880157471 13.528899481481478
3.755776951394000 2138516485.582164525985718 13.533332648148145
3.764659099096000 2138215480.383871793746948 13.537759277777774
3.736123512704000 2138236943.217231273651123 13.542198222222218
3.787802495197000 2138489442.678959369659424 13.546621166666663
3.832897628013999 2138529799.997495412826538 13.551057222222218
2.144882717406000 2183126547.938078403472900 13.555541981481477
3.795516960564000 1564376057.772295713424683 13.560706574074070
2.096319600336000 1999247749.805206775665283 13.566220499999996
3.920167347864000 1974925775.054964065551758 13.581213462962959
2.144882717406000 2117237535.244961977005005 13.587367481481477
2.141822106358000 1485887238.310573816299438 13.595426759259254
2.136633438804000 1486872206.365021228790283 13.604775888888884
2.197889122074000 1483982569.119053125381470 13.614150481481477
2.115720961200000 1706787903.572662353515625 13.622029759259256
2.197104196506000 1492131186.307077407836914 13.626634462962960
2.211331868998000 1492521909.434569358825684 13.631239277777775
2.115720961200000 1492789795.376029729843140 13.635838499999997
3.755776951394000 1485556280.206833839416504 13.640444092592590
2.130675387454000 1928244576.659038782119751 13.645906592592590
3.781263780420000 1557708070.508943080902100 13.651050148148146
2.129914465726000 1961591471.131655216217041 13.656522629629627
3.756944633729000 1558447314.751869440078735 13.661671129629628
3.772373564463000 1962445520.991538286209106 13.667133648148146
3.763489019056000 2137907201.138123035430908 13.671559388888888
2.129914465726000 2138031705.403261899948120 13.675972703703703
3.780088029830000 1558021989.649389266967773 13.681118222222221
3.764659099096000 1963422788.290911912918091 13.686586592592590
2.136633438804000 2138517088.724119901657104 13.691012296296295
2.117232640530000 1557564492.440604686737061 13.696156740740740
2.076904399758000 1492941521.031698226928711 13.700766185185184
2.125469645740000 1492963024.602025985717773 13.705372851851852
2.097816325488000 1492893099.827405214309692 13.709975796296296
2.123954013992000 1492672475.674111604690552 13.714583370370370
3.904733618148000 1492814522.265299558639526 13.719183203703704
2.111263866036000 2039188813.913417577743530 13.724696666666667
2.096319600336000 1571644846.945690870285034 13.729888481481481
3.849518218133000 1492661924.484297752380371 13.734493851851852
2.098564966680000 2040094968.188925504684448 13.739989259259259
2.109757546492000 1569931576.075520992279053 13.745181833333334
2.131435176858000 1931291772.132121086120605 13.761182333333334
2.103789893606000 1483624847.554535388946533 13.767757240740741
2.129914465726000 1487330744.978286981582642 13.777096314814814
3.949806267904000 1487973385.506190299987793 13.786447944444443
3.755776951394000 2140833086.065778732299805 13.796446111111111
2.223186152880000 2148040071.358825206756592 13.800940870370370
3.917730372296000 1558943777.410309791564941 13.806092351851852
2.218844190420000 2040356899.574759721755981 13.811605574074074
3.772373564463000 1518545215.476385593414307 13.816802500000000
3.780088029830000 1962178015.218619823455811 13.822275814814814
2.138158947132000 2138063817.440204858779907 13.826711500000000
3.771201086718000 1559108440.841458559036255 13.831860407407408
2.144118134378000 1962438167.882049560546875 13.837327870370371
2.130675387454000 1558595870.079122781753540 13.842474592592593
2.137396760916000 1492480417.125274181365967 13.847084629629631
2.131435176858000 1491440177.810646057128906 13.851692111111113
2.145648155035000 1491824894.659106016159058 13.856293574074076
2.096319600336000 1492956466.141225576400757 13.860898759259262
2.130675387454000 1492857088.881832599639893 13.865506000000003
3.841803752766000 1492559522.277626037597656 13.870111185185189
2.130675387454000 2001794133.369194269180298 13.875619425925930
3.971714845930000 1564691004.051454544067383 13.880789037037040
3.778913154380000 2081002987.708287477493286 13.886330259259262
2.102287812240000 2169603852.893959999084473 13.890863648148152
3.740352816070000 1558764886.863448858261108 13.895991833333337
3.918948406436000 1962614499.190878152847290 13.901461870370374
2.138158947132000 2227965340.993267536163330 13.905961796296300
2.143352411882000 1571356440.902107715606689 13.911157037037041
2.123195492648000 1398496605.120660066604614 13.915763648148152
2.129914465726000 1909543805.339044809341431 13.932537351851856
2.118743475975000 1481874101.894186735153198 13.939114981481486
3.702943376160000 1487639319.830353975296021 13.948459055555560
2.223980088818000 2140659201.265146017074585 13.958435944444449
2.136633438804000 1872059395.766253471374512 13.968167277777782
4.050094317675000 1490719416.128837585449219 13.972772555555560
2.144882717406000 2001733197.843832492828369 13.978276148148153
2.129914465726000 1565017759.538359642028809 13.983442907407412
2.137396760916000 1443143301.919553518295288 13.988082296296300
2.118743475975000 1492167206.375130176544189 13.992685833333336
2.144118134378000 1492620727.673649311065674 13.997288018518521
2.136633438804000 1492382002.965749263763428 14.001896185185188
2.102287812240000 1492671055.861627578735352 14.006497833333336
3.859631728000000 1488657861.280978441238403 14.011100796296299
2.131435176858000 2000948106.733408927917480 14.016605685185187
3.849518218133000 1564870663.590640068054199 14.021775092592595
2.129914465726000 2001893887.440060615539551 14.027278333333335
2.129154110160000 1550240077.229569196701050 14.033455203703705
3.858432429000000 1492573689.798282146453857 14.038060092592593
3.787802495197000 2002030328.117112398147583 14.043562870370371
2.144118134378000 2147832675.826417922973633 14.048055148148149
3.849518218133000 1558623224.012219429016113 14.053195740740742
2.142587259120000 2001836160.291931152343750 14.058676481481482
3.826374822032000 1565775445.276685237884521 14.063851166666668
3.781263780420000 2001312148.765336751937866 14.069354240740742
3.839414304444000 2148827847.630845546722412 14.073838962962965
2.109757546492000 2183142825.325727939605713 14.078328907407409
3.790158356896000 1565637661.710236787796021 14.083503629629631
3.857232683500000 1896964378.818668127059937 14.088980500000002
2.144882717406000 1642390514.871946573257446 14.105002462962965
3.872661614234000 1477732734.114349126815796 14.111080333333335
3.733801237628000 1909220914.772302627563477 14.122236722222224
2.198672879598000 1897103596.706730604171753 14.132880203703706
3.970167175128000 1811985201.529521703720093 14.142498314814818
3.774719829984000 1962188044.641492128372192 14.147949148148150
3.740352816070000 2136982572.378659486770630 14.152387611111113
3.863745898662000 2074979193.269736289978027 14.156825277777779
2.144118134378000 2182492782.068356990814209 14.161316407407408
2.144882717406000 1565217127.770473718643188 14.166485833333335
2.123195492648000 1492524088.172483921051025 14.171090444444445
2.122437535680000 1492595154.790917634963989 14.175695222222222
2.144118134378000 1491863965.058196067810059 14.180299703703703
3.786625222041999 1492328284.352181434631348 14.184902759259259
3.763489019056000 1962882650.470251083374023 14.190372648148148
2.137396760916000 2138392407.923476696014404 14.194798314814815
2.129914465726000 1558599518.089621067047119 14.199947574074073
2.141822106358000 1491914745.394577980041504 14.204551648148147
2.137396760916000 1492780047.907566547393799 14.209151555555554
2.118743475975000 1492984677.848131895065308 14.213749111111110
2.125469645740000 1492793729.266643047332764 14.218348962962962
2.118743475975000 1491479153.179597616195679 14.222954425925925
3.742679456130000 1492723847.621193885803223 14.227556018518518
2.129154110160000 1962177908.040524482727051 14.233021388888888
2.117232640530000 1558852841.160573959350586 14.238167629629629
3.787802495197000 1492778770.244237899780273 14.242772277777778
2.137396760916000 1962270870.502842187881470 14.248242296296297
3.802049357366000 1559371820.108752489089966 14.253388203703704
3.794337289704000 1932292345.211222171783447 14.258901092592593
3.794337289704000 1648222552.638419389724731 14.274930259259259
3.731478962552000 2126492183.582388877868652 14.280839000000000
3.834089287399000 2093121630.715088605880737 14.289700370370371
2.217261115740000 1897371368.864663600921631 14.300334351851852
2.117232640530000 1478320245.719078063964844 14.310336740740741
2.216469578400000 1492056233.362018346786499 14.314941888888889
3.772373564463000 1492602926.507497310638428 14.319546037037037
2.223980088818000 1956346377.262941122055054 14.325016629629630
3.780088029830000 1517258101.764420032501221 14.330164685185185
3.832897628013999 1956028571.138479709625244 14.335636407407407
3.873866158715999 2181696247.131071567535400 14.340114462962962
2.131435176858000 2191357241.379310131072998 14.344558444444443
2.144882717406000 1565044978.757245063781738 14.349727962962962
2.143352411882000 1492234988.794154405593872 14.354330388888888
2.145648155035000 1484225061.177486658096313 14.358961722222222
3.848321763338000 1492340779.492545127868652 14.363563481481481
3.857232683500000 2001056888.658314466476440 14.369060574074075
2.144118134378000 2193337913.944581985473633 14.373499574074074
3.867350991456000 1565573815.616868495941162 14.378666351851852
2.130675387454000 2001529082.608344554901123 14.384166648148147
2.144882717406000 1565205609.417290687561035 14.389339166666666
2.138158947132000 1489100956.608803749084473 14.393944555555555
3.778913154380000 1492590362.755638122558594 14.398543611111110
2.130675387454000 1962093172.324957847595215 14.403992296296295
2.116476519570000 1558761566.066871404647827 14.409137055555554
3.773546915562000 1492750017.110258579254150 14.413736851851851
2.124711406584000 1962531581.109387159347534 14.419191648148148
2.123195492648000 1558129902.066525697708130 14.424342537037036
3.809761425027999 1493020896.890185832977295 14.428949814814814
2.136633438804000 1932117575.386313676834106 14.434451722222221
3.764659099096000 1489802974.976490974426270 14.449615240740739
2.118743475975000 1950034146.875341892242432 14.456721796296295
3.772373564463000 1488518353.447937726974487 14.466635666666665
2.183666250350000 2138697107.061545610427856 14.476615907407405
2.230699061896000 1841178711.927299022674561 14.486317740740738
2.223186152880000 1492056135.806987285614014 14.490922314814812
2.137396760916000 1492657170.204380512237549 14.495527018518516
2.229902727360000 1486169829.359213352203369 14.500137092592590
3.907160999324000 1492529384.075026273727417 14.504739925925923
2.136633438804000 1999389527.785834312438965 14.510230999999997
3.832897628013999 1569603389.431564092636108 14.515423611111109
2.102287812240000 2001333573.220519065856934 14.520930314814812
3.781263780420000 1564923829.910824775695801 14.526094925925923
3.849518218133000 1962696194.292455911636353 14.531557481481478
3.776562090770000 2181532644.317684650421143 14.536044111111108
2.142587259120000 2148978783.709184646606445 14.540539259259257
3.805596883808001 1558504017.972867965698242 14.545682814814812
2.143352411882000 1962627232.528589725494385 14.551148092592591
2.138158947132000 1558170231.879579305648804 14.556301629629628
3.780088029830000 1493120794.134925603866577 14.560903888888888
2.116476519570000 1959553674.305249929428101 14.566374814814813
3.936824362560000 1558880330.450162649154663 14.571526037037035
3.780088029830000 2040610985.501606941223145 14.577046444444443
2.123954013992000 2159055957.219076156616211 14.581562129629628
3.936824362560000 1558908368.655502796173096 14.586708759259258
