1.867207705440000 1487203115.133656024932861 0.001055777777778
3.308477026998000 1490315540.700497150421143 0.005671018518519
3.409793692214000 1962459335.783359050750732 0.011138333333333
3.355792434645000 2227623737.249297618865967 0.015647888888889
1.887357428880000 2155216109.761701583862305 0.020161370370370
1.880640854400000 1557801623.362618207931519 0.025313000000000
3.455006312576000 1910164797.030636548995972 0.042106722222222
3.332649038544000 2173491174.955490589141846 0.048254000000000
3.401021838942000 2134086339.370069742202759 0.058015222222222
3.612615297408000 2156852193.372138500213623 0.066936037037037
3.325968753798000 2182986614.595203876495361 0.075954981481481
3.663232139450000 2137771918.160492897033691 0.080383703703704
3.401021838942000 2175907285.641848087310791 0.084875796296296
3.448366019049000 2236420934.218984127044678 0.089369944444444
3.498011422650000 2180889089.878461837768555 0.093812981481481
3.371221365379000 2292212903.943535327911377 0.098307444444444
1.887357428880000 2213884156.434518337249756 0.102804888888889
3.324934573177000 1564418450.515002250671387 0.107973870370370
1.895427316284000 1962623485.981023311614990 0.113436703703704
3.417508157581000 1558671378.625690698623657 0.118585148148148
3.354749432970000 2038665336.889869689941406 0.124090574074074
3.387703672662000 2203588105.471978664398193 0.128571314814815
3.348077969278000 2193594808.126410961151123 0.133001314814815
1.875263195898000 2193690803.347280502319336 0.137427240740741
1.869208136172000 1565203601.510310888290405 0.142591740740741
1.879969246960000 1488712838.068878889083862 0.147195092592593
1.854436569528000 1492807940.310987472534180 0.151801685185185
3.354749432970000 1492096910.553395032882690 0.156401574074074
3.263218850241000 2002046706.486077308654785 0.161904814814815
3.317220107810000 2148782758.250913619995117 0.166394777777778
3.434004861810000 2138320471.480602979660034 0.170828407407407
3.425222622948000 2227894339.220237731933594 0.175343555555556
1.880640854400000 2248567916.523718357086182 0.179769740740741
1.888031434918000 1571032532.127303600311279 0.184961759259259
3.306418646817000 1493086021.159597396850586 0.189568722222222
3.309505642443000 1963209686.262564897537231 0.195040388888889
3.379986807804000 2176655492.930529117584229 0.209414925925926
3.362461500632000 2118743604.542915821075439 0.215382703703704
3.392253602320000 1930343221.811408758163452 0.226041074074074
2.047823644010000 2155481665.197018623352051 0.235008537037037
3.663232139450000 1839327930.370922565460205 0.244651166666667
3.615833953382000 1998950272.251909732818604 0.250136962962963
3.355792434645000 2148177928.263134479522705 0.254616296296296
3.330576264096000 2111813977.797754764556885 0.259045277777778
3.393309771280000 2137396610.850804567337036 0.263467888888889
1.895427316284000 2182012032.118591785430908 0.267965111111111
3.379986807804000 1565254392.819505453109741 0.273131370370370
3.401021838942000 2002301770.463083267211914 0.278627944444444
3.430801938710000 2192955716.127736091613770 0.283051425925926
1.901469381074000 2238246638.551228046417236 0.287530314814815
3.377885635956000 1563107122.234974622726440 0.292725833333333
3.332649038544000 2001792273.718794822692871 0.298227018518518
1.886683422842000 2148818302.064833641052246 0.302721148148148
1.890053703965000 1558567031.794220924377441 0.307857185185185
1.888031434918000 1492119707.852960824966431 0.312459129629629
1.874593488762000 1492986197.072008609771729 0.317060944444444
1.881312461840000 1492822220.791864156723022 0.321664240740741
1.881984569360000 1494099519.488159179687500 0.327267833333333
1.867874515684000 1492693055.214921236038208 0.331873740740741
1.881312461840000 1491978736.675211191177368 0.336475648148148
1.875931906446000 1493114237.791265964508057 0.341079592592592
1.880640854400000 1492781746.239398479461670 0.345680166666666
1.888031434918000 1492772170.946223258972168 0.350282870370370
3.317220107810000 1492906208.144796371459961 0.354887037037037
3.323901162322000 1961524901.279552698135376 0.360350462962963
3.449438591526000 2175677865.834102630615234 0.374728185185185
1.881312461840000 2208397391.616700172424316 0.380760018518518
3.308477026998000 1822432005.874753952026367 0.390393203703704
3.625798722490000 1955501606.040608644485474 0.400551611111111
3.611492753544000 1808586800.703176975250244 0.413498148148148
3.331613229984000 2148098130.320038795471191 0.417981981481481
3.587226395655000 2138290123.946413993835449 0.422417888888889
3.455006312576000 2077910775.428835868835449 0.426858203703704
3.455006312576000 2219844120.283193588256836 0.431362388888889
3.324934573177000 2248387726.743531227111816 0.435800222222222
3.333685618656000 2157825110.542716503143311 0.440310796296296
1.895427316284000 2138640118.487774610519409 0.444736944444444
1.888031434918000 1558764169.559393405914307 0.449879685185185
3.378935830746000 1492670732.443693161010742 0.454479962962963
3.395420537520000 2000891018.948247671127319 0.459978370370370
1.887357428880000 2193403545.203217506408691 0.464419425925926
3.370173568294000 1565288546.729172945022583 0.469586314814815
3.298711377244000 1996602485.977658271789551 0.475086796296296
1.867874515684000 2148326060.555991649627686 0.479569944444444
3.323901162322000 1558167809.870660781860352 0.484715759259259
3.309505642443000 1955576485.854476213455200 0.490195833333333
3.309505642443000 2137556279.566483497619629 0.494634981481481
1.881984569360000 2136068905.327554225921631 0.499048444444444
3.355792434645000 1557776078.968225479125977 0.504188814814815
3.339325297646000 2001784798.711102485656738 0.509671537037037
3.423092271432000 2193388817.740771770477295 0.514110777777778
3.316189094660000 2238125946.037252426147461 0.518605648148148
3.599294890591000 2159307011.287903308868408 0.523123759259259
3.327002549536000 2098197490.654724597930908 0.527626925925926
1.880640854400000 1630460509.579894065856934 0.543656833333333
3.347037365308000 1480617654.630198955535889 0.549771481481481
3.364553078088000 2120005656.085131883621216 0.557806092592592
1.863149024905000 2145565460.904290437698364 0.566654037037037
2.029129869556000 1488360782.543995141983032 0.576584611111111
3.293052891674000 1706985953.412150382995605 0.584494796296296
2.029854785524000 1962221162.528789281845093 0.589970407407407
3.393309771280000 1559114627.379148721694946 0.595116388888889
3.370173568294000 1995739557.673501253128052 0.600626814814814
3.324934573177000 2130747145.242070198059082 0.605063851851851
3.334721812992000 2147409660.903761863708496 0.609556185185185
1.880640854400000 2138255485.971943855285645 0.613991740740740
1.875931906446000 1558500210.617270469665527 0.619135351851851
1.881312461840000 1490918086.635187864303589 0.623735740740740
1.875263195898000 1491744920.584459781646729 0.628337648148148
3.314125916390000 1492556114.873429059982300 0.632939814814814
3.447294244914000 1962655601.040539741516113 0.638399944444444
3.434004861810000 2227701327.342936515808105 0.642917462962962
1.881984569360000 2248453721.007842540740967 0.647356722222222
3.323901162322000 1570948691.636736631393433 0.652554055555555
3.299737594984000 1963064614.695157766342163 0.658008611111111
3.435072237920000 2138501140.322297573089600 0.662442055555555
3.401021838942000 2228063152.886748790740967 0.666957259259259
1.879969246960000 2248234061.835692405700684 0.671391351851852
1.888031434918000 1570617891.168599367141724 0.676581166666666
1.855099075512000 1492990187.512331008911133 0.681180370370370
3.301791177076000 1492796016.417189598083496 0.685782592592592
1.868541822436000 1963148901.182561159133911 0.691255648148148
3.431870109590000 1557811076.679158210754395 0.696394907407407
3.381037393728000 2041860194.044606685638428 0.701920555555555
1.855099075512000 2119124093.960560083389282 0.706419685185185
3.325968753798000 1491736336.933192968368530 0.721588314814814
1.853774556480000 2077988907.943226099014282 0.727678759259259
3.322866596818000 1846528600.678226232528687 0.738098092592592
3.631253287938000 2138669308.109587192535400 0.748114129629629
3.726086772261000 2142157224.856501102447510 0.757092777777777
3.424158041928000 2237609724.096102237701416 0.761581055555555
3.606016179218000 2237410221.264930248260498 0.766026037037037
3.331613229984000 2093677631.687208890914917 0.770527444444444
1.881984569360000 2137083809.364268302917480 0.774949296296296
1.881312461840000 1557787851.589112520217896 0.780086685185185
3.386650296113000 1492947371.383994340896606 0.784691981481481
1.888705942822000 2001525077.512310743331909 0.790174981481481
3.308477026998000 1565462535.392996549606323 0.795341833333333
1.875263195898000 1962213991.212332487106323 0.800812462962963
3.316189094660000 1558749887.479431152343750 0.805955555555555
3.310535024082000 1962950975.202573299407959 0.811413111111111
3.373318130272001 2138433260.247376203536987 0.815838814814815
1.886683422842000 2182580034.359589099884033 0.820333759259259
3.355792434645000 1565536273.940800905227661 0.825502759259259
3.324934573177000 2002583983.033730745315552 0.831003870370370
3.322866596818000 2193427140.388389587402344 0.835429555555555
3.332649038544000 2144358560.593835830688477 0.839905166666666
3.502367276618000 2138537764.198929071426392 0.844335925925926
1.888705942822000 2272554925.941859722137451 0.848855648148148
1.875931906446000 1577624742.897944211959839 0.854068666666666
1.881984569360000 1492766477.046269893646240 0.858668500000000
1.881984569360000 1492769647.237966299057007 0.863265555555555
3.316189094660000 1493034921.939194679260254 0.867863111111111
3.342441076448000 1949079311.044937849044800 0.873335703703703
3.354749432970000 2176587094.604259490966797 0.887706092592592
3.384543935042000 2172725166.210706233978271 0.893669629629629
1.901469381074000 2154953973.650834560394287 0.902634703703703
3.594940861022000 1646605606.526468753814697 0.912397796296296
1.887357428880000 2094163225.128078699111938 0.922330907407407
2.041109468128000 1558427965.338654041290283 0.927472722222222
1.888705942822000 1487275841.254255533218384 0.932074537037037
2.035122067440000 1492855724.440289497375488 0.936670166666666
3.333685618656000 1449357531.964884996414185 0.941273018518518
3.376834267764000 1962260169.480053663253784 0.946745092592592
1.915591436670000 2182863738.942790508270264 0.951241907407407
3.377885635956000 1524954216.867469787597656 0.956429407407407
1.886683422842000 2001083870.533384799957275 0.961930611111111
3.385597703618000 1565169367.761084794998169 0.967096555555555
3.446221273266000 1995792990.739059448242188 0.972603555555555
1.909550757816000 2237486209.964412689208984 0.977099555555555
3.347037365308000 1571475045.247334241867065 0.982287092592592
1.888031434918000 1962670985.290676355361938 0.987747222222222
3.370173568294000 1550857359.777774572372437 0.992893814814814
3.314125916390000 1991892176.049019575119019 0.998382185185185
3.352662264255000 2148486959.979125976562500 1.002853462962962
3.371221365379000 2182581039.730094909667969 1.007337888888888
3.317220107810000 2193440286.365115642547607 1.011776666666666
3.362461500632000 2133407303.731371164321899 1.016248759259259
3.300764959336000 2181334804.064816474914551 1.020748074074074
3.316189094660000 2148263700.058214664459229 1.025233388888888
3.430801938710000 2138424540.635820865631104 1.029666851851851
3.387703672662000 2227839866.740699768066406 1.034169351851851
3.384543935042000 2203876654.595790386199951 1.038664407407407
3.284318260428000 2190223575.340869426727295 1.043113814814814
3.379986807804000 2176374566.285541534423828 1.057428148148148
3.371221365379000 2114596125.094024896621704 1.063410611111111
1.888705942822000 1931831985.992753267288208 1.074071759259259
3.540939603453000 1647034554.046072006225586 1.083853537037037
1.879969246960000 1727354369.674007415771484 1.094152000000000
3.656656583958000 1557913431.288559913635254 1.099296703703704
3.300764959336000 1993951194.083560705184937 1.104803018518518
3.371221365379000 2114693750.463340520858765 1.109299351851852
1.882655676720000 2182818678.081599235534668 1.113794222222222
1.867874515684000 1562852986.547085285186768 1.118956259259259
1.881312461840000 1492643749.397125482559204 1.123563814814815
1.896103217268000 1491854295.040267944335938 1.128164944444445
1.873924279920000 1484582583.424069643020630 1.132791018518519
3.300764959336000 1492633838.729137420654297 1.137395648148148
3.262204621026000 1962700925.455100059509277 1.142858425925926
1.874593488762000 2138328640.028084754943848 1.147289481481482
3.410854267236000 1557882586.534968376159668 1.152437796296296
3.370173568294000 2041633957.703927516937256 1.157954462962963
3.302818159224000 2203462225.611641407012939 1.162446777777778
3.355792434645000 2148596627.627701759338379 1.166934222222222
3.395420537520000 2183354800.984986305236816 1.171431370370370
3.425222622948000 2237863442.813574790954590 1.175906500000000
3.393309771280000 2248746922.642574787139893 1.180334000000000
3.277628756350000 2248786128.473529815673828 1.184760333333334
3.285340824012000 2159342899.299151420593262 1.189278666666667
3.362461500632000 2138381203.010664701461792 1.193704907407408
1.874593488762000 2183151661.482046127319336 1.198199444444445
3.300764959336000 1565159050.343003273010254 1.203366222222223
1.881312461840000 1959594932.339833736419678 1.208838833333334
3.323901162322000 1937726501.328894376754761 1.223812296296297
3.377885635956000 2023306596.783597230911255 1.229910666666667
3.332649038544000 1801169312.974236011505127 1.238796796296297
1.881312461840000 2148244640.296503543853760 1.247720555555556
2.041838641920000 1632720173.494525909423828 1.257455092592593
1.874593488762000 1471554596.885046720504761 1.263975611111111
2.035848842634000 1492511678.007725000381470 1.268583037037037
1.901469381074000 1492304403.415944337844849 1.273188888888889
3.648942118591000 1486282484.511056661605835 1.277788944444445
3.331613229984000 2001046936.325748682022095 1.283281018518519
3.308477026998000 2147199882.672263383865356 1.287763555555556
3.308477026998000 2073158514.534361600875854 1.292198129629630
1.881984569360000 2137924270.369968652725220 1.296635944444445
1.888031434918000 1558261210.362171173095703 1.301772148148148
1.860491130960000 1492342818.324697732925415 1.306379166666667
1.881312461840000 1492891545.515634536743164 1.310981370370371
1.881984569360000 1492496453.443643808364868 1.315578944444445
1.881312461840000 1482947086.047101736068726 1.320176555555556
3.453930940544000 1492834139.471248626708984 1.324778592592593
1.868541822436000 2112677171.323982715606689 1.331324777777778
1.880640854400000 1577179760.158805131912231 1.336539648148148
3.401021838942000 1492816747.353044033050537 1.341141370370370
1.861820448974000 2042109736.269556999206543 1.346665388888889
3.383491342547000 1571449253.012048244476318 1.351852888888889
3.309505642443000 2041514503.345894575119019 1.357376518518518
3.309505642443000 2158766261.263479232788086 1.361889629629630
1.874593488762000 2136672739.803270339965820 1.366323240740741
3.295101294366000 1558852077.737854242324829 1.371466833333334
3.432937088315000 1962104673.544418334960938 1.376921888888889
3.399963269598000 2227789979.831767559051514 1.381439444444445
3.363506900012000 2248398392.262764453887939 1.385862500000000
3.331613229984000 2088719599.067791461944580 1.390352037037037
1.887357428880000 2172961462.574361801147461 1.405284611111111
3.316189094660000 1589878758.500113010406494 1.412084629629630
1.881312461840000 2170039788.982110977172852 1.422085537037037
2.016412038600000 1821385807.175755739212036 1.431654796296296
3.733801237628000 1478775443.215831279754639 1.441065185185185
3.332649038544000 2041156918.501250982284546 1.446594240740741
1.930410722555000 2158844641.480339050292969 1.451109722222222
3.339325297646000 1512269188.547159194946289 1.456254814814815
1.888031434918000 1962617483.783069372177124 1.461718925925926
3.362461500632000 1558620772.799084663391113 1.466864722222222
3.316189094660000 2000695958.792357206344604 1.472358129629630
3.434004861810000 2140619100.623330354690552 1.476850129629629
3.363506900012000 2227799721.915746212005615 1.481365148148148
3.386650296113000 2203800378.183975219726562 1.485860314814815
3.309505642443000 2181429682.631950855255127 1.490288518518518
1.896103217268000 2147556476.161760807037354 1.494772055555555
3.317220107810000 1550765388.676470994949341 1.499910814814815
1.881312461840000 1963033603.292303800582886 1.505382611111111
3.285340824012000 1558640285.595013618469238 1.510528462962963
3.362461500632000 1961874309.612636327743530 1.515983666666667
3.362461500632000 2183353833.609251022338867 1.520480444444444
1.881984569360000 2193833535.768397331237793 1.524917166666667
1.888705942822000 1565537689.773703813552856 1.530089018518518
3.268898925872000 1492682517.009813785552979 1.534691481481481
3.292027927706000 1962333219.457250595092773 1.540166351851852
3.270933315608000 2138785633.498378992080688 1.544587129629630
1.875263195898000 2138645433.028465032577515 1.549023370370370
3.357879603360000 1558670488.943984746932983 1.554162185185185
1.868541822436000 1910488333.808318376541138 1.559685425925926
3.301791177076000 2011080387.842112541198730 1.574766018518519
3.464872321242000 2021017614.200709104537964 1.580862740740741
3.426287996952000 1848848456.462630033493042 1.589798444444444
1.861155542606000 2210454699.599411010742188 1.598775962962963
2.029854785524000 1659338846.880907535552979 1.608572259259259
2.029129869556000 1475997531.922955989837646 1.616000444444444
3.323901162322000 1492604992.208482503890991 1.620599462962963
3.704095131840000 2001541892.110151052474976 1.626103018518519
1.881984569360000 2232334069.622518062591553 1.630605074074074
3.417508157581000 1572590775.325611114501953 1.635821759259259
3.293052891674000 2040742472.497111797332764 1.641351481481481
3.301791177076000 2158743294.641868114471436 1.645864870370370
1.867874515684000 2137864337.712325334548950 1.650291166666666
1.863149024905000 1558476602.520227432250977 1.655431796296296
1.880640854400000 1487175836.516516923904419 1.660032555555555
1.890053703965000 1492778089.989266872406006 1.664639277777777
3.291004107671000 1492792452.678244352340698 1.669238407407407
3.293052891674000 1962884712.000651597976685 1.674693666666666
3.296125495712000 2138091277.780330181121826 1.679127425925925
3.303844759168000 2138538487.622922897338867 1.683550925925925
3.310535024082000 2137583170.491872072219849 1.687976574074074
3.292027927706000 2138723612.280547380447388 1.692397296296296
1.875263195898000 2138448884.139058351516724 1.696815907407407
1.873924279920000 1558977843.129500627517700 1.701966888888888
1.868541822436000 1492770194.431369781494141 1.706570055555555
1.881312461840000 1492786860.732933759689331 1.711177111111110
1.859826719314000 1492878342.795023679733276 1.715776555555555
3.355792434645000 1491994600.249466896057129 1.720378962962962
3.447294244914000 2001834617.612587690353394 1.725877555555555
1.868541822436000 2151246004.812735080718994 1.730379499999999
1.881984569360000 1496651277.794746160507202 1.746264796296295
3.332649038544000 1480226387.047188043594360 1.752842518518518
1.881312461840000 1743883959.452698230743408 1.763058296296296
3.409793692214000 1909153325.579939365386963 1.772819055555555
3.655520071788000 1762501742.730616092681885 1.783227370370370
3.648942118591000 2202930448.732488632202148 1.787717796296296
3.362461500632000 2192490716.878365039825439 1.792151370370370
1.860491130960000 2182949515.357450008392334 1.796587629629629
3.323901162322000 1520344031.773293256759644 1.801763185185184
3.316189094660000 1962784980.944760084152222 1.807224888888888
1.894750407996000 2138267833.822197914123535 1.811663240740740
3.293052891674000 1557925903.800893783569336 1.816809203703703
3.370173568294000 1962597768.850768089294434 1.822267277777777
3.340363503911000 2183259162.001975536346436 1.826766537037036
1.888705942822000 2148736661.709393978118896 1.831261740740740
3.299737594984000 1557632463.955937147140503 1.836405907407406
3.354749432970000 1962790120.951375961303711 1.841881018518517
3.463794949783000 2183223206.008742809295654 1.846375703703703
3.301791177076000 2282826278.485996723175049 1.850890592592592
3.332649038544000 2169453958.102466106414795 1.855419277777777
3.309505642443000 2138603551.929714441299438 1.859845666666666
1.881984569360000 2131744238.590149164199829 1.864271666666666
3.339325297646000 1549389663.541446924209595 1.869452537037036
1.886683422842000 2002031401.705663681030273 1.874957074074073
1.861155542606000 1564377891.782015323638916 1.880122574074073
3.364553078088000 1492965979.169935226440430 1.884725962962962
3.286362246342000 2002040301.384265184402466 1.890221592592591
1.875263195898000 2132535442.373868465423584 1.894704351851851
3.348077969278000 1474635400.060321331024170 1.899861907407406
3.296125495712000 1661427716.459655284881592 1.915871648148147
1.874593488762000 2057197182.312562465667725 1.921844499999999
1.881312461840000 1488325424.185345411300659 1.931744740740740
2.037302393022000 1671563181.234483480453491 1.942560481481480
3.286362246342000 1621709200.914926767349243 1.953854648148147
3.641227653224000 1958141751.582653522491455 1.959324833333332
3.485854583224000 2182615464.671118736267090 1.963808888888888
3.332649038544000 2119434209.492946147918701 1.968289018518518
3.432937088315000 2129946543.202152252197266 1.972728740740740
3.325968753798000 2227102691.924227237701416 1.977242240740740
1.888031434918000 2159125710.057955265045166 1.981747611111110
3.430801938710000 1556300137.221639871597290 1.986889333333333
1.868541822436000 2035037040.262027978897095 1.992418851851851
1.895427316284000 1570915042.001226663589478 1.997612703703703
3.354749432970000 1492513766.118811607360840 2.002215388888888
3.426287996952000 2002321970.729933738708496 2.007715888888888
3.431870109590000 2237341362.714881420135498 2.012210185185185
3.361414933208000 2248595143.295417308807373 2.016628666666666
3.308477026998000 2203824670.672569274902344 2.021100462962962
1.900790577840000 2149122004.546753406524658 2.025572518518518
3.370173568294000 1558543898.064581155776978 2.030714481481481
3.317220107810000 2000867358.194606065750122 2.036204203703703
1.895427316284000 2149473919.586851119995117 2.040966185185185
3.309505642443000 1559259133.701848268508911 2.046111962962962
1.888031434918000 1963147247.925405979156494 2.051581574074074
3.381037393728000 1558208216.868858575820923 2.056722759259259
1.854436569528000 2002121028.713771104812622 2.062224055555555
3.300764959336000 1480059033.017012596130371 2.067403203703703
3.508990786210000 2086066784.425477266311646 2.083506425925925
3.370173568294000 2278655456.759150028228760 2.089529537037036
1.889379446994000 2170640659.333895206451416 2.098555481481481
1.875263195898000 1821512651.250310182571411 2.108180499999999
2.035848842634000 1478327292.964133262634277 2.117597592592592
2.016412038600000 1491873015.490035295486450 2.122202703703703
2.029854785524000 1492691534.977352619171143 2.126802240740740
3.295101294366000 1491567614.541592121124268 2.131405129629629
2.056005761868000 1957509258.944880723953247 2.136859314814814
1.881312461840000 1526393159.809562921524048 2.142005370370370
3.280686968800000 1492106646.817413806915283 2.146607962962962
3.349119348372000 1961698840.130273580551147 2.152077925925925
3.338285931374000 2183113123.401731967926025 2.156574981481481
3.479223880517000 2193313093.169782161712646 2.160998407407406
3.294076711709000 2282888290.005587100982666 2.165506111111110
3.355792434645000 2169068815.096189022064209 2.170039999999999
3.349119348372000 2182969867.009442806243896 2.174534888888888
3.371221365379000 2193045472.961401939392090 2.178968537037036
1.880640854400000 2193326239.242110729217529 2.183409722222221
1.853774556480000 1560138646.788990736007690 2.188577129629629
3.432937088315000 1492798042.769119262695312 2.193175462962962
3.356836213230000 2029631027.015085697174072 2.198708037037036
3.269916688688000 2203224680.215650558471680 2.203197462962962
3.339325297646000 2148907186.596289634704590 2.207667203703703
1.854436569528000 2182494257.288349628448486 2.212151148148148
1.881984569360000 1565691606.453599452972412 2.217323111111110
3.354749432970000 1492859310.910582542419434 2.221928222222222
3.264233834934000 2002501695.964680671691895 2.227431481481481
3.285340824012000 2146753538.666148900985718 2.231915018518518
3.298711377244000 2138278300.587012290954590 2.236350537037036
3.332649038544000 2127287376.364629983901978 2.240789740740740
3.307447262262000 2097042702.515692234039307 2.245285962962962
3.363506900012000 1651742630.961123704910278 2.261298277777777
1.875263195898000 2183711689.351233005523682 2.267267148148147
3.285340824012000 1661583233.898075342178345 2.277106666666666
3.640095936464000 2106753519.887034177780151 2.286994925925925
1.867874515684000 2142041583.043359041213989 2.295972944444444
2.035122067440000 1565042410.618404626846313 2.301146351851851
2.029129869556000 1492630510.356815099716187 2.305748796296296
2.022410896478000 1492581665.003701448440552 2.310351611111111
1.880640854400000 1476512229.300389051437378 2.314950462962963
1.860491130960000 1486370988.059257030487061 2.319551888888888
3.417508157581000 1491663819.613273143768311 2.324152703703703
3.338285931374000 2041570254.253488779067993 2.329674314814814
3.300764959336000 2203195338.344343662261963 2.335165925925925
1.894074003360000 2148726418.208526611328125 2.339653851851851
1.881984569360000 1549223329.267371177673340 2.344800462962962
1.887357428880000 1492664610.130721569061279 2.349398870370369
3.371221365379000 1492301950.976292371749878 2.354004351851851
3.317220107810000 2000061568.956624746322632 2.359497740740740
3.395420537520000 2148024669.523427963256836 2.363979203703703
1.874593488762000 2183279575.347381114959717 2.368469148148147
1.888031434918000 1565454631.468035221099854 2.373636296296295
3.318251888940000 1492797670.212637424468994 2.378233759259258
1.881984569360000 1962884322.787060260772705 2.383703481481481
3.317220107810000 1558347532.768619775772095 2.388847574074073
3.430801938710000 1962247251.739942073822021 2.394302203703703
3.362461500632000 2227511314.522357940673828 2.398809685185185
1.888031434918000 2203861204.489302635192871 2.403299370370370
3.322866596818000 1564720052.242179632186890 2.408460518518518
3.303844759168000 1961936180.794018745422363 2.413934314814814
1.908870063208000 2027017074.101101160049438 2.418400685185184
1.894074003360000 1971564042.220859527587891 2.433469592592592
3.300764959336000 1481533232.053619861602783 2.440039833333332
3.440651553682000 2115951658.301713705062866 2.450020481481480
2.023133412062000 2132670897.823175668716431 2.458940203703702
3.578399395168000 1480127516.182726144790649 2.468953166666665
2.030578622748000 1957441705.911722421646118 2.474442574074073
3.709504545422000 1557397572.925629138946533 2.479586703703702
3.331613229984000 2005901962.492210865020752 2.485114444444443
3.339325297646000 2143319250.076836347579956 2.489633425925924
3.393309771280000 2119745921.865149259567261 2.494068777777776
3.377885635956000 2180014283.768107891082764 2.498554574074073
3.317220107810000 2192950564.571276187896729 2.502995833333332
1.894750407996000 2148639547.751973628997803 2.507480425925924
3.419633711008000 1557820112.137701272964478 2.512629518518517
3.441721726668000 2041663809.903965711593628 2.518150314814813
3.301791177076000 2248098796.870694637298584 2.522586277777776
1.886683422842000 2159026528.277281761169434 2.527102074074073
3.302818159224000 1557877980.839133501052856 2.532247592592591
3.385597703618000 1962645644.606396436691284 2.537705703703702
3.318251888940000 2183116127.490565299987793 2.542200444444443
3.278647780975000 2148815776.434446334838867 2.546685333333332
3.317220107810000 2138429924.274084329605103 2.551116518518517
3.349119348372000 2138435209.844797611236572 2.555552777777776
3.431870109590000 2182339510.852547168731689 2.560047370370369
1.879969246960000 2238488698.421078681945801 2.564537074074072
1.881312461840000 1571486775.416025161743164 2.569721722222221
1.888705942822000 1492672572.780379533767700 2.574324611111110
1.888031434918000 1492729829.077015876770020 2.578929240740739
3.349119348372000 1492134156.047755002975464 2.583536092592591
3.339325297646000 1853232757.776103496551514 2.589017629629629
3.462718380238000 2134896189.265731573104858 2.603252759259258
3.331613229984000 2189765283.761699676513672 2.609235870370369
3.309505642443000 2166865303.208884716033936 2.618160166666665
2.043297532448000 2131716913.363047838211060 2.627275685185184
3.386650296113000 1791154109.589040994644165 2.636857611111110
3.672085514692000 2000669100.738290309906006 2.642365833333332
1.895427316284000 2184246118.482917308807373 2.646796851851851
3.355792434645000 1563304400.780928134918213 2.651966388888888
3.334721812992000 1958210882.166822910308838 2.657438814814813
3.386650296113000 2137776908.333994626998901 2.661873796296295
3.386650296113000 2183072018.597186565399170 2.666350777777776
3.322866596818000 2193497787.112744808197021 2.670794444444443
1.914907327230000 2148814446.475659370422363 2.675282018518517
3.395420537520000 1558183532.984767913818359 2.680428333333332
1.894750407996000 2002245661.851548910140991 2.685931833333332
3.401021838942000 1565118890.598272085189819 2.691095777777777
3.448366019049000 2000799281.272712469100952 2.696599333333332
3.324934573177000 2225431842.502117156982422 2.701081462962962
1.886683422842000 2159022746.765264511108398 2.705594111111110
3.317220107810000 1558689801.740533590316772 2.710735148148147
1.900790577840000 1962113904.336643695831299 2.716192944444443
3.363506900012000 1558746544.476024627685547 2.721333666666665
1.888705942822000 1943959529.259251832962036 2.726819111111110
3.300764959336000 1516810157.739766836166382 2.731995240740740
3.308477026998000 1944113058.978322505950928 2.737470259259258
1.874593488762000 2137863474.393103837966919 2.741908444444443
3.431870109590000 1558578482.446206092834473 2.747059277777777
3.301791177076000 2039474703.700717449188232 2.752571722222221
3.294076711709000 2155010206.846716880798340 2.757082129629629
1.881984569360000 2134936104.753978967666626 2.771323611111110
3.356836213230000 1591043314.028752565383911 2.778118518518518
1.881984569360000 1760400410.491793870925903 2.788350148148147
3.593823530492000 1822930960.610677480697632 2.797988499999999
3.624671801140000 1909115490.266769409179688 2.808107518518518
3.314125916390000 2137858368.525597095489502 2.812545222222222
1.888705942822000 2138666454.652729511260986 2.816970740740740
1.883999391680000 1514351395.058001518249512 2.822123851851851
1.888705942822000 1486214495.273280382156372 2.826725351851851
1.880640854400000 1492408012.885041236877441 2.831324425925926
3.292027927706000 1491943441.869466304779053 2.835917537037037
3.323901162322000 1962589920.787781715393066 2.841378722222222
3.277628756350000 2138422665.599879503250122 2.845799518518518
3.418571132094000 2138107783.929222583770752 2.850218166666667
3.417508157581000 2220386060.304442405700684 2.854720629629630
1.873924279920000 2248307402.781386852264404 2.859138888888889
3.341402483514000 1570915587.357187032699585 2.864330537037037
3.294076711709000 2001864741.718107700347900 2.869829481481482
3.299737594984000 2148629528.712936401367188 2.874321907407408
3.363506900012000 2138510698.906092882156372 2.878755555555556
3.309505642443000 2183184673.481023788452148 2.883237740740741
3.278647780975000 2148589942.308168411254883 2.887725185185186
1.874593488762000 2137710037.174721240997314 2.892163685185186
1.876601364435000 1559075895.558949708938599 2.897304277777778
1.896103217268000 1492681310.723553180694580 2.901907333333334
3.299737594984000 1489732605.993314027786255 2.906510611111111
3.418571132094000 1962171698.496546268463135 2.911979500000000
3.401021838942000 2211748412.867665290832520 2.916494981481482
1.888705942822000 2248653652.777835845947266 2.920918555555556
3.333685618656000 1569873894.223061561584473 2.926116425925926
3.300764959336000 1934658053.929365396499634 2.931623629629630
1.867874515684000 1625630712.506872653961182 2.947655703703704
1.861820448974000 1506264682.870853185653687 2.954756444444445
1.867874515684000 1511479126.206999540328979 2.965665037037037
3.592704951548000 1652752065.049267053604126 2.976428388888889
3.294076711709000 1909432983.646683454513550 2.986536203703704
3.610369791756000 2129953185.467206001281738 2.990972148148148
1.875263195898000 2119732511.788745641708374 2.995390203703704
2.044755608560000 1556757767.463966846466064 3.000533333333333
1.882655676720000 1429874811.246134996414185 3.005169000000000
3.377885635956000 1491922904.480298280715942 3.009778481481482
3.316189094660000 2001849393.758896589279175 3.015281425925926
3.307447262262000 2147947308.521601200103760 3.019756111111111
1.881312461840000 2137384846.624998569488525 3.024191500000000
3.430801938710000 1558837428.744169950485229 3.029337277777778
3.318251888940000 2042491533.776060104370117 3.034861407407408
3.309505642443000 2158973799.717218875885010 3.039380018518519
3.425222622948000 2138659911.765320777893066 3.043808444444445
3.449438591526000 2226832629.866787433624268 3.048305574074074
3.323901162322000 2248854531.117666244506836 3.052744222222222
1.875263195898000 2159222265.127552032470703 3.057252185185185
3.363506900012000 1559038271.982719898223877 3.062396166666666
3.317220107810000 2001748492.411466836929321 3.067886907407407
3.323901162322000 2146768740.833511590957642 3.072381944444444
3.332649038544000 2138508721.647845506668091 3.076807925925925
3.362461500632000 2138700909.006975173950195 3.081220555555555
3.310535024082000 2183056402.351059913635254 3.085713407407407
3.324934573177000 2148848987.261093616485596 3.090187888888888
3.317220107810000 2138222244.524173974990845 3.094616444444444
3.328036345274000 2138150687.733505964279175 3.099052648148148
1.888705942822000 2135591187.752298831939697 3.103474944444444
3.331613229984000 1456844195.800188302993774 3.108645370370370
3.354749432970000 2115643874.419320821762085 3.123917240740740
3.393309771280000 2179865833.006881713867188 3.129920814814814
3.385597703618000 2154257274.972608566284180 3.138895648148147
3.589457507040000 2155709795.197710990905762 3.147852796296295
3.317220107810000 2137273762.962320327758789 3.156815740740740
3.601535598154000 2137712008.076021671295166 3.161255037037036
2.044755608560000 2138000837.798099279403687 3.165675796296295
3.462718380238000 1510307424.164561271667480 3.170828888888888
1.900790577840000 2039721167.098053455352783 3.176337962962962
3.323901162322000 1571642642.289041757583618 3.181527907407407
1.901469381074000 1963215201.700813770294189 3.186998055555555
3.348077969278000 1557762603.113106727600098 3.192141185185184
3.363506900012000 1962589526.591048002243042 3.197594148148148
1.894074003360000 2138080414.611719608306885 3.202024888888888
1.888705942822000 1558693664.760862350463867 3.207168370370370
3.324934573177000 1492496654.724045038223267 3.211768555555556
3.308477026998000 1958297951.431560277938843 3.217238500000000
1.882655676720000 2133008903.786509275436401 3.221674814814815
3.425222622948000 1557399458.517547845840454 3.226818444444445
3.342441076448000 2040887424.860455036163330 3.232339037037037
3.340363503911000 2159472051.574379920959473 3.236854629629629
3.324934573177000 2138564035.973242044448853 3.241275611111111
3.338285931374000 2138650884.305923223495483 3.245701555555555
3.402079226847000 2138579058.262716531753540 3.250122462962963
3.341402483514000 2183244805.952788352966309 3.254612111111111
1.894750407996000 2148876316.767877101898193 3.259094888888888
3.403137402378000 1558128258.332252502441406 3.264235555555555
1.890053703965000 2001244836.211070060729980 3.269744000000000
3.324934573177000 1469300243.520674228668213 3.274937870370370
1.888705942822000 2114548969.955055475234985 3.290236555555555
3.337247725109000 1511440309.582701683044434 3.297199333333333
3.403137402378000 2106604812.310876607894897 3.307076777777777
3.561866282436000 2177948946.076550006866455 3.316001981481481
2.036576158986000 2153726368.405424118041992 3.324982425925926
2.036576158986000 1558548276.234734773635864 3.330122981481481
3.424158041928000 1493850462.599140167236328 3.335731388888889
3.323901162322000 2034233968.070524215698242 3.341243537037037
3.334721812992000 2104773426.453048706054688 3.345761814814814
1.894074003360000 2135527568.559896469116211 3.350180092592592
3.449438591526000 1558895605.462429523468018 3.355330425925926
3.455006312576000 2041071941.770368576049805 3.360851351851851
1.916958383025000 2236445484.788100719451904 3.365293537037036
3.300764959336000 1562137174.065495014190674 3.370522092592592
1.901469381074000 1961782913.835779428482056 3.375976148148148
3.387703672662000 1559192421.849422931671143 3.381123499999999
1.890053703965000 2001965461.206939935684204 3.386627777777777
1.890053703965000 1565094342.464328765869141 3.391791981481481
3.385597703618000 1491754563.600656747817993 3.396393611111111
1.881984569360000 2001663421.362353563308716 3.401884925925926
1.895427316284000 1565532583.995813608169556 3.407051629629629
3.300764959336000 1492954383.850557327270508 3.411661351851852
1.886683422842000 1962291565.146375417709351 3.417126111111111
1.874593488762000 1558676437.234720468521118 3.422270055555555
3.316189094660000 1492616894.482916831970215 3.426872259259259
1.888031434918000 1962065349.941130876541138 3.432330055555556
3.302818159224000 1559249562.946496009826660 3.437478166666667
3.485854583224000 1949140845.499710559844971 3.442946333333333
3.378935830746000 2135530898.455077409744263 3.447391000000000
3.330576264096000 2148560946.414775848388672 3.461701537037037
3.426287996952000 2140139073.832992553710938 3.467675981481482
1.881312461840000 2203995688.036272048950195 3.476600333333334
3.570687327506000 1635953079.079249143600464 3.486411166666667
3.695228910793000 2087841981.706353664398193 3.496374148148149
2.029854785524000 2182465395.742156028747559 3.500867814814816
3.369124600486000 1537552747.784044981002808 3.506038648148149
1.907507152320000 2000243879.390065431594849 3.511525574074075
1.894750407996000 1558915270.872437238693237 3.516695425925926
3.401021838942000 1492497355.775035619735718 3.521296648148148
3.302818159224000 2001221380.127540826797485 3.526782185185186
1.874593488762000 2148621937.933311462402344 3.531269592592593
3.309505642443000 1558187426.525307655334473 3.536420648148149
3.425222622948000 1963275772.488797426223755 3.541888185185186
1.895427316284000 2227415855.731565952301025 3.546398296296297
1.881312461840000 1567854244.114554643630981 3.551593944444445
1.888031434918000 1491657421.120412111282349 3.556195425925926
3.316189094660000 1492958257.640144824981689 3.560792851851852
3.408733906604000 1962865727.176743507385254 3.566247611111112
3.323901162322000 2227733889.886320590972900 3.570755074074075
1.887357428880000 2159183216.069230556488037 3.575253203703704
3.299737594984000 1558251369.065585851669312 3.580406759259260
3.324934573177000 1962810048.952950716018677 3.585854166666667
3.288955323668000 2138268037.019565820693970 3.590290259259260
3.496826345568000 2138413172.602190494537354 3.594723703703705
3.371221365379000 2270585150.948481082916260 3.599259222222223
1.882655676720000 2214117058.270483970642090 3.603769796296298
3.307447262262000 1562672052.772376298904419 3.608940851851853
1.880640854400000 1635394643.513755321502686 3.624402203703705
3.315156929540000 1481411857.591840028762817 3.630477074074075
3.280686968800000 2054484470.022963762283325 3.639557481481483
3.423092271432000 2092558807.406632661819458 3.648408407407409
3.578399395168000 1930868810.084542512893677 3.659047351851853
3.408733906604000 1797938292.830259084701538 3.667018092592594
3.678656274774000 2182551356.872500419616699 3.671514407407408
3.677511291606000 2185579197.505511283874512 3.675933037037038
3.355792434645000 2192039378.342329978942871 3.680362055555557
3.324934573177000 2097278470.504311323165894 3.684801185185187
3.483685846996000 2132424201.899810791015625 3.689232425925927
1.901469381074000 2227493183.133747100830078 3.693743296296297
1.907507152320000 1570609018.317789077758789 3.698933555555556
3.402079226847000 1492561347.988887548446655 3.703533000000001
1.902148689746000 2001342432.914716720581055 3.709033185185186
3.431870109590000 1565494952.896084785461426 3.714203000000001
1.914223726800000 2041560885.089734792709351 3.719731629629631
3.348077969278000 1568088436.126886129379272 3.724919722222223
1.881984569360000 1962806817.525930881500244 3.730374074074075
1.888705942822000 1559277170.843660593032837 3.735522055555557
3.362461500632000 1492127744.623353242874146 3.740127018518519
3.347037365308000 1994347280.713215827941895 3.745654407407408
3.331613229984000 2144785029.700684547424316 3.750146759259260
3.332649038544000 2138384804.862978458404541 3.754582388888890
3.300764959336000 2138593519.216277360916138 3.759005722222224
3.416445974266000 2138273205.609123468399048 3.763419166666668
1.908870063208000 2226983102.602511882781982 3.767919092592594
3.316189094660000 1572152152.566762208938599 3.773105407407408
3.317220107810000 1962155559.553429841995239 3.778560981481482
2.037302393022000 2138645264.981527328491211 3.782997000000001
3.285340824012000 1555786333.635304927825928 3.788148333333334
3.316189094660000 1656215466.156545639038086 3.803598555555557
1.881312461840000 2067150356.200775623321533 3.809509703703705
3.370173568294000 1488668091.141438484191895 3.819407222222223
3.618084257123000 1762055221.229984998703003 3.829657574074075
2.035848842634000 1862628265.815289497375488 3.840353388888890
3.603775888686000 1552636524.605739355087280 3.845498981481482
3.300764959336000 1958932805.119609832763672 3.850968148148149
3.424158041928000 2114235004.506158351898193 3.855406518518520
3.440651553682000 2226628228.169083118438721 3.859919740740742
3.324934573177000 2247839224.429469585418701 3.864355185185186
1.888705942822000 2159241966.012341976165771 3.868865537037038
1.875263195898000 1558713058.802373647689819 3.874014611111112
3.377885635956000 1492448062.470596313476562 3.878620037037038
1.888031434918000 2000140343.302762985229492 3.884110277777779
3.302818159224000 1565210345.444782495498657 3.889283425925927
3.310535024082000 1962363368.280866622924805 3.894734277777779
1.873924279920000 2138200297.728565216064453 3.899162870370371
3.301791177076000 1554177457.273804187774658 3.904306518518519
1.888705942822000 1962272123.466249704360962 3.909768500000001
1.873924279920000 1558886599.275636434555054 3.914907111111112
3.318251888940000 1492796523.628462791442871 3.919509611111112
3.301791177076000 1962367528.514793157577515 3.924979481481482
3.269916688688000 2138302183.179167985916138 3.929397944444445
3.285340824012000 2138447227.953522205352783 3.933831759259260
3.294076711709000 2138426947.977313518524170 3.938262518518519
3.361414933208000 2121649928.588481187820435 3.942683944444445
3.309505642443000 2182987683.907548904418945 3.947181222222222
1.888705942822000 2123209380.082765340805054 3.951678537037037
1.894074003360000 1420260862.731088638305664 3.956862333333333
3.371221365379000 1928404900.598237514495850 3.972878518518518
3.392253602320000 2068619286.672224283218384 3.979009407407407
1.881984569360000 1797569887.780548572540283 3.987920518518519
3.309505642443000 1818813327.105713605880737 3.997555018518519
3.556368534186999 1740416603.625716209411621 4.007762962962963
3.610369791756000 2114522489.165649890899658 4.013924777777778
2.029129869556000 2137756971.562456846237183 4.018358796296296
3.293052891674000 1558322840.006484031677246 4.023499629629629
3.430801938710000 1961574985.794301509857178 4.028974740740740
3.270933315608000 2159796292.423701763153076 4.033491018518517
3.316189094660000 2157703197.283375740051270 4.038006425925924
3.307447262262000 2138242913.356224298477173 4.042439648148147
1.880640854400000 2138249467.129184484481812 4.046870574074073
1.873924279920000 1557769938.231212139129639 4.052021203703703
3.316189094660000 1492668948.073203325271606 4.056626333333332
3.316189094660000 1962921359.963409185409546 4.062092166666665
3.418571132094000 2138290274.126924276351929 4.066530499999999
1.867874515684000 2227760486.856036186218262 4.071043203703702
3.416445974266000 1570658051.689860820770264 4.076240870370369
3.372269942946000 2041914218.660944700241089 4.081764388888888
1.888031434918000 2202358526.596249103546143 4.086254370370369
3.347037365308000 1565055887.887313842773438 4.091421129629628
1.874593488762000 1998856495.330727338790894 4.096912111111110
1.868541822436000 1565360471.862308979034424 4.102083111111110
3.370173568294000 1492860446.131635904312134 4.106688129629629
1.861820448974000 2001269008.226952314376831 4.112196222222222
3.361414933208000 1558039655.172413825988770 4.117394740740741
3.339325297646000 2001188341.623195648193359 4.122890074074074
1.894074003360000 2193278883.546852111816406 4.127323425925926
3.372269942946000 1561410989.152800083160400 4.132489462962964
3.439582177252000 1996685794.869378566741943 4.137991648148149
1.882655676720000 2202004022.530311107635498 4.152299944444446
3.310535024082000 1791404222.051770448684692 4.161088018518520
3.323901162322000 2123061978.421941995620728 4.171060425925927
3.731478962552000 2133062527.326548337936401 4.179912555555557
2.029129869556000 1892663113.415424585342407 4.190627833333335
2.043297532448000 1570994681.990149021148682 4.195816351851853
3.385597703618000 1470515165.416922092437744 4.200377777777780
1.888031434918000 1979339526.158128976821899 4.205885944444447
3.325968753798000 1565043024.248205184936523 4.211050129629632
3.350160339904000 1960622112.289499282836914 4.216515500000002
3.325968753798000 2138364592.088921070098877 4.220943888888891
1.900790577840000 2138411388.353049039840698 4.225369462962965
3.314125916390000 1558389741.854429006576538 4.230513703703705
3.323901162322000 1962075132.856880903244019 4.235970703703705
3.438511605988000 2138408585.055643796920776 4.240397000000002
1.901469381074000 2228131767.946741580963135 4.244914481481483
1.880640854400000 1571283371.412251949310303 4.250101888888890
3.301791177076000 1492832941.006047725677490 4.254704055555557
1.894750407996000 1962770220.812492370605469 4.260168722222224
1.867874515684000 1559266111.989170312881470 4.265312407407409
1.881984569360000 1493079942.826082468032837 4.269911759259260
3.371221365379000 1492544159.222894191741943 4.274510018518519
3.394364761480000 2001118566.983433008193970 4.280015111111112
3.387703672662000 2238632704.324692249298096 4.284504833333334
3.378935830746000 2203820902.900503158569336 4.289000222222223
3.316189094660000 2192752510.435700893402100 4.293418814814816
1.879969246960000 2148771922.995697498321533 4.297890907407409
1.881312461840000 1475727112.910242080688477 4.303042000000001
1.874593488762000 1920408839.118434190750122 4.319459759259261
3.298711377244000 1644051117.318435907363892 4.326221981481483
3.341402483514000 2135973551.920252323150635 4.338337962962965
3.664371049325000 2132189790.171222209930420 4.347202333333335
1.900790577840000 2160459613.821222305297852 4.356177259259261
3.664371049325000 1564567856.374973058700562 4.361345037037038
3.338285931374000 1997250393.732584953308105 4.366847925925927
3.294076711709000 2147619148.497712612152100 4.371341074074075
3.371221365379000 2080451102.317693471908569 4.375763574074075
3.371221365379000 2181128550.972711563110352 4.380264166666668
3.439582177252000 2193477422.369837284088135 4.384702351851853
3.355792434645000 2226840933.626177310943604 4.389179518518520
3.330576264096000 2158483082.591089725494385 4.393693277777779
3.451582938138000 2137793840.514667987823486 4.398129074074076
1.902826987542000 2227906345.625333309173584 4.402643703703705
3.456080484416000 1571375773.008366823196411 4.407836259259261
1.881312461840000 2041324112.552951812744141 4.413361888888891
1.902148689746000 1572054805.273580312728882 4.418551981481484
3.320799390225000 1492707686.004852056503296 4.423162574074076
3.323901162322000 1962404118.281832218170166 4.428619722222224
1.888705942822000 2138575952.946499347686768 4.433040222222224
1.888705942822000 1558534310.603525400161743 4.438186833333335
3.425222622948000 1492686085.392498970031738 4.442789111111113
1.867874515684000 2040856389.650985717773438 4.448310481481483
1.867874515684000 1561584017.277078390121460 4.453506833333335
3.308477026998000 1486895709.812402248382568 4.458113814814817
1.889379446994000 1962826434.528223514556885 4.463583092592594
3.347037365308000 1556321326.986915826797485 4.468726462962964
3.365598866816000 1914220940.550133228302002 4.474236240740742
3.370173568294000 2143764563.920359373092651 4.489153240740742
1.887357428880000 2170790826.832486629486084 4.495061777777779
1.881984569360000 1820293400.593334674835205 4.504687222222223
2.029129869556000 1483644314.005676269531250 4.514069925925927
3.651211614688000 1478812388.827840328216553 4.523439777777779
3.294076711709000 2000162337.859390020370483 4.528931981481483
3.593823530492000 2148641836.035247802734375 4.533416685185187
1.881984569360000 2074430994.493575811386108 4.537855944444446
1.867874515684000 1553820838.133640527725220 4.542999648148149
3.379986807804000 1492200202.573975563049316 4.547607018518519
3.318251888940000 2001089847.444108247756958 4.553109555555556
3.427352974464001 2148746596.319119453430176 4.557602240740741
3.309505642443000 2227699062.181196689605713 4.562122185185186
3.363506900012000 2159291858.489869117736816 4.566635407407408
3.371221365379000 2183227334.408473491668701 4.571125203703704
3.384543935042000 2193379785.355590820312500 4.575561481481482
3.322866596818000 2192282889.166464328765869 4.579979518518519
1.881312461840000 2143688368.684505701065063 4.584452277777777
3.447294244914000 1557505205.711902618408203 4.589603314814815
1.873924279920000 2042008337.829550266265869 4.595129222222222
3.325968753798000 1571160380.593176603317261 4.600314111111111
1.880640854400000 1963132487.863009452819824 4.605784074074074
3.293052891674000 1558750736.623706102371216 4.610925148148148
3.348077969278000 1962026773.825214624404907 4.616390685185185
3.379986807804000 2183514855.003594875335693 4.620872277777778
1.881312461840000 2193670131.043831825256348 4.625298277777778
3.409793692214000 1565514052.038217306137085 4.630467555555556
3.431870109590000 2040907288.739117383956909 4.635995870370371
1.888031434918000 2246242005.373625755310059 4.640427666666667
1.874593488762000 2012673166.737167596817017 4.655443648148148
3.300764959336000 1572165736.435332536697388 4.662480925925927
1.888705942822000 1719204429.959682703018188 4.673697481481482
3.626926483260000 1851432623.080285072326660 4.683358444444445
3.363506900012000 1727721792.139832258224487 4.693656500000000
2.036576158986000 2182409425.662419319152832 4.698139925925926
1.873924279920000 1565013250.178112983703613 4.703312462962963
3.417508157581000 1493012251.628992080688477 4.707916537037038
1.881984569360000 1978101747.976336002349854 4.713441444444445
3.325968753798000 1571058717.028472900390625 4.718637425925927
3.379986807804000 1961498271.246365308761597 4.724095222222223
3.355792434645000 2183047324.686271667480469 4.728576870370371
1.895427316284000 2193541419.451745986938477 4.733015203703705
3.489107082112000 1564786232.143624782562256 4.738185055555556
3.409793692214000 2081809566.419370651245117 4.743731462962963
3.301791177076000 2257600795.936275482177734 4.748226518518519
3.409793692214000 2159275905.364484310150146 4.752739740740741
3.340363503911000 2228047225.501770973205566 4.757257074074074
1.875263195898000 2203750586.311686515808105 4.761742111111111
1.880640854400000 1565559226.245832920074463 4.766919370370371
1.881312461840000 1492871247.208418130874634 4.771521500000000
1.874593488762000 1491966458.356821775436401 4.776120537037038
1.881312461840000 1493012702.203886747360229 4.780726037037038
1.861155542606000 1493132160.965794801712036 4.785327888888890
3.269916688688000 1492966585.882333993911743 4.789927851851854
3.269916688688000 1962909316.694319248199463 4.795385796296298
3.293052891674000 2138252747.436982870101929 4.799804055555557
3.277628756350000 2137666201.619034051895142 4.804237425925928
3.317220107810000 2138564833.757985830307007 4.808663703703706
1.873924279920000 2134912837.642685890197754 4.813087759259262
3.354749432970000 1935395405.895046710968018 4.828062666666670
1.907507152320000 1913922396.333556652069092 4.835331796296299
3.370173568294000 1817630681.851178646087646 4.844898074074077
3.603775888686000 1975715252.507766962051392 4.855060944444448
3.293052891674000 2134123011.166143178939819 4.864038148148151
3.647808004126000 2137994495.328161716461182 4.868451907407411
3.604896033952000 2183404806.220105648040771 4.872939148148151
1.894750407996000 2101490545.984824180603027 4.877434592592595
1.888031434918000 1558409825.635938167572021 4.882586648148151
3.318251888940000 1482393136.922001361846924 4.887222296296299
3.423092271432000 1961827778.304249525070190 4.892693925925928
3.331613229984000 2227599453.632605075836182 4.897208592592595
3.447294244914000 2158835709.628608703613281 4.901724648148150
3.432937088315000 2227686085.163765430450439 4.906242740740742
1.894750407996000 2248357494.350991725921631 4.910668296296298
3.317220107810000 1571198246.503359317779541 4.915855814814816
3.323901162322000 1961811724.685800313949585 4.921310592592594
1.853774556480000 2138263603.082529306411743 4.925741777777779
3.409793692214000 1559020687.369645833969116 4.930882685185186
1.879969246960000 2041406908.205757617950439 4.936405907407408
3.294076711709000 1571784524.416643142700195 4.941598555555557
1.875931906446000 1962893858.845096111297607 4.947053555555557
3.295101294366000 1558202487.368830204010010 4.952199555555557
3.365598866816000 1922009924.451129913330078 4.957677981481483
1.867874515684000 2178873900.751830101013184 4.962178111111113
3.378935830746000 1552921935.511632680892944 4.967342407407410
3.294076711709000 1997110571.130481719970703 4.972844814814817
3.394364761480000 2145779444.003438472747803 4.977347240740743
1.888705942822000 2204660693.269408226013184 4.991870481481484
3.457155456384000 1478714566.656009197235107 4.998010074074076
1.888705942822000 2145654811.432242870330811 5.006080166666669
3.416445974266000 1654222504.962084531784058 5.015904666666668
3.618084257123000 1993014946.281629800796509 5.025977777777779
3.321833185963000 2133808638.908893108367920 5.032277870370372
3.615833953382000 2137774172.484805822372437 5.036702092592594
1.907507152320000 2138129249.676205396652222 5.041120185185187
3.323901162322000 1553460630.473989486694336 5.046264462962965
3.439582177252000 1918520221.321843624114990 5.051739981481483
1.889379446994000 2225277733.951286792755127 5.056247092592594
3.407672936876000 1572000556.463177204132080 5.061438611111113
1.895427316284000 2002276105.371691942214966 5.066934500000001
1.881984569360000 1564418157.380692005157471 5.072101259259260
3.394364761480000 1492950481.026511669158936 5.076703685185186
1.908188354152000 2001238472.367101669311523 5.082189296296297
1.888705942822000 1564038550.368638515472412 5.087360981481482
3.317220107810000 1486457587.485562562942505 5.091930518518519
3.339325297646000 1962410048.369480371475220 5.097390037037038
3.425222622948000 2138214459.653065204620361 5.101823574074075
3.299737594984000 2227691788.211459159851074 5.106320722222223
3.308477026998000 2159372387.415175914764404 5.110823500000000
3.331613229984000 2138408169.235398292541504 5.115254759259260
3.394364761480000 2138429494.724408388137817 5.119675888888890
1.887357428880000 2182527163.724015712738037 5.124170240740741
3.408733906604000 1565289249.562699079513550 5.129336611111111
1.881984569360000 2002217343.423219442367554 5.134835333333333
1.875263195898000 1564434451.585614442825317 5.140001574074074
1.881984569360000 1493189530.235887289047241 5.144606722222222
3.331613229984000 1492840750.432787179946899 5.149206537037037
1.861820448974000 1867728627.817069292068481 5.154681592592592
1.873924279920000 1932273343.801155805587769 5.169648092592592
1.868541822436000 1482761381.431452274322510 5.176223129629629
1.868541822436000 1487761989.209067821502686 5.185569111111111
3.564082999554000 1854345517.388937234878540 5.196214981481481
3.609247665816000 2084443365.281265974044800 5.206190703703704
3.751562039616000 2135413200.606290817260742 5.210625685185185
3.409793692214000 2227542797.932574272155762 5.215129407407407
1.880640854400000 2248094454.822411537170410 5.219560685185185
1.889379446994000 1546994300.429429531097412 5.224752759259260
1.888031434918000 1492239249.947756767272949 5.229360833333334
3.293052891674000 1492579645.751061439514160 5.233970481481482
3.424158041928000 1962868218.264241933822632 5.239428018518518
3.292027927706000 2226073592.663782596588135 5.243927259259260
1.895427316284000 2159189119.330420494079590 5.248440870370371
3.431870109590000 1558501279.987902164459229 5.253584148148149
3.402079226847000 2033905870.496010541915894 5.259133240740741
3.368076803401000 2248021389.079125404357910 5.263567833333334
1.888031434918000 2202856706.446284770965576 5.268041555555556
3.316189094660000 1560985759.839095830917358 5.273216018518520
1.881984569360000 1963361475.160012245178223 5.278684351851853
3.311564022624000 1559172741.987698078155518 5.283832685185186
1.875263195898000 1962030805.655144453048706 5.289307870370371
3.315156929540000 1559015623.988433122634888 5.294456648148149
3.331613229984000 1962365444.186022996902466 5.299926703703704
3.317220107810000 2138544998.324396610260010 5.304347444444445
1.881312461840000 2138512478.867948293685913 5.308783833333334
3.301791177076000 1558558112.243061304092407 5.313928092592593
3.534324104964000 1963151655.593293666839600 5.319402240740741
3.332649038544000 2135928649.380950450897217 5.323831074074075
3.372269942946000 2135973048.288785934448242 5.339088814814816
3.431870109590000 2180692797.721186637878418 5.345056833333334
3.424158041928000 2182825721.530764579772949 5.353973703703705
2.036576158986000 1731541457.280009746551514 5.364840981481483
2.036576158986000 1478539023.170528411865234 5.374839314814817
3.303844759168000 1491965576.882853746414185 5.379443240740742
2.029129869556000 1961015967.935600519180298 5.384918333333335
3.371221365379000 1558457836.617568254470825 5.390061685185187
1.873924279920000 1959024106.395073175430298 5.395567370370372
3.309505642443000 1564131064.433091163635254 5.400739833333335
3.299737594984000 1962971733.326114177703857 5.406212185185187
1.874593488762000 2137894665.409990549087524 5.410633018518521
3.432937088315000 1550183096.158414125442505 5.415778462962965
1.914907327230000 2041235191.182090520858765 5.421302574074076
3.355792434645000 1571191250.584877967834473 5.426487259259261
3.294076711709000 2001124384.846249580383301 5.431984981481484
3.285340824012000 2148932013.353856563568115 5.436472518518521
3.302818159224000 2133032638.839507818222046 5.440899759259262
3.318251888940000 2138250813.854591131210327 5.445319740740743
3.317220107810000 2138569075.362561941146851 5.449737888888891
3.355792434645000 2138575138.308682441711426 5.454166388888892
3.300764959336000 2181526592.124854087829590 5.458656370370373
3.377885635956000 2148765792.087402820587158 5.463131185185188
3.386650296113000 2183077198.646100044250488 5.467628481481484
3.385597703618000 2237648973.006515502929688 5.472104870370373
3.362461500632000 2197210572.600330352783203 5.476611277777780
3.308477026998000 2192426863.768743991851807 5.481055925925928
1.888031434918000 2148646019.194237709045410 5.485549944444447
3.356836213230000 1552451272.307210683822632 5.490695888888891
1.888031434918000 1995696074.699615001678467 5.496193462962965
3.293052891674000 1974953702.880511999130249 5.511190796296298
3.316189094660000 2076143158.291213035583496 5.517287388888890
1.868541822436000 2097080108.492187738418579 5.526982574074076
3.655520071788000 1488295222.510029077529907 5.536884333333335
3.319283286080000 1750091970.857945919036865 5.547201611111112
3.749230168362000 2147938341.786564826965332 5.551674296296297
3.307447262262000 2220000764.199316501617432 5.556181555555557
3.315156929540000 2099589655.158289909362793 5.560702685185186
3.394364761480000 2132287926.718680143356323 5.565134111111112
1.888705942822000 2181940948.645263195037842 5.569628629629630
1.873924279920000 1565383979.738576173782349 5.574805407407408
3.308477026998000 1492608593.133862257003784 5.579407703703704
1.893397598724000 1960747401.469198703765869 5.584875537037037
1.888031434918000 1558746016.323357820510864 5.590021537037037
3.298711377244000 1492720099.684466600418091 5.594628666666667
1.889379446994000 1961488283.594998121261597 5.600088722222223
3.434004861810000 1559250485.856186628341675 5.605234277777779
1.880640854400000 2042122443.506565570831299 5.610758518518519
3.296125495712000 1571685462.384690284729004 5.615929777777779
3.354749432970000 1963155388.097529172897339 5.621395185185186
3.317220107810000 2183298448.267314434051514 5.625877629629630
3.307447262262000 2138624209.631099462509155 5.630385018518519
1.881984569360000 2138281899.890940666198730 5.634816851851852
3.306418646817000 1559027040.535450458526611 5.639929888888889
3.354749432970000 1961677372.445442438125610 5.645405759259259
3.361414933208000 2182924637.442320346832275 5.649900574074074
3.362461500632000 2193465959.823763847351074 5.654326444444445
3.484769609656000 2193437371.869430065155029 5.658752629629630
1.855099075512000 2070218839.569612026214600 5.663242981481482
3.278647780975000 1491463351.073591470718384 5.678379092592594
3.302818159224000 2023287418.401411771774292 5.684475444444446
3.299737594984000 1777155495.232857227325439 5.693330425925927
3.292027927706000 2104476167.952840566635132 5.704997722222223
3.577285616992000 1695157014.174747228622437 5.715749759259260
3.411914447552000 1799963928.613087654113770 5.723687722222222
3.719528861556000 2226166489.791068553924561 5.728207185185186
3.309505642443000 2248172227.420055866241455 5.732640814814816
3.363506900012000 2120779835.821446657180786 5.737154870370371
1.894750407996000 2182394376.327995300292969 5.741634611111111
1.874593488762000 1556658265.392385721206665 5.746804314814815
3.364553078088000 1492105217.405302762985229 5.751405722222223
1.873924279920000 2000375409.337969541549683 5.756891092592593
3.302818159224000 1565250921.148275375366211 5.762062777777778
3.425222622948000 1963347180.667043924331665 5.767528018518519
1.874593488762000 2227126136.135356426239014 5.772045037037037
1.868541822436000 1571379006.029795408248901 5.777232240740741
3.294076711709000 1492826899.850234508514404 5.781832018518519
3.354749432970000 1963297725.995680570602417 5.787302870370371
3.301791177076000 2183283363.772343635559082 5.791784611111112
3.324934573177000 2146921402.380292892456055 5.796264296296297
1.881984569360000 2138491709.557899236679077 5.800682592592593
1.888031434918000 1558607064.176589965820312 5.805826962962963
1.894074003360000 1492812053.829828262329102 5.810434074074075
3.315156929540000 1492816567.142558097839355 5.815036222222223
3.315156929540000 1962162731.437555789947510 5.820501259259260
3.424158041928000 2138612332.923740625381470 5.824932037037037
1.902148689746000 2226105639.791152000427246 5.829440018518518
3.694080410098000 1571577226.208681344985962 5.834635074074074
3.361414933208000 2034101468.678591966629028 5.840154018518518
3.372269942946000 2149174724.981742858886719 5.854531851851852
1.894750407996000 2177231814.100739002227783 5.860451425925926
1.889379446994000 1849043691.004997014999390 5.870056759259259
3.610369791756000 1487928183.699537515640259 5.879407777777778
1.928345273386000 2094147203.173259735107422 5.889342648148149
3.656656583958000 1558129685.289639234542847 5.894487296296297
1.895427316284000 2000044651.381698608398438 5.899995814814815
3.332649038544000 1561497534.617409229278564 5.905167425925926
1.890053703965000 1958456354.422146558761597 5.910634018518519
3.339325297646000 1558509950.150269031524658 5.915779111111112
3.339325297646000 1962257928.332944393157959 5.921253500000001
1.881312461840000 2137899792.610928058624268 5.925682462962963
3.402079226847000 1558274583.882040500640869 5.930829240740741
3.333685618656000 2000845928.723153114318848 5.936321648148149
3.378935830746000 2148898953.153516769409180 5.940816629629630
3.432937088315000 2183354544.443208217620850 5.945311129629630
3.431870109590000 2237925099.286129474639893 5.949801518518519
3.299737594984000 2202194665.390825748443604 5.954755888888889
3.479223880517000 2142706797.596077203750610 5.959276277777778
3.465949291744000 2227683014.442357540130615 5.963792314814815
3.354749432970000 2247661617.516387939453125 5.968210611111111
1.900790577840000 2152778432.484405994415283 5.972717388888888
1.894750407996000 1558614689.322412967681885 5.977868018518518
3.394364761480000 1492675936.129992485046387 5.982472277777777
1.896779873730000 1994563712.783166170120239 5.987944462962963
3.355792434645000 1550805047.562468290328979 5.993118944444444
3.425222622948000 1962266761.667260408401489 5.998577000000000
2.029854785524000 2217716402.730180263519287 6.003110685185185
1.881312461840000 1532903790.773266553878784 6.008306537037037
3.417508157581000 1932885307.152836322784424 6.024305629629630
1.888705942822000 2173428382.826346397399902 6.030449407407408
1.861155542606000 1677491331.588878631591797 6.041107518518519
2.035848842634000 1687537080.144060134887695 6.051982611111112
3.679799980059000 1477124350.500159025192261 6.061412944444445
3.654382289772000 2001626738.191069602966309 6.066915685185186
3.309505642443000 2192980482.185123920440674 6.071336148148148
3.396475920640000 2143125976.247737646102905 6.075817592592593
3.394364761480000 2115027546.713400840759277 6.080319037037037
3.439582177252000 2192986228.901811122894287 6.084764740740741
3.424158041928000 2237818393.307924747467041 6.089254296296296
1.887357428880000 2248498551.887561321258545 6.093685351851851
3.440651553682000 1571025806.313444852828979 6.098873574074074
3.371221365379000 2039509500.778203487396240 6.104406259259259
1.888705942822000 2203500778.989539623260498 6.108899259259259
3.317220107810000 1565425933.426284790039062 6.114065907407408
3.308477026998000 1962768563.414213180541992 6.119538888888889
3.363506900012000 2137824091.681459188461304 6.123930907407408
3.294076711709000 2183393865.030674934387207 6.128413407407407
1.879969246960000 2148786328.526547431945801 6.132899092592592
3.309505642443000 1559180505.493082523345947 6.138046981481481
3.379986807804000 1963448624.813306093215942 6.143514925925926
3.322866596818000 2182151105.564806938171387 6.147996462962963
1.873924279920000 2149130380.629116535186768 6.152486592592592
1.874593488762000 1559152840.283128261566162 6.157630185185185
3.425222622948000 1492824867.390805959701538 6.162235055555555
3.316189094660000 2041909051.612924575805664 6.167761592592591
3.323901162322000 2158032667.489573478698730 6.172277351851851
1.874593488762000 2138690108.291781902313232 6.176708111111110
3.322866596818000 1552809800.425605297088623 6.181859814814814
1.901469381074000 2096156017.267135143280029 6.197144685185185
1.903506043495000 1480651563.446854829788208 6.203256537037037
1.894750407996000 1780595430.780443191528320 6.212022925925925
3.442791501376000 1855023198.446256399154663 6.222682962962963
3.727245726414000 2146882096.329933881759644 6.232633333333333
3.620334560864001 2221869025.405482769012451 6.238826222222222
3.354749432970000 2158386852.718775749206543 6.243339759259260
2.044755608560000 2182975941.728912353515625 6.247829629629630
1.888705942822000 1519729909.612040281295776 6.253004851851852
1.881984569360000 1492238498.453320026397705 6.257608500000000
1.888031434918000 1487548595.999372482299805 6.262212407407407
3.324934573177000 1492340386.525093555450439 6.266818499999999
1.881984569360000 1961904294.253995180130005 6.272283166666666
1.888705942822000 1558724950.608353853225708 6.277429111111110
3.379986807804000 1492353639.100407361984253 6.282030370370370
3.333685618656000 2001602675.103981256484985 6.287537944444444
1.881312461840000 2147861995.000535964965820 6.292027314814814
1.895427316284000 1554568923.477497816085815 6.297176611111110
3.432937088315000 1492688645.366255998611450 6.301781518518518
3.423092271432000 2041870566.235019683837891 6.307307296296296
3.370173568294000 2248743864.338819026947021 6.311741000000000
1.888031434918000 2203106004.171632766723633 6.316215666666666
3.316189094660000 1565401375.850949525833130 6.321384185185185
1.896103217268000 1961753682.543120861053467 6.326855444444444
3.425222622948000 1558241637.576058864593506 6.331995833333333
1.881984569360000 2042366080.793525934219360 6.337522037037036
3.324934573177000 1559795718.588640451431274 6.343719370370370
3.618084257123000 1962166682.525010585784912 6.349168851851852
3.440651553682000 2137443177.740128993988037 6.353606666666667
3.347037365308000 2203610595.057432174682617 6.367932703703704
1.902148689746000 2080876184.983157157897949 6.373968888888889
3.323901162322000 1488595462.904355525970459 6.383857740740742
3.609247665816000 2106147482.824642419815063 6.393723296296297
3.287384429508000 2112256405.576216459274292 6.402651425925927
3.609247665816000 2137326295.745711326599121 6.407086166666668
2.044026163296000 2138385933.273219347000122 6.411522166666668
3.402079226847000 1525530847.760141372680664 6.416668407407409
3.323901162322000 2040444307.779166936874390 6.422178851851853
1.880640854400000 2158674118.023584842681885 6.426692074074075
1.894750407996000 1558265633.100985050201416 6.431835481481483
3.363506900012000 1483224638.497048377990723 6.436440740740742
3.356836213230000 2001364392.578085660934448 6.441943962962964
3.434004861810000 2193335898.046390533447266 6.446377351851853
3.317220107810000 2236245716.125197887420654 6.450864462962964
3.277628756350000 2158844583.110964775085449 6.455375388888890
3.315156929540000 2137678461.925106763839722 6.459796500000001
1.888031434918000 2137397797.297974109649658 6.464232129629631
3.323901162322000 1559106722.041877031326294 6.469377722222223
3.430801938710000 1962636673.187969207763672 6.474848870370371
1.859826719314000 2219043967.015493869781494 6.479356037037038
1.875263195898000 1570343850.101239442825317 6.484541759259260
1.880640854400000 1492884425.504542827606201 6.489148055555557
1.881312461840000 1484680125.147788524627686 6.493752981481483
1.881312461840000 1492117142.995075941085815 6.498356092592593
1.874593488762000 1492677250.338033676147461 6.502957870370371
3.255504384874000 1492811206.650276899337769 6.507560296296297
1.915591436670000 1952441898.914355278015137 6.513037500000000
3.423092271432000 1555053943.848344564437866 6.518187574074075
1.901469381074000 2119394132.891253948211670 6.533558259259260
3.432937088315000 1477216259.380122423171997 6.539715388888889
3.446221273266000 1758045768.167009592056274 6.551004166666667
3.645538508029000 2208229692.372610569000244 6.560000740740741
3.300764959336000 2188500857.109262466430664 6.568977944444445
2.051481778325000 2146014188.199872016906738 6.573467851851852
3.353705265930000 1558253243.383497714996338 6.578606518518519
1.874593488762000 1996546975.096159458160400 6.584104703703703
3.323322517968000 1533219826.196599721908569 6.589274444444444
3.353705265930000 1962548475.441524267196655 6.594744759259259
1.874593488762000 2182650221.917332649230957 6.599225907407408
3.424158041928000 1563865314.314385890960693 6.604392944444444
3.310535024082000 2041363419.647078275680542 6.609916148148148
1.895427316284000 2158976018.839105606079102 6.614414277777778
3.425222622948000 1558467581.586340904235840 6.619555388888889
1.888031434918000 2040268328.401524066925049 6.625081370370371
3.354749432970000 1571611043.080581188201904 6.630268462962963
1.875263195898000 1997997274.645115137100220 6.635772333333334
1.880640854400000 1564635340.648947238922119 6.640941388888889
3.356836213230000 1488792639.596972465515137 6.645543592592593
3.339325297646000 2002211279.364929676055908 6.651044296296297
3.478142515562000 2193179347.416543006896973 6.655467740740741
3.495739780674000 2282164250.165892601013184 6.659932925925927
3.424158041928000 2303623904.116727352142334 6.664375055555556
3.308477026998000 2259004189.650697708129883 6.668870259259260
3.424158041928000 2158910153.942099094390869 6.673383740740742
1.887357428880000 2228131524.222425460815430 6.677898611111113
1.861820448974000 1571498256.050328493118286 6.683091166666668
3.339325297646000 1399502515.493105173110962 6.687695962962964
1.874593488762000 2060368539.016370773315430 6.703832351851853
3.303844759168000 1481449563.817303657531738 6.709939629629631
3.363506900012000 2122790609.555189609527588 6.718032962962964
3.355792434645000 2130638112.604192972183228 6.726939611111112
1.868541822436000 1896622479.198984861373901 6.737576111111112
3.656656583958000 1476124738.364572763442993 6.744662944444445
3.384543935042000 1999781824.311795234680176 6.750155629629631
3.601535598154000 2192797309.645305156707764 6.754593981481483
3.277628756350000 2141554252.634703874588013 6.759085314814816
1.881984569360000 2089261856.910664319992065 6.763517407407408
1.868541822436000 1557677725.663971424102783 6.768666000000001
1.880640854400000 1484146315.507315397262573 6.773294759259261
1.888031434918000 1492390004.620050907135010 6.777904296296298
1.881984569360000 1492617791.566570520401001 6.782506351851854
3.456080484416000 1492743743.059020519256592 6.787108648148150
3.294076711709000 2080261687.309868812561035 6.792642111111113
3.366644655544000 2168810958.366706371307373 6.797173740740742
1.873924279920000 2182620220.515524864196777 6.801668259259261
3.287384429508000 1564902817.451641798019409 6.806835129629631
3.285340824012000 1957960651.762338876724243 6.812302925925927
3.294076711709000 2138488754.618452072143555 6.816728611111112
3.404195184096000 2136416518.824330091476440 6.821164851851853
3.309505642443000 2227856904.503249168395996 6.825682166666668
3.353705265930000 2158951690.504487514495850 6.830200870370371
1.874593488762000 2183283645.433900356292725 6.834677703703704
1.888031434918000 1565504886.786173105239868 6.839852277777778
1.868541822436000 1491966255.965362548828125 6.844454462962964
3.292027927706000 1493135027.684779644012451 6.849056537037038
3.299737594984000 1959948038.854134559631348 6.854530000000001
3.553051273153000 2138484501.888179779052734 6.858963037037038
3.286362246342000 2136496306.124926090240479 6.863387277777779
1.888031434918000 2124809064.091903209686279 6.877706703703705
1.879969246960000 1481519965.222746610641479 6.883840981481483
3.392253602320000 1756756881.553100585937500 6.892551870370371
1.880640854400000 2088726592.220589876174927 6.902496925925927
3.600414618826000 1488377847.633412122726440 6.912417444444446
1.889379446994000 2080960719.751425981521606 6.919605111111113
2.049286788790000 1557149323.124682664871216 6.924747203703705
2.021688918480000 1487168285.778621196746826 6.929352685185187
3.692930626162000 1492683738.177777051925659 6.933952074074075
1.895427316284000 2016018695.033085107803345 6.939479388888890
1.881312461840000 1568426340.742960453033447 6.944670333333335
3.293052891674000 1492538597.951576232910156 6.949275500000001
3.295101294366000 1922080285.182888984680176 6.954771648148149
3.478142515562000 2135730278.857867479324341 6.959210388888891
3.399963269598000 2272047120.055800437927246 6.963750407407409
3.424158041928000 2256799332.220366954803467 6.968242907407409
3.294076711709000 2241498264.041212081909180 6.972675296296297
1.881312461840000 2158666239.826637268066406 6.977187351851853
3.356836213230000 1548926547.736415386199951 6.982334055555557
3.370173568294000 2001818223.998977661132812 6.987841851851853
3.357879603360000 2185757932.471863269805908 6.992284444444446
3.417508157581000 2192618216.892422199249268 6.996719481481484
3.300764959336000 2238204111.315414428710938 7.001201240740743
3.323901162322000 2158703987.578864574432373 7.005709685185187
3.311564022624000 2138525677.558655023574829 7.010135296296299
1.888031434918000 2120429246.743250131607056 7.014562000000002
3.348077969278000 1559182033.045899391174316 7.019709722222225
3.362461500632000 2001341829.964096069335938 7.025207907407410
1.890053703965000 2193731835.837272167205811 7.029646592592595
3.602655326389000 1565279814.295386314392090 7.034816092592595
1.888031434918000 1932749167.546768903732300 7.040321907407410
3.300764959336000 1491439700.557485818862915 7.055485888888891
1.873924279920000 2022443208.852509737014771 7.061580833333336
3.301791177076000 1488343137.287969827651978 7.072561537037039
1.880640854400000 2106575156.666129827499390 7.082449277777780
2.023133412062000 1633608564.215444803237915 7.092183148148150
3.278647780975000 1471523757.351438522338867 7.098707444444447
3.702943376160000 1961046961.101007223129272 7.104165074074077
3.316189094660000 2220555715.392276287078857 7.108683574074076
3.339325297646000 2157742874.394647121429443 7.113191962962965
1.875263195898000 2141486096.709561347961426 7.117674648148150
3.301791177076000 1564876329.644353628158569 7.122845203703706
3.294076711709000 1961871456.856142044067383 7.128316777777781
3.309505642443000 2137768168.358802318572998 7.132750870370374
1.875931906446000 2138513342.176509380340576 7.137176407407411
1.868541822436000 1550772414.237674236297607 7.142347351851855
1.890053703965000 1492509502.950439929962158 7.146951185185189
1.854436569528000 1492567318.590686559677124 7.151558629629633
1.873255071078000 1491750543.294538021087646 7.156160185185189
3.302818159224000 1492667958.744647026062012 7.160765648148152
1.875263195898000 1962984035.098409414291382 7.166235981481485
1.855099075512000 1558723684.447631835937500 7.171374296296300
3.401021838942000 1492332317.382499456405640 7.175937314814818
3.287384429508000 2041775749.963055849075317 7.181451166666670
3.440651553682000 2159196753.214760780334473 7.185961611111114
3.381037393728000 2227989648.780327796936035 7.190477092592596
3.301791177076000 2246808210.262828350067139 7.194915981481485
3.308477026998000 2158865975.405093669891357 7.199429111111115
3.293052891674000 2138328349.946951150894165 7.203845018518523
3.357879603360000 2132981732.985867500305176 7.208279240740745
3.365598866816000 2183396553.215146064758301 7.212776185185189
3.401021838942000 2190184269.644154548645020 7.217211111111115
1.896103217268000 2147004322.802163839340210 7.221709222222226
1.875263195898000 1489953001.280253648757935 7.236897185185189
1.861820448974000 1483465533.123188257217407 7.243471129629634
3.309505642443000 1825824044.963063716888428 7.254067481481486
3.596059023828000 2087178891.922440767288208 7.264045055555560
3.711811996698000 1716228854.666963100433350 7.274879685185189
3.316189094660000 2227053405.835999965667725 7.279398888888893
3.493566650886000 2203569938.900539398193359 7.283893685185189
3.279667564650000 2215242551.235269546508789 7.288405370370374
3.310535024082000 2169189283.667621612548828 7.292929444444448
3.376834267764000 2137885867.490150451660156 7.297343092592596
1.876601364435000 2183236452.835798740386963 7.301827425925929
1.874593488762000 1565496020.878306627273560 7.307000259259262
1.881984569360000 1492701377.995511293411255 7.311604370370373
3.307447262262000 1490257126.198757410049438 7.316209833333336
3.309505642443000 1962133709.438452959060669 7.321671925925929
3.301791177076000 2109220862.587763547897339 7.326103037037040
3.287384429508000 2137333478.122859477996826 7.330536888888892
3.301791177076000 2138230124.807659149169922 7.334977796296299
3.416445974266000 2138645722.433857679367065 7.339406370370374
1.881984569360000 2232044830.375633716583252 7.344923462962966
1.880640854400000 1571405921.285266876220703 7.350108148148151
3.293052891674000 1492792848.980380058288574 7.354710444444447
3.302818159224000 1962026677.765483379364014 7.360183166666670
3.379986807804000 2138285753.754960536956787 7.364606944444447
3.301791177076000 2227990983.599832534790039 7.369121351851855
3.361414933208000 2159245016.426648139953613 7.373619462962966
3.270933315608000 2183076009.354236125946045 7.378109407407411
1.881312461840000 2148699084.393255233764648 7.382579222222226
3.423092271432000 1557326186.234817743301392 7.387725055555560
1.867874515684000 1682049494.463168144226074 7.403302555555560
3.332649038544000 1597260449.087286472320557 7.410180703703708
3.376834267764000 1704619789.258378744125366 7.420393314814819
2.023133412062000 1749399086.585512399673462 7.431179055555560
2.029129869556000 1836516038.762501955032349 7.440827555555560
3.700640293440000 1491658326.600991249084473 7.445434944444449
1.861155542606000 2036819065.619753122329712 7.450960888888894
3.287384429508000 1566882936.430257081985474 7.456163981481487
3.463794949783000 1914478414.418802976608276 7.461638314814820
1.888031434918000 2227357484.435622215270996 7.466153611111117
3.309505642443000 1571364664.348756313323975 7.471346666666673
3.370173568294000 1961767504.974349975585938 7.476819185185192
3.379986807804000 2174861967.543552875518799 7.481320944444451
1.894750407996000 2192958562.394339561462402 7.485757333333340
1.902148689746000 1565158959.816968917846680 7.490929500000007
3.321833185963000 1484422365.936935186386108 7.495539685185192
3.331613229984000 1954115646.028013706207275 7.501005277777785
3.324934573177000 2138567302.031357526779175 7.505440370370377
3.310535024082000 2128044997.790138244628906 7.509881740740748
3.401021838942000 2138063373.345130920410156 7.514318703703711
1.889379446994000 2182921408.834659576416016 7.518815722222230
3.363506900012000 1564776976.961057186126709 7.523939092592600
1.903506043495000 2001365352.879835605621338 7.529426481481488
1.881312461840000 1565099912.913526296615601 7.534593759259266
1.880640854400000 1492725448.581902503967285 7.539200870370378
1.874593488762000 1492829799.127339839935303 7.543805777777785
3.317220107810000 1491985723.937137126922607 7.548410740740748
1.888031434918000 2002214356.828608751296997 7.553916444444452
3.393309771280000 1481193325.904933214187622 7.559085129629637
3.447294244914000 1653037337.286865472793579 7.575098314814823
3.316189094660000 1938532405.570751190185547 7.582193574074082
3.354749432970000 2144137052.713453531265259 7.592002722222229
3.586111462830000 2171424719.464959621429443 7.600924166666674
3.665510807550000 2122450811.290939092636108 7.609889074074082
2.042567815712000 2182480887.386087417602539 7.614380000000008
3.625798722490000 1565459375.458773851394653 7.619551796296304
1.874593488762000 1928477718.734134435653687 7.625023092592600
1.894750407996000 1558198844.013900756835938 7.630165407407414
3.295101294366000 1481775101.792596817016602 7.634763537037044
3.307447262262000 1961500494.271862983703613 7.640233611111118
3.378935830746000 2138535748.713647365570068 7.644671222222229
3.370173568294000 2183132998.590120792388916 7.649163333333340
3.301791177076000 2193264929.206866264343262 7.653597222222229
3.432937088315000 2152449610.356392860412598 7.658086129629637
3.356836213230000 2247931983.014542579650879 7.662521296296304
1.879969246960000 2203704274.956491470336914 7.667011703703711
3.377885635956000 1564705478.126903533935547 7.672180407407414
1.875931906446000 2001991648.018844127655029 7.677683648148156
3.300764959336000 1565527419.204552888870239 7.682851018518526
3.388756657184000 1961725907.803506374359131 7.688323629629637
1.869875194670000 2228104386.502184867858887 7.692828611111119
3.478142515562000 1571493315.818218946456909 7.698016370370378
1.896103217268000 2082111993.375227928161621 7.703562333333341
3.309505642443000 1576957385.567098140716553 7.708780092592600
1.881312461840000 1963111340.549315690994263 7.714232666666675
3.434004861810000 1558835574.684309720993042 7.719378648148156
3.294076711709000 1876734428.307014942169189 7.724931518518527
3.324934573177000 1647207644.949316978454590 7.741011851851860
3.361414933208000 2129396995.029301404953003 7.746924277777786
1.855099075512000 2126364098.611335515975952 7.755861722222230
3.311564022624000 1487669396.322521209716797 7.765787000000008
2.015691923400000 2094936374.751187324523926 7.775723074074081
3.594940861022000 1557377660.167331218719482 7.780873648148155
3.340363503911000 1962495617.847925424575806 7.786348296296303
3.586111462830000 2132065822.212169170379639 7.790769296296303
3.285340824012000 2132473280.148283481597900 7.795205240740747
1.874593488762000 2137392135.253600358963013 7.799641351851859
3.371221365379000 1557991485.900997638702393 7.804787500000007
3.362461500632000 2002046479.228711366653442 7.810290555555563
3.378935830746000 2193072132.914009571075439 7.814724500000007
3.324934573177000 2193275074.428961277008057 7.819165722222229
3.325968753798000 2148686900.615684032440186 7.823653351851858
1.890053703965000 2137467893.353360891342163 7.828091685185192
3.296125495712000 1532944728.352927207946777 7.833241000000006
3.324934573177000 1962272459.509235620498657 7.838710925925932
3.286362246342000 2138271788.437409400939941 7.843123944444451
3.331613229984000 2056346487.538451910018921 7.847548666666673
3.431870109590000 2135988131.039398670196533 7.851939203703710
3.355792434645000 2228113230.784388542175293 7.856450148148154
1.874593488762000 2204002115.151840686798096 7.860932796296302
3.293052891674000 1565502163.433148384094238 7.866107185185191
3.270933315608000 1963552343.336455106735229 7.871564740740746
3.363506900012000 2135353340.410060167312622 7.875995888888895
3.301791177076000 2171355983.872553825378418 7.880515444444450
3.393309771280000 2147890558.658524990081787 7.884994759259265
3.395420537520000 2227916283.952237129211426 7.889510907407413
1.881984569360000 2131527526.492633819580078 7.893953092592598
1.874593488762000 1496230009.180775403976440 7.909908333333339
1.881312461840000 1481626340.504285812377930 7.916482351851858
1.867874515684000 1487773092.023592472076416 7.925835629629636
3.587226395655000 1656915340.829923152923584 7.936601018518525
3.618084257123000 1912080153.070481777191162 7.946705296296303
1.916274528090000 2137448096.148867130279541 7.951139777777784
1.856422855140000 1518969969.042471408843994 7.956296185185192
3.364553078088000 1485675303.995367765426636 7.960901518518525
3.417508157581000 1995434475.514587640762329 7.966402148148155
3.324934573177000 2229924323.789662837982178 7.970895462962970
3.339325297646000 2158075298.635691165924072 7.975389666666674
3.377885635956000 2138306762.136043787002563 7.979827777777785
1.889379446994000 2182054868.452493667602539 7.984322703703710
3.318251888940000 1565245732.322690248489380 7.989497259259266
1.889379446994000 1957767128.573459148406982 7.994968407407414
1.881984569360000 1546434371.423841714859009 8.000114370370376
1.888031434918000 1492675764.705882310867310 8.004718537037043
3.318251888940000 1492498709.111820697784424 8.009323462962969
3.307447262262000 1963200519.784641504287720 8.014795814814821
3.319283286080000 2138466113.601391792297363 8.019224555555562
3.372269942946000 2138253294.784665584564209 8.023663388888895
1.881312461840000 2182223686.162060737609863 8.028158277777784
3.365598866816000 1565061497.067559003829956 8.033327148148155
1.880640854400000 1987997247.885447502136230 8.038831333333340
3.307447262262000 1564899976.004842042922974 8.044002129629636
1.874593488762000 1963037878.018563270568848 8.049472907407413
3.361414933208000 1559085997.100938320159912 8.054621444444450
1.875263195898000 1839382259.328995943069458 8.060148814814820
3.342441076448000 1489756069.919230222702026 8.075345185185190
3.309505642443000 2122498432.128377914428711 8.081475222222227
3.340363503911000 2134027121.737890243530273 8.091214574074080
2.023133412062000 2069430245.875036716461182 8.101142833333340
1.869875194670000 1462151357.307422637939453 8.111125833333340
3.594940861022000 1491610156.809422969818115 8.115729203703710
3.618084257123000 1954655753.725873470306396 8.121186537037044
3.386650296113000 2136313566.022817134857178 8.125613037037043
3.386650296113000 2176476534.533694267272949 8.130113740740747
1.887357428880000 2192298959.982952117919922 8.134545648148155
1.881312461840000 1564846046.371661186218262 8.139714833333340
3.309505642443000 1491536695.640970945358276 8.144314481481487
1.882655676720000 1962658146.640545129776001 8.149787425925931
1.883327534200000 1558495045.153760671615601 8.154928296296301
3.401021838942000 1492869534.743202447891235 8.159525518518523
1.875263195898000 2041553313.985831260681152 8.165051481481486
3.432937088315000 1571647568.330553054809570 8.170246814814819
3.301791177076000 2041214597.440673589706421 8.175754629629633
3.372269942946000 2158410190.611313343048096 8.180257685185190
3.288406232256000 2170762506.022905826568604 8.184754407407413
1.894750407996000 2148718654.888278484344482 8.189244740740746
3.408733906604000 1558885108.892660856246948 8.194394222222227
3.378935830746000 2028669341.120055675506592 8.199924370370375
1.888705942822000 2202142151.267014503479004 8.204418018518524
3.324934573177000 1565533382.055801630020142 8.209587129629636
3.407672936876000 1963091354.726728916168213 8.215049759259266
3.431870109590000 2221543731.778425693511963 8.219546870370376
3.301791177076000 2247532874.772405624389648 8.223940648148155
3.401021838942000 2153513468.999790668487549 8.228460629629636
3.301791177076000 2066857743.149065732955933 8.232964611111116
1.883327534200000 2108995978.900537490844727 8.247291814814821
1.869208136172000 1475156351.512556314468384 8.253346074074081
3.407672936876000 1488852089.837561845779419 8.263750037037044
3.594940861022000 2204382606.631027221679688 8.273733407407414
2.030578622748000 2184845536.740717411041260 8.282673685185193
1.874593488762000 1558366320.405449151992798 8.287825722222230
2.029129869556000 1491912177.877759218215942 8.292435629629638
3.363506900012000 1475628663.160052061080933 8.297044203703713
3.324934573177000 1956542896.097024917602539 8.302504425925935
1.894074003360000 2133807915.275930404663086 8.306931870370379
1.873924279920000 1557650957.147021532058716 8.312077370370378
3.318251888940000 1492658496.646563529968262 8.316680166666675
3.340363503911000 1962630529.307619810104370 8.322140129629638
3.301791177076000 2138191942.691683292388916 8.326565833333342
3.439582177252000 2138145975.494816303253174 8.330986666666675
3.440651553682000 2227929453.841484069824219 8.335501703703711
3.446221273266000 2248353931.148872852325439 8.339922944444451
1.881312461840000 2249128850.242599010467529 8.345357907407415
3.324934573177000 1571513951.664646625518799 8.350553092592600
3.309505642443000 1962349344.090719938278198 8.356020481481488
3.316189094660000 2138513903.723156929016113 8.360441759259267
1.894750407996000 2138800531.480138778686523 8.364859888888896
3.431870109590000 1557313614.026245355606079 8.370003685185193
3.369124600486000 2033686630.661074638366699 8.375527518518526
1.888031434918000 2202804850.792599678039551 8.380001777777785
3.377885635956000 1565786616.270079851150513 8.385175555555563
3.317220107810000 2002126079.709046840667725 8.390674722222229
1.881312461840000 2148851924.158697605133057 8.395151907407415
1.874593488762000 1555771829.721529006958008 8.400309037037045
3.349119348372000 1969871458.296108961105347 8.416373574074083
1.881312461840000 2077739468.102265119552612 8.422458703703713
1.881312461840000 1673635307.720607519149780 8.433029259259268
3.718372306894000 1487941471.243870019912720 8.442375092592600
3.673227672408000 2163757149.807877063751221 8.452385074074082
3.465949291744000 2203327079.880676269531250 8.456854703703712
1.914223726800000 2236981673.029623031616211 8.461326962962971
1.882655676720000 1549941783.019809722900391 8.466520814814823
3.370173568294000 1492110747.928451538085938 8.471126870370378
1.908188354152000 1997057071.709114551544189 8.476615092592601
3.494652811251000 1559145072.711780548095703 8.481787722222231
1.888031434918000 2071305843.161969900131226 8.487341222222231
3.325968753798000 1574309386.660613298416138 8.492562185185193
3.316189094660000 1949336195.078251123428345 8.498019444444452
3.432937088315000 2137347604.553225278854370 8.502460740740748
3.439582177252000 2227512480.534474849700928 8.506967759259267
3.441721726668000 2248270525.619889736175537 8.511393574074081
3.300764959336000 2248452826.083318233489990 8.515819277777785
1.888705942822000 2158284432.650479316711426 8.520327407407414
1.875263195898000 1558898579.004403114318848 8.525471166666673
3.425222622948000 1492785093.557350873947144 8.530076185185191
3.418571132094000 2042210768.766553878784180 8.535599703703710
3.489107082112000 2247579207.237213611602783 8.540025388888894
3.432937088315000 2293590013.844480037689209 8.544519759259265
3.416445974266000 2258955185.056731224060059 8.549004870370375
3.440651553682000 2248388300.533689022064209 8.553446351851857
3.348077969278000 2248406650.545650482177734 8.557880407407414
1.901469381074000 2203850667.459933757781982 8.562362574074081
1.881984569360000 1563321032.339287042617798 8.567540314814822
3.379986807804000 1932922951.997251749038696 8.583549814814821
1.900111774606000 2128627574.970755338668823 8.589676277777784
3.340363503911000 1709006935.245071411132812 8.600370444444451
2.035848842634000 1958616108.156549453735352 8.610454592592600
1.888031434918000 1867317831.638667106628418 8.620194666666674
2.035122067440000 1492543512.775886297225952 8.624801870370376
2.008972950322000 1492913491.664488077163696 8.629406222222228
3.594940861022000 1492611538.507988929748535 8.634006277777782
3.438511605988000 1945111420.838971853256226 8.639480351851857
1.895427316284000 2218794348.547717571258545 8.643943314814820
3.401021838942000 1564041906.790945291519165 8.649158592592597
3.377885635956000 2000594748.388403177261353 8.654645444444450
3.381037393728000 2193040744.353568077087402 8.659087777777783
3.307447262262000 2193130494.706287860870361 8.663521759259265
3.323901162322000 2147859029.670779705047607 8.667998666666673
3.323901162322000 2138615207.344413280487061 8.672434388888895
3.355792434645000 2138412506.898108482360840 8.676863944444451
1.887357428880000 2138191445.042307138442993 8.681300185185192
1.887357428880000 1559148437.246963500976562 8.686446018518525
1.887357428880000 1492860564.213372707366943 8.691048296296303
1.888031434918000 1492839671.580067634582520 8.695642685185192
1.873924279920000 1491760564.230278730392456 8.700245481481488
3.340363503911000 1492910704.153940677642822 8.704847537037043
3.370173568294000 1963163584.290545940399170 8.710317703703710
3.376834267764000 2183416682.442609786987305 8.714817444444451
3.424158041928000 2193443391.971132278442383 8.719251444444451
3.415382604154000 2238372404.411006927490234 8.723743574074080
1.881312461840000 2247704802.442783832550049 8.728176888888894
1.888031434918000 1571679015.519069433212280 8.733364055555562
1.881312461840000 1492541924.940831899642944 8.737964870370377
1.881312461840000 1393225735.634569644927979 8.742604351851858
3.302818159224000 1488934854.964270114898682 8.757215055555562
3.308477026998000 2077079110.068692207336426 8.763310407407415
3.294076711709000 2133037287.332697868347168 8.773005388888896
3.609247665816000 2109168132.930214166641235 8.781972500000007
3.402079226847000 1718242477.682163953781128 8.792788462962971
3.750396320988000 2226840956.063326835632324 8.797295370370378
3.416445974266000 2246308872.757362842559814 8.801726537037045
3.308477026998000 2220406054.897515296936035 8.806169833333341
3.332649038544000 2157839520.977757453918457 8.810679018518526
1.888031434918000 2138115043.620115041732788 8.815117592592600
1.888705942822000 1557428654.800116777420044 8.820258092592599
1.880640854400000 1492622839.208112001419067 8.824860314814822
1.887357428880000 1492440119.386632919311523 8.829457888888896
3.309505642443000 1492559913.038226842880249 8.834057611111119
1.888031434918000 1959744901.755216598510742 8.839533351851859
3.395420537520000 1558403354.270543336868286 8.844681018518525
1.888705942822000 2001594854.698492050170898 8.850174703703710
3.301791177076000 1556394397.285356521606445 8.855342833333339
3.324934573177000 1961677838.591173887252808 8.860817314814820
3.377885635956000 2138558197.642245054244995 8.865234574074080
3.393309771280000 2183508535.293365955352783 8.869726814814820
3.317220107810000 2193509982.093589305877686 8.874163462962969
3.323901162322000 2148767687.861271381378174 8.878648648148154
3.376834267764000 2138490362.593824625015259 8.883079685185191
3.324934573177000 2183035215.798851966857910 8.887569462962968
3.309505642443000 2147745435.282822132110596 8.892044203703708
1.894750407996000 2138613562.125629663467407 8.896477574074078
3.385597703618000 1558454542.838851690292358 8.901626500000004
3.330576264096000 1960930571.252614021301270 8.907099203703709
3.387703672662000 2134882750.397456169128418 8.921356537037042
3.409793692214000 2174414879.904816150665283 8.927333277777782
1.888705942822000 1915128528.342071533203125 8.938010703703709
3.688661402124000 1823730465.782021045684814 8.947662333333339
3.601535598154000 1968331852.245568275451660 8.957835870370376
3.641227653224000 2157111983.652862071990967 8.962340000000006
1.914907327230000 2138042132.535120964050293 8.966757277777784
3.355792434645000 1537222147.998103618621826 8.971913500000007
1.894750407996000 1992845973.553841829299927 8.977404740740747
1.888031434918000 1565205466.986708879470825 8.982573814814820
1.902148689746000 1492685617.760617733001709 8.987178259259265
1.881312461840000 1477069709.817298412322998 8.991782000000006
1.880640854400000 1490641680.931600570678711 8.996390555555562
3.340363503911000 1492700428.534605026245117 9.000988481481489
1.875263195898000 1963041518.250152349472046 9.006457740740748
3.332649038544000 1550816430.521811962127686 9.011625629629638
3.323901162322000 1950103785.582855463027954 9.017100592592600
1.902148689746000 2137432630.568195819854736 9.021536333333341
3.516702853872000 1558468056.596161603927612 9.026677370370377
3.363506900012000 2081034600.102088928222656 9.032228092592600
3.332649038544000 2169716310.261925697326660 9.036765000000008
3.323901162322000 2138243553.008596181869507 9.041185666666674
1.896103217268000 2138386443.798246860504150 9.045611685185193
3.323901162322000 1557246807.240398406982422 9.050760777777786
3.393309771280000 1962127053.074521303176880 9.056217814814822
3.446221273266000 2165325298.118321895599365 9.060699629629637
1.888705942822000 2238152845.986301898956299 9.065171814814821
3.435072237920000 1486247793.284746408462524 9.070370592592599
3.294076711709000 1674723935.970628976821899 9.086410685185193
3.284318260428000 2125188062.230770826339722 9.092399148148155
1.876601364435000 2148756305.228181838989258 9.101366574074081
1.888031434918000 1820551516.747541904449463 9.110930166666673
2.023133412062000 1817783778.127730369567871 9.121548888888896
3.302818159224000 1491381992.001094579696655 9.126151370370376
3.594940861022000 1962436596.470102548599243 9.131626296296302
1.873924279920000 2131447972.863026142120361 9.136064685185191
3.323901162322000 1543110757.889058828353882 9.141214222222228
3.354749432970000 1962357196.592318534851074 9.146679000000006
3.324934573177000 2138392073.460605144500732 9.151119777777783
3.446221273266000 2138479891.549932241439819 9.155545777777784
1.894750407996000 2226671088.555288791656494 9.160063148148154
1.894074003360000 1571524152.770690441131592 9.165252722222228
1.888705942822000 1492964309.986367464065552 9.169857703703709
3.321833185963000 1490925435.012739419937134 9.174458462962969
3.394364761480000 1962682918.245803833007812 9.179931055555562
3.449438591526000 2181805503.904797554016113 9.184412722222229
3.345995598652000 2238264858.977915763854980 9.188884703703710
3.408733906604000 2159015007.415380477905273 9.193392351851859
3.385597703618000 2183023369.504833221435547 9.197892518518525
1.914223726800000 2193419517.404799461364746 9.202331481481488
3.316189094660000 1565296593.380216598510742 9.207500611111119
3.403137402378000 1962270529.003219366073608 9.212947962962970
3.306418646817000 2183241793.362016677856445 9.217432814814821
3.332649038544000 2148703136.800141811370850 9.221920166666672
1.894074003360000 2138177526.062550306320190 9.226353944444449
1.895427316284000 1558967060.634616851806641 9.231502574074080
1.990236001104000 1491891402.496438980102539 9.236104685185191
3.363506900012000 1489942574.352876901626587 9.240714833333339
3.300764959336000 1669889419.040990829467773 9.256200722222228
3.387703672662000 2140377283.824836015701294 9.262162537037042
3.362461500632000 1885359423.501008510589600 9.272793759259265
2.023854852474000 1896621483.881711483001709 9.283469462962969
3.673227672408000 1837839973.140198707580566 9.293121777777785
3.615833953382000 1998673343.527529239654541 9.298607833333341
3.340363503911000 2148438187.057378768920898 9.303087148148155
1.881984569360000 2135525736.584387540817261 9.307519518518525
3.392253602320000 1532924970.835193634033203 9.312662703703710
1.881312461840000 2001575235.832387924194336 9.318165277777783
3.425222622948000 1565379201.488931417465210 9.323339259259265
3.424158041928000 2040285573.232043266296387 9.328853314814822
3.342441076448000 2248233468.506359100341797 9.333278370370378
3.332649038544000 2158838160.486567020416260 9.337781574074082
1.868541822436000 2138296609.565643787384033 9.342199777777786
3.316189094660000 1548434384.729931116104126 9.348355611111119
1.882655676720000 1962767497.102931737899780 9.353804925925933
3.300764959336000 1558975752.011664867401123 9.358948537037044
1.881312461840000 1962076842.087445020675659 9.364418629629636
1.890053703965000 1558614127.792005538940430 9.369559796296302
1.875263195898000 1492696461.779978275299072 9.374160351851858
3.301791177076000 1492801278.212110757827759 9.378767481481487
1.882655676720000 1952856712.799272537231445 9.384266925925932
1.860491130960000 1558943090.249436378479004 9.389417055555562
1.868541822436000 1492906014.855872154235840 9.394014314814822
3.332649038544000 1492805741.788533926010132 9.398616055555562
3.301791177076000 2000927157.537361145019531 9.404114222222230
3.286362246342000 2147743619.441571712493896 9.408591074074081
3.425222622948000 2018802119.099714994430542 9.413051388888896
3.363506900012000 2159661071.396779060363770 9.427405444444451
3.371221365379000 2178168595.838927268981934 9.433392148148155
3.323901162322000 2177064728.448924541473389 9.442254814814822
3.716059627996000 2132158124.173273563385010 9.451158740740748
3.731478962552000 2165065933.137239933013916 9.460142870370378
3.394364761480000 2247735274.856825828552246 9.464582555555562
1.881312461840000 2203738588.646245002746582 9.469067611111118
3.309505642443000 1543921552.761228084564209 9.474239759259266
1.881312461840000 1961770445.035490989685059 9.479705407407414
3.316189094660000 1550009859.661748886108398 9.484851703703709
1.902148689746000 1962994182.857375144958496 9.490320851851857
3.431870109590000 1559000802.022679567337036 9.495469870370375
3.316189094660000 2040742788.823807239532471 9.500999481481486
3.404195184096000 2158950635.251866340637207 9.505516500000004
3.401021838942000 2170820704.561264038085938 9.509988944444448
1.895427316284000 2193020463.710518836975098 9.514424981481485
1.901469381074000 1565002752.924982786178589 9.519591203703706
3.354749432970000 1491982367.302285671234131 9.524195444444448
3.373318130272001 1997149166.942439079284668 9.529679481481486
1.902148689746000 2192775298.994774818420410 9.534106351851856
3.317220107810000 1564962487.324377536773682 9.539274481481485
3.332649038544000 1959752425.505949497222900 9.544737259259263
1.901469381074000 2138350872.934835195541382 9.549162518518521
1.900790577840000 1558477313.210480213165283 9.554308685185187
3.425222622948000 1492774742.984832286834717 9.558916425925927
3.333685618656000 2041291791.885800123214722 9.564437611111112
3.485854583224000 2159290920.987115859985352 9.568937814814815
3.316189094660000 2095139586.574794292449951 9.573436814814814
1.902826987542000 1630552530.207902431488037 9.589464629629628
1.895427316284000 1481512768.874276638031006 9.595570333333331
3.342441076448000 1559925454.790459394454956 9.604503018518516
1.887357428880000 2141778963.321545839309692 9.614510407407405
2.035848842634000 1850563660.541075944900513 9.624161277777775
3.317220107810000 1472126682.659511566162109 9.630676537037035
2.029129869556000 1960764150.143899917602539 9.636139444444442
2.028405492960000 1554604811.021298408508301 9.641285037037035
1.894750407996000 1492875773.326419115066528 9.645891759259257
3.309505642443000 1468497680.676318645477295 9.650502777777776
3.370173568294000 1960107331.605689287185669 9.655947999999999
3.317220107810000 2183193943.442440509796143 9.660438999999998
3.355792434645000 2148898336.505834579467773 9.664914185185184
3.363506900012000 2180716404.215746879577637 9.669394740740740
3.355792434645000 2193107168.322776794433594 9.673835833333333
3.417508157581000 2193333305.488263130187988 9.678269537037037
1.861820448974000 2237892497.951277732849121 9.682743870370370
1.894750407996000 1570775189.264942407608032 9.687936962962963
3.293052891674000 1486844079.445043563842773 9.692539259259259
1.869208136172000 1962558538.812785387039185 9.698014259259260
1.875931906446000 1559238024.291497945785522 9.703160092592594
3.293052891674000 1492829866.297350406646729 9.707759851851852
3.318251888940000 1962718123.716510772705078 9.713224555555556
1.881312461840000 2138560786.173154354095459 9.717637870370371
3.354749432970000 1558676776.008442878723145 9.722779185185185
3.317220107810000 2000940963.766013860702515 9.728269222222222
3.377885635956000 2148852694.551445007324219 9.732754611111110
3.395420537520000 2227819310.844643592834473 9.737251796296295
3.310535024082000 2248386398.415511131286621 9.741693000000000
3.354749432970000 2159024736.113904953002930 9.746203574074073
1.881984569360000 2168220808.530123710632324 9.750733055555555
1.868541822436000 1503119599.667547225952148 9.766730870370370
3.293052891674000 1482540642.402629852294922 9.773305148148149
1.874593488762000 1921791997.080194950103760 9.783351481481482
2.022410896478000 1662931972.342115163803101 9.793215388888889
1.875263195898000 1476617260.706873655319214 9.802638203703705
3.584995284270000 1492132460.392100095748901 9.807245870370371
3.616959733478000 1960819371.594439268112183 9.812700592592593
3.386650296113000 2130926559.280608177185059 9.817140555555556
3.308477026998000 2162885306.208105087280273 9.821640944444445
3.341402483514000 2147938159.685874462127686 9.826116629629629
3.323901162322000 2138205107.022155523300171 9.830554962962962
3.386650296113000 2137989231.116800785064697 9.834981296296295
3.334721812992000 2182459991.406663417816162 9.839463666666665
1.895427316284000 2148150686.175746917724609 9.843949074074073
3.309505642443000 1558783947.904886245727539 9.849090666666665
3.362461500632000 1962787810.314818859100342 9.854548833333332
1.890053703965000 2182989325.895928382873535 9.859043962962962
1.888031434918000 1561674243.156978368759155 9.864213462962962
1.881312461840000 1492835096.633115768432617 9.868820425925925
1.881984569360000 1492973538.461538314819336 9.873424592592592
1.880640854400000 1492741877.082025766372681 9.878027481481480
3.286362246342000 1492674121.547317504882812 9.882624685185183
3.308477026998000 1961988067.434294462203979 9.888071962962961
3.301791177076000 2138600919.958593368530273 9.892508555555553
1.875931906446000 2138168877.742946624755859 9.896939111111109
3.402079226847000 1558535279.244494676589966 9.902080629629628
1.868541822436000 2041962671.885944366455078 9.907606203703702
3.425222622948000 1570711626.744725704193115 9.912793796296295
3.664371049325000 2040924408.551705598831177 9.918320092592591
3.308477026998000 2240732744.722971439361572 9.922754055555554
3.383491342547000 2134915115.305500030517578 9.937086351851850
1.887357428880000 2173933035.271970748901367 9.943067388888887
1.887357428880000 1822487769.598744392395020 9.952695037037035
3.686368342436000 1656920807.191845655441284 9.963468555555554
1.889379446994000 1981863145.923247337341309 9.973629148148147
3.619209618402000 1571449490.070545434951782 9.978824129629629
1.888031434918000 1961883673.012925148010254 9.984288611111111
3.301791177076000 1548359802.954245805740356 9.989431240740741
1.883327534200000 1961489377.731925010681152 9.994887981481481
3.317220107810000 1557365107.816566228866577 10.000033037037037
1.881312461840000 1963338503.899939298629761 10.005500833333333
3.308477026998000 1559056119.679809093475342 10.010652851851852
1.907507152320000 1962042189.833930015563965 10.016120203703704
3.347037365308000 1559050205.305186748504639 10.021266111111110
3.431870109590000 2002277049.544545650482178 10.026767333333332
3.415382604154000 2226648047.454275608062744 10.031262888888888
3.440651553682000 2248165891.220105648040771 10.035692833333332
1.880640854400000 2246279653.061990737915039 10.040131666666666
3.317220107810000 1571722087.820334434509277 10.045321555555555
3.424158041928000 1963383841.565646648406982 10.050788944444443
3.455006312576000 2227770619.063216209411621 10.055311907407406
3.316189094660000 2293402186.959910869598389 10.059801481481481
1.881312461840000 2168921670.122956752777100 10.064337851851851
3.342441076448000 1559362759.903264999389648 10.069475981481482
3.392253602320000 2001794393.784060955047607 10.074967240740740
3.323901162322000 2238202017.205576896667480 10.079461907407406
3.309505642443000 2152701201.448321342468262 10.083962648148146
3.371221365379000 2124519979.982484817504883 10.088403203703702
3.355792434645000 2125145015.183887958526611 10.102721499999999
3.426287996952000 1876937869.642739295959473 10.109732148148147
3.354749432970000 1733987438.753630638122559 10.121425962962961
3.625798722490000 1743624635.395870208740234 10.132371370370368
1.888031434918000 2141206226.877235412597656 10.141406277777776
2.034395292246000 1564655852.733853340148926 10.146579074074072
1.888705942822000 1484511867.094944953918457 10.151202814814813
2.037302393022000 1492442630.597014904022217 10.155808444444443
3.317220107810000 1439443375.063318490982056 10.160414777777776
3.385597703618000 1956109145.364157438278198 10.165868259259257
1.881984569360000 2182172700.593142509460449 10.170354722222219
3.376834267764000 1565283919.733064651489258 10.175521740740738
1.881312461840000 2000367119.792650938034058 10.181008999999998
3.333685618656000 1564862044.138138532638550 10.186178796296295
1.895427316284000 1963094683.575173616409302 10.191646129629628
3.385597703618000 1557735132.235897064208984 10.196790555555554
1.875263195898000 2002199993.942025184631348 10.202292944444443
3.388756657184000 1565796982.295176029205322 10.207459981481479
1.873255071078000 2041153966.691443920135498 10.212990759259258
1.888705942822000 1571723496.095211982727051 10.218186185185184
3.392253602320000 1492689657.393614768981934 10.222785999999999
3.471509415150000 2041439643.524121999740601 10.228309203703702
1.888031434918000 2293583997.031906604766846 10.232801425925924
3.354749432970000 1578224263.844827175140381 10.238019981481481
3.434004861810000 2001895652.115391731262207 10.243523296296296
1.860491130960000 2237360133.145563602447510 10.248007388888889
3.393309771280000 1571322683.091136455535889 10.253202888888888
3.447294244914000 2042081329.803277730941772 10.258728629629628
3.293052891674000 2220758183.049487113952637 10.263158518518518
1.881984569360000 2214567489.381064414978027 10.277484777777778
1.869875194670000 1510307158.203567028045654 10.284440537037037
3.296125495712000 1487492297.000572204589844 10.293793555555556
3.587226395655000 2106518873.983093023300171 10.303684203703705
3.324934573177000 2119026803.198856830596924 10.312601740740742
3.738025742905000 2137989959.562827825546265 10.317039351851854
3.501278718548000 2227255499.348195075988770 10.321556722222224
1.887357428880000 2291366604.300774097442627 10.326050314814816
1.868541822436000 1542507933.240829229354858 10.331268629629632
3.394364761480000 1486874379.089169979095459 10.335876555555558
3.440651553682000 2000667747.316312074661255 10.341383074074077
3.347037365308000 2238018224.437914848327637 10.345870333333336
1.879969246960000 2156504876.090527534484863 10.351382870370372
1.895427316284000 1557491529.209188699722290 10.356523629629631
1.888031434918000 1492763600.117361783981323 10.361131092592593
1.894750407996000 1492730463.456318616867065 10.365736185185186
1.901469381074000 1492870803.809615612030029 10.370338574074076
3.316189094660000 1492751401.101555824279785 10.374938129629632
3.508990786210000 1962036322.322458267211914 10.380398500000002
3.332649038544000 2272715522.723937034606934 10.384940944444446
1.867874515684000 2169425760.469100475311279 10.389469703703705
3.492479276934000 1559234009.971637964248657 10.394621351851853
3.463794949783000 2080755694.044564962387085 10.400172148148149
1.881312461840000 2258792547.801659107208252 10.404667962962964
3.323901162322000 1571121267.698104619979858 10.409857888888890
3.386650296113000 1962035144.115915060043335 10.415330592592595
3.325968753798000 2183162084.793445587158203 10.419833037037039
1.894074003360000 2148119143.770284652709961 10.424317814814817
3.323901162322000 1558185923.968988656997681 10.429462888888891
3.323901162322000 1825800079.244938135147095 10.434931166666669
3.300764959336000 1647997953.965374231338501 10.450987518518520
3.341402483514000 2064300887.009033203125000 10.456893759259261
3.371221365379000 1728104119.014763593673706 10.467669888888890
3.638962955216000 2155185361.721915721893311 10.476590185185186
3.656656583958000 2176884965.337505817413330 10.485514870370372
3.308477026998000 2192201000.879207134246826 10.489959111111112
3.331613229984000 2148417907.368282318115234 10.494446814814816
1.901469381074000 2116171864.252752304077148 10.498889166666668
1.881984569360000 1552678900.668356895446777 10.504031685185186
1.893397598724000 1492042878.132233142852783 10.508632148148148
3.394364761480000 1492514669.528621435165405 10.513239203703703
3.457155456384000 1994302022.016921758651733 10.518763574074073
3.402079226847000 2237941558.281096935272217 10.523259981481480
3.394364761480000 2203544593.658230781555176 10.527749907407406
3.440651553682000 2188411315.022672176361084 10.535954666666665
3.463794949783000 2238152230.927766799926758 10.540438351851851
3.440651553682000 2248453634.043405055999756 10.544878870370368
1.888705942822000 2248377583.811739444732666 10.549304574074073
3.317220107810000 1571741274.111711263656616 10.554494537037035
3.362461500632000 1962565208.392006874084473 10.559952111111109
3.395420537520000 2183305277.210099697113037 10.564446629629627
1.868541822436000 2193582249.719629287719727 10.568888499999998
3.339325297646000 1565672812.775125503540039 10.574062907407406
1.881312461840000 2002226500.932088851928711 10.579566277777776
1.888705942822000 1564810808.873340845108032 10.584732814814812
3.377885635956000 1493051683.387999296188354 10.589339925925923
3.428667583875000 2001976560.370673179626465 10.594843425925923
3.352662264255000 2068713730.330145120620728 10.599344814814811
3.295101294366000 1664249457.845933675765991 10.615381666666662
1.895427316284000 2126405274.503765344619751 10.621334833333329
3.269916688688000 1632939281.354796171188354 10.631059407407403
3.355792434645000 2104631389.194066047668457 10.641054944444440
3.601535598154000 1888707651.762679815292358 10.651721574074068
3.670944207112000 2136596304.086538314819336 10.656158907407402
3.447294244914000 2181932175.780237674713135 10.660660740740736
1.881984569360000 2229934542.996347904205322 10.665153370370366
1.887357428880000 1538748625.566074371337891 10.670350796296292
1.868541822436000 1492335671.987641572952271 10.674954055555551
1.887357428880000 1492228699.353313922882080 10.679561592592588
1.874593488762000 1491213635.522217512130737 10.684163407407404
3.425222622948000 1492731404.842285633087158 10.688765611111107
3.333685618656000 2042034885.201090812683105 10.694293796296291
3.316189094660000 2158824218.205092430114746 10.698807388888884
3.309505642443000 2138074989.558098793029785 10.703241092592588
1.888705942822000 2138625920.483577251434326 10.707677166666661
3.372269942946000 1558169708.528247594833374 10.712823462962957
1.881984569360000 2001990339.269255876541138 10.718328759259254
3.424158041928000 1565483992.696287155151367 10.723501166666662
3.440651553682000 2040695363.704738616943359 10.729016425925920
3.501278718548000 2248124880.559234142303467 10.733435166666661
3.381037393728000 2293317866.080794334411621 10.737919351851847
3.363506900012000 2214144011.816354274749756 10.742432870370365
1.889379446994000 2193401300.034211635589600 10.746871499999994
3.440651553682000 1564255142.528414249420166 10.752038111111105
3.456080484416000 2041495480.971717119216919 10.757551833333327
3.362461500632000 2248310804.993542671203613 10.761982740740734
1.900790577840000 2159113976.818135261535645 10.766496166666661
1.888705942822000 1555967196.151206731796265 10.771650259259253
3.316189094660000 1490384840.797150135040283 10.786242055555549
3.309505642443000 2022313250.376042604446411 10.792336222222216
1.881312461840000 1776372593.982060194015503 10.801211537037030
3.393309771280000 1820572788.119640111923218 10.810773537037031
3.602655326389000 1961019391.768661022186279 10.820886648148143
1.875263195898000 2156192896.674009799957275 10.827090314814809
2.022410896478000 1555572297.036767482757568 10.832229222222216
3.701792477760000 1491918453.121414422988892 10.836829166666661
2.048555216400000 2040567782.965705871582031 10.842350055555549
3.308477026998000 1544354656.561882972717285 10.847554777777772
3.323901162322000 1956866038.636386871337891 10.853025537037031
3.301791177076000 2135490245.847231388092041 10.857461444444438
3.323901162322000 2138314099.587041378021240 10.861887499999993
3.425222622948000 2136699735.510724067687988 10.866305518518510
3.424158041928000 2227713089.039633750915527 10.870815370370362
3.323901162322000 2246821513.994114398956299 10.875251759259251
1.881984569360000 2159243770.180671215057373 10.879759648148140
3.308477026998000 1548496318.557475566864014 10.884935759259251
1.882655676720000 1962487654.908142089843750 10.890387018518510
3.316189094660000 1559216848.236436367034912 10.895537574074066
3.361414933208000 1957745077.586411952972412 10.900987888888880
3.316189094660000 2182360998.695055961608887 10.905472259259250
3.377885635956000 2148817182.858343601226807 10.909966833333325
3.371221365379000 2182960738.459511756896973 10.914464685185177
3.357879603360000 2193303818.040889263153076 10.918908499999992
3.354749432970000 2193464216.270463466644287 10.923337111111103
1.883327534200000 2193731302.564960956573486 10.927762851851844
3.318251888940000 1564994786.780765533447266 10.932934888888880
3.363506900012000 1963128880.794320821762085 10.938405203703695
1.969362424366000 2183176515.666522502899170 10.942899925925918
3.301791177076000 1561293377.696683406829834 10.948076037037030
1.868541822436000 1634509305.743722915649414 10.963535425925919
3.263218850241000 1479647863.372225284576416 10.969644481481474
1.894750407996000 2095017923.891329050064087 10.977625759259253
3.371221365379000 1633224334.629698753356934 10.987358574074067
3.586111462830000 2173682303.910299777984619 10.997347388888882
3.286362246342000 2111456788.069633483886719 11.003581092592585
2.035848842634000 2134741017.187421560287476 11.008007240740733
3.289428035004000 1554427098.791223049163818 11.013148648148141
3.594940861022000 1960433192.333874225616455 11.018616666666659
3.323901162322000 2092610662.654870271682739 11.023060351851845
1.881312461840000 2135301623.083859443664551 11.027496351851845
3.316189094660000 1555161543.972838878631592 11.032639888888882
3.318251888940000 1962042151.285756587982178 11.038112240740734
3.363506900012000 2138195877.064603805541992 11.042540944444438
3.370173568294000 2181944269.277118206024170 11.047028129629624
1.894750407996000 2191876162.154486179351807 11.051461944444439
3.332649038544000 1564381799.935486316680908 11.056628796296291
1.896779873730000 1963177626.478245735168457 11.062098555555551
1.867874515684000 1558575958.813731670379639 11.067235111111106
1.867874515684000 1492836486.192650556564331 11.071834111111107
1.874593488762000 1492049374.660141229629517 11.076431611111106
3.332649038544000 1493095414.778626441955566 11.081033351851847
3.362461500632000 1963195543.850622177124023 11.086503944444440
3.425222622948000 2183091172.476233482360840 11.091003759259255
3.318251888940000 2238394669.438360691070557 11.095493592592588
1.888031434918000 2158340799.654634475708008 11.099954777777773
3.368076803401000 1558808099.162826776504517 11.105091111111106
3.286362246342000 1988438945.781916618347168 11.110595629629625
3.354749432970000 2148817531.556802272796631 11.115084888888884
3.362461500632000 2183316590.155835151672363 11.119582759259254
1.881984569360000 2187435600.060030937194824 11.124024907407403
3.286362246342000 1972811013.618871450424194 11.139024518518514
1.873255071078000 1829170771.650721073150635 11.146465037037032
3.293052891674000 1631790957.474136114120483 11.156197240740736
3.602655326389000 1974039100.684262037277222 11.166427240740736
2.037302393022000 2118613007.613026380538940 11.175337407407403
3.431870109590000 1555985221.799107313156128 11.180477611111106
3.348077969278000 2036904291.693983793258667 11.185985666666662
1.881984569360000 2115426612.687778711318970 11.190491314814810
3.438511605988000 1558424563.774794816970825 11.195642833333329
3.371221365379000 2037859883.662284612655640 11.201150425925922
3.354749432970000 2203395352.292283058166504 11.205637703703699
3.430801938710000 2191992394.070718765258789 11.210068944444441
1.881312461840000 2193113683.367803096771240 11.214510129629625
3.381037393728000 1563942063.145225524902344 11.219679870370365
3.371221365379000 1999938269.653170347213745 11.225185296296290
3.361414933208000 2191969441.952644348144531 11.229623722222216
3.371221365379000 2193065203.475845336914062 11.234050037037031
3.367690444272000 2193490976.647655963897705 11.238475796296290
3.302818159224000 2193411130.474029064178467 11.242907074074068
3.364553078088000 2138874058.922828674316406 11.247415796296291
3.324934573177000 2183269734.648770809173584 11.251915074074070
1.896103217268000 2148058379.769598960876465 11.256404833333329
3.440651553682000 1559245781.765157938003540 11.261561018518515
1.888031434918000 2040688399.661303758621216 11.267072351851848
1.883327534200000 1570733059.284475564956665 11.272262018518514
3.361414933208000 1491928494.128343820571899 11.276865111111107
3.394364761480000 2001144418.980857610702515 11.282359925925922
1.861155542606000 2193535403.070654869079590 11.286778092592590
1.888031434918000 1484020954.265689849853516 11.291962222222219
3.408733906604000 1486210861.140317201614380 11.306598499999996
3.423092271432000 2141742547.433613777160645 11.312764037037033
3.431870109590000 2240890473.213060379028320 11.322478555555550
2.029129869556000 2226437789.789492130279541 11.331440999999995
1.868541822436000 1867337170.315248012542725 11.341106518518513
3.578399395168000 1490856290.314797163009644 11.345711481481477
3.293052891674000 1984918926.345073938369751 11.352181592592588
3.386650296113000 2138506677.576784849166870 11.356617388888884
3.325968753798000 2162082161.842397212982178 11.361125203703699
1.901469381074000 2158236984.328257083892822 11.365637925925920
1.888705942822000 1557349141.979151248931885 11.370784351851846
1.887357428880000 1492776893.007094144821167 11.375389018518513
3.324934573177000 1490843176.595046281814575 11.379957851851847
3.378935830746000 1963259230.920281887054443 11.385427592592588
1.895427316284000 2183275888.917726516723633 11.389922759259255
3.315156929540000 1564246951.809560775756836 11.395089759259255
3.308477026998000 1958768534.246482610702515 11.400562611111107
1.873924279920000 2137285432.435941934585571 11.404983518518515
1.875263195898000 1558844082.848753452301025 11.410129888888886
3.301791177076000 1492661167.803876399993896 11.414730166666663
3.318251888940000 1962672026.203183174133301 11.420191759259255
3.355792434645000 2138912209.661529064178467 11.424627833333329
3.364553078088000 2183449602.449503421783447 11.429127611111106
1.881984569360000 2193584007.150255680084229 11.433561537037033
3.332649038544000 1565192779.716146230697632 11.438731129629625
1.860491130960000 1962210115.783883810043335 11.444205888888884
1.883327534200000 1559130722.833065509796143 11.449354611111106
1.869208136172000 1492848111.360835075378418 11.453952277777773
3.317220107810000 1491962501.809758186340332 11.458556944444441
3.383491342547000 1895558904.183791399002075 11.464026907407403
3.308477026998000 1642388253.265579700469971 11.480065407407404
3.323901162322000 1939392608.948033571243286 11.486892481481478
3.354749432970000 2201625942.990228176116943 11.496767981481478
3.609247665816000 2130173637.929208040237427 11.505682444444441
3.308477026998000 1885631615.609772920608521 11.516342907407404
3.624671801140000 2136248278.799063205718994 11.520778333333331
3.362461500632000 2128525509.030133962631226 11.525204870370368
3.394364761480000 2180500991.957325458526611 11.529704018518517
1.909550757816000 2205735947.507686614990234 11.534197092592592
1.875263195898000 1570783959.313377618789673 11.539389444444444
3.324934573177000 1490436547.112462043762207 11.543958888888888
3.384543935042000 1962184195.392578125000000 11.549433148148147
3.377885635956000 2182992186.627510547637939 11.553910277777776
3.401021838942000 2181322555.093260288238525 11.558352240740739
1.881984569360000 2193202308.619373798370361 11.562792925925924
1.889379446994000 1564277765.430417060852051 11.567958888888887
3.331613229984000 1491808140.002897977828979 11.572559851851850
1.888031434918000 1962883691.183188676834106 11.578032351851849
1.888031434918000 1559168308.499045133590698 11.583181296296294
3.334721812992000 1492742037.845120668411255 11.587785833333331
3.309505642443000 1962238003.422510385513306 11.593250740740739
3.386650296113000 2138367521.510316610336304 11.597684444444443
3.415382604154000 2183023522.969172477722168 11.602182018518517
3.416445974266000 2238290667.470566272735596 11.606666333333331
3.424158041928000 2238016531.874898910522461 11.611129092592591
3.377885635956000 2248478031.399248600006104 11.615557129629629
3.324934573177000 2202993590.802471160888672 11.620041425925924
1.887357428880000 2148975316.403341770172119 11.624518833333331
2.011124759735000 1559324731.848036289215088 11.629667240740739
1.868541822436000 1401709224.366431951522827 11.634299296296295
3.363506900012000 1927768858.678871870040894 11.650313388888888
3.308477026998000 2070030815.205555677413940 11.656435907407406
3.287384429508000 1774818424.374510288238525 11.665340777777777
3.488022915816000 2132776987.742568969726562 11.674169888888889
2.029129869556000 2210748590.447331428527832 11.683116777777778
3.624671801140000 1704957627.141167640686035 11.690084462962963
3.749230168362000 1962144043.852673768997192 11.695557333333333
3.417508157581000 2226577091.391857147216797 11.700076740740741
3.331613229984000 2192964643.451633453369141 11.704515648148149
3.440651553682000 2150882020.258401393890381 11.709027722222224
1.888705942822000 2227020577.755311012268066 11.713533666666669
1.888705942822000 1571030851.363543987274170 11.718726425925928
1.887357428880000 1492578560.892579317092896 11.723333962962965
3.384543935042000 1492546900.825615406036377 11.727938833333335
1.881312461840000 2001077796.473280429840088 11.733441796296297
1.874593488762000 1564993533.148429870605469 11.738616333333335
1.883327534200000 1492771308.315695285797119 11.743218518518519
3.317220107810000 1492895459.642382144927979 11.747826166666668
3.378935830746000 1957853957.587478637695312 11.753293629629631
3.373318130272001 2183353322.708572864532471 11.757790462962964
1.888031434918000 2193232969.737418174743652 11.762230000000001
3.425222622948000 1565123557.066474437713623 11.767394055555556
3.372269942946000 2040137293.556757926940918 11.772917500000000
3.409793692214000 2203678291.461446285247803 11.777391759259260
3.472589186100000 2238490340.534966468811035 11.781863481481482
3.317220107810000 2293174674.026011466979980 11.786335833333334
3.315156929540000 2169636227.801591873168945 11.790871944444445
1.894750407996000 2138373884.390021800994873 11.795306074074075
3.286362246342000 1558288378.048824310302734 11.800454537037037
3.324934573177000 1959605785.488744735717773 11.805908796296297
1.883327534200000 2134909846.265471935272217 11.820150518518519
3.456080484416000 1591858163.724354267120361 11.826942648148149
3.378935830746000 1784161340.305674314498901 11.837208962962965
3.609247665816000 2206735339.070850849151611 11.846235537037039
3.401021838942000 2151226221.753496646881104 11.855208296296299
3.602655326389000 2182522577.296656131744385 11.859703962962966
3.587226395655000 2143288894.210719823837280 11.864188944444447
3.309505642443000 2088597406.282338142395020 11.868627018518520
3.457155456384000 2137801579.541180849075317 11.873058685185187
3.440651553682000 2227249951.754692077636719 11.877568814814817
3.458230028288000 2248078970.711297035217285 11.881994740740742
1.894750407996000 2248137324.428963184356689 11.886428685185187
1.879969246960000 1571445336.072414398193359 11.891621018518521
3.325968753798000 1489912944.074578046798706 11.896221722222224
1.874593488762000 1962735809.575404405593872 11.901690981481483
1.874593488762000 1558734006.782492399215698 11.906834944444446
3.333685618656000 1484540318.298118829727173 11.911438129629632
1.881312461840000 1961728978.414928913116455 11.916910018518521
3.309505642443000 1554895868.791582822799683 11.922056481481485
1.882655676720000 1955852529.973582744598389 11.927524259259263
1.879969246960000 1557067571.264036893844604 11.932669444444448
3.439582177252000 1492671143.369838953018188 11.937272148148152
1.886683422842000 2041301962.155546903610229 11.942780074074077
3.331613229984000 1571264243.815079689025879 11.947960685185189
1.894750407996000 1962725567.600874900817871 11.953430425925930
3.300764959336000 1558266269.210577249526978 11.958580462962967
3.355792434645000 1962173288.732969045639038 11.964028018518523
1.873924279920000 2158583273.937780857086182 11.968522888888893
3.417508157581000 1506460753.807372093200684 11.984633203703709
1.875931906446000 2178188546.042491436004639 11.990760796296302
3.426287996952000 1692381753.476715087890625 12.001423000000006
3.398905881693000 2227546520.881374359130859 12.011429259259266
3.749230168362000 2225475079.923306465148926 12.020344055555562
3.618084257123000 2247631865.495734214782715 12.024782851851858
3.317220107810000 2159214354.133863925933838 12.029287425925933
3.411914447552000 2137151129.701518058776855 12.033719111111118
3.455006312576000 2172134441.606914997100830 12.038244000000008
1.914907327230000 2247518745.631181716918945 12.042668240740749
3.393309771280000 1567546526.970451354980469 12.047861166666674
1.929034183594000 2000892568.161385297775269 12.053360777777785
1.873924279920000 1564764571.935955047607422 12.058533074074081
3.324934573177000 1492629298.162976980209351 12.063132907407415
3.317220107810000 1961389237.047045469284058 12.068587833333341
3.344954994682000 2138447416.900949478149414 12.073020851851860
1.908870063208000 2138611613.356237411499023 12.077451574074082
3.371221365379000 1557588572.992674589157104 12.082593388888897
3.510081741985000 2001214478.176772356033325 12.088098481481490
3.486938345884000 2282622513.460426807403564 12.092614462962972
3.448366019049000 2303171550.955294132232666 12.097037185185194
1.890053703965000 2259001820.967135906219482 12.101521981481490
1.882655676720000 1571814324.023621559143066 12.106715018518527
1.895427316284000 1492718331.879730224609375 12.111322555555564
3.431870109590000 1492951253.683752775192261 12.115922333333341
3.356836213230000 2041213567.384677410125732 12.121450296296304
1.881312461840000 2203775829.752876281738281 12.125945722222230
1.868541822436000 1565226005.548347234725952 12.131112425925934
3.401021838942000 1479336148.295755863189697 12.135721833333342
3.316189094660000 1859636514.288973093032837 12.141242148148157
3.410854267236000 1648497854.957565784454346 12.157312796296305
3.371221365379000 2233681097.188547134399414 12.163316018518527
3.299737594984000 2155202979.155782699584961 12.172319314814823
3.640095936464000 2147096395.916703224182129 12.181222796296305
1.875263195898000 2160985181.821934223175049 12.190195759259268
3.586111462830000 1564908431.303800344467163 12.195371796296305
3.363506900012000 1962039720.306227922439575 12.200843388888897
1.908870063208000 2180290763.686626911163330 12.205344944444452
3.308477026998000 1526034988.470847845077515 12.210517018518527
3.415382604154000 1961067192.842198610305786 12.215960444444452
1.888705942822000 2182636602.873769283294678 12.220457055555563
3.332649038544000 1564965589.058351039886475 12.225631981481490
3.332649038544000 1962642580.854757547378540 12.231104185185194
3.415382604154000 2138037394.360304832458496 12.235530481481490
1.861155542606000 2226405049.382766723632812 12.240047351851860
1.880640854400000 1571250136.461421489715576 12.245238074074082
3.363506900012000 1492708918.790667057037354 12.249843000000009
3.300764959336000 2002004216.132253408432007 12.255350944444453
3.301791177076000 2148726573.513045310974121 12.259843722222231
3.318251888940000 2137576863.354037046432495 12.264280166666675
1.880640854400000 2138628647.248056888580322 12.268718444444453
1.881312461840000 1559038839.353181123733521 12.273865000000008
3.309505642443000 1492700650.759219169616699 12.278475000000007
3.316189094660000 1962924331.073970317840576 12.283947425925934
1.874593488762000 2137836107.073036432266235 12.288380537037046
1.888031434918000 1558916695.735353946685791 12.293530111111121
3.310535024082000 1492619694.520184278488159 12.298134888888898
3.363506900012000 1962721319.903401851654053 12.303610037037046
3.402079226847000 2178768269.677329540252686 12.308115833333343
1.874593488762000 2204163408.327805995941162 12.322411537037047
1.879969246960000 1706346156.296306371688843 12.329097555555565
3.314125916390000 1656862814.064298868179321 12.339859240740751
3.641227653224000 2138025470.258711814880371 12.349836018518529
3.294076711709000 2142324905.643555641174316 12.359806092592603
3.601535598154000 2134216278.303828716278076 12.364304240740751
3.393309771280000 2138244247.669440269470215 12.368742055555565
1.881312461840000 2145617934.172258138656616 12.373243703703713
1.954523173680000 1559892830.717428684234619 12.378424500000008
3.394364761480000 1492164343.519748926162720 12.383023944444453
3.378935830746000 2000513195.661902904510498 12.388527296296305
3.392253602320000 2193580852.213015556335449 12.392950203703712
3.393309771280000 2193323611.661005496978760 12.397393629629638
3.386650296113000 2192869800.405699729919434 12.401830407407417
3.384543935042000 2193060279.758295536041260 12.406258833333343
1.881312461840000 2193244204.851751804351807 12.410690222222232
3.370173568294000 1565444843.910019874572754 12.415861740740750
3.324934573177000 2000840013.504388809204102 12.421346925925935
1.889379446994000 2148976981.652401924133301 12.425819203703712
3.363506900012000 1558550276.131708145141602 12.430963018518527
3.301791177076000 2001162632.490053653717041 12.436450851851861
3.341402483514000 2148946339.333166122436523 12.440945833333343
1.906825950488000 2138796106.771377086639404 12.445378981481491
3.333685618656000 1558557024.418189764022827 12.450518592592603
1.894074003360000 1960518362.514204740524292 12.455961444444455
1.874593488762000 1559370728.706045627593994 12.461108314814826
3.432937088315000 1492950734.992396593093872 12.465711537037048
3.566299716672000 2042031868.426341533660889 12.471240055555567
3.277628756350000 2157004315.909845352172852 12.475758222222234
3.301791177076000 2134698005.549954652786255 12.490012592592604
1.893397598724000 2127613918.354932546615601 12.495918462962974
3.317220107810000 1632647647.381075620651245 12.505653870370381
3.610369791756000 1920505462.394155740737915 12.515692203703715
3.317220107810000 2118422918.821715116500854 12.524589629629642
3.749230168362000 2137878579.056263923645020 12.529029037037049
3.329540455536000 2227646318.067784786224365 12.533546592592604
3.307447262262000 2158985940.484258651733398 12.538055203703715
3.324934573177000 2116395597.984840393066406 12.542499296296308
1.902148689746000 2137714364.525431632995605 12.546930222222233
3.317220107810000 1552407158.820612668991089 12.552084185185196
1.894074003360000 1962599462.420330286026001 12.557540740740752
3.348077969278000 1558455862.322443962097168 12.562679962962974
3.332649038544000 1962310434.102807760238647 12.568151870370382
1.881312461840000 2138151786.870251893997192 12.572585962962975
3.449438591526000 1557656990.774874448776245 12.577734944444456
3.310535024082000 2032829436.080016851425171 12.583258777777790
3.325968753798000 2159098788.155797958374023 12.587756055555568
1.882655676720000 2137347149.348530054092407 12.592181944444457
3.329540455536000 1559141956.063104391098022 12.597325685185197
1.874593488762000 1962644163.399003505706787 12.602775648148160
3.317220107810000 1558896219.896644353866577 12.607921500000012
3.356836213230000 1962915300.740801095962524 12.613388555555568
1.874593488762000 2138422860.680700302124023 12.617815370370383
3.317220107810000 1559209212.375669956207275 12.622967055555568
1.894074003360000 1962504408.501989841461182 12.628434185185197
3.355792434645000 1558769659.828204870223999 12.633580277777790
3.409793692214000 2001798892.753116130828857 12.639086092592605
1.881312461840000 2131610419.415915966033936 12.643604722222234
3.278647780975000 1933045343.367826938629150 12.658663888888901
1.880640854400000 1947536697.283646106719971 12.665754685185197
1.869208136172000 1488460130.968560934066772 12.675646796296308
3.339325297646000 1487716174.454631090164185 12.684994870370382
3.620334560864001 1751724635.288036346435547 12.695312500000011
3.608124286104000 2147627391.368826866149902 12.699807833333344
3.318251888940000 2135097142.282655239105225 12.704228611111121
3.294076711709000 2131975033.115914106369019 12.708646314814825
1.881984569360000 2095948117.301465272903442 12.713084388888898
3.309505642443000 1558200939.474110364913940 12.718229111111121
1.894750407996000 1962643533.955998182296753 12.723699425925936
1.888031434918000 1550309102.567317247390747 12.728869111111122
3.393309771280000 1492808243.352135419845581 12.733465407407419
3.394364761480000 2001890456.939520835876465 12.738971444444456
3.315156929540000 2193121877.542505741119385 12.743409870370382
1.909550757816000 2148799815.018209457397461 12.747894796296308
3.345995598652000 1558438967.220540523529053 12.753045944444455
3.354749432970000 1962327310.519094228744507 12.758498462962974
3.442791501376000 2183012321.048010826110840 12.762990925925937
3.438511605988000 2238294656.028031826019287 12.767472611111122
3.331613229984000 2248393026.583327293395996 12.771898944444455
1.896103217268000 2158273910.884792327880859 12.776412037037048
3.309505642443000 1559178186.840458393096924 12.781560814814826
3.301791177076000 1962681058.268658399581909 12.787010666666678
3.315156929540000 2138370168.235529661178589 12.791448888888899
3.456080484416000 2138296259.418392181396484 12.795875314814825
3.339325297646000 2226825365.445507526397705 12.800390351851862
1.888705942822000 2159301441.434764862060547 12.804888185185195
3.307447262262000 1557116878.920289039611816 12.810045944444454
3.371221365379000 1852840262.656044960021973 12.815522759259268
1.894074003360000 2124157109.062729358673096 12.829824925925935
3.317220107810000 1474906753.305629014968872 12.835952240740751
3.394364761480000 1714520359.367489337921143 12.847163296296307
3.642360212976000 1906486692.477299690246582 12.857829777777788
3.378935830746000 2177861419.164256095886230 12.866857000000010
3.618084257123000 2192706434.366626739501953 12.871301018518528
1.881984569360000 2148645614.150990009307861 12.875785981481490
1.887357428880000 1526865281.993009567260742 12.880935833333343
1.890053703965000 1492155260.617760658264160 12.885540277777787
3.307447262262000 1492502901.634003877639771 12.890144962962973
3.331613229984000 1962099398.048988342285156 12.895617907407416
3.331613229984000 2136598725.580966711044312 12.900038222222232
3.324934573177000 2138463540.576956987380981 12.904463740740750
3.300764959336000 2138383074.576342105865479 12.908894944444453
3.425222622948000 2138114667.984785556793213 12.913315759259268
3.329540455536000 2227744113.654353141784668 12.917831074074083
1.881312461840000 2158862888.783680915832520 12.922329314814824
1.888031434918000 1559206032.863342761993408 12.927475203703713
3.384543935042000 1492007541.520618438720703 12.932076888888899
1.881312461840000 2001773179.643498659133911 12.937581000000010
3.277628756350000 1565764377.986831188201904 12.942750296296307
3.432937088315000 1960337446.161040782928467 12.948214981481492
1.867874515684000 2228040341.069883346557617 12.952730185185196
1.888705942822000 1570412233.388351917266846 12.957924833333344
3.285340824012000 1492527239.811722993850708 12.962527981481491
3.316189094660000 1960992358.610445737838745 12.967963777777788
3.323901162322000 2138797177.156059980392456 12.972388000000011
3.532126989196000 2138739958.458882808685303 12.976819129629641
3.355792434645000 2055147700.830099105834961 12.981251888888901
1.908188354152000 1630491383.221004486083984 12.997254259259272
3.448366019049000 1477238012.655119180679321 13.003362166666680
3.376834267764000 1753891946.535243749618530 13.014664870370384
3.625798722490000 2158899232.595234394073486 13.023511425925939
3.618084257123000 1885115833.722559690475464 13.034216425925939
3.610369791756000 2137606519.706303119659424 13.038632666666679
3.331613229984000 2137728725.734383106231689 13.043071388888901
1.901469381074000 2138149920.708974838256836 13.047497185185197
1.883327534200000 1519420316.607530117034912 13.052653703703715
3.370173568294000 1492120992.656980752944946 13.057251166666678
3.339325297646000 2001488714.069591283798218 13.062759500000011
3.357879603360000 2148060958.878712654113770 13.067254333333345
3.330576264096000 2183306271.872130393981934 13.071731111111124
3.329540455536000 2145705856.046113014221191 13.076203222222235
3.377885635956000 2138327196.484955549240112 13.080637074074087
3.415382604154000 2183309448.507610321044922 13.085133962962976
3.440651553682000 2179567155.856540203094482 13.089717000000013
1.888031434918000 2234697795.364613056182861 13.094139500000013
1.873924279920000 1571172114.828848600387573 13.099329833333346
3.299737594984000 1492999887.396445035934448 13.103934648148162
3.348077969278000 1962771675.713724851608276 13.109406722222236
3.316189094660000 2183247611.474808692932129 13.113901592592606
3.308477026998000 2148404064.090760707855225 13.118387129629644
3.301791177076000 2138305368.749295711517334 13.122823296296311
3.334721812992000 2138007874.807318449020386 13.127244333333348
3.431870109590000 2138800891.772397518157959 13.131679944444459
1.861155542606000 2227091955.577966213226318 13.136197222222236
3.332649038544000 1572094043.887147426605225 13.141389833333347
1.847717596450000 1963285792.656909465789795 13.146858314814828
1.887357428880000 1545546522.805859565734863 13.152021055555569
3.319765209604000 1928871483.817022800445557 13.167967166666680
1.888031434918000 2073873838.731201410293579 13.174100703703717
3.317220107810000 1674114155.507060050964355 13.184674000000014
3.717216613084000 1742683065.873394966125488 13.194873981481495
2.035848842634000 2228086990.379267215728760 13.203863055555569
3.618084257123000 1570290495.271678209304810 13.209062222222236
3.323901162322000 2002097677.204838275909424 13.214564851851867
3.323901162322000 2119487435.861535072326660 13.219061777777792
1.900111774606000 2130477291.273471355438232 13.223486981481496
3.339325297646000 1553054835.794998407363892 13.228631296296312
3.376834267764000 1962982156.979211091995239 13.234087314814831
3.378935830746000 2183061040.506371021270752 13.238569462962978
3.332649038544000 2193300188.292397022247314 13.242995203703719
3.376834267764000 2148716766.963501453399658 13.247484962962979
3.338285931374000 2182210019.427106857299805 13.251965148148164
1.901469381074000 2148155638.258280754089355 13.256443481481497
1.881312461840000 1554504202.771089553833008 13.261581185185202
1.876601364435000 1492616120.961601257324219 13.266177685185202
1.888031434918000 1492622429.050225496292114 13.270785796296312
1.881312461840000 1492793879.322818756103516 13.275393129629645
3.371221365379000 1492260262.602787971496582 13.279967000000015
3.293052891674000 2001646273.524704933166504 13.285451777777793
3.324934573177000 2148728918.544422626495361 13.289942296296312
3.323901162322000 2138449541.284403800964355 13.294370925925941
3.371221365379000 2138246974.052579164505005 13.298809388888904
3.330576264096000 2183083425.735473155975342 13.303301962962978
3.317220107810000 2193440126.168750762939453 13.307740462962977
3.340363503911000 2148105251.001241683959961 13.312230259259273
3.323901162322000 2136967953.551500797271729 13.316650925925940
3.401021838942000 2112458944.153031349182129 13.321088648148162
3.298711377244000 2147381095.248338460922241 13.335809814814828
1.894750407996000 2128290850.636635541915894 13.341777240740754
3.331613229984000 1848549007.333385944366455 13.351421111111124
2.036576158986000 2109483835.424505949020386 13.362311981481495
2.036576158986000 1811732583.197364807128906 13.371936574074088
3.340363503911000 1491396943.126055955886841 13.376540648148161
3.609247665816000 1961054831.350822925567627 13.381995759259272
3.584995284270000 2132536336.541913270950317 13.386432166666680
3.384543935042000 2108335588.157779216766357 13.390858888888902
3.402079226847000 2181949037.773261547088623 13.395360407407420
1.914223726800000 2192048868.506127357482910 13.399794074074087
1.896779873730000 1564149184.583161830902100 13.404966388888901
1.881312461840000 1492769059.189680099487305 13.409565851851864
1.901469381074000 1492372471.493912458419800 13.414165259259272
3.331613229984000 1492895048.787848234176636 13.418767574074087
3.349119348372000 1960843034.095608472824097 13.424230425925940
3.431870109590000 2138250511.525538682937622 13.428656185185199
3.341402483514000 2222939236.303265094757080 13.433173685185199
3.371221365379000 2159077351.081421375274658 13.437686777777792
1.888705942822000 2138354777.913823366165161 13.442118240740754
3.347037365308000 1550541523.320435047149658 13.447296500000013
1.900790577840000 1962648545.373243570327759 13.452763092592605
3.331613229984000 1558794864.312809944152832 13.457903592592604
3.316189094660000 1962239294.419586896896362 13.463358518518531
1.896103217268000 2138417438.542032003402710 13.467796962962975
1.908870063208000 1557962919.095226049423218 13.472940870370383
1.900790577840000 1450653761.146254062652588 13.477557518518532
3.347037365308000 1476676756.895569324493408 13.482172666666679
3.316189094660000 1931280251.707814693450928 13.491972388888902
3.365598866816000 1661967953.883885145187378 13.506839851851865
1.888031434918000 2173224185.486598491668701 13.512808537037049
3.332649038544000 1821753192.818472146987915 13.522413425925938
2.042567815712000 1740538013.180198907852173 13.532627962962975
2.021688918480000 1621896513.980312824249268 13.542440703703715
1.894750407996000 1492105251.723888158798218 13.547043777777789
3.611492753544000 1492507363.710988283157349 13.551645925925937
3.395420537520000 1921524286.815728664398193 13.557122148148160
1.895427316284000 2226190873.822279453277588 13.561632981481493
3.463794949783000 1571408121.805701255798340 13.566828870370381
1.886683422842000 2080165662.832220315933228 13.572357055555566
1.881984569360000 1577531593.836181163787842 13.577567870370380
1.890053703965000 1492461312.998735666275024 13.582167462962973
3.370173568294000 1492625173.835802555084229 13.586774833333344
3.455006312576000 2001091254.177056789398193 13.592277777777788
3.319283286080000 2238072227.361326694488525 13.596762074074084
1.881984569360000 2159165933.903077602386475 13.601260518518528
3.370173568294000 1551328564.705206155776978 13.606415092592602
3.322866596818000 2001806411.463939666748047 13.611920277777788
3.324934573177000 2148007841.358839035034180 13.616412129629639
3.339325297646000 2138788932.965438604354858 13.620828314814824
3.338285931374000 2138662454.050843954086304 13.625256518518528
3.308477026998000 2136925502.341617345809937 13.629693148148158
3.353705265930000 2138475999.848937034606934 13.634106314814824
3.401021838942000 2138554951.660572290420532 13.638542537037047
1.900790577840000 2183314073.707643032073975 13.643034759259269
1.880640854400000 1564582858.209035634994507 13.648195851851861
3.324934573177000 1493078838.575149059295654 13.652796203703714
3.371221365379000 1863927169.466887474060059 13.658274166666677
3.355792434645000 1657343743.147512674331665 13.674826685185195
3.362461500632000 2178327530.577023983001709 13.680749796296306
3.324934573177000 2220123060.621178627014160 13.689732722222232
2.002969291676000 2148512088.748572826385498 13.698636777777788
3.311564022624000 1624073294.769732952117920 13.708439407407417
3.609247665816000 2083651130.539644002914429 13.713660611111120
3.478142515562000 2137712406.179908990859985 13.718094333333342
3.584995284270000 2131793722.384326934814453 13.722536925925935
1.881984569360000 2100824541.663355112075806 13.726964166666676
3.333685618656000 1557296618.642421960830688 13.732113314814823
3.370173568294000 1962840469.059343099594116 13.737585259259268
3.355792434645000 2182649349.898157119750977 13.742067462962972
3.316189094660000 2148485906.604964256286621 13.746557351851861
1.882655676720000 2137902027.690187215805054 13.750991333333342
1.887357428880000 1556455274.073220491409302 13.756134592592602
3.323901162322000 1492912681.762280225753784 13.760742259259269
3.363506900012000 1963061468.930379152297974 13.766212351851861
3.299737594984000 2182940333.596387386322021 13.770694370370379
1.873924279920000 2148755608.749484062194824 13.775181407407416
1.895427316284000 1557798965.432774782180786 13.780322222222232
3.423092271432000 1493006452.807554960250854 13.784922574074084
3.301791177076000 2041890801.856690883636475 13.790436166666677
3.323901162322000 2159171176.204757213592529 13.794943759259269
3.423092271432000 2138154844.305085182189941 13.799385018518528
3.432937088315000 2227762213.589675903320312 13.803885166666676
3.456080484416000 2247633563.387216567993164 13.808323203703713
1.888031434918000 2280044670.566868305206299 13.812840222222231
1.888031434918000 1577605754.343101501464844 13.818054962962972
2.029129869556000 1492855679.421512603759766 13.822664685185194
1.900790577840000 1491043416.804536104202271 13.827276314814823
3.363506900012000 1969580015.166567087173462 13.843344796296304
3.445149499131000 2070608868.119328498840332 13.849479129629637
1.901469381074000 1821900556.309502840042114 13.858417000000008
3.417508157581000 1821563900.945188283920288 13.868068222222231
3.647808004126000 1783839713.143154144287109 13.878330148148157
3.610369791756000 2189209031.084479331970215 13.884560481481490
3.385597703618000 2148308645.433424949645996 13.889056111111119
3.353705265930000 2183049812.834777832031250 13.893533240740748
3.316189094660000 2096117718.361541032791138 13.898024814814821
3.307447262262000 2137590206.303940296173096 13.902460018518525
3.446221273266000 2130953630.613641262054443 13.906898611111117
3.361414933208000 2227086672.895119190216064 13.911398074074080
1.909550757816000 2159005492.945576667785645 13.915898796296302
1.894074003360000 1558095008.682584047317505 13.921049592592599
3.331613229984000 1492779159.923673391342163 13.925649703703710
3.379986807804000 1963143989.333621978759766 13.931122074074080
3.480306050958000 2182892368.293921470642090 13.935607018518525
3.432937088315000 2237051462.586155891418457 13.940099314814821
3.330576264096000 2248512914.866837024688721 13.944527888888896
3.323901162322000 2159430256.357459068298340 13.949024648148155
3.340363503911000 2138250601.624385833740234 13.953457092592600
3.323901162322000 2137489187.673193931579590 13.957881055555564
1.893397598724000 2138382263.112250804901123 13.962301222222230
1.888705942822000 1558693542.125016212463379 13.967452555555564
1.873255071078000 1492125667.793557882308960 13.972059351851859
1.881312461840000 1493109847.905377626419067 13.976659314814823
1.873924279920000 1493000685.202054023742676 13.981253796296304
3.372269942946000 1492956803.794288396835327 13.985861111111118
3.287384429508000 1999100130.590484619140625 13.991363185185193
1.874593488762000 2145792425.997452497482300 13.995855648148156
3.293052891674000 1468486245.888377666473389 14.001052074074082
3.355792434645000 1650382258.690310239791870 14.016516296296304
1.867207705440000 2182199352.907268524169922 14.022491740740749
1.881984569360000 1662249222.966676473617554 14.032328537037046
2.017131082200000 1702120898.657379627227783 14.043234518518528
3.316189094660000 1477807874.647978782653809 14.052644462962972
3.480306050958000 1962006164.780723094940186 14.058105592592602
2.023133412062000 2137898831.414979457855225 14.062531648148157
2.021688918480000 1558726459.951298952102661 14.067672611111121
3.381037393728000 1474788733.875632524490356 14.072250740740751
3.317220107810000 2021688672.424181699752808 14.077782962962972
3.308477026998000 2158137655.680062770843506 14.082291259259268
3.324934573177000 2138033798.959646463394165 14.086727074074084
3.316189094660000 2138215775.356244564056396 14.091145592592602
1.880640854400000 2137993659.083988189697266 14.095584722222231
3.332649038544000 1557766928.668688774108887 14.100725574074083
3.301791177076000 1962586762.087269067764282 14.106185481481491
3.401021838942000 2138382582.104557514190674 14.110606222222232
3.370173568294000 2183043948.301931858062744 14.115100981481492
1.888031434918000 2188614323.927212238311768 14.119524814814826
1.895427316284000 1563479414.776674032211304 14.124696629629641
1.887357428880000 1492933247.041420221328735 14.129303444444457
1.895427316284000 1492796847.212945938110352 14.133906074074087
3.317220107810000 1492772269.171587705612183 14.138503444444458
3.440651553682000 1962839867.307966232299805 14.143963037037050
1.881984569360000 2226927161.384466648101807 14.148480888888901
3.300764959336000 1571487532.133676052093506 14.153667555555568
3.307447262262000 1962637040.298002004623413 14.159136074074087
3.370173568294000 2138533340.560735225677490 14.163577333333347
3.316189094660000 2182416828.848037242889404 14.168059055555569
3.447294244914000 2136130278.751803398132324 14.172563925925939
3.371221365379000 2216989607.120455265045166 14.177080907407420
1.902148689746000 2143757453.728601217269897 14.191474648148160
3.306418646817000 1600230701.033778667449951 14.198305037037048
1.881312461840000 1743914162.950129985809326 14.208523796296308
2.049286788790000 1908987548.065682888031006 14.218266444444456
1.867207705440000 1679057242.046515464782715 14.229196314814827
3.610369791756000 1492058160.739085912704468 14.233796592592604
1.875263195898000 1962616950.624276876449585 14.239256240740753
3.386650296113000 1558190848.186161041259766 14.244400333333346
3.322866596818000 1999762383.201044797897339 14.249929777777790
3.302818159224000 2157970810.824114322662354 14.254444388888901
3.308477026998000 2138312937.785853147506714 14.258878000000012
3.309505642443000 2138390762.683578014373779 14.263316518518531
3.430801938710000 2138379417.566618680953979 14.267747481481495
3.309505642443000 2226386054.233536243438721 14.272264981481495
3.431870109590000 2159306463.055076122283936 14.276780962962977
3.323901162322000 2227853063.200962066650391 14.281293611111126
1.881984569360000 2159240948.238615036010742 14.285793962962979
1.880640854400000 1558528418.095375299453735 14.290935444444461
3.301791177076000 1492807880.821884632110596 14.295537333333350
3.293052891674000 1961222054.995118856430054 14.301000444444460
3.306418646817000 2138639811.180207490921021 14.305425592592607
3.300764959336000 2138616579.770159006118774 14.309861833333349
1.888705942822000 2138402080.855127334594727 14.314283092592609
3.371221365379000 1559220519.567350625991821 14.319434814814832
3.300764959336000 2001021827.344390153884888 14.324924870370387
1.887357428880000 2149082953.464322566986084 14.329401722222238
1.875263195898000 1558875440.099647998809814 14.334545759259276
3.418571132094000 1492786415.076109170913696 14.339145629629646
3.496826345568000 2040943460.017508268356323 14.344666796296313
1.901469381074000 2200628567.175165176391602 14.349145000000016
1.903506043495000 1943338908.068909168243408 14.365156388888906
1.902148689746000 1483403960.396039485931396 14.371721388888906
3.340363503911000 1484818373.070140838623047 14.381078481481499
3.323901162322000 2138500166.249031782150269 14.391047907407424
1.875931906446000 1872493049.953781843185425 14.401745944444460
2.035848842634000 1564453843.756827592849731 14.406916185185201
3.597176770496000 1492256357.106702804565430 14.411526074074089
3.307447262262000 1961341120.973500013351440 14.416998500000016
