3.988378594739000 1487832730.973016500473022 0.001055518518519
2.156790358038000 2032055491.066500425338745 0.006591277777778
3.839414304444000 1570766710.886682510375977 0.011784166666667
2.162736982560000 1956223087.551815032958984 0.017238925925926
2.165054028228000 1558892225.976745843887329 0.022384981481481
2.162736982560000 1492633359.473969936370850 0.026989703703704
2.170228304194000 1492837595.213281869888306 0.031591944444444
2.179279003860000 1491609378.397313594818115 0.036191166666667
3.933154507619999 1488633352.659805774688721 0.040790500000000
2.190385223428000 2000638176.003885984420776 0.046280277777778
3.980664129372000 1475891872.247637748718262 0.051477833333333
3.841803752766000 2181536747.653828620910645 0.066857500000000
2.164282254764000 2067196670.059838533401489 0.072988185185185
2.177725001688000 1485686907.288799762725830 0.080988537037037
2.156790358038000 1683374035.687646150588989 0.091862722222222
2.257574954208000 1487135629.771181344985962 0.101214296296296
3.939639979058000 1474134434.847915887832642 0.107723851851852
4.172228605142000 2000622627.228966712951660 0.113229018518519
3.864947148867000 2231206994.672931194305420 0.117706500000000
3.857232683500000 2116840902.383841037750244 0.122224574074074
3.943317942438000 2134825092.294071435928345 0.126658870370370
2.176947277272000 2182487724.272068977355957 0.131152833333333
3.939639979058000 1563506501.326069831848145 0.136319870370370
2.161964634004000 2001294325.107436895370483 0.141822666666667
2.151606487680000 1565437381.176579952239990 0.146994907407407
3.857232683500000 1493023581.319958686828613 0.151599148148148
2.184446375150000 1962513893.781330347061157 0.157066555555556
2.171003628226000 1558690187.978582382202148 0.162212925925926
3.888090544968000 1492855341.458213329315186 0.166815462962963
2.171777798502000 1995292379.303608655929565 0.172313648148148
3.849518218133000 1565392592.911218166351318 0.177479870370370
3.834089287399000 1963176191.411142826080322 0.182950351851852
2.170228304194000 2138500687.102931737899780 0.187383888888889
3.931546871868000 1558755559.077695608139038 0.192524796296296
2.177725001688000 2002057311.740727186203003 0.198026222222222
3.935601077579999 1565778814.405145645141602 0.203202870370370
2.170228304194000 2001539069.231523275375366 0.208683407407407
3.912450483006000 1565898919.112383842468262 0.213857481481481
3.917730372296000 2002128741.557834148406982 0.219360611111111
2.182107161650000 1995162015.222906827926636 0.223805666666667
2.171003628226000 1486898569.499489545822144 0.238986833333333
2.176947277272000 1480709402.360106468200684 0.245554333333333
3.903519475702000 1670254868.118175268173218 0.256358759259259
3.933154507619999 1725312851.072143793106079 0.266595259259259
2.237418034974000 1924810777.217858791351318 0.277292722222222
3.872661614234000 1524553638.104031085968018 0.282748351851852
2.250855981130000 1998770292.889842033386230 0.288257944444444
2.162736982560000 1565353971.983570337295532 0.293420259259259
2.155250458122000 1479677187.510049104690552 0.298027222222222
3.911233941069000 1447102535.229393243789673 0.302631962962963
2.165054028228000 2001230017.005371093750000 0.308131314814815
2.164282254764000 1565387175.286851644515991 0.313297555555556
2.150839507840000 1492936859.121287345886230 0.317902777777778
3.912450483006000 1492940716.297786712646484 0.322504629629630
3.912450483006000 2000424630.355708837509155 0.327992888888889
2.165054028228000 2193632507.386712551116943 0.332424018518518
2.164282254764000 1565136552.792025566101074 0.337590518518519
2.156790358038000 1492811103.604690551757812 0.342195629629630
2.149303833600000 1492923329.981902360916138 0.346800259259259
2.165054028228000 1492818495.092342853546143 0.351405685185185
2.156790358038000 1488319287.198234796524048 0.356005166666667
3.898228045280000 1493122152.609278202056885 0.360607333333333
2.178501568776000 2001845736.726527929306030 0.366105629629630
2.170228304194000 1565464004.939583539962769 0.371264259259259
2.157560881302000 1491576211.825730323791504 0.375869722222222
2.159100494565000 1492328850.954183101654053 0.380469351851852
2.169453557040000 1453559519.518578290939331 0.385196092592593
3.840609695676000 1465841097.674717664718628 0.389802462962963
2.163509331116000 1962652712.192349672317505 0.395277055555556
3.840609695676000 1558395769.349722862243652 0.400426425925926
2.184446375150000 1960350452.068556070327759 0.405901259259259
3.902306236972000 1935483788.395904302597046 0.420876814814815
2.135870684640000 1984663767.837534189224243 0.428010388888889
3.835281834426000 1488571981.887688159942627 0.437936111111111
4.066787780166000 1706150216.039089918136597 0.448153740740741
2.251660109770000 1737442306.513879537582397 0.459033074074074
2.155250458122000 1564323197.717963457107544 0.464200648148148
3.826374822032000 1493203696.706088542938232 0.468807351851852
3.838858144043999 1962024068.617734432220459 0.474319370370370
2.191167748612000 2147970267.272974967956543 0.478811240740741
2.164282254764000 1558360473.086925029754639 0.483917185185185
2.172552834095000 1492964570.020414829254150 0.488516240740741
2.164282254764000 1492947082.473106622695923 0.493117740740741
3.911233941069000 1490611576.560640573501587 0.497724111111111
3.893381975390000 2001349889.018750667572021 0.503222203703704
3.913666572192001 2184812142.267989635467529 0.507667648148148
3.929105099104000 2190939560.370715618133545 0.512101518518518
3.856033831000000 2193765837.000175476074219 0.516537333333333
2.150839507840000 2148910791.919375419616699 0.521022685185185
2.163509331116000 1558760146.884112834930420 0.526166574074074
3.857232683500000 1492855489.654839277267456 0.530768833333333
2.164282254764000 1962392837.293787479400635 0.536233351851852
2.168678809886000 1558917918.051260232925415 0.541377037037037
2.162736982560000 1492938660.125462532043457 0.545982222222222
2.157560881302000 1492883610.202536106109619 0.550579481481481
2.157560881302000 1492541143.339904069900513 0.555182629629629
3.857232683500000 1487576513.758514881134033 0.559785166666666
3.832897628013999 2001859686.307757377624512 0.565289500000000
2.239814531745000 2148962250.160655021667480 0.569784981481481
2.184446375150000 1478965938.002082586288452 0.574960185185185
3.794337289704000 1931958681.146812915802002 0.590968481481481
2.157560881302000 2077081513.531908512115479 0.597063129629629
3.851912464544001 1673845723.198764801025391 0.607641518518518
3.856033831000000 1919055280.276511430740356 0.617724814814815
2.257574954208000 1923375845.480898141860962 0.628418925925926
3.839414304444000 1565303436.480219841003418 0.633594333333333
4.005052861302000 1962731666.221186161041260 0.639067685185185
2.144118134378000 2131510005.381255626678467 0.643506962962963
2.151606487680000 1537393087.178085565567017 0.648656277777778
2.162736982560000 1482349146.140555381774902 0.653264981481481
3.848321763338000 1492409071.686623334884644 0.657862925925926
2.171003628226000 1962635715.763658761978149 0.663322388888889
2.177725001688000 1558511245.397646903991699 0.668467703703703
2.170228304194000 1492971302.339430570602417 0.673069962962963
2.168678809886000 1492794538.502671718597412 0.677675944444444
2.171003628226000 1492844082.519001245498657 0.682280944444444
2.163509331116000 1492801304.584163904190063 0.686880111111111
2.171777798502000 1492684283.245586156845093 0.691477351851852
2.162736982560000 1491805931.047249555587769 0.696079000000000
2.156790358038000 1493014237.582871437072754 0.700679500000000
2.157560881302000 1493093919.090421915054321 0.705275851851852
3.834089287399000 1492844181.681984186172485 0.709874037037037
2.156790358038000 1963307374.966976165771484 0.715341481481481
2.170228304194000 1558267076.781058788299561 0.720477055555555
2.170228304194000 1493096948.809001922607422 0.725081814814815
3.802049357366000 1492917213.187308311462402 0.729684444444444
3.870252973556000 1957884839.856690883636475 0.735173740740740
3.834089287399000 2137529879.181186676025391 0.739611055555555
3.849518218133000 2136170349.463831186294556 0.744026814814815
2.149303833600000 2138653653.891930341720581 0.748461203703704
2.161964634004000 1556958543.823971033096313 0.753615240740740
2.163509331116000 1486816284.948586940765381 0.768229962962963
3.832897628013999 1483592551.157685995101929 0.774768388888889
2.150839507840000 2106451769.760545492172241 0.784647314814815
2.245739271516000 1821015556.261230707168579 0.794211166666666
2.135870684640000 1477500486.470230817794800 0.803632777777777
2.239015501242000 1491502345.906533956527710 0.808234962962963
2.244938736308000 1486873150.880130767822266 0.812835500000000
4.083490368224000 1492816598.224663972854614 0.817439740740740
2.164282254764000 1960084758.809154748916626 0.822949055555555
2.156790358038000 1563359256.370440959930420 0.828124870370370
2.171777798502000 1492846043.420042037963867 0.832730185185185
2.170228304194000 1492965824.342915058135986 0.837333851851851
2.164282254764000 1492445914.941918134689331 0.841934629629629
2.163509331116000 1492775800.740415573120117 0.846531648148148
2.162736982560000 1493046508.818555116653442 0.851130537037037
3.846582204696000 1492828015.695608139038086 0.855736685185185
2.164282254764000 1962417447.275089979171753 0.861208833333333
2.156790358038000 1558942168.874231815338135 0.866352481481481
3.834089287399000 1491569952.900446891784668 0.870952666666666
3.848321763338000 1961763321.926179647445679 0.876407333333333
3.834089287399000 2138739875.421900987625122 0.880846018518518
4.002563116578000 2138564275.929672956466675 0.885266629629630
2.156790358038000 2228060739.024330139160156 0.889774074074074
3.926662871803000 1571835922.454743862152100 0.894966740740741
2.144882717406000 2001169578.685238838195801 0.900454851851852
2.170228304194000 1566059749.486152887344360 0.905626444444444
3.834089287399000 1492949821.841972827911377 0.910225981481481
2.152374324800000 1963246169.775058746337891 0.915699018518518
3.949806267904000 1558390497.310763359069824 0.920842981481481
2.143352411882000 1967540690.946050643920898 0.926363592592592
2.163509331116000 1490009673.616047382354736 0.941551907407407
2.144118134378000 1483009380.524994134902954 0.948129759259259
3.834089287399000 1488123445.044359445571899 0.957472648148148
2.212909852685000 1741550468.803102731704712 0.967662111111111
2.244938736308000 1842112306.269678831100464 0.977354851851852
4.017987251901999 1492422161.868549823760986 0.981957351851852
3.902306236972000 1963146766.825703144073486 0.987430129629630
2.161964634004000 2181358689.065237522125244 0.991922259259259
2.179279003860000 1526441266.657114028930664 0.997091888888889
2.165054028228000 1492306388.180699586868286 1.001697037037037
2.163509331116000 1471790701.131920814514160 1.006305722222222
2.150071384960000 1492150219.964660882949829 1.010906629629630
2.156790358038000 1492601901.665466308593750 1.015508833333333
2.150839507840000 1491601105.136794805526733 1.020113592592593
3.979426913592000 1493009607.302997827529907 1.024718500000000
2.170228304194000 2041636773.088742494583130 1.030244481481482
3.894594169309999 1571774783.445620775222778 1.035439481481482
3.859631728000000 2001392648.276140689849854 1.040942851851852
3.936824362560000 2148775081.381352424621582 1.045419944444445
2.184446375150000 2183398190.343554496765137 1.049914351851852
3.918948406436000 1565373243.501988172531128 1.055079037037037
3.917730372296000 2000908927.761254310607910 1.060589314814815
2.176170131520000 2193712096.054201602935791 1.065028166666667
3.910018304634000 1565373692.147331953048706 1.070198148148148
2.182107161650000 2031760400.083160638809204 1.076700500000000
3.872661614234000 1565583886.221967458724976 1.081869759259259
3.926662871803000 2001772141.145059108734131 1.087362925925926
2.150071384960000 2193784791.198509693145752 1.091796518518519
3.832897628013999 1561727047.199545860290527 1.096984500000000
2.162736982560000 1655753808.539325714111328 1.112435888888889
2.170228304194000 1509757256.498824119567871 1.119389425925926
3.825185560352000 1487178197.081592798233032 1.128742574074074
2.229902727360000 1706485652.727450847625732 1.138953574074074
2.238217362846000 1477227289.462429523468018 1.148912648148148
2.144118134378000 1492068608.909098386764526 1.153514685185185
2.170228304194000 1485088582.038432359695435 1.158137518518519
4.071971725536000 1492656888.216793537139893 1.162742000000000
2.137396760916000 1970670762.677702665328979 1.168254740740741
3.911233941069000 1556622788.074133634567261 1.173425574074074
2.172552834095000 2001448802.815002441406250 1.178919944444444
2.171003628226000 1564250584.271274089813232 1.184086240740741
2.162736982560000 1492925945.310487031936646 1.188685944444444
3.918948406436000 1492793905.243697643280029 1.193283703703704
2.151606487680000 1999237749.546279430389404 1.198793703703704
2.171003628226000 1565110880.020798206329346 1.203922370370370
3.987138981254000 1493128888.566979408264160 1.208524537037037
2.163509331116000 2041448899.979149818420410 1.214031166666666
3.826374822032000 1571651263.576536893844604 1.219222925925926
3.920167347864000 1962798971.847727775573730 1.224691203703703
2.151606487680000 2100268915.268518686294556 1.229174648148148
2.170228304194000 1491507375.081824302673340 1.234266870370370
2.150071384960000 1492978756.795692443847656 1.238868777777777
2.156790358038000 1491236949.083028078079224 1.243474314814814
3.917730372296000 1492487086.296622753143311 1.248075370370370
3.848321763338000 2002539584.111819028854370 1.253576314814814
3.926662871803000 2148856742.490316867828369 1.258056333333333
3.920167347864000 2183146524.674336910247803 1.262535796296296
2.171003628226000 2193671866.455725193023682 1.266972111111111
2.156020408080000 1484954729.111562967300415 1.272174129629629
3.787802495197000 1474515231.806505918502808 1.286816370370370
2.168678809886000 2023410265.156821966171265 1.292896629629629
2.156790358038000 1481678918.026494503021240 1.300905314814814
2.150071384960000 1486008193.066216230392456 1.310249259259259
3.996093060106000 1487900185.282431840896606 1.319594351851852
2.149303833600000 1822498170.189908742904663 1.326972166666667
2.250855981130000 1557162353.347757101058960 1.332116296296296
3.834089287399000 1491162689.018793106079102 1.336716074074074
2.199457513155000 1962864452.971404314041138 1.342179259259259
3.942091802537000 1524480719.582039117813110 1.347336574074074
3.939639979058000 1996104389.166475772857666 1.352836648148148
3.908801309946000 2193187483.541425228118896 1.357266962962963
2.177725001688000 2193549576.419870853424072 1.361700074074074
3.856033831000000 1564106796.325072050094604 1.366872259259259
3.851912464544001 1961648219.814241409301758 1.372327370370370
3.948578642944000 2138610315.006946086883545 1.376766425925926
2.197104196506000 2183206806.282722473144531 1.381265537037037
2.171003628226000 1565636129.281732320785522 1.386437703703703
3.857232683500000 1488480617.599163532257080 1.391043351851852
3.917730372296000 1961670993.796802997589111 1.396518425925926
2.176947277272000 2183507688.620181083679199 1.400999555555555
2.169453557040000 1565641531.783323049545288 1.406174351851852
2.176170131520000 1492910295.875131368637085 1.410776518518518
2.162736982560000 1492950964.950795888900757 1.415373759259259
2.179279003860000 1492315038.926692485809326 1.419981185185185
2.164282254764000 1492978085.556114673614502 1.424580722222222
3.856033831000000 1492979375.093099832534790 1.429180518518518
2.189603280480000 1962759764.638054847717285 1.434640981481481
3.924220644502000 1559537457.197939634323120 1.439789574074074
2.157560881302000 2002174176.662590742111206 1.445287185185185
3.880376079601000 1563329645.898892879486084 1.450459907407407
3.934377337169999 1646116640.021793842315674 1.465958685185185
2.192731343390000 1878332146.412637710571289 1.472990055555555
2.150071384960000 1877949760.283060550689697 1.483457648148148
2.257574954208000 1487476018.018909931182861 1.492809962962963
3.802049357366000 1477558463.783966779708862 1.502224148148148
2.244137008052000 1954419518.046975374221802 1.507688796296296
2.170228304194000 1557200903.275996208190918 1.512830574074074
2.237418034974000 1486786207.840186119079590 1.517432222222222
2.152374324800000 1478506582.123660087585449 1.522035037037037
2.150071384960000 1483269595.502183675765991 1.526639740740740
3.924220644502000 1483972354.947440862655640 1.531271203703703
2.176170131520000 2001258634.784042119979858 1.536775962962962
3.848321763338000 1565532860.933175325393677 1.541947870370370
3.989619131586000 1962758146.711875438690186 1.547420425925925
3.917730372296000 2226959822.309970378875732 1.551922648148148
3.856033831000000 2203964148.421903610229492 1.556412351851851
3.881583023574000 2148978508.875153064727783 1.560897407407407
2.183666250350000 2138540057.636887788772583 1.565331296296296
3.940866575282000 1558906176.118146181106567 1.570477462962962
2.182886706000000 2001327821.188442468643188 1.575980462962962
2.190385223428000 1565382171.403992891311646 1.581146944444444
2.176170131520000 1493045610.447328567504883 1.585747092592592
2.158330257954000 1492956734.693877458572388 1.590352185185185
3.917730372296000 1492854853.774800300598145 1.594951888888889
2.170228304194000 2001279863.515682458877563 1.600455166666666
3.924220644502000 1565239551.054477453231812 1.605624481481481
3.863745898662000 2002206026.954722166061401 1.611127537037037
3.951034807296000 2147757656.896871089935303 1.615623000000000
2.156020408080000 2182753359.648003578186035 1.620122203703703
2.170228304194000 1563036730.311543703079224 1.625296555555555
3.850715564142000 1489316184.588209390640259 1.639890000000000
3.838220247354000 1914983740.789587497711182 1.647163370370370
3.840609695676000 2165718583.051840782165527 1.656137796296296
2.237418034974000 1865729747.031383514404297 1.666725407407407
2.168678809886000 1621080332.221775531768799 1.676538129629629
2.258381483232000 1492373530.692207098007202 1.681132129629629
2.244938736308000 1491402396.121716260910034 1.685727518518518
2.236619301840000 1492766085.561884164810181 1.690334537037037
3.856033831000000 1492899594.614159584045410 1.694939203703703
2.136633438804000 1925029320.237119436264038 1.700384185185185
2.150839507840000 1539173650.928397178649902 1.705532444444444
2.157560881302000 1492510572.958856821060181 1.710127500000000
4.003807525472999 1492683895.915572404861450 1.714724907407407
2.162736982560000 2041181132.619564056396484 1.720247666666666
3.911233941069000 1572088250.399452209472656 1.725439962962963
2.164282254764000 2002219113.372092962265015 1.730943962962963
3.794337289704000 1557537779.045717000961304 1.736136925925926
3.912450483006000 1962481402.719835519790649 1.741605666666666
2.183666250350000 2183330242.783800125122070 1.746103648148148
3.857232683500000 1565424631.291189432144165 1.751265555555555
3.841803752766000 1961740039.110241889953613 1.756720222222222
2.171003628226000 2138340520.694259166717529 1.761158740740740
2.184446375150000 1558802177.387998580932617 1.766302518518518
3.849518218133000 1492875704.989154100418091 1.770912518518518
2.171003628226000 1962306511.462410449981689 1.776377240740740
3.939639979058000 1558688895.208815574645996 1.781521333333333
2.164282254764000 2001583402.752717733383179 1.787012203703703
3.864947148867000 1564676035.455278158187866 1.792183037037037
3.818660356665000 1962953108.005082607269287 1.797648314814814
2.183666250350000 2023969229.998873233795166 1.802086259259259
3.857232683500000 1940612529.626007318496704 1.817517833333333
3.863745898662000 2078282773.113076925277710 1.823607259259259
2.170228304194000 2163926099.348534107208252 1.833431259259259
2.226362192215000 1632979245.864584445953369 1.843164259259259
2.257574954208000 1478374538.353111743927002 1.852571000000000
2.171777798502000 1492161117.286038875579834 1.857169444444444
2.244137008052000 1491202186.187925338745117 1.861774111111111
2.123954013992000 1492831419.306761264801025 1.866371425925925
3.903519475702000 1463380951.233035087585449 1.870980648148148
3.794337289704000 1999962174.861100673675537 1.876466907407407
2.169453557040000 2148946639.981843471527100 1.880954592592592
2.164282254764000 1558492476.306301832199097 1.886101296296296
2.163509331116000 1492591061.254707574844360 1.890703814814814
3.903519475702000 1492685956.898806810379028 1.895305388888888
2.157560881302000 2001064597.077751159667969 1.900795833333333
2.157560881302000 1556242360.589435338973999 1.905997296296296
2.156790358038000 1488500255.408834934234619 1.910601388888888
2.170228304194000 1492650631.984322071075439 1.915203296296296
3.851912464544001 1492931563.739969730377197 1.919805037037037
2.168678809886000 1962927746.428305149078369 1.925272407407407
2.145648155035000 1558773377.583781242370605 1.930405925925925
2.171003628226000 1493030765.884428501129150 1.935003370370370
2.171003628226000 1492979513.294821023941040 1.939603462962963
3.872661614234000 1492331472.469130992889404 1.944207722222222
2.162736982560000 2001841952.741863489151001 1.949690611111111
3.916510977224000 1565344862.191319227218628 1.954857462962963
2.185225339050000 2001180336.601351022720337 1.960350277777777
2.184446375150000 1565520400.797284841537476 1.965506666666666
2.117232640530000 1490883493.974935054779053 1.970113962962962
2.164282254764000 1489338544.509486675262451 1.984906481481481
2.149303833600000 1483373744.938929319381714 1.991483555555555
3.832897628013999 1672018097.040764331817627 2.002314055555555
4.050094317675000 2132164496.669154644012451 2.012263148148147
2.170228304194000 2160007352.470937728881836 2.021239722222222
2.250855981130000 1564846191.864421367645264 2.026410425925925
3.863745898662000 1479108238.471927404403687 2.031017537037036
3.918948406436000 2000739650.438806772232056 2.036508018518518
3.959982152928000 2101870351.041490554809570 2.040996777777777
2.169453557040000 2176144959.857270240783691 2.045480777777777
2.169453557040000 1565529613.352356195449829 2.050646740740740
2.169453557040000 1492868958.420426368713379 2.055253703703703
2.163509331116000 1492594187.913144588470459 2.059856500000000
2.150071384960000 1491960830.439791440963745 2.064453796296296
2.157560881302000 1493108447.318512916564941 2.069052888888888
3.903519475702000 1493000938.483040809631348 2.073650537037036
2.163509331116000 2028450760.848181247711182 2.080145481481481
2.163509331116000 1565082979.469956636428833 2.085317666666666
2.156020408080000 1492813614.810107707977295 2.089922129629629
2.136633438804000 1492773212.326317071914673 2.094529555555555
2.150071384960000 1492605852.727689981460571 2.099129500000000
2.150071384960000 1492892234.030976772308350 2.103724333333333
2.158330257954000 1491012938.362909078598022 2.108331648148148
2.144118134378000 1493126428.646113872528076 2.112936500000000
3.818660356665000 1493002960.198204517364502 2.117540796296296
3.817473492690000 1963194410.688475131988525 2.123011555555555
2.156020408080000 2138609187.869174003601074 2.127447759259259
3.817473492690000 1558256092.904638767242432 2.132588833333333
3.732640748408000 1963339157.012303590774536 2.138053962962963
3.841803752766000 2133963023.523262023925781 2.142482203703703
2.169453557040000 2136161279.625475645065308 2.156722481481481
2.143352411882000 1697736546.649580478668213 2.163442203703704
3.834089287399000 1487379055.656049489974976 2.172799277777778
2.232291730968000 1922239217.616895437240601 2.182842666666666
2.251660109770000 1636145172.638339042663574 2.192739185185185
2.168678809886000 1492096643.224824190139771 2.197336851851852
4.066787780166000 1492479700.338327646255493 2.201934629629629
2.157560881302000 2000674018.262225627899170 2.207432722222222
2.171003628226000 1541263881.532801866531372 2.212607462962962
2.165054028228000 1492048558.580682039260864 2.217207481481481
3.914882661378000 1489207653.923541069030762 2.221809333333333
2.165826664330000 2001988317.167030811309814 2.227309648148148
2.156020408080000 1563116184.027827501296997 2.232484388888888
2.170228304194000 1493051416.672026634216309 2.237090907407407
2.163509331116000 1492975353.216948032379150 2.241696722222222
2.156020408080000 1492731094.702533006668091 2.246298851851851
3.834089287399000 1492717737.059757709503174 2.250893333333333
2.163509331116000 1962763610.868372440338135 2.256360777777777
2.163509331116000 1558782528.550238370895386 2.261504407407406
2.150071384960000 1488354674.809012889862061 2.266107685185184
2.171003628226000 1492922927.864726781845093 2.270713999999999
3.904733618148000 1484945474.612803936004639 2.275344870370370
3.840609695676000 1988096589.835206985473633 2.281517592592592
2.156790358038000 2143338264.263148069381714 2.286001759259259
2.156020408080000 1559236062.513738393783569 2.291140777777777
3.853109364946000 1492540339.083902597427368 2.295746870370370
3.926662871803000 1956325608.712774515151978 2.301201611111110
3.918948406436000 2182795154.837753772735596 2.305700944444444
3.907585673511000 2193424065.288956165313721 2.310139333333333
3.857232683500000 2190376559.112039566040039 2.314588981481481
3.856033831000000 2175889394.608411312103271 2.328890407407407
3.964002778268000 2067428426.481779098510742 2.334803907407407
2.162736982560000 1929706659.331438064575195 2.345440888888888
2.218053242460000 1488368548.554036855697632 2.355370833333333
2.250855981130000 1475614883.096174240112305 2.364800870370370
2.171003628226000 1492155028.827674627304077 2.369397148148148
2.251660109770000 1492789230.843559741973877 2.373996703703703
3.911233941069000 1492878901.503874301910400 2.378599629629629
2.171777798502000 1989076417.684306621551514 2.384124092592592
2.163509331116000 1537316080.008299827575684 2.389300407407407
3.912450483006000 1492601954.392156600952148 2.393907314814814
3.920167347864000 2001822722.514146327972412 2.399408629629629
3.926662871803000 2193344738.613885879516602 2.403836944444444
2.178501568776000 2193043156.813112258911133 2.408270388888889
3.920167347864000 1565248593.990271806716919 2.413436703703703
2.171003628226000 2001773969.017328500747681 2.418920055555555
2.171003628226000 1564596787.021976232528687 2.424088907407407
2.163509331116000 1493055446.190263509750366 2.428688962962963
2.164282254764000 1493147688.266481876373291 2.433285481481481
3.856033831000000 1493003554.330480098724365 2.437880814814815
2.162736982560000 1962841485.501102447509766 2.443341000000000
2.165826664330000 1558128632.990960121154785 2.448484833333334
3.848321763338000 1493246907.415759325027466 2.453083648148148
2.176947277272000 1963099444.540349483489990 2.458554592592593
3.911233941069000 1559011698.309042930603027 2.463693037037037
3.849518218133000 2001678802.038796663284302 2.469193740740741
2.183666250350000 2149139570.127805709838867 2.473678277777778
2.169453557040000 1551308634.864868640899658 2.478822796296297
2.237418034974000 1491722429.466516971588135 2.483424629629630
2.142587259120000 1490151083.621213197708130 2.488029388888889
2.170228304194000 1489765548.108651161193848 2.502626555555556
2.150071384960000 1475800597.435536146163940 2.509197851851853
2.164282254764000 1486817421.344653367996216 2.518546537037038
3.902306236972000 1487885211.995863437652588 2.527894203703704
2.144118134378000 2094311410.752030849456787 2.537829277777778
2.245739271516000 1558686181.987020969390869 2.542974333333334
3.912450483006000 1492663835.127177953720093 2.547578555555556
3.858432429000000 1998482740.596288681030273 2.553105333333334
2.178501568776000 2158520669.218725681304932 2.557623592592593
3.858432429000000 1558570574.136851549148560 2.562769481481482
3.849518218133000 1962001160.462827920913696 2.568227074074075
2.170228304194000 2138552150.271873474121094 2.572647703703704
3.917730372296000 1558842951.879666566848755 2.577791444444445
2.182886706000000 2001717966.662853479385376 2.583295259259260
4.017987251901999 1564764767.188244342803955 2.588465944444445
2.170228304194000 2041649001.235274553298950 2.593997777777778
2.170228304194000 1571557059.899258852005005 2.599192611111111
2.163509331116000 1493046716.104253530502319 2.603792500000000
2.171003628226000 1490882647.556164026260376 2.608392129629630
2.156790358038000 1493122785.957421064376831 2.612989259259260
2.143352411882000 1493042527.749930381774902 2.617588870370371
3.920167347864000 1492857379.654402256011963 2.622191740740741
3.873866158715999 2002544211.409113645553589 2.627689944444445
3.849518218133000 2192667894.084959983825684 2.632115574074075
3.880376079601000 2149099897.242890357971191 2.636602962962963
2.163509331116000 2183566071.472713470458984 2.641097814814815
2.172552834095000 1557955643.391992568969727 2.646288907407408
2.150839507840000 1492719398.547133445739746 2.650885185185186
3.918948406436000 1391719524.669554233551025 2.655519777777779
2.150071384960000 1667270110.709930419921875 2.671009037037038
2.185225339050000 1600606171.248762369155884 2.677835796296297
3.903519475702000 1883294439.389588832855225 2.688541388888890
2.244938736308000 2126042585.052765607833862 2.698484018518519
2.143352411882000 1806606496.371452808380127 2.708162925925927
2.256769025280000 1492012112.188644409179688 2.712764962962964
3.903519475702000 1485938672.978913545608521 2.717365074074075
2.238217362846000 2001583019.267557144165039 2.722873277777778
2.164282254764000 1526788721.195928573608398 2.728043907407408
3.848321763338000 1492009183.238579273223877 2.732649722222223
3.840609695676000 1956581063.395927667617798 2.738125888888889
3.834089287399000 2137500357.001189947128296 2.742560981481482
2.157560881302000 2138175874.842864513397217 2.746995111111111
4.041123454888000 1558451282.752564907073975 2.752141018518519
3.864947148867000 2082150725.682863235473633 2.757687518518519
2.184446375150000 2169442071.837542057037354 2.762218833333334
2.163509331116000 1559048400.310451745986938 2.767372611111111
2.171003628226000 1492177731.566848278045654 2.771932129629630
3.859631728000000 1492698746.253263235092163 2.776528722222222
2.156020408080000 1958052887.286722898483276 2.781994574074074
2.157560881302000 1559008449.062833786010742 2.787143074074074
2.165826664330000 1493007927.027907609939575 2.791747574074074
2.165054028228000 1492244570.269585132598877 2.796349296296297
2.163509331116000 1493208752.231891632080078 2.800954259259259
2.143352411882000 1493088384.783474683761597 2.805555981481481
2.165826664330000 1480833014.948662996292114 2.810160629629630
3.975420679840000 1492556170.675692081451416 2.814756740740741
2.165826664330000 2040947864.150943517684937 2.820277574074074
2.156790358038000 1571443609.773854017257690 2.825466777777778
2.137396760916000 1396215311.081527471542358 2.830085074074074
2.152374324800000 1486896749.650109052658081 2.844732500000000
2.143352411882000 1483570081.617599487304688 2.851310148148148
3.832897628013999 1485366450.469945669174194 2.860655203703703
2.232291730968000 1740668844.470710277557373 2.870870500000000
2.150071384960000 1811560868.183000564575195 2.880481888888888
2.218053242460000 1492175440.007075309753418 2.885088296296296
2.156020408080000 1487293481.192263603210449 2.889688944444444
2.231495989384000 1492828773.565944433212280 2.894295796296296
3.895805010335000 1492117709.566015481948853 2.898896574074073
3.990859206752000 1961418275.608951091766357 2.904396314814814
3.803231425931000 2211094900.221729278564453 2.908906314814814
2.165054028228000 2157866731.182442665100098 2.913422388888888
2.177725001688000 1558348878.258238315582275 2.918563203703703
3.823994969888000 1492644645.724103927612305 2.923165444444443
3.926662871803000 1962759833.491960525512695 2.928632870370369
3.849518218133000 2183529446.647641181945801 2.933129703703703
3.834089287399000 2148565499.276649475097656 2.937622685185184
2.165054028228000 2138362771.255408287048340 2.942043999999999
3.831704637166000 1558730627.146838426589966 2.947187222222222
2.158330257954000 1963200788.454960107803345 2.952655018518518
3.858432429000000 1558699189.101524353027344 2.957793351851851
2.163509331116000 1962826425.589216470718384 2.963266722222222
2.171003628226000 1558660265.948056936264038 2.968406962962962
2.144118134378000 1493163144.425308465957642 2.973009111111110
2.163509331116000 1491261884.370891332626343 2.977614833333333
3.927884212722000 1487756759.364997625350952 2.982220240740740
2.163509331116000 2002089345.089856624603271 2.987722833333333
2.159100494565000 1565165830.549259185791016 2.992894444444444
3.841803752766000 1492787272.822373867034912 2.997497018518518
2.164282254764000 1963507180.532327651977539 3.002967055555555
2.165826664330000 1547815099.921728610992432 3.008124796296296
2.172552834095000 1488835979.493631601333618 3.022725500000000
3.988378594739000 1476177314.518573284149170 3.029323944444444
3.888090544968000 1784734835.374071121215820 3.039575018518518
4.071971725536000 2220579028.862281322479248 3.048485148148148
3.990859206752000 1878554596.005094528198242 3.059215481481481
3.829944378784000 2148175795.610680103302002 3.063703648148148
3.857232683500000 2137213522.654968261718750 3.068127500000000
2.162736982560000 2056555554.162958621978760 3.072560111111111
2.158330257954000 1557985789.604200601577759 3.077712833333333
2.176170131520000 1494011547.657234191894531 3.083312814814815
3.895805010335000 1492593382.957127094268799 3.087910370370370
2.165054028228000 2001232044.366223335266113 3.093413388888889
3.825185560352000 1565403444.356397390365601 3.098578037037037
2.171777798502000 1960380557.922575235366821 3.104032796296296
3.848321763338000 1558783448.633130788803101 3.109180407407407
2.178501568776000 1962920462.879960775375366 3.114634185185185
3.911233941069000 1559017760.417790651321411 3.119782962962963
2.171003628226000 2001407755.526325464248657 3.125287759259259
3.857232683500000 1565663615.880327939987183 3.130457444444444
2.143352411882000 1963395988.631970167160034 3.135917851851852
2.175392985768000 1558845581.592879533767700 3.141063203703704
2.171777798502000 1492858854.704910278320312 3.145668518518518
2.171777798502000 1492875941.543810129165649 3.150270888888889
3.848321763338000 1492375395.020229101181030 3.154870981481482
3.850715564142000 1963049437.311293363571167 3.160335814814815
3.856033831000000 2138857407.941423416137695 3.164766870370371
2.143352411882000 2183323167.566231250762939 3.169261500000000
2.143352411882000 1561271506.098543882369995 3.174431222222222
3.895805010335000 1487875151.656674623489380 3.189023148148148
2.142587259120000 1897702096.743874311447144 3.196313111111111
3.854833639000000 1488504241.151500701904297 3.206224814814814
3.980664129372000 1706055346.795087337493896 3.217461037037037
3.911233941069000 1716199952.260792493820190 3.228322518518518
2.239015501242000 2182981769.303941249847412 3.232800111111111
2.156790358038000 1564937481.882307529449463 3.237974611111111
2.190385223428000 1492656599.736999750137329 3.242579592592592
2.164282254764000 1370133256.804325342178345 3.247193351851851
2.151606487680000 1491642227.393135309219360 3.251793314814814
2.171777798502000 1485607538.276540279388428 3.256397962962962
2.156790358038000 1493014135.043161392211914 3.261001703703703
2.162736982560000 1492454531.912409543991089 3.265601388888888
3.828754674176000 1492520439.783327817916870 3.270202981481481
3.988378594739000 1962089804.811990499496460 3.275659259259259
3.989619131586000 2226575718.674251556396484 3.280174388888888
2.170228304194000 2196834276.596274852752686 3.284630944444444
3.844193201088000 1570863528.506381034851074 3.289828611111111
2.157560881302000 1962993792.439788103103638 3.295293870370370
2.138921985270000 1552969788.563018083572388 3.300452574074074
2.163509331116000 1492625740.263920068740845 3.305055537037036
2.156790358038000 1493257978.434379577636719 3.309656481481481
2.158330257954000 1492819490.399710178375244 3.314257037037037
3.903519475702000 1492924717.676188230514526 3.318856759259259
3.826374822032000 2001152749.985658645629883 3.324344666666666
2.143352411882000 2149248434.893209457397461 3.328829037037037
2.149303833600000 1558708261.187287092208862 3.333973351851852
2.161964634004000 1492927694.669742822647095 3.338580870370370
2.163509331116000 1492883022.237237453460693 3.343185259259259
3.859631728000000 1491207444.561986446380615 3.347789166666666
3.956290710605999 2117798476.159524202346802 3.363060037037036
2.171003628226000 2232166566.965359687805176 3.369065629629629
2.185225339050000 1823031682.928377151489258 3.378694018518518
2.206183682920000 1487654375.825922012329102 3.388041037037037
2.170228304194000 1476830760.529969453811646 3.397471351851852
4.071971725536000 1492295780.029036521911621 3.402076000000000
4.003807525472999 2001668437.695953845977783 3.407569074074074
2.189603280480000 2229332863.135231494903564 3.412058907407407
2.165054028228000 1493344408.823591709136963 3.417292351851851
2.177725001688000 1491309840.457628488540649 3.421895796296296
2.178501568776000 1492412503.266528606414795 3.426501999999999
3.834089287399000 1492539906.329969406127930 3.431104444444444
2.171003628226000 1962340788.477405309677124 3.436558462962962
2.176947277272000 1558765090.045517444610596 3.441705037037036
3.918948406436000 1492913967.208368062973022 3.446309870370370
2.148536282240000 2002049490.538573741912842 3.451805870370370
2.163509331116000 1564665637.812192440032959 3.456977629629629
3.898228045280000 1492962117.677344560623169 3.461581555555555
3.863745898662000 2001599745.060548067092896 3.467073055555555
3.864947148867000 2140038775.409268617630005 3.471566166666666
3.856033831000000 2136104607.346884250640869 3.476003925925926
2.172552834095000 2138698194.065677165985107 3.480424537037037
2.164282254764000 1558871939.315789699554443 3.485565907407407
2.183666250350000 1492918642.690155029296875 3.490168148148148
3.849518218133000 1492973445.134825468063354 3.494772870370370
3.849518218133000 1953321911.687045574188232 3.500243314814814
2.165826664330000 2138560036.836266994476318 3.504667296296296
3.947349646336000 1552198068.188351631164551 3.509820777777777
2.163509331116000 2000357914.105467319488525 3.515315888888888
2.157560881302000 1560837409.175389528274536 3.520487129629629
3.856033831000000 1970121356.966790914535522 3.536542000000000
2.136633438804000 2078609929.640394210815430 3.542613981481481
2.164282254764000 1692873341.467266798019409 3.553284111111111
2.252463041790000 1687710179.861204624176025 3.564147425925925
2.144882717406000 1676097634.487167835235596 3.575096425925925
4.080952179143000 1492145603.499317407608032 3.579694148148148
2.405392361924000 2001110536.208743333816528 3.585191592592592
3.787802495197000 1558832000.458418369293213 3.590362351851851
2.171003628226000 1834546705.506255149841309 3.595842314814814
2.176947277272000 1555090483.770702123641968 3.600995888888888
3.927884212722000 1492776400.790504217147827 3.605596796296296
2.170228304194000 2001707633.140478849411011 3.611095722222222
2.177725001688000 1564579934.945835828781128 3.616265203703703
3.850715564142000 1493051923.308814764022827 3.620872425925926
3.841803752766000 1963008036.545131683349609 3.626345111111111
3.917730372296000 2138337466.171565294265747 3.630758722222222
2.137396760916000 2183285853.875743389129639 3.635250333333333
2.171003628226000 1550993818.017902135848999 3.640426666666666
2.157560881302000 1492670828.754634141921997 3.645027277777777
2.176947277272000 1493113568.276262044906616 3.649626240740740
3.787802495197000 1492983580.470162868499756 3.654234574074074
2.157560881302000 1962764243.554848670959473 3.659684407407407
2.164282254764000 1536811332.765884399414062 3.664862444444444
2.164282254764000 1492138835.338294506072998 3.669463685185185
3.911233941069000 1492590271.515073299407959 3.674063388888889
2.150839507840000 2002189138.463401317596436 3.679569055555555
3.817473492690000 1555102892.084426164627075 3.684744740740740
3.908801309946000 1963132340.088213205337524 3.690211296296296
3.802049357366000 2178035507.773489952087402 3.694717351851851
2.165054028228000 2124829530.066444873809814 3.709090148148147
2.123195492648000 1477364774.821034908294678 3.715221074074073
2.145648155035000 1487766143.449305534362793 3.725590203703703
2.258381483232000 1488151787.394633293151855 3.734938074074073
2.250855981130000 1472573388.655759334564209 3.744364296296296
2.161964634004000 1492617377.877145290374756 3.748969555555555
2.258381483232000 1492840814.879568815231323 3.753566462962962
4.070704322784001 1492723592.143994569778442 3.758171574074073
2.162736982560000 1952117116.032739639282227 3.763710240740740
2.176947277272000 1562957937.050546407699585 3.768883703703703
3.862543306278000 1492692498.502434253692627 3.773489944444444
2.185225339050000 1963550193.998746156692505 3.778954851851851
2.171003628226000 1557948140.551627397537231 3.784101240740740
2.170228304194000 1492880263.348285436630249 3.788708574074073
2.176170131520000 1485036110.710681915283203 3.793333240740740
3.849518218133000 1492502762.075536966323853 3.797939277777777
2.158330257954000 1963169942.407898426055908 3.803408777777777
3.987138981254000 1557895584.961929559707642 3.808550296296295
3.933154507619999 2041734477.787091255187988 3.814073444444443
2.162736982560000 2203957089.205369472503662 3.818555611111110
2.162736982560000 1565322681.277386188507080 3.823720092592591
2.142587259120000 1492256094.668847799301147 3.828327185185184
2.164282254764000 1493160652.173913002014160 3.832927185185184
2.157560881302000 1492808082.271147012710571 3.837529851851850
3.918948406436000 1493022060.625539779663086 3.842139203703702
2.156790358038000 2000504721.405159950256348 3.847647999999999
2.171777798502000 1564672682.979257106781006 3.852817074074073
2.150071384960000 1493017715.924168109893799 3.857409092592591
2.158330257954000 1492035476.593571424484253 3.862014111111109
3.903519475702000 1489670245.047405719757080 3.866621685185184
3.934377337169999 2130666149.574849128723145 3.881949574074072
3.856033831000000 2181531150.586976528167725 3.887869740740739
2.150839507840000 2187522075.994583129882812 3.896703703703702
2.252463041790000 1647053003.935701131820679 3.906467129629628
3.858432429000000 1477322716.929522275924683 3.915891166666665
2.251660109770000 1962243497.817081928253174 3.921358703703702
2.143352411882000 1553508388.742012977600098 3.926500074074073
3.856033831000000 1480238076.487274885177612 3.931108925925924
2.169453557040000 1858109307.937194347381592 3.936588518518517
3.825185560352000 1548101057.080932617187500 3.941740722222220
2.170228304194000 1962385620.538212537765503 3.947201185185183
2.163509331116000 1557637042.531434059143066 3.952344222222220
2.164282254764000 1492961854.802671670913696 3.956944092592591
3.832897628013999 1492832678.534806251525879 3.961549222222220
2.170228304194000 1963306340.997531175613403 3.967017166666664
2.164282254764000 1555918179.431198120117188 3.972165740740738
2.159100494565000 1492992575.133534908294678 3.976769888888886
3.903519475702000 1492892819.334141016006470 3.981370462962960
2.162736982560000 2001495354.401456356048584 3.986873481481479
2.163509331116000 1564791909.523076057434082 3.992042796296293
2.158330257954000 1492954465.108975410461426 3.996642037037034
2.156790358038000 1493006784.096628189086914 4.001241574074071
2.156790358038000 1492772775.080090999603271 4.005837037037034
2.159100494565000 1483774045.015663385391235 4.010442018518516
3.972949664005000 1492295675.767066240310669 4.015042277777775
3.788980645277999 2040710309.160484790802002 4.020549425925924
3.848321763338000 2159604921.996976375579834 4.025044740740738
3.926662871803000 2183485683.899848937988281 4.029537222222220
3.827564969568000 2193559809.210910320281982 4.033978814814812
3.832897628013999 2067601453.125579118728638 4.038474870370368
2.144118134378000 1629954525.399095535278320 4.054465888888886
2.150839507840000 1480762797.640719413757324 4.060569444444442
3.851912464544001 1756890563.532808542251587 4.069273462962960
2.123195492648000 1732313127.831932306289673 4.079482759259257
2.198672879598000 1850672118.231388330459595 4.090153611111108
3.857232683500000 1468341750.507018804550171 4.096673203703701
2.257574954208000 2001313327.075068950653076 4.102177037037034
2.169453557040000 1565568812.919013023376465 4.107353444444441
2.253266871275000 1486821623.404837369918823 4.111956481481478
2.169453557040000 1373915768.688972711563110 4.116570759259256
2.156790358038000 1491933401.651696920394897 4.121178814814812
2.163509331116000 1492653800.807201147079468 4.125780907407404
3.835281834426000 1492621993.957704067230225 4.130378129629626
3.834089287399000 1962814354.385345458984375 4.135833166666663
2.158330257954000 2137730704.606819391250610 4.140263796296293
2.157560881302000 1558673665.791775941848755 4.145407296296293
3.823994969888000 1492596070.000845432281494 4.150007240740737
2.171003628226000 1963044059.350636482238770 4.155477555555552
3.823994969888000 1558745283.086728096008301 4.160626481481478
3.918948406436000 1955658981.298300266265869 4.166121129629627
2.163509331116000 2176848376.281882762908936 4.170628388888886
2.164282254764000 1561510899.319240570068359 4.175796907407404
2.177725001688000 1491956284.460674285888672 4.180401592592590
2.143352411882000 1493195477.706493854522705 4.185002666666664
3.997335996444000 1493183789.022443294525146 4.189607685185183
2.165054028228000 2041928103.305009603500366 4.195134648148146
3.856033831000000 1570928102.990211009979248 4.200327518518517
2.163509331116000 1962814346.391724824905396 4.205794888888887
2.164282254764000 1559096247.326462984085083 4.210937888888887
3.835281834426000 1492009929.791385889053345 4.215540574074073
3.987138981254000 1920813290.777759313583374 4.221052611111110
3.863745898662000 2201822768.111279010772705 4.236016685185183
3.918948406436000 2098875983.252110719680786 4.244110574074073
3.935601077579999 1897507594.460019350051880 4.254732351851851
3.808575635332000 1930848368.021636724472046 4.265386314814814
2.252463041790000 2114760310.110907793045044 4.271577648148147
2.244938736308000 1556063628.212468624114990 4.276720370370369
2.250052450800000 1455275643.903832674026489 4.281710907407406
2.156790358038000 1481177354.673218011856079 4.286324074074073
2.169453557040000 1491678009.913448095321655 4.290930611111110
3.917730372296000 1352294535.213983535766602 4.295540259259258
2.159100494565000 1991501350.437757253646851 4.301046018518517
2.176947277272000 1564494501.123426437377930 4.306213740740739
2.165054028228000 1492657510.557007789611816 4.310818370370369
2.156790358038000 1492710418.990027427673340 4.315418055555554
3.864947148867000 1491758882.258019208908081 4.320019925925925
2.170228304194000 1962310829.435207366943359 4.325475222222221
2.184446375150000 1558930441.065978288650513 4.330626462962962
2.163509331116000 1493010974.676919460296631 4.335226277777776
2.163509331116000 1486485931.424247026443481 4.339826759259258
2.170228304194000 1491973486.906443595886230 4.344428259259257
3.863745898662000 1493026738.915859222412109 4.349024833333331
2.150071384960000 1963148748.879289388656616 4.354477722222220
2.165054028228000 1558801772.882659673690796 4.359629407407406
2.156790358038000 1492365810.644311904907227 4.364228629629628
3.890508781824000 1493129559.070261478424072 4.368831277777776
2.163509331116000 2002786602.877256870269775 4.374331629629628
2.149303833600000 1565732020.480504035949707 4.379503666666666
3.934377337169999 1491988930.112269878387451 4.384100722222221
3.927884212722000 2001960371.729456901550293 4.389606518518517
2.165054028228000 2055872516.251942634582520 4.394039037037035
2.169453557040000 1943523906.041693687438965 4.409735518518517
2.144882717406000 1483038777.206452131271362 4.416308203703702
3.926662871803000 1487843608.373213291168213 4.425657240740739
2.257574954208000 2127437572.941873788833618 4.435590314814813
2.252463041790000 1622464580.953021049499512 4.445509648148146
2.264293927286000 1491997120.705186128616333 4.450114685185183
4.087395860860000 1492547455.162775516510010 4.454712592592591
2.162736982560000 1992509090.542000055313110 4.460215870370368
2.135870684640000 1452303500.461005210876465 4.465458037037036
2.163509331116000 1490399609.023040294647217 4.470061888888887
2.171777798502000 1492592423.066248893737793 4.474666018518517
2.163509331116000 1492685075.629305839538574 4.479270592592591
2.165826664330000 1492783487.235198259353638 4.483873092592590
2.165054028228000 1491563409.245479583740234 4.488474740740739
2.155250458122000 1492718181.269490003585815 4.493077055555553
2.168678809886000 1492676129.966221570968628 4.497682240740739
3.904733618148000 1492972687.451687574386597 4.502281944444443
3.841803752766000 1989471286.849215745925903 4.507792388888887
3.848321763338000 2147092586.254530668258667 4.512283296296294
3.857232683500000 2138603334.421372413635254 4.516708518518517
2.162736982560000 2138641921.013281822204590 4.521129796296294
3.849518218133000 1549065989.081486225128174 4.526282444444442
3.834089287399000 1962971782.504949808120728 4.531753833333331
2.183666250350000 2127619469.724976539611816 4.536212037037035
3.911233941069000 1558923621.295378923416138 4.541351388888886
3.927884212722000 2002130853.637608766555786 4.546854851851849
3.842998699284000 2193462736.564237594604492 4.551288499999997
2.183666250350000 2143393820.099531888961792 4.555776166666664
2.178501568776000 1558022806.966911554336548 4.560909425925924
2.144882717406000 1491977747.586240291595459 4.565516499999998
2.170228304194000 1403259535.091855049133301 4.570151425925923
3.927884212722000 1488449117.915441513061523 4.584763277777775
3.872661614234000 2071411676.298833608627319 4.590899481481478
2.150071384960000 1736362289.951810598373413 4.599799555555552
3.885672308112000 1488208953.993551731109619 4.609684240740737
2.237418034974000 1725768599.880717754364014 4.619930722222219
2.169453557040000 1477224731.112534046173096 4.627015814814811
2.235820568706000 1492411072.820199489593506 4.631621018518515
3.994851048916000 1492040675.318191289901733 4.636220222222218
2.163509331116000 1862850207.411364078521729 4.641697796296293
3.858432429000000 1548171352.796584606170654 4.646850907407404
2.178501568776000 1960119930.901772499084473 4.652307444444441
2.163509331116000 1558938333.057595491409302 4.657456370370367
2.156790358038000 1492765160.604572296142578 4.662055888888886
3.903519475702000 1492698447.171245574951172 4.666660388888886
2.163509331116000 2000630983.578359603881836 4.672151111111108
2.156790358038000 1565176990.960119962692261 4.677317518518516
3.980664129372000 1493027103.379169464111328 4.681919240740738
2.170228304194000 2041698181.292817354202271 4.687430888888886
3.940866575282000 1571246492.028634309768677 4.692625407407404
3.841803752766000 2002215314.836373805999756 4.698129148148145
2.183666250350000 2148874082.761069774627686 4.702613722222219
2.165054028228000 1559111081.537963390350342 4.707762425925923
4.042379852308000 1492153264.541168689727783 4.712362074074071
3.857232683500000 2081045788.108859539031982 4.717903703703700
3.851912464544001 2169582069.055715560913086 4.722434666666663
2.150071384960000 2138397203.346294879913330 4.726868537037033
2.191949109324000 1558098775.034026861190796 4.732011537037033
2.172552834095000 1493212711.145763397216797 4.736619333333330
2.164282254764000 1485524793.903817892074585 4.741222092592589
3.849518218133000 1489058256.598894119262695 4.745833555555552
2.171003628226000 1635170896.411810874938965 4.761278259259256
2.170228304194000 1482271231.313916683197021 4.768972388888885
3.971714845930000 1655628873.794130802154541 4.780845259259256
4.073237713776000 1784236612.648478031158447 4.791116148148145
2.250855981130000 1915978078.136349678039551 4.801900240740737
4.047575320950000 1571500244.212868213653564 4.807094555555552
2.157560881302000 2000440493.520266771316528 4.812577462962960
2.150839507840000 1527978163.537821054458618 4.817764166666663
3.848321763338000 1396260403.363774299621582 4.822375388888886
2.170228304194000 1962144555.561195850372314 4.827847333333330
3.927884212722000 1557607898.032329082489014 4.832993481481478
2.170228304194000 2002073816.451119184494019 4.838499129629626
2.170228304194000 1565120229.617006063461304 4.843660703703700
2.157560881302000 1491650635.963590383529663 4.848268759259255
2.164282254764000 1493153724.323672533035278 4.852875611111108
2.157560881302000 1493013895.439538478851318 4.857469444444441
3.857232683500000 1492854909.257872104644775 4.862067333333330
2.136633438804000 1963184333.248666524887085 4.867535388888886
3.856033831000000 1554934957.654535770416260 4.872687018518516
2.170228304194000 1963105003.351819038391113 4.878156685185182
3.901091642668000 1558605213.797374010086060 4.883300444444441
4.080952179143000 2001763128.859945535659790 4.888805703703700
2.183666250350000 2283076637.078803539276123 4.893318314814811
2.163509331116000 1576131599.212193250656128 4.898536740740737
2.170228304194000 1492931464.912879943847656 4.903146166666663
3.849518218133000 1492963631.976837635040283 4.907751351851848
2.144118134378000 1962271259.484478473663330 4.913208611111108
2.158330257954000 1549131610.135810136795044 4.918380592592589
2.142587259120000 1489468867.458061933517456 4.922987240740738
3.795516960564000 1489487254.454088687896729 4.937580574074071
2.149303833600000 2000829315.967721700668335 4.944667092592590
2.158330257954000 1851437706.708567142486572 4.954331351851849
2.250052450800000 1826446550.223530530929565 4.964927314814812
2.177725001688000 1875797390.943540334701538 4.975683296296293
2.251660109770000 1491665913.386143445968628 4.980288666666664
2.176947277272000 1486653819.085575103759766 4.984893462962960
2.262677272234000 1492790463.160436153411865 4.989495499999997
2.170228304194000 1472522920.824752092361450 4.994153240740737
2.176947277272000 1400711646.327978849411011 4.998758888888886
3.989619131586000 1482169781.756235599517822 5.003368074074070
3.996093060106000 2033365196.012754917144775 5.008896814814811
2.163509331116000 2247905943.571154117584229 5.013331111111108
3.849518218133000 1571718367.085088491439819 5.018526999999997
3.803231425931000 1959006572.628743886947632 5.023945092592590
3.988378594739000 2138307854.613046646118164 5.028368537037035
2.171003628226000 2228134827.495650291442871 5.032881574074072
2.171003628226000 1571691119.856275081634521 5.038076685185183
2.157560881302000 1492912736.608292579650879 5.042678759259257
2.157560881302000 1492925783.295601844787598 5.047275907407405
2.165054028228000 1492924535.362354993820190 5.051878259259257
2.170228304194000 1492296692.419121026992798 5.056480481481479
2.159100494565000 1493194076.314508914947510 5.061084722222220
3.857232683500000 1492949590.013807058334351 5.065685148148146
2.157560881302000 2002005740.168023109436035 5.071176018518516
2.171003628226000 1564960194.707204341888428 5.076342370370368
3.911233941069000 1493175698.090115785598755 5.080942222222220
3.863745898662000 2032899712.292863845825195 5.087449611111109
2.177725001688000 2193939349.186482906341553 5.091888499999998
2.144882717406000 1562798307.515674829483032 5.097066074074072
3.901091642668000 1927960085.375903844833374 5.113065037037035
2.142587259120000 2128485111.875816345214844 5.119205277777776
2.157560881302000 1707989630.232739448547363 5.129895185185183
2.149303833600000 1488099605.175096988677979 5.139247666666664
2.245739271516000 1659961695.130610227584839 5.150149481481479
4.056547590212000 1492402680.034705638885498 5.154759703703702
2.265102856694000 2081245648.317950725555420 5.160303537037035
2.163509331116000 1569591960.776656150817871 5.165519629629628
2.203823169584000 1491577208.380407094955444 5.170125611111110
3.849518218133000 1380338792.500743150711060 5.174734462962961
2.176170131520000 1961048099.774532318115234 5.180204574074073
2.162736982560000 1559314903.612680912017822 5.185352592592591
2.176947277272000 1492479847.838412761688232 5.189957833333332
3.849518218133000 1492615724.655477046966553 5.194557592592591
3.957520733271000 1961429973.047649860382080 5.200019907407405
2.156790358038000 2183629975.867095947265625 5.204516611111109
2.183666250350000 1565165045.271178722381592 5.209680962962961
2.169453557040000 1492884821.238283157348633 5.214286203703702
2.164282254764000 1492896291.018007516860962 5.218886148148147
2.176947277272000 1487514250.239855527877808 5.223479962962961
3.942091802537000 1491854470.657848834991455 5.228080537037036
3.864947148867000 2001420677.548402547836304 5.233565999999999
2.162736982560000 2148931891.936583995819092 5.238045537037036
2.191949109324000 1558902075.397583246231079 5.243184222222221
3.988378594739000 1492943158.623632669448853 5.247784092592592
4.009026984560000 2041764161.539622306823730 5.253307333333332
3.901091642668000 2248696113.074204921722412 5.257740999999998
2.184446375150000 2202910877.216118335723877 5.262234592592591
2.165054028228000 1565105134.000645875930786 5.267396259259258
2.163509331116000 1490683358.483732700347900 5.271998203703703
3.903519475702000 1490736616.392810583114624 5.276609981481481
3.957520733271000 1633364871.820901632308960 5.292115629629629
3.849518218133000 1904806529.504289865493774 5.299156037037037
2.158330257954000 2217858320.016832828521729 5.308925314814815
2.244938736308000 1644562301.219472646713257 5.318654777777778
2.252463041790000 1645781547.510089159011841 5.329479574074074
3.795516960564000 1492275525.842615127563477 5.334083296296296
2.244938736308000 1962955031.148429155349731 5.339552925925926
3.863745898662000 1557849940.598336696624756 5.344696814814815
3.979426913592000 1861707038.136066436767578 5.350169907407407
2.150071384960000 2226031855.529139518737793 5.354679851851851
2.163509331116000 1562459814.950171947479248 5.359873648148148
2.157560881302000 1491751031.271861791610718 5.364479611111111
2.156020408080000 1492857876.478021860122681 5.369080981481481
2.158330257954000 1492855589.643789291381836 5.373686555555556
2.158330257954000 1492536890.491792678833008 5.378287259259260
3.837666040838000 1492456103.335534334182739 5.382886444444445
3.920167347864000 1962016255.635830402374268 5.388340962962963
2.165826664330000 2181621179.349639892578125 5.392835907407408
2.171003628226000 1565341088.298409700393677 5.398005037037037
2.151606487680000 1492938938.519821643829346 5.402604833333333
2.157560881302000 1493049204.209340333938599 5.407206592592592
2.163509331116000 1493106770.833333253860474 5.411814592592592
3.918948406436000 1492388119.130452394485474 5.416418944444445
2.156790358038000 2002084819.896506786346436 5.421922981481481
3.849518218133000 1565348987.349481821060181 5.427091851851852
2.164282254764000 2001580267.102752685546875 5.432595351851852
2.163509331116000 1565381313.882211208343506 5.437764370370370
3.832897628013999 1492934198.137880563735962 5.442366851851852
2.137396760916000 1963404681.866653203964233 5.447837129629630
2.163509331116000 1556607969.923190355300903 5.452989370370370
2.165054028228000 1489857160.612509489059448 5.467591111111111
2.149303833600000 1482207237.230982303619385 5.474170259259259
3.972949664005000 1656574305.640397310256958 5.484932240740741
2.229902727360000 2137776698.326314210891724 5.494909111111111
4.134953436712000 1477894033.275325059890747 5.504933222222222
4.002563116578000 2033348625.297737598419189 5.510461018518519
4.227527021116000 2158406521.070439815521240 5.514976296296297
2.165826664330000 2069404751.332149028778076 5.519480296296297
3.979426913592000 1555001032.258064508438110 5.524646962962963
2.164282254764000 2041013661.844181299209595 5.530163814814816
3.857232683500000 1571578096.429602622985840 5.535359314814816
2.164282254764000 1962589971.662735700607300 5.540816074074075
3.889299888432000 1558493017.227412700653076 5.545959685185187
2.162736982560000 1990448746.807716131210327 5.551463407407409
2.164282254764000 1564647788.574931144714355 5.556629759259261
2.157560881302000 1493129627.841869115829468 5.561233537037038
3.856033831000000 1493114779.057262659072876 5.565831259259260
3.916510977224000 1963205309.267183065414429 5.571301777777779
3.910018304634000 2183186436.909394264221191 5.575799277777779
2.150839507840000 2192611033.288870334625244 5.580227962962964
2.170228304194000 1565525764.857871770858765 5.585402611111112
3.978188315448000 1492979842.476564645767212 5.590001574074075
3.858432429000000 2042285698.960058212280273 5.595525388888890
2.177725001688000 2157775999.539922237396240 5.600033481481483
4.012769726160000 1559156197.347388505935669 5.605177259259261
2.176947277272000 2041604159.738807201385498 5.610690425925927
2.250855981130000 1571946931.249576330184937 5.615882851851853
2.175392985768000 1490721572.278833150863647 5.620497055555557
3.918948406436000 1932981753.788996696472168 5.636497333333335
3.926662871803000 2125388830.888254642486572 5.642634629629631
3.861342056073000 2150261426.527490139007568 5.652354944444446
2.223980088818000 1897878450.237049102783203 5.663018462962965
2.129154110160000 1478256235.294553041458130 5.673022000000002
2.252463041790000 1446863675.485235929489136 5.677626481481484
2.135107930476000 1477278624.434389114379883 5.682230648148151
4.142667902079000 1487344131.119035959243774 5.686831500000003
2.170228304194000 1939962992.512376546859741 5.692378925925929
2.155250458122000 1555199539.900169849395752 5.697595185185188
3.849518218133000 1492098820.805903196334839 5.702202851851855
2.168678809886000 1963116169.975123167037964 5.707674240740744
2.155250458122000 1558158699.788165330886841 5.712823259259262
2.163509331116000 1492981876.495853900909424 5.717419296296299
2.157560881302000 1492539013.940015792846680 5.722022351851854
3.819848104710000 1492557549.325694322586060 5.726625166666669
2.151606487680000 1962272292.557133913040161 5.732097222222225
3.851912464544001 1559141441.295546531677246 5.737243055555559
2.150839507840000 1955840918.478591918945312 5.742712648148151
3.979426913592000 1558024616.581262350082397 5.747855222222225
3.841803752766000 2040869715.792970895767212 5.753373500000003
3.926662871803000 2159095403.110578536987305 5.757883796296300
2.143352411882000 2183293310.646852970123291 5.762378777777781
2.171003628226000 1563858755.706740617752075 5.767550537037040
3.840609695676000 1492308340.069249153137207 5.772155481481484
3.857232683500000 1962712272.617767095565796 5.777613129629632
2.151606487680000 2183353934.295333385467529 5.782112500000002
2.163509331116000 1565072605.417481184005737 5.787285055555557
3.864947148867000 1492230412.078966617584229 5.791891777777780
2.156020408080000 1912547597.553088426589966 5.797389259259261
2.157560881302000 1489666237.359049558639526 5.812544296296299
2.156790358038000 1482677202.084200859069824 5.819126444444446
3.841803752766000 1487396902.314745187759399 5.828473925925928
3.988378594739000 1706164741.581832408905029 5.838689925925928
4.002563116578000 1757675616.159041643142700 5.849588537037039
3.979426913592000 2158354163.760635852813721 5.854102351851854
2.176947277272000 2138247373.799989938735962 5.858523611111113
2.183666250350000 1463680016.945136547088623 5.863681870370372
3.881583023574000 1424607221.191159009933472 5.868291759259261
3.832897628013999 1993871886.912646532058716 5.873786037037038
3.834089287399000 2147951241.646728515625000 5.878275296296297
2.163509331116000 2138018977.882792711257935 5.882711259259260
3.888090544968000 1555824662.806159019470215 5.887850351851853
3.872661614234000 1999632721.134641170501709 5.893357722222223
2.163509331116000 2148499614.132251739501953 5.897844962962964
3.841803752766000 1558726486.992191791534424 5.902991444444445
3.921385835648000 1957902758.580874204635620 5.908444462962963
2.164282254764000 2183611552.899338245391846 5.912943574074075
3.921385835648000 1565767364.010737895965576 5.918110444444445
2.164282254764000 2002475477.747765302658081 5.923608851851853
2.163509331116000 1539678977.364201307296753 5.928785018518520
2.170228304194000 1492208400.386224508285522 5.933387981481482
3.980664129372000 1492854948.379776716232300 5.937990685185186
2.178501568776000 2041836877.436990022659302 5.943518907407408
2.170228304194000 1571482694.486606597900391 5.948716351851853
2.164282254764000 1493272841.353347301483154 5.953320574074075
2.163509331116000 1493062109.453536510467529 5.957925944444446
2.259186812064000 1492927278.868889808654785 5.962531055555557
2.165054028228000 1387771036.665787220001221 5.967164500000001
3.841803752766000 1488991977.528460264205933 5.981773925925927
2.165054028228000 2023598227.474150657653809 5.987866925925927
3.840609695676000 1484751157.252190589904785 5.995876000000001
3.849518218133000 2106479122.434536695480347 6.005767000000001
2.130675387454000 2125484381.146889448165894 6.014616703703704
2.223186152880000 1683671294.863965511322021 6.021500166666668
3.794337289704000 1492328411.636708736419678 6.026104370370371
4.064259657874000 1962622551.894580125808716 6.031566833333334
3.857232683500000 2181215414.807912349700928 6.036058425925926
2.190385223428000 2050158733.198980569839478 6.040505907407407
2.149303833600000 1564580759.805677652359009 6.045674870370370
2.177725001688000 1487766294.230931520462036 6.050280851851852
2.162736982560000 1492249637.786149024963379 6.054882185185186
3.827564969568000 1492376856.448079586029053 6.059489500000001
3.849518218133000 1962118098.886076688766479 6.064962314814816
2.178501568776000 2079106785.988574266433716 6.069471333333334
2.178501568776000 1551170597.470155239105225 6.074626092592593
3.886882101648000 1492656116.462663888931274 6.079228425925927
2.163509331116000 2001471644.020915985107422 6.084731870370372
2.156790358038000 1554942297.943818807601929 6.090905666666668
3.857232683500000 1492857064.719036102294922 6.095510185185186
2.165054028228000 1962327687.626774787902832 6.100987962962964
3.858432429000000 1559015239.568902015686035 6.106134166666668
2.159100494565000 1963682511.593849182128906 6.111596833333334
2.179279003860000 1558108512.385975599288940 6.116737055555556
2.177725001688000 1492847560.313303232192993 6.121340333333334
2.156790358038000 1480583046.130707025527954 6.125945203703704
2.157560881302000 1492798218.295067787170410 6.130547537037038
3.827564969568000 1492888018.863369226455688 6.135149833333334
3.967701416384000 1929164331.055592775344849 6.140643148148149
3.920167347864000 1655667512.950680732727051 6.156711944444445
2.150839507840000 1922011401.107782363891602 6.163585870370371
2.150071384960000 1485527064.213840246200562 6.171620944444445
3.848321763338000 1487690010.839474678039551 6.180966074074075
3.974185401870000 2104482614.023451328277588 6.190849518518519
2.176947277272000 2111720472.275438070297241 6.197016666666667
2.244938736308000 1558278717.906268596649170 6.202162185185186
2.165054028228000 1492741015.730264902114868 6.206766425925927
2.232291730968000 1492447623.724910974502563 6.211366685185186
2.156020408080000 1347322276.257530689239502 6.215959018518519
2.156020408080000 1490883831.661070108413696 6.220563925925926
3.817473492690000 1491852386.237514019012451 6.225169037037038
3.894594169309999 1962337111.517367362976074 6.230639037037037
3.913666572192001 2183138502.237495899200439 6.235133148148148
2.159100494565000 2193370494.411186218261719 6.239556666666667
2.144882717406000 1564101171.279438972473145 6.244718796296297
2.158330257954000 1492802839.516606092453003 6.249320518518520
3.897016753290000 1492532892.883870840072632 6.253923000000001
2.157560881302000 2002341321.195553302764893 6.259423629629631
3.826374822032000 1562607236.523454904556274 6.264585203703705
2.156790358038000 1963186819.210817575454712 6.270057814814816
2.171003628226000 1558772732.179482698440552 6.275204296296297
2.159100494565000 1492880889.056986331939697 6.279806759259261
2.156790358038000 1449734319.980406284332275 6.284418962962964
3.911233941069000 1492005827.740042686462402 6.289026555555557
2.162736982560000 2002389599.814258098602295 6.294530018518520
2.162736982560000 1560235896.370384216308594 6.299699425925928
2.150839507840000 1491344756.897549867630005 6.304306537037039
2.156020408080000 1493177190.065342664718628 6.308906222222224
2.158330257954000 1492847851.176856279373169 6.313511240740743
2.165054028228000 1390014922.866533994674683 6.318142462962965
2.156020408080000 1964561323.900157213211060 6.334221777777779
2.162736982560000 1483000520.699933290481567 6.340801240740742
3.888090544968000 1656093404.956314802169800 6.351553703703705
3.987138981254000 1761492455.338971614837646 6.361790277777780
3.857232683500000 2135592556.216289758682251 6.370765203703705
2.251660109770000 2137239832.002445220947266 6.375187666666668
3.987138981254000 1558358826.261833190917969 6.380330462962965
3.872661614234000 2034488462.092604875564575 6.385857333333335
2.170228304194000 2045155786.832308292388916 6.390359092592594
3.911233941069000 1564284836.263740301132202 6.395529444444446
3.873866158715999 2000195098.299994468688965 6.401029425925928
2.169453557040000 2148788028.012175083160400 6.405519537037039
2.163509331116000 1558550549.771334171295166 6.410658037037039
2.157560881302000 1492633179.853222131729126 6.415263129629632
3.903519475702000 1492820249.556089639663696 6.419862407407409
3.859631728000000 2000844091.394001722335815 6.425347814814817
3.911233941069000 2142824899.082948446273804 6.429820685185187
2.171003628226000 2182936569.517911911010742 6.434312333333335
2.189603280480000 1565179011.881081581115723 6.439479277777780
3.841803752766000 1481419789.537939071655273 6.445061351851854
2.163509331116000 1961929909.492738485336304 6.450516203703706
3.933154507619999 1559268853.119871139526367 6.455661240740743
2.177725001688000 2001213433.575844764709473 6.461151629629632
2.156790358038000 1565378965.336699485778809 6.466315592592595
2.162736982560000 1492959330.576220512390137 6.470923203703706
2.170228304194000 1492837707.957164049148560 6.475528185185188
2.171003628226000 1492158035.315019130706787 6.480124907407410
2.164282254764000 1493133334.138418197631836 6.484725296296299
2.171777798502000 1490171422.828774213790894 6.489332055555558
3.849518218133000 1491828710.307891607284546 6.503923537037039
2.171003628226000 2062446521.059987545013428 6.510005370370372
3.802049357366000 1909653411.127904176712036 6.520542777777780
4.074504645024000 2070981643.381215810775757 6.530424166666669
2.231495989384000 1737051812.870682716369629 6.541283759259262
4.100202550674000 1564655722.081095457077026 6.546452333333336
3.926662871803000 1951451290.198504924774170 6.551989092592595
2.142587259120000 2072243619.664232492446899 6.556416759259261
3.908801309946000 1565090985.297910690307617 6.561586092592594
3.911233941069000 2001851045.653592586517334 6.567092129629631
2.162736982560000 2190550717.118805408477783 6.571518277777780
2.150839507840000 1554269354.630941629409790 6.576693611111113
2.170228304194000 1492732761.743750810623169 6.581294166666669
2.169453557040000 1492926870.461070775985718 6.585899388888891
2.163509331116000 1492902576.813507080078125 6.590501685185187
2.178501568776000 1492862257.310883760452271 6.595099092592595
2.164282254764000 1492673364.044175386428833 6.599701962962966
3.901091642668000 1492235893.514699220657349 6.604303537037040
2.163509331116000 2002395355.179298400878906 6.609803888888892
2.156020408080000 1565644691.032565832138062 6.614974037037040
2.163509331116000 1492864076.615093708038330 6.619576166666670
3.934377337169999 1492304062.466005086898804 6.624172444444448
3.997335996444000 2001674271.447199344635010 6.629668500000004
4.010275184240000 2238477669.133192062377930 6.634153240740744
2.170228304194000 2248571222.463607788085938 6.638594333333336
2.191167748612000 1571636333.131046295166016 6.643781925925929
2.165826664330000 1492340951.775782108306885 6.648386574074077
3.853109364946000 1492551391.307495355606079 6.652991222222225
3.863745898662000 1812638966.925564765930176 6.658482203703707
2.183666250350000 1627771653.024797916412354 6.674511740740743
2.163509331116000 1477065587.172979354858398 6.680582259259261
2.163509331116000 1488983902.358392477035522 6.691001314814817
4.143956428746001 1486833367.992632389068604 6.700351592592595
3.880376079601000 2168860145.841916561126709 6.710375129629632
3.987138981254000 2202945681.211041927337646 6.714867129629632
3.929105099104000 2148761173.714342117309570 6.719356833333336
2.158330257954000 2137347211.621322154998779 6.723869611111113
2.170228304194000 1563072739.768466234207153 6.729070037037039
2.150071384960000 1492608181.671766757965088 6.733669296296299
3.836473937632000 1492588226.774010419845581 6.738272018518520
2.156790358038000 1955951192.607155561447144 6.743744777777779
3.898228045280000 1558171678.733308553695679 6.748888537037039
2.164282254764000 2001530702.889901161193848 6.754396222222224
3.974185401870000 1565139730.284143209457397 6.759569018518521
2.171777798502000 2034813203.225122928619385 6.765074407407409
2.162736982560000 1571200997.282085418701172 6.770266296296298
2.162736982560000 1492930287.454481124877930 6.774863481481483
2.163509331116000 1492948930.471605777740479 6.779468314814816
3.832897628013999 1492125037.704357624053955 6.784072851851853
3.857232683500000 1963383424.321651697158813 6.789540925925928
2.164282254764000 2138746067.810652494430542 6.793966648148150
3.780088029830000 1558897159.090909004211426 6.799116277777779
2.156790358038000 1962086286.104777574539185 6.804590314814816
3.847123971722000 1558738727.707510948181152 6.809732388888890
2.164282254764000 1962845353.621349811553955 6.815192037037039
2.170228304194000 1549435023.754756212234497 6.820360592592595
3.863745898662000 1490918839.544708728790283 6.824976277777780
2.176170131520000 2095884943.118177413940430 6.840269518518521
3.886882101648000 1481435460.399461507797241 6.846377740740743
2.163509331116000 2075655639.405571937561035 6.854429055555558
3.996093060106000 1488414281.046056747436523 6.864346370370373
3.802049357366000 1784763460.820340156555176 6.874611759259261
4.129805948960000 2158084159.608742713928223 6.880836703703706
4.019236456207000 2227347505.212865352630615 6.885348333333336
2.169453557040000 2158758730.262995719909668 6.889859037037040
2.143352411882000 1553819668.766137599945068 6.895001425925929
2.150071384960000 1371383386.427648544311523 6.899617018518522
3.857232683500000 1490650072.170378446578979 6.904222888888892
2.183666250350000 1962976028.722097396850586 6.909680037037040
2.176947277272000 1558280268.266855001449585 6.914821407407410
2.169453557040000 1492379738.083945035934448 6.919428481481484
3.888090544968000 1492108055.223393917083740 6.924027981481484
2.169453557040000 1963358949.521770715713501 6.929495685185188
2.177725001688000 1558916911.629781246185303 6.934642592592596
3.926662871803000 1492879670.154896736145020 6.939241833333337
3.927884212722000 1999476202.498409271240234 6.944743111111114
3.934377337169999 2193738232.865400791168213 6.949183444444447
2.182107161650000 2193734691.828110218048096 6.953609185185188
3.917730372296000 1565416810.687931537628174 6.958773888888892
2.184446375150000 2001621643.092293500900269 6.964275259259263
3.864947148867000 1565635623.876277685165405 6.969445740740745
2.151606487680000 1962904738.350622892379761 6.974911777777781
2.143352411882000 1558645430.437875986099243 6.980065444444448
3.873866158715999 1493311016.560632467269897 6.984670296296300
2.190385223428000 1963467134.520353794097900 6.990137870370374
3.841803752766000 1559095597.755718469619751 6.995286759259263
3.864947148867000 1896869818.167075634002686 7.000767981481485
3.834089287399000 1647585134.285426378250122 7.016760037037041
2.150071384960000 2064937743.410284042358398 7.022665703703708
2.183666250350000 1487856415.032936573028564 7.032566925925930
3.912450483006000 1855149688.984363317489624 7.043221981481485
2.170228304194000 1727853728.597885847091675 7.053511074074078
2.244137008052000 1558740468.891671419143677 7.058657962962966
3.880376079601000 1492612214.182810306549072 7.063259777777781
2.144118134378000 1944079315.409668684005737 7.068769425925930
3.979426913592000 1564016358.102059125900269 7.073940722222226
3.925442439958000 2041681218.417090654373169 7.079463370370375
2.182107161650000 2202301097.506715297698975 7.083958407407412
3.918948406436000 1565389948.603255987167358 7.089125185185190
2.170228304194000 2032645159.636727094650269 7.095627796296301
2.182886706000000 1564229137.351364850997925 7.100799851851857
2.176947277272000 1492863074.077053070068359 7.105404666666672
2.176170131520000 1492865777.054777860641479 7.110003703703709
2.176170131520000 1492697991.599478483200073 7.114606592592598
2.150071384960000 1488094918.365375280380249 7.119207037037043
2.169453557040000 1492814252.275263547897339 7.123803574074080
3.858432429000000 1492278736.787914752960205 7.128407944444451
2.164282254764000 1962594867.688423871994019 7.133865740740747
3.879170033986000 1558776320.905516862869263 7.139009518518525
3.859631728000000 2001509184.037476301193237 7.144512222222229
2.164282254764000 2132979377.144343376159668 7.148997537037044
3.934377337169999 1558575320.766671895980835 7.154141462962969
2.183666250350000 2001817916.881697654724121 7.159631629629636
3.844193201088000 1564837142.018233060836792 7.164803370370376
2.138158947132000 1896146323.648758172988892 7.170279814814821
3.834089287399000 1490710933.016842126846313 7.185414907407413
3.804414374994000 2080486007.386130571365356 7.191507407407413
3.825185560352000 2135911126.316046476364136 7.201359092592599
2.123195492648000 1864909879.320494413375854 7.211928870370376
2.224774615922000 1478342427.963433265686035 7.221897444444450
2.142587259120000 1484386194.261209726333618 7.226526759259265
2.236619301840000 1492517468.171121597290039 7.231130370370376
3.857232683500000 1487497963.913792371749878 7.235732518518525
2.162736982560000 2001038428.676188707351685 7.241237666666673
3.831704637166000 1464775178.813067913055420 7.246410666666673
2.164282254764000 1962045219.240184068679810 7.251880314814821
2.157560881302000 1557995691.006236553192139 7.257020296296303
3.990859206752000 1493011763.000893592834473 7.261620407407414
3.848321763338000 2040832775.312625885009766 7.267129296296303
3.856033831000000 2158910697.945433139801025 7.271642277777784
3.849518218133000 2137739790.724453926086426 7.276080870370376
3.911233941069000 2099725684.386291742324829 7.281559555555561
2.164282254764000 2178234211.361472606658936 7.286052648148154
2.162736982560000 1564966840.686133861541748 7.291217388888894
3.942091802537000 1492845095.446159124374390 7.295824407407412
2.162736982560000 1995967506.633529663085938 7.301330944444449
2.176947277272000 1565515763.603273153305054 7.306499907407412
2.171003628226000 1493002815.202091455459595 7.311104537037042
2.171003628226000 1490962133.801145076751709 7.315707000000005
2.184446375150000 1492427907.762480020523071 7.320311055555560
3.835281834426000 1493103463.528995275497437 7.324916185185190
2.170228304194000 1962774403.096421480178833 7.330389648148153
2.161964634004000 1558881946.472019433975220 7.335527148148153
3.859631728000000 1488291071.004416465759277 7.340127018518523
3.864947148867000 1875262271.010339260101318 7.345613074074079
2.156790358038000 2132491205.942120552062988 7.359884074074079
2.170228304194000 1676562201.137882232666016 7.366494796296300
2.156790358038000 1487871901.055701732635498 7.375840870370374
2.237418034974000 1486788519.703286886215210 7.385190222222226
2.136633438804000 1477849372.055742979049683 7.394605129629634
2.258381483232000 1492039836.026042938232422 7.399212907407412
2.171777798502000 1492839698.158768415451050 7.403814296296301
2.251660109770000 1487307762.924786567687988 7.408413555555560
2.144118134378000 1493016305.243814706802368 7.413018981481486
2.150071384960000 1492302466.353274345397949 7.417620166666672
2.158330257954000 1402993215.565282583236694 7.422235851851857
3.859631728000000 1491840748.831456899642944 7.426847481481487
3.917730372296000 1961210490.948705911636353 7.432304037037043
2.157560881302000 2181608315.936407566070557 7.436801425925932
3.925442439958000 1565801919.336292266845703 7.441971037037043
3.832897628013999 2001941889.695415735244751 7.447473981481488
2.150071384960000 2147849080.590238094329834 7.451960555555562
2.165054028228000 1559044411.932808876037598 7.457112240740748
2.163509331116000 1492970189.069459676742554 7.461714703703711
2.156790358038000 1492868179.895671844482422 7.466312018518526
2.156790358038000 1492858306.241349458694458 7.470914537037044
2.155250458122000 1492794369.960245132446289 7.475516833333340
3.927884212722000 1491756600.895814180374146 7.480118481481489
2.156020408080000 2002205296.877364873886108 7.485624870370377
2.156020408080000 1565308508.617569208145142 7.490791962962970
3.840609695676000 1492930630.029503583908081 7.495399037037044
3.809761425027999 1962348352.109624862670898 7.500869555555562
3.911233941069000 2138846486.445839643478394 7.505302388888896
2.179279003860000 2174965529.715974807739258 7.509807074074081
2.164282254764000 1564591314.442131519317627 7.514975722222228
2.163509331116000 1387732691.488592147827148 7.519584351851858
2.150071384960000 1489029506.945669412612915 7.535017629629635
2.164282254764000 1480385967.281751632690430 7.541599074074080
2.149303833600000 1487088494.366272449493408 7.550952462962969
2.244938736308000 1854476106.572973012924194 7.561609740740747
3.987138981254000 1466776158.573138713836670 7.571093388888895
4.065523248409000 2040608670.880561113357544 7.576618907407413
2.141822106358000 2203633315.046795845031738 7.581108481481487
3.971714845930000 1557241323.190972089767456 7.586274444444450
3.871457966323999 1909136719.613583564758301 7.591802925925931
3.925442439958000 2145628467.520566701889038 7.596329722222228
3.927884212722000 2171722418.345615386962891 7.600825296296302
2.155250458122000 2193467922.042181491851807 7.605266444444450
2.172552834095000 1565173771.125474929809570 7.610440555555560
2.157560881302000 1492468321.000974178314209 7.615040518518524
2.150839507840000 1492688803.667388916015625 7.619637592592598
2.163509331116000 1492196765.954704046249390 7.624234518518524
2.178501568776000 1493083489.329838991165161 7.628834574074079
2.171003628226000 1492768612.544996261596680 7.633433722222227
2.145648155035000 1492860924.593014955520630 7.638033944444449
2.137396760916000 1492919282.998370409011841 7.642636444444449
3.850715564142000 1492955154.296756982803345 7.647236166666671
2.165054028228000 1962448164.384489059448242 7.652706629629634
2.170228304194000 1559285418.151195287704468 7.657852296296300
2.162736982560000 1492915616.429542303085327 7.662457370370374
3.849518218133000 1492850070.294026374816895 7.667054462962967
2.144118134378000 1962407026.143237829208374 7.672525037037041
3.857232683500000 1558947027.743939638137817 7.677663296296300
3.844193201088000 1963271971.062008142471313 7.683130925925930
3.925442439958000 2136617966.750579118728638 7.687552055555559
2.165054028228000 2128511886.772457838058472 7.692270185185189
3.856033831000000 1513488498.555209159851074 7.708548333333336
3.856033831000000 2076812476.601805925369263 7.714632611111115
3.840609695676000 2096330420.877868175506592 7.724314314814818
2.230699061896000 1695121233.177864074707031 7.735054407407411
4.056547590212000 1477054578.080906629562378 7.745002777777781
4.101542991895999 2001121581.528649806976318 7.750508000000004
2.439858566706000 2192857225.158430099487305 7.754943888888892
2.162736982560000 1466087674.582378387451172 7.760124240740744
2.162736982560000 1491933469.088801860809326 7.764725833333337
3.894594169309999 1492747801.507537603378296 7.769324944444448
2.176947277272000 2002263349.244928836822510 7.774826018518522
2.171003628226000 1565467522.029805660247803 7.779964259259263
2.171003628226000 1492780088.602497100830078 7.784562407407411
2.176947277272000 1492934212.908026695251465 7.789166203703707
3.910018304634000 1492798014.444793224334717 7.793766092592596
2.177725001688000 2001627872.672899484634399 7.799264907407411
2.171003628226000 1561166444.911798715591431 7.804442462962967
2.169453557040000 1491291206.156697750091553 7.809038481481485
3.849518218133000 1493009123.117803335189819 7.813638111111115
2.171003628226000 1963713960.569409847259521 7.819105759259263
2.143352411882000 1558448098.678718328475952 7.824252277777782
2.176947277272000 1493120360.353113889694214 7.828856814814818
3.857232683500000 1493179524.512426137924194 7.833461055555559
2.183666250350000 1962488033.319788455963135 7.838929944444448
2.156790358038000 1558043364.553314208984375 7.844070685185189
2.184446375150000 1493179927.249341726303101 7.848678000000004
3.918948406436000 1493061016.785645484924316 7.853285111111115
3.895805010335000 2001206106.408096075057983 7.858791166666671
2.158330257954000 2073917174.086643934249878 7.863243611111115
2.169453557040000 1972492595.525491952896118 7.878257055555560
3.959982152928000 1576073284.003171443939209 7.885287037037041
3.777736966220000 2199324862.107005119323730 7.893344814814819
2.182886706000000 1734313929.720696687698364 7.909435111111115
2.257574954208000 1488829184.597537755966187 7.919332518518522
2.142587259120000 1711147631.920794725418091 7.927244462962967
2.244137008052000 1492428638.718794107437134 7.931844296296300
2.257574954208000 1484861764.729558944702148 7.936445148148152
2.157560881302000 1492907729.049066543579102 7.941051148148152
3.817473492690000 1445460136.783971071243286 7.945665074074078
2.163509331116000 1961889867.647606372833252 7.951137277777782
2.156020408080000 1558331262.075839042663574 7.956284148148153
3.911233941069000 1493220868.921214342117310 7.960885000000005
3.951034807296000 2001507498.676307439804077 7.966376092592597
3.827564969568000 2232661287.591928005218506 7.970860777777782
3.866149293858000 2146006956.137008666992188 7.975381166666670
2.169453557040000 2137756052.312706470489502 7.979813203703707
2.165826664330000 1558320992.099786043167114 7.984956055555559
3.902306236972000 1492503187.174039125442505 7.989557833333336
2.157560881302000 2001840892.328520774841309 7.995056555555558
2.142587259120000 1564858474.011789083480835 8.000227703703706
3.912450483006000 1493181989.346808195114136 8.004830740740744
2.176947277272000 1994704636.438870429992676 8.010335444444447
2.172552834095000 1564650527.213382482528687 8.015504129629631
3.872661614234000 1492093428.587537050247192 8.020102611111113
2.169453557040000 2002066771.596343517303467 8.025608944444446
2.157560881302000 1565169847.451427698135376 8.030773055555557
2.163509331116000 1492842109.075106859207153 8.035375388888889
2.144118134378000 1492178351.401401758193970 8.039965370370371
2.163509331116000 1491576439.109054088592529 8.044574703703704
3.879170033986000 1395789276.763122081756592 8.049207425925927
3.885672308112000 2167344386.481372833251953 8.064525111111111
2.184446375150000 2118174475.444648504257202 8.070446351851851
2.179279003860000 1488307844.651069164276123 8.080376685185184
2.224774615922000 1657310041.730167865753174 8.091142499999998
2.238217362846000 1481285067.663900136947632 8.101546592592591
4.080952179143000 1492315100.600866794586182 8.106144888888887
1.806758535120000 1985152572.508056402206421 8.111644277777776
3.192796012068000 1556939642.684693336486816 8.116821777777776
2.157560881302000 1962349950.149551391601562 8.122282555555554
2.145648155035000 1558824238.887267827987671 8.127423055555553
3.831704637166000 1492351020.145511150360107 8.132027518518516
2.165054028228000 1962530319.754113674163818 8.137480203703701
3.841803752766000 1558759172.522870540618896 8.142631962962961
2.163509331116000 1961611087.567508935928345 8.148094203703701
2.156790358038000 1559433993.607007026672363 8.153244518518516
2.150839507840000 1492886896.385348320007324 8.157850259259257
2.157560881302000 1492850793.829841375350952 8.162447055555553
3.826374822032000 1493044375.902296543121338 8.167052074074071
3.755776951394000 1945810430.842074155807495 8.172519833333331
3.835281834426000 2138716906.387637615203857 8.176951425925923
3.832897628013999 2136382401.223042249679565 8.181384814814813
2.156790358038000 2138569920.228181600570679 8.185825722222219
2.162736982560000 1558959004.218620300292969 8.190974851851848
2.171003628226000 1492736886.554571151733398 8.195579611111107
3.842998699284000 1491940437.169458627700806 8.200184148148145
3.894594169309999 1962967376.772153377532959 8.205641518518515
2.177725001688000 2183229563.805276870727539 8.210134499999997
3.841803752766000 1547680491.265946388244629 8.215315370370368
2.176947277272000 1896571423.741534948348999 8.220792722222219
3.810945891298000 1492467527.001183032989502 8.235927518518515
3.863745898662000 2022784803.434540510177612 8.242022462962959
3.825185560352000 1777186432.891175508499146 8.250890314814811
2.151606487680000 1864904416.424772500991821 8.261467833333329
3.925442439958000 1634334604.040926218032837 8.271212574074070
3.980664129372000 1824403014.090874910354614 8.278585351851849
3.839414304444000 2086848705.107790946960449 8.283074499999996
2.250855981130000 2136013789.690444946289062 8.287490037037033
2.156790358038000 1538784665.138984203338623 8.292637833333329
2.164282254764000 1454150964.780779123306274 8.297245481481477
3.915292943084000 1485711341.201846122741699 8.301847351851848
3.854833639000000 1993737922.542792320251465 8.307351944444440
2.156790358038000 2148505220.312060356140137 8.311828759259255
2.182886706000000 1558296680.714457988739014 8.316974333333329
2.157560881302000 1492865688.337712526321411 8.321576537037032
3.856033831000000 1492809593.971160173416138 8.326176648148143
3.913666572192001 1962722724.033796072006226 8.331634240740735
2.183666250350000 2182763442.057219505310059 8.336125740740735
3.902306236972000 1565792241.413311958312988 8.341290388888883
2.184446375150000 2001781702.895495653152466 8.346781037037031
2.170228304194000 1557373117.596235513687134 8.351967962962958
2.163509331116000 1493139927.046341896057129 8.356572611111106
2.164282254764000 1493037668.128920078277588 8.361169777777773
2.171777798502000 1489273886.528187036514282 8.365776240740736
2.163509331116000 1492847536.899217844009399 8.370377111111106
3.917730372296000 1493005481.269981622695923 8.374982018518512
2.144882717406000 2001016442.320340394973755 8.380472592592586
3.929105099104000 1565259324.834326744079590 8.385639499999993
2.217261115740000 2002432326.378705501556396 8.391132777777770
2.171003628226000 1562563844.942640781402588 8.396319388888880
3.920167347864000 1491780866.669289588928223 8.410910370370361
3.918948406436000 2126372999.447081327438354 8.417039462962954
2.165054028228000 2149178593.341144561767578 8.426728037037028
2.151606487680000 1487775980.623576164245605 8.436652277777769
2.251660109770000 1660691627.842078924179077 8.447535351851844
2.258381483232000 1491206580.572983264923096 8.452136999999992
2.150839507840000 1488218486.177035331726074 8.456736833333325
2.244938736308000 1492949212.120237112045288 8.461341314814806
2.184446375150000 1492697112.907381296157837 8.465941611111102
3.834089287399000 1491798784.708249330520630 8.470543462962954
3.856033831000000 1928394309.359444618225098 8.475967574074065
3.862543306278000 2137696739.366228818893433 8.480406611111102
2.172552834095000 2138719298.686292648315430 8.484830055555546
2.176947277272000 1558954171.842091083526611 8.489973666666657
3.859631728000000 1492732961.217365980148315 8.494578629629620
2.177725001688000 1961486897.367240667343140 8.500028481481472
2.162736982560000 1559357861.626166105270386 8.505173962962953
2.169453557040000 1485712671.814733982086182 8.509773555555546
3.863745898662000 1491378510.653712034225464 8.514374629629620
3.925442439958000 1962620101.427664041519165 8.519826425925915
2.176947277272000 2182733281.512292385101318 8.524305277777767
2.177725001688000 1565478502.805538654327393 8.529476925925914
2.142587259120000 1492774364.662198066711426 8.534085148148137
3.926662871803000 1492870722.020353317260742 8.538687203703692
2.183666250350000 2001252554.675780057907104 8.544192722222210
3.872661614234000 1565890015.634188652038574 8.549357092592579
2.162736982560000 1962014691.439137935638428 8.554825129629616
2.171777798502000 1558588441.141844987869263 8.559968851851838
2.162736982560000 1493199554.382973194122314 8.564573370370358
2.176170131520000 1493297118.917591810226440 8.569174907407394
2.171003628226000 1369275774.594661951065063 8.573781259259246
3.794337289704000 1940667661.310667991638184 8.590810740740727
3.910018304634000 1947892359.171656370162964 8.597905666666653
2.171003628226000 1713791534.462277412414551 8.608708944444430
2.223186152880000 1488810152.284264087677002 8.618631907407392
2.256769025280000 1803278781.615710496902466 8.629347981481466
2.238217362846000 1492326828.757580518722534 8.633946833333319
4.149092402156000 1492561641.687209129333496 8.638551851851837
3.849518218133000 2032853288.160203218460083 8.644061518518503
2.150839507840000 2108185961.067954063415527 8.648557481481467
3.935601077579999 1558390550.716715574264526 8.653706999999985
2.170228304194000 2001341286.198931455612183 8.659214759259244
2.176947277272000 1564759878.550048112869263 8.664386833333319
2.158330257954000 1492990056.458070993423462 8.668988740740726
3.858432429000000 1492976877.915393114089966 8.673593925925912
3.835281834426000 1960812104.539202451705933 8.679046425925913
3.850715564142000 2138456411.371601343154907 8.683474611111098
2.163509331116000 2138621947.452348947525024 8.687910796296283
2.171003628226000 1558606312.304314851760864 8.693056537037023
3.984658369241000 1492787137.626430511474609 8.697653925925913
2.183666250350000 2041771437.207193613052368 8.703168092592579
2.176947277272000 1570716189.197680711746216 8.708354907407394
2.162736982560000 1493218307.140444278717041 8.712959870370357
2.176947277272000 1492947881.502727270126343 8.717556944444430
3.934377337169999 1492954275.713624715805054 8.722159814814800
2.179279003860000 1994994222.019407510757446 8.727678851851836
2.171003628226000 1564806358.877542257308960 8.732857962962948
2.144882717406000 1493026299.172696113586426 8.737462388888874
2.156790358038000 1487387631.395376682281494 8.742081611111097
2.137396760916000 1489387270.835258483886719 8.746690740740727
2.152374324800000 1960588003.161539077758789 8.763021277777764
2.170228304194000 1563021219.265746116638184 8.769948944444430
2.170228304194000 1488010226.993712186813354 8.780357129629614
2.217261115740000 1826435819.484917402267456 8.790937962962948
4.071971725536000 1844209075.888728380203247 8.801630518518504
4.002563116578000 2001295923.000090837478638 8.807137018518503
2.156790358038000 2148460899.140436172485352 8.811628962962947
2.156790358038000 1549692423.316192626953125 8.816778777777762
2.156790358038000 1492125477.407721281051636 8.821389907407392
2.165054028228000 1492838660.615132093429565 8.825992351851836
3.931930311780000 1492651511.798668384552002 8.830595037037021
3.841803752766000 2000671204.156664848327637 8.836080203703688
2.163509331116000 2149015751.552794933319092 8.840552425925910
2.158330257954000 1558607212.223229408264160 8.845701092592577
2.151606487680000 1492689727.800376176834106 8.850308277777762
3.893381975390000 1492733286.418015480041504 8.854913370370355
2.171003628226000 1999800942.265151500701904 8.860396611111096
3.840609695676000 1565451764.866036415100098 8.865565925925910
2.157560881302000 1953177171.488802909851074 8.871021092592576
2.151606487680000 1558380886.287144422531128 8.876171166666650
3.911233941069000 1493201530.550660133361816 8.880773722222205
2.176170131520000 2001997644.684849977493286 8.886261703703687
3.850715564142000 1565261675.235262632369995 8.891423388888871
3.832897628013999 1961429035.050496339797974 8.896878481481464
2.172552834095000 2138670677.482788562774658 8.901314018518502
3.834089287399000 1559086583.219033956527710 8.906458074074058
3.849518218133000 1962904115.448462486267090 8.911913129629614
3.926662871803000 2138090643.103750944137573 8.916343611111095
3.863745898662000 2180698644.678697586059570 8.920844388888874
2.155250458122000 2176310623.773470401763916 8.935140592592578
2.170228304194000 1665537156.923283338546753 8.941768388888875
2.155250458122000 1656739362.031588792800903 8.952531722222208
2.249248920470000 1485124448.587255477905273 8.961888999999985
2.136633438804000 1477092063.304942369461060 8.971314277777763
4.080952179143000 1492604815.584896087646484 8.975918925925912
3.918948406436000 1995971146.540072917938232 8.981426962962949
2.250052450800000 2191371014.686137199401855 8.985868037037024
2.157560881302000 1521633449.881364345550537 8.991042611111098
2.164282254764000 1492203360.235602617263794 8.995645462962949
2.172552834095000 1491792897.196261644363403 9.000252407407395
2.164282254764000 1492865475.547965526580811 9.004850222222210
2.152374324800000 1486853092.783505201339722 9.009506222222210
2.156790358038000 1489954436.036441564559937 9.014114314814803
2.144882717406000 1492905297.285990715026855 9.018717999999987
2.152374324800000 1492901288.348498344421387 9.023317629629616
2.143352411882000 1492910215.272381782531738 9.027917314814802
2.149303833600000 1491796329.470112085342407 9.032517518518507
3.894594169309999 1487844122.626750946044922 9.037122277777765
2.143352411882000 2001428120.478758335113525 9.042613333333321
2.156020408080000 1565588300.204932689666748 9.047782148148135
2.143352411882000 1492361956.149711132049561 9.052381129629616
2.150071384960000 1493164500.368546009063721 9.056978777777765
2.151606487680000 1493036774.764625310897827 9.061581370370357
2.150071384960000 1492796291.825599908828735 9.066183814814801
3.817473492690000 1492928259.669287681579590 9.070778833333319
3.987138981254000 1962610954.129371643066406 9.076251148148135
3.858432429000000 2228267774.086378574371338 9.080766148148134
3.871457966323999 2159474485.422878265380859 9.085281722222208
2.169453557040000 2180112255.097549438476562 9.089783703703690
2.171777798502000 1443485639.241472005844116 9.095974055555542
2.176947277272000 1963481746.243770122528076 9.112055981481468
2.152374324800000 1482925666.412795066833496 9.118620981481468
2.129154110160000 1488065980.713512897491455 9.127965462962949
2.151606487680000 1487578176.992552757263184 9.137315092592580
4.068051841312000 1467080554.981135129928589 9.146807574074062
4.149092402156000 2000627837.115031957626343 9.152312481481470
2.143352411882000 2228133130.270049571990967 9.156799314814803
2.169453557040000 1571374168.393791675567627 9.161990629629617
2.182107161650000 1451937612.790945291519165 9.166598055555543
2.144118134378000 1488771696.722994565963745 9.171197444444431
2.156020408080000 1492866257.964663982391357 9.175804018518505
2.163509331116000 1491421086.323722839355469 9.180403629629616
2.176947277272000 1492830472.284214973449707 9.185008907407394
3.918948406436000 1492666449.369839191436768 9.189610907407394
2.169453557040000 2001889952.877309322357178 9.195116629629617
2.164282254764000 1553359420.289855003356934 9.200291629629616
2.157560881302000 1492995049.166482210159302 9.204896166666654
2.163509331116000 1493028038.286764144897461 9.209493055555543
4.025699319564000 1492892879.271913766860962 9.214095685185173
2.170228304194000 2082151789.593289375305176 9.219636981481470
3.842998699284000 1576756504.445400953292847 9.224842111111100
2.163509331116000 1963294910.960434913635254 9.230309925925914
2.170228304194000 1557820675.871439933776855 9.235461574074062
3.858432429000000 1492036699.685914516448975 9.240060462962951
3.847123971722000 1962815620.707781553268433 9.245520925925915
3.856033831000000 2138391676.230847120285034 9.249941999999988
3.848321763338000 2138537285.269990921020508 9.254378018518507
2.171003628226000 2138436507.271630764007568 9.258799055555544
2.156020408080000 1557697944.902212858200073 9.263943444444433
2.156020408080000 1403076633.241203308105469 9.268573240740729
2.169453557040000 1990098797.744954109191895 9.284704962962952
3.920167347864000 1481854470.194473981857300 9.291272537037026
2.131435176858000 1916548928.384255647659302 9.301342999999989
2.237418034974000 1634698234.928415060043335 9.313674888888878
3.895805010335000 1649083669.334136486053467 9.324495703703693
4.164516537480000 2001443747.642399072647095 9.329994074074063
3.864947148867000 2229096297.335666656494141 9.334481333333322
2.169453557040000 2158165050.699429988861084 9.338984999999989
2.150071384960000 1523911207.674902915954590 9.344133092592582
3.934377337169999 1492489388.345097303390503 9.348732333333322
2.184446375150000 2002046376.460616111755371 9.354237999999988
2.177725001688000 1563289588.738693475723267 9.359405481481469
2.176947277272000 1492267547.059681892395020 9.363974148148136
2.179279003860000 1493182164.127716541290283 9.368572870370359
2.164282254764000 1492817208.283680677413940 9.373172722222211
3.879170033986000 1492879501.904128551483154 9.377767999999989
2.171003628226000 1963025512.542393445968628 9.383222833333322
3.936824362560000 1555291562.954117059707642 9.388371203703693
4.011521990840000 2002244778.832559108734131 9.393872314814804
2.184446375150000 2237871931.538527965545654 9.398364703703692
2.177725001688000 1571801926.545978307723999 9.403559185185173
2.179279003860000 1492377594.479053258895874 9.408163870370359
2.183666250350000 1493166233.264364719390869 9.412764277777766
2.190385223428000 1493066581.306017875671387 9.417363499999988
3.926662871803000 1492941482.841905832290649 9.421971518518507
2.163509331116000 2002248600.389837026596069 9.427472388888878
2.170228304194000 1564794134.522972822189331 9.432636314814804
3.849518218133000 1493203832.780657529830933 9.437237944444433
3.918948406436000 1876372697.468482732772827 9.442717018518508
2.184446375150000 2121361926.402589082717896 9.457411074074063
2.176170131520000 1477869088.941708564758301 9.463503703703692
2.171003628226000 1487502404.808549642562866 9.473911092592580
2.204610495536000 1487244956.795159101486206 9.483263611111099
4.070704322784001 1479119908.838816642761230 9.492673074074062
2.258381483232000 2001016715.143159627914429 9.498180388888878
3.911233941069000 1556538778.502092361450195 9.503384685185175
3.832897628013999 1957755025.113033771514893 9.508926296296286
2.178501568776000 2130247577.143423318862915 9.513412888888878
2.171003628226000 1557884381.834925651550293 9.518560740740730
2.165826664330000 1492501134.023935079574585 9.523165777777766
3.834089287399000 1492836361.734316110610962 9.527768296296285
2.169453557040000 1961566406.448961973190308 9.533221944444433
2.177725001688000 1558777634.030408143997192 9.538360703703692
2.169453557040000 1492863086.315061807632446 9.542968499999988
3.849518218133000 1492529023.545205354690552 9.547575870370359
3.912450483006000 1962193676.947529315948486 9.553040296296285
2.156790358038000 2169577610.606286525726318 9.557515629629618
3.849518218133000 1565878114.755566835403442 9.562684425925914
3.858432429000000 1961735806.392470836639404 9.568138759259247
2.170228304194000 2138796483.387975692749023 9.572572740740728
2.164282254764000 1558795809.216264247894287 9.577710999999988
3.841803752766000 1481684176.237814903259277 9.582315888888877
2.143352411882000 1961204824.915391206741333 9.587776740740729
2.177725001688000 1558412725.802103042602539 9.592928129629618
3.910018304634000 1492963394.021345376968384 9.597529685185174
2.162736982560000 2001909629.224742650985718 9.603018185185174
3.803231425931000 1488396682.255730390548706 9.608316296296286
2.164282254764000 2055561246.611239671707153 9.624683037037027
2.158330257954000 1476639703.543000459671021 9.630794722222213
2.156790358038000 1487302113.086407423019409 9.641155203703693
2.250052450800000 1482938126.583482027053833 9.650503740740730
3.979426913592000 1481450961.573954582214355 9.661039129629618
2.243335876320000 2081209479.811204195022583 9.666590888888877
2.171003628226000 1577917883.775160074234009 9.671808425925914
2.150071384960000 1491573805.426444053649902 9.676414129629617
3.832897628013999 1447449102.422774553298950 9.681017055555543
2.165054028228000 1949483766.795455932617188 9.686476259259246
3.912450483006000 1558773650.396688461303711 9.691630037037024
3.823994969888000 2001391583.538629055023193 9.697132481481468
2.163509331116000 2148953296.669344425201416 9.701627759259246
2.144882717406000 1558597693.366086244583130 9.706769129629617
2.171777798502000 1492691753.660588741302490 9.711368925925914
2.143352411882000 1492021089.786368370056152 9.715975333333322
2.164282254764000 1493081890.568482160568237 9.720577907407396
3.894594169309999 1492851899.411880731582642 9.725178259259248
3.826374822032000 2000552478.920742034912109 9.730668999999988
3.841803752766000 2149019861.980261802673340 9.735161111111099
2.163509331116000 2138552594.869567394256592 9.739595074074062
3.864947148867000 1552216217.966709136962891 9.744741629629617
2.163509331116000 2001430194.745018482208252 9.750236944444431
2.156020408080000 1566045678.565412044525146 9.755403481481467
2.163509331116000 1492472300.515113353729248 9.759976370370357
2.165054028228000 1493230828.094227552413940 9.764574388888875
2.157560881302000 1493177696.591238260269165 9.769176907407394
3.771201086718000 1492846871.943094730377197 9.773777148148135
3.740352816070000 1963130838.618697643280029 9.779240055555542
2.163509331116000 2038845004.978426694869995 9.783703759259247
3.908801309946000 1932645600.979070901870728 9.798683944444432
2.162736982560000 1946548862.291534185409546 9.805991518518507
2.129914465726000 1822349161.284854888916016 9.815606092592581
2.210542142662000 1487580450.708349227905273 9.824966666666656
2.251660109770000 1479150911.701646327972412 9.834381296296286
4.136239563888000 1492308335.107729434967041 9.838990759259248
2.251660109770000 2041397567.820392608642578 9.844513925925915
4.061731064971000 1565992876.700607538223267 9.849708148148137
3.917730372296000 1949079003.085113048553467 9.855218481481471
2.143352411882000 2193331453.832679748535156 9.859658851851840
2.150839507840000 1564674576.964037895202637 9.864823240740730
2.163509331116000 1493170886.687605619430542 9.869422129629619
3.856033831000000 1493089869.340185880661011 9.874026962962953
3.850715564142000 1955431381.024421930313110 9.879510814814804
3.840609695676000 2137904218.642261743545532 9.883942203703693
3.827564969568000 2137585794.224052667617798 9.888380148148137
2.172552834095000 2138868787.801310062408447 9.892798351851841
2.162736982560000 1559015548.625872611999512 9.897947074074063
2.171777798502000 1493017056.685198068618774 9.902547203703692
2.164282254764000 1488357316.321722507476807 9.907145370370358
2.156790358038000 1492896831.876701831817627 9.911749685185173
2.156790358038000 1492235471.728497028350830 9.916349592592580
2.171777798502000 1493245268.129275560379028 9.920949018518506
3.918948406436000 1493061983.753431558609009 9.925556259259247
3.918948406436000 2030490072.921340227127075 9.931087333333322
3.902306236972000 2203392094.509984970092773 9.935583037037025
3.804414374994000 2193046678.779345512390137 9.939975944444432
2.156020408080000 2149321337.271350860595703 9.944452722222211
2.177725001688000 1558984515.780955076217651 9.949601333333321
2.169453557040000 1491903778.769214630126953 9.954204537037025
3.935601077579999 1975471588.916169881820679 9.971310537037025
3.849518218133000 1896214266.130506277084351 9.978605203703692
2.163509331116000 1693479003.671263694763184 9.989379574074063
4.088666644510000 1488614419.710977554321289 9.999282685185173
4.065523248409000 1930556744.081813573837280 10.009446740740730
3.852435487500000 2181667931.040232181549072 10.013889481481471
2.250855981130000 2191165180.413982868194580 10.018331425925915
2.163509331116000 1524532977.318362474441528 10.023505296296285
2.156790358038000 1484577834.808947801589966 10.028108944444433
2.176170131520000 1492732551.449435710906982 10.032711629629619
3.925442439958000 1492600263.358179092407227 10.037310351851842
2.170228304194000 2002192085.188822507858276 10.042816203703694
2.171777798502000 1564769332.869375467300415 10.047978444444436
3.912450483006000 1492801467.954882860183716 10.052580462962954
3.911233941069000 2001803044.572104930877686 10.058086314814807
2.156790358038000 2193205578.728277206420898 10.062517166666659
2.170228304194000 1565689099.580367565155029 10.067689240740734
2.156790358038000 1492412795.186924934387207 10.072293981481474
2.184446375150000 1493214527.271848917007446 10.076893759259251
3.913666572192001 1493001118.073374748229980 10.081498240740732
2.169453557040000 2001617446.201475143432617 10.086989407407399
2.162736982560000 1565120427.959137439727783 10.092161240740733
2.165054028228000 1494065105.585999965667725 10.097767518518511
3.847123971722000 1491352953.963576555252075 10.102367740740734
3.794337289704000 1962771682.027415752410889 10.107835018518511
2.171003628226000 2137874026.266792535781860 10.112270981481474
3.857232683500000 1559387208.148116111755371 10.117420092592585
2.150839507840000 1858854448.716560125350952 10.122891499999993
2.169453557040000 1488739319.163494825363159 10.138480166666659
2.150071384960000 1660690231.078275442123413 10.145348129629621
3.895805010335000 1488407159.860176801681519 10.155710425925918
2.243335876320000 1941894125.636796474456787 10.165826888888880
4.050094317675000 1637810674.783761978149414 10.175658296296287
2.171777798502000 2000673031.540463209152222 10.181159166666658
2.243335876320000 1565236769.620362043380737 10.186329296296288
2.149303833600000 1441501815.184835195541382 10.190935499999991
3.823994969888000 1492106326.974160909652710 10.195536611111102
3.859631728000000 1961973902.085394144058228 10.201003203703694
2.157560881302000 2182995887.761036396026611 10.205492962962953
2.164282254764000 1565320018.628645181655884 10.210662222222213
2.168678809886000 1492683969.108731985092163 10.215256592592583
2.163509331116000 1492949376.912590742111206 10.219861796296287
2.163509331116000 1477118889.559444904327393 10.224464574074066
3.879170033986000 1492865174.375762462615967 10.229063518518510
2.158330257954000 2001582928.907494306564331 10.234562092592585
3.886882101648000 1565705228.365384578704834 10.239738981481473
2.156790358038000 1997095213.441897630691528 10.245247462962954
3.971714845930000 1558219561.617492675781250 10.250447555555548
2.158330257954000 2040893075.779292821884155 10.255977259259252
2.150839507840000 1572103103.359835863113403 10.261175925925919
3.849518218133000 1493116211.357722759246826 10.265780722222216
3.851912464544001 1962892707.357791423797607 10.271238277777771
3.864947148867000 2183212384.099691867828369 10.275738074074066
2.183666250350000 2193117146.898092746734619 10.280163666666660
4.057808783042001 1525819880.543942689895630 10.285350759259252
2.162736982560000 2079679793.182228088378906 10.290895092592585
2.170228304194000 1477060395.661580801010132 10.296133388888881
3.948578642944000 1963606734.493835926055908 10.312210925925918
3.848321763338000 1898723904.792129755020142 10.319504907407399
2.143352411882000 1694832766.541989564895630 10.330303185185176
2.152374324800000 1488516892.290243148803711 10.340197574074065
3.996093060106000 1477914640.128122568130493 10.349598296296287
2.136633438804000 1962668490.364570140838623 10.355061351851843
4.012769726160000 1558121721.507343053817749 10.360214888888880
3.889299888432000 1909717603.614651679992676 10.365620870370361
2.169453557040000 2170495184.233922958374023 10.370119981481471
3.866149293858000 1565033356.838348865509033 10.375293555555546
2.164282254764000 1962434386.934265136718750 10.380763333333324
2.178501568776000 1558840638.955561637878418 10.385909462962953
2.162736982560000 1492586278.619735240936279 10.390512444444434
3.872661614234000 1492550642.009011030197144 10.395111722222213
3.929105099104000 1962143152.789114952087402 10.400579074074065
3.918948406436000 2183243012.950197696685791 10.405073499999991
3.847123971722000 2193555244.055068969726562 10.409512388888880
2.171003628226000 2144358935.096859931945801 10.413987148148140
2.170228304194000 1559208995.860293149948120 10.419136018518509
3.926662871803000 1492914710.352980852127075 10.423741240740732
2.165054028228000 2001601356.922424554824829 10.429243888888880
3.934377337169999 1565557588.029746532440186 10.434411018518510
2.162736982560000 2002512038.280216932296753 10.439914296296289
2.179279003860000 1564731338.361388921737671 10.445080370370363
2.163509331116000 1492957024.507417440414429 10.449682907407400
2.162736982560000 1492922262.365522146224976 10.454285759259252
2.129154110160000 1493032435.629700183868408 10.458888037037029
2.156020408080000 1492824453.417174339294434 10.463488166666659
2.156790358038000 1490905239.293495178222656 10.468095092592584
2.143352411882000 1489514530.586869478225708 10.482690740740733
3.892171134365000 1482756362.795654535293579 10.489258870370362
3.787802495197000 1956446278.256456613540649 10.499330314814806
3.996093060106000 2108974134.545250654220581 10.508241814814806
3.848321763338000 1706604664.266067028045654 10.519087870370361
2.250052450800000 2137797990.344297647476196 10.523522018518509
2.259186812064000 1553750528.054349184036255 10.528668444444435
3.834089287399000 1449149549.940353631973267 10.533278944444435
2.170228304194000 1962239686.668177604675293 10.538754148148138
2.171003628226000 1558548400.677944183349609 10.543900425925916
3.911233941069000 1491783373.127848863601685 10.548507425925916
2.163509331116000 2001801652.892561912536621 10.554012925925916
2.177725001688000 1565763791.713686943054199 10.559182092592582
2.163509331116000 1492664929.424538612365723 10.563787092592582
2.164282254764000 1491809272.842670202255249 10.568397129629620
2.169453557040000 1493138125.941548824310303 10.573006851851842
3.849518218133000 1493160161.377344369888306 10.577606148148138
2.142587259120000 1963388592.831693887710571 10.583079314814805
2.164282254764000 1558741662.053446292877197 10.588230907407398
3.832897628013999 1493231868.794468879699707 10.592837759259250
3.841803752766000 1961294979.398748397827148 10.598298592592585
2.169453557040000 2138550193.509600400924683 10.602734203703696
2.156790358038000 1558570581.888800859451294 10.607883462962954
3.834089287399000 1492232429.694660186767578 10.612490351851843
3.926662871803000 1962824810.497009277343750 10.617957870370361
3.917730372296000 2172915823.227132320404053 10.622462499999990
2.169453557040000 2193480230.818551063537598 10.626881555555546
3.841803752766000 1564559071.367153882980347 10.632050444444435
2.177725001688000 1959255892.050311326980591 10.637509777777767
2.184446375150000 1935495204.172308206558228 10.652472629629619
2.171003628226000 1483686350.114126682281494 10.659052388888878
4.001317317282000 1849954292.695916652679443 10.669692555555544
2.158330257954000 1782945829.294313192367554 10.679951277777766
4.019236456207000 1840243931.760934352874756 10.689655722222211
3.849518218133000 1962311823.774719476699829 10.695131037037026
3.987138981254000 2138018671.211247920989990 10.699564481481470
3.934377337169999 2130360501.894849300384521 10.703996574074063
2.168678809886000 2140622188.355952501296997 10.708492592592581
2.163509331116000 1565546840.444034099578857 10.713667370370359
2.163509331116000 1492646272.897648096084595 10.718262092592582
3.918948406436000 1491275781.501772403717041 10.722859129629619
2.171003628226000 2001217501.815541028976440 10.728367129629619
3.924220644502000 1565186502.249863862991333 10.733536166666656
2.164282254764000 2002427513.911471366882324 10.739037222222212
3.948578642944000 1558511610.231774330139160 10.744202685185176
3.916510977224000 1997880767.017054796218872 10.749704518518509
2.170228304194000 2193101949.902630329132080 10.754135888888881
2.171003628226000 1565119462.144397974014282 10.759303185185177
2.163509331116000 1493104609.586393594741821 10.763902296296287
3.934377337169999 1492452085.074914693832397 10.768509999999990
2.182886706000000 2001862877.131613492965698 10.774015740740731
2.176947277272000 1565228319.940961360931396 10.779184981481473
2.176170131520000 1493004636.648422956466675 10.783789999999991
2.143352411882000 1492212154.624986886978149 10.788391814814807
3.848321763338000 1493256597.195663452148438 10.792991833333325
2.162736982560000 1957403262.692483663558960 10.798457666666659
2.196319854960000 1558670433.321217775344849 10.803603537037029
3.871457966323999 1490192841.202819108963013 10.808217388888881
2.164282254764000 2136135680.679921150207520 10.823591722222215
2.191949109324000 1476281140.882638216018677 10.829701351851844
2.165054028228000 1488606510.038811445236206 10.840064833333326
2.251660109770000 1487320973.743462562561035 10.849416296296289
3.803231425931000 1476845681.741806507110596 10.858839462962955
2.237418034974000 1961714751.536512613296509 10.864314222222214
2.251660109770000 1558502183.752306222915649 10.869453185185177
3.979426913592000 1492767301.978404283523560 10.874052851851845
3.904733618148000 1915800499.107287883758545 10.879529296296289
2.171003628226000 2180705075.103548049926758 10.883982407407400
2.171777798502000 1565380336.101989507675171 10.889159407407400
2.176947277272000 1492782070.761883974075317 10.893766407407400
2.156020408080000 1491818605.568548202514648 10.898366981481473
2.165054028228000 1492792147.582942962646484 10.902968537037030
3.926662871803000 1492784548.693491220474243 10.907573685185177
2.178501568776000 2001000201.825851202011108 10.913078981481474
2.163509331116000 1565289756.335317611694336 10.918246222222216
2.150071384960000 1492766328.980547189712524 10.922850907407401
2.156790358038000 1492738338.737839698791504 10.927453833333328
2.156790358038000 1488040538.093494176864624 10.932055814814809
3.840609695676000 1492792904.831001281738281 10.936663018518512
2.144118134378000 1963153918.093779325485229 10.942128166666661
3.780088029830000 1559314171.022009849548340 10.947276518518514
3.856033831000000 1962567833.142718076705933 10.952749370370366
3.848321763338000 2138894429.921576738357544 10.957169814814810
2.171003628226000 2138513181.372672080993652 10.961591037037032
3.823994969888000 1559095138.029304265975952 10.966737555555550
2.144118134378000 1960936148.304209232330322 10.972204796296291
2.256769025280000 1559073400.668554544448853 10.977351333333328
2.150839507840000 1407905189.564939498901367 10.981986703703699
2.164282254764000 1486351831.699286460876465 10.996604277777774
2.156790358038000 1476297837.367815732955933 11.003206314814811
3.840609695676000 1481411852.546128988265991 11.012532018518515
2.231495989384000 2123387663.938687324523926 11.022506388888885
2.165826664330000 1639469253.590452432632446 11.032393722222219
4.065523248409000 1492598070.662003993988037 11.037000944444442
4.017987251901999 1995619958.344408988952637 11.042504629629628
2.170228304194000 2148712549.939598083496094 11.046996166666665
2.171003628226000 1557382955.980954170227051 11.052141666666664
2.171003628226000 1458254312.683085680007935 11.056750166666664
3.908801309946000 1492224825.788177728652954 11.061352907407404
3.910018304634000 2001845651.426606893539429 11.066847685185181
3.897016753290000 2193349303.259231090545654 11.071294314814811
2.156790358038000 2193499240.654205799102783 11.075732833333330
2.162736982560000 1564376452.118183851242065 11.080899296296293
2.163509331116000 1492643120.373350620269775 11.085502259259256
2.183666250350000 1492354866.743916749954224 11.090104925925923
3.854833639000000 1490817401.369730949401855 11.094712481481478
2.164282254764000 1987328949.137415647506714 11.101186351851849
2.171003628226000 1559250388.813686370849609 11.106330203703701
2.169453557040000 1492834901.501334667205811 11.110929814814812
2.170228304194000 1492811710.427788257598877 11.115529703703700
3.918948406436000 1492091547.426585912704468 11.120134481481477
2.169453557040000 2002174819.529194831848145 11.125639629629624
3.848321763338000 1565732557.347792387008667 11.130807092592587
3.849518218133000 1961976620.530097246170044 11.136281981481476
2.157560881302000 2138734585.258083820343018 11.140707759259254
3.910018304634000 1559609349.022994518280029 11.145853870370365
2.246540701510000 2001937832.965613603591919 11.151359944444438
3.916510977224000 1563282504.564493656158447 11.156532722222217
2.149303833600000 2083338489.244885444641113 11.173437685185180
2.176947277272000 1484202515.194875001907349 11.181901796296291
2.164282254764000 1687171523.725969552993774 11.192772444444438
2.218053242460000 1487938098.038167476654053 11.202125944444438
2.171003628226000 1470267043.953327894210815 11.208644222222215
4.028203455876000 1492250798.220992565155029 11.213249370370363
2.156020408080000 1961916169.043853044509888 11.218716722222215
3.825185560352000 1559161244.868762493133545 11.223868537037029
2.171003628226000 1916688064.437392950057983 11.229331203703696
3.943317942438000 1558382851.495822429656982 11.234484444444437
2.163509331116000 2040041467.766369342803955 11.239985370370363
3.934377337169999 1560738951.468500614166260 11.245177111111104
2.170228304194000 2002394771.998425245285034 11.250680240740733
2.171777798502000 1565595528.790037870407104 11.255852425925918
2.162736982560000 1491933463.890910625457764 11.260457555555547
2.169453557040000 1493055073.210805177688599 11.265056148148140
2.177725001688000 1493098902.160654067993164 11.269656092592585
2.164282254764000 1492879787.811200141906738 11.274264148148141
2.158330257954000 1492934936.913269281387329 11.278874203703698
2.145648155035000 1450991643.096941709518433 11.283496685185179
3.902306236972000 1490859249.960772037506104 11.288099407407401
3.778913154380000 2001621156.335976839065552 11.293591851851845
3.831704637166000 2143293107.510923862457275 11.298071499999994
3.803231425931000 2137030686.364906787872314 11.302510074074068
2.176170131520000 2138636520.054123640060425 11.306944370370363
3.918948406436000 1557356447.509060144424438 11.312090055555549
2.164282254764000 2002024565.856220245361328 11.317591518518512
3.857232683500000 1565237149.829954385757446 11.322758981481474
2.184446375150000 1999156025.529309034347534 11.328263185185177
3.903519475702000 1975379901.688666105270386 11.343441722222215
3.809761425027999 1897777719.776599645614624 11.350749648148140
2.157560881302000 1694275585.822905063629150 11.361512444444436
2.237418034974000 1488843864.014818429946899 11.371410037037029
3.872661614234000 1476888252.768662929534912 11.380829277777769
2.243335876320000 1961971817.525594949722290 11.386293666666658
2.150071384960000 1551158572.595788478851318 11.391461296296288
2.250855981130000 1491385878.621188163757324 11.396073425925918
2.170228304194000 1441184261.868632078170776 11.400686425925919
2.176947277272000 1492266280.333212614059448 11.405288092592585
2.156790358038000 1492819060.573378562927246 11.409889796296289
3.908801309946000 1486227766.162753105163574 11.414495722222215
3.917730372296000 2001602833.621042013168335 11.419977518518511
2.168678809886000 2192078610.054075717926025 11.424415740740733
2.171003628226000 1565616631.486146926879883 11.429583092592585
2.177725001688000 1492889671.729662656784058 11.434188037037030
3.863745898662000 1489263123.610234260559082 11.438793462962956
2.162736982560000 1962586682.371098518371582 11.444264907407399
3.840609695676000 1558911093.972985744476318 11.449403499999992
2.156790358038000 1959694298.288707494735718 11.454869370370362
3.823994969888000 1558642305.340362548828125 11.459987277777770
4.003807525472999 1961796245.723393440246582 11.465459555555547
3.832897628013999 2228206031.303777694702148 11.469979185185178
3.856033831000000 2158888576.917393207550049 11.474490518518511
3.864947148867000 2138682566.400882244110107 11.478924166666658
2.169453557040000 2138371943.834208965301514 11.483358129629622
2.163509331116000 1558417682.366962909698486 11.488501148148140
2.176947277272000 1493031988.638421058654785 11.493104055555548
2.170228304194000 1492661344.872377395629883 11.497708925925918
2.142587259120000 1491015663.153836250305176 11.502319888888881
2.163509331116000 1485804219.132866859436035 11.517019240740732
2.171003628226000 1482664020.380354404449463 11.523583296296287
2.156020408080000 1854806794.674725770950317 11.534245240740733
3.870252973556000 1487301565.553467750549316 11.543598222222213
3.943317942438000 2113949909.592470884323120 11.553583870370362
2.157560881302000 2148160654.693722248077393 11.558062074074066
2.245739271516000 1558458299.286179780960083 11.563206537037029
2.162736982560000 1487026872.512362718582153 11.567812648148140
2.143352411882000 1491514077.617132425308228 11.572412148148139
2.165054028228000 1487160286.734890937805176 11.577015703703694
2.150071384960000 1492562527.646637678146362 11.581620777777768
2.150839507840000 1492701217.380120754241943 11.586228425925917
3.920167347864000 1491280554.706478595733643 11.590832796296286
3.996093060106000 2000553776.575339555740356 11.596336018518508
2.156020408080000 2238389051.131020069122314 11.600825574074063
3.993607650004000 1571364104.502628326416016 11.606018425925916
3.830512977781000 2041681586.455578327178955 11.611528962962952
2.150839507840000 2158265248.005777359008789 11.616041999999990
3.826374822032000 1550686584.525245666503906 11.621200222222212
2.156790358038000 1962193890.293302297592163 11.626672388888879
3.827564969568000 1558824864.459568500518799 11.631809574074065
2.164282254764000 1953397270.192723989486694 11.637282759259250
2.163509331116000 1559027914.117062091827393 11.642421537037027
3.894594169309999 1493091104.861390113830566 11.647030796296287
2.149303833600000 2001444612.682454347610474 11.652534462962953
2.171003628226000 1565419219.756621360778809 11.657708537037026
2.177725001688000 1492601450.004629373550415 11.662308777777767
3.971714845930000 1492978177.944811820983887 11.666915907407397
3.835281834426000 2041684530.397858858108521 11.672437129629619
3.894594169309999 2080374697.963410615921021 11.676943574074064
3.904733618148000 1640441263.364978551864624 11.692983629629619
2.157560881302000 1876889509.905269861221313 11.699987944444434
2.162736982560000 1510309963.391232728958130 11.710767592592582
2.251660109770000 1671536640.055868864059448 11.721586555555545
2.237418034974000 1846160576.821635246276855 11.732294018518507
3.871457966323999 1492757513.011811256408691 11.736890981481469
4.110532063846000 2001671540.331283807754517 11.742399296296284
2.157560881302000 2070570596.641804933547974 11.746895759259248
2.155250458122000 1558068737.117243528366089 11.751989777777766
2.171003628226000 1492915144.012411832809448 11.756597148148137
3.925442439958000 1463633155.548197269439697 11.761294870370358
3.857232683500000 1982139937.817404508590698 11.766786462962951
2.168678809886000 2148540001.732122898101807 11.771276777777766
3.834089287399000 1557916230.555065393447876 11.776418314814803
2.169453557040000 1963006385.981298923492432 11.781890370370359
2.171003628226000 1559237983.578906536102295 11.787039574074063
3.902306236972000 1492972534.517756223678589 11.791646703703693
2.162736982560000 2000489981.195786237716675 11.797141925925915
2.168678809886000 1565400148.446156024932861 11.802306537037026
3.864947148867000 1492943180.996020793914795 11.806913759259249
3.807391169062000 1962122893.577745199203491 11.812371055555545
2.169453557040000 2138979906.784918069839478 11.816789351851842
3.817473492690000 1558485032.350826740264893 11.821941203703695
2.176947277272000 1962816349.384098529815674 11.827398425925917
2.176947277272000 1558361888.111887931823730 11.832546425925917
2.170228304194000 1491623018.458197593688965 11.837151425925917
3.849518218133000 1492923143.156031370162964 11.841754018518509
2.156020408080000 1859402318.905265569686890 11.847230740740731
2.151606487680000 1486862480.973131656646729 11.862839759259248
3.988378594739000 1481435179.913298845291138 11.869409796296285
2.163509331116000 1744715622.968580722808838 11.879665351851841
2.144118134378000 1488281749.635275602340698 11.889617055555545
2.244137008052000 1479114597.665176630020142 11.899025333333324
3.994851048916000 1492040176.865110158920288 11.903628129629620
3.989619131586000 1961841958.910946369171143 11.909082407407398
3.849518218133000 2138233352.661196470260620 11.913521722222214
2.170228304194000 2061568760.085955381393433 11.917951240740733
3.832897628013999 1557464033.667853593826294 11.923099574074065
2.161964634004000 1962126268.984000444412231 11.928572018518510
2.170228304194000 1558810745.804332971572876 11.933715111111102
2.164282254764000 1492851982.166526079177856 11.938325666666657
2.156790358038000 1492737919.313428878784180 11.942934722222212
2.163509331116000 1492833014.994752407073975 11.947540037037026
2.157560881302000 1492266125.819419860839844 11.952141870370360
2.165054028228000 1493076267.983369588851929 11.956747462962953
3.890508781824000 1491138314.439897060394287 11.961349296296287
2.158330257954000 2002249545.949872732162476 11.966855296296288
2.156790358038000 1565905941.326024532318115 11.971990388888880
2.156790358038000 1493278223.453028440475464 11.976591074074065
2.162736982560000 1492985949.156225204467773 11.981193407407398
2.144118134378000 1493283795.802563667297363 11.985794981481472
2.162736982560000 1492918878.622173786163330 11.990390518518510
2.136633438804000 1492919969.613292932510376 11.994997796296287
3.849518218133000 1492963430.377761363983154 11.999602407407398
2.165054028228000 1963096276.174153566360474 12.005069703703695
2.136633438804000 1558685906.412328481674194 12.010214018518511
2.157560881302000 1484900123.571703672409058 12.014829722222215
3.836473937632000 1490492832.945544958114624 12.019437999999992
3.826374822032000 1656046035.143873214721680 12.034897203703697
3.802049357366000 2127690344.726069927215576 12.040810111111105
3.912450483006000 2165772313.853394508361816 12.049781037037031
3.956290710605999 2130608046.167898416519165 12.058701777777772
4.064259657874000 1887077880.884382724761963 12.069368351851846
2.257574954208000 2182780454.464980602264404 12.073866111111105
2.264293927286000 1564968040.686568021774292 12.079032981481475
2.170228304194000 1492076773.996397495269775 12.083638611111105
3.989619131586000 1477045771.080268144607544 12.088244462962956
2.169453557040000 2042321157.752881526947021 12.093768574074067
3.850715564142000 1571290253.134779453277588 12.098964166666660
3.840609695676000 1990013785.625774621963501 12.105420166666660
3.850715564142000 2138538128.666218042373657 12.109849370370364
2.163509331116000 2138499791.141038417816162 12.114282629629624
3.864947148867000 1559133025.395855426788330 12.119434388888884
2.171003628226000 1962084625.661666393280029 12.124909481481476
3.848321763338000 1550620182.185364961624146 12.130081259259253
2.163509331116000 1962796176.684542655944824 12.135554499999994
2.158330257954000 1558084220.608304023742676 12.140697518518513
2.165054028228000 1482593255.499807119369507 12.145303740740735
2.165826664330000 1492868108.160324573516846 12.149904592592586
2.136633438804000 1492797518.217043161392212 12.154507018518512
3.918948406436000 1492998540.955734252929688 12.159114296296289
2.135107930476000 2001223018.582359552383423 12.164620314814808
2.171003628226000 1565938542.147589206695557 12.169794592592586
3.834089287399000 1489587914.386868476867676 12.174397555555549
2.169453557040000 1962838412.600600719451904 12.179867018518513
2.144118134378000 1557181265.364212751388550 12.185019685185180
3.849518218133000 1490450005.416531324386597 12.189635185185180
3.934377337169999 1656909576.189323425292969 12.205086703703699
2.157560881302000 2119370763.648960828781128 12.211073796296292
3.934377337169999 1488353220.442729234695435 12.220997092592588
2.223186152880000 1919851725.329842567443848 12.231069240740737
2.154480508164000 1478907340.116279125213623 12.241057981481479
2.244938736308000 1492389980.558813571929932 12.245668277777774
2.237418034974000 1492080309.035671949386597 12.250270407407404
2.157560881302000 1487966204.526984214782715 12.254873259259256
3.817473492690000 1492539822.902137994766235 12.259480462962959
2.165054028228000 1925063207.441822767257690 12.264953037037033
2.156790358038000 1545417095.221997499465942 12.270102407407403
2.145648155035000 1492673170.339715003967285 12.274711388888885
2.162736982560000 1492787552.758744239807129 12.279313925925923
2.156790358038000 1449516794.943268060684204 12.283931166666664
3.886882101648000 1489929199.059844493865967 12.288540333333330
2.150839507840000 2002054498.333950519561768 12.294042370370367
2.155250458122000 1559909986.478655576705933 12.299219370370366
2.156790358038000 1492190157.760691404342651 12.303821981481477
2.136633438804000 1492122852.794085741043091 12.308420981481477
2.170228304194000 1483092898.022264480590820 12.313022203703699
3.857232683500000 1492772497.025053977966309 12.317628574074069
2.165826664330000 2002459217.613789558410645 12.323129314814810
3.848321763338000 1564749667.868665933609009 12.328300740740737
4.002563116578000 2002256611.468740463256836 12.333803944444441
2.158330257954000 2238221118.493726730346680 12.338296759259256
3.825185560352000 1571649431.662142992019653 12.343488962962960
3.862543306278000 1962626574.761184453964233 12.348961574074071
3.840609695676000 2138455938.681314229965210 12.353394999999997
2.149303833600000 2138601481.903437614440918 12.357816240740737
2.184446375150000 1474829550.200918912887573 12.362959277777774
2.150839507840000 1486884229.397237539291382 12.378143999999997
2.176947277272000 1481640975.587738990783691 12.384708703703701
3.933154507619999 1487242936.553422689437866 12.394046685185183
2.224774615922000 1919134554.947796106338501 12.404105222222221
2.150839507840000 1479572527.503133296966553 12.414078833333331
2.251660109770000 1492201946.775276422500610 12.418684740740739
2.244938736308000 1492725452.063730001449585 12.423284018518517
2.171003628226000 1493092658.166656494140625 12.427880962962961
3.965235198638000 1471081387.800245285034180 12.432502185185184
2.151606487680000 2078830664.917471170425415 12.438035592592591
3.902306236972000 1578063780.754102230072021 12.443242666666665
2.150071384960000 2001208713.814362287521362 12.448748611111109
2.144118134378000 1565371919.992269754409790 12.453923111111109
2.156790358038000 1492749826.978480815887451 12.458525407407405
2.157560881302000 1489054682.118644952774048 12.463122685185184
2.144118134378000 1492766513.803872108459473 12.467730222222221
3.809761425027999 1492199000.892921924591064 12.472334333333333
2.150071384960000 1957993708.794468164443970 12.477797574074073
2.156790358038000 1558777591.371216297149658 12.482941425925924
2.171003628226000 1492842333.569405078887939 12.487543499999997
2.131435176858000 1492244861.188753604888916 12.492148074074072
3.817473492690000 1483137856.525496959686279 12.496776074074072
3.969243830095000 1963196478.911417007446289 12.502241555555553
3.911233941069000 2227773427.399992465972900 12.506753722222220
3.903519475702000 2203610439.131888389587402 12.511241111111108
3.902306236972000 2184662538.596344947814941 12.515679259259256
3.856033831000000 2190454589.594408035278320 12.520103518518516
2.164282254764000 2193715077.272272109985352 12.524541888888887
3.925442439958000 1565272909.073315620422363 12.529709055555553
2.142587259120000 1898221905.347597122192383 12.535189537037034
3.850715564142000 1491599661.053009986877441 12.550334481481478
2.171003628226000 2125634090.613339424133301 12.556453685185183
3.866149293858000 1690934106.500460147857666 12.567078574074072
2.250855981130000 2142165407.036298990249634 12.577021722222220
2.164282254764000 1634679768.555466890335083 12.586860092592591
2.251660109770000 1492219109.140534877777100 12.591466962962961
2.245739271516000 1491335105.033642053604126 12.596066018518517
2.144118134378000 1488096630.596069574356079 12.600671185185183
3.886882101648000 1492676978.391226053237915 12.605275796296294
2.156790358038000 1963174091.954332113265991 12.610784166666663
2.144118134378000 1564680144.373307943344116 12.615955944444440
3.893381975390000 1492167870.341296195983887 12.620556055555552
2.163509331116000 2002045216.068598031997681 12.626058851851848
3.831704637166000 1565187882.652604341506958 12.631228055555551
4.074504645024000 1962364138.603404045104980 12.636698499999996
4.074504645024000 2271300825.690321445465088 12.641233425925922
3.854833639000000 2303249726.851444721221924 12.645657148148144
3.864947148867000 2169097138.840415000915527 12.650188462962959
3.904733618148000 2138531775.654007673263550 12.654614166666663
3.849518218133000 2183276185.203242301940918 12.659096129629626
2.185225339050000 2143843679.605189561843872 12.663576481481478
3.848321763338000 1548547151.220494508743286 12.668726185185182
3.926662871803000 1962360153.464107275009155 12.674199777777774
2.156790358038000 2183263016.960464000701904 12.678694981481478
2.182886706000000 1565675197.569695711135864 12.683864277777774
2.144882717406000 1492505473.924506425857544 12.688471981481477
2.170228304194000 1493049040.202825069427490 12.693073648148143
2.182886706000000 1492897675.093044519424438 12.697671203703699
3.935601077579999 1493045441.918327808380127 12.702270888888885
2.144118134378000 2000305086.572795152664185 12.707768296296292
2.150071384960000 1476899182.852361679077148 12.712969314814810
3.894594169309999 1485256334.744151830673218 12.727583018518514
2.157560881302000 2125909421.996738672256470 12.733715240740736
3.880376079601000 1689638469.599301099777222 12.744336037037032
2.156020408080000 1915129745.736074924468994 12.754410870370364
2.216469578400000 1478592528.265335083007812 12.764390703703697
4.005052861302000 1492496862.126673460006714 12.768993962962956
2.258381483232000 1962779136.734569311141968 12.774453851851845
2.150839507840000 1558579823.095540046691895 12.779595777777772
2.164282254764000 1446009002.413515806198120 12.784199481481476
2.170228304194000 1492551235.754441499710083 12.788804555555551
3.895805010335000 1492692529.742134094238281 12.793404277777773
3.895805010335000 2001725364.825478792190552 12.798912999999995
3.918948406436000 2193485985.712558269500732 12.803353574074070
2.156790358038000 2193428119.825380325317383 12.807782240740737
2.156790358038000 1564424362.112778663635254 12.812949037037033
3.912450483006000 1492564147.472101926803589 12.817559074074071
3.831704637166000 2001768611.379139900207520 12.823067203703701
2.171003628226000 2148901177.856786727905273 12.827562185185183
2.162736982560000 1558707418.615446090698242 12.832708648148147
3.894594169309999 1492834438.683226823806763 12.837315870370370
3.889299888432000 2001214333.389516115188599 12.842809388888888
2.156790358038000 2193530332.288401126861572 12.847239944444445
2.165054028228000 1564630772.425546407699585 12.852412203703704
3.911233941069000 1493150947.493726253509521 12.857016944444444
2.164282254764000 1994713701.458914518356323 12.862541092592592
3.850715564142000 1565291074.582063198089600 12.867710888888888
3.927884212722000 1962557608.629245281219482 12.873166925925926
3.854833639000000 2183323242.549198627471924 12.877666814814814
3.949806267904000 2047063591.058422088623047 12.882159351851852
2.165826664330000 2144199768.451308727264404 12.897402925925926
2.150839507840000 1601174310.580872297286987 12.904220259259260
2.171003628226000 1487797133.302048683166504 12.913572870370372
4.057808783042001 1488117672.206487417221069 12.922929370370372
2.250855981130000 1948787222.138931512832642 12.933058000000003
2.242534744588000 1564558764.305011272430420 12.938226481481484
2.251660109770000 1492703834.183539867401123 12.942825944444447
3.924220644502000 1491982157.861516237258911 12.947432185185187
2.176170131520000 1991974202.070304155349731 12.952927888888890
2.162736982560000 1565470720.898097753524780 12.958100962962964
2.176170131520000 1492778276.282487154006958 12.962703203703706
3.925442439958000 1492648483.457547664642334 12.967302481481484
2.169453557040000 1995247875.325514078140259 12.972806592592596
2.164282254764000 1565260210.336150646209717 12.977972925925929
2.165054028228000 1492597496.708844423294067 12.982572796296299
2.171777798502000 1492915958.474166870117188 12.987175018518522
2.164282254764000 1492853540.533040523529053 12.991779629629633
3.956290710605999 1492099528.523712396621704 12.996386907407411
2.165054028228000 2035456983.014968872070312 13.001898296296300
2.172552834095000 1571495130.610848188400269 13.007093259259262
3.987138981254000 1492960486.982550859451294 13.011696055555559
3.901091642668000 2033339737.569431304931641 13.017217092592595
3.894594169309999 2203359918.818729400634766 13.021688111111114
2.171003628226000 2193707537.600340366363525 13.026124388888892
2.155250458122000 1565666887.576169013977051 13.031293814814818
2.150071384960000 1492936718.329003572463989 13.035898740740745
2.164282254764000 1492433844.644106626510620 13.040503222222226
2.129914465726000 1493123937.115075588226318 13.045100685185188
3.911233941069000 1400763788.439464092254639 13.049714722222225
2.165826664330000 1661674750.975939989089966 13.065838777777781
3.957520733271000 1512981740.166865110397339 13.072830444444447
2.149303833600000 1744332582.876239538192749 13.083104018518521
2.244938736308000 1488197709.225499153137207 13.093045666666669
2.156020408080000 1848390143.118922948837280 13.103747722222224
4.048835522550000 1493009275.666471958160400 13.109359777777779
2.135870684640000 1996425048.407917499542236 13.114868518518520
3.825185560352000 1564944024.085599184036255 13.119998370370372
2.150071384960000 1928894938.629528284072876 13.125466074074076
2.164282254764000 1558858132.235212802886963 13.130610666666669
2.157560881302000 1492975139.233171224594116 13.135212592592595
2.149303833600000 1491125503.339522123336792 13.139820703703705
3.825185560352000 1492114899.350453376770020 13.144425055555557
2.156790358038000 1963015230.247902154922485 13.149895407407408
2.159100494565000 1559090598.991785287857056 13.155042018518520
3.812131239852000 1492839165.569473505020142 13.159641296296298
3.810945891298000 1954300032.574616193771362 13.165098851851853
3.810945891298000 2138309113.439224958419800 13.169537351851853
3.989619131586000 2138550393.532756805419922 13.173963074074075
2.151606487680000 2227979488.692957878112793 13.178480907407408
2.144118134378000 1571505176.279076576232910 13.183668388888890
2.156790358038000 1492295579.387915134429932 13.188270148148149
2.163509331116000 1493139246.114375829696655 13.192868055555557
3.886882101648000 1492909388.922590017318726 13.197477703703706
3.834089287399000 2002256946.243795871734619 13.202980944444446
2.162736982560000 2148493062.887686729431152 13.207471018518520
2.156790358038000 1558575388.601036310195923 13.212617685185187
2.183666250350000 1493102105.627065181732178 13.217224388888891
2.136633438804000 1492334255.142974138259888 13.221831537037039
2.156790358038000 1397949324.810227632522583 13.226466722222224
2.150839507840000 1483267479.002435445785522 13.241111277777780
3.948578642944000 1483525278.971048116683960 13.247668111111112
2.144118134378000 2168885495.415458679199219 13.257610944444446
2.230699061896000 1487989348.874598026275635 13.267562944444446
3.940866575282000 1664021885.971704959869385 13.278444259259262
3.913666572192001 1960906371.671308279037476 13.283956796296298
4.251992536757999 2235436840.757596969604492 13.288440759259261
2.157560881302000 2217724254.333140373229980 13.292884333333335
3.859631728000000 1548379317.710892200469971 13.298085777777780
3.903519475702000 1960553644.970053195953369 13.303549166666670
2.170228304194000 2182155189.136760234832764 13.307997740740744
2.164282254764000 1565429901.017765283584595 13.313167018518522
3.848321763338000 1492803372.075702667236328 13.317766888888892
3.850715564142000 1963461670.821591138839722 13.323234148148151
2.178501568776000 2137212075.528586864471436 13.327656314814817
2.178501568776000 1557758469.036015510559082 13.332797592592595
2.150839507840000 1492920800.640254735946655 13.337402240740744
2.135870684640000 1493142308.991746664047241 13.342006462962965
2.165054028228000 1492996441.453046321868896 13.346606759259261
2.176170131520000 1492902269.435055494308472 13.351208981481484
3.856033831000000 1493027520.571990013122559 13.355808907407409
2.171777798502000 1961525665.408907413482666 13.361271296296298
2.169453557040000 1558835660.487299442291260 13.366419851851854
4.001317317282000 1492557139.061329841613770 13.371019740740742
3.849518218133000 2041237216.863261461257935 13.376533370370371
3.858432429000000 2159672322.558380603790283 13.381040851851852
2.170228304194000 2137150139.682274818420410 13.385482148148148
3.861342056073000 1558595321.624801635742188 13.390628759259259
2.144118134378000 1959258475.307201147079468 13.396103814814815
3.856033831000000 1935940868.997059822082520 13.411068703703704
2.177725001688000 2041657645.407150506973267 13.418204796296296
3.858432429000000 1849209785.798206806182861 13.427803740740741
2.244137008052000 1761193094.749320507049561 13.438051444444444
3.863745898662000 1811536082.710734367370605 13.447738037037036
2.246540701510000 1962462319.792520284652710 13.453207555555554
2.143352411882000 1559023250.290583610534668 13.458353648148147
2.244938736308000 1487634326.496785402297974 13.462956722222222
2.162736982560000 1460461047.561709880828857 13.467570611111110
3.834089287399000 1490989686.991134405136108 13.472176444444443
2.149303833600000 1963078911.693734407424927 13.477640592592591
3.905947308736000 1559317971.919325590133667 13.482789777777777
2.162736982560000 1997938984.491469860076904 13.488280185185184
2.176170131520000 1565603600.893777847290039 13.493451740740740
3.840609695676000 1492455955.130320072174072 13.498054370370371
2.176170131520000 1962756129.364388465881348 13.503522129629630
2.170228304194000 1557461442.969562292098999 13.508668666666667
3.866149293858000 1485699046.347280979156494 13.513272796296297
2.171003628226000 1961606663.781912565231323 13.518750722222222
2.157560881302000 1558465066.501389026641846 13.523889851851852
2.163509331116000 1492334373.065575361251831 13.528496925925927
2.169453557040000 1493064985.778334856033325 13.533106481481482
3.993607650004000 1494943516.442059755325317 13.541058648148150
2.171003628226000 2042135644.012402534484863 13.546583185185186
2.150071384960000 1572082767.479616641998291 13.551773092592594
2.171777798502000 1492326416.947024345397949 13.556374796296298
2.171003628226000 1493189790.712831735610962 13.560977722222225
3.849518218133000 1492920252.216558218002319 13.565576944444446
2.176947277272000 1896138049.136133432388306 13.571037962962965
2.135107930476000 1489350935.790453433990479 13.586179648148150
2.165826664330000 1481725835.065132617950439 13.592755981481483
2.150839507840000 1657306860.458921909332275 13.603532444444445
3.980664129372000 1487843014.103861331939697 13.612885018518519
3.918948406436000 2093372659.553050279617310 13.622819018518518
4.088666644510000 2182497088.050910472869873 13.627312000000000
2.233088361980000 2183452985.777663707733154 13.631774203703703
2.162736982560000 1516569180.252813339233398 13.636951499999999
2.170228304194000 1486798419.099724769592285 13.641548037037035
2.161964634004000 1492544191.056485652923584 13.646155555555554
3.849518218133000 1492896441.771142959594727 13.650755222222221
2.169453557040000 1962229426.417012691497803 13.656219574074074
3.933154507619999 1559138462.422885894775391 13.661373666666666
2.170228304194000 2002035715.969476938247681 13.666872814814814
3.893381975390000 1565207424.952519893646240 13.672001666666667
3.980664129372000 2002514395.199579715728760 13.677501185185186
2.157560881302000 2238577886.807126998901367 13.681977648148148
3.903519475702000 1571926890.360517263412476 13.687167722222222
3.856033831000000 2001037401.197242259979248 13.692671111111110
3.952262889472001 2148594231.411707878112793 13.697160944444443
2.175392985768000 2183347791.694132804870605 13.701655759259257
2.176170131520000 1565312778.645870685577393 13.706822944444442
2.179279003860000 1492840307.731925725936890 13.711425314814813
2.170228304194000 1492431375.088011741638184 13.716001722222220
3.863745898662000 1493187117.811638116836548 13.720601814814813
2.143352411882000 1962458636.482462882995605 13.726056388888887
2.163509331116000 1559113010.248143196105957 13.731202759259258
3.787802495197000 1491974543.335409879684448 13.735810444444443
2.157560881302000 1944573879.898490428924561 13.741290685185184
2.165054028228000 1929538864.579105138778687 13.756255277777777
3.832897628013999 1482878941.876914262771606 13.762839962962962
2.169453557040000 1705681531.926027297973633 13.773031925925926
2.204610495536000 1488570215.761869907379150 13.782921944444444
2.150071384960000 1663551147.480841398239136 13.793825055555555
2.244137008052000 1492029990.432007074356079 13.798431462962963
2.163509331116000 1492862215.754925012588501 13.803038370370370
4.064259657874000 1487803853.256037473678589 13.807641499999999
2.177725001688000 1973790295.105808258056641 13.813142351851852
2.163509331116000 1562414132.702541351318359 13.818317111111112
3.910018304634000 1492741498.871077299118042 13.822918351851852
2.156790358038000 2001045735.592580318450928 13.828411277777779
3.925442439958000 1565356481.597631692886353 13.833578185185186
3.902306236972000 2001983928.282991409301758 13.839081296296296
2.157560881302000 2193694613.559619903564453 13.843507018518519
2.177725001688000 1564323199.919801473617554 13.848679370370371
3.827564969568000 1492924248.274530649185181 13.853283592592593
2.183666250350000 1958514285.520869016647339 13.858754685185186
3.980664129372000 1559078122.192595958709717 13.863908055555557
3.996093060106000 2041387551.021775960922241 13.869434018518520
2.170228304194000 2248721133.569493770599365 13.873877537037039
3.933154507619999 1571726596.139040231704712 13.879072944444447
3.911233941069000 2001366182.834202527999878 13.884580666666670
2.176947277272000 2193779427.040963172912598 13.889019611111115
3.847123971722000 1565514679.332874774932861 13.894189388888893
2.176947277272000 1962889972.017298221588135 13.899649111111115
2.162736982560000 1558700774.390046358108521 13.904792944444448
2.156790358038000 1493112154.424732446670532 13.909392092592597
2.163509331116000 1383309439.486613750457764 13.914009222222226
2.164282254764000 1489006877.788549900054932 13.928602629629633
2.142587259120000 1481704896.405919551849365 13.935172074074078
3.835281834426000 1671609131.084692955017090 13.945987388888893
2.210542142662000 1740973748.575658798217773 13.956193537037041
4.064259657874000 1800074705.517668962478638 13.965871537037041
4.131096491128000 2001252917.973912239074707 13.971378592592597
3.994851048916000 2237987606.525745391845703 13.975870203703709
2.144118134378000 2246160384.201705932617188 13.980312314814819
2.163509331116000 1532677614.877777338027954 13.985506240740746
2.171003628226000 1492056678.794701099395752 13.990112444444449
3.840609695676000 1492820916.726700544357300 13.994713759259264
2.164282254764000 1961627490.761784315109253 14.000181185185189
3.880376079601000 1549475311.688590288162231 14.005359074074079
2.171777798502000 2002057483.063026189804077 14.010861500000004
2.176170131520000 1557269635.627530336380005 14.016007333333338
2.165826664330000 1492047185.503636121749878 14.020616407407411
2.162736982560000 1492921355.637627601623535 14.025219407407411
2.165054028228000 1492695787.793790578842163 14.029814518518522
3.917730372296000 1492885168.944853305816650 14.034422092592596
2.162736982560000 2002069254.201045036315918 14.039929981481485
2.171003628226000 1565009971.612089395523071 14.045096500000003
3.851912464544001 1492937625.657439708709717 14.049701907407410
3.934377337169999 1962944639.003135681152344 14.055159018518522
3.872661614234000 2183018826.928062915802002 14.059659074074077
2.183666250350000 2190759385.180853366851807 14.064092777777780
2.185225339050000 1565635109.003924608230591 14.069264185185189
2.164282254764000 1492761498.435778379440308 14.073869481481484
3.893381975390000 1493008095.976166963577271 14.078469388888891
2.165826664330000 1933480460.542902946472168 14.083978185185186
2.143352411882000 1489276840.075189828872681 14.099149666666667
2.171003628226000 1483007247.786338329315186 14.105718722222223
2.156790358038000 1488795583.311872243881226 14.116073388888889
3.943317942438000 1657119674.576831102371216 14.126835444444445
2.243335876320000 2110675351.890144586563110 14.136856722222223
4.133668266832000 1558543918.420512914657593 14.142003259259260
3.858432429000000 2040846247.949882984161377 14.147513333333334
2.189603280480000 2143504138.570986747741699 14.152003611111112
2.156790358038000 1558919742.739365339279175 14.157151870370372
2.142587259120000 1492942864.388971328735352 14.161752037037038
3.903519475702000 1492875226.462038993835449 14.166351777777779
3.980664129372000 2001866158.758386373519897 14.171850000000001
2.179279003860000 2237016762.869644641876221 14.176331907407409
2.156020408080000 1571796896.464367151260376 14.181521925925928
2.169453557040000 1492754801.660071372985840 14.186126814814816
3.910018304634000 1488057374.345275878906250 14.190730111111112
3.920167347864000 1992645022.301787137985229 14.196222944444445
3.933154507619999 2193449995.606124877929688 14.200648296296297
3.831704637166000 2193702148.470155715942383 14.205078666666667
2.149303833600000 2149069752.862374782562256 14.209568592592593
2.156790358038000 1559406174.660861492156982 14.214715074074075
2.170228304194000 1492964985.335119485855103 14.219317907407408
3.987138981254000 1492919639.735227108001709 14.223925629629630
3.848321763338000 2040879045.859500885009766 14.229448537037037
2.171003628226000 2159194307.967859268188477 14.233956462962963
2.177725001688000 1559122965.980323791503906 14.239102722222222
3.834089287399000 1492936514.000538825988770 14.243707703703704
2.178501568776000 1961456856.287120342254639 14.249167277777778
2.157560881302000 1506075179.133728981018066 14.265240000000000
3.893381975390000 1483259615.818190097808838 14.271810962962963
2.169453557040000 2139023501.203997373580933 14.282562185185185
2.250855981130000 1813856496.616741180419922 14.291330851851852
2.164282254764000 1842063871.509944915771484 14.302039851851852
4.142667902079000 1491977313.317565202713013 14.306643629629630
3.918948406436000 2039275764.298976421356201 14.312169148148149
2.137396760916000 2176258533.389913558959961 14.316664018518519
3.906369584325000 1528598432.688215017318726 14.321841555555556
2.165054028228000 2001497014.261451005935669 14.327336814814815
2.170228304194000 1564918517.509685754776001 14.332503796296297
2.170228304194000 1492487305.434546232223511 14.337103314814815
2.165826664330000 1492829956.549726486206055 14.341706277777778
3.881583023574000 1492820489.489936828613281 14.346305925925925
2.171003628226000 2001917979.353562831878662 14.351811314814814
3.895805010335000 1564276346.503447532653809 14.356975925925925
2.164282254764000 2002056838.592926979064941 14.362481444444443
3.964002778268000 1565734464.937243461608887 14.367648370370368
3.839414304444000 2041558863.220072746276855 14.373178611111110
2.156790358038000 2149160797.987881660461426 14.377714092592591
2.176947277272000 1558649267.597113609313965 14.382856981481480
2.158330257954000 1492902399.318270444869995 14.387463999999998
3.856033831000000 1492325179.474612236022949 14.392073648148147
2.162736982560000 2002212324.822422742843628 14.397572037037035
2.168678809886000 1565769753.291768074035645 14.402749092592591
2.158330257954000 1492813743.626039505004883 14.407354055555555
2.150071384960000 1493021398.816577434539795 14.411964037037036
2.152374324800000 1492372234.273319005966187 14.416574037037035
2.123954013992000 1490710806.042606830596924 14.421182055555555
3.856033831000000 1489769076.730504274368286 14.435784148148148
3.925442439958000 1914220312.595708131790161 14.443040000000000
2.183666250350000 2188067703.568161010742188 14.451966166666667
4.001317317282000 1646401392.348906278610229 14.461733833333334
4.073237713776000 1910099067.492137193679810 14.471826092592593
3.863745898662000 2181702467.553342819213867 14.476319222222223
2.257574954208000 2149181659.670115470886230 14.480801148148149
2.190385223428000 1531806256.582423686981201 14.485953055555557
3.795516960564000 1481962252.759195327758789 14.490553833333335
2.163509331116000 1961928214.988161325454712 14.496005296296298
2.171003628226000 1558807833.502055406570435 14.501145611111113
2.171777798502000 1492671730.127457857131958 14.505751351851854
2.177725001688000 1489339250.810402154922485 14.510355833333335
2.162736982560000 1484478995.716363668441772 14.514964240740742
2.163509331116000 1491928624.349702835083008 14.519563277777779
4.056547590212000 1491966691.589686632156372 14.524170055555556
2.161964634004000 2081431660.438694715499878 14.529695703703705
3.902306236972000 1577716776.697787761688232 14.534910277777779
3.849518218133000 2001120850.515724658966064 14.540402370370373
2.176947277272000 2149186814.818480968475342 14.544892259259262
2.151606487680000 1559062134.287215471267700 14.550038222222225
3.825185560352000 1492895972.398706674575806 14.554643481481484
2.169453557040000 1956416990.852697134017944 14.560103500000004
3.917730372296000 1559042748.256273984909058 14.565254240740744
2.171003628226000 2002498818.348920345306396 14.570755018518522
3.933154507619999 1565859441.460794925689697 14.575927240740745
2.183666250350000 2040585056.603773593902588 14.581448074074078
2.171003628226000 1569452087.288217067718506 14.586647537037042
3.943317942438000 1967757874.199500083923340 14.602716777777783
2.177725001688000 1889208733.015565395355225 14.610207296296300
2.145648155035000 1865953915.673040390014648 14.619870740740744
