2.123195492648000 1454449502.133712768554688 0.001054500000000
2.142587259120000 1676403108.690719366073608 0.009868500000000
3.804414374994000 1491794786.832771778106689 0.014473648148148
2.163509331116000 1955738818.307943582534790 0.019906222222222
3.647808004126000 1534014447.127824783325195 0.025059111111111
3.696378266982000 2001306470.928589820861816 0.030564074074074
2.029129869556000 2237563640.413105964660645 0.035054000000000
2.023133412062000 1570462997.777547836303711 0.040245129629630
2.022410896478000 1492949179.649356842041016 0.044853592592593
3.625798722490000 1492658625.654555559158325 0.049458074074074
2.015691923400000 2001549891.999919176101685 0.054962185185185
2.016412038600000 1564594717.900052070617676 0.060133388888889
2.014972344000000 1488828918.007212877273560 0.064739259259259
2.028405492960000 1492790955.089170217514038 0.069343444444444
3.570687327506000 1492861474.578726291656494 0.073945888888889
3.624671801140000 1962897233.054530620574951 0.079421240740741
2.029129869556000 2182581291.042002201080322 0.083905129629630
3.562975259844000 1565923739.202121973037720 0.089071611111111
2.007538588718000 1963482131.240852355957031 0.094537388888889
2.023854852474000 1558439474.300961017608643 0.099673407407407
3.570687327506000 1492013437.579302310943604 0.104270796296296
3.670944207112000 1962984456.485274791717529 0.109735740740741
3.739188629830000 2227769093.218562126159668 0.114240685185185
2.008972950322000 2293107664.512084007263184 0.118730111111111
3.557474699538000 1466747074.841509580612183 0.123953000000000
2.029854785524000 1647402108.147275924682617 0.140309296296296
3.664371049325000 1510743280.356819629669189 0.147267888888889
2.008972950322000 2151757490.877032756805420 0.157224444444444
3.847123971722000 1488453258.592273235321045 0.167168240740741
3.786625222041999 2104023010.472361087799072 0.177226462962963
3.638962955216000 2148016413.328712463378906 0.181714685185185
3.844193201088000 2182606502.297544479370117 0.186212240740741
2.029129869556000 2146785480.780069589614868 0.190647740740741
3.555263192182000 1564110224.213962554931641 0.195821370370370
3.587226395655000 1947200206.226829051971436 0.201281018518519
3.578399395168000 2138186999.949890613555908 0.205715759259259
2.021688918480000 2137757349.091807603836060 0.210137444444444
2.035848842634000 1558414363.944684267044067 0.215280981481482
2.017850929500000 1492723882.486765861511230 0.219888185185185
2.023133412062000 1491451088.860169172286987 0.224487796296296
2.017131082200000 1492873867.635098695755005 0.229087314814815
3.556368534186999 1492828075.988868713378906 0.233692277777778
3.624671801140000 1962674837.383063316345215 0.239149888888889
3.616959733478000 2182997001.406492710113525 0.243639648148148
2.023133412062000 2191143777.379114627838135 0.248078351851852
3.631253287938000 1542460711.719088077545166 0.253257777777778
2.008972950322000 2000959108.106744527816772 0.258764166666667
3.631253287938000 1564184457.457951068878174 0.263909185185185
3.548654068820000 2002263817.422362089157104 0.269415518518519
2.023133412062000 2149135037.593984603881836 0.273910425925926
3.578399395168000 1558680929.689779281616211 0.279051925925926
2.008255769520000 1961956168.434761285781860 0.284512222222222
3.623543620660000 1558276685.848451852798462 0.289654703703704
3.640095936464000 1933830870.869256973266602 0.295168351851852
3.620334560864001 1642423530.823375701904297 0.311219481481482
2.035848842634000 1873309500.606118440628052 0.318231314814815
1.981389471600000 1851156289.667259693145752 0.328691592592593
2.122437535680000 1487988277.565419673919678 0.338056351851852
3.548654068820000 1477228663.746905088424683 0.347472814814815
2.129914465726000 1961309768.077044248580933 0.352951166666667
3.857232683500000 1558038530.120568752288818 0.358091925925926
3.578399395168000 1996219780.219779968261719 0.363597425925926
3.564082999554000 2133234119.646159172058105 0.368043870370370
3.523317946046000 2146941196.841953277587891 0.372535629629630
2.023133412062000 2138289659.666182041168213 0.376969185185185
2.015691923400000 1558268699.785198450088501 0.382116055555556
3.556368534186999 1455143764.936336994171143 0.386842907407408
3.611492753544000 1939968673.867142915725708 0.392315796296296
3.634643348118000 2182319051.929882049560547 0.396816166666667
2.002253977244000 2193718565.872711181640625 0.401254018518519
2.008972950322000 1564706085.758764982223511 0.406416648148148
2.016412038600000 1492645349.094701051712036 0.411016111111111
2.028405492960000 1492738106.254148960113525 0.415618981481482
2.015691923400000 1492039471.989697456359863 0.420220462962963
2.002969291676000 1492892003.317523956298828 0.424820055555556
3.616959733478000 1492901491.024898529052734 0.429425388888889
3.539839056858000 2002204451.655905485153198 0.434926462962963
3.555263192182000 2148688012.912036895751953 0.439401185185185
3.587226395655000 2138220425.510512113571167 0.443819407407408
1.988816031088000 2182289434.563640594482422 0.448316425925926
3.609247665816000 1565331239.377837181091309 0.453481203703704
3.593823530492000 2001595127.715662240982056 0.458981703703704
3.732640748408000 2193443084.689848423004150 0.463427555555556
2.008972950322000 2107852555.401027441024780 0.467874925925926
3.571797464921000 1491759415.007828950881958 0.483036888888889
3.679799980059000 2076520780.502619504928589 0.489134574074074
2.016412038600000 2164545912.900513172149658 0.498933925925926
3.859631728000000 1488164863.163462400436401 0.508876851851852
2.011124759735000 1749488833.291995286941528 0.519180296296296
3.777736966220000 1563707540.786406993865967 0.524352907407408
3.556368534186999 1962088097.533160686492920 0.529808981481482
3.587226395655000 2065669952.534363508224487 0.534229333333334
3.594940861022000 2138062901.107149600982666 0.538670166666667
2.021688918480000 2137833876.439790487289429 0.543091462962963
3.580625294112000 1558080103.703437089920044 0.548234333333334
2.023133412062000 1962752553.950618505477905 0.553699722222223
2.016412038600000 1558972109.232545137405396 0.558848777777778
3.689807931968000 1492628659.674409627914429 0.563453518518519
2.011124759735000 2040701846.557985067367554 0.568966277777778
2.014972344000000 1571848992.317829847335815 0.574151444444445
2.008972950322000 1492482364.869758367538452 0.578754000000000
3.548654068820000 1488329363.400036096572876 0.583348722222222
3.608124286104000 1962667109.247454404830933 0.588816092592593
3.561866282436000 2183286461.230392456054688 0.593310592592593
3.562975259844000 2148657117.536736965179443 0.597803277777778
2.016412038600000 2138183576.896893024444580 0.602237185185185
3.646672622494000 1558571347.305281400680542 0.607380648148148
3.548654068820000 2040333344.523822546005249 0.612896796296297
3.687514445426000 2159063399.923371315002441 0.617391777777778
3.501278718548000 2226562455.400716781616211 0.621907296296297
2.009690665138000 2158874759.421624660491943 0.626410333333334
2.035122067440000 1558591149.857336759567261 0.631563629629630
2.010407311926000 1390793285.908400774002075 0.636197333333334
3.572908429254000 1478087465.035560607910156 0.650874944444445
2.028405492960000 1859056760.631147623062134 0.658341648148149
2.022410896478000 1870343099.772907257080078 0.668983407407408
3.810945891298000 1487332747.843567132949829 0.678324537037037
2.122437535680000 1728698672.746839046478271 0.689630259259260
2.116476519570000 1564815636.018686056137085 0.694803500000000
1.989526544752000 1492233392.961228609085083 0.699410259259260
2.129914465726000 1472909166.981807708740234 0.704013333333334
1.995535004166000 1452585634.026957273483276 0.708621444444445
3.631253287938000 1492381913.390675783157349 0.713222351851852
3.568465812299000 2001703582.534554004669189 0.718712981481482
2.002253977244000 2148483802.241178512573242 0.723198055555556
2.022410896478000 1557490771.159332752227783 0.728338944444445
3.724928680745999 1489630543.756165504455566 0.732938296296297
3.556368534186999 2041649853.681102037429810 0.738462759259260
3.586111462830000 2158730552.969499111175537 0.742978111111112
3.588342158970000 2136754485.747457027435303 0.747396425925926
3.641227653224000 2133632813.380472898483276 0.751832962962963
3.607002160164000 2170756205.455885887145996 0.756354074074075
2.001539195040000 2193278647.432603359222412 0.760786796296297
3.587226395655000 1564981270.778401851654053 0.765955981481482
2.029129869556000 1963107129.798902988433838 0.771425981481482
3.616959733478000 1558517495.150732040405273 0.776571851851852
2.031303269030000 2002283570.382589101791382 0.782072870370371
2.023133412062000 1565078650.235498905181885 0.787239203703704
3.570687327506000 1492917864.682818889617920 0.791844296296297
3.638962955216000 1962920283.424669504165649 0.797311814814815
3.702943376160000 2182500725.887506008148193 0.801789092592593
2.063461652834000 2238302378.972710609436035 0.806265814814815
3.696378266982000 1569479883.809510231018066 0.811468000000000
2.024577099265000 1661039153.484670877456665 0.826966833333334
3.579511930288000 1480858463.361168146133423 0.833125296296297
3.542040969822000 2096106292.128048419952393 0.841100870370371
2.022410896478000 2092154077.609245777130127 0.849963407407408
2.116476519570000 1488798945.205325603485107 0.859858259259260
2.022410896478000 1469684428.112080812454224 0.866389259259260
2.144882717406000 1489984254.439250469207764 0.870992555555556
3.802049357366000 1492459220.841876745223999 0.875598666666667
3.587226395655000 1955374635.168254852294922 0.881061611111111
3.727245726414000 2091901819.318536996841431 0.885504666666667
2.028405492960000 2226869634.072791576385498 0.890018314814815
2.036576158986000 1567898411.181970834732056 0.895213185185186
2.029129869556000 1492319599.956516981124878 0.899812685185186
3.586111462830000 1491866117.686872005462646 0.904409314814815
2.035122067440000 1962589599.258980512619019 0.909867259259260
3.709504545422000 1558957958.747223377227783 0.915010796296297
2.029129869556000 2040997717.836066484451294 0.920536740740741
3.579511930288000 1571458932.645039558410645 0.925724018518519
3.593823530492000 1962008908.474576234817505 0.931186981481482
3.638962955216000 2138191345.294849395751953 0.935623018518519
3.635773087776000 2182139975.552637577056885 0.940122481481482
3.642360212976000 2193545505.892984867095947 0.944548648148149
3.596059023828000 2193638012.122431278228760 0.948966537037037
2.042567815712000 2148773430.609786033630371 0.953438962962963
2.021688918480000 1558974146.093831539154053 0.958582537037037
2.023854852474000 1492709313.847913742065430 0.963179833333334
3.625798722490000 1492990088.726429462432861 0.967779907407408
3.594940861022000 2001138490.197997331619263 0.973267259259260
2.042567815712000 2148636233.550319194793701 0.977745000000000
3.546446947880000 1558515072.853023052215576 0.982888537037037
3.579511930288000 1959646568.730467796325684 0.988351907407408
2.014972344000000 2134927804.923666954040527 1.002609574074075
2.016412038600000 1591235402.822675228118896 1.009403759259260
3.540939603453000 1487860817.729014635086060 1.018754407407408
2.138158947132000 1919846204.065373420715332 1.028795851851853
3.942091802537000 1622486034.964995384216309 1.038601425925927
2.022410896478000 2040191880.855796098709106 1.044129740740741
2.150071384960000 1570896822.907011508941650 1.049324333333334
3.618084257123000 1455283025.698162317276001 1.053928351851853
3.619209618402000 2001550014.323026418685913 1.059423259259260
3.640095936464000 2179470420.631510257720947 1.063862351851853
2.027681116364000 2191966153.305615425109863 1.068289722222223
3.596059023828000 1565218661.964258909225464 1.073456500000001
3.655520071788000 1962641269.087207317352295 1.078913907407408
3.625798722490000 2183163707.680454254150391 1.083408481481482
3.578399395168000 2192655018.773467063903809 1.087847370370371
2.028405492960000 2147559792.443008422851562 1.092329851851852
2.035848842634000 1558360790.667530775070190 1.097473185185186
2.023854852474000 1492838660.615132093429565 1.102075629629630
3.641227653224000 1492743896.354711532592773 1.106678222222223
2.023133412062000 2000053784.585080146789551 1.112168574074075
3.586111462830000 1565165860.418151140213013 1.117340370370371
2.001539195040000 1963038584.979673385620117 1.122792981481482
3.641227653224000 1550554552.224911451339722 1.127965055555556
2.008972950322000 1996633826.420336723327637 1.133457037037038
3.726086772261000 1565518402.623626947402954 1.138629407407408
3.648942118591000 2081074311.852981567382812 1.144167629629630
2.029854785524000 2204247539.222184181213379 1.148665981481482
3.701792477760000 1564818918.425825595855713 1.153842592592593
3.579511930288000 1952139116.334007501602173 1.159392703703704
3.641227653224000 2174571662.491536140441895 1.173778296296297
3.640095936464000 2118234376.309670686721802 1.179743537037037
2.023854852474000 1926778231.817281723022461 1.190402314814815
3.818660356665000 1488261541.324005603790283 1.200355277777778
1.994822620560000 2095971270.347373723983765 1.210286944444445
3.825185560352000 1558232822.133363246917725 1.215432185185185
2.023133412062000 2000548043.302850961685181 1.220940333333334
3.599294890591000 1516208869.896012783050537 1.226110129629630
2.035848842634000 1962409528.433532714843750 1.231564370370370
3.648942118591000 1556833996.359947919845581 1.236712851851852
2.042567815712000 2001795591.600484609603882 1.242215814814815
3.650077077834000 1565417215.463368177413940 1.247392685185185
2.023854852474000 2000885030.984126329421997 1.252873388888889
3.642360212976000 1564850500.502829074859619 1.258047814814815
3.656656583958000 2001718804.211885213851929 1.263556037037037
2.037302393022000 2187296150.568893909454346 1.267989592592593
2.016412038600000 1565589072.001031398773193 1.273160814814815
2.020966940482000 1447447571.937021255493164 1.277765537037037
2.028405492960000 1477789076.333666086196899 1.282367166666667
3.586111462830000 1492149132.654908895492554 1.286969333333333
2.041838641920000 1962519815.350042819976807 1.292441148148148
2.036576158986000 1558566727.631446123123169 1.297584777777778
3.564082999554000 1492757412.333736419677734 1.302179222222222
3.741515702995000 1962978560.909968137741089 1.307649500000000
3.695228910793000 2271688977.485354900360107 1.312192222222222
3.695228910793000 2259162223.196485996246338 1.316669592592593
2.138158947132000 2248712064.821923255920410 1.321107962962963
3.587226395655000 1569354143.650346755981445 1.326304222222222
2.024577099265000 1635178933.599729776382446 1.341764333333333
2.029129869556000 1476922266.139657497406006 1.347836333333333
1.995535004166000 1642274150.072679519653320 1.359646166666667
3.840609695676000 1487032193.712459325790405 1.369003296296296
3.872661614234000 1931299681.513022184371948 1.379184537037037
3.694080410098000 2192685052.045105457305908 1.383625129629629
2.143352411882000 2236861798.410982608795166 1.388114277777778
3.601535598154000 1529777224.859886407852173 1.393301870370370
3.587226395655000 1961859891.535495042800903 1.398761925925926
3.592704951548000 2138187959.178556203842163 1.403193148148148
2.029854785524000 2138403890.701775789260864 1.407613944444444
3.647808004126000 1557520595.344286918640137 1.412762537037037
3.624671801140000 2001568129.050493478775024 1.418265981481481
3.587226395655000 2148607537.613831520080566 1.422756055555555
2.023133412062000 2138238684.777705430984497 1.427189611111111
3.655520071788000 1558005007.836002349853516 1.432329703703703
2.037302393022000 1998330430.860677957534790 1.437831611111111
3.586111462830000 1565218992.275834321975708 1.443000574074074
3.587226395655000 1962228177.003385305404663 1.448465629629629
3.588342158970000 2138755002.731226444244385 1.452906722222222
3.625798722490000 2138497406.938847541809082 1.457327351851851
3.564082999554000 2138412133.463082075119019 1.461761370370370
2.035848842634000 2138423240.197268724441528 1.466184740740740
2.036576158986000 1558499935.193985939025879 1.471328296296296
2.028405492960000 1492103024.574669122695923 1.475912962962963
2.017850929500000 1493074373.786466360092163 1.480519574074074
2.016412038600000 1489081825.970484256744385 1.485123518518518
2.082138088800000 1492574899.731005191802979 1.489722259259259
3.554156615158000 1490631968.465932130813599 1.494326333333333
2.021688918480000 1657275246.581148624420166 1.509793407407407
3.624671801140000 1691764746.320122480392456 1.516527981481481
3.647808004126000 1976099487.112046480178833 1.526666648148148
3.808575635332000 2187875737.700113296508789 1.535512333333333
3.897763042320000 2174200835.603694438934326 1.544430259259259
2.023133412062000 2152312097.261902332305908 1.548870351851852
3.609247665816000 1564682672.166543245315552 1.554042185185185
3.588342158970000 1917083081.417760610580444 1.559518740740740
3.692930626162000 2135963486.792198419570923 1.563912888888889
3.602655326389000 2227804659.763313770294189 1.568419555555555
3.594940861022000 2159137627.252173900604248 1.572932685185185
3.660953047175000 2138412155.546815395355225 1.577358648148148
3.646672622494000 2182924234.817747116088867 1.581858907407407
3.660953047175000 2193164795.554387569427490 1.586297740740741
2.037302393022000 2192876955.983338832855225 1.590739240740741
2.037302393022000 1564976686.246926069259644 1.595912629629630
2.037302393022000 1492726551.116191864013672 1.600513259259259
2.029854785524000 1488846568.800848960876465 1.605120222222223
2.022410896478000 1491288774.697835922241211 1.609725888888889
3.593823530492000 1492792153.515376567840576 1.614325259259260
3.578399395168000 1963024083.216870784759521 1.619797796296297
3.618084257123000 2137169969.032453060150146 1.624211018518519
2.042567815712000 2138677544.268581390380859 1.628644185185185
3.584995284270000 1559043948.570133209228516 1.633790351851852
2.017131082200000 2002129950.653354883193970 1.639291870370370
2.043297532448000 1564854610.500531673431396 1.644463037037037
3.548654068820000 1492963517.915309429168701 1.649068037037037
3.653245777602000 1962529492.595043182373047 1.654526092592593
2.029129869556000 2062379646.017699241638184 1.659046092592593
2.015691923400000 1984411694.908197402954102 1.675058759259259
2.035122067440000 1480875034.855718612670898 1.681633481481482
2.002253977244000 1672032665.057421207427979 1.692458277777778
3.812131239852000 1487811103.825742721557617 1.701806740740741
3.557474699538000 2112953981.767302751541138 1.711819277777778
2.131435176858000 2136776349.291958808898926 1.716248555555556
2.150839507840000 1558513917.503493785858154 1.721389962962963
2.143352411882000 1475022359.823887825012207 1.725995611111111
2.017131082200000 1439828809.064609289169312 1.730604500000000
2.036576158986000 1490149574.163218736648560 1.735205462962963
3.583880351445000 1492555638.680406332015991 1.739809574074074
3.687514445426000 1961971252.914127588272095 1.745282592592593
3.579511930288000 2227487284.491584300994873 1.749804629629630
2.035848842634000 2158816843.091104030609131 1.754312907407408
3.655520071788000 1558444016.779829740524292 1.759451351851852
2.035848842634000 2000506926.856831312179565 1.764957296296297
1.996247918214000 1565219210.913793802261353 1.770126425925926
2.029129869556000 1492820020.210234880447388 1.774726222222223
2.021688918480000 1492694140.653291940689087 1.779328555555556
3.588342158970000 1492150140.739274978637695 1.783914129629630
3.587226395655000 1962862996.141404867172241 1.789375722222223
2.029854785524000 2138515939.407641887664795 1.793798722222223
3.640095936464000 1558451209.458219051361084 1.798942592592593
2.007538588718000 2000969999.091798782348633 1.804447981481482
2.008255769520000 1565611378.649814605712891 1.809620111111112
2.011124759735000 1492654525.981817007064819 1.814219481481482
2.029129869556000 1492846528.216667890548706 1.818819796296297
3.626926483260000 1492669482.346972942352295 1.823419259259260
3.702943376160000 2001378884.035830259323120 1.828922555555556
3.678656274774000 2067436038.967725753784180 1.833418203703704
3.632383868802000 1677242399.333172559738159 1.849481000000000
2.022410896478000 2160696091.165298461914062 1.855526185185186
3.593823530492000 1644863060.819250822067261 1.865281259259260
2.116476519570000 2106655305.624297618865967 1.875151462962964
3.790158356896000 1808097923.209049940109253 1.884757629629630
2.150839507840000 1961713532.393753767013550 1.890207925925927
3.634643348118000 1557780783.763359785079956 1.895354037037038
2.001539195040000 1986358065.880362749099731 1.900871333333334
2.008255769520000 1529004045.715512275695801 1.906048277777779
2.016412038600000 1492279093.904249429702759 1.910651666666667
2.016412038600000 1492388782.925710439682007 1.915253777777778
3.654382289772000 1488503566.517358303070068 1.919859370370371
3.618084257123000 2040941934.446331977844238 1.925386648148149
3.616959733478000 2203839221.236893177032471 1.929874296296297
3.625798722490000 2193010275.129847049713135 1.934313277777779
2.002253977244000 2193173814.200342655181885 1.938744574074075
2.022410896478000 1564834003.660235643386841 1.943915259259260
2.008972950322000 1493057015.477182865142822 1.948513425925926
1.995535004166000 1492853941.261171579360962 1.953117611111112
1.989526544752000 1492788658.009355068206787 1.957718018518519
2.010407311926000 1492783255.274974584579468 1.962320462962963
3.548654068820000 1492651518.201508998870850 1.966920203703704
2.016412038600000 1962172030.997674226760864 1.972390148148149
3.610369791756000 1558617786.555566787719727 1.977528444444445
3.538737280602000 2001088191.632247209548950 1.983029722222223
2.008972950322000 2148538779.150425910949707 1.987514759259260
1.995535004166000 1558505802.801898717880249 1.992660740740741
2.009690665138000 1492846539.215252399444580 1.997262833333334
3.561866282436000 1492748454.098301172256470 2.001859814814815
2.023133412062000 1874381719.814314365386963 2.007356962962963
2.009690665138000 1934421558.501885175704956 2.022346666666667
2.021688918480000 1854601433.093793630599976 2.033069388888889
1.988816031088000 1488710932.379676818847656 2.043467314814815
2.144118134378000 1487675548.561418056488037 2.052822592592593
3.694080410098000 1478013529.658373117446899 2.062231277777778
3.849518218133000 2041227394.726525068283081 2.067757888888889
3.555263192182000 2194798146.687534332275391 2.072242351851852
3.586111462830000 2149034568.043727397918701 2.076734833333334
3.587226395655000 2131458442.171781301498413 2.081165740740741
3.702943376160000 2137712876.780909061431885 2.085604537037038
2.035848842634000 2227667239.773328781127930 2.090117518518519
3.579511930288000 1571240312.123308658599854 2.095310148148148
3.569575949714000 1961691178.567306518554688 2.100765296296296
2.023854852474000 2136370294.301815748214722 2.105201407407407
3.641227653224000 1558703616.538918256759644 2.110347518518519
2.020966940482000 2001529741.526152849197388 2.115837722222222
2.022410896478000 1564751052.524086952209473 2.121006074074074
3.574018980128000 1492987112.064282655715942 2.125608425925926
3.564082999554000 1963157998.821561574935913 2.131077055555556
3.679799980059000 2127090997.416107177734375 2.135499037037038
2.022410896478000 2227043897.598241806030273 2.140015018518519
2.016412038600000 1572143035.903359174728394 2.145209518518519
3.558580453216000 1492912814.897711038589478 2.149809777777778
3.562975259844000 1963109886.723446130752563 2.155278203703705
3.586111462830000 2138575840.122519254684448 2.159703814814816
3.624671801140000 2182175502.531207084655762 2.164195888888889
2.016412038600000 2193785551.006053924560547 2.168619111111111
3.633513187857000 1556860767.386606693267822 2.173786722222223
2.016412038600000 2000206755.194752693176270 2.179297981481482
2.015691923400000 1562024468.770122289657593 2.184474648148149
3.558580453216000 1491615412.047642230987549 2.199066407407408
3.555263192182000 2023286328.492272853851318 2.205152462962964
2.016412038600000 1735958880.300814867019653 2.214017277777778
2.035848842634000 1488018050.582041501998901 2.223915388888889
3.755776951394000 1826178755.249668359756470 2.234511296296297
3.616959733478000 2077759984.774328470230103 2.241711611111112
3.810945891298000 2182303710.648376464843750 2.246215166666667
3.670944207112000 2148491041.006604671478271 2.250709925925926
3.789615970128000 2182775062.483787536621094 2.255207388888889
2.022410896478000 2139299489.037687778472900 2.259643462962963
2.029129869556000 1563687336.800612449645996 2.264820611111111
2.015691923400000 1492841441.883473396301270 2.269425185185185
3.539839056858000 1484829911.389669418334961 2.274052185185186
3.616959733478000 1962696384.694008588790894 2.279523777777778
3.587226395655000 2182268116.897023200988770 2.284020296296297
1.995535004166000 2148761764.948453903198242 2.288511037037038
3.611492753544000 1558679755.458263635635376 2.293654444444445
3.570687327506000 2002326714.965594530105591 2.299152611111111
2.021688918480000 2193363498.436700820922852 2.303571092592593
3.577285616992000 1564726437.884053230285645 2.308745555555556
2.015691923400000 1962623286.929202079772949 2.314215481481482
2.002253977244000 1558617036.228201866149902 2.319354203703704
3.562975259844000 1492155123.844161748886108 2.323916388888889
3.586111462830000 1963047385.040257215499878 2.329388111111111
3.618084257123000 2183083553.398618221282959 2.333883129629630
2.016412038600000 2193159362.983689308166504 2.338304203703704
2.010407311926000 1565501058.673058032989502 2.343473148148148
1.994110236954000 1491793245.737865209579468 2.348077648148148
2.022410896478000 1491808470.728408575057983 2.352678240740741
1.996959771378000 1492726878.932684898376465 2.357278222222223
3.579511930288000 1489807307.021842479705811 2.361888703703704
2.015691923400000 2135827098.517079114913940 2.377271259259260
2.002253977244000 1477188974.707180261611938 2.383380444444445
3.565191564396000 1488032545.404503107070923 2.393742037037037
2.116476519570000 2104977749.318488597869873 2.403748388888889
3.540939603453000 1477631827.299363136291504 2.413728407407408
2.138158947132000 1962165099.077709913253784 2.419203907407408
1.989526544752000 1557401951.184390544891357 2.424347981481482
2.117232640530000 1492896027.783807277679443 2.428954981481482
2.009690665138000 1470293807.344982624053955 2.433560796296297
2.016412038600000 1482138611.397632837295532 2.438174814814815
2.015691923400000 1492528878.535131216049194 2.442777425925927
2.008972950322000 1492666755.290221929550171 2.447374481481482
3.624671801140000 1491482289.157111167907715 2.451978796296297
3.678656274774000 2001912737.897280693054199 2.457480314814815
2.008972950322000 2237948115.156423091888428 2.461962462962964
3.556368534186999 1571695387.019994258880615 2.467151925925926
2.008255769520000 1961977767.899860382080078 2.472609500000000
2.008972950322000 1557931996.619252204895020 2.477758481481482
3.670944207112000 1492734545.805548667907715 2.482362888888889
2.014972344000000 2041873982.132445335388184 2.487889148148148
3.670944207112000 1571148351.197588682174683 2.493080907407408
3.556368534186999 2041103030.751233816146851 2.498589870370371
2.009690665138000 2158927152.317880630493164 2.503103092592593
3.571797464921000 1557781771.834697723388672 2.508246537037037
3.560758542726000 1962822489.611954212188721 2.513719351851852
3.546446947880000 2138352754.521098613739014 2.518143055555556
2.017131082200000 2138313370.071426153182983 2.522568777777778
2.016412038600000 1559012859.140513658523560 2.527707074074075
3.615833953382000 1492142167.072900533676147 2.532303648148149
1.995535004166000 1932805880.751429319381714 2.537813148148149
3.555263192182000 1489659932.779141664505005 2.552981500000000
2.009690665138000 1999757851.207326173782349 2.560079370370371
3.625798722490000 1820496585.552965879440308 2.569638425925926
2.130675387454000 1745011659.581381559371948 2.579897037037037
3.772373564463000 1478138284.482870101928711 2.589916907407408
2.129154110160000 1962391453.899150133132935 2.595392222222222
2.014972344000000 1551367972.724359750747681 2.600535870370370
3.556368534186999 1492536729.123219490051270 2.605135611111111
2.131435176858000 1961825778.361170530319214 2.610609481481481
3.625798722490000 1516895348.167765378952026 2.615756000000000
3.564082999554000 2000217570.850202560424805 2.621244888888889
3.687514445426000 2148736013.199958801269531 2.625734240740741
3.688661402124000 2227909715.383100032806396 2.630247129629629
3.618084257123000 2248310878.407977104187012 2.634685925925926
3.557474699538000 2203582959.103998184204102 2.639168388888889
2.016412038600000 2148641934.858232498168945 2.643656037037037
2.037302393022000 1550154292.206186294555664 2.648823240740741
2.010407311926000 1492642365.887207746505737 2.653427574074074
3.616959733478000 1492743775.048688888549805 2.658029722222222
3.625798722490000 2032421428.713884115219116 2.664529481481482
3.670944207112000 2188122675.211458683013916 2.668956407407407
3.533225138086000 2238132370.776783466339111 2.673445481481481
2.008255769520000 2159091574.247443199157715 2.677945574074074
3.576173081872000 1559017591.456503629684448 2.683092222222222
3.555263192182000 1961226614.648419618606567 2.688560388888889
3.570687327506000 2138459067.135852813720703 2.692975703703704
2.022410896478000 2138189506.126437664031982 2.697410037037037
3.624671801140000 1559085265.183533430099487 2.702558462962963
3.587226395655000 2001019456.744298458099365 2.708066407407407
2.029129869556000 2149153632.966833591461182 2.712556666666667
2.000824412836000 1465123077.694092035293579 2.717729851851852
2.008255769520000 1486281186.543521165847778 2.732348722222222
2.007538588718000 1481345214.439709663391113 2.738928314814815
1.996247918214000 1663760154.361692905426025 2.749754259259259
3.828754674176000 1487784940.608252525329590 2.759094314814815
3.806779392622000 1751226316.613883972167969 2.769379888888889
2.020966940482000 2147288839.224967956542969 2.773870981481481
3.607002160164000 1554204152.660534620285034 2.779010925925926
2.029854785524000 1915081888.341154813766479 2.784484277777778
3.584995284270000 1558779348.666582822799683 2.789633259259260
3.603775888686000 1963063965.834312677383423 2.795101166666667
2.022410896478000 2137747342.230264902114868 2.799522166666667
2.021688918480000 1557797387.057827234268188 2.804660407407408
3.592704951548000 1492644002.024633169174194 2.809270296296297
2.022410896478000 1962336261.726555109024048 2.814738259259260
2.014972344000000 1559181058.315567731857300 2.819889351851852
3.640095936464000 1491945638.005117654800415 2.824492240740741
3.579511930288000 2001998048.090999364852905 2.829994925925926
3.588342158970000 2148750621.785379886627197 2.834484685185186
2.029129869556000 2133389247.329801082611084 2.838916314814815
3.624671801140000 1557146316.489122867584229 2.844070666666667
3.570687327506000 2000117607.809967279434204 2.849566018518519
2.028405492960000 2148533574.914039611816406 2.854063148148148
3.587226395655000 1558913917.245697259902954 2.859209574074074
2.029854785524000 1962501508.916323661804199 2.864677074074074
3.571797464921000 1559127032.454492568969727 2.869822740740741
2.036576158986000 1962731963.003123760223389 2.875270648148148
3.562975259844000 1558550437.317784309387207 2.880415648148148
1.988816031088000 1897248592.762780189514160 2.885896574074074
3.580625294112000 1489608486.463276386260986 2.901034407407407
2.027681116364000 1830558567.843699693679810 2.908473074074074
2.028405492960000 1634294271.729970693588257 2.918208092592593
2.115720961200000 1488122961.143898248672485 2.927558833333333
2.123195492648000 1477128779.395296812057495 2.936984944444444
3.858432429000000 1487677592.640246868133545 2.941590574074074
3.979426913592000 2001205536.065800905227661 2.947075148148148
3.524414921534000 2281696693.159823417663574 2.951572000000000
3.615833953382000 2122267346.988878488540649 2.956097814814814
2.008255769520000 2182916757.584615707397461 2.960595833333333
3.670944207112000 1564856737.130869865417480 2.965760000000000
3.564082999554000 2041732674.727219104766846 2.971286074074074
3.570687327506000 2157761188.877290248870850 2.975792037037037
3.625798722490000 2137125445.092696189880371 2.980223074074074
2.001539195040000 2183174870.060225963592529 2.984712333333333
2.022410896478000 1565381351.560484886169434 2.989881666666667
2.014972344000000 1492604486.479736566543579 2.994479018518519
2.002969291676000 1492538893.272993803024292 2.999078500000000
3.540939603453000 1492677403.120281934738159 3.003678037037037
3.531027613324000 1962270251.588310003280640 3.009143314814815
3.655520071788000 2138585152.400416135787964 3.013574259259260
3.556368534186999 2227778266.427182674407959 3.018079833333334
3.535422662848001 2149542688.910696983337402 3.022608722222222
2.002253977244000 2138143452.940071344375610 3.027044555555556
3.615833953382000 1558299602.138729333877563 3.032187796296296
2.035848842634000 2002012518.288068532943726 3.037693814814815
3.618084257123000 1565159247.163973808288574 3.042865370370371
2.016412038600000 2000638910.896763563156128 3.048358166666667
2.023854852474000 1565083916.659804105758667 3.053530185185186
2.001539195040000 1490312207.817244052886963 3.058141074074074
3.641227653224000 1491635513.959398984909058 3.072735648148149
2.023133412062000 2145060965.527848720550537 3.081404481481482
3.562975259844000 1522319852.649724245071411 3.092383611111111
3.778913154380000 1739621627.993862867355347 3.102594314814815
3.562975259844000 2114380444.369776248931885 3.108767018518519
2.143352411882000 2138009222.408026933670044 3.113196648148148
2.143352411882000 1558639003.283782720565796 3.118345407407408
3.579511930288000 1492204292.931327581405640 3.122942111111111
3.608124286104000 1912101016.600179910659790 3.128410592592592
3.634643348118000 2182561721.506895065307617 3.132907944444444
3.633513187857000 2193330709.353789329528809 3.137330592592592
2.023133412062000 2193269589.089103698730469 3.141769240740740
3.586111462830000 1565043341.388731479644775 3.146934092592592
2.014972344000000 1961644382.188245296478271 3.152394074074074
2.008972950322000 1559273469.270348310470581 3.157544425925925
3.623543620660000 1492608347.774342298507690 3.162150222222222
3.555263192182000 2002011967.226348161697388 3.167655999999999
3.695228910793000 2147543807.543807506561279 3.172145333333332
3.592704951548000 2228204806.387749195098877 3.176663240740740
3.555263192182000 2159417901.444803237915039 3.181176222222221
2.021688918480000 2138224466.938038587570190 3.185607296296296
2.029854785524000 1559074474.522063732147217 3.190748999999999
2.023854852474000 1492775375.622010707855225 3.195348777777777
3.616959733478000 1483640397.919670820236206 3.199920703703703
2.008972950322000 2002169181.117890357971191 3.205423462962963
3.577285616992000 1564876864.963569164276123 3.210595592592592
2.021688918480000 1962296978.721816539764404 3.216055018518518
3.564082999554000 1557755491.971055507659912 3.221193833333333
2.001539195040000 1865916956.774988889694214 3.226662203703703
3.672085514692000 1487902915.047719478607178 3.242371240740741
3.615833953382000 1982963676.089034318923950 3.249694240740741
3.637831238456000 2188179515.830224514007568 3.258610611111111
2.115720961200000 2145634258.137299776077271 3.267474685185185
2.136633438804000 1480007649.602216958999634 3.277458259259259
2.135870684640000 1492014515.363768577575684 3.282063851851852
3.862543306278000 1492394233.245348691940308 3.286666222222222
2.029854785524000 1994128345.851481437683105 3.292159481481482
3.572908429254000 1529624991.953998327255249 3.297338037037037
3.633513187857000 1958715404.982630491256714 3.302807407407408
3.584995284270000 2182599167.936730384826660 3.307303148148149
3.588342158970000 2148729211.880697250366211 3.311782870370371
3.577285616992000 2137259531.061721563339233 3.316208944444445
2.017131082200000 2138095993.573652029037476 3.320635166666667
3.702943376160000 1558522387.575085163116455 3.325768222222223
3.580625294112000 2041514265.256109237670898 3.331276944444445
3.571797464921000 2158860617.214973449707031 3.335784648148149
3.616959733478000 2137085910.796513557434082 3.340216462962964
3.710657841527000 2181758198.610516548156738 3.344715870370371
2.022410896478000 2238215630.220902442932129 3.349205037037038
2.037302393022000 1571485336.882405996322632 3.354395055555556
3.542040969822000 1492880089.760758638381958 3.358999888888890
3.549757834680000 1962535422.675386905670166 3.364470333333334
2.021688918480000 2138658474.647063970565796 3.368904037037038
3.640095936464000 1558516506.056179046630859 3.374050296296297
3.618084257123000 2001419268.453093528747559 3.379540944444445
3.625798722490000 2192563636.363636493682861 3.383971500000001
2.029854785524000 2193694435.743550777435303 3.388405555555556
2.029854785524000 1556279430.825985908508301 3.393606074074075
2.029854785524000 1402777789.190897703170776 3.398293481481482
3.565191564396000 1487003593.696337938308716 3.413984537037038
2.035122067440000 1828611212.626652240753174 3.421423240740742
2.008255769520000 1629702418.580782413482666 3.431166481481483
3.872661614234000 1686200764.085592508316040 3.442038833333334
3.898228045280000 1932047417.192429065704346 3.452182833333334
3.621289358249999 2192936722.904631614685059 3.456622740740742
2.035122067440000 2147766741.389346122741699 3.461108462962964
2.029854785524000 1537358640.467186450958252 3.466255111111113
2.023133412062000 1485976390.010972976684570 3.470862388888890
3.647808004126000 1481884381.387712955474854 3.475464685185186
2.022410896478000 2000840032.532566070556641 3.480974833333335
3.650077077834000 1565392448.660362005233765 3.486136537037038
3.718372306894000 2001194993.470184087753296 3.491624185185186
3.641227653224000 2236760000.330726146697998 3.496103666666668
3.665510807550000 2203857205.868410110473633 3.500596018518520
3.702943376160000 2193118734.632708549499512 3.505032148148150
3.712965722336000 2238557847.711213111877441 3.509521425925927
2.030578622748000 2248216435.881998538970947 3.513950759259261
2.014252764600000 1571652406.321701765060425 3.519140407407409
3.587226395655000 1492776224.872478246688843 3.523747462962965
2.029854785524000 1962354177.699922561645508 3.529202351851854
2.029129869556000 1558717028.452823638916016 3.534341462962965
3.570687327506000 1492762346.362863779067993 3.538938333333335
3.625798722490000 1962192931.209759473800659 3.544403148148150
3.701792477760000 2183386405.677750587463379 3.548878055555557
2.022410896478000 2238282254.424073219299316 3.553349592592594
2.003683541652000 1571788437.945791721343994 3.558542185185187
3.608124286104000 1492829409.704187631607056 3.563141574074076
2.035848842634000 1865816423.849105596542358 3.568628851851853
3.647808004126000 1933618482.864653825759888 3.583612500000001
2.002969291676000 1987430243.978486299514771 3.590739722222223
3.648942118591000 1487239561.210664510726929 3.600662648148150
2.149303833600000 2153040056.409136772155762 3.610668907407409
2.144118134378000 1480452446.968431472778320 3.620647240740742
2.151606487680000 1492189430.076820850372314 3.625251500000001
2.016412038600000 1492513847.786927461624146 3.629857129629631
2.151606487680000 1492374968.330377578735352 3.634461962962964
2.023133412062000 1436597784.849594116210938 3.639064944444446
2.008255769520000 1492157569.810045957565308 3.643669370370372
2.009690665138000 1491840984.694595813751221 3.648273166666669
2.024577099265000 1492381141.906071186065674 3.652879500000002
2.023133412062000 1492648689.790148973464966 3.657478000000002
2.014972344000000 1492598875.287317037582397 3.662078351851854
2.017131082200000 1493978595.211669683456421 3.667684574074076
2.017850929500000 1491846093.146096467971802 3.672284277777780
2.015691923400000 1492737168.979197263717651 3.676882148148150
2.035122067440000 1492931063.905144453048706 3.681483296296298
3.631253287938000 1492705880.931379079818726 3.686081018518521
2.028405492960000 1997907314.112291336059570 3.691572685185187
3.577285616992000 1564758233.726029634475708 3.696741129629632
3.572908429254000 1962774076.871234416961670 3.702209148148150
3.634643348118000 2138530522.031410455703735 3.706649777777780
3.587226395655000 2183015998.014724254608154 3.711127185185187
3.608124286104000 2148779093.223982334136963 3.715607037037039
3.580625294112000 2181160545.671301841735840 3.720096240740743
3.571797464921000 2149059004.337946891784668 3.724578648148150
3.650077077834000 2138755365.130106449127197 3.729004518518520
2.035122067440000 2183394067.237969398498535 3.733499333333335
3.594940861022000 1479564543.384553670883179 3.738671851851854
2.008255769520000 1645488861.204164028167725 3.754918870370372
2.015691923400000 1697091897.440425634384155 3.761630055555557
2.022410896478000 1665378544.976623535156250 3.772451314814817
2.132195815505000 1487526597.062186241149902 3.781796888888891
3.532126989196000 1475449955.650447130203247 3.791233703703706
3.856033831000000 1961169260.753051996231079 3.796706740740742
3.591587621018000 2182896825.102804183959961 3.801205574074076
2.131435176858000 2141914223.880289316177368 3.805697888888890
2.015691923400000 1505192914.439934253692627 3.810885277777779
3.565191564396000 1490906997.150263309478760 3.815486092592594
2.028405492960000 1961417547.618886232376099 3.820948055555557
3.547551124520000 1558520360.819180488586426 3.826096833333335
3.564082999554000 1962749195.005638599395752 3.831548907407409
3.570687327506000 2137084965.898154735565186 3.835974648148150
3.601535598154000 2137131400.344360589981079 3.840405833333335
3.618084257123000 2182069109.353210449218750 3.844907555555557
3.566299716672000 2193154988.480416774749756 3.849344444444446
3.571797464921000 2149087794.061172485351562 3.853829055555557
3.632383868802000 2138307541.969431400299072 3.858263500000002
3.580625294112000 2183014066.780188083648682 3.862765833333335
2.020966940482000 2148777618.293406963348389 3.867255611111113
3.571797464921000 1558212614.573909521102905 3.872393407407409
3.578399395168000 1963288365.997135162353516 3.877861574074076
3.625798722490000 2138278589.169559955596924 3.882282925925928
3.610369791756000 2183053330.754384040832520 3.886782796296298
2.023854852474000 2193551787.910993576049805 3.891208611111113
2.022410896478000 1564779079.006707429885864 3.896382574074076
3.648942118591000 1492858456.348551273345947 3.900982777777779
2.029854785524000 2002102851.179856538772583 3.906484074074076
3.578399395168000 1563037369.410856008529663 3.911663592592594
2.009690665138000 1635384041.406081676483154 3.927120259259261
2.002253977244000 1480873688.358136653900146 3.933230074074075
2.015691923400000 1567001761.170424699783325 3.942199277777779
2.022410896478000 1655856143.608363389968872 3.952950740740742
3.851912464544001 1672501378.711867094039917 3.963770018518520
2.136633438804000 2103706673.409806489944458 3.971020185185187
3.804414374994000 1563897642.112959384918213 3.976187240740742
3.616959733478000 2000342688.698271274566650 3.981696722222223
3.620334560864001 2099157622.264343261718750 3.986132314814816
2.023133412062000 2184860487.804877758026123 3.990573981481483
2.022410896478000 1564891432.625028133392334 3.995742814814816
2.030578622748000 1490877440.085040569305420 4.000341925925927
2.014972344000000 1492936112.654283761978149 4.004942037037038
3.650077077834000 1492421762.296567678451538 4.009540203703705
3.579511930288000 2001864568.617600679397583 4.015032666666668
3.704095131840000 2148272673.370061874389648 4.019530111111113
2.022410896478000 2226836346.125351905822754 4.024029444444446
3.562975259844000 1565038588.250411272048950 4.029217648148150
2.029854785524000 1962751375.643828392028809 4.034689833333336
3.686368342436000 1558736390.086710691452026 4.039838925925928
3.581738243584000 2040691408.417081594467163 4.045346685185188
2.036576158986000 2159415708.434091567993164 4.049849574074077
2.028405492960000 1558730735.581614017486572 4.054993148148151
3.579511930288000 1492699388.477631092071533 4.059596111111114
2.001539195040000 1962607644.826080083847046 4.065065314814817
2.009690665138000 1558589256.849919319152832 4.070209333333336
2.023133412062000 1492709942.574034452438354 4.074814296296299
3.593823530492000 1492783168.811092138290405 4.079414222222225
3.547551124520000 1961629123.304257631301880 4.084889537037040
2.022410896478000 2074367396.962678909301758 4.089407407407410
2.020966940482000 1933604963.281219959259033 4.104454203703707
2.015691923400000 1483531803.821527004241943 4.111030981481485
1.996959771378000 1486436400.171216726303101 4.120375870370374
3.764659099096000 1487696018.267446994781494 4.129718537037041
3.903519475702000 2097588456.113379001617432 4.139643944444448
3.525510672719000 2225839046.126324176788330 4.144157314814819
3.597176770496000 2151037262.488601684570312 4.148665870370374
3.616959733478000 2077362555.995705366134644 4.153167703703708
2.035848842634000 2192198040.841496467590332 4.157612166666670
3.610369791756000 1557120678.166612625122070 4.162809185185188
2.014972344000000 2000893622.891906738281250 4.168312666666670
3.679799980059000 1564982546.109184503555298 4.173476537037040
2.022410896478000 2042050168.782453298568726 4.179000851851854
1.996247918214000 1570926502.577070951461792 4.184185462962965
2.007538588718000 1492952916.809105396270752 4.188790000000002
3.664371049325000 1492860993.295936346054077 4.193391962962965
2.000824412836000 2041613199.391498327255249 4.198918592592594
3.640095936464000 1571049958.115743160247803 4.204113685185187
3.616959733478000 2042199051.147508144378662 4.209636925925928
3.570687327506000 2203221434.141631603240967 4.214125092592594
2.020966940482000 2148227605.322422504425049 4.218614833333335
3.695228910793000 1550166930.653150558471680 4.223759129629632
2.027681116364000 2041110125.428816556930542 4.229286833333336
3.556368534186999 1571481662.713946819305420 4.234471574074076
3.641227653224000 1961944299.325735807418823 4.239923333333335
2.023133412062000 2183451574.075222969055176 4.244400388888891
3.577285616992000 1565381738.568659782409668 4.249560018518520
2.030578622748000 1958753390.837880134582520 4.255028185185187
2.002253977244000 1935238264.228587150573730 4.270004555555557
2.027681116364000 1473173292.444940090179443 4.276647148148150
3.616959733478000 1486632809.241680145263672 4.285927166666669
2.009690665138000 1761706384.607883214950562 4.296181574074076
3.996093060106000 1839807758.713301420211792 4.305834759259262
2.022410896478000 2081121339.749964952468872 4.311383611111114
2.129154110160000 1576299295.099772214889526 4.316601055555559
1.996959771378000 1487565370.172320842742920 4.321207018518522
3.557474699538000 1382197710.944295883178711 4.325805388888893
3.624671801140000 1954388803.595213174819946 4.331269444444448
3.642360212976000 2182529445.171485424041748 4.335769333333337
2.029854785524000 2192148735.667634963989258 4.340212462962967
2.023133412062000 1564672067.568732261657715 4.345369351851856
3.686368342436000 1492752643.217051982879639 4.349967074074078
3.561866282436000 2040717197.640514135360718 4.355479888888893
2.015691923400000 2158042693.060531139373779 4.359992722222226
2.021688918480000 1558886949.383222818374634 4.365135944444448
3.624671801140000 1492663348.409006834030151 4.369738240740745
2.010407311926000 2001935147.647100448608398 4.375242481481485
3.570687327506000 1565004080.521332263946533 4.380411574074078
2.002969291676000 1962853634.404521465301514 4.385876833333337
3.570687327506000 1558801658.275724411010742 4.391022740740745
2.016412038600000 1960334305.098044395446777 4.396498333333337
3.653245777602000 1558796722.455927133560181 4.401644462962967
3.623543620660000 2041362521.562283754348755 4.407162500000004
3.623543620660000 2203890114.326912879943848 4.411657407407411
3.687514445426000 2192523011.765885353088379 4.416091129629633
3.687514445426000 2238212948.488985538482666 4.420581000000003
3.610369791756000 2248705294.630310058593750 4.425021907407411
2.023854852474000 2117750547.640615940093994 4.429519314814818
3.564082999554000 1489932482.999448537826538 4.444633203703707
3.537636734007000 1779059218.225794076919556 4.453415222222225
3.568465812299000 2132762011.733021736145020 4.462285407407411
3.773546915562000 2135637617.455075502395630 4.471128425925929
2.142587259120000 2183612235.228766918182373 4.480196351851855
2.021688918480000 1558142962.082748174667358 4.485339129629633
3.571721283984000 1492358260.155334711074829 4.489938518518522
3.647808004126000 1956327356.156920433044434 4.495410981481485
3.709504545422000 2050586988.847583770751953 4.499894314814818
3.718372306894000 2234559011.398355484008789 4.504373518518522
2.035122067440000 2248478593.961243629455566 4.508811518518522
2.023133412062000 1556572974.321506738662720 4.514007537037041
2.029129869556000 1491527963.379376649856567 4.518619388888893
2.014252764600000 1490600895.311269283294678 4.523227759259263
2.008972950322000 1492559817.744223117828369 4.527836666666670
3.731478962552000 1492031613.113409042358398 4.532440944444448
2.029129869556000 2073831511.408429145812988 4.537994018518522
2.016412038600000 1572057323.145391225814819 4.543212000000004
2.023133412062000 1492555120.547306537628174 4.547819074074078
3.524414921534000 1487842105.263158082962036 4.552421296296300
2.022410896478000 1962808208.515793561935425 4.557893481481486
2.007538588718000 1558633560.866667985916138 4.563034500000004
3.632383868802000 1492805236.381186008453369 4.567639037037041
3.556368534186999 2001242707.404478549957275 4.573142462962966
3.570687327506000 2148807327.858496665954590 4.577627629629633
2.022410896478000 2138437192.818215370178223 4.582058592592596
3.555263192182000 1558889528.338195085525513 4.587207055555560
3.562975259844000 1961791820.550891637802124 4.592657481481486
2.015691923400000 2137004842.938494682312012 4.597093111111115
2.023133412062000 1462655408.763430118560791 4.602272462962967
2.022410896478000 2006238174.488616704940796 4.618373481481485
2.028405492960000 1690780139.944065332412720 4.625286296296300
1.997672420205000 1488950623.322525024414062 4.635697944444447
3.869049325646000 1486829234.959148168563843 4.645047481481485
3.864947148867000 1874995739.846634626388550 4.656784148148152
3.618084257123000 2192882860.192814826965332 4.661225185185189
3.632383868802000 2193294453.663784027099609 4.665666555555560
3.679799980059000 2109995412.423158168792725 4.671116055555560
3.618084257123000 2236666348.039619445800781 4.675610648148153
3.602655326389000 2202560111.539082050323486 4.680086740740745
2.022410896478000 2148756073.263586044311523 4.684566759259264
3.586111462830000 1558434344.490054845809937 4.689705111111116
3.656656583958000 1962931353.707062482833862 4.695178148148153
3.593823530492000 2182905443.653877258300781 4.699673018518523
2.029854785524000 2147577052.219590187072754 4.704167925925931
2.027681116364000 1517907920.624045372009277 4.710060185185190
2.016412038600000 1492482930.066976308822632 4.714663796296302
2.022410896478000 1492782418.095092535018921 4.719268277777783
2.022410896478000 1492984014.138087749481201 4.723868407407413
2.023133412062000 1491950894.312870740890503 4.728468462962969
3.632383868802000 1489789538.417016506195068 4.733075796296302
2.008972950322000 2002303600.481007337570190 4.738573518518525
3.648942118591000 1565182653.949957609176636 4.743740240740747
3.570687327506000 2001234528.676083803176880 4.749230685185192
3.625798722490000 2148791213.142340660095215 4.753720555555562
2.002253977244000 2183182782.771242618560791 4.758218203703710
3.574018980128000 1565528162.101356267929077 4.763387351851859
2.022410896478000 1958726956.722071409225464 4.768853314814821
2.029129869556000 1973998717.532946109771729 4.783928425925932
3.554156615158000 1483349751.918021678924561 4.790501074074080
2.014252764600000 1877836900.159576654434204 4.800550814814821
2.123195492648000 1488563507.938141584396362 4.810447944444451
3.516702853872000 1477432278.930501461029053 4.819861148148155
2.125469645740000 1961438723.402811527252197 4.825318944444451
3.771201086718000 1556762973.836456298828125 4.830466055555562
2.004398589970000 1958375776.650297164916992 4.835926351851858
3.610369791756000 1468520505.728960752487183 4.841082092592599
3.625798722490000 1999395673.957547903060913 4.846581944444451
3.579511930288000 2193008835.234146118164062 4.851021240740748
3.647808004126000 2148656209.010138988494873 4.855510833333340
3.619209618402000 2181836201.746181488037109 4.860005296296303
3.546446947880000 2193359432.330104351043701 4.864436666666673
3.564082999554000 2148893474.871946811676025 4.868927000000006
2.022410896478000 2138219898.438969373703003 4.873357833333340
3.555263192182000 1552933310.319532155990601 4.878507722222229
2.023133412062000 1960688315.150520801544189 4.883925944444451
2.004398589970000 1558777796.191285848617554 4.889066203703710
2.022410896478000 1492823566.310405492782593 4.893671648148155
3.542040969822000 1492562414.795690774917603 4.898276592592599
2.014972344000000 1962956823.009630203247070 4.903733888888896
3.555263192182000 1558018832.445984601974487 4.908874740740748
3.533225138086000 1952401177.911130428314209 4.914364685185192
3.610369791756000 2138004977.205236434936523 4.918792277777785
2.022410896478000 2183171673.394586563110352 4.923278833333340
2.022410896478000 1564420400.258231163024902 4.928442166666673
2.002969291676000 1492666929.231956243515015 4.933050074074080
3.576173081872000 1491371052.536312103271484 4.937653944444451
3.678656274774000 1874173994.784401893615723 4.943150277777784
2.041838641920000 2133297989.710476398468018 4.957501444444451
2.028405492960000 1481615479.920850276947021 4.963659481481487
2.008972950322000 1787215517.309751510620117 4.972999111111117
2.035122067440000 1657370955.647130966186523 4.983766296296302
3.817473492690000 1668730479.494232177734375 4.994592518518525
2.116476519570000 1852146103.693419456481934 5.002008611111117
2.122437535680000 1564651638.566554069519043 5.007180814814821
1.982805171290000 1492535368.314427852630615 5.011787888888895
2.124711406584000 1486616526.687408447265625 5.016382925925932
3.508990786210000 1418941939.852169513702393 5.020977777777784
2.029854785524000 1961302993.185309648513794 5.026450703703710
3.564082999554000 1558789863.864995718002319 5.031594018518525
3.687514445426000 1961147979.117433786392212 5.037063759259265
3.554156615158000 2227936636.887264728546143 5.041568074074080
3.624671801140000 2158675707.571415424346924 5.046071611111117
2.016412038600000 2182418546.231298923492432 5.050553703703709
3.556368534186999 1565043855.942824125289917 5.055725518518524
2.022410896478000 1962311511.130238533020020 5.061190277777783
2.022410896478000 1558683125.972006082534790 5.066334277777782
3.616959733478000 1492723830.600543260574341 5.070936592592597
3.616959733478000 1999818117.573420286178589 5.076439537037041
3.670944207112000 2193627735.061832904815674 5.080873555555559
3.682088668512001 2238417437.952216148376465 5.085347407407411
3.556368534186999 2248389645.606057643890381 5.089786388888893
3.672085514692000 2158915285.390750885009766 5.094300018518522
2.031303269030000 2227225933.781559467315674 5.098822648148152
3.634643348118000 1570856762.543715715408325 5.104011907407411
2.022410896478000 2002456658.494530916213989 5.109510870370374
2.014972344000000 1565510001.503985404968262 5.114682314814819
3.562975259844000 1492650506.675245285034180 5.119287500000004
2.020966940482000 1863155854.163005352020264 5.124766981481486
3.571797464921000 1935159061.825260639190674 5.139759055555560
3.640095936464000 2074696583.505868434906006 5.145859092592597
2.008255769520000 2170288974.728446006774902 5.155600685185190
2.135870684640000 1848927718.270340204238892 5.165183814814820
2.029129869556000 1847829618.022090911865234 5.175867000000006
2.143352411882000 1491382734.119596242904663 5.180472314814820
3.918948406436000 1492762136.390680074691772 5.185078907407413
3.710657841527000 2007080635.916619062423706 5.190603740740746
3.710657841527000 2225117196.047807216644287 5.195038222222228
2.036576158986000 2247861844.798916816711426 5.199470703703709
2.044026163296000 1568541761.028271198272705 5.204663166666673
3.609247665816000 1492775567.336234569549561 5.209267203703710
2.023133412062000 2002064902.948390722274780 5.214771148148154
3.616959733478000 1564839560.155518054962158 5.219929537037043
2.022410896478000 2002099540.200480461120605 5.225431129629635
2.008972950322000 1564458490.890340328216553 5.230602685185191
3.587226395655000 1492800000.000000000000000 5.235201851851857
2.021688918480000 1962397487.301049947738647 5.240670370370376
3.610369791756000 1551108350.536969184875488 5.245819296296302
2.002969291676000 2002220178.299191236495972 5.251321907407413
3.571797464921000 1564677658.366787195205688 5.256493037037043
2.009690665138000 2001951953.778318405151367 5.261973870370376
3.616959733478000 1565121540.726729393005371 5.267143148148154
3.533225138086000 2001211493.058834791183472 5.272633740740747
3.609247665816000 2149005909.242948055267334 5.277118240740747
2.010407311926000 2183404087.868527412414551 5.281603055555562
2.008255769520000 1565637456.718598365783691 5.286774851851858
3.645538508029000 1484743921.626718044281006 5.291400388888895
2.008972950322000 2034433845.876087188720703 5.296939222222228
3.579511930288000 1975651565.373002290725708 5.311995981481488
3.618084257123000 2077075736.440469264984131 5.318089481481488
2.021688918480000 2154388011.810687541961670 5.327854648148155
2.144118134378000 1848562501.448849916458130 5.337440796296304
3.578399395168000 1648542081.020593881607056 5.348263833333340
2.150839507840000 1961743050.567203998565674 5.353729240740748
2.028405492960000 1558369174.272290468215942 5.358872851851859
2.244137008052000 1492589925.800808429718018 5.363477574074081
2.021688918480000 1450056269.747473478317261 5.368084351851859
2.021688918480000 1492313300.991962909698486 5.372688018518526
2.031303269030000 1492800516.187129974365234 5.377294444444451
2.029129869556000 1492489806.756870985031128 5.381897166666673
2.036576158986000 1492631358.268112659454346 5.386499296296303
2.022410896478000 1492771817.022286653518677 5.391101759259266
3.670944207112000 1492651219.649506568908691 5.395706907407414
3.590469874350000 2040747669.940981864929199 5.401232518518525
3.710657841527000 2158454430.442140579223633 5.405740888888896
2.023854852474000 2227766729.977060317993164 5.410245444444451
3.562975259844000 1571397166.285291910171509 5.415432981481488
3.633513187857000 1962131258.700283527374268 5.420900555555562
3.640095936464000 2183415463.189081192016602 5.425382166666673
3.701792477760000 2193571707.704859733581543 5.429808185185192
3.564082999554000 2238204784.744246006011963 5.434298537037044
2.035122067440000 2159231608.235948562622070 5.438791037037044
2.008972950322000 1558845624.137421607971191 5.443930129629637
2.035122067440000 1491985359.359351396560669 5.448534259259266
3.642360212976000 1492911350.155825853347778 5.453139351851859
2.035122067440000 2001876519.614935636520386 5.458643000000007
3.570687327506000 1565113403.686183691024780 5.463814462962970
3.707196664613000 1961895335.023370504379272 5.469285888888896
2.029129869556000 2204267377.928542137145996 5.483654370370378
2.023133412062000 1517952760.394534349441528 5.490670611111118
2.001539195040000 1487305790.427523136138916 5.500020333333340
2.116476519570000 1854787966.318204402923584 5.510675611111117
3.848321763338000 1818336270.211350679397583 5.521310907407414
2.150839507840000 2000818554.634101867675781 5.526797407407414
3.571797464921000 1561650483.689862728118896 5.531943037037044
3.524414921534000 1962807548.524292707443237 5.537411851851859
2.023133412062000 2074451432.098353624343872 5.541852370370377
3.641227653224000 1558737862.052346229553223 5.547001129629637
3.688661402124000 2001100247.099775791168213 5.552501981481488
3.640095936464000 2237928883.575197696685791 5.556993833333340
3.656656583958000 2203909727.260734558105469 5.561485981481488
2.028405492960000 2193380594.214621067047119 5.565927574074081
2.023133412062000 1565484870.520889759063721 5.571097148148155
2.029854785524000 1491070695.929408788681030 5.575697444444451
3.694080410098000 1491688541.394488811492920 5.580304203703710
2.015691923400000 2041657215.398477315902710 5.585832888888895
3.624671801140000 1571381184.534784555435181 5.591025425925932
3.654382289772000 1997494141.794811487197876 5.596528944444451
2.035122067440000 2193568055.271281242370605 5.600962296296303
2.029129869556000 1564884390.247397422790527 5.606131666666673
2.002969291676000 1492872540.612355947494507 5.610731388888896
2.028405492960000 1492741677.859366178512573 5.615336462962969
2.028405492960000 1492188144.911647081375122 5.619930833333340
2.028405492960000 1492931783.664014577865601 5.624527592592599
2.022410896478000 1492731094.535378217697144 5.629125518518525
3.523317946046000 1492865828.951811313629150 5.633732407407414
3.611492753544000 1961839865.132480859756470 5.639202796296303
2.022410896478000 1979065819.984431982040405 5.643722981481488
3.633513187857000 1489396724.691797256469727 5.658918611111117
3.568465812299000 2121577111.657243728637695 5.665037203703710
3.571797464921000 1855868252.185176134109497 5.677533018518525
2.111263866036000 1861178634.791209936141968 5.688148407407414
2.143352411882000 1810008259.783127546310425 5.697730759259265
2.129154110160000 1492002921.611474037170410 5.702332481481488
3.848321763338000 1492384571.789172410964966 5.706939722222229
3.570687327506000 1956276249.592514991760254 5.712450037037044
2.036576158986000 2148158369.082794666290283 5.716943759259267
2.023854852474000 1558783808.270595550537109 5.722094537037044
2.027681116364000 1489140608.401738166809082 5.726696759259267
3.581738243584000 1492541992.254266023635864 5.731301444444452
3.577285616992000 1961679456.076328754425049 5.736751555555563
2.016412038600000 2138130683.880874872207642 5.741189462962971
3.578399395168000 1558539491.597455978393555 5.746331203703711
3.584995284270000 1962758871.219631671905518 5.751785796296303
3.577285616992000 2137392756.403023958206177 5.756217296296303
3.602655326389000 2138774561.234168052673340 5.760629925925933
3.625798722490000 2183423234.376224040985107 5.765121833333341
3.540939603453000 2193791401.373478889465332 5.769563111111118
2.023133412062000 2148641329.342553138732910 5.774048759259267
2.015691923400000 1559108356.257111310958862 5.779191944444452
3.687514445426000 1493017960.602549314498901 5.783794611111118
2.022410896478000 2041583192.297251701354980 5.789320296296304
2.029129869556000 1571756312.919687271118164 5.794513203703711
2.023133412062000 1492589360.084018468856812 5.799115370370377
3.616959733478000 1492965153.259635448455811 5.803715407407415
2.083625773220000 2000982033.628843307495117 5.809213333333341
3.641227653224000 1563435364.360730886459351 5.814386777777785
3.648942118591000 2124926157.929661750793457 5.829735851851860
3.555263192182000 2118270196.059993267059326 5.835643907407415
2.009690665138000 1727558034.679102420806885 5.846425296296304
3.795516960564000 1851347950.586218118667603 5.856080722222230
3.780088029830000 1726197982.236785173416138 5.866389166666674
2.132195815505000 2137792527.898267984390259 5.870824925925933
1.995535004166000 1554270387.756135225296021 5.875945555555563
2.096319600336000 1492723588.477895736694336 5.880552481481489
3.625798722490000 1452764019.452858209609985 5.885156203703711
2.024577099265000 2001141707.059921503067017 5.890653851851860
2.009690665138000 1564916322.580645084381104 5.895820518518526
2.023133412062000 1491571044.540669202804565 5.900422222222230
3.632383868802000 1492860990.663461923599243 5.905021833333341
2.029854785524000 2001764305.218497753143311 5.910508370370378
2.022410896478000 1565335199.199113130569458 5.915669314814822
3.601535598154000 1491735977.583458185195923 5.920269092592600
2.029129869556000 2002165229.657710075378418 5.925769629629637
3.579511930288000 1561715993.549542903900146 5.930937222222230
3.624671801140000 1962039771.186900138854980 5.936401814814823
2.021688918480000 2183598421.686945915222168 5.940888555555563
3.579511930288000 1564180140.770833253860474 5.946053240740748
3.571797464921000 1962823131.607357263565063 5.951508018518526
3.593823530492000 2137888524.590163946151733 5.955930518518526
2.023133412062000 2138646061.781224966049194 5.960361925925934
2.029129869556000 1558772353.477247476577759 5.965503018518526
3.704095131840000 1492721611.073109865188599 5.970105425925934
3.624671801140000 2041655748.721498489379883 5.975616796296304
3.608124286104000 2203197454.757445335388184 5.980095740740748
3.589457507040000 2086373418.179188489913940 5.984705407407415
2.029129869556000 2113685917.687281131744385 6.000110074074082
3.577285616992000 1475320483.022984504699707 6.006221277777786
2.015691923400000 1878566790.276337146759033 6.017272592592601
3.817473492690000 1633108375.762536048889160 6.027001944444453
3.587226395655000 1983051119.618607282638550 6.037256759259267
2.136633438804000 2192389351.248370647430420 6.041689203703712
2.002253977244000 1564892659.257426261901855 6.046852925925934
2.244938736308000 1492512348.212345838546753 6.051455481481489
2.009690665138000 1481809682.441974163055420 6.056058314814822
2.016412038600000 1492546195.335218191146851 6.060662555555563
2.002253977244000 1445596280.307114601135254 6.065368240740749
2.023133412062000 1482537343.672740697860718 6.069974851851859
2.014972344000000 1492605272.893979310989380 6.074579814814823
2.023133412062000 1492489237.938376426696777 6.079189629629638
2.009690665138000 1492836514.576279401779175 6.083789314814823
2.015691923400000 1491472252.860052585601807 6.088389722222230
3.748064883732000 1492390671.890965461730957 6.092993092592600
3.663232139450000 2070715271.667675733566284 6.098528518518526
2.023133412062000 2258434135.840327262878418 6.103027537037044
3.572908429254000 1571004412.042701005935669 6.108219555555563
2.008972950322000 1963110875.665575504302979 6.113690314814821
2.009690665138000 1558302767.586795330047607 6.118833851851859
3.554156615158000 1492727293.189866065979004 6.123441092592600
3.553051273153000 1962221282.147990465164185 6.128891148148155
3.550861189760000 2138757694.427280664443970 6.133326777777785
2.029129869556000 2133341772.151898860931396 6.137750777777785
2.030578622748000 1558867323.255403757095337 6.142897092592600
2.017850929500000 1492792157.524749040603638 6.147504481481489
3.562975259844000 1492101547.793348789215088 6.152108407407415
3.709504545422000 1896339703.061731815338135 6.157582796296303
2.008972950322000 1656213717.495487213134766 6.173638259259266
2.014972344000000 1477521597.342976093292236 6.179793851851858
1.996247918214000 1797504438.507282495498657 6.191396851851859
3.772373564463000 1825299648.921387195587158 6.201978000000007
3.548654068820000 2158373237.142620563507080 6.212040314814821
3.886882101648000 2137914746.543778657913208 6.216460685185192
3.616959733478000 2176498896.283741950988770 6.220940500000006
2.088108699302000 2191634492.527148246765137 6.225372592592599
2.023133412062000 1523347990.152337789535522 6.230540203703710
2.022410896478000 1491906334.779703617095947 6.235140907407414
3.571797464921000 1492149251.088557481765747 6.239742648148155
3.647808004126000 1962361286.523584365844727 6.245214759259266
2.015691923400000 2183241706.083029747009277 6.249709351851859
3.616959733478000 1565180863.251657724380493 6.254881870370378
3.586111462830000 2000130688.707460880279541 6.260380092592600
2.027681116364000 2148761234.982943534851074 6.264874981481489
3.587226395655000 1550709071.230029582977295 6.270024962962970
2.016412038600000 1962705150.117271423339844 6.275496611111119
2.021688918480000 1558025272.199501514434814 6.280645000000008
2.022410896478000 1493012770.883831977844238 6.285251833333341
3.586111462830000 1492980863.033364057540894 6.289857037037044
2.030578622748000 1962521895.657480001449585 6.295319814814822
2.023854852474000 1557929979.363324403762817 6.300461685185192
2.023133412062000 1492900834.619837760925293 6.305067907407414
2.015691923400000 1492781676.476034879684448 6.309667944444452
2.002253977244000 1492714689.447495222091675 6.314267870370378
1.987396061072000 1491562923.179047822952271 6.318870925925933
3.532126989196000 1492614582.327378273010254 6.323473148148155
3.593823530492000 1962293057.821034431457520 6.328945333333341
2.008255769520000 2056408659.742209911346436 6.333384777777785
2.014972344000000 1490021582.751415491104126 6.348522037037045
1.989526544752000 1483504521.132484436035156 6.355083814814822
3.562975259844000 1686787765.153063297271729 6.365958037037045
3.881583023574000 2106767895.244607210159302 6.375843500000007
3.803231425931000 2164163986.773931026458740 6.384832481481489
2.034395292246000 2158428866.182363986968994 6.389347055555563
3.640095936464000 1557612717.137671709060669 6.394489722222230
3.640095936464000 2003585832.669002532958984 6.400018351851859
3.588342158970000 2203233416.530869007110596 6.404507148148156
3.586111462830000 2148799479.650622367858887 6.408991314814823
3.580625294112000 2138156847.522570371627808 6.413428037037045
3.578399395168000 2138285618.754257917404175 6.417858833333342
3.586111462830000 2138213474.862394332885742 6.422279685185194
2.030578622748000 2138120775.497887611389160 6.426698351851861
2.029854785524000 1558594257.925071954727173 6.431839092592601
2.002253977244000 1481361153.147397518157959 6.436476962962971
3.616959733478000 1491292030.912448167800903 6.441080166666675
3.569575949714000 1996948258.830589771270752 6.446572962962972
3.561866282436000 2148403866.854180335998535 6.451063166666676
1.996247918214000 2138283358.521128654479980 6.455498981481490
2.008972950322000 1558363942.894813537597656 6.460639592592601
2.008972950322000 1493013352.734054565429688 6.465246777777787
3.615833953382000 1492783757.373964071273804 6.469851944444454
3.588342158970000 2001868795.699721574783325 6.475350296296305
2.016412038600000 2148423144.408395767211914 6.479825259259268
2.023133412062000 1557955643.244955778121948 6.484968740740750
3.557474699538000 1492988487.974584102630615 6.489567796296305
2.035848842634000 1962955075.879610061645508 6.495028444444453
3.692930626162000 1467855403.261537551879883 6.500211185185194
3.625798722490000 1682881904.750547170639038 6.515739611111120
2.028405492960000 2115726870.938709020614624 6.521727148148157
3.702943376160000 1488524649.009510755538940 6.531663314814824
3.800865968054000 2106886824.484513521194458 6.541622444444454
3.856033831000000 1717196544.541110277175903 6.552503777777788
3.555263192182000 2182185629.038639068603516 6.556997407407417
2.034395292246000 2142134206.489286184310913 6.561488000000010
2.016412038600000 1512616001.383155822753906 6.566629222222232
3.601535598154000 1494183532.369578838348389 6.572993222222231
3.562975259844000 1962722048.381476879119873 6.578467462962972
2.023133412062000 2138178669.295548677444458 6.582900648148157
2.024577099265000 1558447132.497165918350220 6.588046111111120
2.028405492960000 1492981653.038300275802612 6.592645722222231
2.029129869556000 1492754410.260952234268188 6.597245685185194
3.640095936464000 1492796746.135835170745850 6.601848759259268
3.586111462830000 2001142767.442095994949341 6.607334370370380
2.035848842634000 2148376201.645138740539551 6.611818962962972
3.723769295274000 1554486554.785200595855713 6.616963296296305
2.022410896478000 2041733133.584025621414185 6.622488740740749
2.021688918480000 1570762925.680017232894897 6.627676518518527
3.651211614688000 1491800094.982049942016602 6.632277777777786
2.021688918480000 2002035393.394851922988892 6.637768444444453
3.584995284270000 1565201017.939389705657959 6.642935018518528
3.570687327506000 1962337304.390349864959717 6.648388055555564
3.572908429254000 2134915807.783389568328857 6.652806296296305
2.043297532448000 2138514457.378896236419678 6.657244629629639
3.577285616992000 1558953084.874511718750000 6.662393407407416
3.587226395655000 1872275676.112923622131348 6.667887777777787
2.001539195040000 2187697246.582548141479492 6.683307000000009
3.601535598154000 1480797932.709951639175415 6.689412685185194
3.604896033952000 2147870970.867738723754883 6.697439296296305
2.016412038600000 2189298039.240276336669922 6.706299240740750
2.150839507840000 1661949602.262017011642456 6.716123314814824
3.857232683500000 1709917284.692363977432251 6.724013833333342
3.616959733478000 2001181964.714156627655029 6.729517037037046
3.870252973556000 2187813559.108912944793701 6.733935277777786
2.028405492960000 2138431795.657641649246216 6.738382425925934
2.015691923400000 1564479497.257344007492065 6.743551111111119
3.641227653224000 1486459882.079455614089966 6.748155592592601
2.029854785524000 2001966314.385596275329590 6.753654148148157
2.016412038600000 1564934132.810230731964111 6.758818018518527
2.029129869556000 1492732722.824862241744995 6.763420537037045
2.016412038600000 1491641113.241906166076660 6.768017055555563
2.002969291676000 1492976966.752987623214722 6.772622314814822
2.028405492960000 1492679156.399478197097778 6.777221648148156
3.577285616992000 1488450365.066275119781494 6.781825074074082
3.625798722490000 1962718493.540261507034302 6.787294851851859
3.571797464921000 2183243982.823978900909424 6.791784314814822
3.587226395655000 2147673779.820981025695801 6.796271740740748
3.587226395655000 2138643293.372539997100830 6.800692740740748
3.640095936464000 2138788129.790751695632935 6.805128370370377
2.022410896478000 2173588760.575557231903076 6.809626425925932
2.002253977244000 1565337134.787969112396240 6.814793388888895
2.022410896478000 1492855541.598222017288208 6.819392944444450
2.008972950322000 1492075547.694657802581787 6.823999796296302
2.023133412062000 1493049126.338674545288086 6.828599425925932
2.002969291676000 1492829038.682034969329834 6.833202481481488
2.014972344000000 1492460976.227521181106567 6.837808648148155
3.538737280602000 1390468630.973769426345825 6.842446981481488
3.594940861022000 1648067405.353284835815430 6.857926574074081
3.709504545422000 2067206266.563915491104126 6.863838018518525
3.587226395655000 1965324671.037199258804321 6.874495814814821
3.803231425931000 2133016116.195781707763672 6.883430925925932
3.618084257123000 2119086765.958244323730469 6.892324796296302
2.144882717406000 2182386463.682296752929688 6.896821888888895
1.990236001104000 1560606743.985485792160034 6.901996870370376
2.129914465726000 1492209412.719913482666016 6.906604111111117
3.641227653224000 1446847274.741684436798096 6.911217333333339
3.555263192182000 1999821158.460650444030762 6.916704500000006
3.588342158970000 2148320999.801560878753662 6.921183907407413
2.035848842634000 2138023334.446485280990601 6.925620203703709
2.017131082200000 1558545103.853295326232910 6.930766351851857
2.023133412062000 1492340337.656691551208496 6.935366685185191
3.586111462830000 1491808341.741529941558838 6.939936740740746
2.029129869556000 1962431713.409557104110718 6.945407962962968
3.556368534186999 1558313139.572159767150879 6.950549203703710
2.014252764600000 1961570427.857324361801147 6.956013555555561
2.021688918480000 1558819623.614296436309814 6.961157018518524
3.616959733478000 1488937635.705669403076172 6.965762574074080
3.587226395655000 2002017949.623946189880371 6.971265629629635
2.024577099265000 2149048116.973093509674072 6.975742759259265
3.695228910793000 1558361235.574637413024902 6.980884166666672
3.672085514692000 2041457913.900192975997925 6.986417796296302
2.029129869556000 2248365356.853778839111328 6.990856277777784
2.029854785524000 1569892453.798767805099487 6.996050944444450
2.029129869556000 1492942455.078250646591187 7.000651537037043
3.687514445426000 1492957531.193937540054321 7.005255351851858
2.022410896478000 2041380741.755750656127930 7.010769296296302
3.600414618826000 1569362773.447997808456421 7.015937351851858
3.674369405056000 2095055776.993577003479004 7.031255296296302
3.611492753544000 1906722802.892307996749878 7.038280314814821
3.572908429254000 1717227518.781255722045898 7.049959611111117
3.732640748408000 1727169894.283039808273315 7.060741370370376
2.008255769520000 2119714980.666084527969360 7.069649148148154
3.786625222041999 1558319401.728770732879639 7.074797314814821
2.022410896478000 1961903156.668686866760254 7.080266629629635
2.015691923400000 1538456070.976647853851318 7.085418037037043
2.010407311926000 1492062770.536672353744507 7.090025648148154
2.021688918480000 1492602104.364219188690186 7.094622796296302
3.548654068820000 1492374881.739823579788208 7.099222666666672
3.756944633729000 1962071114.665112495422363 7.104688018518524
2.036576158986000 2272380360.568957805633545 7.109214814814821
2.023133412062000 1578000894.692555904388428 7.114430759259265
2.008972950322000 1492607006.992500305175781 7.119030925925932
3.550861189760000 1491314438.154098510742188 7.123633314814821
3.616959733478000 1962353215.192619800567627 7.129095518518525
2.027681116364000 2178306131.039833545684814 7.133582703703710
2.002253977244000 1565037520.730427503585815 7.138752685185191
3.624671801140000 1492697850.171246528625488 7.143359425925932
2.016412038600000 2041218095.301923274993896 7.148885722222229
2.022410896478000 1571995287.431007385253906 7.154072796296303
2.015691923400000 1492742297.391849756240845 7.158678018518525
3.618084257123000 1492751674.935718774795532 7.163280185185192
3.565191564396000 2001029039.644958257675171 7.168763111111118
3.579511930288000 2149103118.956013202667236 7.173234574074081
2.022410896478000 2138586840.753317117691040 7.177668296296303
2.029854785524000 1462836991.389799833297729 7.182858092592599
3.578399395168000 1484639137.849704265594482 7.198168648148155
3.593823530492000 2074335179.912300348281860 7.204262666666673
2.029129869556000 2096636277.371844768524170 7.213961907407413
2.143352411882000 1488754280.325286149978638 7.223858611111117
1.988816031088000 1678214481.927670001983643 7.234786407407413
2.138921985270000 1491989978.888106822967529 7.239391500000006
2.148536282240000 1489495602.871102094650269 7.243996777777784
2.035848842634000 1487541864.189879894256592 7.248598518518524
1.989526544752000 1492622572.039064645767212 7.253200574074080
2.016412038600000 1458294331.869637012481689 7.257797425925932
2.003683541652000 1492084419.215590000152588 7.262400555555562
2.022410896478000 1492522152.255487680435181 7.267000037037043
3.572908429254000 1492836658.414249897003174 7.271607740740746
3.586111462830000 1962089741.236924171447754 7.277056740740746
2.016412038600000 2138731104.960613250732422 7.281492796296302
3.694080410098000 1558870113.048421621322632 7.286639722222228
3.633513187857000 2032465544.106559276580811 7.292166111111117
2.029854785524000 2198470688.779617786407471 7.296651500000006
3.592704951548000 1565218378.285419464111328 7.301820240740747
3.588342158970000 1962429097.668360233306885 7.307279759259266
2.029129869556000 2138157977.234245777130127 7.311698351851859
3.593823530492000 1557873610.951174497604370 7.316844425925932
3.586111462830000 1963341656.561824798583984 7.322311796296303
3.710657841527000 2138466184.121239423751831 7.326732796296302
3.787802495197000 2227752179.051558494567871 7.331245462962969
3.794337289704000 2293472626.920590400695801 7.335714574074080
3.731478962552000 2302527836.651591300964355 7.340153166666672
3.593823530492000 2258948070.855587005615234 7.344643259259265
2.029129869556000 2159110710.368596553802490 7.349151351851858
2.030578622748000 1558537116.441833019256592 7.354295074074080
1.989526544752000 1489722669.860189676284790 7.358903166666672
2.029854785524000 1488940800.280283451080322 7.373491574074079
3.572908429254000 1483030750.689385414123535 7.380052703703709
3.623543620660000 1705616020.098641633987427 7.390254240740746
3.908801309946000 1713769999.296780824661255 7.401051148148153
2.136633438804000 1755398619.741741657257080 7.411937462962968
3.794337289704000 1570916717.260097980499268 7.417122833333338
2.029854785524000 1962446740.480764865875244 7.422578648148153
3.581738243584000 1518937667.856719017028809 7.427729370370376
3.763489019056000 1960396115.559073448181152 7.433204203703709
3.631253287938000 2272556210.747966766357422 7.437742185185191
3.647808004126000 2213823637.296133041381836 7.442255611111117
2.022410896478000 2193353836.263217926025391 7.446691592592598
3.594940861022000 1564922780.171950101852417 7.451856740740746
3.633513187857000 1962115614.455872058868408 7.457323185185190
2.038029438795000 2183266106.974937915802002 7.461805370370375
2.036576158986000 1565209260.028355836868286 7.466977740740746
2.009690665138000 1492570701.282407045364380 7.471582796296302
3.632383868802000 1492074678.042498350143433 7.476184277777783
3.696378266982000 2001848768.844898700714111 7.481677462962968
3.633513187857000 2238208208.364918708801270 7.486172425925931
2.023854852474000 2203702853.843616008758545 7.490662796296301
2.029854785524000 1565520410.137357473373413 7.495831796296302
2.022410896478000 1491844525.641438245773315 7.500433722222228
1.996247918214000 1492844110.408724784851074 7.505038833333339
3.648942118591000 1492860800.746752023696899 7.509641481481487
3.546446947880000 2002333685.706013679504395 7.515142111111117
3.547551124520000 2148771323.049466609954834 7.519624740740746
3.510081741985000 2109488425.209366798400879 7.524051666666672
3.609247665816000 1944290439.182335138320923 7.528524203703709
3.609247665816000 1660993584.432787656784058 7.544573129629635
3.579511930288000 2106468692.979139804840088 7.552458888888894
3.564082999554000 1694606694.452888011932373 7.563242277777783
2.142587259120000 1729186835.641602516174316 7.574008722222227
2.002253977244000 1838274683.139844417572021 7.583745462962968
2.137396760916000 1490948415.939993619918823 7.588347444444449
3.857232683500000 1492792506.276958703994751 7.592949814814819
3.786625222041999 1995247203.017606258392334 7.598443500000005
2.007538588718000 2100857524.818656682968140 7.602931611111115
3.618084257123000 1556963878.340695142745972 7.608071648148153
2.001539195040000 2001470250.813915014266968 7.613566351851857
2.008972950322000 1565302660.785633563995361 7.618738870370375
2.016412038600000 1492309274.617028236389160 7.623341037037042
2.002969291676000 1491608417.458252906799316 7.627939944444449
3.670944207112000 1493087174.945656538009644 7.632540314814820
1.996959771378000 2042095368.678657054901123 7.638064296296301
3.734962591272000 1571679190.411110401153564 7.643253944444449
2.023854852474000 2080437851.703353166580200 7.648805629629635
2.001539195040000 1577831616.939193725585938 7.654018611111116
3.555263192182000 1492737784.354805707931519 7.658623740740746
2.008255769520000 1961908801.840659141540527 7.664080722222227
3.557474699538000 1558679562.760550737380981 7.669229185185190
2.015691923400000 1962918405.930664539337158 7.674694814814820
3.545344003580000 1557525294.854624748229980 7.679838592592597
3.664371049325000 1990360466.614184379577637 7.686307574074079
3.608124286104000 2227782294.660725593566895 7.690804648148153
3.548654068820000 2203751659.002330303192139 7.695294740740746
3.664371049325000 2148502871.314048290252686 7.699790037037042
3.547551124520000 2097796799.087814569473267 7.704272555555560
2.017131082200000 1630236873.299279451370239 7.720285648148153
1.996247918214000 1477432723.407764434814453 7.726348925925930
3.578399395168000 1488557202.205712318420410 7.736752888888893
3.790158356896000 1723626611.366438627243042 7.746995518518522
3.834089287399000 1888134429.818094730377197 7.757671611111115
2.129914465726000 2182177782.004316329956055 7.762150462962967
2.129154110160000 1564940026.454172849655151 7.767316629629633
3.571797464921000 1455494542.077267169952393 7.771922574074077
3.548654068820000 1961785056.814145326614380 7.777396888888892
3.609247665816000 2138284847.493045091629028 7.781810166666670
3.625798722490000 2171248212.076776027679443 7.786331240740744
3.618084257123000 2191402396.206912517547607 7.790756444444448
2.022410896478000 2193103376.593018054962158 7.795192759259264
2.024577099265000 1562996623.559098482131958 7.800359277777782
3.695228910793000 1492948700.110586166381836 7.804964370370375
2.023133412062000 2041588946.633025646209717 7.810491092592597
2.002253977244000 1566217992.190344333648682 7.815679351851856
2.023133412062000 1491768211.627617120742798 7.820284925925931
3.572908429254000 1492962927.159359931945801 7.824882481481486
3.685220958884000 1962842800.796974897384644 7.830347592592598
3.647808004126000 2227695952.973095417022705 7.834852500000006
3.516702853872000 2248491953.772898197174072 7.839278314814821
2.002253977244000 2158485034.365530967712402 7.843788648148154
2.016412038600000 1557584821.428571462631226 7.848940648148154
2.008972950322000 1492681042.907529115676880 7.853545296296302
2.023854852474000 1492665363.518017768859863 7.858140055555561
3.577285616992000 1492618204.946541309356689 7.862740351851857
3.556368534186999 1946750134.677149772644043 7.868171722222227
3.593823530492000 2017623087.517215728759766 7.872608944444449
2.036576158986000 2231988905.556133270263672 7.887571388888894
3.577285616992000 1475262694.614406108856201 7.893685092592597
3.689807931968000 1881390650.707917213439941 7.904749111111116
2.022410896478000 2210509128.385118007659912 7.913697592592597
2.137396760916000 1841814324.831436872482300 7.923409296296301
2.016412038600000 1290669594.651662826538086 7.931960240740745
2.024577099265000 1343872353.443787097930908 7.943945592592597
3.616959733478000 1422040599.640866041183472 7.949865185185189
3.625798722490000 1990451998.825906991958618 7.955354055555559
2.009690665138000 2192865369.161225795745850 7.959778500000003
3.570687327506000 1563908835.844397544860840 7.964953129629633
2.022410896478000 1951725691.678256511688232 7.970438981481484
2.020966940482000 1557948871.638780117034912 7.975580000000003
2.024577099265000 1491260073.850069046020508 7.980178907407410
2.041109468128000 1491781822.573826789855957 7.984778629629632
2.017131082200000 1492752597.949019432067871 7.989378055555559
2.022410896478000 1492267817.008627653121948 7.993975722222225
3.570687327506000 1492420532.680633068084717 7.998575796296299
3.579511930288000 1961525485.881921529769897 8.004029796296299
3.618084257123000 2138414372.246695995330811 8.008468907407410
3.591587621018000 2183367363.334115982055664 8.012963851851854
2.028405492960000 2148799806.863764762878418 8.017451185185188
2.020966940482000 1558559300.289023637771606 8.022589814814816
2.028405492960000 1492761742.293177127838135 8.027192518518520
2.011124759735000 1492939744.879481554031372 8.031794555555557
2.036576158986000 1492014302.156188726425171 8.036396296296298
3.633513187857000 1493094850.686816453933716 8.040998851851853
3.579511930288000 2002149525.348414421081543 8.046499962962963
3.685220958884000 1855218929.760668039321899 8.051010203703704
3.663232139450000 1677328512.332323789596558 8.067058814814816
3.618084257123000 2230259869.880692481994629 8.072985000000001
2.029854785524000 2129512750.030325174331665 8.081992240740743
3.857232683500000 1488790658.994372606277466 8.091923759259261
3.549757834680000 2012329464.619992494583130 8.103943259259260
3.647808004126000 1945265811.061127424240112 8.114020592592594
3.632383868802000 2162262087.362454414367676 8.118519092592594
2.036576158986000 2180710236.273269176483154 8.122938018518520
2.029854785524000 1561835786.311950206756592 8.128116907407408
2.015691923400000 1492970080.566258907318115 8.132716296296298
2.008255769520000 1491516663.577087640762329 8.137311592592594
3.625798722490000 1492425653.867333412170410 8.141918796296297
2.037302393022000 2002106823.168351411819458 8.147421833333334
2.023133412062000 1564090717.329851150512695 8.152583981481483
2.035848842634000 1492592894.283552646636963 8.157185388888889
3.580625294112000 1492526184.989926576614380 8.161790444444446
3.633513187857000 1962868081.381145000457764 8.167248074074076
2.016412038600000 2183179696.577640056610107 8.171742481481482
3.558580453216000 1564746331.852700948715210 8.176912111111111
2.015691923400000 1963216710.005499601364136 8.182367259259259
3.562975259844000 1558781373.544470548629761 8.187510481481480
3.688661402124000 1962327900.990031957626343 8.192970462962961
3.679799980059000 2227506755.371073722839355 8.197485388888888
2.037302393022000 2248425744.311157226562500 8.201919018518517
2.023133412062000 1571413057.221331357955933 8.207103888888888
2.022410896478000 1492773883.427135944366455 8.211703777777776
2.024577099265000 1314339475.926289081573486 8.216333462962961
3.571797464921000 1968946858.165034055709839 8.232390074074072
3.678656274774000 2076115053.658892393112183 8.238484814814813
2.014972344000000 2172027700.294878005981445 8.248244037037034
3.841803752766000 1822768455.221428155899048 8.257879722222219
2.008972950322000 1681127232.701255798339844 8.271944648148144
3.623543620660000 1395499779.959794282913208 8.282464611111108
3.587226395655000 1982412672.327216148376465 8.287941111111108
2.020966940482000 2144567547.729990482330322 8.292432037037035
2.042567815712000 1558540550.475908994674683 8.297570351851849
2.016412038600000 1492288186.942509889602661 8.302173074074071
3.572908429254000 1491996879.046983242034912 8.306777555555552
2.035848842634000 1961986379.091532230377197 8.312234851851848
2.008972950322000 1549353815.823083162307739 8.317382277777774
3.624671801140000 1492028328.953881025314331 8.321984296296293
3.548654068820000 2001853050.253135204315186 8.327482018518515
2.008972950322000 2148154950.106514453887939 8.331941518518514
1.994110236954000 1559397500.377749443054199 8.337088962962959
2.015691923400000 1493033098.209441184997559 8.341696462962959
3.616959733478000 1492760466.033166170120239 8.346299537037034
3.532126989196000 2002226417.509279489517212 8.351797574074071
3.557474699538000 2136023902.318697690963745 8.356302018518516
3.620334560864001 2138306389.749602317810059 8.360724611111108
2.029854785524000 2183372028.335125923156738 8.365218444444441
2.029129869556000 1565642194.232086896896362 8.370380462962959
3.615833953382000 1492575773.773878335952759 8.374988111111108
2.058207948090000 2000936964.382601499557495 8.380483240740737
3.656656583958000 1407196421.039085388183594 8.385663722222219
3.691782125467000 1684592792.887479066848755 8.401168981481478
3.624671801140000 2167948036.616102695465088 8.407098370370367
2.008972950322000 1929830251.780484914779663 8.417785222222218
3.781263780420000 1635707203.136987447738647 8.427561055555552
3.533225138086000 1606027545.119713544845581 8.439944777777773
2.000824412836000 1945333509.723508358001709 8.449603499999995
2.016412038600000 1536064016.000402927398682 8.454751518518513
3.602655326389000 1492296410.198610544204712 8.459351999999996
3.572908429254000 1999951629.891609668731689 8.464855092592588
3.565191564396000 2148114431.841616630554199 8.469344907407402
2.014252764600000 2138280987.370741844177246 8.473762925925920
2.021688918480000 1558419208.348326683044434 8.478909222222216
3.641227653224000 1491536340.983289718627930 8.483509425925920
3.626926483260000 2001352339.240302085876465 8.489014537037031
3.632383868802000 2193555950.488729476928711 8.493453481481476
3.586111462830000 2193341743.551120281219482 8.497879314814808
3.555263192182000 2148688445.899692058563232 8.502369944444437
2.029854785524000 2138392065.188351392745972 8.506806092592585
3.625798722490000 1558147093.174149990081787 8.511943425925919
2.021688918480000 2002127599.154812097549438 8.517447351851844
2.029129869556000 1565652199.455509424209595 8.522616981481473
2.002253977244000 1492777439.293952941894531 8.527224796296288
2.008972950322000 1492807736.548717498779297 8.531829203703696
2.016412038600000 1492063437.385561943054199 8.536430999999991
3.548654068820000 1493032921.147242307662964 8.541025592592584
3.711811996698000 1962209939.612829685211182 8.546481129629621
2.008255769520000 2128640717.397123575210571 8.551047018518510
3.626926483260000 1565872059.310065031051636 8.556252555555547
3.570687327506000 1671007974.859282970428467 8.571738722222214
2.030578622748000 2131648492.368780136108398 8.577708351851843
2.008972950322000 1820446846.016163349151611 8.587268277777769
2.144118134378000 1672299695.633651733398438 8.598092222222213
3.787802495197000 1559060878.949819326400757 8.609108314814806
2.022410896478000 1827040522.183396339416504 8.619945999999992
3.564082999554000 1467417180.898732662200928 8.626455166666659
3.670944207112000 1961318081.645503282546997 8.631925518518511
3.641227653224000 2226090793.986403942108154 8.636444907407400
3.641227653224000 2203569831.895342826843262 8.640935055555548
3.594940861022000 2191800575.938834667205811 8.645352962962956
2.023133412062000 2148546932.614021778106689 8.649842851851846
3.633513187857000 1558863173.347821950912476 8.654989537037030
2.023133412062000 2000635190.382383823394775 8.660479462962956
3.633513187857000 1565607659.650694131851196 8.665648444444438
2.023133412062000 2001858219.521300077438354 8.671154870370364
3.587226395655000 1564891971.226734638214111 8.676321703703698
3.680944537266000 1962745415.237811088562012 8.681786666666660
2.017131082200000 2233004570.865178108215332 8.687308759259253
3.561866282436000 1570626847.448914051055908 8.692496092592586
2.023133412062000 1962648458.352976322174072 8.697956222222215
2.008972950322000 1558045554.240858793258667 8.703089703703697
2.017131082200000 1492704491.954078435897827 8.707691759259252
2.009690665138000 1491873353.535597324371338 8.712293370370363
3.564082999554000 1492993035.858689546585083 8.716896314814807
2.009690665138000 1962333337.859766721725464 8.722351240740734
1.984220080675000 1396675853.602504014968872 8.727510203703696
3.572908429254000 1487884886.853142023086548 8.742174037037030
2.022410896478000 1824179446.002612352371216 8.749588833333327
2.016412038600000 1846562447.433697462081909 8.760003370370365
2.103038573414000 1667729188.324123144149780 8.770834185185180
2.015691923400000 1372358068.419569015502930 8.780490833333328
3.516702853872000 1344967003.168949842453003 8.791950407407402
2.008972950322000 1862815661.984481096267700 8.800692499999995
3.539839056858000 1557447754.755776643753052 8.805844129629625
2.008972950322000 1962436646.341463327407837 8.811310796296292
3.664371049325000 1556170553.526271343231201 8.816451574074069
2.002253977244000 2042407414.488844871520996 8.821972296296291
3.562975259844000 1571127565.553231477737427 8.827160333333328
3.562975259844000 1961693413.895643711090088 8.832628074074069
2.014252764600000 2138204269.247308254241943 8.837063759259255
2.009690665138000 1558727668.453430175781250 8.842211351851848
3.620334560864001 1492077878.539385557174683 8.846818240740737
3.604896033952000 2000244517.440530061721802 8.852320537037032
3.555263192182000 2193479408.778066158294678 8.856752037037033
1.995535004166000 2148921877.513643264770508 8.861241425925922
1.989526544752000 1559037765.165411472320557 8.866390203703700
1.996247918214000 1492749875.203297853469849 8.870990277777775
3.610369791756000 1492735330.093024730682373 8.875592796296294
1.996247918214000 2001996883.592416763305664 8.881095333333331
3.557474699538000 1565583337.516403675079346 8.886260185185183
3.532126989196000 1963040843.892712593078613 8.891730425925923
3.556368534186999 2119764383.058167219161987 8.896164333333330
3.516702853872000 2017597326.524482011795044 8.900602999999997
3.620334560864001 2052842844.907157421112061 8.905056962962959
2.016412038600000 1663888158.168574333190918 8.921073629629626
2.008255769520000 1596597024.118257284164429 8.927928740740738
2.022410896478000 1487060915.899188280105591 8.937270703703701
3.631253287938000 1671430698.563413381576538 8.948083370370368
2.023133412062000 1904576552.133157968521118 8.963945351851850
2.023133412062000 1430395668.029255390167236 8.973014870370369
3.612615297408000 1418769532.696171522140503 8.978166962962961
2.002253977244000 1989220655.726657152175903 8.983662703703702
2.008972950322000 1563593089.592488050460815 8.988833648148146
2.008972950322000 1492582251.361190795898438 8.993432018518517
2.008972950322000 1492572267.536704540252686 8.998029518518516
3.602655326389000 1491285018.094089269638062 9.002635074074071
3.555263192182000 2000556030.381381273269653 9.008142833333331
3.562975259844000 2148738185.882867336273193 9.012632518518515
2.015691923400000 2138274176.159394264221191 9.017064111111107
3.610369791756000 1558855671.773453235626221 9.022207351851849
3.694080410098000 2002368980.301157474517822 9.027705888888885
2.024577099265000 2237361454.083421707153320 9.032194907407403
3.615833953382000 1571822382.069250583648682 9.037390203703699
1.990946250440000 2002006439.293159484863281 9.042888851851847
1.977493910910000 1564452292.183489322662354 9.048054555555550
2.008255769520000 1492994350.327922105789185 9.052659870370364
2.003683541652000 1492924027.649732589721680 9.057259740740735
2.015691923400000 1492751566.972211122512817 9.061859907407401
3.523317946046000 1492728293.166061401367188 9.066459499999993
2.024577099265000 1962895923.180021524429321 9.071917185185178
1.989526544752000 1558205215.362345933914185 9.077060111111104
3.539839056858000 1316523719.225943088531494 9.081679351851845
3.578399395168000 2117583589.691221714019775 9.097637703703697
3.586111462830000 2159430323.087818622589111 9.105717722222215
2.002969291676000 1864715433.266436338424683 9.116319999999993
2.116476519570000 1851728470.563982725143433 9.126021833333326
3.604896033952000 1298392729.469815254211426 9.135952333333325
3.733801237628000 1895446562.287270307540894 9.147214666666658
3.714903934186000 2202984643.797949314117432 9.151706759259250
2.043297532448000 2246591484.090539455413818 9.156146814814806
3.641227653224000 1571174079.196908712387085 9.161341555555547
3.640095936464000 2000911681.946083545684814 9.166850055555546
3.656656583958000 2192799536.635775566101074 9.171294203703694
2.041838641920000 2193389981.976569175720215 9.175732870370361
2.022410896478000 1556704076.793336153030396 9.180926222222212
3.589457507040000 1492325864.106707811355591 9.185532777777768
2.016412038600000 1963179286.400736331939697 9.191005296296286
2.036576158986000 1557859458.410171747207642 9.196156796296286
2.014972344000000 1493050835.999275684356689 9.200758740740730
3.578399395168000 1492909764.336845397949219 9.205363555555545
2.029129869556000 1962788577.812383651733398 9.210833740740730
1.989526544752000 1558712714.786589860916138 9.215946481481470
2.008255769520000 1493061629.930394411087036 9.220543814814803
2.015691923400000 1491674554.710455894470215 9.225138203703692
2.009690665138000 1492977329.548885822296143 9.229737925925914
3.558580453216000 1492585937.877397060394287 9.234338148148137
3.557474699538000 1963025315.684349298477173 9.239808333333322
3.685220958884000 2137458564.091392517089844 9.244228814814804
2.016412038600000 1969162895.341304063796997 9.248945203703693
3.533225138086000 1490926821.368419647216797 9.264382314814805
1.988816031088000 2074574599.545117378234863 9.270472611111101
1.996247918214000 1674252988.508162021636963 9.281050166666656
3.538737280602000 1487795511.251574277877808 9.290401944444433
3.539839056858000 1938632228.513532638549805 9.307948518518508
3.633513187857000 2003145311.622683763504028 9.314874629629619
3.669801624328000 2155296714.768949031829834 9.319380203703693
2.017131082200000 2192928151.570317268371582 9.323825518518507
3.587226395655000 1563853978.583048820495605 9.329004870370360
2.029854785524000 1961766233.766233682632446 9.334454759259248
2.029854785524000 1558642743.892574071884155 9.339605592592582
3.579511930288000 1481544989.721577405929565 9.344208907407397
3.557474699538000 1961330927.441039562225342 9.349684148148137
3.561866282436000 2138173163.142398357391357 9.354111999999988
2.023133412062000 2138319836.687665224075317 9.358547944444433
3.564082999554000 1558999690.676411628723145 9.363696574074064
3.502367276618000 1962197231.236739158630371 9.369168999999991
3.564082999554000 2138556305.995865106582642 9.373602611111101
2.002253977244000 2138538307.576755523681641 9.378015962962953
3.618084257123000 1558580778.656226158142090 9.383162055555546
2.009690665138000 2001214790.167280197143555 9.388660703703694
2.022410896478000 1565135216.858577966690063 9.393829629629620
2.027681116364000 1492459931.407593488693237 9.398430074074064
1.995535004166000 1492591588.270072937011719 9.403034314814805
2.022410896478000 1493146064.703042030334473 9.407636537037028
2.014972344000000 1492002552.591847181320190 9.412236074074066
2.007538588718000 1318025247.645811557769775 9.416855499999992
3.749230168362000 1490808463.011880636215210 9.431647537037028
3.570687327506000 2162019183.214687347412109 9.437825777777769
3.633513187857000 1734551034.342916011810303 9.446775814814806
2.015691923400000 1769348354.341976404190063 9.457594407407399
2.135870684640000 1877222519.416439533233643 9.467224944444435
3.888090544968000 1327335025.419112682342529 9.477016351851843
2.037302393022000 1912994965.288635730743408 9.487675685185176
2.021688918480000 1521578509.395395040512085 9.493029962962954
2.008972950322000 1488545629.703963994979858 9.497643388888880
2.023133412062000 1491900495.951539039611816 9.502247333333324
2.029129869556000 1492509817.180670022964478 9.506848111111102
3.565191564396000 1491566605.002815008163452 9.511452925925918
3.564082999554000 1961961694.989918947219849 9.516917833333325
3.589457507040000 2138061554.922136783599854 9.521348685185178
3.694080410098000 2137611724.241564273834229 9.525785203703697
2.023133412062000 2227239529.932028770446777 9.530307796296290
2.022410896478000 1571598977.168168067932129 9.535500351851846
2.020966940482000 1491980426.323054313659668 9.540102148148142
3.601535598154000 1488219683.004773378372192 9.544703222222216
3.634643348118000 1997636385.050779581069946 9.550206296296290
3.610369791756000 2193220531.938849449157715 9.554647074074067
3.555263192182000 2193378578.074087619781494 9.559085759259252
2.015691923400000 2148735526.065881252288818 9.563570833333326
2.029854785524000 1548746899.994632005691528 9.568745555555548
3.634643348118000 1492816700.635560035705566 9.573352166666659
3.560791960571999 2001944654.113504648208618 9.578842888888881
3.577285616992000 2148730405.698358535766602 9.583327611111104
2.022410896478000 2138456428.311887025833130 9.587761555555549
2.035848842634000 1399360940.393247365951538 9.592902037037030
3.642360212976000 1485199751.657287120819092 9.597525277777772
2.028405492960000 1670789712.401153087615967 9.613011740740735
2.016412038600000 1513116557.206502437591553 9.620007351851847
3.678656274774000 1487812059.849563837051392 9.629355481481475
3.864947148867000 1784407237.254204511642456 9.639614129629624
3.771201086718000 1748704328.871754884719849 9.651949907407403
3.584995284270000 2090233573.614860773086548 9.661593944444439
2.037302393022000 2136359730.257581949234009 9.666116777777772
2.016412038600000 1558651734.618635654449463 9.671265203703697
2.029129869556000 1492633301.948287010192871 9.675867537037030
2.029854785524000 1489865525.298098564147949 9.680464574074067
3.625798722490000 1492591555.759522914886475 9.685064685185178
3.594940861022000 2031142737.296260833740234 9.691554462962957
3.594940861022000 2147382996.051842689514160 9.696033814814809
3.719528861556000 2138614078.768673658370972 9.700451814814809
2.023133412062000 2228149780.207556247711182 9.704946796296291
2.016412038600000 1570902701.006369113922119 9.710139648148143
3.642360212976000 1492919382.877009868621826 9.714741648148143
3.587226395655000 2000490609.870241641998291 9.720241907407402
2.029129869556000 2143910915.453769683837891 9.724734518518513
3.694080410098000 1558818422.765572547912598 9.729883944444438
3.686368342436000 2041223310.763106822967529 9.735392129629624
2.035848842634000 2248425340.953207969665527 9.739828222222217
2.035848842634000 1571167174.597283601760864 9.745017518518512
2.029854785524000 1492899946.857336282730103 9.749617296296289
2.010407311926000 1492749219.102209091186523 9.754217888888881
2.036576158986000 1492747228.114153385162354 9.758827666666660
3.626926483260000 1319874575.837121248245239 9.763455518518512
3.571797464921000 2193522606.509911537170410 9.779170018518512
3.542040969822000 2121075641.872111558914185 9.785116166666660
2.030578622748000 2092744554.894065141677856 9.793978185185178
3.555263192182000 1488253490.934326648712158 9.803878166666660
3.702943376160000 1705630950.937228202819824 9.814414555555549
2.144882717406000 2226301773.179276943206787 9.818923092592586
2.144882717406000 1569884562.129755258560181 9.824112351851845
2.016412038600000 1492545000.000000000000000 9.828712351851845
2.028405492960000 1491258155.645379066467285 9.833307555555548
3.603775888686000 1474200130.105851650238037 9.837919185185177
3.594940861022000 2001291634.552277803421021 9.843421314814806
3.587226395655000 2145245681.223536491394043 9.847908611111103
3.594940861022000 2137222360.933083534240723 9.852343925925918
3.600414618826000 2138001541.625996589660645 9.856764462962955
3.579511930288000 2137655966.101411581039429 9.861195981481474
2.036576158986000 2138569998.369067430496216 9.865624259259253
2.021688918480000 1558291848.674788951873779 9.870770888888883
2.029129869556000 1492610963.432436704635620 9.875375759259253
3.710657841527000 1491994371.717679023742676 9.879949222222216
2.029129869556000 2041422594.563063859939575 9.885473166666660
2.022410896478000 1572052988.214136600494385 9.890662999999993
2.020966940482000 1492862995.509632587432861 9.895265444444437
2.023133412062000 1492578800.529805660247803 9.899865314814807
3.633513187857000 1479548803.435298681259155 9.904471092592585
2.016412038600000 1999808273.980906248092651 9.909970259259252
3.525510672719000 1565185344.827586174011230 9.915142999999993
3.532126989196000 1950077703.068347930908203 9.920618259259253
2.022410896478000 2137943579.278390169143677 9.925046629629623
2.022410896478000 1558972100.709633350372314 9.930190129629624
2.022410896478000 1491788777.497063159942627 9.934793314814810
3.570687327506000 1489922762.234670877456665 9.939401499999995
2.014972344000000 1632375360.792666912078857 9.954876685185180
3.542040969822000 1479575483.337688922882080 9.960970499999995
3.562975259844000 2149565133.083742141723633 9.969107259259253
3.515608278768000 1864988561.297248840332031 9.979698333333328
2.129914465726000 2132745017.518743038177490 9.988545999999994
3.556368534186999 1682578149.958855628967285 9.995432333333328
2.129914465726000 1961650767.001990318298340 10.000903370370365
2.150071384960000 1554239739.493291616439819 10.006055722222216
1.989526544752000 1491944420.981501817703247 10.010659777777771
2.015691923400000 1476094693.057369709014893 10.015267648148141
2.008972950322000 1491632412.324316501617432 10.019867407407400
3.679799980059000 1491842723.731341361999512 10.024473833333326
2.020966940482000 2041118277.404020547866821 10.029990055555549
2.002253977244000 1571626834.411471843719482 10.035180185185180
1.982805171290000 1492823597.580849647521973 10.039782351851846
3.549757834680000 1491653948.193526506423950 10.044389240740735
3.618084257123000 1963159822.697435379028320 10.049862203703698
2.014972344000000 2182985386.273106575012207 10.054339222222216
3.618084257123000 1565553179.153514146804810 10.059513555555549
3.555263192182000 2001480125.185085535049438 10.065016518518512
2.002253977244000 2148845953.454629421234131 10.069509148148141
3.610369791756000 1558475115.222295284271240 10.074656203703697
2.007538588718000 2001137574.681091547012329 10.080161092592585
3.616959733478000 1565362967.102647066116333 10.085330370370363
1.987396061072000 2000797144.260596275329590 10.090834555555547
2.021688918480000 1564477465.771811962127686 10.096008166666659
2.011124759735000 1492834343.239263057708740 10.100610722222214
3.557474699538000 1492968281.031348943710327 10.105215981481473
3.678656274774000 1959292169.673990249633789 10.110686166666659
3.616959733478000 2134081314.093081474304199 10.115130296296288
2.035122067440000 2148920442.446928501129150 10.129427888888880
2.035122067440000 1692153240.044373750686646 10.136088462962954
2.009690665138000 1657601100.384239435195923 10.146845648148139
2.129154110160000 1672219186.100243330001831 10.157665981481472
2.022410896478000 1648626216.170831203460693 10.168473277777768
2.150839507840000 1492438569.556864976882935 10.173081018518507
2.129914465726000 1493007782.712152481079102 10.177680481481470
2.150839507840000 1492561251.967267990112305 10.182281240740730
2.014972344000000 1487518235.329569816589355 10.186890222222212
3.618084257123000 1475151959.837806463241577 10.191493777777767
3.663232139450000 2000181719.062329530715942 10.196996777777766
2.008972950322000 2237768546.656578540802002 10.201475722222211
2.016412038600000 1571630041.387184143066406 10.206666092592581
2.010407311926000 1492639905.634551286697388 10.211266018518506
2.008972950322000 1491347736.824307918548584 10.215866240740729
3.625798722490000 1491487675.461868762969971 10.220473129629617
3.534324104964000 2001930768.739345550537109 10.225980703703691
2.009690665138000 2148744958.716561317443848 10.230468648148134
3.664371049325000 1558944939.405279397964478 10.235615166666653
3.555263192182000 2037086886.289755105972290 10.241140907407393
3.548654068820000 2159159175.313699245452881 10.245643629629615
2.008972950322000 2138568706.277633428573608 10.250074999999987
2.014252764600000 1558469386.431910991668701 10.255216148148135
2.007538588718000 1492794431.196239233016968 10.259821166666653
1.982097058010000 1492019402.714932203292847 10.264425333333319
1.990946250440000 1492842419.265235185623169 10.269025444444431
2.016412038600000 1491926749.398842334747314 10.273623055555541
3.604896033952000 1492797999.927533626556396 10.278222888888875
3.610369791756000 2001975579.523177385330200 10.283720703703690
2.020966940482000 2057660842.523323535919189 10.288168981481467
2.001539195040000 2019309266.052239656448364 10.303909833333320
2.008255769520000 1480340508.993763685226440 10.310481259259246
3.616959733478000 1826260769.022522449493408 10.321083944444432
2.111263866036000 1725459453.686826705932617 10.331314814814801
3.918948406436000 1464145156.585125207901001 10.341408129629617
3.826374822032000 2041175864.749320030212402 10.346935314814802
3.571797464921000 2203359047.999703407287598 10.351429555555542
3.524414921534000 2139002472.717681646347046 10.355923037037025
3.564082999554000 2107669598.965071201324463 10.360360629629618
3.694080410098000 2127469349.379465818405151 10.364792296296285
2.036576158986000 2227605778.322247505187988 10.369296999999989
2.014252764600000 1571182164.541699171066284 10.374488074074064
2.017850929500000 1492541396.172499179840088 10.379089277777767
2.022410896478000 1492691023.720952749252319 10.383689055555545
2.017850929500000 1491855558.776634216308594 10.388288388888878
2.016412038600000 1493044974.183274507522583 10.392893499999989
2.021688918480000 1492652808.459783315658569 10.397495666666655
3.701792477760000 1492553348.227764129638672 10.402095944444433
3.578399395168000 2036698193.564384698867798 10.407622481481470
2.015691923400000 2158122843.294841289520264 10.412127166666655
3.631253287938000 1558811023.253300666809082 10.417267814814803
2.008972950322000 2002469735.973152637481689 10.422763888888877
3.764659099096000 1565250523.692380428314209 10.427935499999988
2.002253977244000 2071909357.238146781921387 10.433529703703691
3.576173081872000 1575634985.199224710464478 10.438747148148135
3.562975259844000 1962097140.860692977905273 10.444206574074061
3.570687327506000 2138509301.878753900527954 10.448640166666653
2.020966940482000 2138387466.028780221939087 10.453076111111098
3.702943376160000 1470520243.424030542373657 10.458230962962951
2.023854852474000 2093079501.230110645294189 10.474090722222209
2.021688918480000 1479675879.896599769592285 10.480237277777766
3.584995284270000 1778903021.962946176528931 10.489011314814803
2.023133412062000 1705480026.173728227615356 10.499199648148137
2.129914465726000 1488291783.106505632400513 10.509093222222210
2.129154110160000 1474359490.817174673080444 10.515598925925914
2.008972950322000 1489523815.264433145523071 10.520207314814803
3.787802495197000 1492434433.250889778137207 10.524812037037025
2.022410896478000 1944138395.060893535614014 10.530289111111099
3.593823530492000 1550128068.303094863891602 10.535442611111099
2.037302393022000 1961689759.599207401275635 10.540891074074063
3.579511930288000 1558553351.580567836761475 10.546039833333323
3.641227653224000 1963183553.796514749526978 10.551509518518507
3.672085514692000 2182124695.455014228820801 10.556001648148136
3.581738243584000 2193582356.179007053375244 10.560442611111100
3.602655326389000 2148768244.347926616668701 10.564928018518508
2.049286788790000 2138395170.087645769119263 10.569358740740730
2.022410896478000 1558895683.258993625640869 10.574502796296287
3.586111462830000 1492374256.589661598205566 10.579108074074064
2.035848842634000 1961253155.993343114852905 10.584582666666657
2.035848842634000 1558771405.414167642593384 10.589723499999991
2.029854785524000 1492724382.094305276870728 10.594329111111103
3.624671801140000 1492523550.097773313522339 10.598931592592583
2.029129869556000 2000919852.532700300216675 10.604431870370361
3.570687327506000 1552117649.585960149765015 10.609604481481473
3.633513187857000 1961389134.743300914764404 10.615061222222213
2.030578622748000 2183323934.272416591644287 10.619561277777768
3.587226395655000 1564797467.855594635009766 10.624730370370360
3.686368342436000 1961225036.774029970169067 10.630206759259249
3.618084257123000 2176158542.592536926269531 10.637011333333323
3.571797464921000 1664953717.222987413406372 10.653093629629620
3.549757834680000 2147577581.025904655456543 10.659071370370361
2.016412038600000 2093131030.577576398849487 10.667901370370361
3.578399395168000 1482579698.063411712646484 10.677809018518509
3.942091802537000 1728498148.168144226074219 10.688099129629620
2.029854785524000 2232175809.432449817657471 10.693620259259250
3.803231425931000 1571512026.805446624755859 10.698815444444435
2.029129869556000 1939109078.237805366516113 10.704289259259250
3.709504545422000 1558542857.142857074737549 10.709442037037027
3.565191564396000 2033987869.041701078414917 10.714992574074063
2.023133412062000 2158517064.125337600708008 10.719506592592582
2.008255769520000 1557980296.240796566009521 10.724647555555546
2.008972950322000 1492753500.904886245727539 10.729252185185175
2.023133412062000 1492184516.720847129821777 10.733854999999989
2.016412038600000 1492546455.775066852569580 10.738462129629619
2.029854785524000 1492697449.084467649459839 10.743056703703694
3.616959733478000 1492863752.447090387344360 10.747653999999990
3.570687327506000 1995450776.993072032928467 10.753163129629620
3.570687327506000 2138318433.023797750473022 10.757596296296287
2.022410896478000 2138156461.758309125900269 10.762015314814805
2.015691923400000 1559273779.322703599929810 10.767161592592583
2.023133412062000 1493159701.426544427871704 10.771768685185176
3.625798722490000 1491998979.632828474044800 10.776378499999991
3.619209618402000 2002136597.808055162429810 10.781881814814806
3.687514445426000 2193276403.874602317810059 10.786313333333325
2.023133412062000 2238120563.635614395141602 10.790807962962955
3.670944207112000 1571293728.945322751998901 10.795953296296288
2.036576158986000 2041887817.915106296539307 10.801482666666658
3.548654068820000 1567629189.212310552597046 10.806677888888879
2.035848842634000 1655961988.542390823364258 10.822129370370360
2.021688918480000 1510489161.123606204986572 10.829095037037026
1.994822620560000 1883211895.331066846847534 10.839782703703694
2.144118134378000 1487054385.019960880279541 10.849134407407398
3.857232683500000 1474853229.139478206634521 10.858570759259250
3.794337289704000 2000417858.769931554794312 10.864058259259249
3.587226395655000 2143265073.957052707672119 10.868547851851842
3.579511930288000 2115012841.372750520706177 10.872986629629620
2.022410896478000 2181379871.417710781097412 10.877468555555547
3.638962955216000 1564877400.369452714920044 10.882641370370361
3.638962955216000 2001048299.164052724838257 10.888144111111103
3.648942118591000 2193260127.058430194854736 10.892574851851844
2.015691923400000 2193033463.490008354187012 10.897009203703696
2.022410896478000 1565530517.171615839004517 10.902180851851844
2.022410896478000 1492336749.998994827270508 10.906786092592585
2.029129869556000 1492486980.455593585968018 10.911388148148140
3.696378266982000 1491831449.326503038406372 10.915953870370362
2.015691923400000 2042378177.866620063781738 10.921475277777770
2.023854852474000 1571669858.455744743347168 10.926667999999992
1.994822620560000 1492897775.918117761611938 10.931270814814807
2.008972950322000 1492821970.946843147277832 10.935872851851844
3.593823530492000 1479086857.267094373703003 10.940472351851843
3.695228910793000 2001757418.799336910247803 10.945978259259251
2.029129869556000 2238083621.365229606628418 10.950468074074065
3.702943376160000 1570317600.797162771224976 10.955653129629621
3.702943376160000 2040631017.475247144699097 10.961183703703695
2.021688918480000 2248353921.654763698577881 10.965609981481473
3.710657841527000 1571929352.882671833038330 10.970804814814805
2.008255769520000 1967943655.280853986740112 10.976340185185176
2.021688918480000 1490207031.411914587020874 10.991530222222213
2.002253977244000 1482692754.424778699874878 10.998092592592583
3.523317946046000 1656545800.817539930343628 11.008856592592583
3.803231425931000 1920817516.015690326690674 11.018907499999990
3.616959733478000 2119261684.458287715911865 11.027813759259249
2.148536282240000 2181448824.736152648925781 11.032309203703694
3.562975259844000 1565177345.033887863159180 11.037481481481471
3.669801624328000 1927219119.866281509399414 11.042954555555545
3.647808004126000 2207370048.973279476165771 11.047480833333323
2.037302393022000 2201306097.778072357177734 11.051953925925915
2.029129869556000 1565375118.491041183471680 11.057130907407396
2.008972950322000 1492830086.858613491058350 11.061736092592582
2.008255769520000 1492605762.270160675048828 11.066340759259250
3.643492351232000 1492687421.585973978042603 11.070945944444436
3.593823530492000 1999193072.885352134704590 11.076428425925917
2.035122067440000 2136094202.689741373062134 11.080926999999990
2.022410896478000 1558880888.556706190109253 11.086080592592582
1.995535004166000 1492806832.045547008514404 11.090679833333322
3.578399395168000 1492385897.709303140640259 11.095282185185173
3.539839056858000 1961957424.345478057861328 11.100754796296284
3.570687327506000 2138542187.872476577758789 11.105182740740728
2.036576158986000 2138579596.666582584381104 11.109595962962951
2.009690665138000 1558447716.754587650299072 11.114745796296285
2.023133412062000 1492829755.656108617782593 11.119349962962952
2.036576158986000 1492779944.895591735839844 11.123947296296285
2.009690665138000 1491657808.111131668090820 11.128549111111100
3.666650141600000 1484540323.455986261367798 11.133155611111100
3.555263192182000 2041527407.959847927093506 11.138667999999988
2.008255769520000 2148329781.807411193847656 11.143169629629618
3.569575949714000 1554354035.661986351013184 11.148329185185174
2.029129869556000 2176219491.963877201080322 11.163756055555545
3.625798722490000 1476179066.498642921447754 11.169869240740731
3.707196664613000 1914185816.138343811035156 11.180954870370361
2.144882717406000 2153887185.977138042449951 11.189968722222213
3.565191564396000 1477147537.659541606903076 11.200014870370362
3.864947148867000 1962106207.092659473419189 11.205485314814807
2.000824412836000 2176589499.574931621551514 11.209972611111104
3.696378266982000 1561872661.909105539321899 11.215149555555548
2.022410896478000 2030013231.828892469406128 11.220666555555548
3.632383868802000 1571402674.877321243286133 11.225863055555548
3.700640293440000 2001721286.370597124099731 11.231353092592585
3.578399395168000 2238150195.735121726989746 11.235837611111103
2.022410896478000 2158155624.722098827362061 11.240335611111103
2.015691923400000 1558660356.503800153732300 11.245479185185177
2.021688918480000 1492750532.569113492965698 11.250086481481473
2.016412038600000 1492618461.575623035430908 11.254686425925918
3.555263192182000 1492458263.165721654891968 11.259293999999992
3.720684985792000 1961870634.104628801345825 11.264751388888881
2.022410896478000 2228033124.121165275573730 11.269268629629622
2.029129869556000 1571492496.267777204513550 11.274453703703696
2.008972950322000 1492765212.710833072662354 11.279063944444436
3.564082999554000 1492416331.391419172286987 11.283666759259251
3.549757834680000 1962724095.895977258682251 11.289135648148140
2.029129869556000 2138612322.805376291275024 11.293569462962955
2.017131082200000 1558832426.127527236938477 11.298713462962954
3.634643348118000 1492739633.197882652282715 11.303320851851844
3.625798722490000 2001522544.955313920974731 11.308824259259252
3.763489019056000 2193780425.347040653228760 11.313257240740734
2.008972950322000 2191382528.802683353424072 11.317701592592586
2.021688918480000 2010654091.032490253448486 11.332776796296290
3.554156615158000 1483368730.683270215988159 11.339355722222216
2.016412038600000 1920729829.277433872222900 11.349386074074067
3.749230168362000 1649882197.976143360137939 11.359213296296289
3.643492351232000 2092829226.578830480575562 11.369153259259253
2.150071384960000 2182336084.614243984222412 11.373649481481475
3.572908429254000 1565140039.956176996231079 11.378821814814808
1.988106046080000 1956660690.849558353424072 11.384296555555549
3.558580453216000 1546654371.756424188613892 11.389452759259253
2.014252764600000 1961969875.141730070114136 11.394907833333328
3.640095936464000 1557766104.219969511032104 11.400053999999994
2.023854852474000 2001936171.791723489761353 11.405543851851846
2.023854852474000 1564762664.813614130020142 11.410713833333327
3.616959733478000 1492656252.140040159225464 11.415310925925919
3.643492351232000 2000911689.884918212890625 11.420814259259252
3.571797464921000 2193520838.897048950195312 11.425252185185178
2.022410896478000 2148870739.040596008300781 11.429742240740733
3.741515702995000 1558838766.779761075973511 11.434889259259252
2.022410896478000 2073460231.868428230285645 11.440452759259252
2.023133412062000 1576634415.861284732818604 11.445664611111104
3.570687327506000 1465130499.297542095184326 11.450357129629623
2.023133412062000 1944030345.808155298233032 11.455827407407401
3.579511930288000 1558120114.977677106857300 11.460974944444438
2.031303269030000 1962687552.078040599822998 11.466442166666660
3.615833953382000 1558897402.386995792388916 11.471585777777770
2.022410896478000 2000999413.865121364593506 11.477083185185178
2.016412038600000 1565273660.568763494491577 11.482252944444436
3.619209618402000 1491391823.901896476745605 11.486864851851843
3.700640293440000 1998346684.640660524368286 11.492359759259250
2.008972950322000 2203981974.733062267303467 11.506675055555545
3.578399395168000 1610630693.205884456634521 11.513521666666657
2.008255769520000 1738018339.241516113281250 11.523734537037027
2.137396760916000 1851395768.395020961761475 11.533424407407399
2.023133412062000 1476723360.023579120635986 11.542848944444435
3.788980645277999 1492103010.404847621917725 11.547451499999990
3.516702853872000 1962107877.389919281005859 11.552926851851842
3.790158356896000 2133023431.437178134918213 11.557365333333323
3.701792477760000 2172564749.353368282318115 11.561875888888878
3.602655326389000 2247314590.539695739746094 11.566319407407397
3.556368534186999 2158875096.840836524963379 11.570837129629618
2.029129869556000 2138132591.101571083068848 11.575271537037025
2.029129869556000 1558154296.537420034408569 11.580414351851839
3.594940861022000 1492933724.340176105499268 11.585024166666654
2.035122067440000 1963170516.619536876678467 11.590492407407396
2.035848842634000 1558864676.005305528640747 11.595644240740729
3.577285616992000 1491245186.043144702911377 11.600248907407396
2.015691923400000 1962743994.964501142501831 11.605721166666655
3.570687327506000 1559213032.996293783187866 11.610867648148137
3.584995284270000 1961906528.189911127090454 11.616334537037025
2.021688918480000 2138533627.508744001388550 11.620766259259247
3.656656583958000 1558885071.418540954589844 11.625909388888877
2.016412038600000 2041817448.178707838058472 11.631430499999988
2.028405492960000 1569610283.733470439910889 11.636623166666654
3.562975259844000 1493011899.774411678314209 11.641220203703691
3.624671801140000 1962774494.841584682464600 11.646680537037025
3.570687327506000 2183302841.856158256530762 11.651180074074061
2.023854852474000 2148806617.204070568084717 11.655667814814802
2.003683541652000 1557274974.497493028640747 11.660823444444432
2.021688918480000 1491134763.927778244018555 11.665426555555543
3.587226395655000 1933481777.496936082839966 11.681427833333320
3.624671801140000 2024158624.865733146667480 11.687513703703690
2.023133412062000 1841320074.052304506301880 11.697406611111097
3.578399395168000 1848800835.471604585647583 11.706990907407393
2.142587259120000 1739546048.763491868972778 11.717195870370356
3.557474699538000 1681629612.939567089080811 11.724099759259245
3.864947148867000 1962491947.321072340011597 11.729575277777764
2.023133412062000 2182626654.033121585845947 11.734070462962949
2.002969291676000 1559694192.799902677536011 11.739242203703689
2.009690665138000 1440687155.627286672592163 11.743843296296282
2.021688918480000 1490759090.616553068161011 11.748447148148134
2.007538588718000 1492797046.367683649063110 11.753051648148134
3.564082999554000 1490829278.509973287582397 11.757649129629614
3.663232139450000 1962366156.846017837524414 11.763119462962948
2.021688918480000 2227760631.475086688995361 11.767623907407392
2.008255769520000 1570118426.920593261718750 11.772814481481467
2.007538588718000 1492949310.756539583206177 11.777420981481466
3.625798722490000 1492914963.728318452835083 11.782023592592576
3.580625294112000 1972729550.945148468017578 11.787527333333317
2.017131082200000 2146710759.141248464584351 11.792017055555540
3.540939603453000 1558711580.218863725662231 11.797168240740726
3.687514445426000 1962494655.648505687713623 11.802620518518504
2.021688918480000 2227788843.606724739074707 11.807128148148134
2.016412038600000 1570527038.461126565933228 11.812315203703690
3.564082999554000 1493128807.994978904724121 11.816918092592578
3.625798722490000 1953938602.154535770416260 11.822396629629615
3.526607240106000 2182773372.539813995361328 11.826893240740727
3.570687327506000 2148574822.658366680145264 11.831370370370356
3.623543620660000 2138545103.831493139266968 11.835796166666652
3.668660316748000 2182486612.992278575897217 11.840290574074059
2.029129869556000 2023622583.571777582168579 11.844801555555540
3.619209618402000 1934315208.325353145599365 11.859788351851837
2.009690665138000 2070500695.788142442703247 11.865923148148132
2.023133412062000 1484959162.014388561248779 11.873967129629614
1.996247918214000 1487445987.626807451248169 11.883315296296281
3.780088029830000 1686970282.016727209091187 11.894184759259245
2.150839507840000 1854735385.192127466201782 11.901594481481467
2.023133412062000 1564794003.355367898941040 11.906760333333319
2.237418034974000 1492370498.612176656723022 11.911370537037023
2.023133412062000 1470564453.203555345535278 11.915974796296283
2.014252764600000 1491810156.746878385543823 11.920575277777765
3.670944207112000 1492748191.010014295578003 11.925174222222209
3.633513187857000 2041616379.440285205841064 11.930702833333321
3.694080410098000 2203724743.293848514556885 11.935188074074061
2.015691923400000 2237974186.895456314086914 11.939677611111097
3.696378266982000 1570703752.945076227188110 11.944873037037024
2.022410896478000 2041504588.633070468902588 11.950393925925912
3.584995284270000 1571394615.768107652664185 11.955594296296283
3.641227653224000 1961676207.695120573043823 11.961063851851838
3.580625294112000 2166291570.264352798461914 11.965538092592579
3.569575949714000 2148834505.906960010528564 11.970018055555542
2.015691923400000 2138556441.979165792465210 11.974451648148134
3.586111462830000 1559125397.835773468017578 11.979601037037023
2.016412038600000 1962679382.053842067718506 11.985073166666652
2.029854785524000 1558665017.018747568130493 11.990214555555541
2.008255769520000 1492746189.833124399185181 11.994822111111096
3.632383868802000 1492810080.509087324142456 11.999431666666652
3.562975259844000 2000365869.333342075347900 12.004935351851838
3.586111462830000 2148874037.367457389831543 12.009427277777764
2.016412038600000 2138007956.352767705917358 12.013863518518505
2.009690665138000 1556768452.321015119552612 12.019012925925912
2.008972950322000 1489218274.459626197814941 12.033601592592579
3.679799980059000 1482728030.217612028121948 12.040171222222208
3.647808004126000 2117593689.842153310775757 12.050146907407393
3.894594169309999 1962720372.182439804077148 12.060858499999986
3.886882101648000 2198254432.470282077789307 12.069929814814801
2.149303833600000 2247693898.647015094757080 12.074372666666653
2.023854852474000 1571596261.042300462722778 12.079565240740727
2.136633438804000 1486485568.869732141494751 12.084175259259245
3.554156615158000 1449574701.931420087814331 12.088785185185172
2.035848842634000 1962570219.369879245758057 12.094250333333321
3.557474699538000 1558441511.076262474060059 12.099398981481469
2.029129869556000 1961705460.193070888519287 12.104871925925913
2.003683541652000 1559015642.365669488906860 12.110020574074062
3.565191564396000 1492437482.659203529357910 12.114625962962950
2.014972344000000 1962090849.429992198944092 12.120100222222209
2.017131082200000 1559262200.522802591323853 12.125243444444431
2.011124759735000 1491308632.633100032806396 12.129844203703691
2.008255769520000 1492467327.306071043014526 12.134448796296283
3.618084257123000 1492737054.309730768203735 12.139050999999986
3.672085514692000 1997228631.134053230285645 12.144554203703690
3.493566650886000 2238187701.864891529083252 12.149043592592578
3.554156615158000 2146626840.275208950042725 12.153549259259245
3.570687327506000 2133507335.674609899520874 12.157973351851838
2.008972950322000 2138063184.114949941635132 12.162404259259246
3.619209618402000 1558542342.627646923065186 12.167550111111098
2.015691923400000 2001038379.444777488708496 12.173050740740727
3.640095936464000 1565276558.359361410140991 12.178214944444431
2.003683541652000 2001340305.793466329574585 12.183700370370357
3.579511930288000 1464548320.664481878280640 12.189113666666653
3.696378266982000 1655097089.509018659591675 12.204557796296283
3.616959733478000 2292788715.752160072326660 12.210576018518505
3.542040969822000 2251256496.408354759216309 12.219526833333321
3.579511930288000 2147713686.267986297607422 12.228432759259247
2.034395292246000 2161238231.493637561798096 12.237389888888877
2.122437535680000 1564459174.545011997222900 12.242565037037025
2.130675387454000 1492625368.684084653854370 12.247167240740728
2.117232640530000 1491828193.921165704727173 12.251772777777765
3.616959733478000 1484772142.279903888702393 12.256378722222209
2.015691923400000 1966219769.138201236724854 12.261887870370357
2.022410896478000 1564296672.718873262405396 12.267058925925912
3.733801237628000 1492634963.673374176025391 12.271662222222208
3.593823530492000 2080933662.622857809066772 12.277211018518503
3.571797464921000 2169110295.558458328247070 12.281747314814799
3.635773087776000 2138028499.230202674865723 12.286173685185169
2.023133412062000 2182169375.583936691284180 12.290672999999984
3.587226395655000 1564477913.417585372924805 12.295838277777762
3.564082999554000 1961789024.779470205307007 12.301292314814798
2.023133412062000 2138396339.779583215713501 12.305718277777761
2.036576158986000 1559127474.005632400512695 12.310867185185169
3.746898297108000 1492731162.730841159820557 12.315471925925909
2.022410896478000 2080747279.129321336746216 12.321025703703686
3.626926483260000 1578118029.432763814926147 12.326239092592575
3.625798722490000 2002142061.975016117095947 12.331741907407389
2.031303269030000 2192824276.853031635284424 12.336175333333316
2.023133412062000 1565497822.931785106658936 12.341342833333316
3.686368342436000 1492838226.003114700317383 12.345944703703687
2.008255769520000 2042052679.199758768081665 12.351470814814798
3.632383868802000 1570791569.086651086807251 12.356665981481465
3.663232139450000 1910731867.452471971511841 12.362177351851836
2.029854785524000 2225966371.960248947143555 12.376870777777761
3.618084257123000 1515146557.387471437454224 12.383861592592575
3.571797464921000 1725367949.088805437088013 12.394104555555538
2.151606487680000 1729366276.360297203063965 12.404873240740724
3.857232683500000 1867541726.337221860885620 12.414623277777761
1.988816031088000 1999811482.722054958343506 12.420124296296279
2.137396760916000 1565309093.775416135787964 12.425292870370354
3.643492351232000 1431982190.839970588684082 12.429903481481466
2.023133412062000 2001084488.551057577133179 12.435404555555539
2.022410896478000 1560159410.750441789627075 12.440581259259243
2.035122067440000 1492664219.932708024978638 12.445188055555539
2.035848842634000 1492634898.501194953918457 12.449783074074057
2.023854852474000 1492674887.973621129989624 12.454382685185168
3.638962955216000 1492653818.902075767517090 12.458982611111093
2.029854785524000 2001222392.271753311157227 12.464488148148130
3.631253287938000 1565825866.925309658050537 12.469662351851833
3.632383868802000 2001568189.012439489364624 12.475161499999981
2.035848842634000 2187927250.010411739349365 12.479607981481463
2.014972344000000 1564869537.192213296890259 12.484779314814796
3.618084257123000 1492896653.083576202392578 12.489378351851833
3.701792477760000 2002039716.292966365814209 12.494882203703686
3.633513187857000 2238048033.242367744445801 12.499374462962944
2.029854785524000 2202408344.352855205535889 12.503869851851833
3.647808004126000 1565240456.236692428588867 12.509036111111092
3.692930626162000 2001933996.152242183685303 12.514541962962944
3.670944207112000 2238247961.494203090667725 12.519031907407388
3.756944633729000 2248480305.274520874023438 12.523457796296277
3.571797464921000 2293056131.991725921630859 12.527942925925908
2.028405492960000 2165560807.973747253417969 12.532485611111094
2.007538588718000 1935384082.557236433029175 12.547462425925909
3.695228910793000 1484458737.370577573776245 12.556934722222206
3.694080410098000 1744628303.153699636459351 12.567194277777761
3.848321763338000 1767108870.121740102767944 12.578050740740723
3.648942118591000 2158854592.908674716949463 12.584308777777760
3.863745898662000 2192920605.127820491790771 12.588748611111093
2.017850929500000 2187288533.462309837341309 12.593190037037019
3.602655326389000 1564334717.459317445755005 12.598363333333316
2.016412038600000 1976722166.364587068557739 12.603870425925908
3.704095131840000 1563821838.339564085006714 12.609041759259242
3.587226395655000 2041170798.555714368820190 12.614555185185168
3.578399395168000 2158843775.133360862731934 12.619068148148131
2.008972950322000 2138352255.080401420593262 12.623504222222204
2.023133412062000 1555570042.567903518676758 12.628646333333315
2.023854852474000 1492788298.548788309097290 12.633247851851833
3.570687327506000 1492864902.669308662414551 12.637855092592574
2.008972950322000 1962886767.884140014648438 12.643330407407388
3.669801624328000 1558509753.851908445358276 12.648479370370351
2.023854852474000 2041977738.793781518936157 12.653989703703685
3.687514445426000 1571477919.851418018341064 12.659174518518499
2.017131082200000 2040942096.250448226928711 12.664700611111092
2.015691923400000 1571784117.831758737564087 12.669890685185166
3.656656583958000 1492678606.060362339019775 12.674493148148128
2.014972344000000 2038991354.779262542724609 12.679959666666647
3.670944207112000 1571801517.742624998092651 12.685157444444425
3.555263192182000 2042556416.044219017028809 12.690678759259239
3.564082999554000 2159328538.096255302429199 12.695186833333313
3.570687327506000 2137822404.772049188613892 12.700619703703683
2.014972344000000 2002770450.657443046569824 12.705068759259239
2.014972344000000 1935866878.752243518829346 12.720028944444424
3.619209618402000 1643357215.677852153778076 12.726840629629610
2.015691923400000 1736166505.219220399856567 12.738100648148128
2.105291136445000 1848983031.486491203308105 12.747697944444425
3.532126989196000 1465716138.176621437072754 12.757183388888869
3.971714845930000 1961599198.818596839904785 12.762638296296277
2.089600627258000 2272166684.382230758666992 12.767168037037019
2.022410896478000 1532920046.720179557800293 12.772384277777759
3.640095936464000 1492119173.737341165542603 12.776985092592573
2.029854785524000 2001137377.477012872695923 12.782477259259240
3.586111462830000 1565117781.008098840713501 12.787649444444424
2.038029438795000 1961793165.090091466903687 12.793119185185166
3.686368342436000 1558914882.592957735061646 12.798265888888869
3.579511930288000 2041778924.166393041610718 12.803794074074053
2.016412038600000 2157852938.276473999023438 12.808301629629609
3.758113185846000 1559181466.653225183486938 12.813445111111090
3.587226395655000 2081218151.289735794067383 12.818981703703683
2.008972950322000 2169651976.671475410461426 12.823512796296276
2.036576158986000 1558480995.440921068191528 12.828659222222202
3.589457507040000 1492953517.835524559020996 12.833263537037016
3.548654068820000 1963291608.360806226730347 12.838729074074053
2.017131082200000 2182865723.463652610778809 12.843219944444423
3.564082999554000 1564586273.063787460327148 12.848392796296274
2.015691923400000 1963571708.834381818771362 12.853858185185162
3.695228910793000 1558616438.010965347290039 12.859002314814791
3.564082999554000 2041272793.053545475006104 12.864530314814791
2.008255769520000 2159405382.546753406524658 12.869040777777755
3.578399395168000 1555285571.001801013946533 12.874192055555532
3.587226395655000 1656409385.448625087738037 12.889650185185163
3.647808004126000 2067244444.583841800689697 12.895554499999978
3.616959733478000 1732417595.964680433273315 12.906370111111089
3.673227672408000 1748904283.964057683944702 12.917222814814792
3.871457966323999 2229075891.224438190460205 12.926185203703682
3.632383868802000 2203032905.257257938385010 12.930678462962941
3.925442439958000 2191490486.815500736236572 12.935102148148127
2.022410896478000 2217863991.200787544250488 12.939597499999978
2.009690665138000 1563735273.473546981811523 12.944795037037016
1.995535004166000 1492375984.513407707214355 12.949396388888868
2.029129869556000 1492541461.018832445144653 12.953996425925904
3.673227672408000 1484658769.137244224548340 12.958626722222201
3.580625294112000 2040798749.283653259277344 12.964152444444423
2.015691923400000 2159268983.448434352874756 12.968668074074053
3.663232139450000 1558573705.983250856399536 12.973807111111089
3.618084257123000 2041962865.682456254959106 12.979327611111088
2.015691923400000 2203703705.232226848602295 12.983814759259237
2.022410896478000 1553672892.716880321502686 12.988992129629608
2.009690665138000 1492673697.939729452133179 12.993592388888867
2.015691923400000 1492642905.951299667358398 12.998199537037015
3.525510672719000 1492661235.349913835525513 13.002807018518498
3.711811996698000 1961940565.230965375900269 13.008263981481461
3.532126989196000 2227985350.654881000518799 13.012786999999980
2.037302393022000 2159275384.918420314788818 13.017299740740720
3.525510672719000 1558947769.893927812576294 13.022446481481461
3.621289358249999 1962648478.147321462631226 13.027906444444424
2.008972950322000 2182414402.475862503051758 13.032406185185165
3.587226395655000 1565661993.618872642517090 13.037577685185164
3.558580453216000 1896945084.328133344650269 13.043049037037017
3.547551124520000 1650256831.233790159225464 13.059043111111091
3.620334560864001 2066801049.173744201660156 13.064945462962942
3.557474699538000 1932294267.655624151229858 13.075583925925905
2.109757546492000 2093314683.303743362426758 13.084470814814793
3.548654068820000 1478310166.152473688125610 13.094434888888868
3.802049357366000 1961902330.269064903259277 13.099892055555534
3.555263192182000 2130063485.143202304840088 13.104309537037016
3.687514445426000 2138187021.035794734954834 13.108743777777757
3.686368342436000 2087338446.523045063018799 13.113164685185165
3.587226395655000 2226937853.246481418609619 13.117676407407387
2.027681116364000 2158879295.002439975738525 13.122192314814795
3.655520071788000 1557893099.103639364242554 13.127336574074054
3.632383868802000 2001645433.893684864044189 13.132839074074054
3.577285616992000 2193259799.794960498809814 13.137282666666646
2.035848842634000 2148605418.780155658721924 13.141773222222202
2.037302393022000 1558865220.065388202667236 13.146921944444424
2.037302393022000 1492658119.829974889755249 13.151526925925905
2.022410896478000 1491860988.820835590362549 13.156128740740721
2.021688918480000 1492952494.836395263671875 13.160728240740720
3.578399395168000 1492854268.808115005493164 13.165328796296276
2.008972950322000 1962213141.411912441253662 13.170783703703684
2.009690665138000 1558862446.467772722244263 13.175929444444424
2.009690665138000 1487235305.229228258132935 13.180537092592573
3.570687327506000 1492692844.290768861770630 13.185137666666646
2.014972344000000 1962848046.348875522613525 13.190609851851832
2.016412038600000 1559096623.445717334747314 13.195761388888869
3.696378266982000 1491848282.519507646560669 13.200365462962942
3.592704951548000 2041925223.247943401336670 13.205892037037016
2.023133412062000 2158947452.739506244659424 13.210400148148127
2.029129869556000 1477289355.129360198974609 13.215579481481459
3.555263192182000 2005495837.713931083679199 13.231696425925904
3.739188629830000 2024083725.823469161987305 13.237786851851830
2.014252764600000 1804028207.711707830429077 13.246737648148127
3.650077077834000 1488204839.525268316268921 13.256698833333312
2.137396760916000 1725392313.110697746276855 13.266951981481460
3.556368534186999 1474149151.319109916687012 13.274033777777756
3.849518218133000 1961918015.915876150131226 13.279486055555534
2.029854785524000 2181263334.629095077514648 13.283964092592571
2.115720961200000 1560068845.484432458877563 13.289135092592572
3.616959733478000 1444323661.100405931472778 13.293738444444424
2.007538588718000 2000633012.060352325439453 13.299243166666646
2.007538588718000 1563109334.344992637634277 13.304417407407387
3.696378266982000 1492783375.254136562347412 13.309026333333312
2.023133412062000 2041777759.163145780563354 13.314553203703683
2.016412038600000 1571240096.385542154312134 13.319740703703683
2.002253977244000 1491841868.888083934783936 13.324342370370349
2.029129869556000 1484729948.066936016082764 13.328963703703682
2.022410896478000 1492647837.755315065383911 13.333573111111090
2.020966940482000 1492704617.213924646377563 13.338183074074053
2.022410896478000 1492874098.648425579071045 13.342782648148127
3.571797464921000 1488471129.131520748138428 13.347386481481459
3.547551124520000 1962191318.888509035110474 13.352857277777755
3.656656583958000 2138360622.462787389755249 13.357291277777755
3.508990786210000 2227696227.701864242553711 13.361798796296274
2.028405492960000 2158922364.133118152618408 13.366299388888866
2.017850929500000 1558780794.432417154312134 13.371440259259236
3.564082999554000 1491901705.841874599456787 13.376042092592570
2.015691923400000 1963381534.428628206253052 13.381509925925902
2.022410896478000 1558757984.621144533157349 13.386654074074050
2.070921244392000 1492833456.800064325332642 13.391253703703679
3.548654068820000 1393744680.340937852859497 13.395887981481456
2.022410896478000 2114972614.258491754531860 13.411193999999975
3.579511930288000 1674303127.263777017593384 13.417814981481456
3.572908429254000 1920715650.194878578186035 13.427863962962938
2.123195492648000 2116818721.496515035629272 13.436720092592568
3.765830050704000 1840075397.607561111450195 13.446397185185161
3.794337289704000 1961242810.558426618576050 13.451854648148124
3.578399395168000 2132052538.673721790313721 13.456292296296272
2.008255769520000 2137859082.234740495681763 13.460726981481457
2.017131082200000 1514319460.221145391464233 13.465878611111087
2.017131082200000 1491652347.033579587936401 13.470482925925902
2.015691923400000 1492767045.934434413909912 13.475087314814791
3.571797464921000 1492536611.863547563552856 13.479689648148124
3.571797464921000 1961722948.415265798568726 13.485156740740717
3.618084257123000 2138083450.140168428421021 13.489595851851828
2.008972950322000 2183131294.164154529571533 13.494092962962938
2.014972344000000 1565221432.974468469619751 13.499260148148123
3.679799980059000 1492311675.269637823104858 13.503870240740715
2.028405492960000 2041224722.076058864593506 13.509395666666641
3.570687327506000 1566684964.166404962539673 13.514584259259234
2.009690665138000 1961897167.921156644821167 13.520055962962937
3.602655326389000 1559007834.250566482543945 13.525204296296270
2.008255769520000 2002368586.711730718612671 13.530705388888862
2.023854852474000 1565107657.036413431167603 13.535874925925899
2.004398589970000 1492156625.198464393615723 13.540482055555529
3.553051273153000 1493005936.436690092086792 13.545086388888862
3.555263192182000 1963126321.311919212341309 13.550557592592567
2.008255769520000 2136627478.333507537841797 13.554991388888864
3.733801237628000 1558074063.143346548080444 13.560136648148124
2.015691923400000 1896140350.283556461334229 13.565609462962938
3.609247665816000 1489831953.088392257690430 13.580745888888863
3.562975259844000 2040759346.454346418380737 13.587892092592567
2.023133412062000 2132547938.190470457077026 13.596787999999973
2.125469645740000 1820748537.174901008605957 13.606364851851826
2.129154110160000 1477752672.975781917572021 13.615773148148122
3.574018980128000 1491357981.248945474624634 13.620383259259233
2.008972950322000 1962414166.960483789443970 13.625845629629604
3.740352816070000 1553422587.360701799392700 13.630987148148122
2.014252764600000 1916984059.446254014968872 13.636444925925900
3.610369791756000 1558527443.529280662536621 13.641595907407382
2.014972344000000 1963056928.973489046096802 13.647060481481455
3.651211614688000 1557840271.932664394378662 13.652208814814788
2.023133412062000 2001803195.352214813232422 13.657716814814789
2.008972950322000 1565144037.259731769561768 13.662881759259234
2.030578622748000 1492615212.078335523605347 13.667488722222197
2.029129869556000 1491657665.273785591125488 13.672088833333309
3.564082999554000 1491773225.748033285140991 13.676690407407383
3.586111462830000 1962949509.392025470733643 13.682156037037013
2.017131082200000 2138534533.932798147201538 13.686592092592567
3.579511930288000 1558552152.755548715591431 13.691740962962937
3.610369791756000 1954898169.870126485824585 13.697219222222197
3.555263192182000 2186251418.285518169403076 13.702712944444420
2.016412038600000 2148664124.691720008850098 13.707195703703679
2.008972950322000 1557924369.475831270217896 13.712343537037013
3.594940861022000 1492913392.289556026458740 13.716946240740716
3.601535598154000 2001944791.631630182266235 13.722451981481457
2.016412038600000 2188954730.685231685638428 13.726878166666642
3.600414618826000 1564133340.976840257644653 13.732046759259235
2.008255769520000 1959836176.896150827407837 13.737511777777755
3.555263192182000 1935450909.567717313766479 13.752482259259237
1.995535004166000 1865559134.742808341979980 13.759748777777755
2.011124759735000 1487997225.399761438369751 13.769640092592571
2.116476519570000 1825720691.662601947784424 13.780232925925905
3.539839056858000 1477073365.268895864486694 13.789650037037015
3.777736966220000 1961667139.261801958084106 13.795109777777755
3.516702853872000 2137955829.614197969436646 13.799545462962941
3.732640748408000 2136023507.622168540954590 13.803964833333312
2.002969291676000 2167908458.209004402160645 13.808482907407386
3.664371049325000 1570223288.408550500869751 13.813678148148128
2.002969291676000 2040649242.217987060546875 13.819187648148128
3.615833953382000 1570355043.634496927261353 13.824382314814795
2.008972950322000 2002041078.764065027236938 13.829877629629609
3.626926483260000 1565247591.954167366027832 13.835039722222200
1.996247918214000 2000922507.214497566223145 13.840545611111089
1.995535004166000 1564761212.216782569885254 13.845712759259238
2.003683541652000 1492323279.935971498489380 13.850317185185164
1.988106046080000 1492748804.867449045181274 13.854919185185164
2.009690665138000 1492773021.882304668426514 13.859522092592572
2.002969291676000 1492003010.229952573776245 13.864123685185165
2.002969291676000 1493150311.639368057250977 13.868723018518498
3.556368534186999 1493026064.005278587341309 13.873325648148128
3.556368534186999 1963169924.985261440277100 13.878791240740721
3.547551124520000 2138431199.669367551803589 13.883227185185167
3.610369791756000 2138327254.471289396286011 13.887653574074056
2.016412038600000 2182110174.967792987823486 13.892152814814796
2.017131082200000 1564879541.245956897735596 13.897323018518501
3.664371049325000 1483777744.100627422332764 13.901966481481464
3.555263192182000 2038404179.668144226074219 13.907497666666650
3.618084257123000 2154056657.270157337188721 13.912023907407391
3.641227653224000 2134647682.867439270019531 13.926283629629614
3.569575949714000 2174987142.457840442657471 13.932246407407392
3.656656583958000 2165397994.268746376037598 13.941170833333318
3.756944633729000 1886142199.071736812591553 13.951807981481467
3.770027298942000 2133985829.846583127975464 13.960770481481468
2.030578622748000 2137616332.864717245101929 13.965209611111097
3.570687327506000 1558481873.111782550811768 13.970358499999987
3.557474699538000 1957850805.509365797042847 13.975826629629617
3.664371049325000 2100996191.239851713180542 13.980260851851840
2.070183026296000 2182396682.963054656982422 13.984749462962951
3.587226395655000 1565478257.135495662689209 13.989924425925913
2.029854785524000 1962633099.460684299468994 13.995401185185173
2.029854785524000 1557218453.208142280578613 14.000544925925913
2.022410896478000 1492827816.805182695388794 14.005152851851840
2.017131082200000 1492728061.002879619598389 14.009757370370359
2.015691923400000 1479850228.633992433547974 14.014357962962951
2.024577099265000 1492573566.024509906768799 14.018954740740728
2.009690665138000 1492620849.594655990600586 14.023562166666654
3.571797464921000 1492112956.944265604019165 14.028166018518506
3.578399395168000 1963217747.643706083297729 14.033634037037025
2.000824412836000 2138399412.603913545608521 14.038060351851840
3.619209618402000 1559245550.524643659591675 14.043201407407395
2.029129869556000 2000340000.605402231216431 14.048707388888877
2.009690665138000 1565437806.627456665039062 14.053871092592580
3.565191564396000 1492788179.834344148635864 14.058479037037024
3.523317946046000 1952819589.229772090911865 14.063964666666655
1.990236001104000 2138504700.817151546478271 14.068390611111099
3.557474699538000 1558759312.733583450317383 14.073533907407395
3.634643348118000 1845096579.252444505691528 14.079012999999987
3.525510672719000 1657658744.980010747909546 14.095355074074062
3.549757834680000 2064416111.052425384521484 14.101315555555544
3.602655326389000 1901105414.023898839950562 14.111884814814804
3.679799980059000 2198135499.387952327728271 14.120916425925914
2.137396760916000 2160267804.823775291442871 14.129904314814803
2.009690665138000 1570939652.865730762481689 14.135094962962951
2.143352411882000 1492401029.559622049331665 14.139699592592580
2.082881654180000 1491084675.663909435272217 14.144293592592581
3.577285616992000 1460977110.829867839813232 14.148902759259247
3.618084257123000 1958754407.804825305938721 14.154377055555543
2.030578622748000 2176012341.452348232269287 14.158866592592579
2.028405492960000 1552328153.110458612442017 14.164044166666653
3.570687327506000 1492426468.872808218002319 14.168648037037023
3.596059023828000 1962065771.071158647537231 14.174116499999986
2.023133412062000 2138301418.276762247085571 14.178549370370357
2.022410896478000 1558778403.573509454727173 14.183698370370356
2.008972950322000 1491823545.736452817916870 14.188302648148134
3.587226395655000 1492943734.272773027420044 14.192902185185172
2.029854785524000 1963193790.153518915176392 14.198370203703691
2.016412038600000 1558754210.378520011901855 14.203514018518506
3.543141926304000 1488460731.511254072189331 14.208121425925913
3.577285616992000 1962693235.423505067825317 14.213593833333320
3.549757834680000 2138536995.501647710800171 14.218027555555542
2.015691923400000 2138163370.887937784194946 14.222458962962950
3.625798722490000 1559060312.689858913421631 14.227610203703691
3.572908429254000 2001125118.004045963287354 14.233102796296283
2.036576158986000 2139746077.150405883789062 14.237595703703690
2.023133412062000 1558527551.174695968627930 14.242739666666653
3.539839056858000 1492887803.936393737792969 14.247344370370357
3.633513187857000 1887589657.411039113998413 14.252821185185171
2.023854852474000 2163020299.809790134429932 14.267142611111097
1.995535004166000 1479533960.198014497756958 14.273281333333319
3.694080410098000 1803624803.015594959259033 14.282094777777763
3.685220958884000 1783845943.482224225997925 14.292374074074059
2.016412038600000 2239412475.657177925109863 14.301227166666653
2.135107930476000 1689240413.601028680801392 14.308168907407394
2.129154110160000 1492104393.214441061019897 14.312766907407394
2.002253977244000 1492758588.193599939346313 14.317365166666653
3.842998699284000 1487247474.808423280715942 14.321968777777764
3.609247665816000 2000988576.287478208541870 14.327478759259245
2.035848842634000 2145947177.071750640869141 14.331925481481468
3.616959733478000 1564133032.694475650787354 14.337099648148135
3.624671801140000 2001396786.530951023101807 14.342590425925913
2.023854852474000 2193084651.426712036132812 14.347028888888875
3.685220958884000 1564930016.944962978363037 14.352198129629617
2.015691923400000 2041425490.005268335342407 14.357716777777766
3.624671801140000 1571687137.024078369140625 14.362914296296283
3.686368342436000 2000663043.624840021133423 14.368407259259246
3.672085514692000 2238397897.470781326293945 14.372899203703691
3.616959733478000 2248434844.856745719909668 14.377322833333320
2.016412038600000 2203509558.393167972564697 14.381815685185172
2.014972344000000 1560515641.615972042083740 14.386987666666654
2.022410896478000 1492689793.651815652847290 14.391589740740727
2.015691923400000 1491847403.852348089218140 14.396189148148135
3.554156615158000 1492931359.191694974899292 14.400796870370357
3.495739780674000 1962873059.107350349426270 14.406269962962950
2.023133412062000 2138338106.297305107116699 14.410703370370358
1.996247918214000 1559231266.985893726348877 14.415854703703692
2.002253977244000 1491016077.636152982711792 14.420457370370359
3.732640748408000 1492912576.557422399520874 14.425056314814803
3.625798722490000 1975746490.404776573181152 14.430620425925914
3.640095936464000 2147650018.162909030914307 14.445506277777767
3.604896033952000 2118304222.552782058715820 14.451432129629620
3.547551124520000 1889776247.638778924942017 14.462068888888879
3.787802495197000 1864238425.026103496551514 14.472692462962954
3.709504545422000 1891403695.584089994430542 14.483335796296286
2.149303833600000 2227374593.821580410003662 14.487855111111100
2.143352411882000 1570285255.518208503723145 14.493044999999990
3.761147551624000 1488203271.930954456329346 14.497645296296286
3.624671801140000 1958192000.322893142700195 14.503151074074063
2.022410896478000 2192531516.198234558105469 14.507579425925915
2.021688918480000 1564339854.343021154403687 14.512748851851841
2.023133412062000 1492762505.426655530929565 14.517355740740729
3.677511291606000 1492948241.398033380508423 14.521960092592581
2.009690665138000 2041265085.332358598709106 14.527482074074062
3.678656274774000 1570772518.267688512802124 14.532677444444431
3.548654068820000 2041316438.048574686050415 14.538203129629617
3.564082999554000 2158995777.578077793121338 14.542716074074061
2.021688918480000 2131255459.471635818481445 14.547155351851838
3.672085514692000 1554123033.161703824996948 14.552298499999987
2.023133412062000 2042176194.129095554351807 14.557826703703691
3.624671801140000 1571322915.738009929656982 14.563019722222210
2.035122067440000 2000611492.437587261199951 14.568507388888877
3.679799980059000 1565083376.577827453613281 14.573681814814803
2.023133412062000 2041885011.751943588256836 14.579212814814802
2.014972344000000 1570364235.764235734939575 14.584403185185172
3.533225138086000 1492968709.256844997406006 14.589005185185172
3.588342158970000 1962547472.030323505401611 14.594457518518505
2.137396760916000 2138261182.635105371475220 14.598896444444431
2.022410896478000 1470207324.656388759613037 14.604078333333320
3.557474699538000 1489211915.874533891677856 14.618699351851838
3.590572855110000 2021555317.491234779357910 14.624784092592579
2.023133412062000 1759619741.123875856399536 14.633690111111097
3.588342158970000 1488715084.925154924392700 14.643610611111097
2.129914465726000 2157694968.770843505859375 14.653522407407394
2.129914465726000 1703782298.657717943191528 14.660409518518504
3.574018980128000 1492122824.661479949951172 14.665012888888874
2.117232640530000 1960364637.596892595291138 14.670490981481468
3.610369791756000 1509415718.305202960968018 14.675644444444430
2.035122067440000 2000009083.001233816146851 14.681136999999985
3.570687327506000 1564525304.310468435287476 14.686309592592577
