2.037302393022000 1486448914.454070329666138 0.001055962962963
3.802049357366000 1484384795.212268590927124 0.009373518518519
3.594940861022000 1823022856.841083526611328 0.016737388888889
2.156020408080000 2175771929.246410369873047 0.021232907407407
2.149303833600000 1565326840.895913600921631 0.026407018518519
2.029854785524000 1445298426.713758230209351 0.031021092592593
3.672085514692000 1490810404.256945133209229 0.035625333333333
3.625798722490000 1994276339.213464975357056 0.041117777777778
2.036576158986000 2147174289.194937229156494 0.045602129629630
3.614709429737001 1558480268.705987453460693 0.050740611111111
3.665510807550000 1962036577.931314706802368 0.056208388888889
3.686368342436000 2183095848.080195426940918 0.060702962962963
3.638962955216000 2193083276.912661075592041 0.065133962962963
2.055271790880000 2193246769.468067646026611 0.069552166666667
2.048555216400000 1564944902.771705150604248 0.074719462962963
2.035122067440000 1492664074.093437194824219 0.079324259259259
2.029854785524000 1492232425.291582107543945 0.083908129629630
3.602655326389000 1493018043.386307239532471 0.088505074074074
3.711811996698000 1963024252.480444431304932 0.093973777777778
3.610369791756000 2227673287.662808895111084 0.098490833333333
3.587226395655000 2158870933.462439537048340 0.103004296296296
3.616959733478000 2138551847.721206426620483 0.107437685185185
3.610369791756000 2138396925.730264663696289 0.111861500000000
2.029129869556000 2137534120.233804225921631 0.116274814814815
2.029854785524000 1558749421.188110113143921 0.121425851851852
3.603775888686000 1492633176.809894323348999 0.126036055555556
3.619209618402000 1897758415.357836961746216 0.131494000000000
3.665510807550000 1626453467.846553087234497 0.147482148148148
3.603775888686000 1828217310.166564464569092 0.155470388888889
3.647808004126000 1729138138.505899906158447 0.167113962962963
2.137396760916000 2155230871.446036815643311 0.176005314814815
2.048555216400000 1634470528.455284595489502 0.185845314814815
3.886882101648000 1492153768.201614141464233 0.190450370370370
3.558580453216000 1998061573.339073657989502 0.195956000000000
2.123195492648000 2146909036.914827585220337 0.200445814814815
3.726086772261000 1449983395.251171112060547 0.205604981481481
3.664371049325000 2040067455.073552608489990 0.211126351851852
3.647808004126000 2201816700.107532501220703 0.215621111111111
2.048555216400000 2191188223.099043369293213 0.220051629629630
3.726086772261000 1565105921.816539764404297 0.225218962962963
3.722611203759000 2039893349.351176500320435 0.230737500000000
2.043297532448000 2248305215.102581977844238 0.235163037037037
2.035848842634000 1569200228.485746383666992 0.240350166666667
2.022410896478000 1492946905.647615909576416 0.244949944444444
3.594940861022000 1487026562.901980876922607 0.249556759259259
2.036576158986000 1962026392.336266994476318 0.255025518518519
2.044755608560000 1557732685.061558246612549 0.260171203703704
2.035122067440000 1493086198.506316184997559 0.264775777777778
2.015691923400000 1492808588.705297470092773 0.269378722222222
2.029129869556000 1492853122.357772588729858 0.273978166666667
3.586111462830000 1492744636.900695323944092 0.278586129629630
2.029854785524000 1961838497.091780424118042 0.284043203703704
3.555263192182000 1559248203.276188135147095 0.289191462962963
3.588342158970000 1962847931.263467311859131 0.294657314814815
2.041838641920000 2138178092.999762058258057 0.299093407407407
3.618084257123000 1478104207.053000688552856 0.304481185185185
3.618084257123000 2110216682.827401161193848 0.320943888888889
2.056005761868000 2127556376.441345214843750 0.326844370370370
3.674369405056000 1630656581.179674863815308 0.336580888888889
2.144118134378000 2157698582.663668155670166 0.346519981481481
2.043297532448000 1832900702.440631628036499 0.356187333333333
2.122437535680000 1491048450.173812389373779 0.360790000000000
3.788980645277999 1491384656.263587474822998 0.365389777777778
3.691782125467000 1958306353.980923414230347 0.370862870370370
2.036576158986000 2225326145.530385017395020 0.375364666666667
3.655520071788000 1482891355.631418704986572 0.380561370370370
2.036576158986000 1988488558.444162368774414 0.386103222222222
2.036576158986000 1563910681.528047323226929 0.391281944444444
2.023133412062000 1491071781.779524564743042 0.395880759259259
2.029129869556000 1489951353.481414794921875 0.400486166666667
3.641227653224000 1492469903.241003513336182 0.405085222222222
3.647808004126000 2001182501.556950807571411 0.410586240740741
3.600414618826000 2193362938.088137626647949 0.415019962962963
2.016412038600000 2147223996.508161306381226 0.419517222222222
2.014972344000000 1557989113.530326604843140 0.424661222222222
3.587226395655000 1492920672.225620508193970 0.429262851851852
2.030578622748000 1955877144.573529005050659 0.434719129629630
2.022410896478000 1558596039.497113227844238 0.439867185185185
2.029129869556000 1492182126.878882408142090 0.444470000000000
2.015691923400000 1493050098.701799869537354 0.449076092592593
3.593823530492000 1492704855.502970457077026 0.453673777777778
3.612615297408000 1962694024.843962907791138 0.459139000000000
3.602655326389000 2138155344.180225372314453 0.463577888888889
3.719528861556000 2137612394.606530904769897 0.468005740740741
2.029854785524000 2228033501.922241210937500 0.472524000000000
2.042567815712000 1476292861.266115188598633 0.477721000000000
2.008972950322000 1905890838.245183706283569 0.494573666666667
2.042567815712000 1476228175.938414335250854 0.501150462962963
3.679799980059000 1486892723.608890295028687 0.510496518518518
3.964002778268000 1992371089.448887825012207 0.520570759259259
3.802049357366000 2215923267.250241756439209 0.529559629629629
3.894594169309999 2158220838.028890609741211 0.534078611111111
2.050749933570000 2181175919.732441425323486 0.538563611111111
2.037302393022000 1461338950.018416404724121 0.543742185185185
3.672085514692000 1487999589.502533435821533 0.548343648148148
3.705246458880000 2001616759.900565385818481 0.553848851851852
2.036576158986000 2191891333.767730712890625 0.558282407407407
2.035848842634000 1564369987.729797840118408 0.563459055555555
2.036576158986000 1489987477.062743425369263 0.568060981481481
2.030578622748000 1491631903.124773502349854 0.572661018518518
3.664371049325000 1492702930.956823825836182 0.577265759259259
3.547551124520000 2002226449.440247535705566 0.582759259259259
3.654382289772000 2113812202.477689504623413 0.587260166666666
3.624671801140000 2180259278.465071678161621 0.591759833333333
2.036576158986000 2147462491.905246973037720 0.596249481481481
2.037302393022000 1558910220.218634366989136 0.601392518518518
3.616959733478000 1492690246.758106231689453 0.605995166666666
2.044026163296000 1962851467.452015876770020 0.611465722222222
2.042567815712000 1558211852.214197397232056 0.616614314814814
2.036576158986000 1493101735.776277542114258 0.621223203703703
2.022410896478000 1491106698.295271873474121 0.625829129629629
2.036576158986000 1492812395.626682519912720 0.630431111111111
3.527703399392000 1492750947.057379007339478 0.635031129629629
2.017131082200000 1962331985.836030006408691 0.640496222222222
3.616959733478000 1553950522.359879970550537 0.645645574074074
3.733801237628000 1654280682.961897850036621 0.661101129629629
3.741515702995000 2193248632.722528457641602 0.667091000000000
3.600414618826000 2240495431.493400573730469 0.675909425925926
3.613737841272000 2126244208.941037178039551 0.684910370370370
3.787802495197000 1717049806.308799028396606 0.695752370370370
3.827564969568000 2134726597.865750551223755 0.700182759259259
3.920167347864000 2136965684.534868717193604 0.704618185185185
3.731478962552000 2202401413.120901107788086 0.709141925925926
3.680944537266000 2144178908.678729534149170 0.713585740740740
2.042567815712000 2189231221.948836803436279 0.718079018518518
3.733801237628000 1563333149.586569786071777 0.723252537037037
3.608124286104000 2040108569.168688774108887 0.728777944444444
2.048555216400000 2157657125.506737709045410 0.733291203703703
3.640095936464000 1558699589.987052202224731 0.738440092592592
2.029129869556000 1998462750.619356393814087 0.743911722222222
2.035848842634000 1563739585.312772274017334 0.749076703703703
3.733801237628000 1484491042.925151109695435 0.753705777777777
2.029854785524000 2041378170.286812305450439 0.759218481481481
3.731478962552000 1571166569.828578710556030 0.764413611111111
3.625798722490000 2041768162.067452192306519 0.769941259259259
3.718372306894000 2159052643.239583969116211 0.774454870370370
3.628053824320000 2227892624.386322498321533 0.778970000000000
2.050018905910000 2159163513.857315063476562 0.783482925925925
3.601535598154000 1558293990.790511131286621 0.788626574074074
2.044026163296000 2001861066.203217506408691 0.794124796296296
2.037302393022000 1564889985.486211776733398 0.799292296296296
2.028405492960000 1492832151.433363676071167 0.803896203703703
2.038029438795000 1491480981.013167142868042 0.808503685185185
2.038029438795000 1492057744.155164718627930 0.813105722222222
2.015691923400000 1488740503.355300426483154 0.817717000000000
2.048555216400000 1967206796.286645889282227 0.833779148148148
3.787802495197000 1481770810.658395528793335 0.840346740740740
3.558580453216000 2006672187.062754392623901 0.851504018518518
2.142587259120000 2138555451.922778844833374 0.860458555555555
2.143352411882000 1640549934.781652927398682 0.871830611111111
3.562975259844000 1488214471.842880010604858 0.876435722222222
2.144882717406000 1955380996.228765726089478 0.881905981481481
3.616959733478000 1503717298.197287797927856 0.887055629629629
2.036576158986000 1950369478.893029689788818 0.892511962962962
2.051481778325000 1558613507.126903057098389 0.897660685185184
3.656656583958000 1487809671.095971822738647 0.902270833333333
3.673227672408000 2002139935.783954143524170 0.907773092592592
3.601535598154000 2190845317.851474285125732 0.912206796296296
3.570687327506000 2148554006.710136890411377 0.916699722222222
2.042567815712000 2137139392.471051931381226 0.921132981481481
2.037302393022000 1559249004.664679050445557 0.926281999999999
3.609247665816000 1490078709.397381305694580 0.930889666666666
2.042567815712000 1961490214.194004058837891 0.936341629629629
2.022410896478000 1558600706.027139902114868 0.941487796296296
3.670944207112000 1492788803.989383220672607 0.946092611111110
2.029129869556000 2001589679.073140382766724 0.951583074074073
2.035848842634000 1564727672.717110157012939 0.956751555555555
3.680944537266000 1492871487.656506538391113 0.961354370370370
2.023854852474000 2002042877.251967191696167 0.966840314814814
2.044026163296000 1564738755.329440116882324 0.972009018518518
2.029854785524000 1492995965.696340084075928 0.976608462962962
2.021688918480000 1492816736.678037643432617 0.981206481481481
2.035848842634000 1492290333.616411685943604 0.985807574074073
3.647808004126000 1377052248.224137306213379 0.990429740740740
2.037302393022000 2225215173.419415473937988 1.005872925925925
3.640095936464000 1479598074.499814033508301 1.012001203703703
3.648942118591000 2075003792.708242416381836 1.020047833333333
2.036576158986000 1747720810.146373748779297 1.030849722222221
2.151606487680000 1848975014.598104238510132 1.040459037037036
3.603775888686000 1457345354.275820255279541 1.047047333333333
2.149303833600000 1960151243.396207094192505 1.052505055555555
2.144882717406000 1557568363.404613971710205 1.057648185185184
3.638962955216000 1484461019.487237215042114 1.062248537037036
3.726086772261000 1888215999.084920644760132 1.067753018518518
3.612615297408000 2232702418.341708660125732 1.072234203703703
2.036576158986000 2158547156.795111656188965 1.076743981481481
2.035122067440000 1557565630.549662113189697 1.081884851851851
2.029129869556000 1491251869.160757780075073 1.086489314814814
2.030578622748000 1492495066.881891012191772 1.091089740740740
2.029854785524000 1491380083.778987646102905 1.095691796296296
2.020966940482000 1490122907.545711994171143 1.100293870370370
3.717216613084000 1492944501.252002716064453 1.104893907407406
3.641227653224000 2041933200.184977769851685 1.110420092592592
3.732640748408000 2198081323.452477455139160 1.114915629629629
2.028405492960000 2238172293.162910938262939 1.119409907407406
3.710657841527000 1569489636.086106777191162 1.124602425925925
2.049286788790000 2033780638.661293506622314 1.130153388888888
3.604896033952000 1571465598.744180202484131 1.135344037037036
2.015691923400000 1962504124.961365461349487 1.140796388888887
3.619209618402000 1558897313.077796459197998 1.145934444444443
3.647808004126000 1963249605.419136285781860 1.151402037037036
3.719528861556000 2183473366.320724964141846 1.155896833333332
3.632383868802000 2225980378.005880832672119 1.160387259259258
3.635773087776000 2204082870.486989974975586 1.164871722222221
2.036576158986000 2187583594.716518878936768 1.169317444444443
2.035848842634000 1973843763.544827222824097 1.184313944444443
3.641227653224000 1651380150.167202949523926 1.192238444444443
2.030578622748000 2127091117.183684587478638 1.202173148148147
2.156790358038000 1646707107.577537775039673 1.211913925925925
2.038029438795000 1476449005.936522722244263 1.221353296296295
2.163509331116000 1492075135.722041130065918 1.225958296296295
3.672085514692000 1490995210.962913990020752 1.230563722222221
2.144118134378000 1995704221.516114473342896 1.236071222222221
2.021688918480000 1442185492.150136470794678 1.241248240740739
3.732640748408000 1475492648.921158313751221 1.245854518518517
3.741515702995000 2040756415.601882934570312 1.251361925925925
2.029129869556000 2246980157.472434043884277 1.255802444444443
2.049286788790000 1569934023.798558235168457 1.260989499999999
3.602655326389000 1492657426.172553539276123 1.265594833333332
3.641227653224000 1956687836.800152063369751 1.271045092592591
2.042567815712000 2138134375.965464830398560 1.275480685185184
3.672085514692000 1556670063.474243402481079 1.280627129629628
2.061988365360000 2001032935.734413146972656 1.286127740740739
2.042567815712000 1564544760.895862102508545 1.291302148148147
3.602655326389000 1491806204.134750843048096 1.295912574074073
2.035122067440000 1962856362.935250997543335 1.301387277777776
3.579511930288000 1558628799.170500993728638 1.306530944444443
3.609247665816000 1962161768.144525766372681 1.311995555555554
3.592704951548000 2138636009.522653818130493 1.316421648148147
2.028405492960000 2138446582.689419507980347 1.320848185185184
2.037302393022000 1558738336.918284654617310 1.325996592592591
2.023133412062000 1492631943.157742261886597 1.330594111111110
2.029854785524000 1492708229.667383193969727 1.335193999999999
2.108294460650000 1492811791.639124870300293 1.339788592592591
2.035122067440000 1388250881.583892345428467 1.344420407407406
3.615833953382000 2000630399.161643266677856 1.360536592592591
2.030578622748000 2076077829.049495220184326 1.366632574074073
2.028405492960000 1671558017.167818307876587 1.377201444444443
2.150839507840000 1656393675.293664216995239 1.387965814814814
2.038029438795000 1661330663.954196453094482 1.398852888888888
3.804414374994000 1492045031.961670160293579 1.403456203703702
3.679799980059000 1959404921.427701234817505 1.408928870370369
3.746169416220000 2221101987.167150497436523 1.413451407407406
2.038029438795000 2001056126.495206594467163 1.417958092592591
2.029129869556000 1557800577.463117599487305 1.423108333333332
3.587226395655000 1489831158.333299875259399 1.427713129629628
2.029854785524000 1960831491.628563642501831 1.433184777777776
2.023854852474000 1558838633.033699035644531 1.438328907407406
3.633513187857000 1491697718.187740802764893 1.442933759259258
3.648942118591000 2000159207.696889400482178 1.448436703703702
2.035848842634000 2193444013.728883743286133 1.452855611111110
2.042567815712000 1565509771.537687063217163 1.458024629629628
2.022410896478000 1492644616.314199447631836 1.462621851851850
3.663232139450000 1492632424.337576389312744 1.467221962962961
3.726086772261000 2001244835.055262088775635 1.472719314814813
3.686368342436000 2232137708.893544673919678 1.477209462962962
2.029129869556000 2248082577.625475406646729 1.481640759259258
3.631253287938000 1571714012.611635923385620 1.486832907407406
3.603775888686000 1999769752.959184646606445 1.492313333333332
3.665510807550000 2148527025.186640262603760 1.496800574074073
3.741515702995000 2183343042.764920711517334 1.501292833333332
3.603775888686000 2227219026.984439373016357 1.505805722222221
3.611492753544000 2158728434.950182437896729 1.510322203703702
2.011124759735000 2138537293.106185197830200 1.514755055555554
3.592704951548000 1468699345.532255887985229 1.520994222222221
2.036576158986000 1642417219.062107563018799 1.535406759259258
3.731478962552000 1473543740.349389791488647 1.541523240740739
2.022410896478000 1933708380.965338230133057 1.552684555555554
2.149303833600000 1658358537.453878879547119 1.562461518518517
2.023133412062000 1478921340.126796483993530 1.571864166666665
2.156020408080000 1489779618.469856739044189 1.576467462962962
3.732640748408000 1491657892.936617374420166 1.581069444444443
3.876756595219000 2006441307.116142272949219 1.586610055555554
3.564082999554000 2144839051.329888343811035 1.591096648148147
2.023854852474000 2146029612.257790088653564 1.595581777777776
2.029129869556000 1555601274.504509449005127 1.600725388888887
3.546446947880000 1491593508.500772953033447 1.605326277777776
2.022410896478000 1960869792.567423343658447 1.610787222222221
3.657793942692000 1555768718.226068258285522 1.615923333333332
3.602655326389000 2002203446.987671852111816 1.621425722222221
2.042567815712000 2147091110.276175498962402 1.625910925925925
2.035122067440000 1558456865.766206741333008 1.631055074074073
2.023133412062000 1491427432.570087194442749 1.635654499999999
2.029854785524000 1490486899.694949150085449 1.640262111111110
3.568465812299000 1492919127.943472385406494 1.644864259259258
3.638962955216000 1961572815.730998277664185 1.650339648148147
2.029129869556000 2183216414.668955802917480 1.654816222222221
3.562975259844000 1564409178.931061029434204 1.659980222222221
3.603775888686000 1963391363.841123104095459 1.665447759259258
3.533225138086000 2138596743.591243982315063 1.669878907407406
3.594940861022000 2138369685.705055236816406 1.674292666666665
2.023854852474000 2138437804.303111791610718 1.678731314814813
2.009690665138000 1558603522.769824504852295 1.683874574074073
3.618084257123000 1491249127.350523710250854 1.688479537037036
3.664371049325000 1997074193.211558818817139 1.693977444444443
3.596059023828000 2164552760.291123390197754 1.708221111111110
2.041838641920000 1846127006.284234285354614 1.715199185185184
2.027681116364000 1902146752.167243003845215 1.725736981481480
2.150839507840000 1665225381.440827369689941 1.736551240740739
3.727245726414000 1474697918.814319133758545 1.745982296296295
3.895805010335000 2040600825.891358137130737 1.751498222222221
4.064259657874000 2195281974.921629905700684 1.755987851851850
2.014972344000000 2144029116.825740575790405 1.760430999999999
3.741515702995000 1564114064.083601713180542 1.765601907407406
2.035848842634000 2040093618.735834836959839 1.771117185185184
2.029854785524000 1568944893.696781396865845 1.776304129629628
2.043297532448000 1492872866.925111532211304 1.780904296296295
2.043297532448000 1491385273.228003978729248 1.785503629629628
2.022410896478000 1492712532.925823926925659 1.790108537037036
3.731478962552000 1491434654.050857305526733 1.794711814814813
2.042567815712000 2039553628.975525379180908 1.800239851851850
2.035848842634000 1572110840.707964658737183 1.805429481481480
2.021688918480000 1492893911.364916086196899 1.810034296296295
3.587226395655000 1492849601.461375236511230 1.814636759259258
3.633513187857000 1961846805.398982524871826 1.820106925925925
3.611492753544000 2183422422.042567253112793 1.824596555555554
3.588342158970000 2141420835.582069158554077 1.829091537037036
3.726086772261000 2137959510.617494583129883 1.833523425925925
3.616959733478000 2227886354.946532249450684 1.838027703703702
3.600414618826000 2159035140.624038219451904 1.842541314814813
3.678656274774000 2138238425.800311565399170 1.846977666666665
3.610369791756000 2178733591.903521060943604 1.852477999999999
3.841803752766000 2148422677.567495346069336 1.856974203703702
3.663232139450000 2175861685.195010185241699 1.861476814814813
2.016412038600000 2163639336.081466674804688 1.875726666666665
2.029129869556000 1474450649.264488458633423 1.881867518518517
2.020966940482000 1485028282.858466148376465 1.893022685185184
2.150839507840000 1487291760.103058338165283 1.902337796296295
3.655520071788000 1475724814.894165039062500 1.911759333333332
3.858432429000000 1998948196.814292907714844 1.917244481481480
3.734962591272000 2186473083.918767929077148 1.921683518518517
3.587226395655000 2231351937.600594043731689 1.926170740740739
2.042567815712000 2110046126.143903732299805 1.930675296296295
2.029129869556000 1555897644.816799163818359 1.935825481481480
2.023854852474000 1490130287.968124389648438 1.940426685185184
2.030578622748000 1492605880.292605638504028 1.945026481481480
2.023133412062000 1491299590.330676078796387 1.949623685185184
3.640095936464000 1492804902.075099229812622 1.954229444444443
2.035848842634000 2001915824.723377466201782 1.959737351851850
3.653245777602000 1563571372.248227596282959 1.964904055555554
3.664371049325000 2001377407.631738424301147 1.970407388888888
3.618084257123000 2192056092.859467506408691 1.974845796296295
2.049286788790000 2148558247.057507514953613 1.979315740740739
3.609247665816000 1558011830.866168022155762 1.984456092592591
3.734962591272000 1963173656.179577589035034 1.989929018518517
3.686368342436000 2227839023.389412879943848 1.994441981481480
2.029129869556000 2203455059.887154579162598 1.998931907407406
3.654382289772000 1564312475.804023265838623 2.004098055555554
2.043297532448000 2002259396.795603275299072 2.009583574074072
2.036576158986000 1565066308.609484910964966 2.014755518518517
2.034395292246000 1492729082.223509073257446 2.019360851851850
2.020966940482000 1492402643.483350276947021 2.023917129629627
2.014972344000000 1427842368.097271442413330 2.028522796296294
2.048555216400000 1459943717.418874740600586 2.033151555555553
2.029129869556000 1966802583.472136735916138 2.049228111111109
2.029854785524000 1578446772.420292139053345 2.056302555555554
2.037302393022000 1488214829.342596530914307 2.066660648148146
3.889299888432000 1853083824.568653583526611 2.077325999999998
2.008972950322000 2178998590.187409400939941 2.087361481481480
3.867350991456000 1562866101.616082668304443 2.092537462962961
3.723769295274000 1995964955.004789590835571 2.098027759259258
3.732640748408000 2160419823.538258075714111 2.102460574074072
3.734962591272000 2210213810.480550765991211 2.106958499999998
2.024577099265000 2245173636.606368064880371 2.111397314814813
3.648942118591000 1569334964.512914180755615 2.116581777777776
2.028405492960000 2000430073.589038610458374 2.122085314814813
3.648942118591000 1564917065.722314596176147 2.127251833333331
3.732640748408000 2000218435.598010301589966 2.132749851851850
3.596059023828000 2238341966.604824066162109 2.137241518518517
3.618084257123000 2158202427.158601284027100 2.141759833333331
2.028405492960000 2138341296.985407829284668 2.146188907407405
2.022410896478000 1557563106.865946531295776 2.151338314814812
2.035848842634000 1488017322.739127874374390 2.155918037037035
2.035122067440000 1492907353.100901603698730 2.160521537037035
2.030578622748000 1493045998.263609647750854 2.165128796296294
2.023854852474000 1492912388.018310785293579 2.169736444444442
3.640095936464000 1491264291.978790283203125 2.174339518518516
2.022410896478000 2001750273.091394424438477 2.179832185185183
3.547551124520000 1554207597.059202909469604 2.185000851851849
3.570687327506000 2082963471.355643510818481 2.190224555555553
2.029854785524000 2138474119.901313543319702 2.194660611111108
2.042567815712000 1558515372.878672122955322 2.199806759259257
2.029854785524000 1487304841.040462493896484 2.204420092592590
2.029129869556000 1927199062.562192916870117 2.220610796296294
2.023133412062000 1660110387.038897752761841 2.227484925925923
2.029854785524000 1486295032.137429237365723 2.237854166666664
3.741515702995000 1488020743.383695363998413 2.247217259259256
3.586111462830000 1908124277.403675317764282 2.257320999999997
3.763489019056000 2182549983.920045375823975 2.261812444444442
2.029129869556000 2147262297.721932888031006 2.266297240740738
2.044026163296000 1521968132.128765106201172 2.271450462962960
2.036576158986000 1473499546.371974945068359 2.276083888888886
2.029129869556000 1491062694.048704385757446 2.280694462962960
3.604896033952000 1492769309.968991518020630 2.285298925925923
2.024577099265000 2000621376.897093534469604 2.290792222222219
3.733801237628000 1561976842.469655752182007 2.295927740740738
3.609247665816000 2040411006.825652837753296 2.301454277777775
3.602655326389000 2158480082.620242118835449 2.305972944444442
3.601535598154000 2136309455.587392568588257 2.310393611111109
2.035848842634000 2138424376.175548791885376 2.314824166666664
3.728404249248000 1558192773.426951169967651 2.319967222222220
3.664371049325000 2042335526.712948799133301 2.325488888888886
3.625798722490000 2203611029.402677059173584 2.329983944444442
2.036576158986000 2148850067.923842906951904 2.334468814814812
2.043297532448000 1558882930.146701812744141 2.339615314814812
2.050018905910000 1492047533.538402080535889 2.344214796296294
2.030578622748000 1485201102.371062040328979 2.348824388888886
3.570687327506000 1491345092.671020746231079 2.353437481481479
2.036576158986000 1963115225.681791067123413 2.358900351851850
3.750396320988000 1558368826.949753046035767 2.364053425925924
2.041109468128000 1928911446.073186397552490 2.369591796296294
2.050018905910000 1944826238.285851955413818 2.385404425925924
3.616959733478000 1480537566.668263196945190 2.391977185185183
2.036576158986000 1761148949.102137565612793 2.402214462962961
2.150839507840000 1848645881.719246864318848 2.411806518518516
2.022410896478000 1844718485.330749988555908 2.422511703703702
3.997335996444000 1492237914.177077770233154 2.427114203703701
2.050018905910000 2078748918.430744171142578 2.432640296296294
2.030578622748000 1531187913.399914264678955 2.437867388888887
2.043297532448000 1491604170.274112224578857 2.442466074074072
2.035848842634000 1491054769.577827930450439 2.447063111111109
3.663232139450000 1492809710.731324434280396 2.451662833333331
3.523317946046000 1999034200.971584081649780 2.457155962962961
3.664371049325000 2148383674.311169624328613 2.461645592592590
3.584995284270000 2182111376.613959789276123 2.466140518518516
2.041838641920000 2144448772.709622621536255 2.470623444444442
3.602655326389000 1553293683.373568534851074 2.475770648148146
2.036576158986000 1962387001.737210512161255 2.481239185185183
2.042567815712000 1558962559.343979358673096 2.486388074074072
2.022410896478000 1492762568.008705139160156 2.490983074074072
3.701792477760000 1493043428.943779945373535 2.495587018518516
3.726086772261000 2040746307.009282827377319 2.501092944444443
2.014252764600000 2248737399.136798858642578 2.505533777777776
2.029854785524000 1571775254.857354879379272 2.510727314814813
3.656656583958000 1492726368.999505281448364 2.515332259259257
2.041838641920000 2000447681.851145982742310 2.520822351851850
3.656656583958000 1565216721.900521755218506 2.525996759259257
2.016412038600000 2002092384.830231666564941 2.531499907407405
2.021688918480000 1557923851.078287601470947 2.536677870370368
2.022410896478000 1488631026.450407981872559 2.551274018518516
2.029129869556000 1481488620.141069173812866 2.557850777777776
3.594940861022000 1655147126.606919527053833 2.568610092592591
3.819848104710000 1740644661.032788753509521 2.578815111111109
3.618084257123000 2100057683.327003002166748 2.587737388888887
3.817473492690000 2131644089.272496700286865 2.592165777777776
3.666650141600000 2129235789.077685117721558 2.596596055555554
2.021688918480000 2181171269.577000617980957 2.601078592592591
3.764659099096000 1527127484.777215719223022 2.606251759259258
2.014972344000000 2077099636.845167398452759 2.611789648148147
3.591587621018000 1575571227.170551061630249 2.617004444444443
2.023133412062000 1961457061.162338256835938 2.622477129629628
3.594940861022000 1558825726.499417066574097 2.627623574074073
2.030578622748000 1960398172.363614320755005 2.633082962962961
3.632383868802000 1557844113.151221990585327 2.638231759259257
2.016412038600000 2002518627.546741485595703 2.643729888888887
3.710657841527000 1553046450.928229808807373 2.648895037037035
3.800865968054000 2030840521.624892950057983 2.654448907407406
2.050749933570000 2292280022.259321212768555 2.658941407407406
3.601535598154000 1575105240.917435884475708 2.664156425925924
2.036576158986000 1960850333.883871555328369 2.669616851851850
2.015691923400000 1558828879.951319456100464 2.674759981481480
2.035848842634000 1492821587.577369928359985 2.679364481481480
3.788980645277999 1492230004.755691528320312 2.683920425925924
3.717216613084000 2081464121.876871824264526 2.689454851851850
2.021688918480000 2258749374.427073955535889 2.693939629629628
3.616959733478000 1570295901.183119535446167 2.699129925925924
2.044026163296000 1866818995.880843162536621 2.704713592592591
2.022410896478000 1932693375.141770839691162 2.719702592592591
3.616959733478000 1480089500.337609767913818 2.726284814814813
2.030578622748000 1740895430.301073789596558 2.736495796296295
3.787802495197000 1851371280.461366653442383 2.746148277777776
2.043297532448000 1920215863.114387512207031 2.756336833333332
3.901091642668000 1557140899.372989892959595 2.761490629629628
3.594940861022000 1998325547.302908658981323 2.766998277777776
3.618084257123000 2015878943.261620759963989 2.771483777777776
2.049286788790000 2134504099.696597576141357 2.775914999999999
3.609247665816000 1555530435.721613168716431 2.781059722222221
2.035848842634000 1962232700.733887434005737 2.786520240740739
3.601535598154000 1557359314.972718477249146 2.791658722222221
2.042567815712000 1959299732.019597768783569 2.797131759259257
3.724928680745999 1557746498.428159236907959 2.802280240740739
3.728404249248000 2041329549.454712390899658 2.807803999999998
3.618084257123000 2246145524.833739280700684 2.812239796296295
2.044026163296000 2159092136.880630016326904 2.816748185185184
2.050018905910000 1558459936.965330839157104 2.821889388888887
2.029129869556000 1492423766.870276927947998 2.826491499999999
2.043297532448000 1492729022.985034942626953 2.831091111111110
3.673227672408000 1492830870.820631980895996 2.835695962962962
3.586111462830000 2002002404.939219474792480 2.841193907407406
2.016412038600000 2148570161.639933109283447 2.845679185185184
2.023854852474000 1551385272.106764078140259 2.850828648148147
3.616959733478000 1488481173.885024070739746 2.856432074074073
2.035848842634000 1962777140.187485218048096 2.861902129629629
2.149303833600000 1558961292.782229661941528 2.867050944444443
3.663232139450000 1490461005.199306964874268 2.871666944444443
3.654382289772000 1669142858.167885303497314 2.887152388888888
2.048555216400000 2177088680.325842380523682 2.893069814814814
2.030578622748000 1645799346.411419868469238 2.902844907407406
3.547551124520000 1486846515.367872476577759 2.912195222222221
3.934377337169999 2108976534.939145088195801 2.922226685185183
2.010407311926000 2226889974.019985198974609 2.926724444444443
3.889299888432000 1565089977.144035100936890 2.931934203703702
3.733801237628000 1859643815.196165800094604 2.937425111111109
3.601535598154000 2236527593.682254791259766 2.941909833333332
3.664371049325000 2156577060.843358516693115 2.946407722222220
2.050749933570000 2177945790.056978702545166 2.950902592592591
3.740352816070000 1561832868.861549139022827 2.956079055555554
2.044755608560000 2042066647.445740222930908 2.961602870370369
3.610369791756000 1570689768.506305932998657 2.966797796296295
2.037302393022000 1960811884.211383581161499 2.972256018518517
2.042567815712000 1559197060.158011198043823 2.977398648148147
2.036576158986000 1492654766.361912488937378 2.981998592592591
3.603775888686000 1492831770.812376737594604 2.986600999999999
3.665510807550000 1962077760.887302875518799 2.992070759259258
3.654382289772000 2183010121.006656646728516 2.996560870370369
3.687514445426000 2193653394.495412826538086 3.001001611111109
3.618084257123000 2193564572.043602943420410 3.005440666666665
2.049286788790000 2149110914.157569885253906 3.009932962962961
3.602655326389000 1558990204.501256227493286 3.015084611111109
2.036576158986000 1961987265.243118047714233 3.020555203703702
2.036576158986000 1558635417.904482126235962 3.025697925925924
2.036576158986000 1484363488.561142683029175 3.030322351851850
2.090347146682000 1492469501.460368633270264 3.034919111111109
2.017131082200000 1490391761.352230310440063 3.039531518518516
3.602655326389000 1487086617.510818958282471 3.054123555555553
2.023133412062000 1950239086.383245468139648 3.061425425925924
3.603775888686000 1877955743.105341672897339 3.071088703703702
3.817473492690000 1761488253.332634687423706 3.081336685185183
3.687514445426000 1862618471.810474157333374 3.092037074074072
2.136633438804000 2225759642.965751647949219 3.096543333333331
3.821035410720000 1569775485.371937036514282 3.101733129629627
3.680944537266000 1940615891.189687490463257 3.107284074074072
3.663232139450000 2153829709.711855411529541 3.111777055555553
3.609247665816000 2190357816.213416576385498 3.116210740740738
2.044026163296000 2147123928.022604465484619 3.120693629629627
2.029854785524000 1558957544.046522378921509 3.125839703703701
2.027681116364000 1492675123.598215341567993 3.130446925925924
2.036576158986000 1491399594.614159584045410 3.135051592592590
3.656656583958000 1492587275.693311691284180 3.139649092592590
3.732640748408000 2000295378.443955898284912 3.145151888888887
3.660953047175000 2238359959.413307666778564 3.149641592592590
2.038029438795000 2203582863.808161735534668 3.154134574074072
2.028405492960000 1565457280.604739427566528 3.159308518518516
2.008972950322000 1492978732.654613971710205 3.163908685185183
3.633513187857000 1489871780.222256183624268 3.168511314814813
2.029854785524000 2041144159.811985731124878 3.174027055555553
3.618084257123000 1571032639.677675247192383 3.179211611111109
2.022410896478000 2001334472.153484344482422 3.184697037037035
2.029129869556000 1565447945.686191558837891 3.189868629629627
3.701792477760000 1492606999.384748935699463 3.194473796296294
2.031303269030000 2041033291.554119586944580 3.199999611111109
2.035122067440000 1563223176.210511207580566 3.205193314814812
3.587226395655000 1488715174.863059043884277 3.209808037037035
3.656656583958000 2116571545.177217483520508 3.225099462962961
3.611492753544000 2183930666.765749454498291 3.231080240740738
2.009690665138000 2123253673.209194421768188 3.240056648148146
3.796697510136000 1487320736.309146642684937 3.249964925925924
2.022410896478000 1726453180.426648378372192 3.260254425925924
2.156790358038000 1557162930.337078809738159 3.265404888888887
3.647808004126000 1486454171.243707895278931 3.270007166666665
2.022410896478000 2000471448.072660446166992 3.275487759259257
2.037302393022000 1444734304.940752506256104 3.280666907407405
3.601535598154000 1491620478.342689037322998 3.285272314814813
2.029129869556000 1959496079.785505533218384 3.290742537037035
2.023854852474000 1557448960.305853605270386 3.295896296296295
3.578399395168000 1490119284.006087541580200 3.300495962962961
3.593823530492000 1962901151.728947639465332 3.305965999999998
3.596059023828000 2136978272.323556900024414 3.310394555555554
3.679799980059000 2138246563.304249763488770 3.314819833333331
2.035122067440000 2226391055.224480152130127 3.319338092592591
3.594940861022000 1569762082.844624519348145 3.324532555555554
3.733801237628000 1963097634.609715700149536 3.329997944444442
2.029854785524000 2226957438.426879405975342 3.334510796296294
2.023854852474000 1571748508.247882366180420 3.339702925925924
2.002969291676000 1492054931.647506475448608 3.344301907407405
3.571797464921000 1486880896.944514274597168 3.348954740740739
2.036576158986000 1960759037.616023302078247 3.354413407407406
3.586111462830000 1558552005.526531696319580 3.359560296296295
3.711811996698000 1962342886.165097713470459 3.365029555555554
2.002969291676000 2228066666.393096446990967 3.369542351851850
2.021688918480000 1571977659.369583368301392 3.374734685185183
3.655520071788000 1408688244.561984539031982 3.379342166666665
3.704095131840000 1662102796.107386827468872 3.395195555555554
3.647808004126000 2158678269.646987438201904 3.401176351851850
1.996247918214000 1712078465.106991052627563 3.412026185185183
3.812131239852000 1488553952.269690513610840 3.421949222222220
2.050018905910000 1723948623.021419763565063 3.432243499999998
2.150839507840000 1556405222.969835042953491 3.437387444444442
2.002253977244000 1487885282.186665058135986 3.441989074074072
2.243335876320000 1490959960.383124113082886 3.446588685185183
2.050018905910000 1356579902.992146253585815 3.451200759259258
3.602655326389000 1488431093.957303047180176 3.455806870370369
3.602655326389000 1961012406.208521604537964 3.461276055555554
3.610369791756000 2136634061.442300081253052 3.465702370370369
2.029129869556000 2138108902.804247140884399 3.470123574074073
3.665510807550000 1557452686.857060670852661 3.475272092592591
2.029129869556000 2000155936.720745325088501 3.480775037037036
3.594940861022000 1565066606.544704914093018 3.485949703703702
2.023133412062000 1961559524.252626657485962 3.491422574074073
2.023133412062000 1553267769.517397642135620 3.496566370370369
3.584995284270000 1492813640.312771558761597 3.501170370370369
3.632383868802000 1958532513.461636543273926 3.506621388888888
3.664371049325000 2183240356.695895671844482 3.511104925925925
3.594940861022000 2193411697.467773437500000 3.515543999999999
3.593823530492000 2147992292.519600391387939 3.520012962962962
2.031303269030000 2138721746.825509548187256 3.524449370370369
2.029129869556000 1558954425.503573179244995 3.529593166666666
2.016412038600000 1492558974.524035692214966 3.534195907407407
3.601535598154000 1491405722.062068223953247 3.538795388888888
2.029854785524000 1962366279.601973295211792 3.544257518518518
2.021688918480000 1559137264.780713796615601 3.549403425925926
3.619209618402000 1488837639.473937988281250 3.554010685185185
3.618084257123000 2195677126.264518737792969 3.569431574074074
2.029854785524000 2067590395.073626518249512 3.575349833333333
2.031303269030000 1480761564.879294872283936 3.585266111111111
2.131435176858000 1468777936.264959573745728 3.594847444444444
2.163509331116000 1811324241.586657524108887 3.605500166666666
3.903519475702000 1491920887.451112985610962 3.610102611111111
3.640095936464000 2000283392.783692836761475 3.615595314814815
2.043297532448000 1992896516.250092744827271 3.620095574074074
3.577285616992000 1558017457.139056921005249 3.625246814814814
3.602655326389000 1960834832.612547636032104 3.630702111111111
3.601535598154000 2136068680.986329793930054 3.635141314814815
2.029854785524000 2138310554.795294523239136 3.639566370370370
3.610369791756000 1557306422.216230630874634 3.644717759259259
3.667789475650000 1961908287.319003582000732 3.650187740740741
3.663232139450000 2183106571.906767845153809 3.654679925925926
2.049286788790000 2192040116.174294948577881 3.659098574074074
2.022410896478000 1562004803.252754211425781 3.664272537037037
3.625798722490000 1492957494.263054132461548 3.668872351851852
2.035848842634000 1958535064.460089683532715 3.674340851851852
2.023133412062000 1558783680.729333400726318 3.679484055555556
3.764659099096000 1492018431.028515577316284 3.684085796296297
2.036576158986000 2081235032.324557065963745 3.689619944444445
2.035122067440000 1578053328.314643621444702 3.694835018518519
2.034395292246000 1492673734.582571268081665 3.699432388888889
2.029854785524000 1491244801.082260608673096 3.704031814814815
2.029129869556000 1492965048.363918781280518 3.708632351851852
2.029129869556000 1492896040.780006170272827 3.713231555555556
3.781263780420000 1492780974.821271896362305 3.717837148148149
3.577285616992000 2077071177.595291137695312 3.723386907407408
3.618084257123000 2255910409.305444240570068 3.737747277777778
3.618084257123000 2067320528.278959274291992 3.743660259259260
2.035848842634000 1896449888.346358299255371 3.754283388888889
2.017850929500000 1488385635.365300655364990 3.764209000000000
3.825185560352000 1476087041.509018421173096 3.773625962962963
3.616959733478000 1961913269.495700836181641 3.779083481481482
3.827564969568000 2119014079.209658622741699 3.783514759259260
3.610369791756000 2101402200.361874341964722 3.787966888888890
2.035848842634000 2028430735.389691591262817 3.792412000000001
2.042567815712000 1555739859.998847723007202 3.797554814814815
2.035848842634000 1456818147.581499338150024 3.802275370370371
3.608124286104000 1462375953.100418090820312 3.806877796296297
3.710657841527000 1960951964.444685220718384 3.812348666666667
2.042567815712000 2228012365.980398654937744 3.816853259259260
3.593823530492000 1571398843.889384508132935 3.822043074074075
3.619209618402000 1963109020.340980529785156 3.827510962962964
3.610369791756000 2137970022.994679450988770 3.831924222222223
3.616959733478000 2138712544.252220869064331 3.836360074074075
2.029129869556000 2138701199.709464788436890 3.840796333333334
2.037302393022000 1510290468.768560171127319 3.845941018518519
3.733801237628000 1470845992.790519237518311 3.850549148148148
2.017850929500000 2058578274.887327432632446 3.857074111111111
2.023133412062000 1571296862.131297826766968 3.862268129629630
3.523317946046000 1492772793.041912555694580 3.866875611111111
3.602655326389000 1961789659.623615503311157 3.872327092592593
3.584995284270000 2138624459.963183641433716 3.876763518518519
3.600414618826000 2138465053.718524932861328 3.881196777777778
3.615833953382000 2138226607.575884342193604 3.885626037037037
3.702943376160000 2179083295.466750621795654 3.890108962962963
2.049286788790000 2135238512.954357147216797 3.904654333333334
3.756944633729000 1477852172.344327926635742 3.910813407407408
2.043297532448000 2146459624.282954216003418 3.918893759259260
2.015691923400000 1851124609.910293817520142 3.928542537037037
2.129914465726000 1488129249.746971130371094 3.937892222222223
2.035848842634000 1726508576.205847501754761 3.945866481481482
2.143352411882000 1491850032.794009208679199 3.950468722222223
3.673227672408000 1491231954.598618268966675 3.955076185185186
2.158330257954000 1993403435.686043739318848 3.960579425925927
3.661204749048000 1436335530.574799776077271 3.965757074074075
2.041838641920000 1999493209.926440954208374 3.971255296296297
2.036576158986000 1559563843.982642412185669 3.976431833333334
3.610369791756000 1491414577.048388957977295 3.981035722222223
2.043297532448000 1962810122.468875169754028 3.986506500000001
2.044755608560000 1557909045.437698125839233 3.991652740740741
2.029854785524000 1490260163.124530315399170 3.996259537037038
2.036576158986000 1492720932.105127573013306 4.000859240740741
3.587226395655000 1492836260.960981607437134 4.005456777777779
3.663232139450000 1957876580.152671575546265 4.010915111111112
3.619209618402000 2183017238.824400901794434 4.015414000000001
2.029129869556000 2148854587.644615650177002 4.019899074074075
2.015691923400000 1557975466.351744890213013 4.025042425925927
1.975378084932000 1492754155.152550220489502 4.029639574074075
3.593823530492000 1491093183.904159069061279 4.034239796296297
2.035848842634000 1963148841.478490829467773 4.039707333333334
3.555263192182000 1558485272.674249172210693 4.044850833333334
2.042567815712000 1960659551.057832479476929 4.050303981481482
2.035848842634000 1558802345.124940156936646 4.055449407407409
3.600414618826000 1491991366.004244565963745 4.060056518518520
3.616959733478000 1961983150.011701345443726 4.065516462962965
2.014252764600000 2238634833.796529293060303 4.080748796296298
2.022410896478000 1518493873.066846847534180 4.087760944444446
2.023133412062000 1881675633.776498079299927 4.098463981481483
3.718372306894000 1487963763.871519327163696 4.107822351851854
3.557474699538000 1726669260.448309183120728 4.118112870370372
3.958751672153999 2137538026.264725446701050 4.122550592592594
3.726086772261000 2226487984.257778644561768 4.127067814814816
2.041838641920000 2244324183.486851692199707 4.131502888888890
3.664371049325000 1486412365.298483848571777 4.136737370370371
3.616959733478000 1997513812.080174684524536 4.142229074074074
2.041838641920000 2148628491.896981716156006 4.146713000000000
2.036576158986000 1557875267.145910263061523 4.151860000000000
2.035122067440000 1488405023.093527793884277 4.156466870370370
2.023133412062000 1492808913.532458066940308 4.161069111111111
2.051481778325000 1491674507.454042911529541 4.165673870370370
3.601535598154000 1491510292.157991409301758 4.170273740740741
3.732640748408000 1953917903.436013221740723 4.175772685185185
3.600414618826000 2226740801.509495735168457 4.180287314814815
3.601535598154000 2159529980.014691352844238 4.184799888888889
2.029854785524000 2138287469.822961330413818 4.189218259259259
3.732640748408000 1558883814.321698427200317 4.194364555555556
2.036576158986000 2041484709.762577295303345 4.199878240740741
2.017131082200000 1570026317.479115247726440 4.205069833333334
2.035848842634000 1492656498.823377847671509 4.209665537037037
3.602655326389000 1492743196.294151782989502 4.214270870370370
2.030578622748000 1962607313.249496221542358 4.219728240740741
2.023133412062000 1558004205.069124460220337 4.224871944444445
2.014972344000000 1483423948.973976850509644 4.229482518518519
2.034395292246000 1397284788.643000841140747 4.234092500000000
3.587226395655000 1948187508.724350452423096 4.250808166666666
2.028405492960000 2020080890.659734487533569 4.256906018518518
3.616959733478000 1486228876.293022632598877 4.264913740740741
3.558580453216000 1706082459.463623762130737 4.275129759259260
3.866149293858000 1728463406.826044321060181 4.285889203703704
3.839414304444000 2170523044.786245346069336 4.292112592592592
2.050018905910000 2146537902.431180953979492 4.296604388888889
2.110511267068000 1554860253.494833946228027 4.301742925925925
3.662091957050000 1370976655.523494958877563 4.306357388888888
3.602655326389000 2000277891.311947107315063 4.311866870370370
2.058207948090000 2145843252.273993015289307 4.316356037037036
3.608124286104000 1557553595.643431901931763 4.321504500000000
2.029129869556000 1962472917.635004758834839 4.326962814814815
2.029854785524000 1556930523.680367231369019 4.332110851851851
2.029129869556000 1493087491.554869174957275 4.336715740740741
2.036576158986000 1492827479.700300455093384 4.341320351851852
3.578399395168000 1492855459.933131456375122 4.345923074074074
3.718372306894000 1955309793.786534070968628 4.351397444444444
2.022410896478000 2227142968.436072349548340 4.355913851851851
3.790158356896000 1570916091.495065927505493 4.361108222222222
3.618084257123000 2082551945.382910966873169 4.366649833333333
2.037302393022000 2169229587.900311946868896 4.371186222222222
3.594940861022000 1558215643.724696397781372 4.376332055555555
3.570687327506000 1963011569.641911268234253 4.381786944444444
3.531027613324000 2138554501.597644329071045 4.386220555555555
3.601535598154000 2138398328.236322879791260 4.390647018518518
3.736123512704000 2138403385.438435077667236 4.395077759259259
2.041109468128000 2227540860.435549259185791 4.399593129629629
3.732640748408000 1569091195.069495677947998 4.404785296296295
2.029129869556000 1957681701.186406612396240 4.410310851851851
3.599294890591000 2009155807.072434425354004 4.425350462962962
3.616959733478000 2086309728.283823966979980 4.431532703703703
2.042567815712000 1728013868.395403861999512 4.443141833333333
3.952262889472001 1850912793.707648038864136 4.452799648148147
2.050018905910000 1984537444.403717756271362 4.462954703703703
3.823994969888000 1568733894.356826782226562 4.468145833333333
2.043297532448000 1958521474.263410568237305 4.473611462962962
3.658930878144000 1448900951.785541057586670 4.478765518518518
3.619209618402000 1993460049.941779375076294 4.484268222222222
3.665510807550000 2147117781.117367982864380 4.488753629629629
3.678656274774000 2183060302.398976802825928 4.493242425925926
3.679799980059000 2191995388.400116443634033 4.497683722222222
2.049286788790000 2192951970.582452297210693 4.502110407407407
2.021688918480000 1563994034.340142965316772 4.507281981481482
3.651211614688000 1492777540.958554744720459 4.511886907407407
2.035848842634000 1999788982.027062177658081 4.517390037037037
2.029129869556000 1565482904.635666847229004 4.522559296296296
2.043297532448000 1492691626.765380382537842 4.527161703703704
2.029129869556000 1490821116.872242450714111 4.531761851851852
3.601535598154000 1491921007.252215862274170 4.536358148148148
3.610369791756000 1963438588.053594827651978 4.541825777777778
3.726086772261000 2138205654.366204261779785 4.546254999999999
3.733801237628000 2216967703.759325027465820 4.550792851851852
3.734962591272000 2248241377.582131385803223 4.555226814814815
2.035848842634000 2248514885.214145660400391 4.559662611111111
2.009690665138000 1570596729.437561750411987 4.564848037037037
2.035122067440000 1492775608.206208944320679 4.569452500000000
2.029854785524000 1492843157.518024444580078 4.574057851851852
3.603775888686000 1391531141.487406015396118 4.578681611111111
2.036576158986000 2137241859.608712196350098 4.594069555555556
2.023133412062000 1508239627.952514886856079 4.601030037037037
3.647808004126000 1481836995.187691926956177 4.610384907407408
2.190385223428000 1724811204.583035945892334 4.620632037037037
2.015691923400000 1478990027.242203712463379 4.630631500000000
3.886882101648000 1492118315.069870471954346 4.635236592592593
3.810945891298000 1993816057.559762001037598 4.640744555555556
3.574018980128000 2023861231.763002634048462 4.645234055555556
3.648942118591000 2123435464.324220418930054 4.649665425925926
2.049286788790000 2177646321.692666530609131 4.654143129629630
3.660953047175000 1564751758.210655689239502 4.659312000000001
2.030578622748000 1998721365.367968320846558 4.664809907407408
3.655520071788000 1565036401.741092920303345 4.669979074074075
3.591587621018000 2000806872.513657093048096 4.675467388888889
2.035848842634000 2146626468.818096876144409 4.679928962962963
3.579511930288000 1558064136.309461593627930 4.685071944444444
3.718372306894000 1963300730.149587631225586 4.690537592592593
3.734962591272000 2226252134.301210880279541 4.695058111111111
2.029129869556000 2247772633.537873268127441 4.699476333333333
2.049286788790000 1570995074.629527091979980 4.704668648148148
3.641227653224000 1492936372.850270986557007 4.709273018518519
2.036576158986000 2000645573.082885026931763 4.714756518518519
2.035848842634000 1564908924.960180521011353 4.719930314814816
2.043297532448000 1493043611.126748085021973 4.724535833333334
2.022410896478000 1492966719.416291236877441 4.729134777777778
3.593823530492000 1482102237.604636192321777 4.733736259259260
3.718372306894000 1962011433.501586198806763 4.739188074074074
3.736123512704000 2227925430.784482002258301 4.743689981481482
3.718372306894000 2155616089.011421680450439 4.748203759259259
3.610369791756000 2201557905.481427669525146 4.762572481481482
2.021688918480000 2129928560.607231616973877 4.768562018518518
2.022410896478000 1878711260.235883712768555 4.778259203703704
3.826374822032000 1488138058.645536184310913 4.787616740740741
2.157560881302000 1748963107.854439496994019 4.797945648148148
2.036576158986000 1564405463.087632894515991 4.803117055555555
3.957520733271000 1477870987.708904266357422 4.807724425925925
3.688661402124000 2035921484.529449701309204 4.813251055555555
3.710657841527000 2093380688.817125558853149 4.817700981481481
3.663232139450000 2246666233.165351390838623 4.822143703703704
2.028405492960000 2201413609.113945007324219 4.826638240740741
2.029854785524000 1565110249.200038909912109 4.831794740740741
3.579511930288000 1490675365.693498373031616 4.836391537037038
3.610369791756000 1961556348.780868530273438 4.841849277777778
3.616959733478000 2138327167.630057811737061 4.846270388888890
3.586111462830000 2127932043.945026874542236 4.850703537037038
3.657793942692000 2136488057.717548608779907 4.855133796296298
2.056740279372000 2185602605.797326087951660 4.860628666666668
2.043297532448000 1565352030.165113210678101 4.865800203703705
2.043297532448000 1492807643.312101840972900 4.870408444444445
2.035848842634000 1492492666.497664213180542 4.875010611111112
2.002253977244000 1492764736.412245273590088 4.879613407407408
2.035848842634000 1492239325.267397403717041 4.884206722222223
3.662091957050000 1493052322.702957391738892 4.888807444444446
2.029129869556000 2002315360.687305688858032 4.894308259259261
2.038029438795000 1565451041.681602478027344 4.899474407407409
2.023133412062000 1490451337.415404319763184 4.904071444444446
3.618084257123000 1493036751.465345382690430 4.908668388888890
3.648942118591000 1962828193.832599163055420 4.914116388888891
2.043297532448000 2169906296.593646049499512 4.918637351851854
3.718372306894000 1562455311.575245380401611 4.923818907407409
2.024577099265000 1683623734.888909339904785 4.939307592592595
3.724928680745999 1515760208.900494575500488 4.946307203703706
2.008255769520000 1781941465.262246608734131 4.956574611111114
3.812131239852000 1850846602.068498134613037 4.966220185185188
3.788980645277999 2124559707.151647567749023 4.976256981481484
3.863745898662000 2135379538.615847587585449 4.980688092592595
3.727245726414000 2219708573.334266662597656 4.985185888888891
2.049286788790000 2086738152.663883447647095 4.989639148148150
2.050018905910000 1569603526.645767927169800 4.994837666666669
3.687514445426000 1486172127.882978916168213 4.999440833333336
2.049286788790000 1999534977.610157728195190 5.004945148148150
2.029129869556000 1564558726.430295228958130 5.010116962962964
3.611492753544000 1492590916.777388572692871 5.014716407407409
3.656656583958000 1961351189.810626506805420 5.020181796296298
3.621459503326000 2181461621.176228046417236 5.024676703703705
3.618084257123000 2148713673.732171058654785 5.029163814814817
3.669801624328000 2138451216.457662105560303 5.033599888888891
3.733801237628000 2183189923.374804496765137 5.038095074074076
3.740352816070000 2238387190.287413597106934 5.042579518518520
2.063461652834000 2248425301.310371875762939 5.047018462962965
2.056740279372000 1571029886.450738906860352 5.052212814814817
2.035848842634000 1492725743.865524530410767 5.056813407407410
3.618084257123000 1492868570.188342571258545 5.061420851851855
3.647808004126000 2002407880.896512746810913 5.066913740740744
2.036576158986000 2193451277.625605106353760 5.071355574074077
2.042567815712000 1564393320.565514087677002 5.076519018518521
3.655520071788000 1493063047.038797140121460 5.081120814814818
2.082881654180000 2001806689.619590759277344 5.086612462962965
2.002969291676000 1563612818.756075620651245 5.091775037037039
2.003683541652000 1488352780.868547916412354 5.106371129629632
3.586111462830000 1481781186.549027442932129 5.112947000000002
3.594940861022000 2107485756.100306749343872 5.122816722222225
2.124711406584000 2198407953.479493618011475 5.131838629629632
2.144118134378000 1620154758.758184194564819 5.141647444444447
2.035848842634000 1492062975.402747392654419 5.146251240740743
2.144118134378000 1489832727.097147941589355 5.150853611111113
3.694080410098000 1492665076.619876861572266 5.155457870370372
3.620334560864001 1936312858.840830564498901 5.160973314814817
2.049286788790000 2157063976.050559997558594 5.165482814814817
2.028405492960000 1557886483.626823186874390 5.170628425925928
2.050749933570000 1490969406.220091819763184 5.175233574074076
3.809761425027999 1492519617.232581853866577 5.179835537037039
3.593823530492000 2080402413.573176860809326 5.185381333333335
2.035848842634000 2168001454.860500812530518 5.189912759259260
3.610369791756000 1558723120.378532886505127 5.195059333333335
2.015691923400000 1961007745.956975936889648 5.200531722222224
2.022410896478000 1557991186.001296281814575 5.205675055555558
2.035848842634000 1492557332.067333936691284 5.210277870370373
3.616959733478000 1492714642.875834941864014 5.214877629629632
3.593823530492000 1962312822.406102180480957 5.220345055555558
2.038029438795000 2138646822.365537643432617 5.224781444444447
2.034395292246000 1558654463.281723022460938 5.229919666666669
3.603775888686000 1492747242.672928571701050 5.234525240740743
3.665510807550000 1961972267.282044410705566 5.239982092592595
2.023133412062000 2183421188.162053108215332 5.244476740740743
2.028405492960000 1565593369.999570131301880 5.249648518518521
2.009690665138000 1483875560.772459030151367 5.254255259259262
3.601535598154000 1490863820.983066558837891 5.258864796296299
2.016412038600000 2072523718.970036268234253 5.274718648148151
2.047823644010000 1479393956.113917112350464 5.280827055555559
3.618084257123000 1779165728.527526378631592 5.289594740740744
3.778913154380000 1938232625.972423315048218 5.299740259259262
2.041109468128000 2247119424.977093219757080 5.308713814814817
2.145648155035000 1683155552.505437374114990 5.315729666666670
2.164282254764000 1487999010.347102642059326 5.320332851851854
2.164282254764000 1487064553.773349523544312 5.324934814814817
3.851912464544001 1491383947.467952013015747 5.329537296296299
2.015691923400000 1852212116.045610904693604 5.334968111111114
3.731478962552000 1538251740.614334583282471 5.340122740740743
3.748064883732000 2040367644.694533824920654 5.345651629629632
3.672085514692000 2240948457.101300716400146 5.350133333333336
2.036576158986000 2199120510.549535751342773 5.354607814814817
3.610369791756000 1565009913.964404344558716 5.359780092592595
3.685220958884000 1960179807.535696983337402 5.365237574074076
2.042567815712000 2181538792.695424556732178 5.369737037037039
2.050018905910000 1565170755.972916126251221 5.374911629629632
2.041838641920000 1491290219.005121946334839 5.379514092592595
2.042567815712000 1490384234.908073186874390 5.384119203703706
3.663232139450000 1493019687.892549991607666 5.388718759259262
3.673227672408000 2001398336.470159530639648 5.394209092592595
3.664371049325000 2191029452.639686584472656 5.398633018518521
3.616959733478000 2193050873.871005535125732 5.403053537037040
3.587226395655000 2148710617.523199081420898 5.407525703703707
3.680944537266000 2138087939.983608961105347 5.411931907407411
2.037302393022000 2183406089.360122203826904 5.416420611111114
3.626926483260000 1565134601.736287832260132 5.421587018518522
2.051481778325000 1963153156.689122200012207 5.427060111111114
2.042567815712000 1558102136.698288202285767 5.432203907407410
3.647808004126000 1394728038.643001556396484 5.436819759259262
2.021688918480000 1639804251.127140045166016 5.452760629629632
2.023133412062000 1480212103.370501518249512 5.458893907407409
2.035122067440000 1755405731.651957750320435 5.467583148148150
3.587226395655000 1654695663.852119207382202 5.478338555555557
3.818660356665000 1920097277.729189872741699 5.488375111111113
3.588342158970000 2112654275.404883861541748 5.494554296296298
2.158330257954000 2137285877.598877906799316 5.498976611111113
2.044026163296000 1551945980.184336662292480 5.504122185185187
2.144118134378000 1491302723.278234720230103 5.508724481481483
3.601535598154000 1407127671.879894971847534 5.513335259259261
3.615833953382000 1942279078.438483953475952 5.518798611111112
3.790158356896000 2135863699.815969467163086 5.523216148148149
3.670944207112000 2270915177.877893447875977 5.527745888888890
3.648942118591000 2211839858.336851596832275 5.532263648148149
2.050749933570000 2192316093.781377792358398 5.536690018518519
2.036576158986000 1564940162.664601087570190 5.541854018518519
3.616959733478000 1491331767.091214895248413 5.546457314814815
2.035848842634000 1963177964.982166051864624 5.551924370370370
2.042567815712000 1557064392.711237907409668 5.557064703703704
2.029129869556000 1492798864.962769031524658 5.561665629629630
2.036576158986000 1492852156.256043195724487 5.566262074074074
2.023854852474000 1492802394.968634605407715 5.570864314814814
3.620334560864001 1492863428.674946308135986 5.575464407407407
2.041838641920000 2001577542.267319202423096 5.580965111111110
3.571797464921000 1523419154.973074197769165 5.586721666666666
3.547551124520000 1959891583.955293178558350 5.592182796296295
3.609247665816000 2138442646.590318441390991 5.596600499999998
3.610369791756000 2138265964.241435289382935 5.601036629629628
3.651211614688000 2131505895.761923551559448 5.605455999999998
3.610369791756000 2182750826.238533496856689 5.609949814814813
2.035122067440000 2145975070.432440519332886 5.614426129629628
3.556368534186999 1921431658.546902179718018 5.629398740740739
2.022410896478000 1863178991.924084901809692 5.636670018518517
3.647808004126000 1486452489.144703626632690 5.646573018518517
2.144882717406000 2157710766.261238574981689 5.656474148148147
2.035122067440000 1634410917.284571170806885 5.666311759259258
2.150071384960000 1492203894.662333965301514 5.670916351851851
2.035848842634000 1491266318.285966873168945 5.675523203703703
3.808575635332000 1484695195.418466806411743 5.680131074074073
3.726086772261000 1840236611.814415693283081 5.685740981481481
3.618084257123000 2220824697.326641082763672 5.690260888888888
2.017131082200000 2158054490.330701828002930 5.694762537037036
3.594940861022000 1557234472.440605163574219 5.699911685185184
2.050749933570000 1961072145.424431562423706 5.705367999999999
2.036576158986000 1557493238.572539567947388 5.710511555555555
3.640095936464000 1492578065.501919984817505 5.715117018518518
2.050018905910000 1999571733.133948326110840 5.720615407407407
3.601535598154000 1564615265.484346389770508 5.725781018518518
3.593823530492000 1963100689.823328018188477 5.731249407407407
2.048555216400000 2138639674.281836748123169 5.735670407407406
2.035848842634000 1557885619.691953182220459 5.740816333333332
2.030578622748000 1493127429.544713258743286 5.745415388888888
3.740352816070000 1468198503.091441631317139 5.750024888888888
2.036576158986000 2040632217.194570302963257 5.755549888888887
2.035848842634000 1569856812.735364675521851 5.760742777777776
2.050018905910000 1491432121.224317312240601 5.765343981481480
3.589457507040000 1490719473.724396467208862 5.769952185185184
2.028405492960000 1962698642.797415018081665 5.775422314814813
2.028405492960000 1557971348.312586069107056 5.780570999999998
3.621459503326000 1492400351.001481294631958 5.785171592592591
2.022410896478000 1865862320.994325876235962 5.790654555555554
3.586111462830000 2012131411.183202505111694 5.805704574074073
3.709504545422000 1826508972.687303304672241 5.813189222222221
2.038029438795000 2208427033.097981929779053 5.822109425925925
3.836473937632000 1631590131.000079393386841 5.831917166666666
2.142587259120000 1936095594.092552661895752 5.842122740740740
3.877962640834000 1564449788.524831056594849 5.847293648148147
2.023133412062000 1989339516.085501432418823 5.852782833333332
2.030578622748000 1557012299.920576333999634 5.857959018518518
3.716059627996000 1368780100.499861717224121 5.863575388888888
2.043297532448000 2038996048.992493152618408 5.869106092592592
3.593823530492000 1570380258.172243356704712 5.874296425925925
3.679799980059000 1962236667.943083047866821 5.879761185185184
2.029129869556000 2180877689.008285999298096 5.884255648148147
2.037302393022000 1565390544.073928117752075 5.889425833333332
2.036576158986000 1489339815.675995588302612 5.894025222222221
3.616959733478000 1492569723.618090629577637 5.898624333333332
3.656656583958000 1962337154.380218982696533 5.904097592592592
2.048555216400000 2183490043.386361122131348 5.908592092592592
2.050018905910000 1565324671.137477397918701 5.913761425925925
3.616959733478000 1492860597.130296230316162 5.918361203703703
3.643492351232000 1962720704.917698383331299 5.923808648148147
2.042567815712000 2182365192.370320796966553 5.928300851851851
3.610369791756000 1565518711.752004384994507 5.933472388888887
3.672085514692000 1962191685.026325941085815 5.938927518518517
2.056005761868000 2183160106.240605831146240 5.943424648148146
2.035848842634000 1564930672.020786523818970 5.948598925925924
3.587226395655000 1492963251.164604187011719 5.953206277777776
3.621289358249999 1963679841.495630741119385 5.958674055555553
3.594940861022000 1992732568.758278369903564 5.963175870370368
3.673227672408000 1646062668.424710750579834 5.979215018518516
2.043297532448000 2191803170.667451858520508 5.985189925925924
3.615833953382000 1657587832.026930570602417 5.994987351851850
3.882789518368000 1954572137.667514801025391 6.005067999999998
2.036576158986000 2159829296.798775672912598 6.014083648148146
2.144118134378000 1562898626.426774978637695 6.019252648148147
3.664371049325000 1486970524.715563058853149 6.023857259259258
2.123195492648000 1995034178.262302160263062 6.029364333333332
2.042567815712000 1430439068.869341373443604 6.034543222222220
2.048555216400000 1488940694.211687564849854 6.039151166666665
3.625798722490000 1491228028.818884134292603 6.043754629629627
2.041109468128000 1960738864.391832590103149 6.049214259259257
3.600414618826000 1558656721.575855255126953 6.054358555555553
2.043297532448000 1961680406.297612905502319 6.059827999999998
2.035848842634000 1548286909.999320983886719 6.065009648148146
2.043297532448000 1492851143.872285127639771 6.069617129629627
2.031303269030000 1492724811.014793157577515 6.074225074074072
3.611492753544000 1492760702.308147430419922 6.078824722222220
2.036576158986000 1962440695.746336936950684 6.084297129629627
3.564082999554000 1559134586.347229480743408 6.089448166666664
2.035122067440000 1963189653.420751571655273 6.094916425925923
3.610369791756000 1557887010.817117214202881 6.100059166666664
3.609247665816000 1962734279.451572179794312 6.105525296296294
3.579511930288000 2138457420.395743370056152 6.109955777777776
3.572908429254000 2138474648.658361911773682 6.114387203703702
2.057473703844000 2138531276.720597028732300 6.118805351851850
2.043297532448000 1558510203.566105842590332 6.123936999999998
2.038029438795000 1493008634.620486736297607 6.128543777777776
2.036576158986000 1491956624.897453546524048 6.133148740740739
2.029854785524000 1392420519.260302066802979 6.137779259259258
3.702943376160000 1485097021.638922214508057 6.152394555555554
3.638962955216000 1930302989.133866071701050 6.159727907407405
3.641227653224000 1712036218.293620347976685 6.170569574074072
3.942091802537000 1713513492.893030166625977 6.181394888888887
3.799683899489000 1758995677.211419582366943 6.192306055555553
3.666650141600000 2156918575.752356052398682 6.196821499999998
2.056005761868000 2021740781.874722480773926 6.201323499999997
3.616959733478000 1563550817.245287895202637 6.206502370370368
2.030578622748000 1959357754.289393186569214 6.211938907407404
2.035122067440000 1557966802.501861333847046 6.217087666666663
3.664371049325000 1490274717.443035602569580 6.221686870370367
3.618084257123000 2001112906.220357418060303 6.227172740740738
3.663232139450000 2147631699.496106147766113 6.231660018518515
3.670944207112000 2180895360.499238491058350 6.236146851851848
3.756944633729000 2193399243.552625179290771 6.240572999999997
3.672085514692000 2238566576.187843799591064 6.245062148148145
3.616959733478000 2203624186.485826015472412 6.249532351851849
2.035122067440000 2148703061.199237823486328 6.254022240740738
3.593823530492000 1558790219.327443838119507 6.259168444444442
3.633513187857000 1961181485.472622871398926 6.264633222222220
3.685220958884000 2132711559.182446002960205 6.269067407407405
2.030578622748000 2183251174.908893108367920 6.273559481481479
2.029854785524000 1556355641.646489143371582 6.278721981481479
2.035848842634000 1492686283.495332956314087 6.283328759259257
3.609247665816000 1492792904.559799671173096 6.287923259259257
3.669801624328000 1962224255.283034801483154 6.293378351851850
3.571797464921000 2183019887.522402763366699 6.297873074074071
3.640095936464000 1946684306.449494361877441 6.302384481481479
3.656656583958000 1661264386.094077110290527 6.318431999999997
3.596059023828000 2114870475.754027843475342 6.324331796296293
3.654382289772000 1863489016.761875629425049 6.334977648148144
2.143352411882000 1897990456.152075052261353 6.345618592592589
2.042567815712000 1637202658.455138683319092 6.357014796296293
2.137396760916000 1489622505.982424736022949 6.361619333333330
3.803231425931000 1487092440.015923261642456 6.366224722222219
3.719528861556000 1961273877.575930118560791 6.371686611111108
2.035122067440000 1997032749.390504360198975 6.376107388888886
2.015691923400000 1555853968.824724435806274 6.381257481481478
3.593823530492000 1492552231.592682838439941 6.385855592592590
3.641227653224000 1959904588.063179016113281 6.391323888888886
2.043297532448000 2181924246.854600906372070 6.395820462962960
3.593823530492000 1563530922.195765495300293 6.401000129629627
2.022410896478000 1961920465.158930301666260 6.406452666666664
2.030578622748000 1557750132.090188026428223 6.411604870370367
3.643492351232000 1490584734.955607891082764 6.416208222222219
2.038029438795000 2001708556.104749917984009 6.421711981481478
3.608124286104000 1565560829.265145540237427 6.426878537037034
2.029129869556000 1962286551.034158229827881 6.432348185185182
3.723769295274000 1559305624.527690649032593 6.437494296296293
3.717216613084000 2032113743.886215925216675 6.443048685185182
2.029854785524000 2248248698.568425178527832 6.447488240740738
2.035848842634000 1570967539.550701141357422 6.452683166666664
2.030578622748000 1493032242.486679792404175 6.457284870370367
3.609247665816000 1492938758.412914514541626 6.461882629629627
3.587226395655000 1963358217.953233718872070 6.467350333333330
3.609247665816000 2133857427.629351854324341 6.471781611111108
3.655520071788000 2132175732.042523145675659 6.476207962962961
2.027681116364000 2124611830.587906599044800 6.490520203703701
2.023854852474000 1478714770.690181493759155 6.496646074074071
3.663232139450000 1755887133.758503437042236 6.505360092592590
2.021688918480000 2118768393.529207706451416 6.515289611111108
3.864947148867000 1488287509.581974029541016 6.525218555555553
2.035122067440000 1851183390.226374626159668 6.532639888888887
2.136633438804000 1563667752.863365173339844 6.537805722222220
3.877962640834000 1488058835.349435329437256 6.542413685185183
3.570687327506000 1956591359.708958387374878 6.547911185185183
2.029854785524000 2058512019.765287160873413 6.552408407407405
3.593823530492000 1557530197.329798936843872 6.557550203703702
2.029129869556000 1962703843.184004068374634 6.563018277777776
3.658930878144000 1557606679.395488977432251 6.568168444444443
2.028405492960000 2001428059.048217535018921 6.573651722222221
2.042567815712000 1565013338.205737352371216 6.578820666666665
2.035122067440000 1492529842.780089616775513 6.583417907407406
2.048555216400000 1447596640.544707059860229 6.588030648148147
2.038029438795000 1492046660.339113950729370 6.592635240740739
2.029129869556000 1492463379.307015180587769 6.597237981481480
3.583880351445000 1487537043.063239097595215 6.601847481481480
2.029129869556000 1961737171.591385841369629 6.607319999999999
2.036576158986000 1557464349.892864227294922 6.612462314814813
2.024577099265000 1492958315.240989923477173 6.617068314814813
3.602655326389000 1492796004.776897192001343 6.621673814814813
3.593823530492000 1963626835.844352722167969 6.627141074074072
2.035122067440000 2138574347.503738164901733 6.631562129629628
3.586111462830000 1556979610.213262557983398 6.636703592592591
2.036576158986000 1962985330.314069271087646 6.642158277777776
3.615833953382000 1551291434.081534385681152 6.647343555555554
2.016412038600000 1930035681.041464328765869 6.652854314814813
3.600414618826000 1491526499.014938354492188 6.668025388888887
2.036576158986000 2079552630.859392881393433 6.674120777777777
3.609247665816000 1693376267.222338676452637 6.684794092592591
3.877962640834000 2108878886.175329208374023 6.694681944444444
2.041838641920000 2206703445.709577560424805 6.703739370370370
2.152374324800000 1563990802.039608955383301 6.708998185185185
3.821035410720000 1492300424.521658658981323 6.713600314814815
3.601535598154000 1955043266.329954862594604 6.719063462962962
2.036576158986000 1978817407.362532377243042 6.723495814814815
3.611492753544000 1554949167.311812400817871 6.728638685185185
3.616959733478000 1963028339.724393844604492 6.734105425925926
3.586111462830000 2138243573.729263067245483 6.738538185185186
2.036576158986000 2138477539.667912244796753 6.742959148148149
3.621289358249999 1558203276.206952333450317 6.748097203703704
3.665510807550000 1962105280.666974544525146 6.753552462962963
2.028405492960000 2183168690.668395519256592 6.758037222222223
3.594940861022000 1563752674.696724414825439 6.763209148148149
3.733801237628000 1961610792.053087711334229 6.768684370370371
3.616959733478000 2228054011.706364631652832 6.773199166666667
3.679799980059000 2159013949.669526576995850 6.777710092592593
3.609247665816000 2183004156.447019577026367 6.782210018518519
2.037302393022000 2148863985.308229446411133 6.786687203703704
2.035848842634000 1558665358.540563344955444 6.791830740740742
2.028405492960000 1491779194.914401769638062 6.796433425925927
2.049286788790000 1492971951.646036624908447 6.801039888888890
2.037302393022000 1493029010.801637649536133 6.805644814814816
2.043297532448000 1492836430.822736501693726 6.810245314814815
3.616959733478000 1484364211.293143749237061 6.814871851851852
3.614709429737001 1960798407.407658576965332 6.820327666666667
2.043297532448000 2065641773.499443054199219 6.824833092592593
2.014972344000000 1970835004.236352682113647 6.839848629629630
2.010407311926000 1480872440.608034133911133 6.846428425925926
2.009690665138000 1645242739.856095790863037 6.857194333333333
3.780088029830000 1643532357.563943386077881 6.868964722222222
3.763489019056000 1910532542.707374334335327 6.879061425925926
3.881583023574000 2271909727.339719772338867 6.883584759259259
3.771201086718000 2211317613.421627998352051 6.888092685185184
2.022410896478000 1995237549.745229959487915 6.892573851851851
3.717216613084000 1556984009.034931182861328 6.897722592592592
2.035122067440000 2041705551.177802085876465 6.903245277777777
3.650077077834000 1570393695.724395036697388 6.908429296296295
2.036576158986000 2001843940.508901357650757 6.913915333333332
2.029854785524000 1565506206.610120534896851 6.919087537037035
2.037302393022000 1492851271.779525995254517 6.923691759259258
2.024577099265000 1491950276.665526628494263 6.928293518518517
3.632383868802000 1492912670.076232671737671 6.932899296296295
3.594940861022000 2001515334.440708398818970 6.938384407407406
3.602655326389000 2148933591.844496250152588 6.942863999999998
3.603775888686000 2138497314.782696008682251 6.947294981481480
2.036576158986000 2138379418.232079029083252 6.951716370370368
2.023133412062000 1557988975.737261056900024 6.956859907407406
3.701792477760000 1492805737.632402181625366 6.961464981481480
2.029129869556000 2041400424.523248195648193 6.966996240740738
3.588342158970000 1570856848.477502107620239 6.972190555555553
2.023133412062000 1962980059.432041168212891 6.977655870370368
3.586111462830000 1538454529.768281221389771 6.982807388888887
2.078386457385000 1960271960.042502164840698 6.988279870370368
3.557474699538000 1555295469.527284622192383 6.993420777777776
2.038029438795000 1634665844.840103387832642 7.008878666666665
2.007538588718000 1476561138.378096342086792 7.014983518518517
3.687514445426000 1483130091.462596893310547 7.025339907407406
3.615833953382000 1991216294.948323726654053 7.035434833333332
2.143352411882000 2138227234.349512100219727 7.044471351851850
3.810945891298000 1564294799.944135427474976 7.049642592592591
2.009690665138000 1962779378.424814224243164 7.055107203703702
2.143352411882000 1557224936.742623567581177 7.060244944444444
3.662091957050000 1488551464.653562784194946 7.064856703703703
3.664371049325000 1894274212.793496131896973 7.070350814814814
3.641227653224000 2190315275.214417457580566 7.074785740740740
3.578399395168000 2191951905.012399673461914 7.079221407407407
3.569575949714000 2148585858.419198989868164 7.083710925925925
3.613737841272000 2137450388.067195415496826 7.088136944444444
2.014972344000000 2138214775.546750307083130 7.092562925925925
2.042567815712000 1558555491.554224252700806 7.097706851851851
3.580625294112000 1492586232.706376552581787 7.102308740740740
3.641227653224000 1962984704.086823940277100 7.107768925925924
3.602655326389000 2182349354.154220104217529 7.112263462962962
2.035122067440000 2148797936.307623863220215 7.116753796296295
2.028405492960000 1558601359.456217527389526 7.121894740740739
3.648942118591000 1492706502.169000625610352 7.126492351851851
2.007538588718000 1998312403.819695472717285 7.131943629629628
2.008972950322000 1565262949.249622821807861 7.137110166666665
2.023854852474000 1492754350.055293083190918 7.141715259259258
3.709504545422000 1492751675.416737318038940 7.146307814814814
3.632383868802000 2042314299.789211034774780 7.151833796296295
3.663232139450000 2202980591.733546733856201 7.156324055555555
2.036576158986000 2238548714.691130161285400 7.160813537037036
3.632383868802000 1571345523.086039781570435 7.166001055555554
2.036576158986000 1898460907.657026290893555 7.171484037037036
3.604896033952000 1491407578.595538616180420 7.186620722222221
3.578399395168000 2022809338.615979433059692 7.192715685185184
3.561866282436000 1737275574.911507844924927 7.201572925925925
2.036576158986000 1690568834.636265754699707 7.212365296296295
3.903519475702000 1488132445.142534732818604 7.222245277777777
3.957520733271000 2178809722.424177646636963 7.229504555555555
2.156790358038000 2247650195.823270797729492 7.233944499999999
3.619209618402000 1571082802.002042055130005 7.239131796296295
3.630123968883000 1829906216.349833250045776 7.244600648148147
2.042567815712000 2136698769.038180589675903 7.249038611111110
3.611492753544000 1557998933.836639165878296 7.254179925925925
2.035848842634000 1960863865.762537240982056 7.259647296296295
2.035848842634000 1557825125.577584981918335 7.264801259259258
2.037302393022000 1492687974.630055189132690 7.269402796296295
3.603775888686000 1492877714.506321907043457 7.274007685185184
3.625798722490000 1962825355.739260196685791 7.279473611111110
2.035122067440000 2182221981.793762207031250 7.283940944444444
3.647808004126000 1565938492.177201986312866 7.289111018518518
2.029129869556000 2001898208.257595300674438 7.294602259259258
3.555263192182000 1565173026.450062751770020 7.299774129629628
2.028405492960000 1954664610.613836526870728 7.305244277777776
2.016412038600000 1558562946.428571462631226 7.310387981481480
3.609247665816000 1492674848.403153181076050 7.314990222222220
3.589457507040000 2000996834.237435579299927 7.320483018518517
3.571797464921000 2149071168.891123771667480 7.324975722222221
3.537636734007000 2138283901.107641458511353 7.329399537037036
2.035848842634000 2138467851.891458272933960 7.333832722222221
2.021688918480000 1548983531.626965999603271 7.338986259259258
3.724928680745999 1395171203.423988103866577 7.343589944444443
2.028405492960000 2095696588.440774202346802 7.359430425925924
3.587226395655000 1471781218.688034296035767 7.365584888888887
2.014972344000000 1848258288.309897661209106 7.376625092592591
2.144882717406000 1663825408.330047607421875 7.387943777777776
3.641227653224000 1649561917.459300041198730 7.398805759259258
2.129154110160000 2000524468.955486059188843 7.404305925925924
3.647808004126000 1565700786.048709154129028 7.409479481481480
2.049286788790000 2002161718.026827335357666 7.414981055555554
2.035122067440000 1435416111.915098905563354 7.420163555555554
3.771201086718000 1490940045.553328275680542 7.424773537037035
2.035848842634000 2080911913.982231140136719 7.430315888888887
2.035122067440000 1577564507.016228437423706 7.435527351851850
2.035848842634000 1491924740.139799356460571 7.440129185185183
2.037302393022000 1492788616.119921922683716 7.444732185185184
3.709504545422000 1492795081.769404649734497 7.449336370370369
3.657793942692000 2042157576.610916137695312 7.454860314814813
2.036576158986000 2203692737.222815513610840 7.459350740740740
2.023133412062000 1560684814.728585004806519 7.464520833333332
3.593823530492000 1492968309.391197204589844 7.469119111111111
2.015691923400000 1962159168.751463890075684 7.474574537037037
3.672085514692000 1558444082.808280706405640 7.479718055555555
2.031303269030000 2000911342.288657665252686 7.485218611111111
3.549757834680000 1565372057.087670326232910 7.490395833333333
3.618084257123000 1959041518.999385118484497 7.495845814814815
2.042567815712000 2137335180.170971393585205 7.500284500000000
3.633513187857000 1557087322.016812801361084 7.505428296296296
2.035848842634000 2001939540.581104993820190 7.510931222222222
2.137396760916000 1564808938.876077413558960 7.516094685185185
3.546446947880000 1491177680.933351516723633 7.520700944444444
3.555263192182000 1655779818.755142211914062 7.536163962962963
2.050018905910000 2127068076.197271823883057 7.542081351851852
2.017131082200000 1819778697.894667387008667 7.551639092592593
3.964002778268000 1825837399.141225814819336 7.562235592592593
3.809761425027999 1770616337.112980365753174 7.572563814814815
3.588342158970000 2158527064.859464645385742 7.577068425925926
3.548654068820000 2138111483.019073247909546 7.581488962962963
3.711811996698000 1954029660.180330276489258 7.586553740740741
2.048555216400000 2224320165.043655395507812 7.591077796296297
3.664371049325000 1569730521.044014215469360 7.596269296296296
2.030578622748000 1989194944.760629415512085 7.601800777777778
3.632383868802000 1563832367.709540367126465 7.606978777777778
3.600414618826000 2000855245.460659265518188 7.612486185185185
3.601535598154000 2148862184.021347522735596 7.616976203703704
2.049286788790000 2138712608.413969039916992 7.621406666666667
2.028405492960000 1559002798.299439668655396 7.626555296296297
2.035848842634000 1490878174.303221464157104 7.631161148148148
3.611492753544000 1492763812.426861286163330 7.635766166666667
2.029129869556000 1961817079.257506370544434 7.641220259259260
2.023133412062000 1558594079.082376480102539 7.646363981481482
2.024577099265000 1492679918.795466184616089 7.650961425925926
3.525510672719000 1492792216.101371049880981 7.655563518518519
2.009690665138000 1962609573.766053676605225 7.661035648148149
3.578399395168000 1559010009.282512187957764 7.666182722222223
2.028405492960000 1963268208.421394824981689 7.671650277777778
3.594940861022000 1558410664.804991960525513 7.676796314814816
2.035848842634000 1962891603.975991725921631 7.682251277777778
3.750396320988000 1556553394.640419483184814 7.687406462962963
2.023133412062000 2182660427.894468784332275 7.702776296296297
2.022410896478000 1517779868.924258470535278 7.709778185185185
3.586111462830000 1657189498.805040121078491 7.720540981481482
3.881583023574000 1740775141.009393453598022 7.730755037037037
3.657793942692000 2140479752.308187246322632 7.739732740740741
3.794337289704000 2191510901.335512638092041 7.744174092592592
3.724928680745999 2148770287.166832447052002 7.748661740740740
2.048555216400000 1969249249.023730754852295 7.753100407407406
3.638962955216000 1557349865.430837154388428 7.758247148148147
2.056005761868000 2000803528.765572309494019 7.763742722222221
2.029129869556000 1564713213.530277013778687 7.768916851851851
2.049286788790000 1492673640.773184776306152 7.773521185185184
2.029854785524000 1492475213.345081806182861 7.778123796296295
3.664371049325000 1492670440.965222597122192 7.782726074074073
3.609247665816000 2000386904.280281543731689 7.788218962962962
2.035848842634000 2148768566.515322208404541 7.792709574074073
3.602655326389000 1559015934.706568241119385 7.797855574074073
2.035122067440000 1962515418.636364936828613 7.803328148148147
3.579511930288000 1558107955.527392148971558 7.808471555555554
3.618084257123000 1963162516.369395017623901 7.813944166666666
3.603775888686000 2138273749.363091945648193 7.818378203703703
2.029854785524000 2138359828.649043798446655 7.822809222222221
2.036576158986000 1557991937.926359653472900 7.827945296296296
2.029129869556000 1492934869.719342947006226 7.832552870370369
2.035122067440000 1492931979.801721811294556 7.837151722222221
2.049286788790000 1492947081.261165618896484 7.841754166666665
3.668660316748000 1492892829.122862100601196 7.846356888888887
3.619209618402000 1994002470.085643053054810 7.851844777777776
3.672085514692000 2113909862.812313079833984 7.868018888888887
2.023133412062000 1878526700.269902944564819 7.875010425925924
3.726086772261000 1502335417.182470798492432 7.885781092592591
3.717216613084000 1783546443.777445077896118 7.896041407407406
2.150839507840000 1935557118.522241830825806 7.906836537037035
2.129914465726000 1576364736.387208461761475 7.912043037037035
2.030578622748000 1488247834.889213800430298 7.916653185185184
2.156790358038000 1492659867.119254827499390 7.921257703703702
2.041838641920000 1351647906.893889904022217 7.925935759259258
3.602655326389000 1489473526.858906269073486 7.930544203703702
2.023133412062000 1960404873.184596300125122 7.936004166666665
2.035848842634000 1558955085.413645267486572 7.941150148148147
3.663232139450000 1492442681.265148162841797 7.945757425925924
2.029129869556000 2001979448.459643840789795 7.951261203703702
3.571797464921000 1564545017.490357875823975 7.956422777777776
2.043297532448000 1963241099.951269626617432 7.961895074074072
2.035122067440000 1558934920.692011594772339 7.967043777777776
2.035848842634000 1492708707.789356708526611 7.971640981481480
2.016412038600000 1491890118.924321174621582 7.976236185185184
2.029129869556000 1482900953.637617826461792 7.980867574074073
3.655520071788000 1492696536.744298458099365 7.985471462962962
3.594940861022000 2042030476.765238285064697 7.990994796296295
3.678656274774000 2158711333.642759799957275 7.995503333333333
3.619209618402000 2180357483.897309780120850 7.999948185185184
3.603775888686000 2193417181.752208709716797 8.004388296296295
2.015691923400000 2149057848.299710750579834 8.008865203703703
2.029854785524000 1558965464.406974792480469 8.014013944444443
2.023133412062000 1492691639.522258520126343 8.018618944444443
2.082881654180000 1492726725.154910802841187 8.023218370370369
2.021688918480000 1490785900.154201984405518 8.027829925925925
3.717216613084000 2044920734.355646371841431 8.043946851851851
2.023133412062000 2170314771.931714057922363 8.050136518518517
3.724928680745999 1677155315.252766370773315 8.060805499999999
2.002253977244000 1742762745.533177137374878 8.071069444444444
3.825185560352000 1477748122.259126424789429 8.081094296296296
3.594940861022000 1962075673.737756490707397 8.086569555555556
2.144118134378000 2137942842.344449520111084 8.091003037037037
3.601535598154000 1553368724.555360078811646 8.096147648148149
3.624671801140000 1836385640.725251674652100 8.101585351851853
3.610369791756000 2134318429.280086755752563 8.106027759259259
3.609247665816000 2137270307.591541051864624 8.110466666666667
3.618084257123000 2137729643.329372167587280 8.114892370370372
3.663232139450000 2138016267.510167121887207 8.119318370370372
3.657793942692000 2183127474.084938526153564 8.123813111111113
3.654382289772000 2190155026.514723777770996 8.128244611111114
2.015691923400000 2193510451.348036289215088 8.132683166666670
2.029129869556000 1565412732.403242826461792 8.137854574074078
2.022410896478000 1492839298.431973695755005 8.142456962962967
2.029129869556000 1492524194.813816308975220 8.147059648148153
2.029129869556000 1493063059.512414932250977 8.151664351851856
2.022410896478000 1492070453.420672416687012 8.156266814814819
2.016412038600000 1493196354.758394002914429 8.160863370370373
3.556368534186999 1492959796.445854425430298 8.165463111111114
3.655520071788000 1963118753.489316225051880 8.170936166666669
1.996959771378000 2183179009.694947719573975 8.175421129629632
3.597176770496000 1564960322.547148466110229 8.180592925925929
3.655520071788000 1962893650.761380195617676 8.186058148148151
3.610369791756000 2183193334.906070232391357 8.190532537037040
2.031303269030000 2148694388.616281986236572 8.195019777777780
2.082881654180000 1557697215.748008728027344 8.200160462962966
3.579511930288000 1490430567.840085029602051 8.204766611111115
3.694080410098000 1635504605.330924987792969 8.220227759259263
3.594940861022000 2011851238.195598602294922 8.227081370370374
1.996959771378000 2134328032.412600755691528 8.236903796296300
2.129914465726000 1487741762.616364479064941 8.247789129629632
3.609247665816000 1475482429.132604122161865 8.257208129629632
2.164282254764000 1962266944.120184898376465 8.262681185185187
3.808575635332000 1558760664.086664915084839 8.267830000000002
2.022410896478000 1852846427.593758583068848 8.273309500000002
2.028405492960000 1557119026.889341354370117 8.278456796296298
3.602655326389000 1492594734.681722640991211 8.283058537037039
2.036576158986000 1961684458.653950452804565 8.288526388888892
3.723769295274000 1559413203.250628709793091 8.293674111111114
2.016412038600000 2041412656.037240982055664 8.299195703703706
3.611492753544000 1570342349.478190898895264 8.304385981481484
2.029129869556000 1962795408.475775003433228 8.309858222222225
3.608124286104000 1558720675.772825241088867 8.315010074074078
2.042567815712000 1962099514.850714206695557 8.320479944444449
3.555263192182000 1550720826.414199113845825 8.325632055555559
3.601535598154000 1963194420.344865083694458 8.331096351851855
2.030578622748000 2138445557.071510076522827 8.335534740740744
3.578399395168000 1558084360.762636899948120 8.340680629629633
3.584995284270000 1963098271.149424552917480 8.346141333333337
3.600414618826000 2138420895.933148860931396 8.350582388888892
2.037302393022000 2117826637.031971454620361 8.355023296296299
3.619209618402000 1557324369.228113651275635 8.360172777777780
2.022410896478000 1962894014.035492897033691 8.365627203703706
2.000824412836000 1559287528.473599195480347 8.370773296296299
2.036576158986000 1404799286.073644638061523 8.375411185185188
3.601535598154000 1488528007.477610826492310 8.390032611111113
3.626926483260000 2074550891.715868473052979 8.396117425925928
3.619209618402000 2168234238.878097534179688 8.405889185185186
2.035848842634000 2132913421.639605522155762 8.414805962962964
2.163509331116000 1812016920.050355911254883 8.424426370370371
2.129154110160000 1491971872.800048112869263 8.429029796296296
3.871457966323999 1485258107.085955142974854 8.433632537037036
3.880376079601000 2001554404.110143423080444 8.439125722222222
2.043297532448000 2096544539.145709276199341 8.443616777777779
2.036576158986000 1568652139.028851985931396 8.448809944444445
2.030578622748000 1492293417.941417694091797 8.453415055555556
3.704095131840000 1492816393.086205005645752 8.458014555555556
3.593823530492000 2041358842.759511470794678 8.463520629629629
2.042567815712000 2157836748.459697246551514 8.468023111111110
3.647808004126000 1557906129.950628995895386 8.473161814814814
2.035122067440000 2001807862.765864133834839 8.478652296296296
3.598294517164000 1565290466.871680021286011 8.483819074074074
3.720684985792000 1959099978.293606042861938 8.489279148148148
2.043297532448000 2227995261.014439105987549 8.493780814814814
3.670944207112000 1571539009.062927484512329 8.498979037037037
2.030578622748000 2001420543.001050472259521 8.504479333333332
3.732640748408000 1565747070.785320043563843 8.509642833333332
3.593823530492000 2041875623.947482585906982 8.515152111111110
3.664371049325000 2159316176.743380546569824 8.519644499999998
2.029129869556000 2182557787.681031227111816 8.524136518518517
3.670944207112000 1565779932.328778982162476 8.529303111111110
2.043297532448000 2001831998.408207178115845 8.534794240740739
3.655520071788000 1564676467.735155582427979 8.539948629629627
2.036576158986000 1998843644.817304372787476 8.545445018518516
2.038029438795000 1972472483.589432001113892 8.560442129629626
2.042567815712000 1483502846.844817399978638 8.567018611111108
3.734962591272000 1487459108.204518556594849 8.576363055555552
2.144118134378000 1940329580.663652896881104 8.586571425925923
2.022410896478000 1643078413.086396455764771 8.596420499999997
2.164282254764000 1492286427.976686000823975 8.601024333333330
2.142587259120000 1479155386.557121276855469 8.605631481481478
3.810945891298000 1480995690.324120998382568 8.610285092592589
3.641227653224000 1829911714.471615314483643 8.615749685185181
2.035122067440000 2178260731.162630081176758 8.620252407407403
3.609247665816000 1564855537.168769121170044 8.625422518518514
3.580625294112000 1963118479.144095420837402 8.630892148148144
2.029854785524000 2138259109.413374185562134 8.635318277777774
3.647808004126000 1557561946.822958230972290 8.640459037037033
2.035848842634000 2001717618.331702232360840 8.645964981481477
3.602655326389000 1565087661.953658342361450 8.651131925925922
2.036576158986000 1961883684.838298559188843 8.656596962962960
3.609247665816000 1558680437.686555147171021 8.661740166666663
2.029854785524000 2001639781.423717975616455 8.667223462962959
2.035848842634000 1564956740.540017366409302 8.672389962962958
3.587226395655000 1493242960.210409402847290 8.676994740740735
2.021688918480000 1961488490.962020397186279 8.682465481481476
2.023133412062000 1558702681.663705348968506 8.687603944444438
3.647808004126000 1492090242.136594057083130 8.692208018518512
2.037302393022000 2001087368.818625926971436 8.697699425925919
2.029854785524000 1565627973.130317926406860 8.702868407407401
3.609247665816000 1492760607.268379211425781 8.707468240740734
2.116476519570000 1962779537.884460926055908 8.712933444444438
2.017131082200000 1481584169.250410318374634 8.718111833333326
2.008972950322000 1486599621.402180433273315 8.732727166666660
3.740352816070000 1482694200.182867050170898 8.739289314814808
3.598294517164000 1800951211.883722543716431 8.749591611111105
2.150839507840000 2178750258.006490707397461 8.758527648148142
3.839414304444000 1622682357.076179504394531 8.768327611111106
2.150071384960000 2001128922.347617626190186 8.773827907407401
3.572908429254000 1560466040.043777704238892 8.779005574074068
3.672085514692000 1961655083.235758066177368 8.784461962962958
2.029854785524000 1983679279.279279470443726 8.788901962962958
2.023133412062000 1557278348.512971162796021 8.794050185185181
2.034395292246000 1492236767.491524219512939 8.798654796296292
3.719528861556000 1492600241.429261207580566 8.803257018518515
3.602655326389000 2038877467.626285314559937 8.808781333333330
3.641227653224000 2159161787.870831966400146 8.813295703703702
3.741515702995000 2183030392.060043334960938 8.817796148148146
2.029129869556000 2237942546.391497135162354 8.822280925925924
3.718372306894000 1571551533.415934562683105 8.827467240740738
2.022410896478000 2040531581.178465366363525 8.832971574074071
3.633513187857000 1571215604.870637178421021 8.838163685185181
3.602655326389000 2001832317.904883146286011 8.843662185185181
3.609247665816000 2147962135.501578807830811 8.848148944444441
2.035848842634000 2131450409.470694303512573 8.852614962962960
2.023133412062000 1556719787.449756622314453 8.857765814814812
2.035848842634000 1492606322.843471765518188 8.862375203703701
2.021688918480000 1492705583.327635765075684 8.866979851851850
1.996247918214000 1493254172.741066932678223 8.872581685185184
2.023133412062000 1493030876.277451515197754 8.877180685185184
3.555263192182000 1492900378.868708610534668 8.881780148148147
2.023133412062000 1962016640.253565788269043 8.887248814814814
2.010407311926000 1555811056.874305248260498 8.892396944444444
3.602655326389000 1927502552.563843250274658 8.908404814814814
2.029129869556000 2023989160.056265592575073 8.914500240740740
3.642360212976000 1484826568.487281560897827 8.922517814814814
3.586111462830000 1761504470.264204025268555 8.932764537037036
2.143352411882000 1876217706.791108608245850 8.943383814814814
2.123195492648000 1681549959.133632898330688 8.950271666666666
3.796697510136000 1492031472.820207595825195 8.954876462962963
3.601535598154000 1961378682.613666534423828 8.960351388888888
2.027681116364000 2132958650.297506809234619 8.964777055555555
3.602655326389000 1434384401.114206075668335 8.969936018518517
2.049286788790000 1960852060.711094141006470 8.975406981481481
3.549757834680000 1558222890.981457948684692 8.980557481481480
2.015691923400000 1963065325.885047674179077 8.986030611111110
2.036576158986000 1559027091.736588954925537 8.991181833333332
3.578399395168000 1492794509.964872360229492 8.995784111111110
3.711811996698000 1961926988.451528787612915 9.001249000000000
2.041838641920000 2227713989.202011585235596 9.005745722222223
3.600414618826000 1571631700.054141759872437 9.010944685185185
3.670944207112000 1961689730.931973695755005 9.016406611111112
3.638962955216000 2183258584.287142753601074 9.020906111111112
3.663232139450000 2193669482.933423519134521 9.025344611111111
3.647808004126000 2193569086.357424259185791 9.029775592592593
3.695228910793000 2193560851.120798587799072 9.034202000000001
2.036576158986000 2238450999.942318916320801 9.038696703703705
3.643492351232000 1571356589.036597013473511 9.043884333333335
3.572908429254000 2001699287.609248876571655 9.049384851851853
3.602655326389000 2147245404.244776725769043 9.053869666666667
3.587226395655000 2138564023.178461551666260 9.058295870370371
3.594940861022000 2137980011.026094913482666 9.062729796296297
3.741515702995000 2138481155.521768331527710 9.067163259259260
3.625798722490000 2121870240.775178670883179 9.071704148148148
2.035122067440000 2176364560.794521331787109 9.088487611111111
3.533225138086000 1587802033.502609968185425 9.095277574074073
3.587226395655000 2104711253.903569936752319 9.105156944444444
3.787802495197000 2092706389.960422992706299 9.114028500000000
2.043297532448000 1890097737.301661968231201 9.124679499999999
2.157560881302000 1558305337.084715604782104 9.129826574074073
2.015691923400000 1459441449.233200550079346 9.134537111111110
3.663232139450000 1459293912.037316083908081 9.139146388888888
2.044026163296000 1835442510.269654750823975 9.144610166666665
2.043297532448000 1557122422.768497943878174 9.149757629629628
2.014972344000000 1492291771.065003871917725 9.154362203703702
3.596059023828000 1492571923.227133989334106 9.158961629629628
3.728404249248000 1962169820.521503686904907 9.164430148148147
2.036576158986000 2227921892.297473430633545 9.168946703703703
2.035848842634000 1571253792.768953084945679 9.174139333333333
3.633513187857000 1490987784.072619438171387 9.178741703703704
2.034395292246000 2000597384.902312994003296 9.184232611111112
2.029854785524000 1565083401.969561338424683 9.189403907407408
3.602655326389000 1492946350.291574478149414 9.194008537037037
2.023133412062000 1962766046.979661226272583 9.199474259259260
3.574018980128000 1558280414.240134000778198 9.204622462962963
2.038029438795000 1963091767.333265542984009 9.210095240740740
2.035848842634000 1558784482.758620738983154 9.215242203703703
3.579511930288000 1492759270.139967679977417 9.219843796296296
3.648942118591000 1902731845.792253017425537 9.225303962962963
3.633513187857000 2182280398.128202915191650 9.229791629629629
2.035848842634000 2193294380.219173908233643 9.234222407407406
3.763489019056000 1565151168.626326322555542 9.239388333333332
2.030578622748000 1901219751.593245744705200 9.244961629629628
2.036576158986000 1487490287.756664991378784 9.260194407407406
2.044026163296000 1481755559.310577869415283 9.266769962962961
2.001539195040000 1487133545.322622776031494 9.276111222222220
3.863745898662000 1487905737.006644964218140 9.285458592592590
3.664371049325000 2131090107.601398468017578 9.295452611111109
3.817473492690000 2192524211.439342021942139 9.299893425925925
2.036576158986000 2145609557.508970022201538 9.304378555555555
1.995535004166000 1558965183.620140552520752 9.309523537037037
2.023133412062000 1352296622.484123945236206 9.314136833333334
2.029129869556000 1484829482.373006820678711 9.318740462962964
3.587226395655000 1491897929.136898994445801 9.323344018518519
3.618084257123000 1961408949.215944051742554 9.328809425925925
3.727245726414000 2138495182.376972198486328 9.333247222222221
2.044026163296000 2228021826.593008995056152 9.337762611111110
2.029129869556000 1571645898.342076539993286 9.342955407407405
2.048555216400000 1492365589.496485471725464 9.347563388888886
2.028405492960000 1483587884.302578449249268 9.352162870370368
2.035848842634000 1484020232.643230915069580 9.356768555555552
3.587226395655000 1492214075.927335977554321 9.361365055555552
2.010407311926000 1962901005.450421571731567 9.366835240740738
3.579511930288000 1558536563.124222040176392 9.371952722222218
2.028405492960000 1963106931.129850625991821 9.377409851851848
2.002969291676000 1558685324.055064678192139 9.382551296296292
2.027681116364000 1492764202.009153127670288 9.387156148148144
2.029854785524000 1492800594.554748535156250 9.391753425925922
2.029854785524000 1491783886.332120895385742 9.396360740740736
3.719528861556000 1492901223.596964836120605 9.400966166666661
3.574018980128000 2042036248.592417716979980 9.406491796296290
2.017131082200000 2159228276.720465660095215 9.410999888888883
3.632383868802000 1478780812.553017139434814 9.416173796296290
2.004398589970000 2104336461.074230432510376 9.431516388888882
3.768171082352000 1477025389.339767456054688 9.437595055555549
3.687514445426000 1977392286.938370466232300 9.448755537037030
2.156790358038000 2241655471.429226398468018 9.457643796296290
3.695228910793000 1842500291.839777231216431 9.467320592592587
3.826374822032000 2000010498.669943332672119 9.472806296296291
2.037302393022000 2143249061.512730121612549 9.477290462962957
2.150071384960000 1558204270.554927349090576 9.482431611111105
3.655520071788000 1381982209.888029813766479 9.487049240740735
3.584995284270000 1997923919.564792156219482 9.492543425925920
3.593823530492000 2148540207.952985763549805 9.497036962962957
3.608124286104000 2138372195.079137563705444 9.501467833333328
2.029854785524000 2124085219.884639739990234 9.505911240740735
2.037302393022000 1558340217.496879339218140 9.511059037037031
2.028405492960000 1492297273.830866575241089 9.515665962962956
2.036576158986000 1491826562.783113002777100 9.520265129629623
3.587226395655000 1492741220.678477287292480 9.524858203703698
3.640095936464000 1963145474.480714082717896 9.530330462962956
3.602655326389000 2183171080.604492664337158 9.534825203703697
2.023133412062000 2148749916.477968692779541 9.539315037037030
2.029129869556000 1557793836.344314575195312 9.544455685185177
2.029129869556000 1491362403.787317514419556 9.549055833333325
2.029129869556000 1492702997.121635913848877 9.553655925925918
3.579511930288000 1492848467.301219701766968 9.558261092592584
3.623543620660000 1962611546.409944057464600 9.563718296296289
3.593823530492000 2182439081.812830924987793 9.568217499999992
2.016412038600000 2148870655.670103073120117 9.572708240740733
3.549757834680000 1558250219.617218017578125 9.577851870370361
3.600414618826000 1962624494.276942968368530 9.583317092592583
2.050018905910000 2122404220.218081235885620 9.588031611111102
3.602655326389000 1972118154.936153650283813 9.603024166666657
2.048555216400000 2075376334.800904989242554 9.609114685185176
2.023133412062000 1847200875.247095584869385 9.619541370370362
3.810945891298000 1487586547.607723712921143 9.628886259259250
3.648942118591000 1727549586.189397335052490 9.639176796296287
3.879170033986000 2182607543.845864295959473 9.643654814814806
2.028405492960000 2184869217.656595706939697 9.648098018518509
3.663232139450000 1564823663.897827625274658 9.653265759259249
3.609247665816000 1889003757.803503274917603 9.658765425925916
2.050749933570000 2146058098.468208074569702 9.663259074074064
2.029129869556000 1557855205.966343879699707 9.668401499999991
2.022410896478000 1490575541.762126207351685 9.673016925925918
2.030578622748000 1492453604.018451452255249 9.677621611111103
2.028405492960000 1492322232.868219375610352 9.682221574074067
3.723769295274000 1492620938.831510066986084 9.686824222222215
3.726086772261000 2040170892.523914337158203 9.692331907407400
2.044026163296000 2248167807.661981582641602 9.696770851851845
3.647808004126000 1571884480.759281396865845 9.701960944444437
3.593823530492000 2000909802.281419992446899 9.707451351851844
2.022410896478000 2149057415.004168033599854 9.711938499999993
2.029854785524000 1558113043.290417432785034 9.717082055555549
2.044755608560000 1492974112.372550487518311 9.721691722222216
2.023133412062000 1492740649.552844047546387 9.726294888888884
2.022410896478000 1492605725.648684024810791 9.730895370370366
2.015691923400000 1492757673.933779001235962 9.735496685185181
3.736123512704000 1491813648.991424083709717 9.740096129629626
3.664371049325000 2041814243.108173608779907 9.745609907407403
3.732640748408000 2203472399.006438255310059 9.750105518518513
3.603775888686000 2237243780.971564769744873 9.754601129629624
3.656656583958000 2041956214.625865697860718 9.759139259259253
2.055271790880000 2146951434.870034456253052 9.773478537037031
2.036576158986000 1733088165.188772916793823 9.780253277777771
3.571797464921000 1686486485.379777669906616 9.791107092592586
3.849518218133000 1954563147.291815757751465 9.801283037037031
3.664371049325000 2120345800.406059741973877 9.810176092592586
2.156020408080000 2182368184.067293643951416 9.814667203703697
3.739188629830000 1564826894.816450357437134 9.819833833333327
3.694080410098000 1850026297.408911943435669 9.825295574074067
2.055271790880000 2181291459.043982505798340 9.829796111111104
2.057473703844000 1564509664.948453664779663 9.834969444444438
2.037302393022000 1492544585.897533893585205 9.839570425925919
2.050018905910000 1491847984.440874099731445 9.844169370370363
3.619209618402000 1492574555.877155303955078 9.848769574074067
2.042567815712000 1955826805.254976272583008 9.854237407407400
2.049286788790000 1557580930.187396764755249 9.859386907407400
2.023854852474000 1492130933.414411544799805 9.863954962962955
2.035848842634000 1492966063.685446023941040 9.868554537037030
3.634643348118000 1486973608.118554592132568 9.874184074074067
3.734962591272000 1963490638.429003238677979 9.879652648148141
3.731478962552000 2226714001.135961532592773 9.884152018518511
3.610369791756000 2248550459.634797096252441 9.888587907407400
3.741515702995000 2159293369.365970611572266 9.893103703703696
2.035848842634000 2171858162.127081394195557 9.897669166666660
2.050018905910000 1557654115.418307781219482 9.902869574074067
2.044026163296000 1492093778.425327539443970 9.907470648148141
3.571797464921000 1491916498.246149778366089 9.912079555555549
3.672085514692000 1962814394.286237716674805 9.917540055555548
3.478142515562000 2181303210.992185592651367 9.922040222222215
3.580625294112000 2125497880.579184770584106 9.926535685185177
3.670944207112000 2111950526.262464761734009 9.940792407407400
3.602655326389000 1879940755.041322469711304 9.947794722222215
2.042567815712000 2167800260.159769058227539 9.957575037037030
2.149303833600000 1632774234.463109970092773 9.967298907407400
2.149303833600000 1475949823.268761396408081 9.976718944444437
3.810945891298000 1492206268.901615142822266 9.981323685185178
2.162736982560000 1962920427.529311180114746 9.986791796296290
2.044755608560000 1555005824.111823081970215 9.991942796296289
3.663232139450000 1382821506.016583204269409 9.996545814814807
2.049286788790000 1966920943.143880128860474 10.002042796296289
3.741515702995000 1564331220.132089853286743 10.007216037037029
2.036576158986000 2041175046.879185676574707 10.012746407407400
2.056005761868000 1571835165.187525987625122 10.017944203703696
2.037302393022000 1492169630.082150459289551 10.022551833333326
3.679799980059000 1492572408.042249679565430 10.027148851851845
3.587226395655000 2001243549.503653049468994 10.032659481481474
3.610369791756000 2148504289.013526916503906 10.037149851851844
3.669801624328000 2138666680.591353654861450 10.041582870370362
3.670944207112000 2181211341.184626579284668 10.046070611111103
2.029129869556000 2193521309.256775856018066 10.050503999999993
2.043297532448000 1565159005.907984733581543 10.055663370370363
3.734962591272000 1492040384.399055004119873 10.060272777777771
3.677511291606000 2042161106.661617994308472 10.065798907407400
3.687514445426000 2203747452.111225605010986 10.070294277777771
2.042567815712000 2193372682.734990119934082 10.074720592592586
2.050018905910000 1565243836.735278844833374 10.079890111111105
3.679799980059000 1492057742.824450731277466 10.084486481481475
2.050018905910000 2001787310.567791461944580 10.089985370370364
2.138158947132000 1565325998.717457294464111 10.095154499999994
3.562975259844000 1490935758.004144668579102 10.099765537037031
3.610369791756000 1656161507.731510877609253 10.115215777777772
3.594940861022000 2170278278.818081855773926 10.121190999999994
2.043297532448000 2165385582.859746932983398 10.130090129629624
3.816285302610000 1633957815.485526800155640 10.139830407407402
2.029854785524000 1908424868.928677558898926 10.149939407407402
2.158330257954000 1558349523.788955450057983 10.155084185185180
3.664371049325000 1492627268.268759012222290 10.159690814814809
2.022410896478000 1961899050.723298311233521 10.165201833333327
3.586111462830000 1444660594.257535457611084 10.170384148148143
3.610369791756000 1960669468.072117567062378 10.175844370370365
3.663232139450000 2136216319.024059295654297 10.180264796296290
2.043297532448000 2183447333.289382457733154 10.184759166666661
2.049286788790000 1564633244.192415475845337 10.189931999999994
3.602655326389000 1492513686.329776525497437 10.194531074074067
2.044026163296000 1960661873.156342267990112 10.199955074074067
3.656656583958000 1559017209.581570386886597 10.205106166666660
2.029129869556000 2001650761.654031515121460 10.210599814814808
3.604896033952000 1565368349.821157932281494 10.215771981481474
3.601535598154000 1962566632.905046463012695 10.221238777777771
3.601535598154000 2138423570.414245843887329 10.225659574074067
3.733801237628000 2138425287.981101036071777 10.230088555555549
3.737284434136000 2227920006.894542217254639 10.234600981481474
3.609247665816000 2237128000.365252971649170 10.239062629629622
2.042567815712000 2159001354.679802894592285 10.243573740740732
2.024577099265000 1558067204.040011644363403 10.248722240740733
3.562975259844000 1491187620.964025735855103 10.253544611111103
2.029129869556000 1963033188.612919092178345 10.259012796296288
3.642360212976000 1548719728.013527393341064 10.264160111111103
2.021688918480000 1908158531.953280925750732 10.269620629629621
2.041109468128000 2023236973.622208356857300 10.285772685185176
2.041838641920000 1689729339.197597026824951 10.292677870370362
3.665510807550000 1642605492.637135744094849 10.304506499999992
3.841803752766000 1725321299.417159795761108 10.314753259259250
2.159100494565000 1834469211.755162954330444 10.328268518518509
2.150839507840000 1564760051.480789661407471 10.333434055555546
2.142587259120000 1487868733.018013477325439 10.338034518518509
3.596059023828000 1357652659.064720153808594 10.342807499999990
3.634643348118000 1958954835.557455539703369 10.348265333333323
3.672085514692000 2182958117.123795509338379 10.352761999999990
2.050018905910000 2183038128.705796718597412 10.357193870370359
2.022410896478000 1564828182.463384628295898 10.362360203703693
3.664371049325000 1492836517.858937501907349 10.366966777777767
2.044026163296000 1991195564.332984685897827 10.372470981481470
2.043297532448000 1565286517.376950740814209 10.377642796296286
2.036576158986000 1492336875.173242092132568 10.382252592592582
2.036576158986000 1492469138.582803964614868 10.386857407407398
2.023133412062000 1492729626.367793083190918 10.391462351851843
2.049286788790000 1485588549.645946025848389 10.396067740740731
2.056740279372000 1477160156.814858913421631 10.400678037037027
2.029129869556000 1492368933.680680036544800 10.405277277777767
2.008972950322000 1492660644.008595466613770 10.409879240740731
2.029129869556000 1492847256.406544208526611 10.414483907407398
3.664371049325000 1491052290.054826021194458 10.419084314814805
3.601535598154000 2001195853.123612642288208 10.424589574074064
3.610369791756000 2114446023.780683755874634 10.429084351851841
3.602655326389000 2136027645.615265130996704 10.433521462962952
3.620334560864001 2138327585.127822160720825 10.437959777777767
2.036576158986000 2134868928.864472150802612 10.442405907407396
2.029129869556000 1463922005.351520299911499 10.447575777777766
2.035848842634000 1486669403.674432754516602 10.462190277777767
2.029854785524000 1477615488.663326501846313 10.468761870370360
3.616959733478000 1671722652.631795167922974 10.479577962962953
2.145648155035000 2103613737.409890890121460 10.489511907407397
3.615833953382000 1480362214.831454038619995 10.499495444444435
3.810945891298000 1961723917.412753582000732 10.504968444444435
3.925442439958000 2138239295.269277095794678 10.509391462962954
3.668928809700000 2034775948.196114540100098 10.513895629629621
2.037302393022000 2179682593.870864391326904 10.518343722222214
2.035848842634000 1564541758.119783639907837 10.523515703703696
2.029129869556000 1490863792.215318202972412 10.528117333333325
2.036576158986000 1486374265.477756261825562 10.532721611111103
3.594940861022000 1492672904.787563323974609 10.537326907407399
3.664371049325000 1960477683.072129249572754 10.542782407407399
2.035122067440000 2182628408.182110786437988 10.547274592592585
2.050018905910000 1564520606.240798473358154 10.552444277777770
3.587226395655000 1492856129.172398805618286 10.557047944444436
2.023133412062000 1963376920.263350486755371 10.562515944444437
2.036576158986000 1559020230.870356082916260 10.567657518518510
2.035848842634000 1491997402.096018075942993 10.572262370370362
3.571797464921000 1493134813.193181276321411 10.576864074074066
3.610369791756000 1962777835.381659507751465 10.582329240740734
2.035848842634000 2088457801.129077672958374 10.586777314814809
3.615833953382000 1557477037.751188993453979 10.591925055555549
3.664371049325000 1961855342.465753555297852 10.597400055555550
3.726086772261000 2177696192.186242580413818 10.601886444444439
3.717216613084000 2236637072.684347629547119 10.606381018518514
3.741515702995000 2237323461.190903663635254 10.610827999999994
2.008972950322000 2078286267.925101280212402 10.615338796296291
3.587226395655000 1491490170.785884380340576 10.630470370370364
3.571797464921000 2023211243.130261421203613 10.636565944444438
2.030578622748000 1729546263.659343719482422 10.645481629629623
3.571797464921000 1486781907.476809024810791 10.655349425925920
2.162736982560000 2133282443.284592390060425 10.665362055555550
3.618084257123000 1472476147.593554973602295 10.672436037037031
3.803231425931000 2000645103.178860187530518 10.677925425925919
2.035122067440000 2070472504.923474550247192 10.682410740740734
2.037302393022000 1556746623.555716991424561 10.687553944444437
2.044755608560000 1350954135.501094341278076 10.692173833333326
2.029129869556000 1491586044.489529609680176 10.696774166666660
2.050749933570000 1491435944.870964765548706 10.701378851851846
2.030578622748000 1492616270.090255260467529 10.705983074074068
3.710657841527000 1492665448.942068338394165 10.710585870370364
3.726086772261000 2040504492.085053443908691 10.716093499999994
2.028405492960000 2248485993.941973209381104 10.720532055555550
2.035122067440000 1571524154.761734962463379 10.725722351851847
3.710657841527000 1492703129.393805503845215 10.730332166666662
2.042567815712000 2041912559.186915159225464 10.735858444444439
2.035848842634000 1570726959.204001426696777 10.741045499999995
3.584995284270000 1492771774.923104763031006 10.745651333333328
3.647808004126000 1962319312.396335601806641 10.751110981481476
2.035848842634000 2183047609.640458106994629 10.755610537037033
2.022410896478000 1564065429.001505374908447 10.760777574074069
3.594940861022000 1492769711.439741373062134 10.765377037037032
3.589457507040000 1963196917.860369682312012 10.770849425925920
2.036576158986000 2138265091.337359428405762 10.775283537037032
2.035848842634000 1558297329.346997976303101 10.780436944444439
2.036576158986000 1492898090.657572984695435 10.785041981481475
2.001539195040000 1489405937.649456024169922 10.789649740740735
3.601535598154000 1394518843.246270179748535 10.794279555555550
2.049286788790000 2213774070.741827011108398 10.809757851851845
3.596059023828000 1477522186.530522584915161 10.815822592592585
3.648942118591000 1717255887.192312717437744 10.827077407407399
3.802049357366000 2131373408.524699687957764 10.835960092592584
3.817473492690000 1905919382.348141908645630 10.846741666666658
3.624671801140000 2137905649.670366525650024 10.851179814814806
2.136633438804000 2127501981.279316663742065 10.855605499999990
2.035848842634000 1437113872.439568996429443 10.860755999999990
2.029854785524000 1491748942.172073364257812 10.865364499999989
3.611492753544000 1491874918.566775321960449 10.869969499999989
2.035848842634000 1990417031.136028766632080 10.876443481481470
2.035848842634000 1559026058.514585494995117 10.881584333333322
3.656656583958000 1492665708.106279373168945 10.886182277777767
3.611492753544000 2001809969.727547883987427 10.891687833333322
2.049286788790000 2147182380.254761457443237 10.896162611111100
3.726086772261000 1558971382.895987510681152 10.901305870370360
3.656656583958000 2041924271.642782211303711 10.906827555555545
3.587226395655000 2197681094.746913909912109 10.911317685185175
2.043297532448000 2146828516.090584039688110 10.915792351851842
2.037302393022000 1558530488.419295072555542 10.920938203703694
2.036576158986000 1492922564.288301229476929 10.925539870370359
3.586111462830000 1492780066.734368324279785 10.930135203703692
3.672085514692000 1962236776.262705087661743 10.935597462962951
3.732640748408000 2182458318.225269317626953 10.940091833333321
3.641227653224000 2238406695.265502452850342 10.944577037037025
3.610369791756000 2185703864.503029346466064 10.949064222222210
3.601535598154000 2148663016.685040473937988 10.953549277777766
2.048555216400000 2138321286.347584247589111 10.957985611111098
2.030578622748000 1556149950.368995666503906 10.963134722222209
3.633513187857000 1489260096.229489088058472 10.977729462962950
2.038029438795000 1950756595.962852239608765 10.985025592592580
2.035848842634000 1872955339.183884620666504 10.994738722222209
2.143352411882000 1656933623.830940246582031 11.005456814814801
2.008255769520000 1476720941.111722707748413 11.014878296296283
2.122437535680000 1491784683.301034927368164 11.019484259259245
3.839414304444000 1491638264.733226299285889 11.024085537037024
3.682088668512001 1994985295.309082031250000 11.029571314814802
2.023133412062000 2076847070.233572959899902 11.034153907407395
3.587226395655000 1566727544.622352361679077 11.039354962962951
2.023133412062000 1961064566.543902635574341 11.044805555555545
3.579511930288000 1558237605.662692546844482 11.049951648148138
2.022410896478000 1962798641.054909944534302 11.055418851851842
3.641227653224000 1557868635.749662160873413 11.060560055555545
3.582765003375000 2002085498.832883834838867 11.066065870370359
3.701792477760000 2148691293.050113201141357 11.070555685185173
2.024577099265000 2227638190.543262958526611 11.075078425925915
3.579511930288000 1566497065.486915111541748 11.080268888888877
2.035848842634000 1962831051.158055305480957 11.085725833333322
2.035122067440000 1558885532.517003059387207 11.090869296296285
3.633513187857000 1492830074.837610721588135 11.095479277777766
2.023854852474000 2001247740.502708673477173 11.100982796296284
2.021688918480000 1565279623.231208324432373 11.106149537037025
2.015691923400000 1492769023.281654357910156 11.110749407407395
2.022410896478000 1492633064.418831110000610 11.115354111111099
3.616959733478000 1491800351.459925889968872 11.119959240740728
3.692930626162000 2001352265.824322462081909 11.125446574074061
3.717216613084000 2238124923.650890350341797 11.129933759259247
2.008972950322000 2247048826.220655441284180 11.134378092592581
2.016412038600000 1504976726.493226289749146 11.150394555555543
3.547551124520000 1566428313.094646930694580 11.157368425925913
2.021688918480000 2095813032.986952304840088 11.165357555555543
3.626926483260000 1633889777.263611316680908 11.175090037037025
2.143352411882000 1716829856.407477617263794 11.185342814814803
2.029129869556000 1473352548.464443683624268 11.192432777777766
3.784269360343000 1492063627.133394718170166 11.197028999999988
3.871457966323999 1958062165.051697015762329 11.202502481481469
3.623543620660000 2182643744.141004085540771 11.206986722222210
3.662091957050000 2010790564.807093620300293 11.211472685185173
3.672085514692000 2179871046.278911113739014 11.215960370370359
2.042567815712000 2193390095.786640167236328 11.220397314814804
3.593823530492000 1565036028.519145727157593 11.225568629629619
2.050749933570000 1961924103.017124176025391 11.231018999999989
2.037302393022000 1558087797.656477451324463 11.236172685185174
2.049286788790000 1493022824.880567550659180 11.240777796296285
2.042567815712000 1492819950.878518819808960 11.245384666666656
2.029129869556000 1492771208.081263780593872 11.249982407407396
3.604896033952000 1492772924.920282125473022 11.254581962962952
3.631253287938000 1962317349.666677951812744 11.260054370370359
2.036576158986000 2183362492.584536075592041 11.264549481481470
3.593823530492000 1561109600.375375509262085 11.269719611111100
3.588342158970000 1962752999.807281970977783 11.275196814814803
3.656656583958000 2138556037.291363954544067 11.279630370370359
3.679799980059000 2180994684.883644104003906 11.284124888888877
3.655520071788000 2193574700.937466144561768 11.288561592592581
2.043297532448000 2193738411.992965698242188 11.292995055555544
2.036576158986000 1564770330.178367376327515 11.298162296296285
2.029129869556000 1492768733.652569293975830 11.302764333333322
2.130675387454000 1492846080.448339700698853 11.307364018518507
2.036576158986000 1489775448.089279651641846 11.311963796296284
3.688661402124000 1491164394.030607461929321 11.326575370370358
2.015691923400000 2116589306.029579162597656 11.332728370370358
3.586111462830000 1486233276.323411703109741 11.340784148148135
3.727245726414000 2106482245.827010631561279 11.350669148148135
3.917730372296000 2189240123.086067199707031 11.359642092592580
3.810945891298000 2231916650.211287021636963 11.369020240740728
2.043297532448000 2147518088.552915573120117 11.373547351851839
3.748064883732000 1558382534.122043609619141 11.378690925925913
3.586111462830000 1975224129.828315496444702 11.384246981481468
2.036576158986000 2168308912.506884574890137 11.388785962962949
2.082881654180000 1558626298.337767601013184 11.393929648148134
3.723769295274000 1482407739.602169990539551 11.398537981481468
3.687514445426000 2040396201.014045476913452 11.404067722222209
2.022410896478000 2201954001.786898136138916 11.408565481481467
3.711811996698000 1565257748.560508728027344 11.413740277777764
3.732640748408000 2041476033.135396718978882 11.419266425925912
3.624671801140000 2248365929.231218338012695 11.423707074074059
3.610369791756000 2158007418.501117706298828 11.428220314814800
2.042567815712000 2132137144.292983293533325 11.432642259259245
3.680944537266000 1558750582.750582695007324 11.437790259259245
3.663232139450000 2001946388.672032833099365 11.443293518518503
2.035848842634000 2193491794.635758876800537 11.447719259259244
2.050749933570000 1564425443.723331689834595 11.452883888888874
3.670944207112000 1492883682.749185085296631 11.457485925925910
2.048555216400000 2001651251.371158361434937 11.462989518518503
3.594940861022000 1564497609.574593782424927 11.468160611111095
2.056740279372000 1962687819.397629499435425 11.473610685185170
2.035848842634000 1558634064.992039918899536 11.478752055555541
3.586111462830000 1491588882.455124616622925 11.483357388888875
2.022410896478000 1632460096.285894632339478 11.498932148148134
2.035122067440000 1476519072.070420026779175 11.504991037037023
3.565191564396000 1489011495.071759700775146 11.515388407407393
3.826374822032000 1741622684.761181116104126 11.525599537037023
2.041838641920000 2150949900.947952747344971 11.534648277777764
2.156790358038000 1558016097.666378498077393 11.539790499999986
3.731478962552000 1491813637.169425249099731 11.544386870370356
2.044755608560000 1857047551.090113878250122 11.549862851851838
2.035122067440000 1552049100.271860361099243 11.555012555555543
3.709504545422000 1491925342.295045137405396 11.559619259259247
2.056740279372000 2040402690.640100240707397 11.565141833333321
3.678656274774000 1571526242.065005302429199 11.570337407407395
3.643492351232000 2001604983.428987264633179 11.575835629629617
3.733801237628000 2192525966.823182106018066 11.580276481481469
2.021688918480000 2198689409.733938217163086 11.585490388888877
2.021688918480000 1566574693.156481266021729 11.590689685185174
2.036576158986000 1492588803.011171340942383 11.595294759259248
3.610369791756000 1492594910.442119121551514 11.599899685185175
3.601535598154000 1956638935.412162303924561 11.605372851851842
3.618084257123000 2137774645.051695585250854 11.609787944444435
2.022410896478000 2138492792.728821992874146 11.614221481481472
2.044026163296000 1559046828.600259542465210 11.619359999999991
3.603775888686000 1491866457.004512310028076 11.623964703703695
2.036576158986000 1962976915.655309200286865 11.629434981481474
3.655520071788000 1559133384.911567449569702 11.634581185185178
3.616959733478000 2001391105.068684101104736 11.640084111111104
3.780088029830000 2149175322.023831367492676 11.644573944444437
2.044026163296000 2146974163.092927932739258 11.649116685185177
3.593823530492000 1981696830.276688098907471 11.664838351851843
3.719528861556000 1950573526.307147264480591 11.671943518518511
3.618084257123000 1759555110.275307655334473 11.682765759259251
2.115720961200000 2092963267.631640911102295 11.691671518518509
3.856033831000000 1478352461.605347871780396 11.701638666666657
2.143352411882000 2000482469.720426321029663 11.707129166666657
2.022410896478000 1564408265.475375890731812 11.712298370370361
2.091838796915000 1486861574.487603664398193 11.716900925925916
3.710657841527000 1359460094.480856895446777 11.721514833333323
3.579511930288000 2040355173.189308166503906 11.727031703703693
3.546446947880000 2158585895.013790130615234 11.731550462962952
3.656656583958000 2137298573.425164699554443 11.735962740740730
3.656656583958000 2182799638.892438888549805 11.740455092592581
3.618084257123000 2181668039.955236911773682 11.744923055555544
2.043297532448000 2147975858.859576225280762 11.749419759259247
2.036576158986000 1558648154.611761569976807 11.754566222222211
2.051481778325000 1492719252.219119548797607 11.759168481481471
3.602655326389000 1492914324.780825376510620 11.763773296296286
3.663232139450000 1957157190.590162754058838 11.769243537037026
3.656656583958000 2182830861.048512935638428 11.773730314814804
2.043297532448000 2193469152.222949504852295 11.778171777777766
3.641227653224000 1563617638.530408859252930 11.783344796296285
2.049286788790000 2001517957.934913396835327 11.788846851851840
2.029854785524000 1565497214.644651889801025 11.794006111111099
2.035848842634000 1492437385.146790742874146 11.798611425925912
2.015691923400000 1492587873.154597282409668 11.803213703703690
2.029129869556000 1492829710.392370223999023 11.807823388888876
3.580625294112000 1492121368.360091447830200 11.812427981481468
3.732640748408000 1962854568.189849853515625 11.817877907407395
3.640095936464000 2079067342.149559259414673 11.822399592592580
2.037302393022000 2143736800.498737335205078 11.836806351851839
2.022410896478000 1598279579.409185647964478 11.843627444444431
2.008972950322000 1487179064.408068180084229 11.852980999999987
2.143352411882000 1482122857.578017234802246 11.862343240740728
3.556368534186999 1477631220.589911699295044 11.871764611111098
3.610369791756000 1990071876.671691894531250 11.878238148148135
2.148536282240000 2137820515.184790849685669 11.882656555555542
3.602655326389000 1558588414.392756223678589 11.887802148148134
3.602655326389000 1873942442.535643100738525 11.893271722222208
2.043297532448000 2080878027.029167175292969 11.897715481481468
2.035848842634000 1557695862.443413019180298 11.902865685185171
2.041109468128000 1490389732.599640607833862 11.907462759259245
3.619209618402000 1491095590.865788459777832 11.912069777777763
3.618084257123000 1963200723.204854011535645 11.917539259259245
3.619209618402000 2138035344.307362318038940 11.921958222222209
2.058207948090000 2137889007.631038427352905 11.926394296296282
2.049286788790000 1559164025.128234624862671 11.931535333333319
2.015691923400000 1491749810.102926254272461 11.936143092592578
2.043297532448000 1492948262.417903900146484 11.940750388888874
2.021688918480000 1492940920.955786228179932 11.945354703703689
3.678656274774000 1492642276.848469257354736 11.949952351851838
3.666650141600000 2001771619.430747270584106 11.955457944444431
3.610369791756000 2193775612.318931102752686 11.959899166666654
3.749230168362000 2148095768.374164581298828 11.964389166666654
2.023133412062000 2228153781.647325992584229 11.968894111111100
2.017131082200000 1559498202.690787792205811 11.974081907407395
2.029854785524000 1492744053.121960163116455 11.978689055555543
3.731478962552000 1492675942.607129096984863 11.983294092592580
3.602655326389000 2040841413.884160041809082 11.988820240740727
3.625798722490000 2158991606.379480361938477 11.993325425925912
2.002253977244000 2055961042.379573583602905 11.997757592592578
3.719528861556000 1489814909.598226547241211 12.012902944444429
3.615833953382000 1889046407.834837913513184 12.020375740740725
2.002253977244000 1907199379.606112241744995 12.031049962962948
3.810945891298000 1645254789.908941984176636 12.040797499999986
3.600414618826000 1909244635.997376441955566 12.050877555555541
3.942091802537000 2137640665.468301057815552 12.055317759259244
3.600414618826000 2227654188.098798751831055 12.059825240740725
2.050018905910000 2029041508.602755784988403 12.064365129629614
2.048555216400000 1554320289.073454856872559 12.069515685185170
2.048555216400000 1491959722.696674346923828 12.074123555555540
2.022410896478000 1492175647.288911819458008 12.078725370370355
3.611492753544000 1492716956.521739006042480 12.083325370370355
3.603775888686000 1962066696.444886684417725 12.088797925925912
2.035848842634000 2138172004.426707744598389 12.093215555555542
3.726086772261000 1558697299.397707462310791 12.098362555555541
2.029129869556000 2041634209.996645689010620 12.103882925925911
3.620334560864001 1556771620.921802043914795 12.109103777777763
2.017131082200000 2001603668.688010215759277 12.114609833333319
2.035848842634000 1565557773.289790153503418 12.119781388888875
2.036576158986000 1492213906.325446605682373 12.124383611111098
3.562975259844000 1493082379.070871591567993 12.128986092592578
3.742679456130000 1962693382.489726066589355 12.134461185185170
2.035848842634000 2227874538.836145401000977 12.138978740740725
2.038029438795000 1570352788.891503810882568 12.144171962962949
2.029854785524000 1493109578.242018222808838 12.148776148148134
3.655520071788000 1490931447.619507789611816 12.153376037037022
2.022410896478000 2001949420.371488332748413 12.158866462962948
3.602655326389000 1561125466.399521112442017 12.164033111111095
1.994822620560000 1895858219.518209934234619 12.169514981481466
3.616959733478000 1491933477.245693683624268 12.184647648148133
3.625798722490000 2077634552.949330806732178 12.190739425925910
2.027681116364000 2168119574.312260627746582 12.200499666666651
3.817473492690000 1822802644.940915822982788 12.210128111111096
2.035848842634000 1725665475.336952924728394 12.220408148148133
3.826374822032000 1558342195.107897043228149 12.225550222222207
2.023133412062000 1958448457.532661199569702 12.231023055555541
2.029854785524000 1515781083.142639160156250 12.236267055555540
2.048555216400000 1389203784.126576423645020 12.240880870370356
2.022410896478000 1491427805.851491689682007 12.245483685185171
2.028405492960000 1492548115.220912456512451 12.250091259259245
3.663232139450000 1492697974.046876668930054 12.254693574074059
3.611492753544000 2000520841.248760223388672 12.260201259259244
3.711811996698000 2148954074.709538459777832 12.264691240740726
3.613737841272000 2243240108.340097904205322 12.269299499999985
2.037302393022000 2159130445.887160778045654 12.273794907407392
3.594940861022000 1557606505.280867338180542 12.278946277777763
2.029129869556000 1961818198.462101936340332 12.284408277777763
2.037302393022000 1558775660.446606636047363 12.289554907407393
2.036576158986000 1492011879.928156614303589 12.294153388888875
2.017850929500000 1492440770.329825162887573 12.298754592592578
2.023133412062000 1492686488.051670074462891 12.303359296296282
3.601535598154000 1492045035.412529945373535 12.307966370370357
2.016412038600000 2002304606.020616292953491 12.313467222222210
2.008972950322000 1565448985.510359764099121 12.318639499999987
2.029854785524000 1492692895.146404266357422 12.323244333333321
2.022410896478000 1492775869.696360349655151 12.327848962962950
3.583880351445000 1492160233.013463497161865 12.332445740740727
3.687514445426000 1962379065.291584730148315 12.337920611111098
3.724928680745999 2148967265.264237880706787 12.353079499999987
2.048555216400000 2224412802.854992389678955 12.359057333333320
2.043297532448000 1901483732.924952745437622 12.371875203703690
2.145648155035000 1883454703.847809314727783 12.382588851851837
3.632383868802000 1815820216.617815494537354 12.393222018518504
3.797877620352000 2001056377.545871019363403 12.398726574074059
2.208963865178000 2146202232.468447685241699 12.403220851851836
3.593823530492000 1446710404.765673398971558 12.408368777777762
3.664371049325000 1961342202.607986450195312 12.413840574074058
3.689807931968000 2182796735.251626968383789 12.418339814814798
3.672085514692000 2180686787.463968276977539 12.422766166666650
2.050018905910000 2193037970.873948574066162 12.427196462962947
2.041838641920000 1563573668.722826957702637 12.432363111111094
3.626926483260000 1492977964.382326364517212 12.436963407407390
3.618084257123000 1962301390.232723951339722 12.442418129629612
3.733801237628000 2138355118.662171602249146 12.446856499999983
2.056005761868000 2227681597.467150211334229 12.451371981481465
2.058207948090000 1566728170.817388534545898 12.456564444444428
2.056740279372000 1492794203.994305372238159 12.461169148148132
3.655520071788000 1492855692.618318796157837 12.465773388888874
2.049286788790000 2001733090.637480497360229 12.471277407407392
3.632383868802000 1564483606.057890415191650 12.476443611111096
2.050749933570000 1991659769.807280540466309 12.481978425925911
2.056740279372000 1562148842.309718608856201 12.487145962962948
2.036576158986000 1492880771.271890878677368 12.491752111111097
2.029129869556000 1492031605.562578916549683 12.496351629629615
2.044026163296000 1492829935.913682460784912 12.500954796296282
3.624671801140000 1493108145.287800312042236 12.505558685185171
1.989526544752000 1961459178.684917926788330 12.511013351851838
2.014252764600000 1973020261.794784545898438 12.526071796296282
3.592704951548000 1482720039.220768928527832 12.532644277777763
3.600414618826000 1938528257.048519611358643 12.542790222222207
3.809761425027999 2093212723.807613372802734 12.551651999999985
2.014972344000000 1922140869.474994659423828 12.562360888888874
2.143352411882000 1564955530.894250631332397 12.567533851851836
2.152374324800000 1491646665.111377477645874 12.572137814814798
3.655520071788000 1485887487.899225234985352 12.576748018518503
2.023854852474000 1898665023.952517986297607 12.582264333333317
3.631253287938000 1526128984.512420177459717 12.587444111111095
2.035848842634000 1998053203.945081949234009 12.592932425925909
2.042567815712000 1565078982.654495239257812 12.598111481481464
2.035848842634000 1485882250.894502878189087 12.602722981481463
3.603775888686000 1491345119.936323404312134 12.607329592592574
3.638962955216000 1961790729.580585002899170 12.612796203703684
3.696378266982000 2183172260.526250362396240 12.617270907407388
2.002253977244000 2238350746.052919387817383 12.621754999999981
3.594940861022000 1571723813.092115879058838 12.626944722222204
3.633513187857000 1962110329.545223712921143 12.632410166666649
3.670944207112000 2156304318.343449592590332 12.636888907407389
3.672085514692000 2192695230.490746498107910 12.641318666666649
3.625798722490000 2193575357.581736087799072 12.645749148148131
2.035848842634000 2190789208.897195339202881 12.650188333333316
2.037302393022000 1565066499.642090082168579 12.655362407407390
3.602655326389000 1492024716.877935647964478 12.659967148148130
2.029854785524000 1962320666.605622053146362 12.665427648148130
2.043297532448000 1559126947.685088634490967 12.670573833333314
3.647808004126000 1492808161.198133468627930 12.675180999999981
3.564082999554000 1999579765.987492322921753 12.680688777777759
2.043297532448000 1968067746.480033636093140 12.685184296296278
3.608124286104000 1935118949.993502616882324 12.700147166666648
2.015691923400000 1863552250.367565393447876 12.707414703703686
2.038029438795000 1487977955.660647392272949 12.717313944444426
2.129914465726000 1487936504.229488849639893 12.726670648148129
3.771201086718000 1465933711.182971000671387 12.736165574074056
2.143352411882000 1962403515.304982423782349 12.741635833333316
3.680944537266000 1552219240.548209190368652 12.746785259259241
3.556368534186999 1879806474.384832620620728 12.752294148148129
2.029854785524000 2146713404.360753059387207 12.756778592592573
3.593823530492000 1558394267.708378314971924 12.761926814814796
2.028405492960000 1962638493.233703613281250 12.767396462962944
3.618084257123000 1556058181.269468307495117 12.772550851851832
2.014972344000000 2001841865.630205392837524 12.778053907407388
3.618084257123000 1565149075.455296754837036 12.783230629629610
2.035848842634000 2000751007.545225858688354 12.788730796296276
3.648942118591000 1565640534.401659727096558 12.793907925925906
3.633513187857000 2001390169.533689975738525 12.799416499999980
2.023133412062000 2187367270.995953083038330 12.803850555555536
2.035122067440000 1564749485.066941261291504 12.809029222222204
2.022410896478000 1492887270.620516538619995 12.813632018518501
3.579511930288000 1492690228.690228700637817 12.818237148148130
2.017131082200000 1963335683.875753164291382 12.823704759259241
2.022410896478000 1558281968.557463169097900 12.828853481481463
3.529929464434000 1492814591.573551416397095 12.833455833333314
2.010407311926000 1962380508.581074237823486 12.838908185185167
3.592704951548000 1558084221.437595129013062 12.844053351851834
2.029854785524000 2002050099.890355825424194 12.849559388888871
3.724928680745999 1554828774.178371906280518 12.854755148148129
2.036576158986000 1656889443.704778432846069 12.870249851851833
3.565191564396000 1479243344.155844211578369 12.876409851851832
3.570687327506000 2076240946.259895324707031 12.885488870370351
3.672085514692000 1730674021.534750938415527 12.896253555555536
3.821035410720000 2253706836.557054042816162 12.905284796296277
2.156790358038000 2135794618.543781757354736 12.911520888888870
2.049286788790000 1556964912.470166206359863 12.916665166666647
3.724928680745999 1492622923.922048091888428 12.921270092592573
2.035848842634000 1846545348.259631156921387 12.926750518518499
2.036576158986000 1557073761.998647212982178 12.931897703703685
3.616959733478000 1491051711.023555517196655 12.936499129629611
2.029854785524000 1962843831.923209905624390 12.941966648148130
2.035848842634000 1558975281.673948049545288 12.947121018518500
2.036576158986000 1492567770.721119165420532 12.951728055555536
2.021688918480000 1491610178.280706882476807 12.956334814814795
3.640095936464000 1492738600.135252714157104 12.960935259259239
3.601535598154000 2001666153.970695495605469 12.966425481481462
2.031303269030000 2148826471.329058170318604 12.970910277777758
2.029854785524000 1558223122.945076227188110 12.976063888888870
3.640095936464000 1492978230.777897596359253 12.980666037037018
2.030578622748000 2001776857.022353410720825 12.986154462962944
2.036576158986000 1565187164.549982309341431 12.991326481481462
3.611492753544000 1492662210.499692916870117 12.995939314814795
3.633513187857000 1950884316.538971900939941 13.001411462962944
2.014972344000000 2183111268.411327362060547 13.005911259259239
3.596059023828000 1565126396.557906150817871 13.011076074074055
2.029854785524000 1961564444.414366245269775 13.016548777777759
2.044026163296000 1557702837.390177011489868 13.021691740740723
3.579511930288000 1400855653.906887054443359 13.026300648148130
3.634643348118000 1648995255.508239269256592 13.042303611111093
2.023133412062000 2176544823.414452552795410 13.048273333333315
3.711811996698000 1822828538.271006107330322 13.057895499999981
2.103038573414000 1781538727.484230756759644 13.068147574074056
3.825185560352000 1814763609.797332763671875 13.077830481481463
2.150071384960000 1961816244.356773853302002 13.083294259259240
3.597176770496000 1558058166.513786315917969 13.088442314814795
3.726086772261000 1935519350.380096673965454 13.094015944444426
2.022410896478000 2222222401.940962314605713 13.098549777777759
2.036576158986000 1576425388.275173425674438 13.103761574074055
2.029854785524000 1491574351.462077856063843 13.108363092592572
3.609247665816000 1492651089.991711378097534 13.112965574074053
2.023133412062000 1962472837.893625259399414 13.118438203703683
2.022410896478000 1558913933.069449424743652 13.123584499999978
2.022410896478000 1491702109.154163837432861 13.128183499999979
3.778913154380000 1492869403.030168771743774 13.132780481481461
2.023133412062000 2082164858.596813201904297 13.138330018518499
3.602655326389000 1578140529.596675395965576 13.143543629629610
3.648942118591000 1960901634.182756185531616 13.149013574074054
2.042567815712000 2183204206.258292675018311 13.153507759259240
3.548654068820000 1565169612.029557466506958 13.158672814814794
2.009690665138000 1962243275.360650539398193 13.164142611111091
2.029854785524000 1559221133.199293613433838 13.169291259259239
2.036576158986000 1492754387.659029960632324 13.173893814814795
3.601535598154000 1492845155.030176639556885 13.178493277777758
3.539839056858000 1963058178.309663772583008 13.183963370370350
3.602655326389000 2131848875.672424793243408 13.188397296296277
3.720293726772000 2138490249.440678596496582 13.192833888888869
3.656656583958000 2178114847.770551204681396 13.197335499999980
2.015691923400000 2165968476.016307353973389 13.211603296296277
2.020966940482000 1476436838.897705316543579 13.217741333333313
3.539839056858000 1488616334.113359928131104 13.228108185185166
2.150071384960000 1885522301.378349304199219 13.238152407407387
2.023854852474000 1478318790.575371742248535 13.248124703703684
3.819848104710000 1484418594.421673536300659 13.252755722222203
3.663232139450000 1962361556.575047731399536 13.258229277777758
2.144118134378000 2176506238.521532058715820 13.262726425925907
2.022410896478000 1443999735.667083263397217 13.267910685185166
3.587226395655000 1486514072.517839670181274 13.272511851851833
2.021688918480000 1962858883.062916994094849 13.277975537037019
3.709504545422000 1558417144.419108152389526 13.283124388888870
3.587226395655000 2041017447.211603879928589 13.288637314814796
2.035848842634000 2159199612.411057949066162 13.293147629629610
3.600414618826000 1558036777.721810579299927 13.298294666666648
3.600414618826000 1962499453.670587062835693 13.303751962962943
2.044755608560000 2137400949.861880064010620 13.308169759259240
2.029129869556000 1559061434.061110258102417 13.313316499999981
2.024577099265000 1492589789.688333272933960 13.317920777777760
2.022410896478000 1488182454.134902715682983 13.322521629629611
2.035122067440000 1492731807.327721357345581 13.327128185185167
3.578399395168000 1492857206.085308551788330 13.331730648148129
3.651211614688000 1961537950.928157091140747 13.337187499999981
3.664371049325000 2183423179.478699207305908 13.341667037037018
2.023133412062000 2193269279.202767848968506 13.346093462962944
3.642360212976000 1565701317.590078353881836 13.351262833333315
3.618084257123000 1994785895.935090541839600 13.356767944444426
3.596059023828000 2191845102.220516204833984 13.361205518518501
3.677511291606000 2148972382.262201309204102 13.365689351851834
3.633513187857000 2179269370.325574874877930 13.370190796296280
3.616959733478000 2191635047.242320060729980 13.388430092592577
3.578399395168000 2115912011.891471624374390 13.394335351851836
2.023133412062000 1863699197.275516986846924 13.404949666666651
2.145648155035000 1488679942.920089960098267 13.414851314814799
2.036576158986000 1475168844.025668621063232 13.424279148148132
3.787802495197000 1492320834.505768299102783 13.428885999999984
3.856033831000000 1957963878.262635946273804 13.434356185185170
2.036576158986000 2181705954.217313289642334 13.438858129629613
2.038029438795000 1418553196.967529535293579 13.444036648148131
3.643492351232000 1491453114.643464088439941 13.448646592592576
2.022410896478000 2001917055.127173900604248 13.454148685185169
2.038029438795000 1565105868.703470945358276 13.459320185185168
2.023133412062000 1492580356.066390752792358 13.463928148148131
2.023133412062000 1491813147.062492132186890 13.468530499999982
2.029854785524000 1492658421.126845598220825 13.473127074074057
3.733801237628000 1488889184.646685600280762 13.477732666666650
2.030578622748000 2041752943.973267078399658 13.483263425925909
3.733801237628000 1570796753.531443357467651 13.488458814814798
3.727245726414000 2041269028.262492179870605 13.493966703703688
3.546446947880000 2247761861.329138278961182 13.498392851851836
2.029854785524000 2158949393.061448574066162 13.502905481481466
2.044026163296000 1557903327.879369020462036 13.508043888888874
2.035848842634000 1492948579.340769052505493 13.512644648148134
3.557474699538000 1491343130.157810926437378 13.517249314814801
2.043297532448000 1962756709.933273077011108 13.522722129629615
2.041838641920000 1558876170.520699501037598 13.527865851851837
3.611492753544000 1491984974.030679941177368 13.532465296296282
3.763489019056000 1963303270.782923460006714 13.537937425925911
2.037302393022000 2161632886.924180984497070 13.542478462962947
3.594940861022000 2050287391.612402677536011 13.557846833333317
2.035848842634000 1863721956.760941982269287 13.565117351851836
3.566299716672000 1488404365.167667388916016 13.575020666666651
3.810945891298000 1960047230.546971082687378 13.586903277777763
3.889299888432000 2115460325.906219005584717 13.594142351851836
2.015691923400000 2181748013.564692020416260 13.598631129629615
3.588342158970000 1558426618.264614582061768 13.603803851851836
2.050018905910000 1833595632.957586765289307 13.609284296296281
3.594940861022000 1557538321.450294494628906 13.614429611111095
2.029129869556000 1963012192.769616365432739 13.619901888888872
3.733801237628000 1549402573.161312341690063 13.625080703703688
2.041838641920000 2041821225.444717884063721 13.630589814814799
3.594940861022000 1571693279.048542499542236 13.635784185185170
3.618084257123000 1959742939.234625339508057 13.641236851851836
3.672085514692000 2138661656.209636449813843 13.645667092592577
3.733801237628000 2183216118.182417392730713 13.650159833333317
2.042567815712000 2238207142.179918766021729 13.654652185185169
2.042567815712000 1565864980.739049911499023 13.659844037037020
3.578399395168000 1491849675.518124103546143 13.664443962962945
2.022410896478000 1963465796.457780599594116 13.669914481481463
2.056740279372000 1558970348.638384342193604 13.675058833333315
2.021688918480000 1492938528.996098279953003 13.679658111111094
3.704095131840000 1491942857.142857313156128 13.684259962962946
3.602655326389000 2041407756.545593738555908 13.689768333333316
3.593823530492000 2159307791.956769466400146 13.694271314814797
3.664371049325000 2138105333.099315404891968 13.698702759259241
3.750396320988000 2183150635.880972862243652 13.703202203703686
3.586111462830000 2159072428.153217792510986 13.707693499999982
3.625798722490000 1650052738.453396558761597 13.723789703703686
2.049286788790000 2178225436.801218509674072 13.729770685185168
2.041838641920000 1636507473.018827438354492 13.739561462962945
3.795516960564000 1672057666.968976259231567 13.750383499999982
2.022410896478000 1909190786.153538465499878 13.760474592592574
2.165054028228000 1556796557.250121355056763 13.765616907407390
3.650077077834000 1492517668.363548517227173 13.770218666666649
3.872661614234000 1995790010.936930179595947 13.775704666666648
2.050018905910000 2100697517.181598663330078 13.780191055555537
2.042567815712000 1570209877.731780052185059 13.785384555555538
2.029129869556000 1491927529.411764621734619 13.789988722222205
3.656656583958000 1492087069.253594398498535 13.794588296296279
2.030578622748000 2000191182.563180208206177 13.800086240740724
2.028405492960000 1565392582.455964326858521 13.805255666666650
3.616959733478000 1492691793.547764301300049 13.809860444444427
2.036576158986000 1962721283.309602022171021 13.815335870370353
2.036576158986000 1558000540.347767829895020 13.820476592592575
2.035848842634000 1492670470.583977699279785 13.825081981481464
2.023133412062000 1492838275.550195932388306 13.829688925925909
3.655520071788000 1493010079.306640148162842 13.834291314814799
3.609247665816000 2001462747.451318979263306 13.839784351851836
2.035848842634000 2147996065.135616302490234 13.844274129629614
2.022410896478000 1559149231.992001533508301 13.849423333333318
2.015691923400000 1492709086.299931287765503 13.854025499999985
2.016412038600000 1484283239.546290159225464 13.858639314814800
3.624671801140000 1491940114.462216615676880 13.863243777777763
2.028405492960000 2000770126.679540395736694 13.868738833333319
2.037302393022000 1565966915.676895856857300 13.873907444444431
2.029854785524000 1492092509.792106151580811 13.878517166666652
2.044026163296000 1410849274.819320917129517 13.884151777777763
2.024577099265000 1965690841.923745632171631 13.900228055555541
3.701792477760000 1483159135.825408458709717 13.906805944444431
2.030578622748000 1745079916.060012817382812 13.917077833333320
3.926662871803000 1488787747.368107557296753 13.927027018518505
3.618084257123000 1773392542.832690000534058 13.937348185185172
2.143352411882000 2158303870.789914131164551 13.941849611111097
3.603775888686000 1553794537.855962753295898 13.946994111111097
2.041109468128000 1869180370.031791210174561 13.952423074074060
3.589457507040000 1516029023.377350568771362 13.957582388888875
3.591587621018000 1961282440.166141033172607 13.963057425925912
2.035122067440000 2138053579.792572736740112 13.967485574074061
3.726086772261000 1557449936.874817848205566 13.972634074074062
3.610369791756000 2041146352.931693553924561 13.978147888888877
3.602655326389000 2158912310.972528457641602 13.982655611111099
3.594940861022000 2138467753.058350086212158 13.987086407407395
3.732640748408000 2138364741.641337633132935 13.991527907407395
2.042567815712000 2212857474.800366401672363 13.996054722222210
2.050018905910000 1571563512.810832738876343 14.001254314814803
3.641227653224000 1492801066.619475841522217 14.005858685185173
2.044755608560000 1962947693.143060684204102 14.011315444444431
3.623543620660000 1556151949.683723211288452 14.016459203703690
2.042567815712000 1987699429.317468881607056 14.021962685185171
2.042567815712000 1565661278.882321357727051 14.027132129629615
3.587226395655000 1492796473.978912830352783 14.031739148148134
3.578399395168000 1962078843.519887208938599 14.037201444444429
3.616959733478000 2138531660.336977243423462 14.041614314814799
2.037302393022000 2138167986.368647813796997 14.046048537037022
3.592704951548000 1559028190.028615236282349 14.051186944444430
2.036576158986000 1959367229.224524497985840 14.056648111111096
3.633513187857000 1935492462.783835887908936 14.071623185185171
2.001539195040000 1989351061.266056060791016 14.078769611111097
3.580625294112000 1488075960.857781648635864 14.088684074074060
2.156790358038000 2106819060.783857345581055 14.098544148148134
3.935601077579999 1621318627.654632329940796 14.108350555555541
3.596059023828000 2040935278.987273454666138 14.113858240740726
3.578399395168000 2153186792.180773258209229 14.118353333333317
2.163509331116000 2137128155.493719339370728 14.122792240740726
2.029854785524000 1430948173.230384349822998 14.127944018518503
3.577285616992000 1489627398.120131254196167 14.132546388888874
2.029129869556000 1960132928.916377305984497 14.138010740740727
2.049286788790000 1558494418.574523210525513 14.143156777777763
2.041838641920000 1492591544.197495222091675 14.147761111111096
3.654382289772000 1491829718.959478378295898 14.152366351851837
3.709504545422000 2001843437.062560558319092 14.157869759259246
3.724928680745999 2238003262.965343475341797 14.162364648148134
2.035848842634000 2247983643.327638626098633 14.166798222222209
3.731478962552000 1570956182.110168695449829 14.171975796296282
3.602655326389000 2042007714.561234235763550 14.177506462962949
3.603775888686000 2158948810.222362518310547 14.182019444444430
3.566299716672000 2138427577.387444734573364 14.186450611111097
2.035848842634000 2138434643.143544435501099 14.190884388888874
3.616959733478000 1557938127.848948955535889 14.196027611111095
2.050749933570000 1963150828.159101009368896 14.201500481481466
2.036576158986000 1558671277.136034250259399 14.206641759259243
2.029129869556000 1492777241.703457593917847 14.211251555555540
2.028405492960000 1488665997.751477956771851 14.215847166666650
2.035122067440000 1491880874.387309074401855 14.220448907407391
3.584995284270000 1492910557.732891082763672 14.225055851851836
3.656656583958000 1962771291.134444475173950 14.230530222222207
3.594940861022000 2189810399.965860366821289 14.244850425925911
3.634643348118000 2073757951.057034015655518 14.250810499999986
2.035848842634000 1712864497.208859682083130 14.261608555555542
3.750396320988000 1488755565.181995630264282 14.271526370370356
2.023854852474000 2092635993.498986244201660 14.281473537037023
2.143352411882000 1558230727.181183815002441 14.286622796296282
2.144118134378000 1492627952.597642898559570 14.291229537037022
3.601535598154000 1492070541.871921300888062 14.295834629629615
3.619209618402000 1825691405.127928018569946 14.301314425925911
2.029854785524000 2134699900.739863395690918 14.305754685185171
3.608124286104000 1558860778.060995340347290 14.310905666666653
3.608124286104000 1961787024.784157991409302 14.316377351851838
2.036576158986000 2138239051.987639665603638 14.320806111111096
2.036576158986000 1558539315.255700111389160 14.325955370370355
2.050018905910000 1492815029.784634113311768 14.330562518518503
2.029129869556000 1492468954.689104080200195 14.335162425925910
3.596059023828000 1492669235.321826696395874 14.339762037037021
2.038029438795000 1961511055.885438203811646 14.345216648148131
3.724928680745999 1558915541.962759733200073 14.350363407407391
2.042567815712000 2041660120.997728824615479 14.355891518518503
3.670944207112000 1562575383.562912940979004 14.361088888888872
3.610369791756000 2038844749.195340871810913 14.369120814814798
2.029854785524000 2114811502.968148708343506 14.373609833333315
3.756944633729000 1558663699.268465518951416 14.378756296296279
3.600414618826000 2039300735.936971187591553 14.384284648148132
2.049286788790000 2159079881.437569618225098 14.388782981481466
2.063461652834000 1559149115.956685066223145 14.393928740740725
2.035848842634000 1492571850.875995159149170 14.398539370370354
3.586111462830000 1490901457.740020275115967 14.403143148148132
2.022410896478000 2175222076.953829765319824 14.418567981481466
3.723769295274000 1476096690.631788492202759 14.424680259259244
3.565191564396000 1946831033.397761583328247 14.435803759259244
2.129914465726000 2093468085.238684654235840 14.444738148148133
2.156020408080000 1476978942.508617162704468 14.454725796296280
2.017131082200000 1491936995.718506813049316 14.459332185185168
2.162736982560000 1492587178.081308126449585 14.463925592592576
2.023133412062000 1474813536.523483037948608 14.468523851851835
2.042567815712000 1491152630.350632905960083 14.473126111111094
2.035848842634000 1355525973.481536388397217 14.477764388888872
3.580625294112000 1489679132.530120372772217 14.482375499999982
2.036576158986000 1962337127.294160604476929 14.487842277777760
3.740352816070000 1557133312.690377235412598 14.492985574074057
3.618084257123000 2041068271.446519136428833 14.498498425925909
2.029129869556000 2158978308.986277103424072 14.503016425925908
3.674369405056000 1555547728.892119646072388 14.508162388888872
2.034395292246000 2002096635.645409345626831 14.513668370370354
2.029129869556000 1565026915.440359592437744 14.518835444444427
3.603775888686000 1492710489.847562789916992 14.523445722222204
3.618084257123000 1962156617.654526948928833 14.528915518518501
3.618084257123000 2138475119.299607992172241 14.533351129629612
3.594940861022000 2138587839.053432703018188 14.537777259259242
3.601535598154000 2138166042.999615669250488 14.542211407407390
2.034395292246000 2138569128.728512763977051 14.546642351851833
2.050018905910000 1558668932.635338306427002 14.551796444444426
3.656656583958000 1491952483.176150083541870 14.556402999999982
2.050749933570000 2002332993.344980478286743 14.561904277777760
2.044026163296000 1565729679.985963344573975 14.567075925925907
3.603775888686000 1492706179.797898530960083 14.571675740740723
2.014972344000000 1961301696.567268610000610 14.577147574074056
2.050018905910000 1461286318.011844635009766 14.582322666666649
3.670944207112000 1934328790.222861289978027 14.598422203703686
2.036576158986000 1841221296.502562046051025 14.605903870370353
