3.626926483260000 1485341268.867345809936523 0.001056351851852
3.562975259844000 1725635223.389991760253906 0.012616851851852
3.663232139450000 2192508759.306572914123535 0.018690814814815
3.533225138086000 2130373190.188251495361328 0.027612092592593
3.710657841527000 1864071430.814483165740967 0.038226870370370
2.143352411882000 1888150446.370361328125000 0.048878629629630
2.142587259120000 1558597511.566792488098145 0.054029870370370
3.616959733478000 1491370566.790867567062378 0.058632129629630
2.002253977244000 1990502526.449556827545166 0.064140518518519
2.016412038600000 1531429891.158170461654663 0.069304314814815
2.037302393022000 1492178404.019874572753906 0.073914740740741
2.008255769520000 1488497040.277956485748291 0.078519777777778
3.638962955216000 1492144544.185279130935669 0.083122240740741
3.726086772261000 2000744906.407124042510986 0.088624796296296
2.022410896478000 2282759716.513227939605713 0.093116481481481
3.632383868802000 1577453580.638057470321655 0.098330222222222
2.030578622748000 2001133761.955975770950317 0.103822981481481
3.616959733478000 1564908893.437187433242798 0.108989296296296
3.562975259844000 2041698074.927182197570801 0.114520592592593
3.569575949714000 2159074343.951553344726562 0.119034148148148
3.596059023828000 2138339049.617119550704956 0.123447574074074
3.643492351232000 2138399413.536284208297729 0.127880925925926
2.022410896478000 2182362414.670498371124268 0.132378740740741
3.638962955216000 1565251078.633551597595215 0.137542166666667
2.015691923400000 1999422970.884963512420654 0.143043333333333
3.696378266982000 1565022750.375832319259644 0.148217037037037
3.562975259844000 2042243432.785785913467407 0.153741111111111
3.625798722490000 2159074764.284483432769775 0.158254555555556
3.632383868802000 2183211181.226500988006592 0.162741574074074
2.029129869556000 2107994322.013437271118164 0.167190203703704
2.021688918480000 1489069520.022367000579834 0.182357962962963
3.571797464921000 1482775189.168784141540527 0.188931555555556
3.655520071788000 1741359725.624693632125854 0.199136555555556
3.565191564396000 2186689111.855220317840576 0.205314018518518
2.110511267068000 2125834875.489039421081543 0.214260129629630
2.142587259120000 1474300198.244123458862305 0.221322129629630
2.130675387454000 1492237861.499589681625366 0.225924870370370
3.578399395168000 1492603378.345753431320190 0.230527166666667
3.857232683500000 1953135292.264221906661987 0.235993111111111
2.022410896478000 2115922006.464506864547729 0.240496333333333
3.657793942692000 1564408683.888423681259155 0.245670666666667
3.619209618402000 2041701709.275471448898315 0.251187407407407
2.002253977244000 2203499264.181509971618652 0.255679759259259
2.023854852474000 1564217594.916737318038940 0.260844129629630
3.647808004126000 1492556918.068366765975952 0.265451629629630
3.587226395655000 2001653203.998439311981201 0.270957481481481
3.625798722490000 2148389737.869492530822754 0.275439981481481
3.624671801140000 2183095123.980282306671143 0.279914259259259
3.632383868802000 2192101120.130681991577148 0.284358185185185
3.556368534186999 2193491449.336431980133057 0.288796870370370
3.580625294112000 2148740608.450332164764404 0.293286722222222
2.029129869556000 2138580567.325554847717285 0.297722740740741
3.524414921534000 1558435888.477898359298706 0.302864388888889
3.624671801140000 1961834843.927816390991211 0.308331944444444
2.002969291676000 2183398092.809959411621094 0.312806240740741
2.009690665138000 1565118767.876472234725952 0.317972870370370
2.023133412062000 1492761611.002754688262939 0.322577777777778
2.076162681102000 1492764915.949489355087280 0.327182592592593
2.016412038600000 1492510974.284679651260376 0.331784259259259
2.002969291676000 1491806163.997746944427490 0.336386851851852
2.022410896478000 1406905366.318440198898315 0.341284685185185
3.602655326389000 1488599473.276822090148926 0.356979203703704
3.547551124520000 2076138388.931319713592529 0.363065111111111
2.021688918480000 2133400680.931624174118042 0.372768592592593
3.857232683500000 1820300469.720301151275635 0.382317222222222
2.023854852474000 2115530901.406884431838989 0.392307777777778
2.142587259120000 1542832984.586575508117676 0.397529296296296
3.624671801140000 1492252446.877012252807617 0.402130777777778
3.810945891298000 1997040503.175230264663696 0.407615944444444
3.641227653224000 2125361256.370116233825684 0.412063796296296
3.637831238456000 2193064741.538628578186035 0.416502814814815
2.035122067440000 2193540075.682268142700195 0.420936555555556
3.641227653224000 1563002159.873631238937378 0.426106611111111
3.556368534186999 2001500006.749095678329468 0.431594314814815
3.615833953382000 2147579801.533715724945068 0.436078703703704
2.035848842634000 2138543998.797755956649780 0.440514851851852
2.029854785524000 1558584916.253391981124878 0.445660444444445
2.022410896478000 1492595358.979104042053223 0.450263518518519
3.772373564463000 1492571908.842678308486938 0.454868500000000
3.641227653224000 2081342687.230994701385498 0.460414481481482
2.035848842634000 2214162624.575857639312744 0.464927944444445
2.029129869556000 1565129719.111595630645752 0.470094092592593
2.030578622748000 1492701382.766741275787354 0.474694370370370
2.029854785524000 1492547199.587748289108276 0.479294222222222
2.016412038600000 1492965385.560465574264526 0.483891425925926
2.023133412062000 1491378088.773182153701782 0.488493666666667
2.036576158986000 1492768628.712771654129028 0.493098018518519
3.604896033952000 1492234509.967778444290161 0.497707314814815
2.036576158986000 2082865668.374426841735840 0.502952074074074
3.610369791756000 1557806892.528832912445068 0.508095055555556
1.995535004166000 1804930716.884516954421997 0.513592092592593
3.578399395168000 1488770882.681891679763794 0.528758833333334
3.643492351232000 2079588020.288515329360962 0.534848759259259
3.580625294112000 2187099396.592747688293457 0.544577462962963
3.786625222041999 2133062469.106059312820435 0.553493870370371
3.570687327506000 2156252356.516061305999756 0.562540888888889
2.143352411882000 2137513799.349880456924438 0.566967425925926
2.136633438804000 1553403482.226809501647949 0.572107814814815
3.578399395168000 1465407469.292995929718018 0.576718296296296
3.580625294112000 1961962086.399393320083618 0.582186870370371
2.017850929500000 2138222415.320087671279907 0.586619685185185
3.631253287938000 1558601730.869573116302490 0.591765888888889
3.602655326389000 2000955589.864680767059326 0.597271388888889
2.029129869556000 2148739135.817754268646240 0.601758611111111
3.648942118591000 1558619354.606223344802856 0.606897592592593
2.016412038600000 1999433742.915622472763062 0.612380444444445
3.584995284270000 1564931877.491325139999390 0.617546518518519
2.024577099265000 1963293848.440022945404053 0.623017277777778
2.003683541652000 1557746306.376360893249512 0.628161277777778
2.015691923400000 1489068266.952067852020264 0.632763851851852
3.587226395655000 1492850248.557640075683594 0.637357018518519
2.028405492960000 2002130118.519067049026489 0.642858555555556
3.750396320988000 1564090236.824191093444824 0.648027259259259
2.029129869556000 2081666963.793880224227905 0.653574203703704
3.556368534186999 1577611168.349474430084229 0.658786685185185
2.008972950322000 1961902807.973165035247803 0.664246666666667
3.616959733478000 1559000381.613432884216309 0.669390518518519
3.666650141600000 2002616281.576288461685181 0.674888666666667
1.990236001104000 2146222643.838999032974243 0.679388296296296
2.003683541652000 1935434700.843484401702881 0.694346092592593
2.016412038600000 1792576768.726682186126709 0.705107129629630
3.609247665816000 1671788888.736715078353882 0.715924314814815
3.886882101648000 1762413647.745035648345947 0.726160166666667
3.640095936464000 2175115420.081684112548828 0.736221481481482
3.943317942438000 2247802174.974032878875732 0.740660870370370
2.044026163296000 2248574754.947985172271729 0.745098703703704
2.182886706000000 1565946507.219316244125366 0.750295666666667
3.625798722490000 1452293824.501049041748047 0.754903481481482
3.726086772261000 1971080531.970341444015503 0.760410611111111
3.593823530492000 2237145084.387837886810303 0.764900462962963
2.029129869556000 2158722954.234509468078613 0.769407740740741
3.686368342436000 1551682385.441411972045898 0.774576129629630
3.631253287938000 2039724275.141079902648926 0.780095722222222
3.662091957050000 2203573750.206236362457275 0.784585351851852
2.036576158986000 2193298324.414129257202148 0.789021611111111
2.009690665138000 1563941384.125165700912476 0.794194018518519
3.625798722490000 1486640130.602791547775269 0.798799444444445
3.632383868802000 2000842794.495079278945923 0.804297555555556
3.641227653224000 2193635512.108865261077881 0.808737981481482
2.009690665138000 2193674424.229282379150391 0.813178888888889
3.751562039616000 1565094109.681787490844727 0.818348388888889
2.035122067440000 2082104007.515554428100586 0.823887518518519
2.035848842634000 1577418634.890859603881836 0.829099962962963
3.588342158970000 1492836403.870526313781738 0.833702648148149
2.023854852474000 1963005004.930381774902344 0.839167629629630
3.550861189760000 1557829999.207589864730835 0.844309000000000
2.027681116364000 1962542768.331580162048340 0.849784018518519
3.502367276618000 1557051106.058810234069824 0.854939962962963
2.008972950322000 1634641957.197100400924683 0.870390629629630
3.566299716672000 1476989293.245110273361206 0.876503074074074
3.555263192182000 1882753649.855212211608887 0.887553740740741
3.920167347864000 2092634520.919202804565430 0.896409240740741
3.601535598154000 1958633666.280055999755859 0.907106833333334
3.804414374994000 2203209803.597953796386719 0.911594981481482
3.750396320988000 2146265988.973692655563354 0.916069129629630
3.562975259844000 2070140760.554329156875610 0.920506925925926
2.022410896478000 2131203171.207449913024902 0.924921648148148
3.555263192182000 1558497170.341143131256104 0.930065574074074
3.640095936464000 1963377691.252899169921875 0.935535111111111
3.612615297408000 2181852552.778841495513916 0.940032388888889
3.648942118591000 2193341006.544797897338867 0.944463388888889
3.566299716672000 2193396822.616962909698486 0.948904500000000
2.027681116364000 2148536796.786724567413330 0.953395129629630
3.632383868802000 1558840413.210655450820923 0.958543611111111
3.633513187857000 2000501152.054356813430786 0.964049074074074
2.016412038600000 2193648737.898081302642822 0.968490518518519
2.023854852474000 1554139838.155256509780884 0.973662370370371
3.618084257123000 1492618580.245672464370728 0.978268018518519
3.656656583958000 2002302814.910544633865356 0.983770462962963
2.015691923400000 2237466465.376429080963135 0.988260018518519
3.562975259844000 1571386975.230673789978027 0.993450129629630
2.022410896478000 1963449948.354979038238525 0.998918370370371
1.995535004166000 1558199111.553052663803101 1.004058425925926
2.016412038600000 1492989193.347645521163940 1.008656074074074
2.022410896478000 1493025213.260992765426636 1.013260500000000
3.740352816070000 1492921377.303744792938232 1.017868537037037
2.020966940482000 2075403875.619648694992065 1.023416037037037
3.555263192182000 1974061100.246932983398438 1.038482351851852
3.540939603453000 1781648986.799964189529419 1.045906574074075
3.632383868802000 1694732597.956470012664795 1.056657759259260
2.143352411882000 1747719937.102280616760254 1.067457185185186
2.143352411882000 1812363578.942532777786255 1.077132296296297
3.871457966323999 1492128579.076816558837891 1.081732722222223
1.989526544752000 2001605075.950815677642822 1.087235796296297
3.579511930288000 1551606361.130724430084229 1.092402592592593
2.037302393022000 1989928468.585725545883179 1.097894611111111
2.017850929500000 1557213700.776696920394897 1.103070851851852
2.008255769520000 1492427984.564675569534302 1.107677888888889
2.023854852474000 1491674548.207325220108032 1.112276851851852
3.548654068820000 1492698866.769992589950562 1.116876944444445
3.526607240106000 1963045278.890736579895020 1.122344703703704
3.571797464921000 2138179738.808786869049072 1.126760370370371
1.981389471600000 2138187671.587239265441895 1.131198777777778
2.016412038600000 1557919510.666349649429321 1.136339555555556
2.003683541652000 1493012756.673201322555542 1.140939907407408
3.571797464921000 1492668166.959210395812988 1.145539833333334
3.554156615158000 1955837047.874940395355225 1.151032925925926
3.556368534186999 2138117423.119790077209473 1.155469240740741
3.562975259844000 2138474147.373191833496094 1.159882074074075
3.561866282436000 2131659873.430403470993042 1.164318222222223
1.997672420205000 2138456106.366117715835571 1.168734833333334
3.571797464921000 1558859366.002533674240112 1.173880314814815
2.022410896478000 1963223454.726341247558594 1.179352796296297
3.547551124520000 1557874797.275381088256836 1.184491129629630
3.562975259844000 1963124663.768509626388550 1.189943722222222
3.579511930288000 1981342598.333132028579712 1.194394296296297
3.587226395655000 1651259305.773283004760742 1.211145148148148
3.672085514692000 2123813382.643306970596313 1.217053851851852
3.565191564396000 2208764698.697658538818359 1.225999277777778
3.687514445426000 2091298603.573970794677734 1.234922851851852
2.144118134378000 1705087617.604387044906616 1.245823333333334
3.926662871803000 1557755673.271388530731201 1.250969296296296
3.586111462830000 2034735295.891898393630981 1.256494962962963
2.042567815712000 2157919270.543756484985352 1.260991462962963
2.021688918480000 1508876089.329524278640747 1.266131814814815
2.022410896478000 1492088484.677760124206543 1.270733574074074
2.036576158986000 1492340612.410322189331055 1.275325629629630
2.029854785524000 1492281695.016220808029175 1.279926481481482
2.029129869556000 1492832186.256803035736084 1.284530240740741
2.023133412062000 1491076572.679460287094116 1.289132259259259
2.021688918480000 1492458124.864041805267334 1.293729259259259
3.587226395655000 1492737608.695652246475220 1.298329259259259
3.694080410098000 1963045064.145115375518799 1.303797185185185
3.579511930288000 2227202238.438832283020020 1.308314222222222
3.532126989196000 2159145077.274273872375488 1.312832759259259
2.035848842634000 2138426418.387640953063965 1.317246351851852
2.022410896478000 1558920734.666585206985474 1.322397592592593
2.062724734946000 1492765537.654733180999756 1.327002296296296
2.021688918480000 1492246580.527225017547607 1.331601500000000
3.704095131840000 1491642001.953242778778076 1.336209222222222
2.022410896478000 2041864934.420845746994019 1.341735481481482
3.648942118591000 1550118628.998881101608276 1.348984037037037
3.615833953382000 2001793701.296950340270996 1.354478407407407
3.663232139450000 2193376211.586144447326660 1.358914740740741
2.014972344000000 2129722322.936582803726196 1.363399166666667
3.587226395655000 2021776434.431967735290527 1.379270722222222
2.036576158986000 2075944990.320342063903809 1.385354500000000
3.540939603453000 1903288828.696848154067993 1.395896888888889
3.859631728000000 1739525470.862437009811401 1.406098814814815
2.002253977244000 2160677341.098562240600586 1.415052944444444
3.870252973556000 1555159322.033898115158081 1.420215444444444
3.609247665816000 2001588976.420439004898071 1.425706703703704
3.701792477760000 2139614891.463277578353882 1.430152203703704
2.024577099265000 2237689886.972776889801025 1.434639814814815
2.024577099265000 1567345673.863527059555054 1.439834981481482
2.015691923400000 1491630169.161592245101929 1.444439388888889
2.008972950322000 1492951249.547265291213989 1.449041055555556
2.016412038600000 1492658883.771859169006348 1.453641203703704
3.632383868802000 1492670434.782608747482300 1.458241203703704
2.015691923400000 2001572400.283697605133057 1.463724351851852
3.547551124520000 1564612664.261788129806519 1.468899018518519
2.009690665138000 1962543604.661041498184204 1.474348444444445
2.022410896478000 1558749745.255266666412354 1.479491574074074
2.023854852474000 1491869606.355009078979492 1.484091037037037
3.596059023828000 1493071337.995000123977661 1.488691203703704
3.556368534186999 1962838012.418156862258911 1.494164074074074
2.008972950322000 2138484588.461104393005371 1.498592574074074
2.010407311926000 1559070196.273184537887573 1.503738462962963
3.632383868802000 1492065475.423564910888672 1.508337870370370
3.540939603453000 2041557289.643254280090332 1.513867277777778
2.022410896478000 2159155948.612462520599365 1.518377666666667
2.016412038600000 1551253751.002176284790039 1.523551592592593
2.014972344000000 1489861012.529876232147217 1.528153925925926
3.641227653224000 1491643849.263866186141968 1.543805018518519
3.656656583958000 2115577665.520271062850952 1.549938037037037
3.592704951548000 2188343055.290934562683105 1.559657666666667
3.724928680745999 2187466424.181612968444824 1.568516555555556
2.142587259120000 2135684652.285599231719971 1.577491833333333
3.793156300776000 1558253461.581398010253906 1.582634259259259
3.795516960564000 1961473461.009531736373901 1.588101407407407
3.642360212976000 2219417727.440600872039795 1.592614185185185
2.016412038600000 2241094357.351268291473389 1.597107740740741
2.050018905910000 1571085258.770976066589355 1.602302166666667
3.591587621018000 1492691263.182450771331787 1.606906351851852
2.023854852474000 1961804241.601628541946411 1.612363759259259
3.646672622494000 1558739361.759609699249268 1.617504629629630
3.570687327506000 2001894856.196923494338989 1.623008555555556
2.016412038600000 2148423918.162963390350342 1.627490814814815
2.029854785524000 1558017100.780938148498535 1.632638944444445
2.023133412062000 1488396017.921767473220825 1.637239185185186
3.717216613084000 1492696602.644532203674316 1.641844074074075
3.695228910793000 2042243223.580765724182129 1.647367722222223
3.670944207112000 2248514611.367744445800781 1.651793500000001
2.028405492960000 2247533150.905028343200684 1.656219388888889
3.571797464921000 1570720745.515215396881104 1.661413907407408
3.562975259844000 1962813865.356625318527222 1.666872222222223
2.029854785524000 2138407251.059544086456299 1.671285370370371
3.670944207112000 1558137977.965003252029419 1.676428703703704
3.701792477760000 2041632598.687301397323608 1.681947444444445
2.023133412062000 2248261276.116131782531738 1.686383648148149
2.135870684640000 1571636858.146042346954346 1.691578740740741
3.579511930288000 1490092637.075718164443970 1.696188925925926
3.609247665816000 2237990010.504541397094727 1.711649611111112
2.034395292246000 2117750534.811507940292358 1.717631296296297
2.010407311926000 1488568124.832094430923462 1.727557518518519
2.131435176858000 1488486308.542997360229492 1.737919481481482
3.633513187857000 1476464980.422373533248901 1.747340666666667
3.924220644502000 2000749977.278923988342285 1.752842166666667
2.142587259120000 2238031523.123137950897217 1.757336222222223
2.016412038600000 1532183292.556544542312622 1.762536166666667
3.572908429254000 1492007856.508156061172485 1.767141925925926
2.028405492960000 1961502787.030228614807129 1.772607055555556
1.996247918214000 1558970176.309372186660767 1.777755833333334
2.008255769520000 1492631569.638672351837158 1.782362814814815
3.616959733478000 1491434847.820754766464233 1.786968129629630
2.008972950322000 2000670615.236544132232666 1.792470981481482
3.602655326389000 1565627215.117279291152954 1.797637500000000
2.010407311926000 1988833684.890445232391357 1.803142111111111
3.555263192182000 1563627994.387090444564819 1.808315370370371
3.539839056858000 1962704205.621707201004028 1.813788203703704
3.555263192182000 2138394833.793503046035767 1.818201500000000
3.616959733478000 2132545170.232425689697266 1.822630629629630
3.687514445426000 2182332479.343608856201172 1.827126592592593
3.672085514692000 2237904930.492801666259766 1.831614537037038
3.564082999554000 2247383853.169688224792480 1.836055037037038
3.579511930288000 2159417539.540894985198975 1.840568648148149
3.624671801140000 2183413029.759326934814453 1.845058370370371
2.029854785524000 2193793037.016650676727295 1.849499314814815
3.687514445426000 1565411982.789530277252197 1.854664129629630
2.029854785524000 2040322004.335333108901978 1.860174407407408
2.036576158986000 1569109487.334782123565674 1.865372370370371
3.609247665816000 1968130529.971050977706909 1.881435092592593
2.028405492960000 1948425225.965489149093628 1.888737092592593
3.648942118591000 1822576224.804381608963013 1.898359944444445
3.749230168362000 1761384778.739291667938232 1.908597574074075
3.732640748408000 2135971466.785555124282837 1.917569574074075
3.602655326389000 2125690350.574018716812134 1.922016777777778
3.634643348118000 2137675450.056556940078735 1.926453462962963
3.871457966323999 2220551402.981155395507812 1.930967000000001
2.023854852474000 2187158659.376198291778564 1.935410481481482
3.648942118591000 1569647852.471992731094360 1.940604222222223
2.035122067440000 2001245675.418273925781250 1.946087518518519
2.014972344000000 1565547222.838018417358398 1.951266666666667
3.556368534186999 1492205095.828273057937622 1.955871740740742
3.555263192182000 1961985869.543053865432739 1.961320962962964
3.564082999554000 2138445475.870893239974976 1.965749685185186
2.029854785524000 2138361451.919263601303101 1.970185703703704
3.570687327506000 1559077291.386586427688599 1.975337444444445
2.002253977244000 1962492594.486762285232544 1.980805092592593
2.036576158986000 1555020231.369965076446533 1.985948370370371
3.633513187857000 1492875108.580252885818481 1.990553259259260
2.015691923400000 1991530818.042195558547974 1.996051481481482
3.562975259844000 1561429504.631004333496094 2.001227944444445
2.029854785524000 1962711200.534732341766357 2.006685851851853
2.015691923400000 1559077721.477017879486084 2.011824333333334
3.609247665816000 1492004619.104907751083374 2.016426796296297
3.564082999554000 2001347472.046669960021973 2.021912129629630
2.029129869556000 2148921907.222898483276367 2.026384018518519
2.109757546492000 1558744669.048785448074341 2.031525203703704
3.570687327506000 1488760995.000903606414795 2.036137148148149
3.648942118591000 2158523560.701215267181396 2.051514685185186
2.023133412062000 2170117335.289024353027344 2.057524370370371
2.002253977244000 1488461829.772814512252808 2.067470555555556
2.129914465726000 1854843551.146974086761475 2.078130648148148
3.791976629916000 1811113030.670328378677368 2.088993481481482
3.802049357366000 1962381318.242433547973633 2.094464851851852
2.008972950322000 2137760211.322144746780396 2.098888500000000
1.988816031088000 1552406571.033926963806152 2.104036796296296
3.640095936464000 1450412694.203719615936279 2.108646074074074
3.555263192182000 2001455997.093052625656128 2.114150129629630
2.008972950322000 2148409394.975471973419189 2.118634796296296
3.710657841527000 1558990741.340239524841309 2.123783129629630
2.035848842634000 2041484327.779995203018188 2.129304222222222
3.615833953382000 1571073927.656507492065430 2.134494481481481
3.701792477760000 2000630184.878931283950806 2.139992574074074
3.579511930288000 2238431370.439043521881104 2.144466944444444
3.542040969822000 2159552729.740289211273193 2.148969814814815
2.014252764600000 2132741456.259821891784668 2.153388796296297
2.021688918480000 1557536434.566052913665771 2.158534500000000
3.572908429254000 1492763907.488508462905884 2.163139333333334
3.670944207112000 1962687270.953713178634644 2.168606851851852
2.029129869556000 2228007928.244061946868896 2.173124222222222
2.015691923400000 1571467988.935150861740112 2.178319185185186
3.578399395168000 1492882378.725303888320923 2.182924203703704
1.988816031088000 1958545453.312675952911377 2.188386666666667
3.672085514692000 1558277215.103279590606689 2.193530018518519
2.016412038600000 2042136252.601104021072388 2.199056518518519
3.625798722490000 1571051354.967619895935059 2.204246611111112
3.601535598154000 1996925075.979666948318481 2.209754907407408
3.601535598154000 2134070633.831331014633179 2.224070259259260
3.663232139450000 2181526465.294793605804443 2.230048388888890
2.008972950322000 2187869750.667835235595703 2.238900925925927
2.152374324800000 1646323866.794396162033081 2.248663055555556
3.633513187857000 1649673646.866436481475830 2.259489092592593
3.889299888432000 1999931967.155164480209351 2.264989703703705
3.863745898662000 2186820023.290661334991455 2.269426388888890
3.648942118591000 2130803429.583288192749023 2.273860574074075
2.029129869556000 2192745208.568207263946533 2.278295574074075
3.640095936464000 1563895197.413413524627686 2.283467555555557
3.650077077834000 2001085958.870611190795898 2.288957907407408
3.594940861022000 2192915772.151264190673828 2.293391648148149
2.036576158986000 2138793960.034467458724976 2.297904796296297
2.029854785524000 1557956565.278157949447632 2.303045759259260
3.647808004126000 1492505323.284283161163330 2.307642962962964
2.029854785524000 2000974631.817445993423462 2.313135407407409
2.020966940482000 1565106428.294823646545410 2.318300074074075
2.016412038600000 1492820861.331089496612549 2.322899759259260
2.071660287620000 1492715513.178406953811646 2.327496925925927
2.022410896478000 1491217269.589980125427246 2.332101037037038
3.642360212976000 1493030900.062322854995728 2.336706685185186
3.632383868802000 2001789825.000252723693848 2.342199814814816
3.589457507040000 2193302383.372868061065674 2.346626314814816
3.625798722490000 2193224894.557139873504639 2.351052092592594
2.008255769520000 2193671675.516891002655029 2.355477592592594
2.002253977244000 1564522057.162526845932007 2.360642203703705
3.634643348118000 1493064960.463572025299072 2.365244148148149
3.608124286104000 2002082110.784498691558838 2.370737629629631
3.566299716672000 2008619303.533320426940918 2.375241314814816
2.028405492960000 2133674097.222583770751953 2.389475166666668
2.015691923400000 1591004238.465435743331909 2.396273574074075
3.578399395168000 1824307119.326884508132935 2.406864462962964
1.996247918214000 1741772435.194068670272827 2.417075148148149
3.949806267904000 1829663707.983890533447266 2.426837166666667
3.670944207112000 2039972206.557641267776489 2.432354055555556
3.861342056073000 2203864196.614196777343750 2.436843388888890
3.618084257123000 2181779647.352217674255371 2.441276518518519
2.022410896478000 2174109863.672814846038818 2.445710296296297
2.044026163296000 1564501310.681697607040405 2.450881481481483
2.035848842634000 1492073804.745222806930542 2.455485722222223
2.035848842634000 1476570920.773805379867554 2.460091148148149
2.035122067440000 1492365649.143399238586426 2.464698074074075
3.593823530492000 1492653704.917769193649292 2.469302314814816
2.030578622748000 1962399179.121973037719727 2.474752666666668
2.017131082200000 1558578738.144448518753052 2.479895592592594
3.719528861556000 1492118391.193085670471191 2.484498037037038
3.586111462830000 2042224476.591179609298706 2.490021833333334
3.640095936464000 2158784505.360593795776367 2.494535222222223
3.600414618826000 2170898411.443535804748535 2.499032666666668
3.666650141600000 2192928703.893635749816895 2.503456314814816
2.002253977244000 2237850385.584959030151367 2.507930037037038
2.015691923400000 1571075811.578845977783203 2.513120537037038
3.672085514692000 1492587241.550155162811279 2.517717925925927
2.017131082200000 2041936052.707421541213989 2.523243888888890
2.008972950322000 1569720682.949456691741943 2.528433796296298
2.015691923400000 1492966328.897177934646606 2.533041000000002
3.517796207352000 1492792043.996186017990112 2.537644092592594
2.023133412062000 1963418284.912965536117554 2.543111259259261
3.670944207112000 1556418265.949115276336670 2.548265962962965
3.633513187857000 1685219172.784243583679199 2.563779851851854
2.023133412062000 2180467226.672117710113525 2.569758629629632
3.533225138086000 1849088687.232996225357056 2.579360203703706
2.129154110160000 2106051712.677304744720459 2.589222388888891
1.996247918214000 1622410381.576633930206299 2.599017518518520
3.889299888432000 1491992891.662177085876465 2.603623481481483
3.749230168362000 2040528271.405492782592773 2.609148629629631
3.557474699538000 2150802721.032377243041992 2.613643111111113
2.020966940482000 2104549511.354437112808228 2.618080925925928
3.538737280602000 1548314674.223815917968750 2.623230166666668
2.014972344000000 1962506392.926110267639160 2.628696277777780
2.023133412062000 1558464501.069830656051636 2.633837277777780
2.002969291676000 1492207068.309286832809448 2.638439981481483
2.023133412062000 1492695530.467867136001587 2.643044407407409
3.579511930288000 1492517377.964186429977417 2.647649537037039
3.586111462830000 1960613436.897954225540161 2.653099703703706
2.011124759735000 2138314507.947243928909302 2.657535203703706
3.539839056858000 1558503065.806897401809692 2.662681574074076
3.632383868802000 1950321155.480033874511719 2.668174240740742
3.587226395655000 2183134075.723830699920654 2.672664240740743
3.576173081872000 2148900657.883889675140381 2.677156759259261
2.023854852474000 2138586284.758519649505615 2.681585462962965
2.024577099265000 1559125414.195316314697266 2.686721481481483
2.029129869556000 1492742750.166072845458984 2.691321203703706
2.023133412062000 1492769042.065470933914185 2.695926018518521
2.015691923400000 1491569409.334421157836914 2.700533814814817
3.679799980059000 1492896192.588001966476440 2.705135462962965
3.628053824320000 2041706853.068155527114868 2.710664481481484
2.142587259120000 2203844002.985825538635254 2.715154833333335
3.656656583958000 1562383293.737119197845459 2.720330537037039
3.692930626162000 1719747540.090221881866455 2.736845370370372
3.616959733478000 2169833569.807924270629883 2.742770888888891
3.670944207112000 1766309678.452919960021973 2.753636759259261
3.862543306278000 2175459734.268580436706543 2.762644740740742
3.849518218133000 2143250758.627467870712280 2.771688851851854
3.578399395168000 2190309577.208794116973877 2.776131111111113
2.008972950322000 2148475450.874942779541016 2.780621351851854
2.029854785524000 1537677303.458157300949097 2.785765388888891
3.586111462830000 1464472783.925731897354126 2.790377314814817
3.577285616992000 2001465166.769330263137817 2.795878925925928
2.022410896478000 2146003322.094407081604004 2.800360703703706
3.632383868802000 1559060114.596484422683716 2.805509203703706
2.031303269030000 2001123819.237354755401611 2.810992555555558
2.007538588718000 1564724082.569627523422241 2.816171574074076
3.557474699538000 1493119807.587116718292236 2.820775870370373
3.609247665816000 1962444458.015267133712769 2.826234203703706
2.022410896478000 2183237054.596636772155762 2.830733870370373
3.734962591272000 1565008690.047800540924072 2.835905814814817
2.002253977244000 2081488001.657017469406128 2.841449018518521
3.679799980059000 1578283158.130172252655029 2.846665185185187
3.672085514692000 2041429360.041536092758179 2.852193611111113
2.029129869556000 2248741513.663980484008789 2.856637574074076
3.632383868802000 1571874755.130222558975220 2.861827407407409
3.577285616992000 2001927758.175892114639282 2.867333092592595
2.002969291676000 2193129681.050656795501709 2.871774759259262
3.632383868802000 1564852429.666603326797485 2.876946555555558
2.017850929500000 2001918879.031255006790161 2.882455018518521
3.565191564396000 1565201968.536393880844116 2.887621481481484
3.579511930288000 1960175338.294993400573730 2.893095555555558
3.525510672719000 2134801244.674131155014038 2.907342925925928
3.623543620660000 2126400671.157809972763062 2.913236555555558
3.616959733478000 2129622154.827348709106445 2.922133203703706
2.136633438804000 1897103052.592609405517578 2.932787777777780
2.143352411882000 1478835691.383879899978638 2.942779814814817
3.600414618826000 1492004991.787704229354858 2.947379962962966
2.129914465726000 1995453779.558604717254639 2.952875166666669
2.029129869556000 1552726447.121513843536377 2.958046351851854
3.662091957050000 1463133117.000615358352661 2.962651740740743
3.633513187857000 2039465293.056595802307129 2.968164833333336
3.609247665816000 2203818687.803605556488037 2.972636555555558
3.577285616992000 2193584997.495408058166504 2.977072851851855
3.564082999554000 2148776497.676836490631104 2.981560666666669
3.586111462830000 2138466707.621328115463257 2.985991944444447
2.008972950322000 2138207977.064681768417358 2.990410166666670
2.009690665138000 1558355271.689793825149536 2.995550833333336
2.009690665138000 1486983616.714813232421875 3.000153537037040
3.555263192182000 1493001057.579790830612183 3.004758740740744
2.016412038600000 1962682715.441912412643433 3.010215870370373
2.022410896478000 1558888215.110382080078125 3.015364648148151
2.029129869556000 1487519557.857483386993408 3.019948388888892
3.555263192182000 1483909302.671757221221924 3.024551407407410
2.002253977244000 1962095629.621079683303833 3.030006481481484
2.010407311926000 1558620545.315038442611694 3.035147240740744
3.557474699538000 1457171595.727972507476807 3.039863537037040
3.610369791756000 1938305404.719614267349243 3.045337148148151
3.610369791756000 2182887927.832754135131836 3.049824666666670
3.578399395168000 2193503419.516263484954834 3.054265407407410
2.030578622748000 2193246808.991302490234375 3.058691907407410
2.021688918480000 1562211921.241563081741333 3.063861018518521
3.603775888686000 2006085308.318960905075073 3.079934740740743
2.008972950322000 1817394027.099693298339844 3.087228796296299
3.570687327506000 1471433684.316816329956055 3.097132185185188
3.786625222041999 1740407210.405109167098999 3.107336574074077
3.871457966323999 1851105888.723809003829956 3.118006055555558
3.940866575282000 2226766621.860861778259277 3.122524870370373
3.603775888686000 2247884181.674822330474854 3.126963814814817
2.029854785524000 2145163924.170460224151611 3.131463185185188
3.578399395168000 1559224799.535653591156006 3.136631740740743
3.641227653224000 1962538992.889472246170044 3.142106148148151
2.038029438795000 2183227183.665050983428955 3.146595500000003
2.029129869556000 1563912015.998394250869751 3.151762685185188
2.009690665138000 1491789143.495990514755249 3.156367537037040
2.016412038600000 1492819697.079498529434204 3.160967203703706
2.022410896478000 1492966642.494561195373535 3.165563870370373
3.554156615158000 1492012583.325282573699951 3.170164314814817
2.015691923400000 1962683424.516750574111938 3.175624074074076
2.008972950322000 1558699339.674950122833252 3.180767444444446
3.587226395655000 1492847317.400979518890381 3.185369462962965
3.695228910793000 1963461669.817649364471436 3.190835129629632
3.694080410098000 2227703594.938785552978516 3.195350222222225
2.024577099265000 2248590583.687798023223877 3.199786574074076
3.616959733478000 1570911473.257137537002563 3.204976259259261
3.643492351232000 2001625316.199534416198730 3.210466814814817
3.510081741985000 2184635963.376194477081299 3.214908370370373
2.008972950322000 2148788081.581944465637207 3.219380129629632
2.002969291676000 1558273438.175062656402588 3.224523685185188
1.988106046080000 1492398449.811854839324951 3.229130055555558
3.556368534186999 1393235253.274168014526367 3.233770759259261
2.014972344000000 1632508246.700781106948853 3.249241592592595
3.640095936464000 1481219597.603310346603394 3.255354962962965
3.656656583958000 2122418359.298649072647095 3.263408203703706
3.533225138086000 2185516440.050478458404541 3.272256851851854
2.122437535680000 2093578512.396694421768188 3.281157074074076
2.015691923400000 1472904183.294669628143311 3.288205833333335
2.149303833600000 1491958116.067300558090210 3.292812037037039
3.692930626162000 1491951741.872135162353516 3.297413833333335
3.780088029830000 2040722270.407648563385010 3.302922388888891
2.030578622748000 2098010231.229061126708984 3.307432907407409
3.586111462830000 1557095729.182778596878052 3.312581111111113
2.022410896478000 1963312022.020936012268066 3.318043925925928
2.027681116364000 1558524202.176520824432373 3.323184648148150
3.601535598154000 1492815414.546904563903809 3.327782037037039
3.578399395168000 2000982041.848546266555786 3.333288666666669
2.016412038600000 2148296169.329086303710938 3.337783092592595
2.016412038600000 1558265068.833610773086548 3.342924314814817
2.009690665138000 1492672827.397700786590576 3.347531351851854
3.587226395655000 1487338630.575682878494263 3.352134259259261
2.013993749950000 1962957616.015113115310669 3.357604092592594
3.624671801140000 1558728342.927498340606689 3.362748037037039
3.640095936464000 2001263512.695273160934448 3.368253148148150
3.556368534186999 2193811013.641973495483398 3.372694777777780
2.029129869556000 2148954926.186822414398193 3.377171796296298
2.008972950322000 1559029429.870508432388306 3.382315851851854
3.695228910793000 1492572706.700918912887573 3.386915000000002
2.029854785524000 2030670814.001114606857300 3.392430962962965
2.027681116364000 1568593676.393555879592896 3.397627833333335
2.022410896478000 1492506560.962274551391602 3.402234203703705
2.029129869556000 1492261307.665067911148071 3.406836129629631
3.547551124520000 1382853339.994290590286255 3.411506796296298
1.983512230830000 1653547019.318047046661377 3.426951000000002
3.533225138086000 1511253180.021559476852417 3.433908500000002
3.602655326389000 1738176682.140257120132446 3.444109074074076
3.755776951394000 2155416725.998592853546143 3.453030425925928
3.740352816070000 2170001943.933512687683105 3.462061370370372
3.767000566528000 2137444179.927327394485474 3.466495259259261
2.145648155035000 2124852890.865549087524414 3.470933888888891
3.608124286104000 1516011515.073101282119751 3.476086555555558
3.723769295274000 1962126548.070182561874390 3.481554833333335
3.663232139450000 2227237681.433463096618652 3.486059851851854
2.036576158986000 2203458919.355636596679688 3.490552370370373
2.029129869556000 1565162705.314009666442871 3.495727370370373
3.587226395655000 1491963990.557273626327515 3.500332129629632
3.584995284270000 1962484385.118480682373047 3.505794037037039
2.022410896478000 2138349390.180121898651123 3.510220055555557
3.587226395655000 1559146675.007010221481323 3.515371277777779
3.696378266982000 1960692330.855559349060059 3.520844629629631
3.694080410098000 2227543894.708392143249512 3.525366814814817
3.641227653224000 2248436406.826280117034912 3.529810425925928
2.022410896478000 2203665419.821541786193848 3.534305722222224
3.699825052308000 1565348089.311491489410400 3.539462870370372
3.579511930288000 2041265676.042416810989380 3.544990000000002
3.589457507040000 2158950949.757421493530273 3.549494074074076
2.021688918480000 2138484632.561407327651978 3.553922629629632
2.035848842634000 1559032697.302301645278931 3.559063500000002
2.022410896478000 1492798642.369974374771118 3.563663018518521
2.023133412062000 1493973675.891799449920654 3.568994000000002
2.000824412836000 1492690245.403956890106201 3.573596388888891
2.015691923400000 1490645358.860904455184937 3.578204333333336
2.024577099265000 1491613408.314596414566040 3.592798925925928
3.618084257123000 1570482980.549199104309082 3.599790925925928
2.023854852474000 2066102717.964441061019897 3.610783629629632
3.641227653224000 1849226133.248044013977051 3.620395055555558
3.853109364946000 1750285043.525083065032959 3.630712648148150
3.864947148867000 2192695586.155688285827637 3.635151962962965
3.602655326389000 2193168087.911354541778564 3.639590777777780
2.002253977244000 2185557224.406739711761475 3.644031870370372
3.569575949714000 1535022098.735373735427856 3.649203944444446
3.586111462830000 1960897448.843016862869263 3.654669148148150
3.593823530492000 2138156584.969918012619019 3.659095333333335
2.016412038600000 2138076745.102312803268433 3.663513518518520
2.028405492960000 1558426197.648430824279785 3.668659018518520
3.577285616992000 1492574798.331911087036133 3.673259537037039
2.021688918480000 1962795180.967735528945923 3.678727055555557
2.015691923400000 1558428447.471979856491089 3.683870518518520
3.650077077834000 1483081305.742138147354126 3.688513259259261
3.718372306894000 2041132425.842064142227173 3.694042000000002
2.016412038600000 2241514038.093570709228516 3.698484277777780
3.580625294112000 1571131388.969101905822754 3.703678777777780
2.016412038600000 1962390882.657936811447144 3.709143333333335
3.625798722490000 1558574421.668790578842163 3.714287444444446
1.994822620560000 2001402507.723060369491577 3.719790444444446
2.002969291676000 1564742719.594231605529785 3.724960333333335
2.016412038600000 1492763352.138879060745239 3.729559055555557
2.015691923400000 1492769514.710671901702881 3.734164555555557
3.485854583224000 1493969114.496548414230347 3.739765888888890
3.564082999554000 1962228847.479147195816040 3.745220759259261
3.647808004126000 2056558034.969468355178833 3.749660611111112
1.994822620560000 1678049428.486726999282837 3.765714481481483
3.557474699538000 1597257771.535328149795532 3.772583685185186
3.564082999554000 1919873677.107225179672241 3.782627611111112
3.942091802537000 2134674652.262155055999756 3.791469148148149
3.547551124520000 2212976954.725758075714111 3.800498074074075
2.135870684640000 2158338242.796254634857178 3.804999333333334
2.029854785524000 1542256369.848785638809204 3.810169814814816
2.129914465726000 1486844902.503828763961792 3.814776833333334
2.022410896478000 1445663913.547512531280518 3.819393370370371
2.023854852474000 1490921635.845685958862305 3.823995814814816
2.008972950322000 1492643092.641571044921875 3.828595981481482
3.641227653224000 1492832967.749465703964233 3.833197111111112
3.565191564396000 2001992469.590672969818115 3.838700722222223
2.017850929500000 2148667594.328326225280762 3.843185648148149
3.562975259844000 1558014120.067327499389648 3.848334611111112
3.587226395655000 1962625156.732621669769287 3.853784444444445
2.036576158986000 2137882492.571681737899780 3.858215685185186
2.008972950322000 1559186287.769784212112427 3.863363833333334
2.015691923400000 1492412328.395551681518555 3.867938037037038
3.618084257123000 1492904745.418827056884766 3.872538185185186
2.015691923400000 2002260569.804981470108032 3.878039092592593
3.548654068820000 1565082864.539878129959106 3.883210629629630
2.021688918480000 1962215496.179326057434082 3.888675537037038
3.625798722490000 1557752436.878636598587036 3.893822148148149
3.692930626162000 2001749608.056669235229492 3.899314722222222
2.023133412062000 2238192288.506964683532715 3.903806814814815
3.564082999554000 1571331477.754464149475098 3.908996370370371
3.631253287938000 1962629795.188556671142578 3.914464814814815
3.601535598154000 2182771006.264844894409180 3.918940111111111
2.022410896478000 2076742936.294981241226196 3.923405425925926
3.656656583958000 1971614172.005148410797119 3.938425648148148
3.564082999554000 2167605264.262877464294434 3.944600055555556
3.524414921534000 1733224232.472682237625122 3.956261481481481
3.847123971722000 2198521414.146389484405518 3.965284592592592
3.538737280602000 1874790751.280295133590698 3.975937518518518
3.778913154380000 2148281044.163141250610352 3.980433055555555
2.000824412836000 2132156927.710843324661255 3.984859722222222
2.029854785524000 1514472399.265420675277710 3.990002500000000
2.015691923400000 1491876394.746354818344116 3.994613055555555
3.572908429254000 1492474276.889417886734009 3.999217648148148
2.029854785524000 1961677004.155609369277954 4.004667666666666
2.015691923400000 1558761788.172941207885742 4.009810925925925
2.029129869556000 1492609392.971760034561157 4.014415629629629
3.665510807550000 1491363534.148199319839478 4.019010796296295
2.021688918480000 2040974590.172183036804199 4.024531407407406
3.580625294112000 1567824088.459354400634766 4.029716462962962
3.578399395168000 1962887203.791469335556030 4.035186833333333
3.625798722490000 2138664683.703393459320068 4.039607203703703
3.556368534186999 2170546066.228910923004150 4.044060333333332
3.584995284270000 2143904415.507032155990601 4.048535722222222
3.626926483260000 2138605940.809213876724243 4.052967092592592
3.578399395168000 2183134856.392012119293213 4.057448814814815
3.586111462830000 2148720842.372699260711670 4.061938777777778
3.656656583958000 2138538140.217514038085938 4.066367611111112
3.626926483260000 2227776093.284857273101807 4.070865185185186
3.633513187857000 2203924810.663935661315918 4.075349666666667
3.600414618826000 2193544781.324790477752686 4.079783351851852
2.029129869556000 2192340132.987715244293213 4.084219851851852
2.021688918480000 1473591961.310388326644897 4.089638092592593
2.029129869556000 1486403790.054212331771851 4.104251388888890
3.597176770496000 1483740819.992454528808594 4.110828685185186
3.632383868802000 2103207447.252337694168091 4.120815962962963
2.011124759735000 1934035056.876039028167725 4.131454759259260
3.796697510136000 1636224328.182353734970093 4.141262314814815
3.553051273153000 1962533930.831872224807739 4.146733685185185
2.130675387454000 2137803932.530361652374268 4.151172444444445
2.015691923400000 1553577626.087800502777100 4.156324277777778
3.572908429254000 1465867383.080741167068481 4.160935722222223
3.601535598154000 1961772188.987913608551025 4.166396388888890
2.014972344000000 2138225322.829122781753540 4.170832000000001
2.009690665138000 1558314323.001631259918213 4.175940333333334
3.633513187857000 1484912125.258890151977539 4.180571925925927
3.616959733478000 2001661485.598787307739258 4.186069148148149
2.008972950322000 2193358882.082376003265381 4.190509944444445
2.002253977244000 1564533506.420853614807129 4.195673962962964
2.035848842634000 1491823746.001086473464966 4.200275907407408
3.547551124520000 1492846230.993857622146606 4.204873592592594
3.618084257123000 1962925158.295498609542847 4.210331037037038
3.584995284270000 2177978049.323105335235596 4.214825962962964
2.029129869556000 2148622679.987640380859375 4.219320870370371
3.664371049325000 1557937437.215783357620239 4.224464148148149
2.004398589970000 2041816069.615566492080688 4.229990796296297
1.982805171290000 1571479618.721216678619385 4.235178018518519
3.556368534186999 1485856308.430012702941895 4.239781500000001
1.980681885190000 1962662085.912827968597412 4.245252592592593
3.616959733478000 1558982143.049893617630005 4.250399462962964
2.130675387454000 2001302324.955328226089478 4.255902555555556
3.642360212976000 1470821120.413023948669434 4.261096407407408
3.765830050704000 1682755932.385168552398682 4.276636500000000
3.615833953382000 2290481216.008924484252930 4.282612333333334
1.994822620560000 2219049928.761564731597900 4.291593648148148
3.764659099096000 1822553247.627380847930908 4.301223185185186
1.996247918214000 1731167990.921454191207886 4.311503833333334
3.803231425931000 1557164586.375833749771118 4.316652092592594
3.695228910793000 1956523172.440875530242920 4.322122351851853
2.082881654180000 2226436224.144784927368164 4.326640925925926
2.015691923400000 1554687462.584452152252197 4.331837814814815
2.022410896478000 1491174608.158041000366211 4.336438592592593
3.648942118591000 1492596682.995832681655884 4.341046722222223
3.718372306894000 2002045407.282528638839722 4.346550000000001
2.037302393022000 2238166236.571551322937012 4.351042259259260
3.602655326389000 1570251555.996247768402100 4.356234240740742
3.633513187857000 1962618721.903383255004883 4.361684185185186
2.008255769520000 2182968746.516035556793213 4.366169018518519
3.632383868802000 1565347014.337482213973999 4.371340648148149
3.586111462830000 2000646813.969582796096802 4.376826111111113
2.036576158986000 2143428988.591650247573853 4.381316000000002
2.023854852474000 1558936838.393506050109863 4.386462703703706
3.718372306894000 1491575063.142484903335571 4.391067222222224
3.579511930288000 2041355777.064746141433716 4.396590500000002
2.022410896478000 2159310422.368761062622070 4.401103407407409
2.015691923400000 1559127654.291667222976685 4.406249685185187
3.656656583958000 1492777885.969500541687012 4.410852092592594
2.037302393022000 2000948347.984237432479858 4.416350425925928
3.569575949714000 1565244314.191948890686035 4.421519240740743
2.061988365360000 1963094823.500737905502319 4.426989833333336
2.023854852474000 1555505328.481850147247314 4.432140351851854
2.035122067440000 1931113859.312553644180298 4.448144833333336
2.029854785524000 1483350926.085082054138184 4.454716703703706
3.566299716672000 1487271332.971460819244385 4.464064518518521
3.949806267904000 2106198378.926038503646851 4.473934518518521
3.641227653224000 2163594139.808483600616455 4.482944462962966
2.150071384960000 2247473758.059666633605957 4.487378981481484
2.029129869556000 1558366388.245662212371826 4.492569185185188
2.021688918480000 1492001630.941286087036133 4.497179111111113
3.624671801140000 1487097122.200797796249390 4.501779462962965
2.016412038600000 1962796357.012750387191772 4.507269462962965
3.560758542726000 1562856274.303392171859741 4.512441351851853
3.601535598154000 1962731150.783536195755005 4.517890296296298
3.584995284270000 2138176237.168363571166992 4.522319092592594
2.029854785524000 2138459673.745407819747925 4.526749851851854
2.036576158986000 1557602942.815739631652832 4.531899870370372
2.022410896478000 1491697764.636214733123779 4.536496851851854
3.556368534186999 1492769191.165527582168579 4.541100870370372
2.015691923400000 1958456290.456093788146973 4.546559462962965
3.711811996698000 1558724868.010494470596313 4.551705074074076
2.023133412062000 2033481235.297061681747437 4.557254796296298
3.632383868802000 1571312119.493692636489868 4.562447074074075
3.578399395168000 2000769487.536540746688843 4.567939425925927
3.561866282436000 2149044321.341117382049561 4.572408888888891
3.601535598154000 2138366132.876196861267090 4.576837962962965
3.673227672408000 2138350087.045827388763428 4.581273685185187
3.594940861022000 2227824239.315537929534912 4.585786555555558
3.654382289772000 2159041929.401518821716309 4.590294574074076
3.578399395168000 2183053362.198608875274658 4.594776870370373
3.549757834680000 2148613475.617322444915771 4.599254092592595
2.035122067440000 2030678359.446019172668457 4.603756185185188
2.009690665138000 1982100625.554844379425049 4.619901851851854
2.014972344000000 1480647622.371324300765991 4.626481703703706
2.027681116364000 1825594899.691843271255493 4.637082370370373
2.116476519570000 1826283602.058859109878540 4.647670759259261
2.156790358038000 1847129240.699635267257690 4.658366277777780
3.596059023828000 1492083647.712738990783691 4.662970685185187
2.138158947132000 1961680642.501603126525879 4.668428518518521
3.602655326389000 1525435267.169485807418823 4.673537981481484
2.021688918480000 1955108530.723932743072510 4.679012962962966
3.601535598154000 1557429604.472618103027344 4.684160333333335
2.021688918480000 1962803463.789196014404297 4.689634962962965
3.650077077834000 1558760360.554865837097168 4.694781351851854
3.673227672408000 2000340643.550998210906982 4.700271722222225
3.555263192182000 2193081150.406128883361816 4.704690129629633
2.022410896478000 2148632751.762045383453369 4.709177759259262
2.042567815712000 1555278153.801843404769897 4.714321462962966
2.015691923400000 1492624561.629291296005249 4.718926055555558
2.007538588718000 1492686504.104297399520874 4.723528277777780
3.578399395168000 1491844296.198538541793823 4.728130796296298
2.027681116364000 1963152454.272528409957886 4.733595944444446
2.022410896478000 1558922708.751050949096680 4.738749611111113
3.518890375248000 1493294185.361851930618286 4.744347870370373
3.746898297108000 1962884887.991435050964355 4.749813722222225
3.632383868802000 2272259647.630420684814453 4.754341796296299
2.016412038600000 2214027064.110885620117188 4.758849611111114
3.672085514692000 1563583186.224133729934692 4.764021296296299
3.599294890591000 2042170412.784657478332520 4.769529055555559
2.014972344000000 2158840216.872624397277832 4.774030759259262
2.017850929500000 1441246802.876874208450317 4.779206129629633
2.008972950322000 2005631705.885737419128418 4.795299648148151
2.021688918480000 1480947731.130760908126831 4.801877814814818
2.009690665138000 1487765148.887677669525146 4.811221796296299
2.135870684640000 1487279580.442034244537354 4.820564962962965
2.007538588718000 1838427291.715015172958374 4.831337462962965
2.123195492648000 1490918405.904296398162842 4.835944277777780
3.787802495197000 1483645819.088605403900146 4.840548537037039
3.602655326389000 1962599563.370508670806885 4.846019740740743
3.763489019056000 2087205355.500175714492798 4.850448555555557
2.029129869556000 2271145577.576074123382568 4.854986037037039
3.677511291606000 1576782544.757033109664917 4.860199370370372
2.029129869556000 2041673375.271891117095947 4.865724796296298
3.591587621018000 1571077247.672359704971313 4.870912055555558
3.662091957050000 1961771547.606950283050537 4.876379277777780
3.648942118591000 2183376430.437312602996826 4.880866703703706
2.023133412062000 2192223256.241358757019043 4.885300240740743
3.578399395168000 1564914553.453270912170410 4.890477833333335
3.587226395655000 1961873275.528950929641724 4.895941129629632
3.700640293440000 2138468897.002916097640991 4.900373833333336
2.035122067440000 2228138102.572127342224121 4.904870759259262
2.028405492960000 1571211635.527696609497070 4.910058574074077
2.021688918480000 1492692881.890650987625122 4.914660555555558
3.593823530492000 1492773631.620832920074463 4.919267925925928
3.587226395655000 1961943356.451071023941040 4.924723092592594
3.531027613324000 2138546081.900171041488647 4.929156222222224
2.015691923400000 2126049035.206148147583008 4.933614092592594
2.016412038600000 1558493200.303889036178589 4.938757296296298
2.022410896478000 1492663328.014533519744873 4.943364759259261
2.037302393022000 1492521739.833912372589111 4.947942888888890
3.596059023828000 1491001519.866830825805664 4.952548555555556
3.558580453216000 1656285763.220995664596558 4.968010074074075
3.626926483260000 2129284757.507220506668091 4.973921666666668
3.586111462830000 2186668401.039791584014893 4.982819462962965
2.150839507840000 2133269272.660758018493652 4.991728648148150
3.584995284270000 1622203126.239484310150146 5.001533351851855
3.808575635332000 1962442193.978574514389038 5.007004555555558
3.594940861022000 2137108339.574172496795654 5.011430796296299
2.037302393022000 2137945981.169433355331421 5.015864092592595
2.029854785524000 1507295065.277063369750977 5.021011666666670
3.580625294112000 1492337983.260262966156006 5.025611500000004
3.587226395655000 1962653843.285858392715454 5.031075092592596
2.028405492960000 2138150740.411019086837769 5.035505814814819
3.655520071788000 1558304285.026480436325073 5.040659851851855
2.035122067440000 1997729987.280692815780640 5.046163296296300
3.602655326389000 1565444806.136590719223022 5.051334462962967
3.619209618402000 1962342521.004988431930542 5.056802740740745
2.028405492960000 2133827815.840642213821411 5.061240925925930
3.601535598154000 1558920330.471407651901245 5.066385092592597
2.036576158986000 1987395334.254795551300049 5.071878240740745
3.610369791756000 1565229173.679800033569336 5.077049314814819
2.042567815712000 1962853269.001740455627441 5.082507148148153
2.015691923400000 1558644998.217699766159058 5.087650314814820
3.586111462830000 1491847705.691429615020752 5.092254703703708
2.023133412062000 1962437364.483954906463623 5.097720777777782
3.673227672408000 1559104572.953608512878418 5.102869407407412
2.016412038600000 2000856725.946192502975464 5.108351907407412
2.035848842634000 1565508367.377601623535156 5.113528537037042
2.131435176858000 1492424603.525824069976807 5.118131611111116
3.579511930288000 1491241014.416364669799805 5.122734148148154
1.990236001104000 1670316999.347310066223145 5.138225592592598
3.579511930288000 1514395941.106247663497925 5.145206148148154
2.029129869556000 2137645500.064002513885498 5.155188388888895
2.142587259120000 1820306081.442077636718750 5.164754833333340
3.548654068820000 1664680696.595138549804688 5.175636333333340
3.857232683500000 1961566282.704055070877075 5.181099185185191
2.144118134378000 2175394564.129185676574707 5.185594018518525
2.144118134378000 1565587143.834708452224731 5.190762888888895
2.023133412062000 1437768078.175895690917969 5.195367888888895
2.008972950322000 1491311464.133108854293823 5.199944481481488
3.570687327506000 1492883348.088531255722046 5.204546333333340
3.590572855110000 1963038019.607511281967163 5.210014759259266
3.696378266982000 2138314357.129997491836548 5.214437777777785
3.564082999554000 2227745301.446087837219238 5.218950592592599
2.016412038600000 2158898521.502611160278320 5.223450907407414
3.604896033952000 1554129671.874155282974243 5.228589518518524
2.029854785524000 2001885968.900609016418457 5.234088018518524
3.623543620660000 1565447477.443313121795654 5.239264277777783
3.556368534186999 2001252672.703594923019409 5.244767444444450
3.579511930288000 2148682752.214033603668213 5.249252722222227
3.624671801140000 2138634224.585528135299683 5.253686074074079
3.641227653224000 2183395453.645008087158203 5.258173185185191
3.601535598154000 2189764376.192882537841797 5.262607277777784
3.587226395655000 2193334930.775192260742188 5.267027925925932
2.023854852474000 2148645958.111677169799805 5.271508092592598
2.029854785524000 1558354503.140219926834106 5.276656351851858
1.982805171290000 1493102964.300508022308350 5.281261148148154
2.023133412062000 1493043538.477643013000488 5.285860740740747
3.618084257123000 1492772277.944744110107422 5.290463574074080
2.027681116364000 1996468438.336171150207520 5.295944907407413
2.008972950322000 1937090373.781088590621948 5.311002740740746
2.023133412062000 1476069955.187150478363037 5.317602203703709
2.002253977244000 1825679518.773377180099487 5.328167796296301
2.150839507840000 1487212935.999033927917480 5.337522111111117
2.023854852474000 1475835209.848117351531982 5.346948240740746
2.128393754594000 1492040011.266245603561401 5.351550648148153
2.023133412062000 1491467766.442370176315308 5.356157648148153
2.123195492648000 1492926886.583667993545532 5.360759833333339
2.016412038600000 1492899661.172640800476074 5.365356296296302
3.717216613084000 1484931939.614449024200439 5.369962500000006
3.742679456130000 1911678054.468904495239258 5.375425351851858
3.564082999554000 2268235008.708124160766602 5.379944333333340
3.632383868802000 2169049377.109542846679688 5.384470722222228
3.546446947880000 2183247939.381669998168945 5.388952925925932
3.571797464921000 2148734818.994510650634766 5.393429462962970
2.042567815712000 2138212322.847529172897339 5.397843425925933
3.624671801140000 1559035386.160063505172729 5.402989296296303
3.579511930288000 2000831355.087303400039673 5.408487370370377
2.008972950322000 2148871714.119649887084961 5.412979796296303
2.029854785524000 1558892097.001814603805542 5.418123648148154
3.547551124520000 1492705475.981760025024414 5.422728944444451
3.685220958884000 1961676031.660127162933350 5.428203759259266
3.562975259844000 2228156059.767570495605469 5.432721259259266
3.569575949714000 2159298080.879569530487061 5.437221777777785
2.035848842634000 2138444508.597966432571411 5.441647888888896
2.008972950322000 1559085138.114382028579712 5.446788555555563
2.015691923400000 1492840445.969952344894409 5.451396074074082
2.017131082200000 1492309120.218846082687378 5.455945185185193
2.001539195040000 1492994040.745047569274902 5.460547425925934
1.981389471600000 1493086878.268957376480103 5.465146666666675
3.572908429254000 1492818437.980533123016357 5.469747074074082
2.035122067440000 1962830147.260586977005005 5.475213574074082
3.562975259844000 1975580264.318481206893921 5.490266962962971
2.029854785524000 2077370523.378293514251709 5.496358796296304
3.647808004126000 1674267124.114933729171753 5.506938148148156
2.135107930476000 1756643481.656650781631470 5.517181037037044
3.800865968054000 1838905422.576917171478271 5.526843314814823
3.619209618402000 1960783501.232924222946167 5.532295574074082
2.152374324800000 2178243276.430192947387695 5.536774703703712
2.037302393022000 1522263597.023419618606567 5.541948425925934
3.615833953382000 1492175981.827481746673584 5.546546333333342
3.555263192182000 2000819015.604948520660400 5.552044351851860
3.548654068820000 2149114689.758028030395508 5.556526814814823
3.564082999554000 2138492734.627088546752930 5.560963129629639
2.028405492960000 2138449002.634550094604492 5.565391462962972
2.023854852474000 1558522652.645056486129761 5.570540481481491
3.587226395655000 1492528338.762214899063110 5.575145481481490
2.023133412062000 1962133693.985260248184204 5.580615685185194
2.009690665138000 1558966007.461074352264404 5.585758425925935
3.557474699538000 1492759059.930439710617065 5.590364074074083
2.010407311926000 1962225291.166670799255371 5.595816277777787
3.574018980128000 1557888956.896179199218750 5.600959759259268
3.624671801140000 1963033519.950416088104248 5.606427481481490
2.023854852474000 2183212898.072124481201172 5.610924851851861
3.702943376160000 1564376242.592838287353516 5.616090648148157
3.647808004126000 2041537857.171562910079956 5.621620203703713
2.022410896478000 2202097079.686552047729492 5.626107925925935
2.031303269030000 1565531440.772692203521729 5.631276962962972
2.023133412062000 1492793187.994444131851196 5.635876685185194
3.556368534186999 1492097552.139312028884888 5.640477074074083
2.029129869556000 1960129390.369043350219727 5.645945166666676
2.129914465726000 1935476856.297205448150635 5.660911240740750
3.586111462830000 1483173496.297798871994019 5.667483907407417
2.023133412062000 2189053513.510506153106689 5.677469962962973
3.863745898662000 1864852334.115647077560425 5.687143703703714
3.632383868802000 1928261400.933275699615479 5.697311000000010
3.841803752766000 2182454262.461088657379150 5.701754833333343
2.022410896478000 2148145256.622516632080078 5.706228907407417
3.624671801140000 1552384694.292573451995850 5.711373925925936
3.579511930288000 1973095466.035604715347290 5.716882962962973
2.043297532448000 2148158974.464664936065674 5.721375648148158
2.051481778325000 1558843911.435134649276733 5.726526925925936
3.584995284270000 1492609380.473251342773438 5.731126314814825
2.042567815712000 1961747489.492276430130005 5.736594074074084
2.002253977244000 1558915618.639335870742798 5.741734537037047
2.008255769520000 1493771681.889857530593872 5.747336370370380
2.022410896478000 1491572279.045054435729980 5.751936981481491
2.015691923400000 1491785623.491552829742432 5.756540685185195
2.028405492960000 1493073609.831276416778564 5.761142777777787
2.022410896478000 1492973976.260173082351685 5.765748259259269
2.017131082200000 1492859904.159139156341553 5.770350796296306
3.648942118591000 1492724254.257075071334839 5.774950981481491
3.609247665816000 2041624941.767909526824951 5.780476444444454
2.016412038600000 2204041354.594175338745117 5.784961592592602
3.608124286104000 1565272417.711219549179077 5.790128018518527
3.579511930288000 1962178602.059046030044556 5.795590814814823
2.002969291676000 2137524368.367227315902710 5.800009111111120
2.022410896478000 1558809657.382568597793579 5.805151981481490
2.016412038600000 1492825968.819061040878296 5.809752370370379
3.665510807550000 1399507451.049737930297852 5.814360222222231
3.679799980059000 2173776163.835843563079834 5.830533592592602
3.645538508029000 2230862987.536429405212402 5.836506555555564
2.027681116364000 2175316698.703782081604004 5.845514240740750
3.727245726414000 1823901525.137952089309692 5.855179425925935
3.803231425931000 1929082757.303105115890503 5.865357111111121
3.578399395168000 2137470574.971815109252930 5.869792111111121
2.157560881302000 2136716799.973282814025879 5.874228185185195
3.602655326389000 1509913552.427918434143066 5.879372814814825
2.050018905910000 1956203269.911729335784912 5.884837907407417
2.029854785524000 1558620383.706861972808838 5.889980722222232
3.672085514692000 1492358564.968344926834106 5.894587666666676
3.586111462830000 2001225931.073472738265991 5.900090574074084
2.051481778325000 2148369014.920941352844238 5.904580907407417
2.029129869556000 1559034604.992975234985352 5.909721462962972
2.029854785524000 1492681734.154222011566162 5.914329537037046
2.022410896478000 1492742921.720665454864502 5.918934129629639
3.650077077834000 1492914207.269696950912476 5.923534148148157
2.029129869556000 2001615827.342969655990601 5.929039388888897
3.764659099096000 1564877311.947298765182495 5.934211796296305
3.656656583958000 2081458077.470091104507446 5.939745592592601
3.608124286104000 2213473091.595985412597656 5.944245425925934
3.601535598154000 2148930437.615734577178955 5.948735666666675
1.994110236954000 2138622945.201185464859009 5.953166351851860
2.023854852474000 1558788162.117190361022949 5.958308037037045
2.002253977244000 1492767786.303109645843506 5.962915462962971
3.648942118591000 1492821012.942754507064819 5.967512629629637
2.022410896478000 2001932599.016648292541504 5.973015351851860
3.555263192182000 1564963897.468236446380615 5.978183759259267
2.029129869556000 1883049652.653779029846191 5.983680462962972
3.641227653224000 1933704766.188383817672729 5.998667203703713
3.554156615158000 2070441773.415655851364136 6.004806851851860
3.584995284270000 1775683149.519753456115723 6.013702740740749
2.027681116364000 2133045299.549389600753784 6.022554925925935
3.795516960564000 1632926234.316317081451416 6.032278407407416
3.586111462830000 1826948111.574415683746338 6.039659629629639
3.781263780420000 2136300220.234917402267456 6.044099333333342
3.819848104710000 2138034815.193608760833740 6.048517370370379
3.650077077834000 2112127919.458118915557861 6.053020203703713
2.029129869556000 2192823286.005074024200439 6.057450777777786
2.023133412062000 1564641755.311523437500000 6.062617740740749
2.022410896478000 1492524647.122692823410034 6.067222740740749
3.600414618826000 1484772658.661680698394775 6.071847944444452
3.580625294112000 1962220287.384315729141235 6.077322611111119
2.017131082200000 2138209968.425800323486328 6.081756611111119
2.021688918480000 1557916767.653521060943604 6.086906407407414
3.624671801140000 1488124660.658051967620850 6.091510907407415
2.008255769520000 1990475742.315789461135864 6.097008592592600
3.557474699538000 1565583276.010318279266357 6.102177481481489
2.015691923400000 1963394767.843360424041748 6.107647925925933
3.562975259844000 1558279804.486453056335449 6.112796759259266
2.016412038600000 1962893732.361480474472046 6.118269314814822
3.578399395168000 1557713918.984694719314575 6.123405518518526
3.622416699310000 1961580811.201727628707886 6.128859703703711
3.542040969822000 2183188626.116827011108398 6.133344962962970
2.023133412062000 2148651448.487245559692383 6.137840074074081
2.014252764600000 1558617369.376129627227783 6.142973203703710
2.015691923400000 1492815740.871139764785767 6.147575518518525
3.601535598154000 1397474845.383196592330933 6.152183685185191
3.548654068820000 2160065297.592293739318848 6.168417055555562
3.562975259844000 2127293305.394706487655640 6.174320648148155
2.002253977244000 2093202149.380252122879028 6.183163851851858
2.144118134378000 1487764747.244855880737305 6.193066203703710
2.150839507840000 1648330746.905778646469116 6.203894333333340
1.994822620560000 1491283946.940549612045288 6.208495740740747
3.856033831000000 1492702788.273300886154175 6.213093037037043
3.625798722490000 1978733371.586728096008301 6.218579518518525
3.705246458880000 2184656455.963214874267578 6.223021722222229
2.037302393022000 2237929567.294797897338867 6.227509851851859
2.022410896478000 1570898247.141613245010376 6.232699259259266
2.015691923400000 1492949566.365766763687134 6.237298629629636
2.030578622748000 1492468607.429937124252319 6.241901629629637
2.022410896478000 1491235629.757409811019897 6.246507018518526
3.570687327506000 1492515023.321401596069336 6.251116518518526
2.021688918480000 1961810790.204031705856323 6.256581351851858
3.571797464921000 1558674970.929081439971924 6.261725222222229
3.587226395655000 1963214436.676963090896606 6.267192777777785
2.021688918480000 2138329469.387755155563354 6.271616388888896
2.022410896478000 1557978139.047749280929565 6.276761703703711
3.625798722490000 1493062114.673862695693970 6.281366388888896
2.028405492960000 1998837860.215270996093750 6.286868500000008
2.022410896478000 1564606311.822216987609863 6.292037518518526
3.564082999554000 1493095485.404621362686157 6.296633722222230
2.028405492960000 1962941000.291373252868652 6.302099537037045
3.575129531002000 1558973900.401947498321533 6.307245777777786
2.016412038600000 1962582068.928145647048950 6.312713629629638
3.571797464921000 1558834076.157507658004761 6.317849185185193
2.015691923400000 1879544453.234345674514771 6.323326851851860
3.602655326389000 1934242893.246531724929810 6.338326277777786
3.608124286104000 2074795261.588407754898071 6.344418333333341
3.632383868802000 2133795219.530680418014526 6.354094277777786
2.109004386720000 2155816569.164776325225830 6.363017814814823
2.016412038600000 1633868863.018678188323975 6.372850055555563
2.138158947132000 1491989468.391093492507935 6.377453481481489
2.008255769520000 1492517233.322591066360474 6.382050518518526
2.131435176858000 1492584196.343334913253784 6.386647907407415
3.618084257123000 1485978415.238954067230225 6.391248203703711
3.578399395168000 1971167782.157319545745850 6.396740444444451
2.020966940482000 2148077725.399948120117188 6.401230611111118
2.024577099265000 1558437696.681544065475464 6.406379703703711
3.550861189760000 1492584130.584275245666504 6.410984648148155
3.593823530492000 1961689231.250169992446899 6.416434574074080
2.022410896478000 2138260378.855913639068604 6.420868000000007
2.023133412062000 1558906366.286392927169800 6.426013740740747
3.623543620660000 1492351463.661645889282227 6.430621666666673
2.022410896478000 2000917878.166100502014160 6.436127037037044
2.015691923400000 1561682384.268301963806152 6.441294240740747
2.022410896478000 1482599635.567348003387451 6.445928537037044
2.024577099265000 1492603987.548475265502930 6.450527111111118
2.016412038600000 1492686985.630898952484131 6.455124166666673
3.564082999554000 1492798623.853211164474487 6.459726388888895
3.634643348118000 1962811954.434135913848877 6.465193444444450
3.579511930288000 2183468829.440532684326172 6.469688129629636
3.555263192182000 2148885246.307043075561523 6.474181166666672
2.023133412062000 2138381641.705021142959595 6.478615129629635
1.996959771378000 1558597418.588324308395386 6.483758740740747
3.588342158970000 1492142798.542576551437378 6.488363518518525
2.036576158986000 1960874942.801457405090332 6.493826944444451
2.021688918480000 1510086728.233005046844482 6.510015444444451
2.035122067440000 1482870078.074830293655396 6.516590333333340
2.017131082200000 1657430793.285480737686157 6.527356388888896
2.123195492648000 1687126245.236173391342163 6.538231166666674
3.561866282436000 1471762211.630273818969727 6.547656759259267
3.802049357366000 2082533872.297950029373169 6.552888555555564
3.972949664005000 2137982315.697852134704590 6.557313907407416
3.587226395655000 2151172380.706351280212402 6.561830074074082
3.579511930288000 2158162266.021557331085205 6.566350314814823
2.035848842634000 2138193965.138052940368652 6.570770925925934
3.579511930288000 1558401584.101382493972778 6.575914629629637
3.646672622494000 1961877654.069205284118652 6.581371833333341
2.042567815712000 2183039409.719361305236816 6.585866870370378
3.586111462830000 1561451723.483288049697876 6.591036740740748
2.010407311926000 1961808639.376324176788330 6.596490666666674
2.028405492960000 1558933247.005503416061401 6.601639000000008
3.748064883732000 1492629653.605677366256714 6.606244648148156
2.029129869556000 2081711659.758515119552612 6.611793648148156
3.570687327506000 1576420961.870090007781982 6.617012648148156
3.564082999554000 1962993304.595065593719482 6.622464148148157
3.623543620660000 2138449077.967888832092285 6.626889759259268
2.029854785524000 2183392149.264560222625732 6.631381907407416
2.008972950322000 1564515426.029207706451416 6.636551740740749
3.587226395655000 1493174754.585300445556641 6.641152796296305
2.009690665138000 1963029427.892524242401123 6.646623796296305
3.632383868802000 1558790772.852776765823364 6.651768037037046
2.035122067440000 2001319769.611749410629272 6.657275648148157
2.029129869556000 1482900541.094883441925049 6.662440074074083
3.680944537266000 1487723329.882647752761841 6.677448722222231
2.016412038600000 2176415570.970703125000000 6.683602148148157
3.688661402124000 1878970763.469756364822388 6.694110944444454
3.601535598154000 2144838205.518649578094482 6.704071111111120
2.142587259120000 2143924032.857958793640137 6.713117907407416
2.021688918480000 1565098458.407092332839966 6.718285722222231
2.144118134378000 1492269289.235991001129150 6.722890574074083
3.625798722490000 1487771546.905786275863647 6.727495944444454
3.577285616992000 1932935111.844641685485840 6.732971462962972
2.038029438795000 2137630877.710132122039795 6.737394166666676
2.023133412062000 1557643005.121712446212769 6.742542907407417
3.634643348118000 1493204035.518908977508545 6.748148685185194
2.023133412062000 2001399320.587023735046387 6.753632722222232
3.640095936464000 1565028245.837568521499634 6.758806870370380
2.014972344000000 2001045140.793640375137329 6.764309407407417
2.021688918480000 1565148832.510585784912109 6.769478777777787
2.030578622748000 1492809405.592014074325562 6.774081240740751
2.015691923400000 1488658159.817204713821411 6.778684648148158
3.558580453216000 1492642708.841469526290894 6.783278111111121
2.038029438795000 1961633491.075247764587402 6.788733185185196
3.562975259844000 1559095822.159593343734741 6.793884703703714
3.579511930288000 1962717610.408649444580078 6.799341703703714
3.555263192182000 2138681363.177184820175171 6.803777962962974
2.015691923400000 2137804732.959377527236938 6.808198500000010
3.553051273153000 1559192337.159238576889038 6.813346962962973
3.555263192182000 1963068629.475301980972290 6.818817833333344
3.616959733478000 2128334567.932130336761475 6.823257722222233
3.597176770496000 2183240678.441845417022705 6.827744037037048
2.029129869556000 2083932290.384366512298584 6.832181833333345
3.570687327506000 1942083658.082509756088257 6.847758907407419
2.002969291676000 1828874819.857379198074341 6.855199000000011
2.022410896478000 1633161766.552869796752930 6.864930444444456
2.115720961200000 1657566755.810853719711304 6.875698129629641
1.975378084932000 1478895874.912904262542725 6.885106685185197
2.135107930476000 1492191313.789359331130981 6.889711685185197
3.656656583958000 1492348449.571809530258179 6.894308981481493
3.935601077579999 2001407506.295700550079346 6.899802148148160
3.592704951548000 2165811511.461583614349365 6.904294611111123
3.719528861556000 2157975812.726781368255615 6.908816425925938
3.664371049325000 2227718474.160423755645752 6.913337555555567
3.592704951548000 2203738545.074031352996826 6.917832629629642
2.029129869556000 2148577744.455063819885254 6.922327888888900
2.035122067440000 1558575007.301164865493774 6.927464055555567
2.035122067440000 1491899747.963002443313599 6.932070962962975
2.022410896478000 1492789553.469108581542969 6.936676425925937
3.586111462830000 1492865067.164599418640137 6.941278166666678
3.632383868802000 1963117962.466487884521484 6.946748833333345
2.022410896478000 2182989693.947716236114502 6.951246370370382
3.641227653224000 1564483208.012867689132690 6.956415833333344
2.014252764600000 2001905992.072430610656738 6.961924037037048
3.647808004126000 1565506331.017689704895020 6.967095518518529
3.579511930288000 2041053857.888829946517944 6.972606592592603
3.578399395168000 2159280912.562549591064453 6.977106740740751
2.022410896478000 2183244935.877101421356201 6.981601870370381
2.022410896478000 1565225422.131103515625000 6.986768555555567
3.710657841527000 1491657092.017278671264648 6.991368537037048
3.556368534186999 2040968309.468868732452393 6.996881925925937
3.579511930288000 2159135693.674787521362305 7.001400000000011
3.555263192182000 2027678095.602512359619141 7.005949314814826
3.608124286104000 2131433944.861165523529053 7.020204240740752
2.034395292246000 2129466265.124560594558716 7.026101259259271
1.996959771378000 1648974567.327986478805542 7.035928222222234
3.871457966323999 1487378565.951907873153687 7.045275240740752
3.578399395168000 1752628249.562053442001343 7.055582185185196
2.149303833600000 2146244338.822211503982544 7.060078370370381
2.289533975762000 1554211688.597361087799072 7.065213796296307
2.001539195040000 1455597421.722231626510620 7.069816351851863
2.021688918480000 1492140152.230992317199707 7.074421925925937
2.029129869556000 1492543719.576272249221802 7.079021314814826
2.022410896478000 1493026903.626876115798950 7.083620722222233
2.037302393022000 1491460971.401683568954468 7.088225370370381
3.699489395040001 1492765534.769250631332397 7.092830333333344
3.650077077834000 2041752534.069623470306396 7.098356870370381
3.587226395655000 2203604577.869510650634766 7.102851925925936
3.626926483260000 2148509544.956456184387207 7.107347222222232
3.589457507040000 2177803524.138073444366455 7.111829537037047
3.596059023828000 2129339207.921609640121460 7.116314222222232
3.555263192182000 2138514192.834880352020264 7.120734814814824
3.587226395655000 2138377684.087493896484375 7.125171111111120
2.029854785524000 2138175721.732156991958618 7.129604888888898
3.638962955216000 1558969095.970822334289551 7.134753444444454
2.035848842634000 2001585168.002912998199463 7.140246074074083
3.587226395655000 1565273113.023283958435059 7.145413314814824
3.610369791756000 1963054554.441032648086548 7.150883555555565
3.646672622494000 2183398043.139871120452881 7.155380555555564
2.036576158986000 2193328945.063196182250977 7.159820000000009
2.035122067440000 1564398593.485920429229736 7.164991703703713
3.643492351232000 1491988577.679821252822876 7.169596074074083
3.577285616992000 1920724707.432327985763550 7.175106037037046
2.015691923400000 2172490382.714087009429932 7.189434981481490
2.003683541652000 1511102954.713547468185425 7.196395611111120
3.571797464921000 1483797152.856041193008423 7.205761722222231
3.895805010335000 1936388599.543937683105469 7.215856185185194
3.545344003580000 2238821770.467566013336182 7.224874518518527
3.880376079601000 2169017868.473299503326416 7.229398314814824
2.029129869556000 2182623075.972822666168213 7.233895537037046
2.022410896478000 1558004491.050132036209106 7.239066314814824
3.579511930288000 1475874634.067878484725952 7.243671500000009
2.021688918480000 1961739340.993257761001587 7.249132018518528
2.015691923400000 1546959439.925783634185791 7.254282129629638
2.022410896478000 1491917206.368617057800293 7.258885722222231
2.023133412062000 1492368102.604978084564209 7.263485888888898
3.701792477760000 1491726299.023846626281738 7.268090129629639
2.016412038600000 2041297470.501499652862549 7.273603592592601
3.574018980128000 1571434697.354463338851929 7.278788425925935
3.632383868802000 1962318145.943913698196411 7.284255518518528
2.022410896478000 2183355052.802766799926758 7.288753388888898
2.036576158986000 1565360570.329815864562988 7.293925185185194
1.995535004166000 1492030193.601372003555298 7.298525129629638
2.014972344000000 1492707685.990007400512695 7.303124888888897
3.624671801140000 1492833989.612272024154663 7.307724333333342
2.031303269030000 1998825671.388445377349854 7.313222888888897
2.022410896478000 1565420887.163768529891968 7.318394592592601
3.642360212976000 1492828087.906261205673218 7.323004722222231
3.670944207112000 2041495997.049751996994019 7.328528425925934
3.578399395168000 2247603977.196736812591553 7.332959240740749
3.586111462830000 2159000319.889760971069336 7.337474685185193
3.695228910793000 2000367336.536453008651733 7.341907092592601
3.547551124520000 1669940861.480456113815308 7.358351222222231
1.990946250440000 2067975994.770156621932983 7.364328314814824
3.638962955216000 1488362258.429805517196655 7.374222111111120
2.124711406584000 2106979017.025186061859131 7.384179037037046
2.129914465726000 1474794458.659177541732788 7.394188648148157
3.601535598154000 1491697155.149882316589355 7.398794111111120
2.129914465726000 2001167344.244184017181396 7.404292092592601
3.702943376160000 1545868236.254178762435913 7.409466055555564
3.570687327506000 2011585856.522336006164551 7.414995629629638
2.008972950322000 2158825879.911239624023438 7.419510500000008
2.015691923400000 1555799397.024021863937378 7.424651666666675
3.633513187857000 1492565434.966979980468750 7.429258870370378
3.578399395168000 2001885201.884252786636353 7.434762574074082
2.008255769520000 2148606999.464116573333740 7.439254981481489
3.564082999554000 1557738930.038781404495239 7.444397777777786
2.020966940482000 1963105468.842519283294678 7.449870870370378
2.023854852474000 1558560993.267994403839111 7.455012148148156
3.571797464921000 1492743199.549585819244385 7.459616962962971
3.594940861022000 1958251115.139417886734009 7.465072185185194
3.625798722490000 2138356395.917446374893188 7.469502962962971
3.576173081872000 2183433189.806135177612305 7.473997314814823
2.023133412062000 2148972192.817336082458496 7.478493222222230
3.570687327506000 1559131091.905261754989624 7.483644259259267
2.004398589970000 1962427551.852616310119629 7.489116500000008
3.626926483260000 1558774093.447043180465698 7.494260629629637
3.669801624328000 2002340002.826626777648926 7.499763851851859
2.035848842634000 2237541985.488534927368164 7.504253277777785
2.031303269030000 1571584054.123490571975708 7.509443055555563
3.618084257123000 1489569798.131967544555664 7.514052777777785
3.625798722490000 1641000254.629657268524170 7.529543685185192
2.001539195040000 1921775044.943972110748291 7.536393777777785
3.511173510390000 1485029167.405660390853882 7.544433574074081
2.023854852474000 1921549413.138826131820679 7.554469703703711
3.794337289704000 1641234760.731118679046631 7.564583074074081
1.984220080675000 2126827348.589256048202515 7.571919629629637
3.602655326389000 1557638573.184670686721802 7.577071740740748
2.137396760916000 1962993069.420849800109863 7.582544000000008
3.663232139450000 1554963628.386688470840454 7.587693518518526
3.701792477760000 1959531062.231580018997192 7.593225722222229
3.562975259844000 2236581027.863777160644531 7.597711833333340
3.597176770496000 2158881582.468984127044678 7.602209259259267
3.578399395168000 2138120707.152969837188721 7.606643314814822
2.036576158986000 2138121457.083323001861572 7.611069203703711
3.596059023828000 1558178495.892263650894165 7.616217574074081
3.579511930288000 2002224126.845196962356567 7.621718592592600
2.036576158986000 2148486436.292049884796143 7.626205648148156
2.009690665138000 1543940059.847660541534424 7.633013055555564
3.588342158970000 1492757094.567404508590698 7.637614907407416
2.028405492960000 1963435052.636215686798096 7.643080444444453
3.556368534186999 1558589077.429687023162842 7.648226092592601
2.027681116364000 1963050743.757927656173706 7.653686351851861
2.022410896478000 1558896500.131276607513428 7.658835222222232
3.633513187857000 1492699348.954668045043945 7.663440351851861
2.029129869556000 2000221220.692647457122803 7.668946333333342
2.023854852474000 1565705469.303613901138306 7.674120666666676
2.015691923400000 1492846055.416508913040161 7.678722851851862
3.570687327506000 1492536492.372537136077881 7.683327314814824
3.506807655715000 1962419861.347356557846069 7.688792611111120
2.015691923400000 2135708635.838584184646606 7.693233407407416
2.016412038600000 1973900645.318397760391235 7.708290574074083
3.557474699538000 1483086296.789749383926392 7.714865000000009
3.569575949714000 1740165662.229976177215576 7.725075870370380
2.136633438804000 2133090175.388027906417847 7.733941925925936
2.035848842634000 1622845045.745809793472290 7.743750555555565
3.641227653224000 1492956171.850481510162354 7.749356203703714
2.149303833600000 2002574339.223732948303223 7.754856888888900
3.648942118591000 1558715907.666858673095703 7.760028981481492
3.571797464921000 2000563200.387208700180054 7.765538500000011
3.566299716672000 2090134103.019538164138794 7.770042500000010
2.035848842634000 2137516190.906013965606689 7.774474000000010
2.035848842634000 1558718904.307082414627075 7.779611962962973
3.578399395168000 1492032159.930464982986450 7.784213962962974
2.028405492960000 1962923450.178734302520752 7.789663814814825
3.601535598154000 1557373237.006685495376587 7.794816037037047
3.586111462830000 1961402997.332536935806274 7.800272740740751
3.702943376160000 2124183618.090452194213867 7.804694962962973
2.035122067440000 2227611709.325307369232178 7.809211148148158
3.642360212976000 1566533852.028980255126953 7.814399851851862
2.014972344000000 2001810594.581489801406860 7.819899518518528
2.029854785524000 1564585266.054454326629639 7.825067981481491
3.493566650886000 1493091141.126029253005981 7.829667888888899
2.021688918480000 1962800887.639117240905762 7.835133907407418
2.029854785524000 1558239242.852259159088135 7.840279925925936
3.670944207112000 1492956237.432638883590698 7.844884740740751
3.579511930288000 2042151402.032007932662964 7.850411111111121
3.622416699310000 2158396889.870766639709473 7.854929203703714
3.717216613084000 2183326321.266632080078125 7.859413537037047
3.709504545422000 2238567262.709866523742676 7.863890592592602
3.650077077834000 2247799228.572023868560791 7.868331611111120
2.008255769520000 2118799925.829779386520386 7.872825777777787
3.553051273153000 1491969876.945105791091919 7.887957537037046
2.001539195040000 2078546993.027309656143188 7.894076648148157
3.593823530492000 1710792297.239827156066895 7.904788537037047
2.143352411882000 2106645053.616484403610229 7.914652833333343
3.802049357366000 1810413493.229100227355957 7.924260944444455
2.028405492960000 1962540428.931192159652710 7.929731907407417
2.029129869556000 1558122880.638573169708252 7.934873000000009
2.014252764600000 1433390809.722942113876343 7.939482944444454
3.616959733478000 1490409087.615044593811035 7.944082611111121
2.022410896478000 1962877387.699856042861938 7.949555296296306
2.042567815712000 1558533234.444868564605713 7.954698888888898
2.036576158986000 1492712828.632743120193481 7.959306925925935
2.022410896478000 1492641673.266093015670776 7.963913574074083
2.022410896478000 1481862515.154061317443848 7.968541962962972
3.564082999554000 1492557680.473943948745728 7.973146351851860
3.571797464921000 1963084115.629792451858521 7.978616555555564
2.020966940482000 2138099444.923519849777222 7.983040370370379
2.017131082200000 1557765845.755022764205933 7.988183703703712
2.023854852474000 1492926557.630517244338989 7.992782925925935
3.555263192182000 1493005619.810739278793335 7.997379759259268
3.547551124520000 1962710560.016261577606201 8.002845870370379
3.569575949714000 2138626725.568293333053589 8.007276777777786
3.640095936464000 2138643325.290341138839722 8.011712814814823
3.548654068820000 2182483238.289876937866211 8.016207185185193
3.562975259844000 2149129841.241071224212646 8.020702703703712
3.616959733478000 2138693763.480566978454590 8.025115777777787
3.643492351232000 2183163976.463301181793213 8.029600500000010
2.023854852474000 2193322813.307762622833252 8.034042351851861
3.586111462830000 1564304777.523937702178955 8.039213944444453
2.022410896478000 1957479352.210281133651733 8.044686685185194
3.663232139450000 1938084367.251797676086426 8.059654314814823
3.593823530492000 2116689327.221540451049805 8.065811203703712
3.615833953382000 1775848892.910810470581055 8.074733500000008
1.996959771378000 2172481753.744976043701172 8.083603407407415
3.794337289704000 1646552497.494073867797852 8.093376537037043
2.037302393022000 2103010891.291046380996704 8.100640240740747
2.142587259120000 1558341005.078951835632324 8.105792222222227
2.035122067440000 1492570637.052189111709595 8.110391240740746
2.150839507840000 1492674043.698237180709839 8.114988425925931
3.548654068820000 1446091644.183143377304077 8.119587129629634
3.609247665816000 1956231916.932150363922119 8.125057000000005
2.029854785524000 2138560817.557771682739258 8.129489351851857
3.656656583958000 1558785168.660609722137451 8.134636111111117
3.555263192182000 1987278411.158277750015259 8.140132777777783
2.016412038600000 2148602540.685184955596924 8.144624129629635
3.571797464921000 1559229931.874966382980347 8.149775333333340
2.029854785524000 1962737990.497976541519165 8.155247851851858
2.028405492960000 1557677534.430199146270752 8.160387074074080
3.612615297408000 1472514601.896058082580566 8.164998981481487
3.620334560864001 1962375932.159765958786011 8.170467166666672
3.618084257123000 2183140024.834266662597656 8.174956185185190
3.664371049325000 2148963878.961751937866211 8.179448796296301
2.002253977244000 2182940818.597749710083008 8.183941574074078
2.029854785524000 1565363820.402664422988892 8.189109925925930
2.029129869556000 1492650992.874452829360962 8.193717759259263
3.664371049325000 1492899357.429395675659180 8.198320222222225
3.641227653224000 2001764481.303730487823486 8.203811018518522
3.618084257123000 2192511646.579627513885498 8.208239277777780
3.615833953382000 2193794008.492426872253418 8.212670240740744
2.085112627150000 2193799115.808984756469727 8.217106185185189
2.042567815712000 1463228294.442163228988647 8.222292388888892
3.610369791756000 1931238568.696697711944580 8.238280407407411
2.022410896478000 2068385581.197175025939941 8.244408722222225
3.586111462830000 1485586678.998364686965942 8.252437814814817
3.587226395655000 1740245377.199810743331909 8.262643870370372
3.872661614234000 2133449692.817327737808228 8.271487685185187
3.610369791756000 2122201621.402035951614380 8.277778537037038
3.554156615158000 2192651110.387822151184082 8.282216425925927
3.787802495197000 2148116719.763622283935547 8.286703907407409
2.010407311926000 2127469762.622063159942627 8.291135814814817
3.762317631664001 1534849987.944913625717163 8.296281944444447
2.014972344000000 2081724321.078267812728882 8.301832685185188
2.023133412062000 1578129168.263702630996704 8.307050685185187
2.028405492960000 1492504116.203275203704834 8.311653092592595
2.014972344000000 1491577052.542679548263550 8.316257814814817
2.029129869556000 1492841206.070609092712402 8.320858000000001
3.571797464921000 1492856161.100212335586548 8.325455092592593
3.609247665816000 1961960632.293842554092407 8.330924888888889
3.618084257123000 2137939687.336690425872803 8.335496129629631
3.633513187857000 2160842663.366171360015869 8.339924944444446
2.035122067440000 2192105860.255447387695312 8.344361611111113
2.027681116364000 1565576951.308152437210083 8.349533592592595
2.016412038600000 1492834954.736118078231812 8.354138277777780
3.587226395655000 1492854369.557428121566772 8.358738074074077
3.689807931968000 1961981282.263200044631958 8.364205259259263
3.702943376160000 2228042654.633338928222656 8.368703055555560
3.710657841527000 2248592265.948667526245117 8.373146129629633
3.618084257123000 2248585482.047581195831299 8.377585333333338
3.620334560864001 2159318120.761258602142334 8.382093462962967
2.029854785524000 2137960670.168962001800537 8.386527944444449
3.674369405056000 1559187743.708542585372925 8.391676018518522
3.603775888686000 2037704925.603903532028198 8.397209462962966
3.625798722490000 2217482880.734253406524658 8.411543000000004
3.587226395655000 2116648181.691514730453491 8.417523833333338
2.009690665138000 1897811111.382775306701660 8.428127574074079
3.895805010335000 1634153397.810614824295044 8.437856333333338
2.036576158986000 2130060594.467607021331787 8.447827907407412
2.141822106358000 1564421192.916587591171265 8.452997000000003
3.611492753544000 1492528469.371756315231323 8.457603314814818
2.144118134378000 1949862528.209850788116455 8.463092925925929
2.024577099265000 1506780207.134637594223022 8.468274740740744
2.016412038600000 1492366438.356164455413818 8.472881851851856
3.556368534186999 1492934229.569356441497803 8.477488222222226
2.029854785524000 1963007725.182470798492432 8.482960944444448
2.016412038600000 1556972136.222910165786743 8.488105018518523
3.641227653224000 1492472740.881434679031372 8.492706944444448
2.037302393022000 2002217244.652703523635864 8.498208166666670
2.029129869556000 1565395572.217582941055298 8.503375037037040
2.015691923400000 1492276538.501935005187988 8.507959222222226
3.647808004126000 1492969344.851311206817627 8.512561796296300
2.015691923400000 1977202253.220694780349731 8.518048592592596
2.022410896478000 1564858262.307048082351685 8.523224037037041
2.021688918480000 1492777306.255234241485596 8.527823444444449
2.029129869556000 1491992826.866644859313965 8.532423944444449
2.015691923400000 1491441635.391651630401611 8.537027666666672
3.616959733478000 1492799700.607236146926880 8.541629574074079
2.013533185200000 2001746517.195976495742798 8.547128814814821
3.741515702995000 1564874826.958366155624390 8.552305796296302
3.540939603453000 2081530568.807339429855347 8.557856722222228
2.022410896478000 2092412383.521334171295166 8.562387833333339
2.020966940482000 1406084771.146327257156372 8.567469925925932
1.982805171290000 1486691315.159989833831787 8.582713388888894
3.615833953382000 1473656486.633594989776611 8.589279740740746
3.570687327506000 2143073421.926910161972046 8.599201592592598
3.797877620352000 2197898367.093285560607910 8.608171055555561
2.008972950322000 1853203720.607375383377075 8.618842351851857
3.791336068514000 1558186544.807224750518799 8.623960574074079
2.036576158986000 1962359274.489048242568970 8.629418796296301
3.642360212976000 1501652218.277978181838989 8.634572944444450
3.702943376160000 2000354509.629119396209717 8.640056888888894
2.030578622748000 2237739619.688745975494385 8.644529833333339
2.023133412062000 1571390656.606196880340576 8.649720666666672
2.024577099265000 1492504221.478884458541870 8.654326740740746
3.748064883732000 1492552803.129074335098267 8.658928740740746
3.710657841527000 2077440109.930524349212646 8.664467592592599
3.656656583958000 2258892415.421906471252441 8.668936944444450
3.601535598154000 2203880981.960939884185791 8.673408722222227
2.036576158986000 2149088343.137295722961426 8.677888518518523
3.695228910793000 1558742134.062927484512329 8.683032592592598
2.028405492960000 2041391354.470721721649170 8.688558462962968
2.015691923400000 1571821488.310715675354004 8.693750777777783
3.587226395655000 1492571648.021103858947754 8.698355851851858
3.586111462830000 1963390728.611460208892822 8.703821092592598
3.556368534186999 2126179133.711231470108032 8.708283722222228
2.023133412062000 2138636377.664432525634766 8.712724074074080
3.570687327506000 1559146938.966359376907349 8.717872722222229
2.014972344000000 1963386275.426225662231445 8.723340611111118
3.609247665816000 1558227361.099110126495361 8.728484166666673
3.642360212976000 1998890586.558756828308105 8.733994018518525
2.029129869556000 2191900530.290439128875732 8.748255944444450
3.596059023828000 1615618425.767408370971680 8.755232888888894
3.630123968883000 2146722024.108835697174072 8.763261296296301
2.002253977244000 2129928341.413135766983032 8.772226648148154
3.717216613084000 1488690145.102781295776367 8.782150648148153
2.022410896478000 2080504878.882857799530029 8.789352888888894
2.144118134378000 1557683205.296583414077759 8.794499462962968
3.562975259844000 1492531305.176706314086914 8.799103777777782
3.743842776160001 1958207602.527181863784790 8.804576129629634
3.670944207112000 2166163237.047263622283936 8.809096481481486
2.035122067440000 2202177314.694649219512939 8.813591314814820
3.587226395655000 1564787783.160786151885986 8.818755407407412
1.995535004166000 1961888446.890120506286621 8.824220666666671
3.632383868802000 1558790451.100451469421387 8.829359129629633
3.578399395168000 2001953931.937718868255615 8.834862259259262
2.036576158986000 2148541290.684439182281494 8.839352555555559
2.017850929500000 1558087598.910411119461060 8.844498907407411
3.623543620660000 1488980429.041710376739502 8.849106074074077
2.009690665138000 2002068591.510891675949097 8.854607240740744
3.641227653224000 1565756549.452123403549194 8.859778722222226
3.594940861022000 2001471906.255468606948853 8.865281462962967
2.015691923400000 2148991587.221805572509766 8.869776388888893
3.586111462830000 1559167549.275492906570435 8.874920370370374
3.625798722490000 1962139489.966725111007690 8.880385518518523
3.618084257123000 2183458563.901776790618896 8.884859833333337
3.539839056858000 2193681256.649352073669434 8.889298444444448
3.571797464921000 2149005215.413896083831787 8.893793666666669
2.022410896478000 2138327975.298931360244751 8.898219925925929
2.027681116364000 1558910666.685878276824951 8.903360888888892
2.023133412062000 1489539273.831910848617554 8.907969555555558
3.570687327506000 1404107534.949058055877686 8.912609907407409
3.612615297408000 2116666757.138598918914795 8.927893277777780
3.561866282436000 2178198424.670051097869873 8.933872037037039
3.670944207112000 2165511656.726983070373535 8.942793129629631
2.136633438804000 2210585011.649406909942627 8.951726981481483
1.996247918214000 1639195264.652675628662109 8.961605407407410
3.934377337169999 1492067108.263655185699463 8.966209907407409
2.008972950322000 2040213042.735214710235596 8.971736185185186
3.607136324484000 1564457748.363273143768311 8.976926648148149
2.035848842634000 1953852258.618078947067261 8.982430259259260
2.035848842634000 1564320550.103860616683960 8.987601000000002
2.023854852474000 1491384279.335192680358887 8.992196037037038
3.616959733478000 1492717359.110152482986450 8.996797740740742
3.580625294112000 2001114799.147910594940186 9.002283166666668
3.592704951548000 2148776040.911819934844971 9.006755296296298
2.030578622748000 2138129730.317075014114380 9.011186425925928
2.036576158986000 1557706432.803366422653198 9.016321851851854
2.023133412062000 1492784594.575010299682617 9.020921962962966
2.022410896478000 1492552435.377658843994141 9.025517037037039
2.007538588718000 1492857177.330807447433472 9.030121425925929
2.023854852474000 1488714243.782794952392578 9.034727074074077
3.748064883732000 1492798009.365324020385742 9.039326388888892
2.002253977244000 2081751378.171631336212158 9.044872518518522
3.647808004126000 1577654783.893609046936035 9.050086000000004
2.017131082200000 2042300304.970005750656128 9.055611740740744
1.982805171290000 1571083918.503011703491211 9.060804388888892
2.021688918480000 1493012384.249939680099487 9.065404018518521
3.555263192182000 1492760902.122451543807983 9.070003870370373
3.578399395168000 1963471956.911054372787476 9.075463722222224
3.539839056858000 2128043605.086013555526733 9.079920388888890
2.003683541652000 2034288783.638499498367310 9.084381629629631
2.016412038600000 1934624365.269002437591553 9.099370481481483
3.609247665816000 1562804774.482241868972778 9.106339629629630
2.023133412062000 1685824733.741069793701172 9.117579037037038
3.593823530492000 1488345531.237029075622559 9.127483592592593
3.802049357366000 2127922439.916357040405273 9.137499722222223
2.002253977244000 2137340471.253534555435181 9.141920555555556
2.130675387454000 1558712980.770959138870239 9.147071907407408
2.023854852474000 1485755554.483390808105469 9.151677796296298
3.508990786210000 1491571952.602746248245239 9.156281907407410
3.578399395168000 1917994714.723656415939331 9.161754833333335
2.035848842634000 2120499562.243158102035522 9.166175518518520
3.625798722490000 1558558033.466181278228760 9.171323888888891
3.701792477760000 2000852994.005933523178101 9.176829333333336
2.041109468128000 2238279017.995176315307617 9.181321277777780
3.555263192182000 1571243096.288050651550293 9.186511722222225
2.029129869556000 1961881636.897479534149170 9.191961055555558
3.588342158970000 1558870427.059848785400391 9.197103018518520
3.632383868802000 1958637561.411344289779663 9.202576129629632
3.567407868948000 2183253804.087431907653809 9.207059611111113
3.587226395655000 2148902940.811514854431152 9.211536833333335
3.616959733478000 2138016195.351178884506226 9.215950537037038
3.570687327506000 2180608601.937417984008789 9.220435314814816
3.564082999554000 2149133977.923342227935791 9.224924722222223
2.014252764600000 2134605381.034878730773926 9.229360740740741
2.029854785524000 1558574288.008006334304810 9.234504759259259
3.602655326389000 1492757779.511473178863525 9.239109685185186
3.633513187857000 2001908179.266807079315186 9.244612759259260
3.634643348118000 2193636351.464435100555420 9.249038685185186
3.608124286104000 2193523548.969158172607422 9.253472314814815
2.029129869556000 2148886691.701398849487305 9.257959907407407
3.587226395655000 1556186905.597236394882202 9.263106296296296
1.996247918214000 1635449344.177856445312500 9.278566111111111
2.022410896478000 1476209548.145877599716187 9.284668129629630
3.589457507040000 1488971359.691417694091797 9.295038129629630
3.935601077579999 1705775586.434128761291504 9.305256037037037
3.542040969822000 1756762834.847049713134766 9.316146166666666
3.778913154380000 2158820846.531322479248047 9.320659574074073
1.996959771378000 2138296897.159041166305542 9.325086222222222
2.008972950322000 1523323094.523711919784546 9.330233666666667
2.042567815712000 1491519424.634352684020996 9.334829777777777
3.732640748408000 1492440592.625957250595093 9.339434518518518
3.702943376160000 2038887507.305374622344971 9.344947962962962
2.030578622748000 2247996669.483937263488770 9.349373925925924
2.029854785524000 1571429451.852273941040039 9.354572240740739
3.556368534186999 1489205120.985906362533569 9.359176388888887
3.641227653224000 1961887384.534088373184204 9.364643370370368
3.688661402124000 2183306588.531456947326660 9.369130685185183
2.023854852474000 2238287560.888089656829834 9.373620555555554
3.682088668512001 1571912584.740011453628540 9.378805259259257
3.601535598154000 2041126473.801879405975342 9.384313499999998
2.022410896478000 2204009701.529475688934326 9.388803055555552
2.022410896478000 1565374574.851242542266846 9.393975537037035
3.673227672408000 1492648192.160600185394287 9.398580481481480
3.564082999554000 2041059608.343690156936646 9.404093629629628
2.029129869556000 2159474051.139043331146240 9.408609277777776
2.008255769520000 1558812409.630300045013428 9.413745074074072
2.022410896478000 1492715170.839523315429688 9.418344907407405
3.554156615158000 1492826044.445517539978027 9.422947296296295
3.587226395655000 1846014568.750741720199585 9.428410537037035
2.029854785524000 1646061992.202309846878052 9.444773407407405
3.550861189760000 1619411282.862902164459229 9.451700333333331
3.695228910793000 2137413849.348393440246582 9.461679944444443
3.794337289704000 2177736076.954206943511963 9.470602999999999
2.029854785524000 2147579564.530463218688965 9.479604777777777
2.128393754594000 1557137610.524045705795288 9.484756999999998
2.137396760916000 1487187140.219398260116577 9.489360499999998
2.125469645740000 1492246546.791825771331787 9.493963037037036
1.988816031088000 1465466633.950910329818726 9.498566851851850
3.702943376160000 1492035238.847344160079956 9.503162999999997
1.996247918214000 2040749675.919567823410034 9.508691462962959
2.023133412062000 1571309914.057266712188721 9.513888722222218
2.001539195040000 1470916392.744339942932129 9.518497129629624
2.020966940482000 1492080330.303139925003052 9.523098962962958
3.547551124520000 1492670586.579259634017944 9.527703499999996
2.028405492960000 1961968325.301856994628906 9.533175796296293
3.664371049325000 1558834851.382451295852661 9.538317629629626
2.001539195040000 2042223510.477787017822266 9.543840777777774
3.615833953382000 1571010211.979725837707520 9.549032574074070
3.588342158970000 2002247141.991516828536987 9.554533685185181
2.003683541652000 2148580200.091815471649170 9.559011259259254
3.625798722490000 1558056060.425964117050171 9.564152537037032
3.702943376160000 2002130093.442854642868042 9.569657981481477
3.697527195424000 2238257161.573671817779541 9.574152777777773
2.002253977244000 2293006484.325082302093506 9.578645092592588
2.009690665138000 1577627568.575232982635498 9.583860370370365
3.619209618402000 1490839453.492959260940552 9.588460629629624
2.016412038600000 2001513981.143122673034668 9.593964074074069
3.611492753544000 1563840007.728749513626099 9.599139555555551
3.525510672719000 1647130918.488224267959595 9.615069314814811
3.663232139450000 2066030209.943085432052612 9.620965092592588
2.022410896478000 1965358537.349817276000977 9.631600277777773
3.781263780420000 1822606016.459544897079468 9.641235574074070
3.626926483260000 2128484747.783653736114502 9.651299685185181
3.782439093440000 2182482649.530400276184082 9.655795240740737
3.529895717964000 2147726330.047532081604004 9.660279555555551
3.508990786210000 2083746478.873239517211914 9.664717055555551
3.579511930288000 2130188846.094205141067505 9.669135703703699
3.579511930288000 2137940840.268725633621216 9.673568148148144
3.555263192182000 2138303921.650483131408691 9.678004111111107
3.655520071788000 2138196927.631248712539673 9.682433074074071
2.021688918480000 2183123380.165288925170898 9.686914555555552
3.572908429254000 1564187845.501675605773926 9.692086851851847
2.016412038600000 1962698755.209197282791138 9.697557055555551
3.687514445426000 1558533210.371982097625732 9.702697685185180
2.022410896478000 2040631578.947368383407593 9.708213314814810
2.016412038600000 1570364792.395876884460449 9.713403481481476
3.571797464921000 1488757736.438100337982178 9.718006518518514
2.023133412062000 1962202617.258181333541870 9.723471666666663
2.023854852474000 1558535635.052191495895386 9.728621870370366
2.023854852474000 1493127113.906640291213989 9.733226518518515
2.016412038600000 1492720251.665552377700806 9.737824037037035
3.548654068820000 1492719490.238568067550659 9.742421685185183
3.484769609656000 1962884709.219665765762329 9.747879222222220
2.022410896478000 2139134511.966269016265869 9.753316574074072
3.524414921534000 1558599851.607465744018555 9.758458092592591
2.014972344000000 1962759635.603912353515625 9.763918166666665
3.665510807550000 1555330006.727562427520752 9.769065592592591
3.592704951548000 2262946411.712282657623291 9.784463166666665
2.015691923400000 2203890351.285440444946289 9.790431722222221
1.995535004166000 1645949793.555285215377808 9.800200277777776
3.918948406436000 1488018935.206646919250488 9.809547944444443
3.696378266982000 1982671792.304261207580566 9.819719518518516
3.795516960564000 2246601925.680757999420166 9.824150851851849
2.023854852474000 2159364462.752101898193359 9.828650981481479
2.029854785524000 1552901853.957652568817139 9.833797129629627
2.014972344000000 1437619873.569823980331421 9.838405148148146
3.634643348118000 1491856519.257514476776123 9.843012296296294
3.726086772261000 2001002159.376807928085327 9.848517999999999
3.717216613084000 2227133476.896573066711426 9.853032722222220
3.665510807550000 2247916039.822546482086182 9.857461629629627
3.594940861022000 2203786832.228534698486328 9.861956611111109
3.603775888686000 2148364254.131557464599609 9.866442185185184
2.035848842634000 2137616875.798331975936890 9.870878518518516
2.042567815712000 1557711074.122911453247070 9.876018629629627
2.022410896478000 1493015546.878144979476929 9.880618814814811
3.603775888686000 1493124534.193984508514404 9.885220555555552
3.586111462830000 1963108940.920800209045410 9.890691240740738
3.609247665816000 2138246264.949594020843506 9.895127444444441
3.554156615158000 2138609250.452140092849731 9.899550851851847
2.023133412062000 2137961569.934075593948364 9.903963870370365
2.021688918480000 1558699818.198181867599487 9.909107851851847
2.009690665138000 1492871965.408678293228149 9.913707592592587
3.609247665816000 1492817803.365810394287109 9.918307222222216
2.022410896478000 2001863463.680383443832397 9.923810574074068
3.572908429254000 1564254640.371229648590088 9.928982574074068
3.618084257123000 1962681848.763481378555298 9.934432462962956
3.571797464921000 2070794341.747285604476929 9.938938499999994
3.571797464921000 1643433716.420311450958252 9.955515981481476
3.601535598154000 2063231245.642355918884277 9.961412388888883
3.626926483260000 1866537306.990454912185669 9.971966462962957
3.785446633498000 1952927203.293244838714600 9.985030240740734
3.832897628013999 1718994193.845681190490723 9.995880796296289
2.023133412062000 2127716580.018791198730469 10.000315518518510
3.694080410098000 1559081671.428674221038818 10.005461703703695
3.723769295274000 1992524493.226274967193604 10.010992333333325
3.632383868802000 2247409156.855551242828369 10.015434259259251
3.672085514692000 2203679900.017736434936523 10.019923944444436
2.036576158986000 2191902960.711471557617188 10.024365444444436
2.023133412062000 1565581590.197861671447754 10.029537407407400
2.023133412062000 1492600525.132791042327881 10.034142944444437
3.640095936464000 1492628211.990357637405396 10.038744481481473
3.600414618826000 2000952954.710583448410034 10.044249814814806
3.695228910793000 2148801648.115731716156006 10.048735296296288
3.594940861022000 2228114013.725924491882324 10.053252296296288
3.632383868802000 2159305652.707028865814209 10.057752925925918
3.642360212976000 2183161268.553228855133057 10.062253240740732
2.027681116364000 2193194522.694314479827881 10.066697166666659
2.038029438795000 1565281593.874790668487549 10.071858592592585
2.014972344000000 1491899320.789315938949585 10.076463611111103
3.648942118591000 1492857352.549781799316406 10.081055870370363
2.015691923400000 2000472815.416476249694824 10.086564166666660
2.035848842634000 1565788375.633608579635620 10.091733703703698
2.022410896478000 1491687957.761215686798096 10.096335407407402
2.009690665138000 1492905878.938840627670288 10.100929962962958
3.774024533040000 1492852889.314728736877441 10.105529925925921
2.021688918480000 1836803025.971011638641357 10.111035351851847
3.578399395168000 1487148925.893807888031006 10.126218518518513
2.036576158986000 2002204233.179737806320190 10.133315888888884
3.538737280602000 1879137305.457395553588867 10.143026462962958
2.155250458122000 1740950942.326664686203003 10.153218925925920
2.158330257954000 1842458544.726174354553223 10.162917240740734
3.548654068820000 1492044167.055154561996460 10.167525166666660
2.144882717406000 1961825748.643386602401733 10.172975148148142
2.016412038600000 1557865385.238144874572754 10.178121796296290
2.137396760916000 1491891105.342259883880615 10.182730055555549
2.009690665138000 1446167745.100799083709717 10.187334925925919
3.710657841527000 1479165158.980753183364868 10.191938907407401
3.717216613084000 2040620416.008143424987793 10.197469425925920
3.641227653224000 2248329513.983166217803955 10.201902666666660
3.658930878144000 2203086146.999950408935547 10.206380370370363
3.604896033952000 2191113906.996593952178955 10.210806333333325
2.035848842634000 2193234581.911334037780762 10.215244962962954
3.562975259844000 1553173885.920227527618408 10.220439833333325
2.024577099265000 1962190884.187014341354370 10.225895148148140
3.610369791756000 1558856564.987692117691040 10.231040851851844
2.010407311926000 2001449513.635690927505493 10.236546555555549
3.519984135936000 1565578670.333329677581787 10.241718277777771
3.602655326389000 1963104761.969425916671753 10.247173148148141
3.717216613084000 2183357150.798651218414307 10.251670314814808
3.695228910793000 2237396349.606766700744629 10.256162981481474
3.610369791756000 2248641744.313252449035645 10.260581148148141
3.587226395655000 2159366155.997450351715088 10.265083833333327
3.616959733478000 2138330747.469667196273804 10.269502444444438
2.022410896478000 2183236511.790608406066895 10.274002259259253
2.023854852474000 1565435911.750496625900269 10.279176981481475
3.533225138086000 1492815780.901248693466187 10.283781703703697
3.593823530492000 1895204165.591777563095093 10.289237333333327
3.586111462830000 1651008673.995488882064819 10.305238759259254
3.549757834680000 2131293820.008088111877441 10.311145814814809
3.555263192182000 2158757276.056251525878906 10.320172759259254
2.130675387454000 1727774319.965103864669800 10.330913629629624
2.150839507840000 1809504453.572088003158569 10.340543851851846
3.784269360343000 1492302556.875377416610718 10.345142925925920
3.555263192182000 1963240958.877200603485107 10.350610740740734
3.604896033952000 2130827614.772170782089233 10.355036981481476
2.022410896478000 2092509200.684040784835815 10.359465999999994
2.014972344000000 1557205880.870973587036133 10.364611370370364
3.557474699538000 1492734483.590733766555786 10.369215814814808
3.655520071788000 1962718238.708169221878052 10.374681499999994
3.686368342436000 2183013211.168203830718994 10.379168444444439
3.547551124520000 2233691126.758240699768066 10.383660518518512
3.593823530492000 2158272326.713139533996582 10.388165999999995
2.023133412062000 2138163949.207303524017334 10.392602333333327
2.009690665138000 1558828698.181136846542358 10.397740870370365
2.029854785524000 1492473556.869738817214966 10.402340888888883
2.021688918480000 1492816738.259568691253662 10.406945111111105
3.557474699538000 1492805478.062389135360718 10.411545277777771
2.023133412062000 1962215668.034409046173096 10.417019740740734
3.557474699538000 1558891527.617951869964600 10.422169370370364
2.029129869556000 1962982638.430863380432129 10.427644425925919
3.557474699538000 1558499590.010645389556885 10.432793611111105
3.680944537266000 1962088140.976697206497192 10.438250777777771
3.641227653224000 2227753586.747522830963135 10.442758111111104
3.716059627996000 2203731574.979297637939453 10.447253055555548
3.532126989196000 2238403052.075732707977295 10.451745444444436
2.002969291676000 2157552360.250994682312012 10.456260814814806
3.586111462830000 1556728443.108382940292358 10.461404611111103
2.037302393022000 1656568938.434496879577637 10.476860296296287
2.008972950322000 1511731687.010738134384155 10.483822314814805
3.648942118591000 1686900503.214270353317261 10.494696851851842
2.111263866036000 2174869296.040693759918213 10.504657444444435
3.638962955216000 1814424354.349140644073486 10.514364129629620
3.939639979058000 2001699836.867862939834595 10.519869777777767
3.533225138086000 2236818899.396827697753906 10.524346111111100
2.023133412062000 2151499088.045783042907715 10.528843981481470
2.020966940482000 1510532095.433444738388062 10.533990092592582
2.021688918480000 1492073325.667602062225342 10.538596129629619
3.570687327506000 1492749738.422162532806396 10.543197833333323
3.594940861022000 1961985563.744898796081543 10.548670166666657
2.022410896478000 2138442629.798254251480103 10.553103685185176
3.570687327506000 1558806421.566335678100586 10.558252999999992
3.579511930288000 1962949941.911074876785278 10.563720351851844
3.557474699538000 2137591838.271909713745117 10.568145703703696
3.640095936464000 2138768783.786604404449463 10.572581907407399
3.584995284270000 2179526379.992639541625977 10.577060259259250
2.015691923400000 2137079900.594924211502075 10.581486592592583
2.008972950322000 1551412390.938066959381104 10.586663314814805
2.008972950322000 1492526924.269077539443970 10.591263666666658
2.016412038600000 1492928986.481861114501953 10.595862425925917
2.015691923400000 1492017218.431200504302979 10.600467740740731
3.565191564396000 1492939795.224041700363159 10.605067166666657
3.581738243584000 1963094106.983423233032227 10.610522148148139
2.036576158986000 2138461201.564641952514648 10.614953407407398
3.587226395655000 1558106650.059218168258667 10.620097611111103
3.571797464921000 1963112343.101905822753906 10.625562351851844
3.570687327506000 2138630178.874286651611328 10.629995425925918
3.587226395655000 2137316249.092077970504761 10.634431685185177
2.009690665138000 2131325499.233067512512207 10.649716240740732
3.555263192182000 1510992593.657870054244995 10.656669740740732
3.648942118591000 1740325146.483222961425781 10.666875055555547
3.738025742905000 2178485556.047022819519043 10.675792666666657
2.131435176858000 1874529420.493407011032104 10.686525296296287
3.603775888686000 1558056257.758108854293823 10.691672240740731
1.994822620560000 2000821101.472665071487427 10.697180018518509
3.564082999554000 1518771052.461766719818115 10.702345685185175
2.004398589970000 1961239253.006992101669312 10.707817499999990
2.007538588718000 1558298371.804328680038452 10.712964074074064
2.008972950322000 1492693820.292464971542358 10.717571148148139
2.029129869556000 1492688910.183112382888794 10.722170629629620
2.002253977244000 1492603600.702104568481445 10.726770555555545
2.014252764600000 1492745698.604561328887939 10.731372851851841
2.009690665138000 1491852625.728474140167236 10.735970870370359
3.564082999554000 1492801341.655673742294312 10.740575462962951
2.002253977244000 1962820106.089453220367432 10.746032074074062
3.672085514692000 1558665843.419906377792358 10.751175814814802
3.555263192182000 2073903893.711732149124146 10.757690592592580
3.555263192182000 2158967635.004574298858643 10.762204499999987
2.029129869556000 2138499417.621641635894775 10.766640333333321
3.564082999554000 1558874828.526062250137329 10.771783648148135
2.002253977244000 1962386456.413962841033936 10.777240925925913
3.550861189760000 1559322850.292675495147705 10.782385037037024
3.572908429254000 1962909775.737277746200562 10.787842425925913
2.008972950322000 2137431731.604624509811401 10.792275907407394
2.109757546492000 1558871418.598458528518677 10.797422092592578
3.641227653224000 1408172854.689933300018311 10.802059685185171
2.023133412062000 1645351962.575992345809937 10.817573592592579
3.640095936464000 1477506648.871926307678223 10.823706629629616
3.640095936464000 1735339894.609636545181274 10.834969870370356
2.123195492648000 2153983489.657742977142334 10.843913759259245
2.135870684640000 1813872413.198105812072754 10.853572833333319
3.780088029830000 1492055865.111500501632690 10.858169222222207
3.620334560864001 1962011732.714106559753418 10.863624055555540
3.632383868802000 2106290448.126320600509644 10.868120555555540
2.015691923400000 2192801367.999363899230957 10.872544425925911
2.022410896478000 1564825405.695862531661987 10.877713870370355
2.035122067440000 1492064234.070304870605469 10.882313944444430
3.678656274774000 1492600078.014726400375366 10.886918962962948
2.029129869556000 2036113048.461309194564819 10.892444944444430
2.036576158986000 1572002118.780096292495728 10.897636611111096
3.625798722490000 1492586262.770846366882324 10.902242370370356
3.579511930288000 2001910986.518411874771118 10.907745074074059
3.694080410098000 2148014857.379082202911377 10.912224703703689
2.035848842634000 2222184831.013753414154053 10.916740740740726
3.632383868802000 1562507949.977194786071777 10.921978351851838
2.010407311926000 2000908364.069166660308838 10.927486259259245
3.686368342436000 1564608882.536885261535645 10.932656203703690
3.718372306894000 2041595553.526224136352539 10.938172018518506
3.547551124520000 2248235425.315969467163086 10.942605759259246
2.017850929500000 2159342328.358209133148193 10.947103444444432
2.029129869556000 1556819729.740434169769287 10.952246648148135
3.586111462830000 1483546573.342665672302246 10.956876740740727
2.036576158986000 1963338082.682049036026001 10.962340777777763
3.557474699538000 1558459264.114319086074829 10.967482981481467
2.035848842634000 1961868978.714196920394897 10.972960462962948
3.555263192182000 1977372415.299036502838135 10.987971333333318
3.602655326389000 2073654175.851089954376221 10.994095833333319
2.023133412062000 1890997996.341144561767578 11.005574833333318
3.734962591272000 1646498862.105360746383667 11.015347592592578
2.137396760916000 1964619889.482743024826050 11.025568888888873
2.151606487680000 1564992776.759635686874390 11.030742518518503
2.030578622748000 1492637808.910441637039185 11.035351759259244
3.746169416220000 1487314521.446837186813354 11.039957462962947
3.610369791756000 2012447285.115619897842407 11.045485629629614
2.023133412062000 2157971000.069909095764160 11.049988833333318
3.616959733478000 1558693297.214347124099731 11.055129592592577
3.601535598154000 2000625852.307112932205200 11.060637518518503
2.022410896478000 2148728002.806264400482178 11.065124833333318
3.629181165380000 1558532988.217336654663086 11.070268925925911
3.702943376160000 2001468820.913134098052979 11.075777425925910
3.603775888686000 2235585226.266063690185547 11.080271888888873
2.024577099265000 2154130950.669661998748779 11.084780796296281
3.596059023828000 1558791180.444220304489136 11.089920888888873
2.027681116364000 1962643153.077527284622192 11.095391851851836
3.632383868802000 1558161491.130740642547607 11.100532370370354
3.588342158970000 2002339194.898151397705078 11.106037999999984
2.008972950322000 2148901140.825705051422119 11.110523055555539
3.616959733478000 1558614287.874532938003540 11.115666499999984
2.021688918480000 2001458266.376784086227417 11.121151907407391
2.021688918480000 1565035420.821413516998291 11.126324111111096
3.632383868802000 1492709865.000180959701538 11.130929055555541
3.594940861022000 2001362335.813587427139282 11.136431777777762
3.587226395655000 2149127356.659757137298584 11.140916703703688
2.021688918480000 2038765544.865795612335205 11.145368870370355
2.035848842634000 1932645983.330180168151855 11.160346037037021
3.662091957050000 1482422503.102915287017822 11.166925870370354
3.685220958884000 1939929730.679414033889771 11.177044611111095
2.136633438804000 2227188570.645470619201660 11.185963166666649
3.586111462830000 1869217522.138123512268066 11.195637277777761
2.144882717406000 1959318074.667516708374023 11.201097037037021
3.774719829984000 1553681436.936223983764648 11.206245851851836
3.630123968883000 1962228358.663642883300781 11.211716777777761
2.022410896478000 2098584525.049720764160156 11.216214129629613
2.044026163296000 1565068885.532033681869507 11.221387499999983
3.711811996698000 1492531959.558912277221680 11.225992277777760
2.022410896478000 2041392192.051428079605103 11.231523203703686
3.578399395168000 1570590630.332193374633789 11.236710944444427
2.029854785524000 1962470837.450425624847412 11.242183462962945
3.586111462830000 1558862092.427989721298218 11.247327407407390
2.044755608560000 1962262730.592339992523193 11.252799425925909
2.035848842634000 1558755171.916672706604004 11.257937574074058
3.625798722490000 1492665428.137138843536377 11.262542796296280
3.694080410098000 2001115304.321516990661621 11.268051407407391
3.633513187857000 2238302291.661516666412354 11.272545962962946
2.036576158986000 2203946938.977759838104248 11.277030666666649
3.564082999554000 1565612145.714162826538086 11.282197555555538
3.572908429254000 1962330958.063300371170044 11.287652425925907
3.588342158970000 2137204646.267197847366333 11.292086092592575
2.021688918480000 2138653453.608892917633057 11.296522407407389
2.021688918480000 1558914793.010133743286133 11.301668481481464
2.017850929500000 1492774969.218512535095215 11.306270814814797
2.144882717406000 1492778168.730575323104858 11.310870740740722
3.670944207112000 1490827028.481254100799561 11.315482611111092
3.655520071788000 1684995126.061251163482666 11.330999759259241
2.035848842634000 2168511510.613764286041260 11.336925851851833
2.037302393022000 1484619882.128811597824097 11.346899074074054
3.749230168362000 1487255064.730893373489380 11.356228296296276
2.008972950322000 1909350387.036789178848267 11.366326388888869
2.124711406584000 1558057215.731624364852905 11.371466777777757
2.115720961200000 1491393008.095423936843872 11.376071574074054
3.711811996698000 1487762235.794095277786255 11.380677444444425
1.995535004166000 2023690937.590011358261108 11.386206592592574
2.009690665138000 1563434560.830303907394409 11.391438055555536
3.593823530492000 1488940315.079735517501831 11.396041240740722
3.556368534186999 1962382236.797619819641113 11.401518648148130
2.024577099265000 2133114269.328499555587769 11.405942407407389
2.015691923400000 1558557817.049615144729614 11.411081222222204
3.609247665816000 1492733756.752516984939575 11.415685129629612
3.608124286104000 1962288977.402048587799072 11.421152685185167
3.571797464921000 2183081833.546312808990479 11.425645092592575
3.749230168362000 2148908502.986108779907227 11.430135018518500
3.562975259844000 2272564987.593965053558350 11.434665370370352
2.008972950322000 2169657445.714705467224121 11.439204148148130
3.578399395168000 1557999625.033350467681885 11.444340407407390
2.023133412062000 1961898503.591651678085327 11.449795444444428
3.556368534186999 1558871361.637713670730591 11.454933592592576
3.624671801140000 1961612561.534544467926025 11.460388222222207
3.648942118591000 2183515391.762155532836914 11.464872944444430
3.596059023828000 2193615539.423861503601074 11.469298962962949
2.023133412062000 2148789911.802596092224121 11.473783851851838
2.088854663280000 1559047553.217915296554565 11.478927796296283
3.562975259844000 1490310236.694705963134766 11.483539925925912
2.009690665138000 1635190634.129040241241455 11.498994777777764
3.641227653224000 1480827700.847830295562744 11.505099685185170
3.566299716672000 2122579846.257759332656860 11.513160314814799
2.023133412062000 2148453347.898594379425049 11.522077185185170
3.851912464544001 1633006670.831968069076538 11.531798888888874
3.586111462830000 2154358057.847051620483398 11.539108074074059
3.795516960564000 2148157437.648456096649170 11.543598740740727
3.734962591272000 2136862856.019113302230835 11.548024611111098
3.556368534186999 2266533202.742409706115723 11.552562388888875
2.016412038600000 2126379805.575037956237793 11.557103796296282
2.002969291676000 1558221889.098692655563354 11.562242833333318
2.016412038600000 1492249029.772413730621338 11.566847518518504
2.027681116364000 1492400336.193930864334106 11.571452444444430
2.017131082200000 1490324771.062823534011841 11.576057055555541
3.561866282436000 1493035285.128287553787231 11.580661870370356
2.016412038600000 1962514055.352707147598267 11.586119129629616
3.584995284270000 1554876578.663851261138916 11.591258555555541
2.022410896478000 1961378947.868778944015503 11.596712740740726
2.022410896478000 1558683463.490121126174927 11.601858481481466
2.022410896478000 1492561666.626479864120483 11.606466592592577
3.625798722490000 1492859615.817754745483398 11.611070888888873
3.670944207112000 2000679838.859204292297363 11.616564129629614
2.021688918480000 2238572570.664818286895752 11.621053240740725
3.557474699538000 1571376345.925601005554199 11.626248962962947
3.625798722490000 1962574107.787597894668579 11.631711351851836
2.029854785524000 2182308502.757428646087646 11.636210981481465
1.995535004166000 1565223760.885926246643066 11.641378203703688
2.011124759735000 1492727121.283453464508057 11.645980370370355
3.694080410098000 1492750446.622567653656006 11.650582814814799
2.043297532448000 1959768754.895856618881226 11.656114703703688
3.612615297408000 1935668560.251619338989258 11.671452388888873
2.036576158986000 2125774011.265290260314941 11.677580685185170
2.023854852474000 1709160907.318188190460205 11.688273981481466
2.123195492648000 1686828099.274969577789307 11.699139425925910
3.588342158970000 1478471649.088826179504395 11.708547314814799
3.788980645277999 1961883444.300097465515137 11.714021092592578
3.624671801140000 2138299543.691630840301514 11.718456851851837
3.784789719480000 2164562342.545977592468262 11.722962870370356
3.625798722490000 2087633634.822632789611816 11.727452925925911
3.648942118591000 2182525588.318976402282715 11.731943907407393
2.042567815712000 2191786798.093641757965088 11.736385185185171
2.035848842634000 1565553369.218215465545654 11.741559481481467
3.641227653224000 1492421632.061805963516235 11.746161703703690
3.702943376160000 2002062419.662025451660156 11.751665074074060
3.594940861022000 2237400178.098795413970947 11.756156962962949
2.034395292246000 2156673094.107134342193604 11.761669592592579
2.042567815712000 1558377708.465394973754883 11.766811222222209
3.758113185846000 1488503169.715631246566772 11.771412055555542
3.586111462830000 2081134452.155344963073730 11.776962425925912
3.624671801140000 2169649022.303383350372314 11.781475111111098
2.035122067440000 2183556910.636327743530273 11.785954518518505
3.647808004126000 1565749915.698696374893188 11.791116777777765
3.640095936464000 2001038505.969721794128418 11.796615203703691
2.036576158986000 2193795918.367346763610840 11.801060592592581
3.633513187857000 1565160564.611784458160400 11.806228351851841
2.021688918480000 2001454512.306289911270142 11.811713351851841
3.717216613084000 1564334180.281750679016113 11.816880777777767
2.015691923400000 2040596176.444913148880005 11.822396296296285
2.009690665138000 1569840063.267915964126587 11.827594648148137
2.021688918480000 1931023703.395126104354858 11.843597981481471
3.588342158970000 1482474943.803133487701416 11.850172092592583
3.555263192182000 2087231815.688425779342651 11.860131074074065
2.142587259120000 1729752328.586125850677490 11.870895037037029
3.812131239852000 1840990504.997019052505493 11.880617499999991
2.129914465726000 1962160519.564908266067505 11.886089314814805
2.135107930476000 1552777332.953771591186523 11.891228444444435
2.017131082200000 1492040492.045057296752930 11.895836574074064
1.996247918214000 1476947249.122579097747803 11.900395388888878
2.015691923400000 1461178324.211204290390015 11.904996870370359
2.023854852474000 1481955934.635569810867310 11.909591055555545
2.022410896478000 1491605758.546836376190186 11.914190981481470
3.567407868948000 1492443839.346494197845459 11.918788407407396
2.028405492960000 1962411587.316092491149902 11.924259907407396
2.015691923400000 1558524963.061732053756714 11.929398611111100
3.679799980059000 1492575669.375973701477051 11.933998666666655
2.023854852474000 2041194359.728029727935791 11.939530314814803
3.651211614688000 1569876157.106245279312134 11.944725666666654
2.010407311926000 2001930471.187273740768433 11.950228314814803
3.562975259844000 1565283411.589555740356445 11.955402833333322
3.579511930288000 1962083872.212126970291138 11.960875444444433
3.694080410098000 2138542441.816675662994385 11.965301111111099
3.647808004126000 2227751048.263142108917236 11.969819166666655
2.036576158986000 2203549214.240294456481934 11.974304092592581
3.709504545422000 1565076005.929235935211182 11.979476203703692
3.618084257123000 2040907374.109752655029297 11.985006814814803
3.533225138086000 2203797594.619478225708008 11.989492129629618
2.021688918480000 2148748394.494466781616211 11.993981888888877
3.875070254912000 1558887625.644422769546509 11.999125740740729
2.029854785524000 2037943430.063589096069336 12.004650203703692
3.553051273153000 2012917724.772813796997070 12.019670925925913
2.028405492960000 2097558824.493395566940308 12.025886055555542
2.020966940482000 1846626992.398561477661133 12.036298314814802
3.562975259844000 1672495533.776138544082642 12.047132722222210
3.888090544968000 1931157999.262555837631226 12.057277870370358
3.863745898662000 2192292939.646982192993164 12.061722092592580
2.156790358038000 2193005660.685223102569580 12.066148333333322
2.043297532448000 1563865505.563618659973145 12.071315833333323
3.664371049325000 1487814372.245587825775146 12.075917037037026
2.029854785524000 1997129272.877964019775391 12.081413592592583
2.021688918480000 1565085638.725586414337158 12.086595351851841
3.587226395655000 1492728075.755501747131348 12.091194944444434
2.021688918480000 1953587766.281192779541016 12.096671611111100
3.638962955216000 1558759644.130418300628662 12.101819148148136
2.036576158986000 2001804599.943493127822876 12.107324851851841
3.732640748408000 1564685448.630541324615479 12.112499240740730
3.579511930288000 2042166451.617227554321289 12.118024814814804
2.038029438795000 2147567698.461968421936035 12.122529129629619
3.610369791756000 1558964292.645061016082764 12.127682129629619
2.022410896478000 1961935437.458218812942505 12.133139370370360
2.028405492960000 1558799649.741089582443237 12.138278425925916
2.029129869556000 1492704247.899379491806030 12.142882444444435
3.717216613084000 1492922442.078141689300537 12.147482351851842
3.594940861022000 2040632102.520130157470703 12.153011166666657
3.594940861022000 2159335770.761518955230713 12.157529185185176
3.663232139450000 2138249553.140603303909302 12.161942703703694
3.648942118591000 2183256865.433791637420654 12.166439870370361
3.664371049325000 2193264121.165946006774902 12.170863555555547
3.549757834680000 2101661745.827984571456909 12.175364444444437
2.021688918480000 2193303058.839942932128906 12.189699944444436
3.633513187857000 1479905050.143592357635498 12.195806481481474
3.564082999554000 2146265862.127800941467285 12.203838074074067
2.014972344000000 1875433702.863890886306763 12.214438777777771
2.129914465726000 1633836413.264549732208252 12.224181259259252
3.555263192182000 1454546108.127220392227173 12.230780481481474
2.124711406584000 1942728782.081857442855835 12.236254759259252
3.863745898662000 1558389492.668843269348145 12.241398962962956
2.016412038600000 2022975090.397750139236450 12.246930074074067
3.557474699538000 1568552707.670038223266602 12.252124166666659
3.618084257123000 1932731396.273670196533203 12.257595740740733
3.650077077834000 2172444236.106827735900879 12.262099351851845
3.689807931968000 2192042860.654952049255371 12.266543555555549
3.692930626162000 2238135456.755531787872314 12.271037814814807
2.029129869556000 2247999749.718433380126953 12.275477259259253
2.008972950322000 1570288281.158087253570557 12.280671648148141
2.023133412062000 1492596063.986359834671021 12.285276796296289
2.015691923400000 1492702218.182988166809082 12.289881833333325
2.023133412062000 1492264689.805957794189453 12.294489462962956
3.687514445426000 1492742734.980795860290527 12.299089129629623
2.023133412062000 2034912172.748577356338501 12.304620611111105
2.010407311926000 1572055124.400821685791016 12.309812907407402
3.686368342436000 1492865837.013894319534302 12.314412481481476
2.028405492960000 2040448363.175981283187866 12.319941481481475
2.010407311926000 1570867563.337955713272095 12.325136277777771
3.578399395168000 1492509975.473443031311035 12.329742018518512
3.564082999554000 1962604405.984338283538818 12.335211851851845
2.008972950322000 2138389584.037876367568970 12.339647351851845
3.516702853872000 1558059733.214217424392700 12.344788111111104
2.022410896478000 1962523930.955307722091675 12.350256388888882
3.539839056858000 1556796931.699780702590942 12.355410648148140
2.002253977244000 1656061098.566024780273438 12.370861092592586
3.557474699538000 1511191868.238402366638184 12.377814166666660
3.557474699538000 2202222404.015167236328125 12.387864944444438
2.111263866036000 2132345654.751679182052612 12.396704314814809
3.795516960564000 1621046009.787385463714600 12.406497722222216
2.021688918480000 1962294365.977317333221436 12.411954648148143
2.143352411882000 1552884160.381675720214844 12.417093777777772
2.014972344000000 1472631999.196706533432007 12.421704425925920
2.029129869556000 1482759572.849454879760742 12.426305111111105
3.548654068820000 1488839566.003616571426392 12.430913444444439
3.570687327506000 1962057254.352001428604126 12.436380277777772
3.508990786210000 2136855499.634541273117065 12.440814074074069
3.596059023828000 2138494304.551326274871826 12.445229555555551
3.672085514692000 2138621986.330521106719971 12.449667666666663
3.733801237628000 2227882470.119521617889404 12.454185666666662
3.578399395168000 2248508532.765317440032959 12.458619555555551
3.717216613084000 2146348878.543533325195312 12.463162259259255
2.028405492960000 2227211595.797980785369873 12.467671555555551
3.579511930288000 1570923842.487800121307373 12.472866685185181
2.036576158986000 1963042089.867555141448975 12.478336462962959
2.014972344000000 1559127336.322482585906982 12.483482648148144
2.016412038600000 1491927412.251595497131348 12.488087037037033
2.023133412062000 1492982287.644787549972534 12.492691481481478
2.017850929500000 1492992810.389108657836914 12.497291740740737
3.494652811251000 1492845476.613166093826294 12.501891907407403
3.587226395655000 1962177700.525863647460938 12.507346777777773
3.540939603453000 2138411039.949932336807251 12.511785203703699
3.578399395168000 2137387318.148972749710083 12.516218777777773
3.548654068820000 2138446927.514212608337402 12.520655407407403
3.632383868802000 1941591594.194443464279175 12.525099425925921
2.022410896478000 1640925844.562453508377075 12.541158037037032
3.634643348118000 1479809281.976805686950684 12.547291388888885
2.030578622748000 2075973302.873112678527832 12.555348851851848
2.015691923400000 1487342956.661406040191650 12.565264314814812
3.795516960564000 1657253924.652857303619385 12.576030777777774
3.686368342436000 2082615862.397241592407227 12.583228092592590
3.996093060106000 2227128267.766237258911133 12.587746129629627
3.686368342436000 2291868283.239432811737061 12.592222907407406
3.578399395168000 2209535507.627564430236816 12.597292240740739
3.618084257123000 2151827656.625468254089355 12.601808203703701
3.556368534186999 2182727951.496791362762451 12.606307333333330
3.586111462830000 2148624232.489191532135010 12.610792129629626
2.021688918480000 2138357395.381490945816040 12.615223574074070
2.036576158986000 1557738208.030733108520508 12.620371851851848
3.548654068820000 1492956858.674134492874146 12.624974296296292
3.631253287938000 1962225798.903256893157959 12.630434907407404
2.007538588718000 2182920344.647132396697998 12.634929037037033
3.571797464921000 1564246657.624491453170776 12.640090037037032
3.580625294112000 1963441316.716337203979492 12.645558185185180
2.017131082200000 2138471183.807129144668579 12.649991777777773
2.023854852474000 1558631300.021241426467896 12.655135425925922
3.618084257123000 1492772888.670601129531860 12.659735388888885
3.577285616992000 2001322107.217701673507690 12.665240629629626
3.579511930288000 2193741457.444897651672363 12.669674314814811
3.564082999554000 2148768268.858242988586426 12.674167388888886
2.022410896478000 2138216471.647164583206177 12.678611388888886
3.601535598154000 1558703211.883609771728516 12.683760092592589
3.492479276934000 1992931820.560167074203491 12.689245888888886
3.672085514692000 2148576561.801103115081787 12.693717222222219
2.015691923400000 2218146561.720225811004639 12.698236870370367
3.593823530492000 1938531870.171232700347900 12.713284611111108
2.022410896478000 2079926814.374640941619873 12.719380222222219
3.618084257123000 1692271828.459388494491577 12.730033999999996
1.988816031088000 1956981369.358575820922852 12.740111981481478
2.131435176858000 1838378143.462347745895386 12.749750592592589
2.014252764600000 1492018554.977860927581787 12.754359518518514
3.863745898662000 1492672462.487194299697876 12.758969055555552
2.023133412062000 2027057617.671698808670044 12.765467833333329
3.625798722490000 1529737291.232293605804443 12.770637055555550
2.016412038600000 2001347210.388595581054688 12.776135962962957
2.014972344000000 1564588474.445018053054810 12.781301296296292
2.022410896478000 1492600666.039238214492798 12.785905629629625
3.547551124520000 1492640230.458503007888794 12.790508370370365
2.016412038600000 1962085210.130131483078003 12.795977203703698
3.672085514692000 1558512462.174502849578857 12.801123888888883
3.587226395655000 2041692398.906664609909058 12.806652333333327
3.765830050704000 2140580528.984199523925781 12.811166925925919
3.626926483260000 2270107318.147881031036377 12.815705870370364
3.618084257123000 2213355113.368119239807129 12.820216740740735
3.592704951548000 2194801804.122720241546631 12.825032870370364
3.620334560864001 2139009878.278885602951050 12.829537703703698
2.022410896478000 2182933237.238226413726807 12.834034277777771
2.027681116364000 1565209562.552642583847046 12.839201037037030
2.017131082200000 1492855281.402854442596436 12.843808574074068
2.017131082200000 1492047007.379065275192261 12.848416203703698
3.579511930288000 1493122663.147136211395264 12.853018388888882
3.571797464921000 1963263318.267228841781616 12.858488111111106
2.035122067440000 2138120448.155833959579468 12.862914481481475
2.024577099265000 1555386286.573153495788574 12.868064611111105
3.733801237628000 1491581185.968265056610107 12.882754592592587
3.724928680745999 2199012094.823415756225586 12.888955592592588
3.557474699538000 1964310402.925952672958374 12.900540296296292
3.808575635332000 2133070410.739679813385010 12.909473592592589
3.594940861022000 2119613692.297148227691650 12.918390203703700
3.810945891298000 2137537762.080108404159546 12.922825870370366
2.138921985270000 2138264509.082691907882690 12.927251259259254
2.038029438795000 1509895488.405385255813599 12.932399722222216
2.028405492960000 1486040179.575315713882446 12.937011425925920
2.022410896478000 1492290072.715140581130981 12.941618444444439
2.023854852474000 1492647569.681994199752808 12.946220037037032
2.006821407916000 1492504095.773129940032959 12.950825055555550
2.015691923400000 1492610342.790310621261597 12.955432666666661
3.578399395168000 1491922851.244159460067749 12.960034166666661
2.014972344000000 1962561465.540890455245972 12.965501999999994
2.009690665138000 1559058306.984765768051147 12.970656074074068
3.579511930288000 1492626544.712666273117065 12.975258092592586
2.023854852474000 1962143251.899980306625366 12.980733296296290
3.569575949714000 1558761897.554541826248169 12.985872074074067
2.021688918480000 1962489823.641321897506714 12.991352277777770
2.015691923400000 1557885539.760346651077271 12.996493962962955
3.578399395168000 1493113221.352931261062622 13.001100148148140
3.586111462830000 1962637549.689124584197998 13.006550703703695
3.608124286104000 2138508069.431340932846069 13.010986740740732
2.022410896478000 2138577170.599525690078735 13.015415240740731
2.024577099265000 1558380071.425231933593750 13.020564370370360
2.009690665138000 1493066913.495784521102905 13.025165944444435
2.136633438804000 1492942108.372483730316162 13.029773851851843
1.973967709308000 1490783776.833002567291260 13.034382259259250
3.562975259844000 1491447421.089436054229736 13.048973907407397
3.556368534186999 2077404131.603730440139771 13.055069648148137
1.976083797828000 2096178555.604785203933716 13.064766388888879
3.765830050704000 1488573281.889710664749146 13.074658555555546
3.935601077579999 2110156880.732248067855835 13.084671351851842
3.670944207112000 2227379529.999139308929443 13.089189074074064
3.772853581432000 2247917114.934848308563232 13.093623148148138
2.029854785524000 2119360050.989987134933472 13.098126574074064
2.009690665138000 1558717344.229980707168579 13.103274833333323
3.580625294112000 1492890631.468523025512695 13.107882259259249
3.570687327506000 1958359389.507499217987061 13.113347185185175
2.028405492960000 2138110495.024720191955566 13.117785796296285
3.570687327506000 1558944642.451718330383301 13.122924444444434
3.540939603453000 1961614177.854913234710693 13.128376870370360
2.008972950322000 2138788530.705231666564941 13.132815129629620
3.641227653224000 1558555022.338705778121948 13.137958999999990
3.593823530492000 2000648888.918866872787476 13.143449981481471
1.988106046080000 2148674888.068494319915771 13.147929407407396
3.565191564396000 1558365890.210601329803467 13.153069888888878
3.578399395168000 1963263139.722633123397827 13.158540648148136
2.035848842634000 2138469894.027978658676147 13.162984518518506
2.035848842634000 1557995319.279168844223022 13.168127759259248
2.008972950322000 1479371360.918248653411865 13.172742018518507
3.578399395168000 1492436138.703632831573486 13.177337481481469
2.022410896478000 1963113036.004913091659546 13.182810499999988
2.016412038600000 1557976975.281335353851318 13.187959555555544
3.556368534186999 1483822781.164498567581177 13.192589111111099
2.023854852474000 1882687194.700558185577393 13.198082351851840
3.602655326389000 1932287059.410994768142700 13.213064925925913
3.580625294112000 1913466086.788047075271606 13.220329111111099
2.043297532448000 2128695346.049821615219116 13.229182203703692
3.849518218133000 1633454234.154025316238403 13.238916537037026
2.016412038600000 1984096880.242018461227417 13.249084111111101
2.009690665138000 1571158089.596445798873901 13.254286037037026
3.857232683500000 1492459001.238001823425293 13.258893222222211
3.555263192182000 1985581049.447792053222656 13.264391351851840
2.020966940482000 2092523778.022177934646606 13.268870277777767
3.562975259844000 1558274334.563823461532593 13.274017277777766
2.022410896478000 1962340769.470700740814209 13.279479425925913
2.015691923400000 1557989681.813926935195923 13.284623166666654
3.556368534186999 1492692558.167546510696411 13.289235481481468
3.738025742905000 1962527749.839992761611938 13.294703981481467
2.014972344000000 2272497335.222840785980225 13.299238444444430
3.680944537266000 1577323433.232842683792114 13.304459740740727
2.003683541652000 2040534394.142082691192627 13.309983129629616
3.727245726414000 1566456815.285714864730835 13.315171222222208
3.686368342436000 2080257682.661762475967407 13.320709185185171
2.022410896478000 2258797310.326073646545410 13.325203740740726
2.002969291676000 1571416324.435318231582642 13.330398407407392
2.023854852474000 1492767848.958291530609131 13.335004444444429
3.571797464921000 1492750361.354586362838745 13.339603907407392
3.579511930288000 1962709703.182053565979004 13.345076148148133
3.594940861022000 2138214816.115598917007446 13.349505259259244
3.577285616992000 2138644200.260512351989746 13.353940962962948
3.695228910793000 2138338473.361511468887329 13.358374814814800
3.571797464921000 2227470378.102148056030273 13.362890055555541
3.710657841527000 2017401132.675474643707275 13.367409018518504
2.029854785524000 1649636393.612191915512085 13.383808314814800
3.672085514692000 1474867449.664429426193237 13.389966981481466
3.538737280602000 1919548937.880277395248413 13.401118685185169
2.029129869556000 2124556901.871019124984741 13.410050240740725
3.841803752766000 1479128784.531313657760620 13.419982851851836
2.143352411882000 2000870599.800694942474365 13.425483444444430
3.593823530492000 1561119144.963461399078369 13.430660611111096
2.022410896478000 1960174106.915613889694214 13.436117666666652
3.602655326389000 1514346746.021477460861206 13.441270333333319
3.571797464921000 1961960500.422654151916504 13.446747185185171
2.023133412062000 2138015358.704941987991333 13.451167407407393
3.686368342436000 1554472586.989300966262817 13.456313314814800
3.593823530492000 2002013702.500353097915649 13.461819203703689
2.030578622748000 2148588327.965126514434814 13.466309518518504
3.570687327506000 1559067675.233728885650635 13.471455555555540
3.640095936464000 1962103824.229717969894409 13.476923129629615
2.029854785524000 2183242326.059410572052002 13.481409814814800
2.022410896478000 1565308404.714183807373047 13.486574685185170
2.014252764600000 1492705103.261591911315918 13.491171962962948
2.002253977244000 1492117672.150146484375000 13.495773888888873
3.609247665816000 1491972454.607673406600952 13.500373703703689
3.680944537266000 2002000202.361559391021729 13.505864425925910
3.517796207352000 2238312711.801518917083740 13.510356314814800
3.601535598154000 2159123025.386712074279785 13.514867277777762
3.640095936464000 2183206517.798285961151123 13.519362092592576
3.578399395168000 2193619957.670102596282959 13.523798148148131
1.974672897120000 2148178489.872607231140137 13.528282685185168
2.008972950322000 1559188148.638107061386108 13.533434148148132
3.555263192182000 1492816246.881789684295654 13.538036740740724
3.571797464921000 1959189726.819703817367554 13.543495759259242
2.021688918480000 2124865169.018948793411255 13.557812037037021
2.017131082200000 1477296825.737492322921753 13.563938277777762
2.023133412062000 1488698376.754044771194458 13.574291333333317
2.150071384960000 1649659714.063382148742676 13.585214499999983
2.117232640530000 1676257312.656699657440186 13.595983499999983
3.542040969822000 1492338218.669413089752197 13.600586592592576
3.873866158715999 1962675150.825732946395874 13.606056481481465
3.663232139450000 2128470750.749269485473633 13.610560870370353
3.701792477760000 2192104635.998883724212646 13.615005555555538
2.035122067440000 2236406004.058803558349609 13.619495111111092
2.035848842634000 1570358520.831551074981689 13.624690222222204
2.030578622748000 1492679301.593175172805786 13.629294351851835
2.024577099265000 1492838604.433846712112427 13.633891981481463
3.603775888686000 1492776124.204321146011353 13.638497296296277
2.016412038600000 1962374829.632140874862671 13.643959333333314
2.038029438795000 1557293859.696495056152344 13.649102944444424
3.587226395655000 1492693941.986719846725464 13.653712999999980
3.656656583958000 1962913174.485758543014526 13.659170518518499
3.579511930288000 2183315612.947885513305664 13.663664888888869
3.596059023828000 2148046847.158978462219238 13.668154666666647
3.574018980128000 2138607320.402209043502808 13.672591277777757
2.008255769520000 2138726493.584603071212769 13.677025055555534
3.594940861022000 1558499216.202093839645386 13.682163851851831
3.584995284270000 1962738125.424726009368896 13.687641240740719
2.023854852474000 2137668822.282672166824341 13.692079833333311
3.651211614688000 1559159970.160334110260010 13.697218407407385
2.030578622748000 2002218937.987374782562256 13.702704148148126
2.029129869556000 1565293383.503331422805786 13.707876685185163
3.578399395168000 1481269111.429076671600342 13.712484166666645
3.539839056858000 1656616829.549633264541626 13.727944407407385
2.029129869556000 2126230945.839135885238647 13.733848629629607
1.996247918214000 1820459217.903033018112183 13.743421185185163
3.917730372296000 1487493525.008910417556763 13.752773407407386
3.586111462830000 1968120418.695936679840088 13.762963777777756
3.788980645277999 2155305829.626521110534668 13.768479981481459
3.523317946046000 2138195594.293177843093872 13.772903537037015
3.601535598154000 2069219634.539591550827026 13.777296777777757
2.023133412062000 2136131992.788100242614746 13.781733888888867
2.022410896478000 1558432548.503900051116943 13.786873796296275
2.029129869556000 1492576105.457574367523193 13.791475962962942
3.594940861022000 1491427589.008151769638062 13.796080722222200
2.028405492960000 1962782616.640272855758667 13.801553388888866
3.622416699310000 1559097155.323239088058472 13.806697499999977
3.609247665816000 2000935686.474927425384521 13.812205240740719
2.035848842634000 2193332988.071770191192627 13.816639166666645
3.572908429254000 1565232571.129842042922974 13.821810981481461
3.700640293440000 1962830936.496840715408325 13.827268277777756
3.572908429254000 2227934127.195589542388916 13.831785962962941
3.579511930288000 2100974987.658384323120117 13.836287444444423
3.586111462830000 2118605636.272545099258423 13.840722999999979
2.023133412062000 2138326858.640272855758667 13.845160981481461
2.035122067440000 1559021579.157796859741211 13.850302259259239
3.586111462830000 1492859048.845256328582764 13.854904851851831
3.587226395655000 1962623294.282607793807983 13.860372574074054
3.587226395655000 2137145796.266132116317749 13.864806462962942
3.577285616992000 2138602906.770648717880249 13.869246925925905
2.029854785524000 2138502469.368520259857178 13.873667759259238
2.035848842634000 1473894940.486892938613892 13.878817574074052
3.548654068820000 1486481263.102564573287964 13.893896259259238
2.035122067440000 2000735762.990829944610596 13.900984592592572
2.003683541652000 1848500682.151800394058228 13.910635425925905
3.849518218133000 1826573308.195134162902832 13.921233629629610
3.642360212976000 2115903210.086992025375366 13.931228166666648
3.788980645277999 2192368235.692233085632324 13.935660814814796
3.733801237628000 2141257941.445487499237061 13.940155518518500
2.041838641920000 2090147202.374962329864502 13.944571962962945
2.028405492960000 1558290574.841761827468872 13.949715407407389
3.580625294112000 1481700365.320503950119019 13.954353648148130
2.016412038600000 1962211252.135709285736084 13.959816314814796
3.579511930288000 1557875092.717282533645630 13.964959388888870
2.021688918480000 1962550279.518659353256226 13.970431759259240
3.539839056858000 1559027307.405526399612427 13.975572814814795
2.023133412062000 1961681693.344423294067383 13.981027722222203
3.619209618402000 1559065344.967167377471924 13.986174481481463
1.997672420205000 2000795549.627114534378052 13.991672148148130
2.014972344000000 1559866222.317780971527100 13.996839925925908
3.587226395655000 1492906865.880592346191406 14.001443203703685
2.016412038600000 1962949843.005630016326904 14.006916388888870
3.556368534186999 1558554853.755708932876587 14.012061888888869
1.982805171290000 1962974706.962629079818726 14.017517203703685
3.555263192182000 1558704272.053455591201782 14.022666518518500
2.022410896478000 1962308426.914814472198486 14.028123240740722
3.701792477760000 1558691011.256190776824951 14.033264444444425
3.510081741985000 2042016941.999276638031006 14.038793111111092
3.688661402124000 2154421140.022440433502197 14.043298870370352
2.023854852474000 2219021737.794259071350098 14.047818222222205
2.035848842634000 1936473512.635445833206177 14.062866277777760
3.577285616992000 1480998126.690005302429199 14.069420333333316
3.565191564396000 1742474832.996033668518066 14.079641314814797
3.848321763338000 2191441435.918812751770020 14.088704037037019
2.023133412062000 1793610085.905185937881470 14.101043222222204
2.008972950322000 1565018269.626343727111816 14.106219796296278
3.856033831000000 1492304282.225324630737305 14.110822370370352
2.036576158986000 1941823574.006735801696777 14.116342888888870
2.023133412062000 1564161664.273205518722534 14.121513870370350
2.028405492960000 1492192922.787466526031494 14.126120203703683
3.594940861022000 1492614772.448663711547852 14.130727629629609
2.016412038600000 1962100069.408000469207764 14.136197166666646
3.578399395168000 1558717872.543977260589600 14.141346074074054
3.610369791756000 1962854542.807714700698853 14.146816055555535
2.010407311926000 2182847991.505928039550781 14.151315925925905
3.556368534186999 1564563034.689222097396851 14.156487240740720
3.571797464921000 1963159681.160700082778931 14.161939888888869
2.030578622748000 2138525400.438550710678101 14.166373685185166
2.031303269030000 1558720742.200020790100098 14.171515555555535
2.008972950322000 1491331184.178792476654053 14.176122592592572
3.564082999554000 1493180566.847244262695312 14.180723740740721
2.015691923400000 1962903188.044916152954102 14.186197314814795
2.021688918480000 1559022087.268483400344849 14.191338537037018
3.632383868802000 1492736460.960978984832764 14.195941481481462
3.562975259844000 2001453486.258909940719604 14.201444037037017
2.023133412062000 2148643778.733501434326172 14.205939370370350
3.569575949714000 1558760429.742435216903687 14.211088018518499
3.532126989196000 1961654053.724426269531250 14.216554185185165
2.022410896478000 2050711613.357381105422974 14.221000055555535
2.029129869556000 1489779194.910069942474365 14.236135240740721
3.732640748408000 1483368844.984802484512329 14.242715240740720
2.029854785524000 2219753987.121323585510254 14.252662777777758
2.110511267068000 1488747489.122316837310791 14.262630518518499
3.600414618826000 1676369919.992419004440308 14.273573925925906
3.864947148867000 1961848741.032779932022095 14.279041370370351
3.802049357366000 2183006868.029816150665283 14.283528074074054
3.663232139450000 2066302114.128139495849609 14.288000629629609
2.031303269030000 2181839635.569053173065186 14.292500796296276
2.035122067440000 1564337159.238541126251221 14.297675074074053
3.587226395655000 1492441854.573093414306641 14.302279907407387
2.015691923400000 1962791491.262504100799561 14.307752277777757
2.014972344000000 1557787745.320292711257935 14.312898611111091
2.023133412062000 1492617076.523598432540894 14.317505759259239
2.015691923400000 1492687004.094054460525513 14.322105925925905
2.016412038600000 1492311196.407879590988159 14.326708592592572
3.578399395168000 1484241606.391018152236938 14.331340092592573
3.571797464921000 2000997245.290253400802612 14.336845814814795
2.022410896478000 2148900780.222815036773682 14.341338833333314
3.571797464921000 1559033255.542590379714966 14.346480833333313
3.562975259844000 1962761139.507985830307007 14.351940629629610
3.586111462830000 2137491376.785520076751709 14.356366666666647
2.031303269030000 2138676061.176017045974731 14.360787425925906
3.618084257123000 1558931613.182219505310059 14.365926222222203
2.002253977244000 2002020977.068525314331055 14.371431351851832
3.610369791756000 1564904695.480492830276489 14.376608907407388
2.014972344000000 2002220538.074959278106689 14.382114129629610
3.586111462830000 1564801520.161463499069214 14.387289018518498
3.588342158970000 1881234423.004365921020508 14.392786203703682
3.622416699310000 2173846139.572761535644531 14.407157574074052
3.555263192182000 2170379256.793545722961426 14.413143648148127
2.028405492960000 2132341375.782829046249390 14.422050092592572
3.494652811251000 1633779178.586645603179932 14.431785796296277
3.834089287399000 1909418334.268036127090454 14.441856999999981
3.626926483260000 2182408536.886663436889648 14.446354259259241
2.143352411882000 2192760591.479873180389404 14.450772555555538
1.996247918214000 1560388167.873393774032593 14.455949296296279
3.602655326389000 1440673784.018529176712036 14.460554629629613
3.578399395168000 1962110322.324617624282837 14.466014388888873
2.029854785524000 2137971692.508514165878296 14.470440648148132
2.029129869556000 1558605376.359555721282959 14.475589388888872
2.036576158986000 1487733165.847354173660278 14.480188999999983
2.029854785524000 1492682536.682657241821289 14.484794314814797
2.034395292246000 1492858954.959595680236816 14.489395944444427
3.570687327506000 1492672886.447446107864380 14.494000925925908
3.632383868802000 1940521656.005613803863525 14.499463870370352
2.023133412062000 2181098531.269676208496094 14.503963851851834
3.586111462830000 1564480404.732387781143188 14.509132333333316
3.572908429254000 1962797956.352562904357910 14.514605481481464
3.539839056858000 2137746712.796977758407593 14.519032018518502
2.022410896478000 2138367242.975580453872681 14.523452444444427
2.023854852474000 1558200834.678814411163330 14.528590814814796
3.626926483260000 1492964772.503328084945679 14.533195277777759
3.707196664613000 2001357756.396637201309204 14.538686444444426
2.024577099265000 2238220261.050133228302002 14.543181111111092
2.015691923400000 1569923797.506255626678467 14.548376333333314
2.028405492960000 1493147769.640077590942383 14.552980722222204
