2.014972344000000 2132972966.326476812362671 0.001054240740741
3.431870109590000 1555312883.215604782104492 0.006218870370370
1.962641050904000 2135327490.808269739151001 0.021580907407407
3.524414921534000 1477194199.415571928024292 0.027683740740741
3.470430447900000 1900285350.208130836486816 0.038801203703704
3.692930626162000 2151695259.945510864257812 0.047712259259259
1.941090024720000 2152069113.756613731384277 0.056784259259259
3.679799980059000 1558204935.842693090438843 0.061923537037037
3.408733906604000 1934582756.067628860473633 0.067401148148148
1.949198303980000 2137877116.018954277038574 0.071825074074074
1.954523173680000 1507922278.006421089172363 0.076981629629630
1.947111005780000 1492531975.258461952209473 0.081583277777778
1.941090024720000 1492520069.273833036422729 0.086181240740741
1.947806599200000 1492842284.877216339111328 0.090782833333333
3.457155456384000 1492737477.994549989700317 0.095390277777778
3.440651553682000 1961490903.792655944824219 0.100855518518518
3.455006312576000 2138550829.434283018112183 0.105296296296296
1.941783219542000 2138587115.610980272293091 0.109717092592593
3.502367276618000 1558605450.634033441543579 0.114856148148148
3.416445974266000 1996183830.033397197723389 0.120362240740741
3.432937088315000 2146247021.773003339767456 0.124854722222222
3.432937088315000 2138454074.352234363555908 0.129293055555556
1.949198303980000 2138207397.472704887390137 0.133711481481481
1.941783219542000 1558474990.913311243057251 0.138857388888889
1.941783219542000 1492759774.513235807418823 0.143459777777778
3.424158041928000 1492194618.260250091552734 0.148061759259259
1.941090024720000 1963485455.562903881072998 0.153522037037037
3.425222622948000 1559072922.551048040390015 0.158668796296296
3.533225138086000 1962520872.518640041351318 0.164142944444444
1.935755557056000 2228442545.132569313049316 0.168660500000000
3.516702853872000 1572180407.184603214263916 0.173850611111111
3.486938345884000 1933174599.008751630783081 0.179354333333333
3.432937088315000 1658988677.600467681884766 0.195413944444444
3.430801938710000 2153976837.170825958251953 0.201458111111111
3.431870109590000 1864504944.037516832351685 0.212048870370370
3.670944207112000 2135968364.027609109878540 0.220878481481481
1.941090024720000 2151108266.491940021514893 0.230940074074074
2.083625773220000 1557639994.095430850982666 0.236083611111111
2.089600627258000 1492855187.398153305053711 0.240686111111111
3.494652811251000 1491764083.926654577255249 0.245292425925926
1.941090024720000 1913078804.816733360290527 0.250765629629630
3.542040969822000 1557489659.931425571441650 0.255918185185185
3.534324104964000 2041583836.310961008071899 0.261440851851852
1.941090024720000 2248527258.381655216217041 0.265876796296296
1.943863062085000 1571733262.994303941726685 0.271072092592593
3.516702853872000 1492775586.529722690582275 0.275677018518519
3.494652811251000 2041299624.312357425689697 0.281197759259259
3.392253602320000 2203491001.275799751281738 0.285682962962963
1.948502192620000 2132181474.199651479721069 0.290175796296296
1.935755557056000 1558967274.560282230377197 0.295319037037037
1.927656875760000 1491236521.137079000473022 0.299919518518518
3.455006312576000 1493261654.280474901199341 0.304524407407407
1.941783219542000 2001597197.508896827697754 0.310019518518518
3.532126989196000 1565440021.771201848983765 0.315191148148148
1.920940301280000 2042017980.362492322921753 0.320711574074074
3.417508157581000 1571943709.034828424453735 0.325898907407407
3.456080484416000 1962839941.751329660415649 0.331354444444444
3.340363503911000 2183450547.549007415771484 0.335849222222222
1.949198303980000 2148510936.861947536468506 0.340338796296296
1.922312810132000 1559198290.930277824401855 0.345487796296296
3.440651553682000 1492164608.225987434387207 0.350092444444444
3.492479276934000 1961309473.968989610671997 0.355568462962963
3.572908429254000 2150091993.727876663208008 0.369882240740741
3.555263192182000 2232195941.360750198364258 0.375858518518518
1.949198303980000 2177829801.397980690002441 0.384871518518518
2.081394523420000 1659587190.794329643249512 0.394656148148148
3.664371049325000 1643931961.795560836791992 0.405496462962963
3.686368342436000 1962067029.767223596572876 0.410946777777778
3.670944207112000 2138346025.702046632766724 0.415382222222222
1.949198303980000 2083082631.959266901016235 0.419815759259259
1.947806599200000 1557374875.668506860733032 0.424954351851852
3.555263192182000 1492770196.677794218063354 0.429558611111111
3.429734959985000 2041939134.601529836654663 0.435085074074074
3.486938345884000 2159470942.723459720611572 0.439593092592592
3.431870109590000 2182387207.589026927947998 0.444067388888889
3.556368534186999 2149090663.717179298400879 0.448554462962963
1.941783219542000 2227890517.145915985107422 0.453069629629630
3.502367276618000 1571496632.005054712295532 0.458257351851852
1.948502192620000 2002255869.905111074447632 0.463753055555556
3.431870109590000 1561621444.154357910156250 0.468931018518518
3.431870109590000 1962819367.508634090423584 0.474400277777778
1.948502192620000 2138620604.147881031036377 0.478836277777778
1.947806599200000 1555209366.093790531158447 0.483982500000000
1.942476930518000 1493232901.638882398605347 0.488582518518519
1.941783219542000 1492970801.598126649856567 0.493185129629630
1.948502192620000 1491569576.240492582321167 0.497786796296296
1.929034183594000 1493077349.977077484130859 0.502391648148148
3.418571132094000 1492807231.534708499908447 0.506991870370370
3.539839056858000 1962714432.675713062286377 0.512464277777778
3.416445974266000 2228166264.240356922149658 0.516981629629630
3.393309771280000 2161061761.024357318878174 0.521493944444445
3.448366019049000 2217598005.965652942657471 0.535903592592593
3.463794949783000 2126706014.431625366210938 0.541808833333333
3.501278718548000 2171076940.306865215301514 0.550737833333333
3.408733906604000 2171124165.349387645721436 0.559676481481482
2.077645014666000 2119425156.196304559707642 0.568621777777778
2.076904399758000 1558695873.600466251373291 0.573770648148148
1.935064246464000 1492333712.878656864166260 0.578373296296296
2.085112627150000 1487973179.691240549087524 0.582975944444444
1.934373450240000 1467872981.987992048263550 0.587556222222222
3.432937088315000 1469473935.708079814910889 0.592160222222222
3.532126989196000 1962059370.021502256393433 0.597611907407408
1.941783219542000 2227400992.929388523101807 0.602114111111111
3.432937088315000 1571681687.740849971771240 0.607308870370371
1.928345273386000 1961936085.138421297073364 0.612769259259259
3.425222622948000 1559051140.494202136993408 0.617914851851852
3.492479276934000 1961641542.773580312728882 0.623385518518519
3.547551124520000 2183106050.555200576782227 0.627880055555556
3.437442229558000 2237558293.455327987670898 0.632365185185185
3.555263192182000 2132361520.998865127563477 0.636868074074074
3.425222622948000 2227216001.050002574920654 0.641383055555556
3.431870109590000 2158767081.690928936004639 0.645883759259259
3.432937088315000 2138381077.331276655197144 0.650301740740741
1.953825181662000 2138497608.015028238296509 0.654737851851852
3.539839056858000 1558642599.096116781234741 0.659884370370370
3.473668555200001 2041713863.407080650329590 0.665409574074074
1.940396829898000 2204262287.788218498229980 0.669904777777778
3.485854583224000 1565360432.302181243896484 0.675069203703704
1.947806599200000 2001758225.791805028915405 0.680575259259259
1.935755557056000 1565715677.419354915618896 0.685741925925926
3.494652811251000 1491099077.017041206359863 0.690350574074074
3.480306050958000 1684608291.114923954010010 0.705870981481482
3.415382604154000 2118732650.612495422363281 0.711843814814815
1.942476930518000 1897663029.254010438919067 0.722457111111111
3.793156300776000 1820107318.095304727554321 0.732001944444444
2.068704939840000 2127431562.157312393188477 0.742032944444444
3.694080410098000 1569441655.504574060440063 0.747231314814815
3.423092271432000 1957849852.083509683609009 0.752708629629630
1.920254302252000 2138417553.325178861618042 0.757129444444445
3.431870109590000 1525742763.306989669799805 0.762277462962963
3.494652811251000 1962914722.478432893753052 0.767738500000000
3.555263192182000 2172901400.686974525451660 0.772240259259259
3.570687327506000 2238440334.261838436126709 0.776727759259259
3.430801938710000 2248507161.113589763641357 0.781169185185185
1.955919677442000 2159000878.128847122192383 0.785682148148148
1.954523173680000 1558936263.878548622131348 0.790830981481482
1.941783219542000 1492898013.841581821441650 0.795436000000000
3.502367276618000 1491553336.849267005920410 0.800035870370370
1.962641050904000 2001072565.142020702362061 0.805526722222222
3.425222622948000 1565239147.948825359344482 0.810698555555556
3.435072237920000 1958020284.718009948730469 0.816163351851852
3.440651553682000 2138739357.767106056213379 0.820594074074074
1.967956322640000 2138703301.382673025131226 0.825029925925926
3.562975259844000 1558644585.473379373550415 0.830171444444444
1.935755557056000 2042123984.591607332229614 0.835695129629630
1.935064246464000 1571092130.182790994644165 0.840887259259259
3.440651553682000 1492744095.058686971664429 0.845487925925926
3.431870109590000 1962643893.026404857635498 0.850958296296296
1.933682654016000 2138268815.317911624908447 0.855391740740741
3.515608278768000 1484753491.482472181320190 0.860653222222222
3.515608278768000 1656254555.978559017181396 0.877225870370370
1.949198303980000 2179213815.974720954895020 0.883144944444445
1.935064246464000 1821714175.348373413085938 0.892781000000000
3.670944207112000 1687815578.675996780395508 0.903642000000000
3.872661614234000 1729548630.249329090118408 0.913916240740741
3.694080410098000 2271265890.471440315246582 0.918446092592593
3.440651553682000 2169290372.556252002716064 0.922964425925926
3.533225138086000 2130460206.206298589706421 0.927384666666667
3.479223880517000 2207423709.464814186096191 0.931894351851852
3.471509415150000 2202679969.320599555969238 0.936385240740741
1.954523173680000 2149064277.848578929901123 0.940875296296297
1.960539357544000 1558529539.112172365188599 0.946024777777778
3.425222622948000 1493029876.892417430877686 0.950633814814815
1.947806599200000 1962014333.541164159774780 0.956098851851852
3.439582177252000 1559007816.691210031509399 0.961242166666667
3.448366019049000 1963195184.639610052108765 0.966710777777778
3.448366019049000 2138752012.788109064102173 0.971136185185185
3.455006312576000 2138375266.934402227401733 0.975567500000000
3.441721726668000 2138109140.210145950317383 0.979993000000000
1.970064690282000 2138877865.697087526321411 0.984413907407408
3.462718380238000 1558940814.674939393997192 0.989562518518519
3.462718380238000 1962096629.137275934219360 0.995023259259259
1.949893379460000 2138354418.014377355575562 0.999459222222222
1.961239748160000 1558650374.979767322540283 1.004607648148149
3.418571132094000 1492935069.740504026412964 1.009212018518519
3.435072237920000 1963166323.268205881118774 1.014685629629630
3.462718380238000 2138551156.012561559677124 1.019114166666667
1.956617149734000 2138894042.169278621673584 1.023547796296297
1.928345273386000 1558428681.528433084487915 1.028689833333334
3.486938345884000 1397461853.394851922988892 1.033321574074074
1.942476930518000 1667343963.553530693054199 1.048832907407408
3.447294244914000 1596829268.820403337478638 1.055680037037037
3.430801938710000 2166872121.608308792114258 1.065736611111112
3.679799980059000 1695872308.272216796875000 1.076495740740741
3.455006312576000 1719430497.048506975173950 1.087318888888889
3.755776951394000 2138225799.168847560882568 1.091748259259260
3.432937088315000 2165836523.406030654907227 1.096230722222223
3.461640607822000 2108302802.316592931747437 1.100710481481482
3.439582177252000 2137991516.038031578063965 1.105141500000001
1.947806599200000 2138415446.649348020553589 1.109582592592593
3.415382604154000 1558818674.015237331390381 1.114723425925927
1.949198303980000 1961006745.041510581970215 1.120170500000001
1.955221165698000 1558888090.847326040267944 1.125322000000001
1.942476930518000 1492697797.491464614868164 1.129927018518519
1.941783219542000 1492840056.876543283462524 1.134524370370371
3.473668555200001 1492758358.570928812026978 1.139128759259260
1.941090024720000 1993777134.946519613265991 1.144653444444445
3.526607240106000 1565441883.451753377914429 1.149824407407408
1.935755557056000 2042386180.538094282150269 1.155348018518519
1.949198303980000 1571024281.033984899520874 1.160542592592593
3.363506900012000 1493260346.367007493972778 1.165147000000001
1.914907327230000 1962744437.583546638488770 1.170605259259260
3.424158041928000 1559120379.528753995895386 1.175753944444445
3.432937088315000 1962719049.977273702621460 1.181213462962964
1.920940301280000 2138730507.242137432098389 1.185644833333334
1.947806599200000 1558916160.003459692001343 1.190783148148149
1.948502192620000 1493019331.398853778839111 1.195390888888890
3.416445974266000 1490463649.529326438903809 1.199994222222223
3.416445974266000 2112772831.445126771926880 1.215411555555556
1.935064246464000 2148059037.113002300262451 1.221424722222223
1.926968478134000 1620970141.841770410537720 1.232164388888890
3.669801624328000 1487696688.718104124069214 1.241511222222223
3.375784072974000 1910993993.729717969894409 1.251611777777778
3.678656274774000 2136798180.698822736740112 1.256033500000001
2.089600627258000 2138777872.404378414154053 1.260469388888890
3.531027613324000 1509505971.051192760467529 1.265617685185186
3.555263192182000 2040899722.065576314926147 1.271134574074075
3.447294244914000 2248493690.186265945434570 1.275567703703704
3.489107082112000 2158035130.074891567230225 1.280077925925927
1.943169609186000 2183283985.301871776580811 1.284573333333334
3.493566650886000 1565567436.661699056625366 1.289742518518519
3.432937088315000 2002237217.328126430511475 1.295248018518519
3.440651553682000 2148716763.196269512176514 1.299743537037038
3.562975259844000 2136576241.045934915542603 1.304179759259260
3.493566650886000 2228224145.789618492126465 1.308689555555556
3.484769609656000 2187851248.342223167419434 1.313171796296297
3.440651553682000 2188726216.175510883331299 1.317598240740741
3.501278718548000 2148944420.127676963806152 1.322082944444445
1.950589231850000 2183232669.688118457794189 1.326565296296297
1.941783219542000 1565660281.236005306243896 1.331734277777778
1.949198303980000 1492417842.985594034194946 1.336331166666667
3.406613151266000 1493243001.822725057601929 1.340933555555556
3.633513187857000 1962970299.045253753662109 1.346391666666667
1.955221165698000 2272493891.477418422698975 1.350934500000001
3.439582177252000 1577545540.052743434906006 1.356151925925926
3.432937088315000 1963722316.952042818069458 1.361614722222223
3.555263192182000 2057162622.026960372924805 1.366057425925927
3.430801938710000 1657834112.055214643478394 1.382113333333334
3.463794949783000 1800296991.386126041412354 1.390123666666667
1.955919677442000 1730422088.791093826293945 1.401729351851852
3.641227653224000 1880691364.669640541076660 1.411431740740741
3.687514445426000 2094624046.997388839721680 1.421361370370371
2.082138088800000 2137937668.446691274642944 1.425786333333334
2.083625773220000 1558735706.875684261322021 1.430927370370371
3.401021838942000 1492441209.676447391510010 1.435536500000000
3.409793692214000 1933839751.898424863815308 1.440994240740741
3.461640607822000 2138171947.063619852066040 1.445423037037038
1.955221165698000 2171532581.159402370452881 1.449918648148149
1.940396829898000 1565188674.241066694259644 1.455085500000001
1.956617149734000 1492818593.264290571212769 1.459684537037038
3.456080484416000 1492111469.950651645660400 1.464289000000001
3.447294244914000 1963337327.485479354858398 1.469756870370371
3.538737280602000 2138105602.980237483978271 1.474191018518519
3.494652811251000 2227765699.879065990447998 1.478708333333334
3.494652811251000 2203704491.716012954711914 1.483196018518519
3.462718380238000 2193481140.615570545196533 1.487614685185186
3.431870109590000 2146798059.830152511596680 1.492104555555556
3.494652811251000 2138502517.353851318359375 1.496533074074075
3.540939603453000 2178730031.236055374145508 1.501015074074075
1.947806599200000 2234325684.659654617309570 1.505494185185186
1.955221165698000 1571789634.342036724090576 1.510687259259260
1.929722068638000 1485114480.000000000000000 1.515316888888889
1.949198303980000 1492639860.196176528930664 1.519915925925926
3.424158041928000 1491870687.470586061477661 1.524519759259260
3.494652811251000 1963367107.120730638504028 1.529989703703704
1.956617149734000 2183525021.218388557434082 1.534484407407408
1.955221165698000 1563453189.364846944808960 1.539658722222223
1.943169609186000 1968523922.874134063720703 1.555723851851852
3.432937088315000 1483114821.170443773269653 1.562295907407408
3.473668555200001 1919946750.609260559082031 1.572326277777778
3.678656274774000 2172670268.386197566986084 1.581252055555556
3.425222622948000 2135176932.190166473388672 1.590224314814815
2.096319600336000 2137830627.728209733963013 1.594661833333334
1.956617149734000 1558632503.607633590698242 1.599807814814815
2.096319600336000 1487017842.333674192428589 1.604407777777778
3.618084257123000 1445739527.137115716934204 1.609010944444445
1.949893379460000 2080402719.224987268447876 1.614554462962963
3.554156615158000 1577511569.930963993072510 1.619769129629630
1.949893379460000 2040879258.653584003448486 1.625272629629630
1.949198303980000 1571839409.914183616638184 1.630464592592593
1.949893379460000 1492775273.850311279296875 1.635069703703704
1.935755557056000 1492315636.995726823806763 1.639672037037037
3.448366019049000 1492082229.302698373794556 1.644269388888889
1.947806599200000 1963642053.040725946426392 1.649734092592593
1.941783219542000 1558670482.897166967391968 1.654877814814815
3.525510672719000 1492891672.202427625656128 1.659477537037037
3.417508157581000 2040664512.575236558914185 1.664991018518519
3.562975259844000 2159194925.332598209381104 1.669491222222222
1.935064246464000 2228177822.645179271697998 1.674003833333333
3.494652811251000 1572045773.592980861663818 1.679196055555556
3.439582177252000 2001986709.016379594802856 1.684694074074074
3.457155456384000 2149015636.431272983551025 1.689174351851852
3.524414921534000 2138725504.241281747817993 1.693595185185185
3.394364761480000 2183356727.025523662567139 1.698089907407407
3.439582177252000 2148730271.647420883178711 1.702567388888889
3.603775888686000 2138442524.137642383575439 1.706988407407407
3.502367276618000 2058393152.346534252166748 1.711431129629630
3.402079226847000 1663875710.251909732818604 1.727446574074074
1.940396829898000 2122534218.885359525680542 1.733410629629630
3.470430447900000 1633274568.453740119934082 1.743143074074074
3.677511291606000 2176335781.041388511657715 1.753129740740741
1.948502192620000 2184974925.255607128143311 1.762160518518519
2.085112627150000 1549932536.210751295089722 1.767304018518518
3.540939603453000 1492602553.020404100418091 1.771910037037037
1.947111005780000 2038017188.598988294601440 1.777439111111111
3.507898611490000 1534002986.798209428787231 1.782634814814815
3.581738243584000 2001265381.856632709503174 1.788134018518519
1.948502192620000 2238289170.036730766296387 1.792626185185185
3.494652811251000 1571493249.607535362243652 1.797816555555556
3.440651553682000 2001768970.991873264312744 1.803322037037037
1.953825181662000 2148923345.623908519744873 1.807807055555556
1.961239748160000 1558006177.973149538040161 1.812950777777778
1.947806599200000 1492741135.735743045806885 1.817555722222222
3.448366019049000 1492835821.616270542144775 1.822157537037037
1.948502192620000 1962696814.417130947113037 1.827610925925926
1.935064246464000 1555155126.268076896667480 1.832758703703704
1.942476930518000 1492844677.587532758712769 1.837358574074074
3.399963269598000 1492828762.165205478668213 1.841963388888889
3.407672936876000 1962979801.020943403244019 1.847437629629630
3.484769609656000 2138113010.021848201751709 1.851870537037037
3.424158041928000 2182618187.811611652374268 1.856364796296296
1.941090024720000 2147799013.243313312530518 1.860857629629630
3.542040969822000 1558680918.077212810516357 1.865996388888889
1.929722068638000 2041806306.019747734069824 1.871527259259259
3.609247665816000 1570781309.184550523757935 1.876719351851852
1.942476930518000 1820408190.130932807922363 1.882205629629630
3.402079226847000 1483988290.167413711547852 1.897431833333333
1.934373450240000 1945400152.568011045455933 1.904544629629630
3.431870109590000 1485816769.691114187240601 1.914415833333333
2.061988365360000 2107630585.693873167037964 1.924291425925926
3.680944537266000 1842539606.908874273300171 1.933992314814815
3.902306236972000 1962129729.729729890823364 1.939449814814815
1.943169609186000 2271159206.174201011657715 1.943984814814815
1.948502192620000 1577356539.282581090927124 1.949198462962963
1.948502192620000 1488124681.903153896331787 1.953804851851852
3.440651553682000 1485900876.606911420822144 1.958405925925926
3.516702853872000 1962677631.556650400161743 1.963870055555555
1.962641050904000 2182734461.085134506225586 1.968357296296296
3.455006312576000 1565621413.558387517929077 1.973529166666667
3.455006312576000 1962744612.532016992568970 1.979002259259259
1.947111005780000 2138388062.451066017150879 1.983425277777778
3.424158041928000 1556622018.005310773849487 1.988571907407408
1.967956322640000 1962680011.380263328552246 1.994039462962963
3.500188944212000 1550818822.903906106948853 1.999194333333333
3.447294244914000 2001710129.023788452148438 2.004695759259259
1.955919677442000 2149178098.001714706420898 2.009188500000000
3.439582177252000 1558853035.662134647369385 2.014324666666667
3.418571132094000 1963210394.707902669906616 2.019797537037037
3.523317946046000 2137826936.193181991577148 2.024223222222223
3.472589186100000 2228109264.709499359130859 2.028740962962963
1.940396829898000 2203706770.977169036865234 2.033233722222223
3.440651553682000 1565364976.846210241317749 2.038400462962963
3.438511605988000 1962925824.175824165344238 2.043860462962963
3.431870109590000 2137866512.510524988174438 2.048281185185185
3.557474699538000 2138723759.094415187835693 2.052722759259259
3.425222622948000 2202977910.526227474212646 2.067094444444444
3.455006312576000 2128828619.811624050140381 2.073087185185185
1.947806599200000 2148859956.467442989349365 2.082028981481481
2.090347146682000 1821016548.097442865371704 2.091600407407407
3.556368534186999 1846248526.932023525238037 2.102308092592592
3.678656274774000 2040319696.908629417419434 2.107821648148148
1.914907327230000 2156494371.763815402984619 2.112324407407407
1.942476930518000 1552918981.456452369689941 2.117462462962962
1.935755557056000 1452958798.576627016067505 2.122068111111111
1.934373450240000 1492235115.277426004409790 2.126672944444444
1.929034183594000 1492799034.380092144012451 2.131275629629629
3.462718380238000 1492761178.473264694213867 2.135877314814814
3.442791501376000 2000665221.597823619842529 2.141370666666667
1.934373450240000 2193126671.058886051177979 2.145811740740740
1.914223726800000 1565222488.792127847671509 2.150983370370370
3.516702853872000 1492838506.417736291885376 2.155585777777778
3.418571132094000 2041141676.449870824813843 2.161106703703704
3.417508157581000 2154360496.014172077178955 2.165622703703704
3.483685846996000 2138435867.374824285507202 2.170061277777778
3.470430447900000 2183322818.684103012084961 2.174555888888889
3.463794949783000 2193574636.127721786499023 2.178987388888889
3.408733906604000 2193468086.261700630187988 2.183420925925926
1.929722068638000 2149303184.003631591796875 2.187908055555556
1.937136892320000 1532175134.178010463714600 2.196985962962963
3.407672936876000 1493134812.430855989456177 2.201589203703704
1.940396829898000 1962597296.290021896362305 2.207054944444445
3.478142515562000 1558429154.229213953018188 2.212197962962963
3.456080484416000 2002023491.649058580398560 2.217701888888889
3.501278718548000 2192534703.125847339630127 2.222139796296296
1.929722068638000 1682972643.140863180160522 2.240173055555556
1.950589231850000 1477173398.551292896270752 2.246313907407408
3.432937088315000 1488863169.750603437423706 2.256672240740741
3.696378266982000 2140391590.363094806671143 2.266685444444445
3.686368342436000 2119169018.042830705642700 2.275580944444445
3.491393116569000 2136775626.652387857437134 2.280007759259259
2.082881654180000 2182387286.309379100799561 2.284502185185185
1.941783219542000 1510394637.691987514495850 2.289707240740741
1.948502192620000 1485686134.059822797775269 2.294309111111111
1.949198303980000 1492436438.836763858795166 2.298911851851852
1.941090024720000 1492973519.441193819046021 2.303516907407407
3.493566650886000 1491655804.857635021209717 2.308119055555555
3.439582177252000 2001688344.378011465072632 2.313607425925926
1.948502192620000 2147662545.160598278045654 2.318097574074074
3.571797464921000 1559256368.153829574584961 2.323240351851852
3.431870109590000 2041241188.466853857040405 2.328761314814815
3.431870109590000 2154191191.665054798126221 2.333260000000000
3.423092271432000 2121941403.624492406845093 2.337695870370371
3.494652811251000 2138475469.237809658050537 2.342126814814815
3.510081741985000 2183191447.262654304504395 2.346619203703704
3.416445974266000 2193319096.242125034332275 2.351060740740741
1.936445838912000 2148710107.603334903717041 2.355540500000000
1.936445838912000 1558258188.561038255691528 2.360683740740741
3.539839056858000 1493181887.284178495407104 2.365288240740741
3.438511605988000 2042224247.221309423446655 2.370809759259260
1.947806599200000 2158929000.738976955413818 2.375320500000000
1.941783219542000 1558804320.794091939926147 2.380458444444445
3.533225138086000 1493113397.833377599716187 2.385063666666667
3.423092271432000 1951849556.100108385086060 2.390595444444445
3.409793692214000 2132143632.083518028259277 2.405250944444445
3.393309771280000 2065277754.934855699539185 2.411150962962963
3.432937088315000 1727616846.577167510986328 2.421909055555556
3.656656583958000 2079507137.490608453750610 2.430782388888889
3.540939603453000 2119669597.495360136032104 2.439672555555556
3.678656274774000 2226058934.020144939422607 2.444187962962963
2.096319600336000 2159240308.739396095275879 2.448693740740741
1.935755557056000 1526918207.742827415466309 2.453836851851853
3.538737280602000 1486663258.380488395690918 2.458447981481482
1.949198303980000 2040921189.755404949188232 2.463977907407408
1.943169609186000 1571539206.809772729873657 2.469173055555556
1.943169609186000 1492810019.767380952835083 2.473772851851852
3.533225138086000 1492804801.158068418502808 2.478378222222223
3.554156615158000 2041775584.408627271652222 2.483909296296297
3.479223880517000 2247820683.432953834533691 2.488342796296297
3.493566650886000 2204046885.112101078033447 2.492835259259260
3.492479276934000 2188060983.707886219024658 2.497269351851853
1.942476930518000 2193753154.732098102569580 2.501707129629631
1.941783219542000 1565389085.597470998764038 2.506879703703705
1.922312810132000 1492868119.487542629241943 2.511482074074075
3.384543935042000 1492463981.250679492950439 2.516080759259260
1.935064246464000 1963491872.011270761489868 2.521548833333334
1.947111005780000 1558908990.718630790710449 2.526690555555557
3.370173568294000 1489496977.910394906997681 2.531295537037038
3.484769609656000 1962150800.299837112426758 2.536755296296297
1.927656875760000 2181916293.787545204162598 2.541249851851853
3.461640607822000 1565594720.547031164169312 2.546411722222223
1.921626300308000 2000870673.462105751037598 2.551912870370371
3.432937088315000 1481161333.090979099273682 2.557108814814816
3.493566650886000 1653709720.985029220581055 2.572575925925927
3.547551124520000 2113456035.444293022155762 2.578552962962964
3.416445974266000 1731356552.969652891159058 2.589401592592593
3.663232139450000 1694623030.856139183044434 2.600196611111112
3.410854267236000 1718492056.598870277404785 2.611027870370371
2.082881654180000 2137658459.453354358673096 2.615454870370371
2.070183026296000 1552937034.466139793395996 2.620603777777779
1.927656875760000 1451719496.557019233703613 2.625210574074075
1.928345273386000 1492436789.184757709503174 2.629818611111113
1.922312810132000 1492413150.751040697097778 2.634423333333335
1.934373450240000 1492683615.819208860397339 2.639025333333335
3.619209618402000 1492749582.308395147323608 2.643625129629631
3.446221273266000 2081349949.676155090332031 2.649163333333335
3.533225138086000 2214331591.991746902465820 2.653668870370372
1.948502192620000 2194227716.488323211669922 2.658249777777779
3.538737280602000 1545076396.977889776229858 2.663448500000001
3.461640607822000 2039740023.377867460250854 2.668977629629631
3.547551124520000 2203954409.474126815795898 2.673471740740742
1.926968478134000 2238578622.985399246215820 2.677966703703705
3.386650296113000 1571475370.881767511367798 2.683157037037038
1.955221165698000 1962498767.722453117370605 2.688627185185187
1.941783219542000 1558979110.468503952026367 2.693775962962965
3.533225138086000 1492412983.792401075363159 2.698376000000001
3.418571132094000 2041956036.278132438659668 2.703888962962965
3.477059942378000 2158796855.392337799072266 2.708404629629631
3.494652811251000 2183376127.674818038940430 2.712902166666669
1.982097058010000 2193872794.943879127502441 2.717335370370372
2.070921244392000 1565507843.698561429977417 2.722510555555558
1.942476930518000 1490892737.066628217697144 2.727120722222224
1.955919677442000 1489536168.868007183074951 2.741712000000002
3.493566650886000 1483027833.237453937530518 2.748278888888891
3.440651553682000 2138624865.767807960510254 2.758211925925929
2.085112627150000 2092923018.102631568908691 2.767124074074077
3.763489019056000 1478051312.888354301452637 2.777102074074076
3.416445974266000 2001120027.430231332778931 2.782611000000002
3.688661402124000 2138058192.955589532852173 2.787109444444447
3.611492753544000 2131651297.046660184860229 2.791542592592595
3.508990786210000 2079103034.544818162918091 2.795987703703706
1.935064246464000 2182392722.429937362670898 2.800465185185187
3.478142515562000 1565075543.320464849472046 2.805631462962965
3.432937088315000 2001448169.065403699874878 2.811120462962965
1.949198303980000 2149164589.579049110412598 2.815605018518520
3.416445974266000 1557969880.797658443450928 2.820748777777780
3.415382604154000 1963175213.357065916061401 2.826221259259261
3.533225138086000 2138293598.733318328857422 2.830642259259261
1.941783219542000 2227798839.077821254730225 2.835159740740743
3.432937088315000 1570837807.426458835601807 2.840343907407409
1.955221165698000 1958093456.867104291915894 2.845808500000002
1.941783219542000 1558666875.404880046844482 2.850954055555557
3.493566650886000 1492842791.512759447097778 2.855561407407409
1.949198303980000 2001742205.379499673843384 2.861063777777779
3.506807655715000 1565719854.639193534851074 2.866236092592594
3.564082999554000 2002220328.716229915618896 2.871738981481483
1.949198303980000 2237736031.360651493072510 2.876231518518520
3.432937088315000 1571460496.702559947967529 2.881423537037038
3.479223880517000 1963111928.843710184097290 2.886888814814816
3.624671801140000 2183278085.338445186614990 2.891371185185186
3.462718380238000 2281158363.450223922729492 2.895875240740742
3.472589186100000 2259040248.701238632202148 2.910219388888890
3.538737280602000 2178130921.496192455291748 2.916179703703705
3.446221273266000 2167264561.539189338684082 2.925183000000001
2.075421514320000 1694097401.606790542602539 2.935986685185186
3.701792477760000 1478701220.440993309020996 2.945955759259260
3.826374822032000 1962388232.548543453216553 2.951431000000001
1.940396829898000 2226738809.102506160736084 2.955931185185186
3.469350275100000 1565680698.729776620864868 2.961130037037038
3.471509415150000 1947916826.789242744445801 2.966584962962964
1.949198303980000 2138127082.166707277297974 2.971016333333334
3.416445974266000 1558315820.899817228317261 2.976164703703704
3.493566650886000 1962606493.858994245529175 2.981622851851852
3.438511605988000 2183111135.832684040069580 2.986117351851852
3.447294244914000 2148791432.879353046417236 2.990612574074075
1.961239748160000 2138390302.033417701721191 2.995025870370371
1.934373450240000 1557800120.201391220092773 3.000171555555556
1.947806599200000 1492927483.080189704895020 3.004776611111112
1.941783219542000 1492612106.865065813064575 3.009376388888890
1.948502192620000 1492899997.181771516799927 3.013976074074075
3.424158041928000 1492854308.157099723815918 3.018573296296297
3.431870109590000 1962277594.277974605560303 3.024028500000001
3.409793692214000 2127194396.931099414825439 3.028489018518520
3.488022915816000 2138485019.094746112823486 3.032916259259260
3.502367276618000 2181425674.169824123382568 3.037403259259261
1.955221165698000 2193653573.039715290069580 3.041836666666668
3.556368534186999 1565123684.380216836929321 3.047006037037038
3.472589186100000 2041376201.357618093490601 3.052516777777779
3.434004861810000 2159631271.581952095031738 3.057032296296298
3.429734959985000 2138587943.241698503494263 3.061470870370372
3.481387818656000 2137949977.467327594757080 3.065908870370372
3.533225138086000 2190027848.386183261871338 3.080224481481483
3.440651553682000 2227884294.293735980987549 3.086200370370372
1.941090024720000 2133387921.696872234344482 3.095124851851853
3.692930626162000 1633744080.587292432785034 3.104864462962964
1.948502192620000 2095772282.526605606079102 3.114795222222223
3.763489019056000 1557534941.556826591491699 3.119933166666668
3.493566650886000 2002035159.642143011093140 3.125435055555557
2.104540095762000 2186515063.273687362670898 3.129867592592594
3.502367276618000 1519847014.122876167297363 3.135033888888890
3.440651553682000 2000848934.372991561889648 3.140536648148149
1.933682654016000 2148666308.760308742523193 3.145020888888890
3.414320420839000 1559052143.860028266906738 3.150164777777779
1.941783219542000 1963005714.247025966644287 3.155635185185186
1.955221165698000 1556942236.797059535980225 3.160773981481483
3.417508157581000 1492738919.985503196716309 3.165372685185186
1.935064246464000 1963410497.097303628921509 3.170843333333335
1.942476930518000 1558283158.819547414779663 3.175986370370372
3.417508157581000 1493114612.904004096984863 3.180591888888890
3.432937088315000 1959034006.588925123214722 3.186049981481483
3.430801938710000 2138316067.453880071640015 3.190467814814816
1.941783219542000 2138532865.547940492630005 3.194896351851853
1.943863062085000 1558364190.262188434600830 3.200038962962964
1.934373450240000 1493349015.634047508239746 3.204644296296297
3.425222622948000 1493252019.171566247940063 3.209246018518519
3.455006312576000 1962804316.303022146224976 3.214711944444445
3.431870109590000 2183213534.895813941955566 3.219199111111112
3.493566650886000 2149155191.896863460540771 3.223689370370371
3.432937088315000 2182677459.095759868621826 3.228183833333334
3.546446947880000 2149115459.010916709899902 3.232673962962964
3.371221365379000 2224580458.638846874237061 3.237189740740742
1.948502192620000 2219491487.853847980499268 3.252528388888890
3.399963269598000 1592470810.264678001403809 3.259328407407408
3.470430447900000 2070447992.391550540924072 3.269219944444445
3.694080410098000 1747444301.016204357147217 3.280008092592594
2.090347146682000 2119269050.801448583602905 3.288972185185186
1.961239748160000 1558495033.701806545257568 3.294123574074075
2.083625773220000 1492477704.038180351257324 3.298733277777778
3.548654068820000 1446804596.774843454360962 3.303329092592593
3.414320420839000 2029090139.681409358978271 3.308842962962964
1.995535004166000 2158880738.023785591125488 3.313341462962964
1.941783219542000 1558707494.896471261978149 3.318484962962964
3.504545609024000 1492624855.240301132202148 3.323090296296297
1.948502192620000 2000612278.960208415985107 3.328593537037038
3.416445974266000 1565127837.112567186355591 3.333762296296297
1.950589231850000 1962786888.584880828857422 3.339217537037038
3.471509415150000 1557789735.206642389297485 3.344360611111111
1.948502192620000 2002028991.066471338272095 3.349864222222223
3.493566650886000 1565151114.343341827392578 3.355033351851852
3.539839056858000 1987847083.023326873779297 3.360534037037037
1.955221165698000 2238101506.269941329956055 3.365026370370371
1.943169609186000 1572007796.630741834640503 3.370213796296297
3.424158041928000 1492829661.044228315353394 3.374816166666667
3.456080484416000 1962459486.818361997604370 3.380286037037037
3.428667583875000 2183619160.226092815399170 3.384781074074074
1.947806599200000 2149163782.755932331085205 3.389270648148148
3.447294244914000 1558469789.969903230667114 3.394420703703704
1.935755557056000 1953881881.066081285476685 3.399919555555556
1.935064246464000 1456552902.887440681457520 3.405074703703704
3.424158041928000 1907925136.285809755325317 3.422012148148148
3.423092271432000 2016120991.488417863845825 3.428106240740741
3.399963269598000 1781530791.703123331069946 3.436974370370371
1.947806599200000 2230811539.499619960784912 3.446031185185186
3.740352816070000 1633451898.772725820541382 3.455760666666667
3.401021838942000 2137686817.089573621749878 3.463112777777778
3.694080410098000 2147893281.418275356292725 3.467583518518519
3.673227672408000 2132878103.328854799270630 3.472021703703704
1.955221165698000 2074506128.382725000381470 3.476454629629631
3.501278718548000 1558306339.157349348068237 3.481594055555556
1.955919677442000 2001137227.375958681106567 3.487081703703705
1.941783219542000 1559492218.003270864486694 3.492256277777779
1.926968478134000 1492770431.865625619888306 3.496860333333335
1.947806599200000 1492450765.389208555221558 3.501465833333334
1.935755557056000 1492462754.849534749984741 3.506068222222223
1.941783219542000 1492847469.501147508621216 3.510667666666668
3.431870109590000 1492709950.815907955169678 3.515264907407408
3.431870109590000 1958756235.750732660293579 3.520723277777779
3.402079226847000 2138625725.946349143981934 3.525142796296298
3.431870109590000 2138483312.520099639892578 3.529576703703705
3.417508157581000 2137091395.172728300094604 3.534002944444446
3.408733906604000 2138480523.123166084289551 3.538426518518520
1.942476930518000 2138657132.097577333450317 3.542852259259261
1.935064246464000 1558380528.968069791793823 3.548000648148149
1.941783219542000 1489617201.739809274673462 3.552603111111112
3.431870109590000 1493065759.491122961044312 3.557202925925927
3.401021838942000 1963070640.804306030273438 3.562673481481483
3.396475920640000 2138440531.439006805419922 3.567094740740742
3.407672936876000 2138378930.534565210342407 3.571518203703705
3.385597703618000 2138010360.651336908340454 3.575933055555557
3.448366019049000 2136382104.788318157196045 3.580366685185187
3.448366019049000 2134114467.662179708480835 3.595459092592594
3.448366019049000 2130994397.692665338516235 3.603266722222223
1.941783219542000 2093143873.383894443511963 3.612122888888890
3.455006312576000 1488757568.788040161132812 3.622026500000001
3.700640293440000 1851397518.966884613037109 3.629451722222224
3.687514445426000 2148178768.357603073120117 3.633921814814816
3.701792477760000 2138295803.988528013229370 3.638357685185187
3.584995284270000 2137640563.347348690032959 3.642792814814817
3.446221273266000 2220723525.289245605468750 3.647311277777780
1.968659111854000 2158543933.672026157379150 3.651827555555557
1.962641050904000 1551792994.903747558593750 3.656969314814817
1.954523173680000 1492399215.348932504653931 3.661576222222224
1.962641050904000 1492572278.606885194778442 3.666176092592594
1.954523173680000 1492640642.948405504226685 3.670770666666668
3.446221273266000 1492515083.111019849777222 3.675372944444446
1.942476930518000 1962537957.078756570816040 3.680845500000002
3.439582177252000 1558912649.377660512924194 3.685991851851854
3.555263192182000 1963060597.853685140609741 3.691462037037039
3.542040969822000 2227010768.275005340576172 3.695933333333335
3.449438591526000 2237543927.885819435119629 3.700370740740743
1.914907327230000 2159498043.052837371826172 3.704875111111113
3.572908429254000 1558882927.426969289779663 3.710013740740743
1.955221165698000 2041747101.026950120925903 3.715542518518520
3.402079226847000 1571146051.771963357925415 3.720729796296298
3.555263192182000 1963487507.578092575073242 3.726197555555558
3.493566650886000 2228226605.064547061920166 3.730714796296298
3.469350275100000 2203819363.619491577148438 3.735204888888891
3.456080484416000 2149195139.674491882324219 3.739690185185187
1.949198303980000 2007118052.718039274215698 3.744131703703706
3.438511605988000 1943718697.769487380981445 3.759787462962965
1.941783219542000 2076734339.730405569076538 3.765883037037039
1.949198303980000 1902939576.630510091781616 3.776421944444447
2.064934117855000 1683342208.990771055221558 3.787307592592595
3.677511291606000 1867914570.869261026382446 3.798082388888891
3.701792477760000 1962715346.015020370483398 3.803551537037039
3.424158041928000 2119443722.274667978286743 3.807984907407409
1.947806599200000 2137691289.172326564788818 3.812404481481483
1.962641050904000 1516199234.157303333282471 3.817554944444447
1.942476930518000 1492531457.726416826248169 3.822157240740743
1.941783219542000 1492418434.269308328628540 3.826762592592595
3.549757834680000 1492388579.146450757980347 3.831369500000002
1.948502192620000 2040519589.658428192138672 3.836900574074076
1.941783219542000 1571855324.131923437118530 3.842087648148150
3.430801938710000 1492428054.003311872482300 3.846684074074076
1.947806599200000 1961407203.886521100997925 3.852150259259261
1.915591436670000 1559249587.644055128097534 3.857303574074076
3.414320420839000 1492911908.842913389205933 3.861906129629631
1.941783219542000 1958582684.894044160842896 3.867377481481483
3.555263192182000 1558846430.985631942749023 3.872527777777779
3.419633711008000 2041456725.093088626861572 3.878033277777779
3.440651553682000 2159290757.146207332611084 3.882533851851854
3.508990786210000 2138354032.571330785751343 3.886967425925928
1.942476930518000 2183556893.184683322906494 3.891462203703706
1.930410722555000 1564516969.725221395492554 3.896626629629631
1.941783219542000 1493027461.648664712905884 3.901228333333335
1.942476930518000 1491684084.736556291580200 3.905830833333335
3.477059942378000 1492658541.096992015838623 3.910436018518520
3.415382604154000 1998048910.737735033035278 3.915935833333335
3.533225138086000 2136863818.997969150543213 3.930251203703705
3.393309771280000 2232715800.135252475738525 3.936248222222224
1.942476930518000 2135763212.503037929534912 3.945163388888890
3.650077077834000 1880536530.282360315322876 3.954855500000002
3.502367276618000 1729371426.099121093750000 3.965128018518520
2.070183026296000 2227368866.251681327819824 3.969629148148150
1.948502192620000 1566213474.559323310852051 3.974814777777779
2.063461652834000 1492257933.747029066085815 3.979419462962964
1.941783219542000 1444100301.983602046966553 3.984024814814816
1.941090024720000 1492569483.702098369598389 3.988630611111113
3.399963269598000 1492817657.130455017089844 3.993238129629631
3.416445974266000 1962210301.929702520370483 3.998693777777779
1.941783219542000 2138465451.809746742248535 4.003124518518519
3.426287996952000 1558105296.134124517440796 4.008267333333334
1.928345273386000 1963174731.694063425064087 4.013719925925927
1.935755557056000 1558841113.277378797531128 4.018858574074075
3.486938345884000 1492960498.876802444458008 4.023458537037039
3.408733906604000 1999355493.026174545288086 4.028947314814816
3.480306050958000 2149073761.121327877044678 4.033418203703706
3.554156615158000 2178619059.808592796325684 4.037903500000002
3.533225138086000 2238309131.980722904205322 4.042387740740743
3.416445974266000 2248450000.417184829711914 4.046826666666669
1.941090024720000 2159268350.929599761962891 4.051339759259261
3.408733906604000 1557997896.420312404632568 4.056480907407409
1.927656875760000 1962702033.226559638977051 4.061938388888890
3.473668555200001 1558881285.263184547424316 4.067081592592594
3.408733906604000 2001925591.305051088333130 4.072574777777779
1.935755557056000 2149088546.822411537170410 4.077064555555557
1.934373450240000 1558666914.106980800628662 4.082203592592594
1.935064246464000 1397434027.874926567077637 4.086836722222224
3.430801938710000 1488554144.632436037063599 4.101446425925928
3.431870109590000 2081253906.333139657974243 4.107536962962965
3.409793692214000 2167444546.744998455047607 4.117412648148150
2.050018905910000 1729028753.014123201370239 4.128164500000002
3.664371049325000 1843692321.188484907150269 4.137874962962965
2.077645014666000 1962156807.849905967712402 4.143325370370373
3.424158041928000 1553910299.828330278396606 4.148470907407409
3.525510672719000 1960471171.275144100189209 4.153926500000002
1.947806599200000 2194147443.100266456604004 4.158442240740742
1.935064246464000 1563743142.312755346298218 4.163661444444446
3.424158041928000 1492057736.543783664703369 4.168258314814817
3.408733906604000 1963131222.791683197021484 4.173728796296298
3.416445974266000 2138415319.788059473037720 4.178167500000002
3.416445974266000 2138007283.400369405746460 4.182596648148150
1.941090024720000 2138384354.948463678359985 4.187032555555557
1.933682654016000 1521420692.885581970214844 4.192172092592594
1.927656875760000 1492194709.905157804489136 4.196778185185186
3.431870109590000 1477251873.574454307556152 4.201381685185186
3.409793692214000 1955735408.060470342636108 4.206859722222223
3.426287996952000 2138432906.158185958862305 4.211284425925927
3.424158041928000 2138742633.106724023818970 4.215705481481482
3.416445974266000 2137897391.690066099166870 4.220130796296297
1.920940301280000 2139005648.349538087844849 4.224566703703704
3.416445974266000 1559376993.318084478378296 4.229707722222223
3.416445974266000 1963059943.259815216064453 4.235171222222223
3.408733906604000 2138816334.206798076629639 4.239602277777778
3.486938345884000 2139625992.957169771194458 4.245029388888890
3.556368534186999 2183462061.267518520355225 4.249508833333334
2.097068520144000 2238542207.671416282653809 4.253988666666667
3.453930940544000 1569745715.936075925827026 4.259182333333334
1.949893379460000 1635391118.101483106613159 4.274641574074075
3.495739780674000 1480387433.507615327835083 4.280751296296297
3.455006312576000 2201867101.793308734893799 4.288911259259260
3.448366019049000 2155412914.121166706085205 4.299175074074075
3.656656583958000 2132947769.955503463745117 4.308039703703704
3.694080410098000 2113716972.013004541397095 4.314208574074074
1.977493910910000 2137837375.154421329498291 4.318630703703704
3.422027690412000 1558494796.689456701278687 4.323777000000001
3.602655326389000 1915224293.490418434143066 4.329240740740741
3.440651553682000 2271905659.684089660644531 4.333776722222223
1.948502192620000 2168028636.064259052276611 4.338303518518519
3.618084257123000 1558894113.246095418930054 4.343451925925927
1.940396829898000 2080656284.998846530914307 4.348991129629630
1.955221165698000 1577494865.348559617996216 4.354206240740742
3.431870109590000 1492816460.964928150177002 4.358811074074075
3.490306551674999 1962051243.247645378112793 4.364268703703705
1.955919677442000 2183542592.447200775146484 4.368750240740742
1.954523173680000 1562108259.479410171508789 4.373928129629631
1.941783219542000 1492965734.569689989089966 4.378529462962964
3.431870109590000 1492865008.494842767715454 4.383129203703705
1.954523173680000 1952197703.268842220306396 4.388592685185186
1.935064246464000 1559327179.170230150222778 4.393746277777779
1.947806599200000 1492734624.434389114379883 4.398350444444445
1.954523173680000 1489284826.295990943908691 4.402953314814816
3.416445974266000 1492876763.898573398590088 4.407547777777779
3.478142515562000 1962582404.561028003692627 4.413017629629631
3.415382604154000 2183572256.287138938903809 4.417514611111113
3.408733906604000 2148994107.143593311309814 4.422005296296298
3.564082999554000 2138701405.857740402221680 4.426431222222224
1.949198303980000 2224155983.588433265686035 4.430953777777780
3.435072237920000 2010842004.727386713027954 4.445980481481484
3.423092271432000 1950197268.462134361267090 4.453081351851854
1.929034183594000 1728223420.424114942550659 4.463827907407410
3.677511291606000 1820673433.309775114059448 4.473391888888892
3.518890375248000 1728324825.484644651412964 4.483674333333336
2.076162681102000 2225851631.803295135498047 4.488175148148151
3.803231425931000 1567763427.210292339324951 4.493368444444447
1.947806599200000 1993997019.423978567123413 4.498898074074076
3.547551124520000 1570409156.487448215484619 4.504096574074076
1.961940138776000 2037855273.823480129241943 4.509625277777779
1.950589231850000 1571805619.155628919601440 4.514817833333335
1.961940138776000 1492835872.397927999496460 4.519422425925927
1.955919677442000 1490920986.909573554992676 4.524027148148149
3.432937088315000 1493032675.798205852508545 4.528634703703704
3.431870109590000 1956480655.098301887512207 4.534123277777779
1.949198303980000 2138487084.376491546630859 4.538546574074075
1.954523173680000 1558571496.493521928787231 4.543687851851852
1.947111005780000 1492373006.253548622131348 4.548286722222223
3.402079226847000 1493318944.766903638839722 4.552887425925927
1.947806599200000 1963017967.599411010742188 4.558357148148149
3.432937088315000 1559209415.525969028472900 4.563500740740741
3.548654068820000 1962796676.958076000213623 4.568970962962963
3.442791501376000 2228186743.056951999664307 4.573483203703703
3.578399395168000 2154693183.644703865051270 4.577976481481481
1.941783219542000 2228097162.531945228576660 4.582483629629629
3.502367276618000 1571977135.972166776657104 4.587678592592592
3.409793692214000 2001601991.392220497131348 4.593168888888888
3.449438591526000 1999704066.230993986129761 4.597671648148148
1.957315401615000 2134232343.659527063369751 4.612735222222222
1.920940301280000 1592336048.679949045181274 4.619527888888888
3.495739780674000 1853491425.547236204147339 4.630200203703703
3.664371049325000 1764704178.669664144515991 4.640447129629629
3.456080484416000 2204892744.069750785827637 4.649571722222221
3.709504545422000 2137398604.503116130828857 4.653993351851851
3.409793692214000 2138308880.534426212310791 4.658431481481481
3.620334560864001 2125265439.168355464935303 4.662845759259258
3.440651553682000 2086737012.214218616485596 4.667280481481480
3.586111462830000 2137911149.314436674118042 4.671696962962962
3.463794949783000 2226716405.364758014678955 4.676191314814814
3.456080484416000 2159246699.622461795806885 4.680694166666665
1.948502192620000 2138364963.136518716812134 4.685112370370369
3.424158041928000 1558271099.633707523345947 4.690253981481480
3.516702853872000 1963155402.315979957580566 4.695721629629628
3.432937088315000 2182357196.392538070678711 4.700218481481480
3.564082999554000 2149019773.917929649353027 4.704700629629628
1.941090024720000 2227946407.322465896606445 4.709198203703703
1.947806599200000 1571802264.646666526794434 4.714385833333332
1.941783219542000 1492884909.600859642028809 4.718987851851851
3.431870109590000 1492838976.159228324890137 4.723587814814814
3.555263192182000 1962694732.567386865615845 4.729059944444444
1.947806599200000 2227942837.936984539031982 4.733577962962962
1.963340920008000 1567660844.193181037902832 4.738763277777777
1.941090024720000 1492935200.668896436691284 4.743370092592592
1.942476930518000 1492334173.542331933975220 4.747939796296295
1.935064246464000 1493396477.277757406234741 4.752541666666666
3.424158041928000 1493065025.371927022933960 4.757143574074073
2.067879870350000 1962881812.950614213943481 4.762614499999999
1.947806599200000 1557477322.994925498962402 4.767763703703703
3.409793692214000 1932944700.850052833557129 4.783769240740740
3.456080484416000 2023394117.700749397277832 4.789855925925925
1.947111005780000 1770809342.684935331344604 4.798716888888888
3.423092271432000 1819733873.361149549484253 4.808263722222221
2.096319600336000 2106387235.423069953918457 4.818138851851851
3.616959733478000 1681730055.112201213836670 4.825023796296295
2.083625773220000 2000598082.782495975494385 4.830512074074073
3.394364761480000 1556992889.038250446319580 4.835691870370369
3.393309771280000 1957773380.257312774658203 4.841148555555555
3.378935830746000 2086843079.135607719421387 4.845578129629629
3.425222622948000 2136775989.400696516036987 4.850008888888889
1.948502192620000 2138386863.236037731170654 4.854439203703703
1.920940301280000 1558677192.868929386138916 4.859590370370370
1.928345273386000 1492047151.008049011230469 4.864189462962963
1.941783219542000 1493135038.964384555816650 4.868790055555555
1.941090024720000 1492927213.204420804977417 4.873394574074074
1.934373450240000 1492920738.327904462814331 4.877999574074074
3.394364761480000 1492825153.868462800979614 4.882597055555555
3.431870109590000 1961929617.578016757965088 4.888071907407407
3.386650296113000 2177199483.176489353179932 4.892572333333333
1.942476930518000 2147247535.217082500457764 4.897057740740740
3.512264872480000 1549684732.551487445831299 4.902237000000000
1.928345273386000 2040976692.138637542724609 4.907747777777777
1.933682654016000 1571035960.902287721633911 4.912937055555554
3.464872321242000 1493036575.392684936523438 4.917533851851851
3.448366019049000 2002321548.668545007705688 4.923035351851851
3.448366019049000 2193684081.038335323333740 4.927461240740740
3.424158041928000 2148680909.666133403778076 4.931939074074074
3.517796207352000 2138604170.594667911529541 4.936358907407407
3.408733906604000 2228273373.737705707550049 4.940871925925926
3.493566650886000 2158448278.411144256591797 4.945381111111111
1.954523173680000 2166074735.265679359436035 4.959687907407407
1.941090024720000 1481276701.326813220977783 4.965830444444443
3.501278718548000 1780250295.024553775787354 4.974586777777777
3.376834267764000 1956925474.426419258117676 4.984672055555555
3.695228910793000 2148879692.779571533203125 4.993583499999999
3.696378266982000 2112146544.226582050323486 4.999758351851851
1.928345273386000 2136596213.563057184219360 5.004195240740740
3.524414921534000 1553965350.779229164123535 5.009335648148147
2.037302393022000 2001159460.387341737747192 5.014837537037035
3.570687327506000 1515943719.176095008850098 5.020008037037035
3.494652811251000 2040977141.074620962142944 5.025529018518517
1.948502192620000 2203658546.241880893707275 5.030019296296295
1.961940138776000 1565584654.075432777404785 5.035188481481480
3.554156615158000 1492955949.208339929580688 5.039795537037036
3.447294244914000 2041534722.338624477386475 5.045319518518517
3.448366019049000 2158934203.232972145080566 5.049829759259258
1.947806599200000 2138480691.758386373519897 5.054256481481480
1.943169609186000 1558997431.636198759078979 5.059404592592591
3.425222622948000 1492317925.564663171768188 5.064006648148147
3.547551124520000 1963155965.538836717605591 5.069477111111110
3.554156615158000 2238040173.820503711700439 5.076994444444443
1.947806599200000 2248595463.130115032196045 5.081436240740739
3.437206990140000 1571547650.906132459640503 5.086626185185184
3.514514925288000 1962150606.414152383804321 5.092086333333332
1.941783219542000 2227977377.310048580169678 5.096601629629628
3.508990786210000 1571802071.699500083923340 5.101791499999998
3.416445974266000 2002216286.579212903976440 5.107297055555554
1.947806599200000 2149008559.501542091369629 5.111781999999998
1.961940138776000 1558394018.214831113815308 5.116922296296294
3.404195184096000 1490156384.124483585357666 5.121530370370368
3.432937088315000 1656362538.720094919204712 5.136984351851850
3.456080484416000 2131505495.090926647186279 5.142893666666665
1.943863062085000 2198230886.847014427185059 5.151916685185183
2.056740279372000 1633422947.024532318115234 5.161643759259257
2.082138088800000 1660580645.813228368759155 5.172639370370368
3.692930626162000 1492421165.620741128921509 5.177245722222220
3.717216613084000 1962987638.348889589309692 5.182713648148146
3.448366019049000 2084174000.868084430694580 5.187150833333330
1.955919677442000 2130153528.901407003402710 5.191569111111108
3.432937088315000 1558067001.301624536514282 5.196719370370367
1.955221165698000 1962905472.670485734939575 5.202192018518515
1.954523173680000 1558140008.644287586212158 5.207333499999996
3.425222622948000 1491995570.472496271133423 5.211940629629626
3.440651553682000 1963397690.797047615051270 5.217409888888885
1.968659111854000 2138642320.436441421508789 5.221836259259256
3.562975259844000 1555354813.639454841613770 5.226983092592589
1.947806599200000 2040348578.591664791107178 5.232493407407405
1.942476930518000 1571559740.759753704071045 5.237688074074071
3.441721726668000 1493018077.791234254837036 5.242290611111108
3.431870109590000 1990751652.924537420272827 5.248752222222219
3.439582177252000 2138903556.616815328598022 5.253172777777775
3.432937088315000 2138516684.346366405487061 5.257606962962960
3.463794949783000 2138719600.063748121261597 5.262022481481479
3.524414921534000 2138444250.463604927062988 5.266456333333331
1.947806599200000 2226899964.297878742218018 5.270968981481479
1.928345273386000 1563855864.038744688034058 5.276188333333331
3.436139614030000 1493084995.167525768280029 5.280786851851849
1.947806599200000 1963576088.281916618347168 5.286254185185183
3.494652811251000 1556423056.610416650772095 5.291408648148146
3.587226395655000 1672608238.776870727539062 5.306909870370369
1.949198303980000 2286181764.132101058959961 5.312890148148147
1.942476930518000 1638847546.318866491317749 5.322728351851850
3.612615297408000 1487716415.130233526229858 5.332073388888888
2.068704939840000 1728437820.251111268997192 5.342369851851851
2.075421514320000 1558268117.793088436126709 5.347516981481481
2.095571237760000 1486410186.653359174728394 5.352118500000000
3.424158041928000 1492499252.495699882507324 5.356726425925926
3.430801938710000 1936173319.057235240936279 5.362191833333333
3.415382604154000 2137941821.458969593048096 5.366630277777777
3.492479276934000 2138312585.833371639251709 5.371066629629629
3.485854583224000 2183282451.952857494354248 5.375551037037036
3.555263192182000 2192641400.080987930297852 5.379941259259258
1.941783219542000 2238444892.157468318939209 5.384435981481480
3.434004861810000 1571462832.594136238098145 5.389625962962961
1.941090024720000 1962235148.086725473403931 5.395086351851850
3.524414921534000 1557935649.350649356842041 5.400219685185183
3.462718380238000 2042340472.757753610610962 5.405742833333331
3.493566650886000 2185778368.684682369232178 5.410234777777776
1.941783219542000 2193085193.382601261138916 5.414677611111109
3.417508157581000 1565192021.396577835083008 5.419849777777776
3.463794949783000 1962638996.486344337463379 5.425304685185183
1.935755557056000 2183411658.549850463867188 5.429799240740738
3.550861189760000 1565553912.454728126525879 5.434968629629627
1.929034183594000 2041438482.951290845870972 5.440496907407405
1.934373450240000 1571937786.490821599960327 5.445692277777775
1.928345273386000 1492928719.823490381240845 5.450291759259256
1.927656875760000 1492796086.956521749496460 5.454891759259256
3.442791501376000 1492882704.177295684814453 5.459494240740738
3.416445974266000 1896576082.914725780487061 5.464972425925923
3.548654068820000 1631036818.421710491180420 5.480972870370368
3.402079226847000 1911011881.329001426696777 5.488000703703701
3.486938345884000 2172033011.818276405334473 5.497801907407405
3.751562039616000 1885964905.121403932571411 5.508420740740738
3.724928680745999 2175073622.391603469848633 5.517312962962960
3.417508157581000 2192797467.084639549255371 5.521743518518516
2.089600627258000 2148378056.170464992523193 5.526235796296294
3.556368534186999 1512509243.552514314651489 5.531388537037034
3.532126989196000 2039851038.597599029541016 5.536900777777775
1.949893379460000 2203701507.346557617187500 5.541380074074072
1.955919677442000 1565376854.663153171539307 5.546552222222219
1.947806599200000 1492931149.441947937011719 5.551151555555553
3.423092271432000 1493067444.996880054473877 5.555751462962960
1.935064246464000 1962585472.667893171310425 5.561206314814812
3.411914447552000 1558872409.366020679473877 5.566355740740738
3.612615297408000 1962898117.753758192062378 5.571827925925923
1.943169609186000 2272231483.068485260009766 5.576365814814812
3.427352974464001 1577700258.728080034255981 5.581583648148145
3.540939603453000 1963203562.764026165008545 5.587041333333330
3.524414921534000 2228003036.769534111022949 5.591553925925923
1.942476930518000 2247808000.067525386810303 5.595941851851848
1.949198303980000 1569066915.612928867340088 5.601129148148145
1.935064246464000 1492840320.926584959030151 5.605733870370367
3.464872321242000 1492928670.529994487762451 5.610338740740737
3.417508157581000 2001914967.672740697860718 5.615829462962959
3.425222622948000 2148503221.498089313507080 5.620321851851848
3.431870109590000 2138843395.118678092956543 5.624737777777774
1.935064246464000 2138789053.286607027053833 5.629165962962960
1.941783219542000 1556969352.199787855148315 5.634315870370367
3.510081741985000 1492774471.892422676086426 5.652571129629626
3.434004861810000 2125670718.713676929473877 5.658689055555552
3.409793692214000 2130505366.237430810928345 5.668481074074070
2.069443708024000 2126179287.972394943237305 5.677443481481478
1.921626300308000 1478429902.795871257781982 5.687422481481478
3.679799980059000 1491531297.102410316467285 5.692029759259256
3.656656583958000 1957995312.589963436126709 5.697497518518515
3.548654068820000 2135345448.623458862304688 5.701932277777774
3.533225138086000 2202992148.899612903594971 5.706437425925922
3.441721726668000 2235367377.392482280731201 5.710867777777774
3.424158041928000 2158921066.760659217834473 5.715386129629626
3.440651553682000 2138313770.829668045043945 5.719806907407404
3.432937088315000 2137598687.188773393630981 5.724224907407404
3.493566650886000 2132168913.245976209640503 5.728658259259256
1.930410722555000 2183136254.022600650787354 5.733158296296293
1.935755557056000 1565439282.453407764434814 5.738330240740737
1.943169609186000 1492877983.220328569412231 5.742932370370367
3.539839056858000 1493081075.858403921127319 5.747532314814811
1.941783219542000 2041346962.232065439224243 5.753042574074071
1.941783219542000 1571416149.511123180389404 5.758237777777774
3.430801938710000 1492315589.689975500106812 5.762843148148145
1.943169609186000 1961967109.969048976898193 5.768305796296293
3.417508157581000 1559004157.884514331817627 5.773454425925922
1.949893379460000 1963433287.697229146957397 5.778919018518515
1.908188354152000 1557934639.676113367080688 5.784064851851848
1.928345273386000 1493186594.939102649688721 5.788667314814812
3.423092271432000 1493122644.130306005477905 5.793266740740738
3.523317946046000 1962353409.683514833450317 5.798735370370368
3.637831238456000 2228118428.824571609497070 5.803250037037035
3.424158041928000 2157246235.927680015563965 5.807696314814812
3.556368534186999 1652464351.051936149597168 5.823730240740739
3.426287996952000 2286095924.764890670776367 5.829755796296294
3.580625294112000 2133393373.045420646667480 5.838709129629628
3.750396320988000 1887425634.152946710586548 5.849376611111109
2.061988365360000 1729711301.365809440612793 5.860327925925923
3.663232139450000 1565259100.964326381683350 5.865501370370367
1.956617149734000 1956623157.666111469268799 5.870958166666663
3.478142515562000 1543957517.281105995178223 5.876101870370367
1.929034183594000 2001176844.890799522399902 5.881602296296293
3.432937088315000 1564093409.507971286773682 5.886769111111108
1.955919677442000 1962675796.022935390472412 5.892233777777775
3.571797464921000 1558436370.578213453292847 5.897375092592590
3.564082999554000 2041586338.638488769531250 5.902900814814812
3.446221273266000 2248432162.566059112548828 5.907337074074071
1.941783219542000 2147532155.152251243591309 5.911850203703701
3.425222622948000 1557448110.844849586486816 5.916989185185183
3.626926483260000 1962620828.285426139831543 5.922461444444442
1.942476930518000 2272306999.406309604644775 5.926984314814812
3.493566650886000 1577551910.627856254577637 5.932199296296294
1.941090024720000 2002068340.956004381179810 5.937689740740739
3.553051273153000 1565381974.248927116394043 5.942854574074072
3.432937088315000 2041960585.842584848403931 5.948372425925924
3.431870109590000 2159603384.674989700317383 5.952865444444442
3.409793692214000 2138831114.506493568420410 5.957301388888887
1.942476930518000 2138592391.304347991943359 5.961717388888887
1.940396829898000 1558877543.448896884918213 5.966858592592590
3.430801938710000 1492886805.510847806930542 5.971460962962960
3.492479276934000 1962576406.617144107818604 5.976930481481479
1.942476930518000 2166222720.598120212554932 5.991256851851849
3.472589186100000 1476753742.736285686492920 5.997394666666664
1.935064246464000 1880908304.030294895172119 6.008485666666664
2.068704939840000 1488703809.591346979141235 6.018408962962961
3.702943376160000 1676923224.116355180740356 6.029344833333331
2.089600627258000 1962509477.061146497726440 6.034817111111109
3.494652811251000 1554174083.995851993560791 6.039960222222220
3.516702853872000 2002050382.111519813537598 6.045455999999998
1.949198303980000 2130622048.721894979476929 6.049896166666665
1.922312810132000 1557468468.372157573699951 6.055092888888887
3.431870109590000 1492385354.160969018936157 6.059697407407405
1.941090024720000 1962242700.186723709106445 6.065171925925924
3.425222622948000 1558657376.340989351272583 6.070315999999998
3.435072237920000 1962371820.000609397888184 6.075786388888887
3.571797464921000 2137438195.586651563644409 6.080222425925924
3.448366019049000 2228133680.819190979003906 6.084734555555554
3.503456645532000 2159525890.141054153442383 6.089227185185183
3.494652811251000 2183155757.232927799224854 6.093712203703701
1.960539357544000 2187509647.082447528839111 6.098138796296293
3.479223880517000 1565283732.335290670394897 6.103304462962960
3.610369791756000 2001423832.725412845611572 6.108807944444441
3.440651553682000 2283084898.227182865142822 6.113320537037034
3.486938345884000 2169854876.414045333862305 6.117851796296294
1.947806599200000 2183191649.866146564483643 6.122334314814812
3.439582177252000 1565142847.939527988433838 6.127508425925923
3.514514925288000 1961414601.405428409576416 6.132971370370367
3.470430447900000 2227913767.616044044494629 6.137481148148145
3.439582177252000 2203885481.669065475463867 6.141971129629626
3.461640607822000 2148889690.794010162353516 6.146456333333330
1.954523173680000 1957292584.045406341552734 6.150909944444440
3.425222622948000 1487232533.013644933700562 6.166079037037033
1.955221165698000 1928500687.799853563308716 6.177010296296293
3.415382604154000 1632849276.764660120010376 6.186732555555552
2.082881654180000 1885317550.542261123657227 6.196786481481478
3.409793692214000 1480385584.788856983184814 6.206753833333330
3.686368342436000 1961611186.889285326004028 6.212225185185182
3.731478962552000 2138729098.751191139221191 6.216656074074071
3.448366019049000 2173872320.623324394226074 6.221152870370367
3.447294244914000 2100176830.247409343719482 6.225650592592589
3.485854583224000 2137771609.229094266891479 6.230072999999996
3.485854583224000 2138248751.014669895172119 6.234498814814811
3.501278718548000 2183306499.864019393920898 6.238992925925922
1.955221165698000 2193572864.132951259613037 6.243432314814811
3.434004861810000 1554389038.154753923416138 6.249607944444441
1.949893379460000 1963428286.104067802429199 6.255078370370367
1.960539357544000 1556454556.262045860290527 6.260218833333330
3.571797464921000 1493277140.718924283981323 6.264821388888885
3.434004861810000 2041961415.394935607910156 6.270342685185182
3.434004861810000 2159310389.514521598815918 6.274858277777774
3.415382604154000 2138529159.100870370864868 6.279294666666663
1.941783219542000 2138452355.977181911468506 6.283725870370367
1.947111005780000 1558728127.215347051620483 6.288871999999997
3.446221273266000 1492947908.121411085128784 6.293477111111108
3.439582177252000 1962563881.951169729232788 6.298926833333330
3.455006312576000 2138391618.895035743713379 6.303365388888886
3.414320420839000 2138373443.774468421936035 6.307778666666664
1.942476930518000 2137852423.339919328689575 6.312212018518516
1.955221165698000 1559063045.230760335922241 6.317357648148146
1.942476930518000 1492986977.856317758560181 6.321958074074072
1.949893379460000 1403354595.506972789764404 6.326566037037034
1.949198303980000 1486297201.191234588623047 6.341564481481479
3.441721726668000 1482018157.306920051574707 6.348130555555553
3.448366019049000 2142633366.781327962875366 6.358133185185182
3.670944207112000 2198715935.221076011657715 6.367153037037034
3.669801624328000 2156033464.050142765045166 6.376182074074071
3.425222622948000 2136433391.100996017456055 6.380616611111108
2.091838796915000 2131548340.886815309524536 6.385037759259256
3.418571132094000 1529683583.892328023910522 6.390189203703700
1.949198303980000 1962716471.854293346405029 6.395661388888886
3.440651553682000 1557862960.359093666076660 6.400797777777774
1.948502192620000 1962960160.818713665008545 6.406269777777775
1.949198303980000 1558731509.829487562179565 6.411411148148145
1.927656875760000 1491787634.311349153518677 6.416017981481478
3.416445974266000 1493121206.750715017318726 6.420615574074070
1.941090024720000 1954231101.883154630661011 6.426109703703699
1.949893379460000 1559096471.655198097229004 6.431255333333329
3.439582177252000 1480135464.408658742904663 6.435865537037033
3.417508157581000 1957235202.634708642959595 6.441331037037033
3.448366019049000 2138263472.753705501556396 6.445763851851848
3.444931050792000 2183341532.148419380187988 6.450258629629626
3.424158041928000 2148899439.196801185607910 6.454746240740737
3.448366019049000 2138634221.658737421035767 6.459171962962959
1.961940138776000 2138729390.351829051971436 6.463608037037033
1.935755557056000 1558192686.847907066345215 6.468757055555551
3.609247665816000 1493142106.869248390197754 6.473369129629625
3.431870109590000 2081846100.991637945175171 6.478921111111107
1.920940301280000 2169510445.784905433654785 6.483452444444440
1.929034183594000 1557362114.195031881332397 6.488598611111107
3.570687327506000 1397531938.907833337783813 6.493225499999996
3.459487067775000 1682736171.658471345901489 6.508760222222218
3.446221273266000 2079202471.994996547698975 6.514741296296292
3.510081741985000 1727812804.337536096572876 6.525500092592589
3.631253287938000 2178410321.538079261779785 6.534438611111107
2.084368784940000 1877033130.234125852584839 6.545152222222218
1.949893379460000 1558180290.677575588226318 6.550294740740736
2.069443708024000 1492703233.906926631927490 6.554896444444440
1.927656875760000 1487278977.416746139526367 6.559499166666662
3.410854267236000 1486964551.630270719528198 6.564097925925921
1.948502192620000 1962943302.214429140090942 6.569568777777773
3.555263192182000 1558671642.112982988357544 6.574719999999996
3.416445974266000 2040960138.218759298324585 6.580250685185181
3.524414921534000 2159051702.561535835266113 6.584764037037033
3.438511605988000 2227856454.270466804504395 6.589282148148144
1.949893379460000 2159084130.536359786987305 6.593800259259256
3.494652811251000 1558519733.004990100860596 6.598943925925923
3.494652811251000 2001126651.178897142410278 6.604452055555552
1.935755557056000 2180865425.793389797210693 6.608897351851849
3.423092271432000 1565492993.138107538223267 6.614070851851849
1.953825181662000 1963140473.877173900604248 6.619541092592589
3.533225138086000 1554902341.852103710174561 6.624686592592590
3.417508157581000 2041008276.314995765686035 6.630213296296294
3.501278718548000 2159225348.467482566833496 6.634721129629627
3.417508157581000 2183393284.331346035003662 6.639203185185182
3.439582177252000 2149056842.661296367645264 6.643690555555552
1.941783219542000 2138009389.632142066955566 6.648124129629626
1.927656875760000 1559172963.515002250671387 6.653267796296293
3.586111462830000 1493005032.773420572280884 6.657867277777775
3.388756657184000 1963381733.274311780929565 6.663347592592589
3.501278718548000 2176896314.709077358245850 6.677718537037034
1.935064246464000 2182354262.021264553070068 6.683694444444441
3.431870109590000 1848623911.729083061218262 6.693281092592589
3.694080410098000 2102831305.147672414779663 6.703266907407404
2.084368784940000 1737256887.557531595230103 6.714122499999997
3.678656274774000 1564666251.436303377151489 6.719295888888886
1.954523173680000 1957857512.374477863311768 6.724765629629626
1.962641050904000 1558786258.800505161285400 6.729913166666663
3.539839056858000 1451176211.577632188796997 6.734522629629627
3.424158041928000 2041191279.642447948455811 6.740049925925923
1.941090024720000 2159139667.325887680053711 6.744563296296294
3.609247665816000 1558903741.584671020507812 6.749712629629627
1.943169609186000 2076231408.651233196258545 6.755266537037035
3.488022915816000 1577048045.550508499145508 6.760476870370368
3.470430447900000 2001329387.428671836853027 6.765964666666664
3.548654068820000 2193520885.228254318237305 6.770402944444442
3.432937088315000 2238221058.232045650482178 6.774892962962961
3.416445974266000 2159434310.193429946899414 6.779406037037035
1.942476930518000 2138663021.868787288665771 6.783839888888887
3.556368534186999 1558868115.289754629135132 6.788983129629628
1.927656875760000 2042310073.621112823486328 6.794506907407405
3.423092271432000 1564299892.867531776428223 6.799727166666664
3.471509415150000 1962438430.063310623168945 6.805185277777776
1.943169609186000 2183261222.447789669036865 6.809664148148146
1.913540126370000 1565790876.132064580917358 6.814833333333331
3.485854583224000 1493002185.963937759399414 6.819433388888887
1.915591436670000 2001726862.378408908843994 6.824939092592590
3.395420537520000 1565848296.647112607955933 6.830100481481479
1.948502192620000 1884924508.769149303436279 6.835592166666665
3.478142515562000 1971838201.336844205856323 6.850677444444442
3.456080484416000 2070944044.532284021377563 6.856805333333331
1.941090024720000 1736819765.929779052734375 6.865705796296294
3.489107082112000 1487637626.331168889999390 6.875598592592590
2.054537819892000 1719875307.344865322113037 6.885856703703701
3.450510764832000 1473820063.997910261154175 6.892946055555553
3.686368342436000 2000711367.250407695770264 6.898431111111109
1.935064246464000 2148459044.495788574218750 6.902903444444442
1.933682654016000 1552857041.159720420837402 6.908054111111109
1.941090024720000 1428663187.458916902542114 6.912702537037035
3.533225138086000 1491876926.792938947677612 6.917302629629627
3.475978577423000 2042116919.301139593124390 6.922825907407405
3.416445974266000 2203358619.038972854614258 6.927313388888886
3.593823530492000 2148806997.369161128997803 6.931790203703701
3.618084257123000 2272032565.602786540985107 6.936325777777776
3.453930940544000 2303845059.513591766357422 6.940748981481479
1.955919677442000 2169806744.842864036560059 6.945279740740738
3.423092271432000 1558814556.971157312393188 6.950413592592590
3.538737280602000 1961913842.268209218978882 6.955868703703701
3.493566650886000 2227360076.008094310760498 6.960371148148146
3.560758542726000 2204250756.961564540863037 6.964848111111109
1.955919677442000 2238532266.438124656677246 6.969342518518516
3.438511605988000 1572080062.223046779632568 6.974532925925923
3.417508157581000 1961261053.927435874938965 6.979948296296294
1.949198303980000 2138629131.889623641967773 6.984370203703701
1.941090024720000 1558977268.797371864318848 6.989510796296294
1.941783219542000 1492786414.329165220260620 6.994113685185183
3.426287996952000 1492824629.027585506439209 6.998716203703701
3.424158041928000 1960972718.013960599899292 7.004189222222220
3.625798722490000 2138841669.532540798187256 7.008604740740738
1.949198303980000 2056871431.848993539810181 7.013044092592590
1.955221165698000 1489716456.867215156555176 7.028177592592590
3.485854583224000 1483523805.763248205184937 7.034743462962961
1.941090024720000 1919653179.190751552581787 7.044822314814813
3.694080410098000 1488636823.145123720169067 7.054743611111109
3.826374822032000 2094873233.615210294723511 7.064690166666665
3.401021838942000 2227442521.967569828033447 7.069187537037036
3.745733012478000 2159146172.955469608306885 7.073682592592591
3.456080484416000 2018458851.764509677886963 7.078119351851850
3.447294244914000 2128675967.773629426956177 7.082548666666665
3.439582177252000 2138272131.847344398498535 7.086973537037036
3.457155456384000 2138232617.756089210510254 7.091394555555555
1.967956322640000 2138507155.036945581436157 7.095825518518518
3.517796207352000 1557822142.502106904983521 7.100966962962962
3.432937088315000 2001489367.565024614334106 7.106477703703703
3.500188944212000 2148779695.431472301483154 7.110964925925925
1.954523173680000 2183239249.539309978485107 7.115456981481481
3.455006312576000 1564323207.280153274536133 7.120625777777777
1.948502192620000 1956420567.592309951782227 7.126087444444443
3.453930940544000 1559186922.238881587982178 7.131237833333332
3.545344003580000 1962476282.042601823806763 7.136707981481480
3.508990786210000 2228204441.236064910888672 7.141222907407405
3.525510672719000 2204181960.084736347198486 7.145707407407405
1.949893379460000 2193765271.110740184783936 7.150143888888887
1.961239748160000 1565773300.235339641571045 7.155313722222220
1.949198303980000 1492917989.247658014297485 7.159915648148147
1.954523173680000 1492430109.171096563339233 7.164517666666665
3.486938345884000 1485000000.000000000000000 7.169143111111110
1.940396829898000 2002070571.696660041809082 7.174649462962962
3.493566650886000 1466785729.601463794708252 7.179831388888887
3.619209618402000 2132005567.982530355453491 7.195163759259258
1.955221165698000 2220705055.815761566162109 7.201165648148147
3.409793692214000 1486815361.561558246612549 7.211138592592592
3.726086772261000 2107474137.349162578582764 7.221015555555555
3.618084257123000 2160664430.149130821228027 7.230051870370370
3.694080410098000 2148150931.116722106933594 7.234547666666666
3.447294244914000 2138206793.498677015304565 7.238984370370369
3.508990786210000 2128178177.175899028778076 7.243423148148147
3.418571132094000 2032350516.397898435592651 7.247920111111110
3.425222622948000 2144529897.115870952606201 7.253409925925925
1.969362424366000 2137360648.894158124923706 7.257845962962961
1.947806599200000 1559163605.901978731155396 7.262996777777777
1.955221165698000 1491963155.036108732223511 7.267599648148147
3.571797464921000 1492250771.456123590469360 7.272208537037036
1.956617149734000 2042153989.017546653747559 7.277732499999999
3.625798722490000 1571353988.110954761505127 7.282922462962962
3.508990786210000 2080917350.372793912887573 7.288463703703703
1.948502192620000 2209137144.855679035186768 7.292964351851851
3.438511605988000 1565245569.602114915847778 7.298133814814814
3.510081741985000 1962911410.953049659729004 7.303593481481481
3.501278718548000 2182875695.320032596588135 7.308087814814814
3.556368534186999 2193637726.686774730682373 7.312526759259259
1.950589231850000 2238564697.126317977905273 7.317005462962963
3.493566650886000 1571902944.765139579772949 7.322196092592593
3.432937088315000 2002280699.510208129882812 7.327697296296297
3.445149499131000 2148557955.723305702209473 7.332181722222223
3.439582177252000 2138845684.197329759597778 7.336613111111111
1.948502192620000 2183499325.553479194641113 7.341102388888889
1.955221165698000 1564719172.052476882934570 7.346277166666667
1.941090024720000 1904522513.242604494094849 7.363320222222223
1.947806599200000 1482637853.865319967269897 7.369890518518519
3.491393116569000 1487537745.770869255065918 7.379240351851852
2.084368784940000 2157958550.480540275573730 7.389157814814815
3.425222622948000 1839039742.649740219116211 7.398806000000000
2.081394523420000 1961527835.302716493606567 7.404278666666666
2.083625773220000 1558657462.020946025848389 7.409427703703703
3.495739780674000 1477227371.358850955963135 7.417031759259259
3.496826345568000 1905919299.696441173553467 7.422540481481481
3.440651553682000 2188300288.401253700256348 7.426971037037037
1.947111005780000 2137779630.464173316955566 7.431409037037037
1.949893379460000 1557497646.601606369018555 7.436555259259259
1.934373450240000 1492994915.772368192672729 7.441159185185184
3.432937088315000 1493036610.537751197814941 7.445761685185184
3.440651553682000 1963226844.655755758285522 7.451230185185184
1.942476930518000 2138793025.190064191818237 7.455660944444443
1.943863062085000 1543800707.648936986923218 7.460811018518518
1.936445838912000 1492873614.297790050506592 7.465411574074073
1.943863062085000 1492779502.580494642257690 7.470011611111111
3.432937088315000 1492907269.482834339141846 7.474608962962963
3.423092271432000 1962289540.474875450134277 7.480073944444444
1.941783219542000 2138761303.010649204254150 7.484499592592592
3.426287996952000 1559283801.320741891860962 7.489651018518519
3.430801938710000 1963280306.160463094711304 7.495118981481482
3.538737280602000 2136944808.130190372467041 7.499543277777778
3.464872321242000 2227438001.279338836669922 7.504059500000000
1.920940301280000 2204256321.526559352874756 7.508554722222223
3.432937088315000 1565456535.608042716979980 7.513721574074075
1.947806599200000 1945427553.914576053619385 7.519238703703705
3.555263192182000 1551656938.478405475616455 7.524390462962964
3.402079226847000 2143776527.592598438262939 7.539765962962965
3.561866282436000 2137989489.489489555358887 7.545759962962965
1.942476930518000 2178524312.782454013824463 7.554692925925928
3.702943376160000 1654187546.078375816345215 7.564489037037039
3.485854583224000 1909778029.928259611129761 7.574558796296299
3.702943376160000 2182101627.630012035369873 7.579037018518521
1.961940138776000 2148818409.958671092987061 7.583508833333336
3.562975259844000 1492327717.133364915847778 7.588659277777780
3.455006312576000 2040580906.224688768386841 7.594192203703706
1.961940138776000 2158423718.380144119262695 7.598704722222225
3.556368534186999 1558474557.231377363204956 7.603848074074077
3.502367276618000 2041270002.245466470718384 7.609373611111113
3.502367276618000 2203789064.923141956329346 7.613851555555557
1.948502192620000 2193201916.329735755920410 7.618285185185187
1.947111005780000 1564272493.960270404815674 7.623451592592595
3.533225138086000 1492206403.373924493789673 7.628053333333336
3.500188944212000 2002039566.616129875183105 7.633562092592594
3.491393116569000 2193609287.483449459075928 7.637995777777780
1.937136892320000 2193702940.967862129211426 7.642434351851854
3.556368534186999 1565679681.343401193618774 7.647604203703706
3.501278718548000 2037921958.195967435836792 7.653120240740742
1.955919677442000 2204102171.895303726196289 7.657609407407409
1.954523173680000 1565581837.449252128601074 7.662782037037038
1.947806599200000 1492857181.877703905105591 7.667392277777779
1.949198303980000 1492657433.123812198638916 7.671952944444445
3.447294244914000 1493163382.528276443481445 7.676550425925927
1.961940138776000 1963144490.707829952239990 7.682020981481482
3.478142515562000 1447498044.202109813690186 7.687176592592594
1.933682654016000 2070508394.329406023025513 7.703510370370371
3.492479276934000 1475081158.212115764617920 7.709597018518520
1.934373450240000 1944091702.404999017715454 7.720763574074075
2.070183026296000 1637428785.777186632156372 7.730563166666668
3.656656583958000 1681173982.328466653823853 7.741614629629631
3.673227672408000 1955470612.766621351242065 7.747076500000001
3.455006312576000 2137963717.169687986373901 7.751501611111112
3.547551124520000 2172526460.469786643981934 7.756001685185186
3.439582177252000 2066235747.639520406723022 7.760502888888890
3.502367276618000 2157572352.844459056854248 7.765008074074076
3.424158041928000 2182704884.136647224426270 7.769504111111113
3.431870109590000 2148576653.552227973937988 7.773999203703705
1.942476930518000 2137898803.005701780319214 7.778413037037039
3.434004861810000 1559122513.171911239624023 7.783558666666669
3.557474699538000 1962814299.214518785476685 7.789025944444447
3.484769609656000 2228205755.980252742767334 7.793538481481484
3.464872321242000 2203496445.365326881408691 7.798016203703706
3.485854583224000 2148644087.810637950897217 7.802501444444447
1.949198303980000 2183264590.185610771179199 7.806983148148150
3.463794949783000 1564705405.172784805297852 7.812146925925928
1.954523173680000 1962841084.982126951217651 7.817607333333336
1.941783219542000 1558712050.258641958236694 7.822748148148150
1.934373450240000 1492988685.106348752975464 7.827350407407410
1.929034183594000 1492920079.795272588729858 7.831945500000002
1.935064246464000 1492521079.122206687927246 7.836544574074076
3.416445974266000 1492870926.471298217773438 7.841147462962965
3.539839056858000 1962716779.641505241394043 7.846616833333336
3.524414921534000 2227749056.184765815734863 7.851119833333335
3.594940861022000 2248527559.449311733245850 7.855558722222225
3.417508157581000 2037381461.319482803344727 7.860008277777780
1.940396829898000 1626455014.053246974945068 7.876078111111113
1.942476930518000 1477536795.696707487106323 7.882185407407409
3.556368534186999 1488886455.073759555816650 7.892541888888890
2.091838796915000 2175129210.529259681701660 7.902474000000002
3.841803752766000 1809266445.159846544265747 7.912155166666668
3.471509415150000 2041469323.153642892837524 7.917666018518521
3.655520071788000 2197401145.989861011505127 7.922151870370373
1.949198303980000 2013188483.298137664794922 7.926632962962965
1.949198303980000 1557665629.178107738494873 7.931785481481484
1.921626300308000 1491702755.026061058044434 7.936386500000002
3.448366019049000 1482468332.402011632919312 7.941026129629631
3.539839056858000 1961799574.109370470046997 7.946496148148150
3.430801938710000 2227709226.727959156036377 7.951008000000002
3.420962712900000 2159144651.919002532958984 7.955518444444446
3.431870109590000 2138785012.238749980926514 7.959944277777780
3.543141926304000 2137755697.241864442825317 7.964364870370372
3.564082999554000 2228308133.077026844024658 7.968883000000002
3.439582177252000 2248242366.747185230255127 7.973314148148150
3.414320420839000 2159068713.378304958343506 7.977827259259261
1.941090024720000 2138572599.742653608322144 7.982245574074075
3.488022915816000 1558754562.842415809631348 7.987386740740742
3.447294244914000 1999950661.755777835845947 7.992877185185186
1.950589231850000 2193077769.721152305603027 7.997295500000001
1.949198303980000 1565607326.915771484375000 8.002462648148150
3.424158041928000 1493047623.265664339065552 8.007062018518520
3.385597703618000 1962461731.084396362304688 8.012519740740741
3.493566650886000 2138743841.972911596298218 8.016945611111112
3.465949291744000 2183638358.400949954986572 8.021437166666667
1.956617149734000 2084490343.575943231582642 8.025875777777777
1.947806599200000 1975893730.556515693664551 8.041305111111111
1.941090024720000 1483509533.943092346191406 8.047875203703704
1.935064246464000 1486805835.227351665496826 8.057220740740741
3.633513187857000 1488124168.409047842025757 8.066573629629630
3.763489019056000 1870451255.423819065093994 8.078314537037038
3.756944633729000 2182785172.607075691223145 8.082807722222222
1.949198303980000 2193301055.038025856018066 8.087246740740740
1.947111005780000 1462936058.051664113998413 8.092424759259259
3.600414618826000 1491778630.097333192825317 8.097030925925926
3.425222622948000 2081772070.036806821823120 8.102580388888889
1.941090024720000 2169327463.535380363464355 8.107106592592592
3.540939603453000 1558402138.181608438491821 8.112244222222222
3.507898611490000 2040622992.986757040023804 8.117773444444444
1.942476930518000 2203570987.603374004364014 8.122260925925925
1.948502192620000 1565267491.716665029525757 8.127430833333332
3.440651553682000 1492062139.983909845352173 8.132034537037036
1.954523173680000 1962836428.384536266326904 8.137484296296295
1.949198303980000 1558684071.640716314315796 8.142628277777776
3.431870109590000 1492947049.558712720870972 8.147225518518518
3.423092271432000 1962216130.825660705566406 8.152688259259259
3.435072237920000 2138704588.369765758514404 8.157111277777778
3.432937088315000 2138539176.192154884338379 8.161524388888889
3.426287996952000 2138458322.543999671936035 8.165958351851852
1.929722068638000 2138594698.589140415191650 8.170376462962963
1.955919677442000 1558640711.405529975891113 8.175520166666667
1.928345273386000 1491997381.629512548446655 8.180117314814815
3.418571132094000 1493072445.097526073455811 8.184717222222222
3.424158041928000 1875030296.061309099197388 8.190192814814814
3.455006312576000 2211187547.004724025726318 8.205262222222222
3.564082999554000 2127417208.816246509552002 8.211162944444444
3.536521220732000 2178142654.682430267333984 8.220100611111111
1.961940138776000 1906722867.467999935150146 8.230784962962963
3.463794949783000 1800040858.461331844329834 8.240436166666667
3.424158041928000 1841018545.695953130722046 8.253016703703704
1.956617149734000 1959267281.669806957244873 8.259827870370371
3.424158041928000 1555512706.379796266555786 8.264978388888890
3.592704951548000 1963035446.355223894119263 8.270433685185186
3.427352974464001 2272774220.156887531280518 8.274968666666668
1.948502192620000 2167774219.296844959259033 8.279492722222223
1.935064246464000 1557643952.023793697357178 8.284635703703705
1.954523173680000 1492915073.258524656295776 8.289235092592595
1.941783219542000 1492935505.273697376251221 8.293840407407409
1.935755557056000 1492218389.971741199493408 8.298440740740743
3.539839056858000 1491647751.524237155914307 8.303048388888891
3.473668555200001 2041319301.820521831512451 8.308573870370372
3.483685846996000 2203914023.389540672302246 8.313053555555557
1.934373450240000 2133156404.157677173614502 8.317577092592595
3.383491342547000 1557068577.812470912933350 8.322748833333335
1.928345273386000 1962355817.212964773178101 8.328218870370373
1.921626300308000 1558727677.702571153640747 8.333356981481485
3.516702853872000 1492990511.310340881347656 8.337957000000003
3.363506900012000 2041737916.991478681564331 8.343468259259263
3.546446947880000 2159260176.260551929473877 8.347954462962967
3.416445974266000 2227982811.015753746032715 8.352457777777783
2.029129869556000 2159345239.464388370513916 8.356966296296301
3.393309771280000 1398057012.942840337753296 8.362138611111115
1.920940301280000 1632234599.095542430877686 8.377617500000005
3.517796207352000 1481849196.209621429443359 8.383734351851857
3.502367276618000 2122623207.157098054885864 8.391778166666672
3.415382604154000 2145291422.319658517837524 8.400613759259265
2.071660287620000 1864794292.620905160903931 8.411231592592598
2.061988365360000 1352394928.910671710968018 8.418554148148154
3.386650296113000 1312702432.628762960433960 8.427960981481487
3.539839056858000 1863394949.939697980880737 8.436667148148153
1.940396829898000 2226271364.965034484863281 8.441171537037041
1.955221165698000 1570870414.443988561630249 8.446361444444449
1.948502192620000 1492704564.912435770034790 8.450968648148152
3.424158041928000 1492810213.979568719863892 8.455565833333337
3.409793692214000 1961376944.190301895141602 8.461030833333336
1.941783219542000 2138380467.062916755676270 8.465464370370373
3.508990786210000 1558669509.871371507644653 8.470605500000003
3.532126989196000 2001212350.355044126510620 8.476110814814819
3.562975259844000 2220229758.487577915191650 8.480601037037040
1.943169609186000 2248537918.257684230804443 8.485019166666669
3.495739780674000 1571197483.863831758499146 8.490209370370373
3.547551124520000 2001933036.120462417602539 8.495704870370373
1.963340920008000 2237412615.402353763580322 8.500202018518522
3.394364761480000 1571934791.913369655609131 8.505393944444448
3.438511605988000 1963662875.438329219818115 8.510859777777782
3.448366019049000 2138683841.455751895904541 8.515280555555560
3.407672936876000 2183477940.568518161773682 8.519760037037042
3.555263192182000 2148384135.766785144805908 8.524244851851856
3.416445974266000 2228300703.764253616333008 8.528741833333338
2.156790358038000 2159110502.553474903106689 8.533245500000005
3.416445974266000 1478090308.425320863723755 8.538410925925930
3.430801938710000 1655992918.766109466552734 8.553850796296301
3.578399395168000 2140465828.946519374847412 8.559876851851856
3.493566650886000 1906591808.487486124038696 8.570513425925929
1.941090024720000 2206523595.155169963836670 8.579419444444447
3.438511605988000 1566112190.353560924530029 8.591960629629632
1.929034183594000 1858068293.902727127075195 8.603957796296299
3.422027690412000 1431284693.200387239456177 8.611743370370373
3.423092271432000 1959874759.946985483169556 8.617220555555559
3.438511605988000 2138017405.063291072845459 8.621644555555559
1.967956322640000 2137840285.506288528442383 8.626070740740744
1.948502192620000 1557900281.631375789642334 8.631219314814818
3.439582177252000 1492631912.548965930938721 8.635823796296298
1.955221165698000 1961737074.940878868103027 8.641274018518521
1.947806599200000 1559326692.123039960861206 8.646419592592595
1.954523173680000 1492589408.932439088821411 8.651019555555559
3.456080484416000 1492949245.740332126617432 8.655626722222225
1.942476930518000 1957601867.632559061050415 8.661092148148152
3.456080484416000 1558749631.859210014343262 8.666235611111114
3.432937088315000 1963213757.584166049957275 8.671708148148150
3.435072237920000 2130577936.844931602478027 8.676121740740744
1.935064246464000 2138709673.382033109664917 8.680560611111114
3.416445974266000 1559152307.548512697219849 8.685711981481484
3.423092271432000 1962914773.169469118118286 8.691184740740743
3.447294244914000 2138532927.120970010757446 8.695597685185188
3.401021838942000 2137477400.528510570526123 8.700033629629633
3.438511605988000 2138928050.522516965866089 8.704467296296301
3.592704951548000 2126214450.758758306503296 8.708915351851855
3.507898611490000 1907245281.130777359008789 8.713356740740744
1.961940138776000 2148780793.676061153411865 8.727665685185189
3.594940861022000 1511507508.271824836730957 8.734650574074077
3.547551124520000 1800048569.956661224365234 8.744931277777781
3.678656274774000 2178065568.057659626007080 8.753965148148151
3.465949291744000 1723416052.099888086318970 8.765046425925929
1.955221165698000 1918599321.430216312408447 8.775902592592596
1.935064246464000 1520483933.825472593307495 8.781158055555558
3.430801938710000 1491640497.695704221725464 8.785762981481485
1.949198303980000 1962614271.507722139358521 8.791237759259262
1.949198303980000 1555039834.789241075515747 8.796384944444448
3.427352974464001 1492705369.167989969253540 8.800991148148151
3.430801938710000 1962512432.542166471481323 8.806464388888893
3.493566650886000 2138014245.477874517440796 8.810902444444448
3.494652811251000 2183309944.749104976654053 8.815397092592596
1.943863062085000 2193876495.619524478912354 8.819835981481484
1.927656875760000 1564809182.312359094619751 8.825000500000003
1.955919677442000 1493135832.910290718078613 8.829596833333337
3.531027613324000 1493071137.998533964157104 8.834194574074077
1.949893379460000 2041900617.493065118789673 8.839715703703707
3.417508157581000 1570958485.718873262405396 8.844905796296299
1.935755557056000 1962395582.302130937576294 8.850377055555558
3.531027613324000 1558890975.290901660919189 8.855519111111114
3.447294244914000 2041762079.092408418655396 8.861042888888893
3.426287996952000 2204051483.499723911285400 8.865535518518522
1.928345273386000 2148844058.086037635803223 8.870015462962966
1.921626300308000 1559113451.674255132675171 8.875156500000003
3.562975259844000 1493289784.991619110107422 8.879763555555558
1.941090024720000 1875859632.576479673385620 8.885300611111113
1.935064246464000 1936241417.510862827301025 8.900345240740743
1.941090024720000 1481838566.917289018630981 8.906919000000002
3.429734959985000 1487432026.421063899993896 8.916260592592595
3.733801237628000 1941273609.033705949783325 8.926375796296298
3.446221273266000 1741287477.934912443161011 8.939961444444446
1.955919677442000 1953594248.107429742813110 8.948723777777779
3.494652811251000 1556338797.185085058212280 8.953870962962965
3.493566650886000 2002088200.728046417236328 8.959370203703706
3.555263192182000 2192302000.458916664123535 8.963809000000003
1.956617149734000 2237226790.352504730224609 8.968300666666670
1.954523173680000 1571417379.700133562088013 8.973490629629632
1.948502192620000 1492501014.394744396209717 8.978091074074076
1.949198303980000 1492914618.312786102294922 8.982698055555558
3.501278718548000 1492942517.001334428787231 8.987305537037040
3.451782196800000 2001899202.852241754531860 8.992811277777781
1.949198303980000 2148717845.596098899841309 8.997296148148152
1.948502192620000 1558467368.405889987945557 9.002438574074079
1.935064246464000 1492843028.427225589752197 9.007039666666671
3.516702853872000 1492918402.407573699951172 9.011642425925931
3.565191564396000 2001537831.485721826553345 9.017150037037043
3.565191564396000 2238644881.324610710144043 9.021639407407413
3.503456645532000 2248415797.597981929779053 9.026066240740747
3.510081741985000 2204025057.295645236968994 9.030550777777783
3.511173510390000 2193629740.019035339355469 9.034987000000006
3.502367276618000 2193607465.765173912048340 9.039413129629637
1.955221165698000 2193492529.820054531097412 9.043839370370378
1.949893379460000 1492986467.358668565750122 9.049020259259267
1.947806599200000 1909048208.275155544281006 9.065943740740748
1.934373450240000 1645425497.776706933975220 9.072707148148154
1.928345273386000 1489210244.746284008026123 9.083112481481487
2.061988365360000 1487697305.687992095947266 9.092465518518525
2.068704939840000 1591273499.715174913406372 9.103680981481487
1.929034183594000 1316271173.642545223236084 9.108291666666672
3.493566650886000 1347374169.868178606033325 9.119961500000004
3.562975259844000 1970230292.136431217193604 9.126204777777781
3.493566650886000 2234317792.222374439239502 9.130657722222226
1.955919677442000 2203192389.633616447448730 9.135151592592596
1.949198303980000 1564483347.253936767578125 9.140317574074077
3.633513187857000 1491480873.811028480529785 9.144918111111114
3.438511605988000 2081270471.762395143508911 9.150462333333335
1.960539357544000 2169517862.614130973815918 9.154995388888890
3.448366019049000 1557361312.687441825866699 9.160145129629631
3.455006312576000 1962699635.025385856628418 9.165619888888891
3.571797464921000 2181988304.912348747253418 9.170116870370373
3.564082999554000 2238267799.502838611602783 9.174609037037040
1.947806599200000 2248153601.628627777099609 9.179048129629633
1.942476930518000 1570703168.672636985778809 9.184242500000003
1.942476930518000 1493152964.155242919921875 9.188850333333336
3.478142515562000 1493060309.944557905197144 9.193449722222226
3.469350275100000 2001035118.987341642379761 9.198935833333337
1.928345273386000 2193317846.129384517669678 9.203361629629633
3.532126989196000 1564655881.004241704940796 9.208530814814818
3.395420537520000 2041674824.928207874298096 9.214044425925929
3.440651553682000 2159249015.134105682373047 9.218557166666669
2.076162681102000 2138257065.745800971984863 9.222975981481483
3.501278718548000 1393732798.140455961227417 9.228138537037038
3.425222622948000 1669189817.600635528564453 9.243618407407409
1.949198303980000 2126671519.217782735824585 9.249569203703706
3.386650296113000 1620780148.765289545059204 9.260309462962965
3.694080410098000 2106601179.180205106735229 9.270175074074077
1.929034183594000 1911634452.884169816970825 9.283962018518521
3.548654068820000 1360015662.106804609298706 9.293685888888891
1.960539357544000 2037680878.561623334884644 9.299216814814818
3.416445974266000 1565141492.294868230819702 9.304415370370373
3.442791501376000 1962520744.220044374465942 9.309887666666670
1.949198303980000 2130933779.314491987228394 9.314322333333337
3.632383868802000 1558839418.421450376510620 9.319470518518521
3.440651553682000 2081233237.271212339401245 9.325016055555558
3.438511605988000 2168945771.180836200714111 9.329552388888892
3.448366019049000 2138244737.757038354873657 9.333973296296300
1.941090024720000 2138630229.312231063842773 9.338391500000004
3.439582177252000 1558954806.671584606170654 9.343537703703708
3.469350275100000 1957104714.821439981460571 9.349014129629634
3.502367276618000 2183155513.494972705841064 9.353495222222227
3.557474699538000 2193323791.121971130371094 9.357913537037042
3.587226395655000 2238143065.379072666168213 9.362385462962969
1.941783219542000 2248243122.136831283569336 9.366824018518525
3.424158041928000 1571229757.926161766052246 9.372016037037044
1.949198303980000 2002380053.726881504058838 9.377517111111118
3.560758542726000 1565293327.843319892883301 9.382689240740747
3.407672936876000 2040310251.617154598236084 9.388197314814821
1.936445838912000 2159532864.275239467620850 9.392692796296302
3.424158041928000 1392171834.268605470657349 9.397857333333340
1.942476930518000 1656420268.224174737930298 9.413304611111117
1.920940301280000 1508547355.368822097778320 9.420264203703709
3.409793692214000 1487204527.686458349227905 9.429620629629635
3.670944207112000 2138523332.155411243438721 9.439577481481487
3.447294244914000 2022250196.106396675109863 9.448926148148153
3.424158041928000 1920433465.512351751327515 9.459961500000006
1.955221165698000 1950369896.503952264785767 9.465415277777783
3.581738243584000 1549317265.897118568420410 9.470561796296302
1.956617149734000 2036501310.453464031219482 9.476087166666671
3.456080484416000 1570274666.714257717132568 9.481275407407413
3.514514925288000 1962269720.841972827911377 9.486750203703709
3.440651553682000 2183184283.960263252258301 9.491229703703709
3.448366019049000 2148899941.713619709014893 9.495709500000006
3.446221273266000 2136598510.680974721908569 9.500141055555561
1.968659111854000 2121304022.497865676879883 9.504566166666672
3.516702853872000 1558569080.333507299423218 9.509707925925932
3.448366019049000 1996020871.097599029541016 9.515214388888895
3.579511930288000 2130395376.376249313354492 9.519733851851857
1.941783219542000 2227083057.541122913360596 9.524249462962969
3.430801938710000 1571269820.086638212203979 9.529439203703710
3.493566650886000 1962798981.705913305282593 9.534909500000007
1.949198303980000 2183425028.408504009246826 9.539391074074080
3.401021838942000 1563386759.506923437118530 9.544555925925932
1.941783219542000 1962963834.333977699279785 9.550015370370376
1.928345273386000 1558830069.124423980712891 9.555159074074080
3.447294244914000 1492779930.024036645889282 9.559758537037043
1.935755557056000 1775238242.128441095352173 9.565233592592598
3.447294244914000 1553149268.992734909057617 9.570395166666673
3.439582177252000 1656594644.765101432800293 9.585838000000006
3.485854583224000 2066109774.407867670059204 9.591758222222229
1.954523173680000 1712750450.237210750579834 9.602555000000006
2.056005761868000 1488500998.958096027374268 9.612472740740747
3.417508157581000 1345803634.911792755126953 9.627964481481488
3.532126989196000 1818569314.072593927383423 9.638734166666673
3.493566650886000 2224579664.930726051330566 9.643257277777783
3.491393116569000 2198610863.896954059600830 9.647760129629635
1.941783219542000 2191753968.092673778533936 9.655960962962968
3.416445974266000 1563424648.999366044998169 9.661132685185191
3.494652811251000 1961045646.131606101989746 9.666602703703710
3.485854583224000 2182430155.540056705474854 9.671090055555561
3.408733906604000 2193241440.094234943389893 9.675523407407413
3.481387818656000 2148392013.655580520629883 9.679960611111117
3.494652811251000 2183366047.243057250976562 9.684459018518524
3.431870109590000 2193760194.796229839324951 9.688885296296302
1.963340920008000 2149072004.624946117401123 9.693369833333339
3.424158041928000 1554375701.539789915084839 9.698517240740747
3.510081741985000 1961878444.166986942291260 9.703960555555563
3.463794949783000 2228419294.868901252746582 9.708472981481489
3.432937088315000 2204070377.605776786804199 9.712966203703711
3.456080484416000 2193617357.216292381286621 9.717397277777785
1.935755557056000 2193368031.975542068481445 9.721831222222230
3.415382604154000 1565312699.823653459548950 9.726997814814823
1.922312810132000 1959966014.205344200134277 9.732465240740748
3.417508157581000 1559000237.884128808975220 9.737603129629637
1.935064246464000 1804409238.241360902786255 9.743070740740748
1.929034183594000 1935404975.434765577316284 9.758030907407415
3.416445974266000 1479967239.676953792572021 9.764614074074082
3.387703672662000 2106156033.661598920822144 9.774490148148155
3.708349960718000 2132978491.183831930160522 9.783346981481488
3.402079226847000 1960534623.530292272567749 9.795964444444451
1.941783219542000 1931195808.917197465896606 9.804686666666672
1.929034183594000 1556856264.201629877090454 9.809829203703709
3.440651553682000 1485144518.573031425476074 9.814434148148154
3.423092271432000 1962154526.312938690185547 9.819904629629635
3.430801938710000 2136544487.637224912643433 9.824344481481488
1.942476930518000 2138187466.582007884979248 9.828777666666673
3.447294244914000 1559179754.204398393630981 9.833931000000005
1.955919677442000 1962605547.856786966323853 9.839396574074080
1.935755557056000 1558448806.362234830856323 9.844549666666673
1.962641050904000 1492245512.183943033218384 9.849155759259265
3.431870109590000 1492128284.948961257934570 9.853760092592598
3.434004861810000 1963008978.861909866333008 9.859227666666673
1.942476930518000 2138615304.651084899902344 9.863645592592599
3.479223880517000 1558117567.426470994949341 9.868789055555562
1.935064246464000 2001866826.148216485977173 9.874269777777783
3.432937088315000 1565546514.377431631088257 9.879438629629636
1.914907327230000 2001436550.462918043136597 9.884937166666672
3.479223880517000 1565943342.512452602386475 9.890108592592599
3.494652811251000 2002124340.709305763244629 9.895606925925932
3.440651553682000 2192338046.267130851745605 9.900045722222229
3.356836213230000 1906001650.299831628799438 9.904579129629637
3.492479276934000 2132403179.850975751876831 9.909037759259267
3.501278718548000 2145695267.599587917327881 9.923360222222229
1.949198303980000 2108323226.317875623703003 9.928406222222229
3.486938345884000 1482282939.729264020919800 9.933532166666673
3.493566650886000 2121817858.023930072784424 9.940738388888896
3.398905881693000 2187282149.607444286346436 9.946852166666673
3.411914447552000 2088082671.941861391067505 9.953049351851858
2.057473703844000 1684988934.294503927230835 9.964342166666674
2.069443708024000 1333387502.615870475769043 9.971775425925934
3.694080410098000 1490250651.230101108551025 9.976382092592601
2.075421514320000 1960283366.124067544937134 9.981850740740750
1.942476930518000 1522490107.193549871444702 9.987239055555564
1.935064246464000 1484516672.820973873138428 9.991852907407416
1.921626300308000 1490972171.044692039489746 9.996456425925935
3.492479276934000 1486975271.205433368682861 10.001067185185194
3.480306050958000 2001915200.339198827743530 10.006570351851861
1.947806599200000 2193328112.672764301300049 10.011006666666676
1.935755557056000 1564728166.384065628051758 10.016183444444453
3.432937088315000 1492913317.623593568801880 10.020788592592600
1.949198303980000 1962108739.206931829452515 10.026251203703712
3.492479276934000 1550393070.322197675704956 10.031398148148156
3.493566650886000 2000262344.049056529998779 10.036903500000008
3.423092271432000 2193446876.695180416107178 10.041341462962972
3.556368534186999 2148692963.408732891082764 10.045818851851861
3.546446947880000 2228038407.014381408691406 10.050338666666676
1.947806599200000 2248646754.061343669891357 10.054767277777787
1.935064246464000 1571577516.351063489913940 10.059957222222231
1.929034183594000 1491933341.111813068389893 10.064559981481491
3.409793692214000 1492991883.528431892395020 10.069161962962973
1.935755557056000 1963121869.477789402008057 10.074632296296306
1.948502192620000 1559279409.015745162963867 10.079783777777788
3.578399395168000 1492251279.575084447860718 10.084386000000011
1.948502192620000 1964020426.810696840286255 10.089858111111122
3.407672936876000 2013776674.737097740173340 10.104956666666677
3.392253602320000 2081232420.859272480010986 10.111045796296306
3.462718380238000 2205171505.800202846527100 10.120911351851861
3.672085514692000 2221082360.540005683898926 10.129914000000008
1.941783219542000 1863458907.974629402160645 10.140579537037045
3.758113185846000 1558877135.355325460433960 10.145721148148155
1.954523173680000 2001084212.617916107177734 10.151219796296303
1.995535004166000 1499034371.766869783401489 10.156535851851858
3.440651553682000 1466426787.477027177810669 10.161150777777785
1.954523173680000 1961828465.919082403182983 10.166626851851859
1.941783219542000 1558904788.975641489028931 10.171773703703710
1.949198303980000 1492093972.186739444732666 10.176383814814821
3.435072237920000 1493098391.148903369903564 10.180983370370377
1.947806599200000 1962168030.713977813720703 10.186438722222229
3.503456645532000 1558945564.632111787796021 10.191589240740749
3.556368534186999 2001221651.305761098861694 10.197092629629637
3.494652811251000 2238466115.293389797210693 10.201581981481489
1.927656875760000 2203707744.699185848236084 10.206051944444452
3.402079226847000 1565266535.737836360931396 10.211219203703711
3.462718380238000 1962686565.345841169357300 10.216691370370379
1.957315401615000 2138879906.547925710678101 10.221114314814823
3.538737280602000 1558779447.232201337814331 10.226258796296305
1.929034183594000 2042259690.117337226867676 10.231784185185195
1.949893379460000 1570865722.678907155990601 10.236972314814825
1.935755557056000 1493088788.033493995666504 10.241579000000010
3.455006312576000 1492990814.614539861679077 10.246181722222232
3.486938345884000 2001893801.013441562652588 10.251674555555566
3.532126989196000 2192608437.433436393737793 10.256108500000011
3.440651553682000 2167131595.077561378479004 10.261607129629640
3.486938345884000 1664967974.627441167831421 10.277693333333344
3.547551124520000 2184099356.180943965911865 10.283621500000011
1.928345273386000 2242287824.702983379364014 10.292534203703715
2.056740279372000 1653864686.599443912506104 10.302346814814825
3.689807931968000 1664248080.055852890014648 10.313248462962974
3.742679456130000 1962025087.235622406005859 10.318709407407418
3.441721726668000 2183166475.060263633728027 10.323203574074086
3.408733906604000 2139295575.264965295791626 10.327701018518530
3.423092271432000 2010802960.206580400466919 10.332140148148159
1.953825181662000 2120043035.088671445846558 10.336574944444456
1.956617149734000 1558328991.952181339263916 10.341717814814826
3.417508157581000 1492693926.247288465499878 10.346327814814826
3.449438591526000 1962709043.223681449890137 10.351792925925936
1.949198303980000 2137414150.190693616867065 10.356226055555567
1.949198303980000 1558937551.782021999359131 10.361366907407419
1.961239748160000 1492942519.203207731246948 10.365966833333344
3.432937088315000 1492958278.715550661087036 10.370572351851862
3.430801938710000 1962041360.965968847274780 10.376044500000011
3.385597703618000 2133481386.970879793167114 10.380485833333346
1.928345273386000 2138750655.795224666595459 10.384919240740754
1.943863062085000 1558379133.403191089630127 10.390061962962976
1.948502192620000 1492485618.148268699645996 10.394668462962976
3.494652811251000 1492633559.618038892745972 10.399270444444458
3.432937088315000 2001629525.178112745285034 10.404773092592606
3.524414921534000 2146912123.976733684539795 10.409259000000013
3.440651553682000 2227954515.791417598724365 10.413770944444458
3.425222622948000 2159172423.136451244354248 10.418281703703718
3.492479276934000 2138479078.549849033355713 10.422695037037052
3.622416699310000 2182006614.604219436645508 10.427174462962977
3.409793692214000 2191538300.989718914031982 10.431610814814830
1.929034183594000 2153425222.924002170562744 10.445921870370386
1.949198303980000 1481001221.586000680923462 10.452031111111127
3.431870109590000 1780979538.864761590957642 10.460806555555571
1.922312810132000 2103188068.806973457336426 10.470787240740757
3.727245726414000 1488480786.991164684295654 10.480692759259275
3.402079226847000 1851911794.196435213088989 10.488117314814831
3.695228910793000 2148189787.114475727081299 10.492598944444461
3.517796207352000 2138160626.639719963073730 10.497024666666684
3.424158041928000 2172242626.893206119537354 10.501521740740758
3.425222622948000 2010587652.184660911560059 10.506016462962981
1.941783219542000 2136353291.233004093170166 10.510441518518537
3.524414921534000 1558730373.068257808685303 10.515587037037054
3.510081741985000 2041175506.594352722167969 10.521115055555573
3.553051273153000 2203778337.074948787689209 10.525610703703721
3.494652811251000 2220696068.675340652465820 10.530095574074092
1.949198303980000 2201547231.081952095031738 10.534577870370390
3.432937088315000 1565745892.810494899749756 10.539752851851871
1.955221165698000 1962102342.298437356948853 10.545224685185204
3.416445974266000 1554442026.142143964767456 10.550368925925945
1.935064246464000 1963034667.859539270401001 10.555833481481500
3.439582177252000 1558611247.981412887573242 10.560982388888908
1.935064246464000 1962347086.900728702545166 10.566437314814834
1.934373450240000 1558992413.927251338958740 10.571578314814834
3.571797464921000 1492201738.500543355941772 10.576179981481500
1.948502192620000 2042043193.576924085617065 10.581706351851871
3.431870109590000 1571490891.566265106201172 10.586893851851871
3.425222622948000 1962185709.688891649246216 10.592361166666686
3.561866282436000 2138145089.527943611145020 10.596798018518538
3.384543935042000 2227992506.016094684600830 10.601315222222242
1.948502192620000 2026102441.489295959472656 10.605822944444464
1.948502192620000 1943290507.870465755462646 10.621472166666686
1.955919677442000 1482475470.996843576431274 10.628049037037057
1.935064246464000 1882422800.697952270507812 10.638757611111131
3.401021838942000 1826588780.114428758621216 10.649354537037057
3.818660356665000 2082292712.259817361831665 10.659332481481501
3.726086772261000 2226544811.058998584747314 10.663837611111131
3.502367276618000 2202468227.314496040344238 10.668331629629650
1.928345273386000 2181310553.213712692260742 10.672799462962983
1.961940138776000 1456078961.299091577529907 10.677976870370390
3.439582177252000 1491947668.967182397842407 10.682578629629649
3.564082999554000 1954608984.867164611816406 10.688046259259279
3.549757834680000 2228048565.684142112731934 10.692550277777798
1.956617149734000 2248022421.017820358276367 10.696974037037057
1.941783219542000 1570733166.031849145889282 10.702161685185205
1.935064246464000 1492686286.732326030731201 10.706766444444463
3.501278718548000 1492780482.308772563934326 10.711368537037057
3.548654068820000 2036154282.404695034027100 10.716900000000020
3.548654068820000 2244247322.858286380767822 10.721340888888909
3.564082999554000 2248658941.020504474639893 10.725768981481501
3.492479276934000 2248385573.365184783935547 10.730203166666685
3.494652811251000 2203704628.743108272552490 10.734690425925944
1.948502192620000 2193543013.744482517242432 10.739116444444463
3.416445974266000 1565312987.431518077850342 10.744288111111130
1.927656875760000 1963646120.711584568023682 10.749748018518538
1.928345273386000 1556624863.799656867980957 10.754897703703723
3.478142515562000 1492893089.551878690719604 10.759502111111130
1.929034183594000 2001458147.845412731170654 10.764984814814834
1.935064246464000 1565703943.546825647354126 10.770149370370390
1.948502192620000 1396321337.856086492538452 10.774757074074094
1.929034183594000 1486022577.635356664657593 10.790198444444464
3.404195184096000 1481334097.792553663253784 10.796771314814833
3.478142515562000 2140533834.461241245269775 10.806778370370388
3.647808004126000 2155795261.353008747100830 10.815688555555573
3.616959733478000 1865117469.654641866683960 10.826354351851869
3.794337289704000 2271809754.486402988433838 10.830895851851869
3.533225138086000 2258577597.718018054962158 10.835375388888906
3.403137402378000 2141084615.770214080810547 10.839808500000018
1.947806599200000 2148384276.892356395721436 10.844315666666684
3.524414921534000 1558827091.558834552764893 10.849456259259277
3.485854583224000 2042060781.582965612411499 10.854974500000019
1.961940138776000 2203453308.335092544555664 10.859448888888908
3.448366019049000 1564450434.782608747482300 10.864623888888907
3.508990786210000 1962788417.030345201492310 10.870080814814834
1.969362424366000 2183254481.702800273895264 10.874580592592611
1.941783219542000 1564969725.394722700119019 10.879753000000019
3.562975259844000 1491481693.879192590713501 10.884357814814834
1.941783219542000 2040870029.625748157501221 10.889871037037056
1.961239748160000 1571350186.064416885375977 10.895066370370388
1.948502192620000 1492647697.446430444717407 10.899673574074091
3.442791501376000 1490216873.287381887435913 10.904275851851869
1.955221165698000 1963174966.229598283767700 10.909745796296313
3.431870109590000 1558978873.543375015258789 10.914894685185203
3.494652811251000 1962363104.488527059555054 10.920364185185203
3.461640607822000 2183538786.501309394836426 10.924861740740759
3.434004861810000 2193289192.506000041961670 10.929283055555574
3.432937088315000 2148887791.990525722503662 10.933755074074092
3.495739780674000 2137733478.603899955749512 10.938191240740759
1.948502192620000 2206882508.105180740356445 10.952962314814833
1.929034183594000 1477235209.958225727081299 10.959097574074093
1.947806599200000 1488546052.831375122070312 10.969463888888908
3.610369791756000 1653141540.862880468368530 10.980236592592613
3.656656583958000 1727737788.092275857925415 10.990522166666686
2.069443708024000 2137794172.707969427108765 10.994943888888908
3.494652811251000 1552706072.769649028778076 11.000092555555575
3.434004861810000 2002014880.020997524261475 11.005595833333354
3.477059942378000 2028186814.544017314910889 11.010094055555577
3.415382604154000 2136427332.457293033599854 11.014533222222243
3.434004861810000 2138247156.365342855453491 11.018953425925947
1.941783219542000 2138314830.981032609939575 11.023386962962984
1.949198303980000 1556656611.677319049835205 11.028532740740761
1.948502192620000 1493095832.596427440643311 11.033139925925946
3.448366019049000 1482575836.030205011367798 11.037774925925946
3.434004861810000 1962644718.308664083480835 11.043231055555577
1.947806599200000 2131399976.623224735260010 11.047667240740761
1.936445838912000 1558115794.998633861541748 11.052818425925947
3.539839056858000 1492699417.574069499969482 11.057425592592613
3.578399395168000 2041811218.043495893478394 11.062936555555577
3.512264872480000 2248462039.362871646881104 11.067367314814836
1.949893379460000 2203909811.895030975341797 11.071857518518540
1.941090024720000 1565276912.660798788070679 11.077027018518539
1.948502192620000 1493047829.599765300750732 11.081634037037057
3.416445974266000 1492907524.300198554992676 11.086231240740760
3.416445974266000 1963178185.141928672790527 11.091701518518539
3.414320420839000 2132065595.967954397201538 11.096132685185205
3.439582177252000 2138909613.528597116470337 11.100545833333353
3.593823530492000 2138939281.920899391174316 11.104974314814834
1.955221165698000 2134251540.803135871887207 11.109415240740759
3.440651553682000 1935600139.599295377731323 11.124378703703723
3.431870109590000 1950217852.995289325714111 11.131474722222242
3.447294244914000 1695024886.620729446411133 11.142230166666687
3.672085514692000 1727959665.566344738006592 11.152990203703725
3.810945891298000 2119963502.709886550903320 11.161908166666688
2.091838796915000 2227001555.901311397552490 11.166407166666687
2.088854663280000 1571824575.418874740600586 11.171599648148169
1.948502192620000 1457299329.927365303039551 11.176206666666687
1.935064246464000 1492437651.395047426223755 11.180808925925946
1.949198303980000 1483184489.319293737411499 11.185407907407427
1.954523173680000 1492613964.377081632614136 11.190011685185205
1.950589231850000 1492882623.899674415588379 11.194618907407428
3.432937088315000 1492620599.739243745803833 11.199220907407428
1.930410722555000 1962055420.070723056793213 11.204688240740762
3.425222622948000 1558568300.857113122940063 11.209832555555577
3.424158041928000 1962405539.177237272262573 11.215310037037058
3.438511605988000 2138043286.861076116561890 11.219743851851874
3.500188944212000 2138055295.149768114089966 11.224176629629651
3.532126989196000 2183632869.466347217559814 11.228671851851873
3.525510672719000 2233959280.084424018859863 11.233164148148170
3.493566650886000 2248249462.383585929870605 11.237590407407430
3.441721726668000 2203910775.125136375427246 11.242085500000021
1.942476930518000 2149023581.730868816375732 11.246570296296317
1.955919677442000 1559313900.958190679550171 11.251718888888909
3.486938345884000 1492306959.768934249877930 11.256315944444465
3.377885635956000 2032508157.538636922836304 11.262816407407428
1.943169609186000 2148978015.409412860870361 11.267308611111131
1.934373450240000 1558365666.569569826126099 11.272458111111131
3.393309771280000 1378624446.676039457321167 11.277068296296317
1.943169609186000 1626244455.129724502563477 11.293474851851872
3.424158041928000 1484890388.667157649993896 11.301042500000021
3.515608278768000 2098372539.252641677856445 11.309035592592613
3.478142515562000 2242724311.265084266662598 11.317973074074095
3.786625222041999 2241841404.882455825805664 11.326827907407427
3.556368534186999 2178749141.494019031524658 11.333185851851871
3.751562039616000 2245931134.015458106994629 11.337625500000019
2.082138088800000 2203526373.626373767852783 11.342108092592612
2.103038573414000 1557574407.786445140838623 11.347283277777798
1.941783219542000 1435212592.726614713668823 11.351889111111131
1.922312810132000 1490977044.510958671569824 11.356492222222242
3.424158041928000 1492546527.162977933883667 11.361094074074094
1.943169609186000 1962105032.689056634902954 11.366549518518539
3.434004861810000 1559085053.656854629516602 11.371705740740762
3.416445974266000 1962540883.273915290832520 11.377170259259280
1.949198303980000 2138527028.097547054290771 11.381611796296317
3.434004861810000 1558599416.036319494247437 11.386755444444466
1.954523173680000 1962183699.572964906692505 11.392228148148170
3.424158041928000 1558469472.350960016250610 11.397374666666689
3.493566650886000 1954373764.989307641983032 11.402847703703726
3.408733906604000 2182897608.222969055175781 11.407344592592615
3.431870109590000 2149254863.450470447540283 11.411813870370393
3.426287996952000 2137822201.442692995071411 11.416250018518541
3.457155456384000 2138881263.237360000610352 11.420665481481505
3.429734959985000 2183625641.788823604583740 11.425145148148172
1.939703635076000 2148911996.426754474639893 11.429622870370395
1.949198303980000 1558939776.127194881439209 11.434766333333357
3.477059942378000 1493011163.209664106369019 11.439371407407432
3.378935830746000 2001324485.224375486373901 11.444877222222246
3.537619778616000 2148950420.074487209320068 11.449367166666690
1.955221165698000 2224614700.790334224700928 11.453891740740763
1.934373450240000 2013083206.492913961410522 11.468905259259282
1.948502192620000 1567164151.447825908660889 11.476940296296320
3.401021838942000 1488899334.186438560485840 11.487345277777802
3.717216613084000 2108706664.019984960556030 11.497234203703728
1.947806599200000 2207389932.642921447753906 11.506287666666692
2.070921244392000 1564930461.154607057571411 11.511453444444470
1.941783219542000 1492206164.680912733078003 11.516060333333359
2.056005761868000 1486649341.663280725479126 11.520663685185211
1.934373450240000 1453005250.723027229309082 11.525280333333360
3.430801938710000 1492371773.054781198501587 11.529883500000027
1.947806599200000 1962761864.383784532546997 11.535343351851878
3.431870109590000 1558222352.653108358383179 11.540486166666692
3.494652811251000 1962780621.726928710937500 11.545956592592619
3.540939603453000 2183162000.551456451416016 11.550456462962989
3.494652811251000 2221099601.593625545501709 11.554946574074101
3.425222622948000 2203806271.742412567138672 11.559423444444471
3.440651553682000 2149195684.146778583526611 11.563918500000026
3.384543935042000 2132985064.118682384490967 11.568337388888915
3.457155456384000 2138809175.130129814147949 11.572780962962989
3.492479276934000 2183141647.967265129089355 11.577270444444471
1.940396829898000 2193570143.052026748657227 11.581709388888916
1.935064246464000 1565746957.697508335113525 11.586886388888916
3.416445974266000 1492862274.052478075027466 11.591491481481508
3.494652811251000 1961951807.474218845367432 11.596948759259286
3.425222622948000 2183034790.880004405975342 11.601446000000026
3.493566650886000 2148895834.278993606567383 11.605933685185212
3.494652811251000 2183341532.148419380187988 11.610428462962989
3.539839056858000 2193535873.962103366851807 11.614864518518544
3.478142515562000 2238283216.264345169067383 11.619356962962989
1.970064690282000 2203994354.898611068725586 11.623844629629655
3.503456645532000 1562762300.237285375595093 11.629026703703730
1.936445838912000 2107027320.123620986938477 11.644378296296322
3.448366019049000 1477222749.072482109069824 11.650517740740767
1.942476930518000 1881396631.256291866302490 11.661609907407433
3.793156300776000 1488961351.033439874649048 11.671528240740766
3.470430447900000 1772038298.466129064559937 11.681879685185210
3.695228910793000 2202954398.696987628936768 11.686370703703728
1.935064246464000 2148691369.830265522003174 11.690863555555580
3.449438591526000 1552297692.360481500625610 11.695990648148173
1.947111005780000 1967627372.180539608001709 11.701497185185211
1.935064246464000 1565494042.419121742248535 11.706669555555582
3.401021838942000 1492687947.400399923324585 11.711271759259285
1.935064246464000 1962462735.274204492568970 11.716742129629655
3.424158041928000 1558936024.489472866058350 11.721890222222248
3.417508157581000 1962377471.539844274520874 11.727360833333359
3.488022915816000 2138594629.118642568588257 11.731796962962989
3.494652811251000 2182429687.500000000000000 11.736291185185211
3.471509415150000 2193120277.128142356872559 11.740717537037062
3.395420537520000 2186482241.835170745849609 11.745151074074100
3.494652811251000 2148902707.601395606994629 11.749626129629656
3.423092271432000 2177918377.760037899017334 11.754126537037063
3.424158041928000 2148830813.802324771881104 11.758613703703730
3.493566650886000 2128323102.984405279159546 11.763073925925953
3.462718380238000 2183148413.864637851715088 11.767572981481509
3.479223880517000 2192044988.207547187805176 11.771970018518546
1.930410722555000 2193603526.220614910125732 11.776394018518547
1.949198303980000 1565988597.320048093795776 11.781568240740770
1.921626300308000 1493024652.625743627548218 11.786178222222251
1.935064246464000 1492944817.102596282958984 11.790783111111139
3.496826345568000 1492977203.598500013351440 11.795385851851879
3.440651553682000 1996734873.665174722671509 11.800884907407434
1.935064246464000 2135504081.616791725158691 11.815181166666694
3.431870109590000 1510735316.519747495651245 11.822134685185212
1.934373450240000 1705625886.283621549606323 11.832344296296323
3.686368342436000 1488667627.868880033493042 11.842247018518545
3.834089287399000 1727182756.315327882766724 11.852551166666693
3.416445974266000 2227069562.001807689666748 11.857058203703730
3.462718380238000 2158954069.722120761871338 11.861571888888914
1.961239748160000 2090601259.803103685379028 11.866011148148173
3.432937088315000 1558245564.184000492095947 11.871159685185210
1.943863062085000 1956730755.044515132904053 11.876632259259285
1.941783219542000 1558410843.369158983230591 11.881778944444470
3.438511605988000 1492777622.974583625793457 11.886377907407432
1.943169609186000 1962674388.002197742462158 11.891838166666691
1.948502192620000 1556886026.710463762283325 11.896979722222246
3.538737280602000 1492689433.969857215881348 11.901581296296321
3.415382604154000 2041718951.771141767501831 11.907102425925951
1.936445838912000 2158910880.450785636901855 11.911618000000024
3.551964544840000 1558338961.824149131774902 11.916763777777801
1.955221165698000 2041415447.718430280685425 11.922289944444467
3.422027690412000 1571542784.154360532760620 11.927480296296318
3.408733906604000 1962364625.979127883911133 11.932958055555577
3.416445974266000 2138540544.149000406265259 11.937396518518540
1.942476930518000 2138486113.316673278808594 11.941827888888911
3.423092271432000 1559293243.408422470092773 11.946978962962985
3.494652811251000 1962669623.450227737426758 11.952448703703727
3.386650296113000 2183835726.210350513458252 11.956941203703726
3.486938345884000 2148854512.122273445129395 11.961436296296318
3.432937088315000 2083346459.013977289199829 11.965959518518540
3.424158041928000 2172662410.605268001556396 11.980292018518540
3.571797464921000 2128943293.511830568313599 11.986204203703725
1.955221165698000 2223566727.227682113647461 11.995173833333354
2.083625773220000 1817669856.018429756164551 12.004820129629650
3.555263192182000 1876604687.968719482421875 12.015561574074095
3.752272164825000 2039145343.742130279541016 12.021076851851873
1.955221165698000 2198175842.939927101135254 12.025566759259281
2.097068520144000 1564795319.540988206863403 12.030732444444466
1.948502192620000 1439534954.077137470245361 12.035335574074095
1.942476930518000 1492276338.542462587356567 12.039940500000021
1.949198303980000 1491750922.969266653060913 12.044545203703725
1.942476930518000 1492792678.518352031707764 12.049155685185207
3.492479276934000 1492785116.189281225204468 12.053760240740763
3.492479276934000 2001656531.725233554840088 12.059250962962984
3.453930940544000 2193109492.338162899017334 12.063692166666689
1.955919677442000 2147999006.671854019165039 12.068166462962985
1.954523173680000 1558666726.669210910797119 12.073310277777800
3.431870109590000 1492898317.747999668121338 12.077920500000022
3.495739780674000 1962806997.558990955352783 12.083382722222245
3.424158041928000 2183207780.229915142059326 12.087880351851874
1.948502192620000 2148328913.649024963378906 12.092367851851874
1.961239748160000 1559154828.360141515731812 12.097516444444466
1.949198303980000 1492870007.717538118362427 12.102123555555577
3.533225138086000 1492962789.200499057769775 12.106725962962985
3.402079226847000 2041470395.399766445159912 12.112239370370393
3.409793692214000 2159414873.713751316070557 12.116752925925949
3.431870109590000 2138781429.469712972640991 12.121170518518541
3.463794949783000 2128893768.960910797119141 12.125620462962985
1.956617149734000 2183142984.208034038543701 12.130117592592615
3.557474699538000 1484324080.660901784896851 12.135297944444467
3.531027613324000 2123476862.284627676010132 12.151100666666689
1.947806599200000 2236744347.391283988952637 12.157026314814837
1.934373450240000 1877414571.085597991943359 12.166652685185207
3.742679456130000 1488018667.191159963607788 12.175973851851873
3.748064883732000 1947658925.518390178680420 12.186112074074096
3.633513187857000 2192509471.473048686981201 12.190555240740762
3.501278718548000 2138554341.029040336608887 12.194997351851873
1.961940138776000 2185186946.375247478485107 12.199425240740762
1.947806599200000 1564449081.115902900695801 12.204599592592613
1.962641050904000 1492898010.951843976974487 12.209198851851873
3.423092271432000 1492785939.895305633544922 12.213801314814836
3.493566650886000 1962130886.257721900939941 12.219269166666688
3.456080484416000 2183418341.237500190734863 12.223763592592615
3.402079226847000 2148326732.305712699890137 12.228253166666690
1.947111005780000 2138572520.359156608581543 12.232687425925949
3.554156615158000 1558987424.759283781051636 12.237828333333356
3.515608278768000 2041903417.936381816864014 12.243359611111133
3.493566650886000 2204044930.381417274475098 12.247849685185207
1.940396829898000 2193044475.966909885406494 12.252275296296318
3.547551124520000 1565431271.157266616821289 12.257439444444467
1.948502192620000 2074688693.703812360763550 12.263952203703726
3.486938345884000 1570217814.582048416137695 12.269147074074096
1.935755557056000 2002205045.376081228256226 12.274650462962985
1.962641050904000 1565193339.473938703536987 12.279817444444467
3.439582177252000 1492444329.150579214096069 12.284421888888911
3.479223880517000 1962503428.662465810775757 12.289885092592614
1.961239748160000 2182119783.483189582824707 12.294387351851874
1.949198303980000 1989151177.674779653549194 12.310417055555577
3.455006312576000 1644365071.931868791580200 12.317218759259282
3.517796207352000 1718173315.793300867080688 12.328424166666689
3.663232139450000 2172608270.979696273803711 12.337338870370393
3.502367276618000 2135849187.262770414352417 12.346286685185209
2.083625773220000 2182560343.618224143981934 12.350774870370394
3.447294244914000 1565389291.942046403884888 12.355936092592616
3.445149499131000 1957056718.054220676422119 12.361408907407430
1.948502192620000 2070442691.415313243865967 12.365838629629652
1.962641050904000 1558454812.661615133285522 12.370973425925948
3.502367276618000 1492652377.369422674179077 12.375575851851874
1.935064246464000 2000700291.038441181182861 12.381073407407429
3.399963269598000 1565378460.170390844345093 12.386238000000022
1.948502192620000 1962034371.417524099349976 12.391697962962985
3.461640607822000 1557362161.695142269134521 12.396842074074096
1.949893379460000 2002049291.224102258682251 12.402344518518539
3.423092271432000 1565193746.774471044540405 12.407511629629651
1.927656875760000 1961815365.866043806076050 12.412981907407429
3.416445974266000 1558926613.234245538711548 12.418125129629651
3.494652811251000 1962425687.426477193832397 12.423587666666688
3.494652811251000 2182875517.049780845642090 12.428087018518539
3.493566650886000 2193789986.149815559387207 12.432526055555575
3.486938345884000 2193835371.707642555236816 12.436962537037058
1.947806599200000 2193668632.577877521514893 12.441396129629650
1.947806599200000 1565789079.098914861679077 12.446573425925946
3.494652811251000 1492976244.926882743835449 12.451172833333354
1.929722068638000 2001999932.667187213897705 12.456673425925947
1.989526544752000 1565656153.021093845367432 12.461853055555578
1.935064246464000 1408058774.884044170379639 12.466488444444467
1.947806599200000 1486815394.345115661621094 12.481099870370393
3.486938345884000 1483604851.660890817642212 12.487672648148171
1.947111005780000 2136800590.174738407135010 12.497675962962987
3.794337289704000 1488734843.591916561126709 12.507596592592616
3.834089287399000 2199386641.737166404724121 12.517600111111134
3.688661402124000 2234809108.326214313507080 12.522065703703728
3.662091957050000 2158634794.766557216644287 12.526582240740765
1.956617149734000 2067015114.232569217681885 12.531022500000025
3.571797464921000 1557355853.454734086990356 12.536164129629656
1.955221165698000 2041620372.640764951705933 12.541677333333359
1.957315401615000 1571349324.418244123458862 12.546873129629656
1.941090024720000 1492741931.204701662063599 12.551479925925952
3.557474699538000 1492305409.159536838531494 12.556079462962989
1.955919677442000 2041668214.796271085739136 12.561597870370397
3.422027690412000 1571255951.424808025360107 12.566785703703731
3.502367276618000 1962004459.301240444183350 12.572242462962990
3.430801938710000 2166864657.534246444702148 12.576737370370397
3.564082999554000 2148976269.424922943115234 12.581227592592619
1.948502192620000 2228201441.331876277923584 12.585734740740767
1.955221165698000 1571851612.811103343963623 12.590922370370397
1.947806599200000 1492991993.050724029541016 12.595527166666693
1.942476930518000 1492001142.085028886795044 12.600132129629657
1.934373450240000 1493162073.583168029785156 12.604737148148175
3.424158041928000 1493062662.103963613510132 12.609342388888916
3.408733906604000 1962910743.807240962982178 12.614819962962990
1.949198303980000 2138521315.896027326583862 12.619256314814843
3.555263192182000 1558174234.082518100738525 12.624402648148177
3.376834267764000 2041785838.299469709396362 12.629927722222250
3.431870109590000 2139751254.233912467956543 12.645176074074103
3.556368534186999 2127483351.993150949478149 12.651081018518546
1.949198303980000 2210861852.338484287261963 12.659974481481509
2.085112627150000 1851878416.273991584777832 12.669642259259287
1.941090024720000 1875584456.231503963470459 12.680398981481510
2.063461652834000 1492558776.503860712051392 12.685008722222250
3.818660356665000 1493089427.360643148422241 12.689610222222250
3.494652811251000 2037223033.039691925048828 12.695122111111138
1.929034183594000 2202684692.998899936676025 12.699616907407433
3.448366019049000 1539969671.398433923721313 12.704795981481508
3.448366019049000 1953704238.217025995254517 12.710269981481508
3.424158041928000 2138162389.513860940933228 12.714694870370396
3.478142515562000 2137575458.892810106277466 12.719128851851877
1.933682654016000 2183300899.711102008819580 12.723615888888915
3.429734959985000 1565046746.860125064849854 12.728782407407433
3.494652811251000 1962677986.412243127822876 12.734253018518544
3.492479276934000 2179152588.657016754150391 12.738742333333359
1.929722068638000 2193079857.896975517272949 12.743183555555582
1.948502192620000 1564553754.614860773086548 12.748350037037063
1.928345273386000 1493224283.318789958953857 12.752955240740768
3.414320420839000 1493104255.602181673049927 12.757549185185212
3.602655326389000 1962356355.414448261260986 12.763020314814842
3.478142515562000 2272584552.221750736236572 12.767557944444471
3.492479276934000 2209794072.019653320312500 12.772058259259286
3.430801938710000 2193710252.134555339813232 12.776489314814841
3.432937088315000 2149293295.674149036407471 12.780973981481507
3.547551124520000 2138333700.826860666275024 12.785408425925951
3.387703672662000 2228136624.941099166870117 12.789927962962988
1.949198303980000 2159220602.112069606781006 12.794441703703729
2.097816325488000 1558645757.654385089874268 12.799580370370396
3.408733906604000 1490187622.501177310943604 12.804181611111137
3.486938345884000 1656830190.487026453018188 12.819643925925952
3.486938345884000 2168206803.625040054321289 12.825608611111138
3.571797464921000 2189523109.010302543640137 12.834443148148175
1.937136892320000 2198117897.736122608184814 12.843360166666693
2.064197474118000 1474833270.252955436706543 12.853390481481508
2.068704939840000 1491818221.273825407028198 12.857998648148175
3.688661402124000 1492635462.009591579437256 12.862597518518546
1.941783219542000 1960436728.040152072906494 12.868073000000027
3.531027613324000 1555573794.904444932937622 12.873221277777805
1.928345273386000 1999290846.731692552566528 12.878755629629657
3.485854583224000 1561891980.394866943359375 12.883981018518545
1.927656875760000 2001718244.772625446319580 12.889487111111137
1.941090024720000 1565343710.722227573394775 12.894658611111137
3.486938345884000 1492692279.837775230407715 12.899261277777804
3.463794949783000 2001059160.273249149322510 12.904767037037063
3.525510672719000 2193150783.805120468139648 12.909200537037062
3.548654068820000 2238273212.186217308044434 12.913689518518543
3.408733906604000 2248635144.170497417449951 12.918121000000024
1.947111005780000 2159347588.178748130798340 12.922628888888912
3.416445974266000 1559142375.991795778274536 12.927775277777801
1.935755557056000 1962350919.321523427963257 12.933235222222246
3.426287996952000 1558871374.341075420379639 12.938381796296319
3.479223880517000 1963315918.301018476486206 12.943851740740763
1.921626300308000 2182894446.023956775665283 12.948346018518540
1.941783219542000 1565752767.448358774185181 12.953515240740762
3.407672936876000 1492834859.694031238555908 12.958123555555577
1.908188354152000 1962775435.997118473052979 12.963572962962985
3.392253602320000 1558414882.094058513641357 12.968719092592615
3.488022915816000 1963379013.829409122467041 12.974189185185207
3.495739780674000 2177410226.019731998443604 12.978673388888911
3.463794949783000 2149284979.755311012268066 12.993043870370393
3.393309771280000 2074053955.473397731781006 12.999014500000023
3.508990786210000 1728321093.047531604766846 13.009765277777801
3.692930626162000 2188314644.581093311309814 13.018673388888912
1.955919677442000 2130571245.871949434280396 13.027651037037060
2.076904399758000 1557515238.599410057067871 13.032793314814837
2.089600627258000 1492977161.599291801452637 13.037394888888912
2.082138088800000 1488912763.235187768936157 13.041997518518542
3.515608278768000 1457322079.333454132080078 13.046598351851875
3.446221273266000 2000462789.689037084579468 13.052106333333356
1.948502192620000 2148920030.163302421569824 13.056600388888912
3.548654068820000 1558489551.271666765213013 13.061744555555578
3.565191564396000 2042053565.441304683685303 13.067267740740762
3.501278718548000 2248349268.072402477264404 13.071696685185207
3.516702853872000 2203054767.018588066101074 13.076188777777800
3.500188944212000 2193469424.663727760314941 13.080612277777799
1.956617149734000 2193572996.472670555114746 13.085038037037059
1.949198303980000 1561594365.491319179534912 13.090211185185208
3.448366019049000 1492609578.843166828155518 13.094813148148171
1.955919677442000 1961702106.410948991775513 13.100264759259282
1.948502192620000 1559251117.364674806594849 13.105410796296319
1.941783219542000 1492923360.424881219863892 13.110013388888911
3.425222622948000 1492756895.879161596298218 13.114618259259281
3.431870109590000 1962441866.936331987380981 13.120075407407429
3.441721726668000 2138750139.111443996429443 13.124501648148170
3.408733906604000 2138581326.873681783676147 13.128935629629652
3.446221273266000 2137214128.072159051895142 13.133374388888910
1.962641050904000 2138502141.044728994369507 13.137789851851874
3.432937088315000 1558908569.374550580978394 13.142941703703727
3.493566650886000 1897026308.030676603317261 13.148406166666689
3.431870109590000 1643168502.790584802627563 13.164432277777800
1.926968478134000 1846799168.754511594772339 13.171409759259282
3.431870109590000 1846235026.171308279037476 13.181825462962985
2.056005761868000 1739853280.787962913513184 13.192027111111134
3.533225138086000 1622806521.907291889190674 13.201842462962986
3.695228910793000 2041368678.186917543411255 13.207368962962986
3.701792477760000 2158911752.885112285614014 13.211884481481505
3.493566650886000 2068818125.840380907058716 13.216305425925949
3.533225138086000 2182740165.780663967132568 13.220802666666689
1.955221165698000 2193226354.701444625854492 13.225228611111133
1.949198303980000 1565111324.362454175949097 13.230400351851873
1.955221165698000 1492748190.503763675689697 13.235005685185207
1.929034183594000 1492758461.112026214599609 13.239615555555577
1.949893379460000 1491722648.532281875610352 13.244217685185207
3.432937088315000 1484817110.372713088989258 13.248843425925948
1.949198303980000 1962808777.302180767059326 13.254316296296318
3.414320420839000 1558052879.321140766143799 13.259462185185207
1.941090024720000 1990752569.007222175598145 13.265938962962984
1.943863062085000 1558924626.838830232620239 13.271087666666688
3.548654068820000 1493052993.944469451904297 13.275687074074096
1.940396829898000 2041277410.664021730422974 13.281213444444466
3.408733906604000 1571228300.021061897277832 13.286400981481503
3.416445974266000 1963010100.255646705627441 13.291855555555577
3.448366019049000 2137673118.153740882873535 13.296286537037059
3.432937088315000 2138681190.223166942596436 13.300712722222244
3.556368534186999 2138706067.002673149108887 13.305125481481502
1.949198303980000 2227985991.782613277435303 13.309628129629651
3.533225138086000 1571220913.653473138809204 13.314823388888911
3.615833953382000 2035247851.170764446258545 13.320353962962985
3.501278718548000 2176319440.113640308380127 13.334785462962985
3.546446947880000 2183779954.598525524139404 13.340765037037059
3.571797464921000 2240330614.724595069885254 13.349665740740763
3.764659099096000 2178219388.059363842010498 13.358671092592616
3.473668555200001 2191124510.187684059143066 13.367659796296319
2.076904399758000 2191939047.794255733489990 13.372088888888912
3.695228910793000 1560326841.471456766128540 13.377255851851876
3.398905881693000 1962087975.226653814315796 13.382715722222246
1.940396829898000 2078208780.894775152206421 13.387155074074098
1.955919677442000 1557514055.401482820510864 13.392303351851876
3.494652811251000 1492689251.123656511306763 13.396905555555579
1.941090024720000 2001572620.810338020324707 13.402408518518541
1.935064246464000 1565548959.682787418365479 13.407583222222245
1.941090024720000 1491406903.045887470245361 13.412185055555579
1.936445838912000 1492667768.048901557922363 13.416780851851875
1.955221165698000 1492880942.618008136749268 13.421387407407432
1.955221165698000 1492681320.273909807205200 13.425987462962986
3.524414921534000 1492911247.654557704925537 13.430586611111135
3.549757834680000 2041452808.310992002487183 13.436112537037062
3.401021838942000 2243298413.322897911071777 13.440537111111135
1.949198303980000 2159284096.778689861297607 13.445054481481506
3.409793692214000 1559168406.780148744583130 13.450203500000024
1.942476930518000 1963088897.108477115631104 13.455660703703728
1.935064246464000 1558655856.919654130935669 13.460804666666691
3.486938345884000 1493242374.905025482177734 13.465411166666691
3.417508157581000 2001890571.558290958404541 13.470917555555580
3.440651553682000 2150470089.916028976440430 13.475403222222248
1.941090024720000 2193629196.897673130035400 13.479844333333359
3.502367276618000 1564263550.632571697235107 13.485018685185210
3.510081741985000 1921926485.377529144287109 13.490542907407432
1.943169609186000 2200233481.246397972106934 13.504873981481506
1.941783219542000 1612240082.796489238739014 13.511727018518544
3.419633711008000 1825970891.549069166183472 13.522314500000025
3.760449420298000 2138443816.968598127365112 13.532283240740766
1.930410722555000 1875902976.754992008209229 13.542964148148172
2.076162681102000 1564078857.306508064270020 13.548137111111135
2.091092555214000 1487607351.558166980743408 13.552744851851875
1.949198303980000 1437704153.562520265579224 13.557355351851875
3.425222622948000 1492243838.909232854843140 13.561962370370393
1.941783219542000 1963015440.299316644668579 13.567426666666689
3.409793692214000 1558148474.471517801284790 13.572580314814838
3.532126989196000 1962839118.410560131072998 13.578037629629652
3.479223880517000 2227781380.268642902374268 13.582555537037059
1.937136892320000 2203697696.262606143951416 13.587050648148171
1.921626300308000 1564135345.234857082366943 13.592224796296319
1.929034183594000 1492935662.009046792984009 13.596822333333357
3.407672936876000 1480212621.026993274688721 13.601422240740764
3.395420537520000 1962546000.405707120895386 13.606899648148172
3.403137402378000 2138353759.700294256210327 13.611328685185208
1.935064246464000 2128680408.769324541091919 13.615781074074098
3.493566650886000 1558334889.811424016952515 13.620928814814839
3.408733906604000 2001758381.795195817947388 13.626421870370395
3.463794949783000 2147739548.488094329833984 13.630917055555580
3.479223880517000 2183182573.197034835815430 13.635398870370395
1.928345273386000 2193721780.418401718139648 13.639837277777803
1.941783219542000 1564694234.404536724090576 13.645009722222246
3.418571132094000 1492985851.220513343811035 13.649611611111135
2.015691923400000 1963040261.286285400390625 13.655071777777803
1.922312810132000 1464307028.002449035644531 13.660243944444469
3.407672936876000 1489590821.690176963806152 13.674854074074098
3.440651553682000 2077274178.740583658218384 13.680945666666691
3.417508157581000 2117419681.307187318801880 13.690771685185210
3.618084257123000 1730361540.406516075134277 13.701537962962988
3.502367276618000 2188366988.359571456909180 13.710566203703728
3.793156300776000 2182471855.842466831207275 13.715052037037061
3.810945891298000 2238244251.734390258789062 13.719536481481505
3.470430447900000 2241130439.132156372070312 13.723979166666691
3.393309771280000 2183670479.926811695098877 13.728472907407431
3.458230028288000 2117813369.153622150421143 13.732967222222246
1.995535004166000 2138084596.012416124343872 13.737393925925950
3.501278718548000 1559031644.477672100067139 13.742546074074099
3.576173081872000 1999557497.631107091903687 13.747979148148174
1.947806599200000 2237165691.670274257659912 13.752471092592618
3.554156615158000 1571777451.151772975921631 13.757661962962988
1.955919677442000 2042399038.816014528274536 13.763187555555580
1.955221165698000 1571145313.892552852630615 13.768382185185210
1.935064246464000 1493309506.652442455291748 13.772982277777803
1.947806599200000 1492706003.924343824386597 13.777587907407433
1.933682654016000 1492871678.056188344955444 13.782197407407434
3.430801938710000 1492931692.713782072067261 13.786799703703730
3.431870109590000 1959220250.698451519012451 13.792274777777804
1.941783219542000 2138450180.227106809616089 13.796718759259285
1.948502192620000 1558842790.864952325820923 13.801867833333359
3.494652811251000 1492915496.923138856887817 13.806472092592619
1.935064246464000 2002399278.590559720993042 13.811975722222249
3.425222622948000 1564874750.352548837661743 13.817149685185212
3.396475920640000 1963335895.865548133850098 13.822622666666694
3.609247665816000 2138395534.450138330459595 13.827056611111139
3.539839056858000 2180779639.223055839538574 13.831550000000028
3.432937088315000 2203579250.347324848175049 13.845852425925955
3.440651553682000 2079992946.263125658035278 13.851848722222250
3.502367276618000 1728233525.267508745193481 13.862609870370399
2.043297532448000 2155834509.663653850555420 13.871514944444472
2.071660287620000 1632962413.085550069808960 13.881361259259288
1.974672897120000 1492319857.183638811111450 13.885967018518548
2.077645014666000 1492897499.456753730773926 13.890568981481511
2.071660287620000 1492581532.574765920639038 13.895166666666697
1.927656875760000 1457931145.167129278182983 13.899770555555586
1.927656875760000 1485148765.419676780700684 13.904371759259289
3.386650296113000 1484090021.691974163055420 13.908981759259289
3.424158041928000 1961182615.166069269180298 13.914456944444474
3.502367276618000 2138340410.735083341598511 13.918877203703733
3.501278718548000 2125275787.237021207809448 13.923374296296325
3.438511605988000 2192320260.292829513549805 13.927813740740770
1.961940138776000 2147568925.074719429016113 13.932305870370399
3.438511605988000 1559194937.200569629669189 13.937454537037066
3.557474699538000 1955328132.450062274932861 13.942930814814844
3.493566650886000 2227962289.694896221160889 13.947444759259287
3.555263192182000 2203952450.788011550903320 13.951927444444472
3.399963269598000 2237784614.369761466979980 13.956419129629657
3.432937088315000 2159556207.482295513153076 13.960932500000027
3.407672936876000 2138516825.833738803863525 13.965345907407434
3.410854267236000 2138693678.076898813247681 13.969779333333360
3.507898611490000 2125757173.971665143966675 13.974243129629656
1.948502192620000 2183045323.788582801818848 13.978723648148174
1.954523173680000 1565476336.670905828475952 13.983893000000025
3.410854267236000 1492416461.328820466995239 13.988499981481507
3.579511930288000 1963599254.919226408004761 13.993967944444469
1.948502192620000 2226327960.050633430480957 13.998488481481505
3.570687327506000 1567427298.371586084365845 14.003687814814839
3.536535777525000 2143733015.273386478424072 14.019051018518542
1.968659111854000 2234364315.129363536834717 14.024968870370394
3.533225138086000 1851189093.827027559280396 14.034615462962986
3.864947148867000 1978189498.088417291641235 14.044743777777800
2.097068520144000 2262286342.755452632904053 14.053693037037059
3.764659099096000 1577275456.501821756362915 14.058907814814836
1.948502192620000 2001552559.811995506286621 14.064408074074095
2.096319600336000 1561211051.766197681427002 14.069577685185205
1.935064246464000 1444526078.627453327178955 14.074188740740761
1.955919677442000 1492093258.114784717559814 14.078787685185205
3.442791501376000 1492743339.271854400634766 14.083392481481502
1.941090024720000 1962613323.497164487838745 14.088864851851872
3.437442229558000 1558865175.622179031372070 14.094005833333354
1.953825181662000 1962524840.254507541656494 14.099465907407428
3.448366019049000 1558239765.051817417144775 14.104617555555576
3.448366019049000 1963221258.883248805999756 14.110089777777798
3.430801938710000 2138306172.715391397476196 14.114510666666687
3.431870109590000 2138384121.560945510864258 14.118944351851873
3.434004861810000 2138669778.832812309265137 14.123375388888910
3.448366019049000 2132391335.812560319900513 14.127802296296316
3.434004861810000 2137955654.769369602203369 14.132232185185206
1.941783219542000 2138527335.299080371856689 14.136666148148169
3.548654068820000 1559115665.599021196365356 14.141811888888910
1.961239748160000 2042461338.435710430145264 14.147338240740762
3.549757834680000 1571146996.983597278594971 14.152525925925946
3.416445974266000 2041809904.399498701095581 14.158054333333354
1.941783219542000 2159429871.263632774353027 14.162572611111132
3.439582177252000 1559086388.940834522247314 14.167722018518539
3.425222622948000 1961552290.359393596649170 14.173190592592613
1.940396829898000 2057304739.389845848083496 14.177632092592614
3.431870109590000 1492222380.176977396011353 14.192769000000022
3.423092271432000 2024533385.574224710464478 14.198866111111133
3.517796207352000 1778534019.272756814956665 14.207746425925949
3.408733906604000 2188068549.574624061584473 14.216675351851874
3.755776951394000 2150293511.019904613494873 14.225591037037059
1.947806599200000 2169531347.151799201965332 14.231821740740763
2.076162681102000 1564297558.669302940368652 14.236991962962986
2.091092555214000 1492973347.201195001602173 14.241603388888912
2.091838796915000 1492634279.001657485961914 14.246206574074098
1.941090024720000 1431828013.165456295013428 14.250814592592617
3.432937088315000 1491644711.590687036514282 14.255417425925950
3.455006312576000 1962776355.199967384338379 14.260889148148172
1.949893379460000 2186303670.243561267852783 14.266390851851876
3.494652811251000 1565111105.540953874588013 14.271562444444468
3.409793692214000 2001508118.122123241424561 14.277070240740764
3.493566650886000 2148851674.720123767852783 14.281558000000024
3.494652811251000 2182938748.423369884490967 14.286050703703728
1.948502192620000 2148386510.725423336029053 14.290545907407431
1.956617149734000 1558834460.810991048812866 14.295684111111134
1.949893379460000 1491955019.808677196502686 14.300283666666690
3.409793692214000 1493182760.704072237014771 14.304881259259282
3.548654068820000 1963483697.032714366912842 14.310348907407430
1.934373450240000 2227944196.190648078918457 14.314866055555578
3.425222622948000 1571213070.926207780838013 14.320061074074097
3.403137402378000 1963554663.944350719451904 14.325521203703726
1.941783219542000 2138699250.695425033569336 14.329954944444466
3.485854583224000 1559176427.873001337051392 14.335106351851874
1.927656875760000 1994341627.753400087356567 14.340630666666689
3.393309771280000 1539444197.844007492065430 14.349041333333355
3.434004861810000 1959415044.008124828338623 14.354511703703725
3.516702853872000 2135147263.062611579895020 14.368771018518540
3.510081741985000 2168387080.579030990600586 14.374746518518540
3.447294244914000 1896608533.671598672866821 14.385403648148170
2.084368784940000 2148706397.181685924530029 14.394303111111133
2.069443708024000 1622788420.665528774261475 14.404122648148171
3.425222622948000 1492448358.204155206680298 14.408729166666689
2.070921244392000 1962874325.741937637329102 14.414201574074095
3.402079226847000 1517383657.452323198318481 14.419317055555577
1.956617149734000 1948658197.176234960556030 14.424789129629652
1.948502192620000 1558394508.628885984420776 14.429931203703726
3.470430447900000 1487662724.249285221099854 14.434536074074096
1.941090024720000 2001179367.745105504989624 14.440038425925948
3.533225138086000 1565304368.374131202697754 14.445210703703726
3.431870109590000 2041801562.327204227447510 14.450736648148171
3.461640607822000 2159228656.897705078125000 14.455249555555579
3.547551124520000 2183195805.953239440917969 14.459744462962986
3.547551124520000 2237554414.276167392730713 14.464233685185208
1.933682654016000 2248924439.512394428253174 14.468672611111135
1.921626300308000 1571986712.029785633087158 14.473865277777801
1.940396829898000 1493084039.087947845458984 14.478470277777800
1.940396829898000 1493017635.947108268737793 14.483077870370392
1.943863062085000 1492892889.332389116287231 14.487680240740763
1.902148689746000 1492405259.598041772842407 14.492279944444467
3.440651553682000 1491497365.660754919052124 14.496887888888912
3.416445974266000 1962987801.533695459365845 14.502357611111135
1.948502192620000 2133255968.507486820220947 14.506793703703728
3.426287996952000 1558970225.743457317352295 14.511942944444469
3.425222622948000 1962739529.172178030014038 14.517417148148173
3.447294244914000 2017177677.086797475814819 14.521871962962988
3.399963269598000 2228348001.203675746917725 14.536272296296321
3.448366019049000 2140030191.211003065109253 14.542234296296321
1.935755557056000 2092943815.804891109466553 14.551084814814839
3.710657841527000 1487484320.244406461715698 14.560977259259284
3.441721726668000 1911128933.876259088516235 14.571087092592617
2.082881654180000 2137427457.940717220306396 14.575510962962987
1.955221165698000 1558517274.368620634078979 14.580659888888913
2.084368784940000 1487936998.891334772109985 14.585270037037061
1.948502192620000 1444326186.768553972244263 14.589884185185209
