1370191762.675823211669922 0.001062462962963
1486521574.879561901092529 0.002131092592593
1491306873.117074012756348 0.003188351851852
1486204376.490391492843628 0.004244500000000
1491962305.831200361251831 0.005300759259259
1492158628.306947946548462 0.006357037037037
1492325926.445570945739746 0.007412944444444
1486606556.802243947982788 0.008469240740741
1492149467.814620494842529 0.009525333333333
1492109449.246900558471680 0.010581462962963
1492298807.435987472534180 0.011637388888889
1488085849.552866697311401 0.012693500000000
1492231846.955057859420776 0.013749592592593
1492352615.147156953811646 0.014805407407407
1492340394.192326545715332 0.015861481481481
1488938841.352223396301270 0.016917629629630
1492171053.785314559936523 0.017973611111111
1492366563.771572828292847 0.019029462962963
1488395249.289498567581177 0.020085055555556
1492080942.694816589355469 0.021141129629630
1492326873.498307704925537 0.022197037037037
1492449827.232385635375977 0.023252833333333
1488007472.635419607162476 0.024308537037037
1492264459.331485986709595 0.025364500000000
1492345727.515083551406860 0.026420351851852
1492422963.586613178253174 0.027476129629630
1433079744.344403743743896 0.028539481481481
1490952118.992974519729614 0.029596500000000
1492177586.811645030975342 0.030652425925926
1492322828.431630373001099 0.031708370370370
1485568505.759217500686646 0.032764648148148
1492059863.229878902435303 0.033820759259259
1492308623.138843536376953 0.034876703703704
1488711421.962771415710449 0.035885481481481
1492208839.003858327865601 0.036941407407407
1784194620.975386857986450 0.037996259259259
2138427891.287925481796265 0.039050351851852
2132868579.662267923355103 0.040104222222222
2138094187.496706247329712 0.041158462962963
2138344980.237154245376587 0.042212629629630
2138402087.213183641433716 0.043266666666667
2132891833.005341768264771 0.044320592592593
2081989468.510847330093384 0.045375629629630
2137951983.701856374740601 0.046430055555556
2138381026.001405477523804 0.047484129629630
2133951288.945121049880981 0.048537962962963
2138236653.960335254669189 0.049592166666667
2137438044.394493103027344 0.050646685185185
2138363569.282665014266968 0.051700740740741
2134991410.655003547668457 0.052755018518519
2138269472.648701906204224 0.053809203703704
2138356359.803232669830322 0.054863277777778
2134683152.509161949157715 0.055883981481481
2014306205.176177024841309 0.057487481481481
2128680753.138075351715088 0.058549703703704
2137890898.872457981109619 0.059604111111111
2131978957.722234964370728 0.060658425925926
2138228866.558920383453369 0.061712574074074
2138384630.251067161560059 0.062766592592593
2138516690.091356277465820 0.063820666666667
2135077141.953841209411621 0.064875000000000
2138253174.784395694732666 0.065929314814815
2138349906.883586645126343 0.066983351851852
2134876990.124064445495605 0.068037166666667
2138340612.427750825881958 0.069091259259259
2138504172.742765665054321 0.070145277777778
2138366986.982414722442627 0.071199407407407
2134833468.067906379699707 0.072253148148148
2138375713.708473205566406 0.073307240740741
2117991679.685443162918091 0.074362222222222
2137226700.826503992080688 0.075417537037037
2134903706.305989742279053 0.076471796296296
2138246706.250219583511353 0.077525981481481
2138379508.441524267196655 0.078580074074074
2138378368.881548643112183 0.079634111111111
2135471794.241141319274902 0.080688203703704
2138385959.981026887893677 0.081742333333333
2138343265.750728845596313 0.082796370370370
2138458632.745928049087524 0.083850388888889
2135396764.049680948257446 0.084904518518518
2138359774.416275978088379 0.085958574074074
2138389564.300773143768311 0.087012648148148
2135261822.335471153259277 0.088066444444444
2138263214.291988134384155 0.089120648148148
2138359962.752780199050903 0.090174666666667
2138468690.702087163925171 0.091228666666667
2134951818.661043643951416 0.092282555555556
2138246508.441227436065674 0.093336685185185
2138460151.802656412124634 0.094390685185185
2138388425.250803709030151 0.095444703703704
2133110029.861232995986938 0.096498962962963
2138209893.893612384796143 0.097553111111111
2070872912.769937038421631 0.098642185185185
2138191888.141368865966797 0.099696425925926
2134007551.145842552185059 0.100750962962963
2138332267.584849834442139 0.101805111111111
2138459389.658989191055298 0.102859166666667
2136172537.820594072341919 0.103883740740741
2138393359.100492000579834 0.104937814814815
2138413661.038983821868896 0.105991907407407
2138492409.867172718048096 0.107045907407407
2134992320.534223556518555 0.108099703703704
2138412333.099086523056030 0.109153777777778
2138346684.937282562255859 0.110207888888889
2138466985.276030540466309 0.111261851851852
2102317470.355731487274170 0.112316018518519
2137893311.318766355514526 0.113370314814815
2138397723.080166816711426 0.114424370370370
2138575524.905560970306396 0.115478351851852
2128642591.161385536193848 0.116532648148148
2138273637.609360218048096 0.117586759259259
2138383303.174575328826904 0.118640851851852
2138411763.672458410263062 0.119694944444444
2135028035.413153409957886 0.120749166666667
2138461851.975475549697876 0.121803296296296
2138364137.882567644119263 0.122857333333333
2136539106.901217699050903 0.123883722222222
2138193019.129762649536133 0.124937925925926
2138420113.145226240158081 0.125991962962963
2138478549.594181537628174 0.127046074074074
2133552743.950656414031982 0.128099907407407
2138449523.876453638076782 0.129153944444444
2138379508.441524267196655 0.130208037037037
2138511007.642976284027100 0.131262018518519
2134491065.310210466384888 0.132315962962963
2138455594.792600154876709 0.133370018518519
2138465273.995466947555542 0.134424037037037
2138556939.783169984817505 0.135477944444444
2134422900.521904230117798 0.136531777777778
2138417266.945430040359497 0.137585814814815
2003890478.279947519302368 0.138640907407407
1492592358.699084520339966 0.139696574074074
1487192157.963034391403198 0.140752611111111
1492405998.421468019485474 0.141808444444444
1492444748.474005222320557 0.142864222222222
1489741444.315545082092285 0.143885851851852
1492479873.717442750930786 0.144941685185185
1492381288.149863004684448 0.145997462962963
1492538705.772975444793701 0.147053148148148
1489203011.213083505630493 0.148108462962963
1492408496.158838272094727 0.149164277777778
1492435015.960992097854614 0.150220092592593
1492027423.201009988784790 0.151276240740741
1488878256.750355243682861 0.152331740740741
1492460164.883353710174561 0.153387481481481
1492349773.739783287048340 0.154443296296296
1492548178.293893814086914 0.155498981481481
1489460597.659197568893433 0.156554333333333
1492445091.470366477966309 0.157610129629630
1492358297.961904048919678 0.158665944444444
1492491080.355733394622803 0.159721666666667
1489569769.889153957366943 0.160777518518519
1492476005.051568031311035 0.161833296296296
1492478846.558619022369385 0.162889074074074
1489086716.967889070510864 0.163944444444444
1492355543.083641529083252 0.165000314814815
1492485739.343974590301514 0.166056055555556
1492306985.390834808349609 0.167111962962963
1489248197.083750009536743 0.168167351851852
1492314818.387498378753662 0.169223222222222
1492601491.097272157669067 0.170278870370370
1492407632.811266660690308 0.171334740740741
1489219623.462530374526978 0.172390166666667
1492358384.341512203216553 0.173446037037037
1492518207.970811128616333 0.174501740740741
1492457142.857142925262451 0.175557574074074
1489461149.715729713439941 0.176612907407407
1492417967.516750335693359 0.177668722222222
1492518627.657335042953491 0.178724500000000
1492498132.004981517791748 0.179780296296296
1489232237.800277233123779 0.180835648148148
1492454138.820186376571655 0.181891370370370
1492421673.010471582412720 0.182947129629630
1489127973.892904758453369 0.184002611111111
1492410046.831424474716187 0.185058407407407
1492411941.136232137680054 0.186114203703704
1492518549.702678442001343 0.187169925925926
1489303153.129441499710083 0.188225314814815
1492391532.350000858306885 0.189281185185185
1492461797.516312122344971 0.190336962962963
1492451035.765027761459351 0.191392722222222
1488313978.570050716400146 0.192448703703704
1492511313.804595708847046 0.193504444444444
1479858104.464891433715820 0.194569129629630
1492446463.335496425628662 0.195625000000000
1488153519.694153070449829 0.196680962962963
1492384040.687478065490723 0.197736888888889
1492416416.732438802719116 0.198792722222222
1492492711.932784795761108 0.199848481481481
1489030967.244160652160645 0.200904555555555
1264076291.398294687271118 0.202201240740741
963511520.256160497665405 0.203265388888889
1480437840.100460290908813 0.204327166666667
1491881684.808329582214355 0.205383666666667
1492224271.861684322357178 0.206439759259259
1492358297.961904048919678 0.207495574074074
1488414772.727272510528564 0.208551574074074
1492272290.424412488937378 0.209607500000000
1492440273.636204242706299 0.210663240740741
1492428303.309887409210205 0.211719000000000
1488476081.924668550491333 0.212775074074074
1492394029.746036052703857 0.213830925925926
1436416357.804704189300537 0.214870185185185
1484246347.314094543457031 0.215889222222222
1779009688.629901170730591 0.216944296296296
2112875932.393773078918457 0.217999425925926
2119252911.813643932342529 0.221360574074074
1790536847.993287801742554 0.222419981481481
1490303402.646502971649170 0.223477981481481
1486304061.990498065948486 0.224534296296296
1458361393.857635974884033 0.225591314814815
1490459935.925491571426392 0.226649111111111
1465835914.344341516494751 0.227705018518518
1486945081.493671417236328 0.228762814814815
1492233047.503813982009888 0.229818870370370
1466505480.629264116287231 0.230874777777778
1488746610.060936450958252 0.231886759259259
1467924165.629000902175903 0.232942666666667
1491590082.123658180236816 0.234000240740741
1492344867.500307083129883 0.235056148148148
1463685656.154628753662109 0.236111962962963
1491618537.200504541397095 0.237169296296296
1467961698.321671009063721 0.238225240740741
1491567899.721643686294556 0.239283037037037
1482086685.135182619094849 0.240339222222222
1468270653.222270965576172 0.241395240740741
1491662288.536303520202637 0.242452685185185
1492248106.060606002807617 0.243508685185185
1464230732.810773849487305 0.244564740740741
1491654120.325773000717163 0.245622055555555
1468160806.663744211196899 0.246678074074074
1491703073.286051988601685 0.247735574074074
1488791001.858540534973145 0.248791759259259
1158901200.409041881561279 0.254822111111111
1466910872.511206150054932 0.255888000000000
1491117741.878963947296143 0.256944925925926
1492068429.728876590728760 0.258000888888889
1492258685.701257705688477 0.259056796296296
1487644254.214394807815552 0.260112481481481
1492145833.333333253860474 0.261168481481481
1492298282.847771644592285 0.262224277777778
1492383955.662346124649048 0.263280148148148
1476346305.617425918579102 0.264336055555555
1491987060.123086690902710 0.265392222222222
1492421495.720499515533447 0.266448074074074
1492372160.735270977020264 0.267503870370370
1488493371.212121009826660 0.268559870370370
1492279611.378064632415771 0.269615833333333
1492376723.140060901641846 0.270671722222222
1492344435.674822330474854 0.271727555555555
1489126236.408277988433838 0.272783481481481
1492221403.767231225967407 0.273839370370370
1492396702.332923889160156 0.274895111111111
1488371506.272480010986328 0.275950574074074
1492327732.566297054290771 0.277006425925926
1492258176.525261640548706 0.278062407407407
1492370352.181843757629395 0.279118259259259
1486977296.652396678924561 0.280173740740741
1492224778.605874776840210 0.281229759259259
1492256791.595783948898315 0.282285666666667
1492506841.145102500915527 0.283341370370370
1486195453.110198974609375 0.284397037037037
1492338757.759618520736694 0.285453074074074
1492303798.800378799438477 0.286508962962963
1492467742.501315593719482 0.287564703703704
1486842696.234955549240112 0.288620222222222
1492330661.709254980087280 0.289676129629630
1492264113.221444845199585 0.290732074074074
1492487028.818999767303467 0.291787833333333
1488635853.555898666381836 0.292843981481481
1492377499.473794937133789 0.293899759259259
1492239144.159944057464600 0.294955685185185
1487495710.752065658569336 0.296011296296296
1492218309.365135192871094 0.297067222222222
1458295031.428228855133057 0.298148462962963
1492321881.412111282348633 0.299204407407407
1487543612.149286746978760 0.300259796296296
1492205145.292250394821167 0.301315777777778
1492428907.209261417388916 0.302371518518519
1492420808.924124002456665 0.303427333333333
1461643341.569844007492065 0.304484055555556
1491951404.228463172912598 0.305540388888889
1492315074.980268478393555 0.306596222222222
1492438722.351826667785645 0.307651981481481
1489098920.768623352050781 0.308707259259259
1492404707.615673303604126 0.309763074074074
1492433039.238041639328003 0.310818833333333
1492467137.920752048492432 0.311874592592593
1489243966.605865001678467 0.312930444444444
1492311977.129627943038940 0.313986314814815
1492401522.459789991378784 0.315042111111111
1488974489.437855243682861 0.316097592592593
1492460507.621336221694946 0.317153351851852
1492409963.164357185363770 0.318209092592593
1492368716.455607414245605 0.319264907407407
1488971786.503842592239380 0.320320351851852
1492329626.771432638168335 0.321376203703704
1492353217.687194347381592 0.322432000000000
1492440616.723088502883911 0.323487759259259
1489092229.688240051269531 0.324543296296296
1492319553.817282438278198 0.325599166666667
1492331433.181905984878540 0.326654962962963
1491177151.475823879241943 0.327710870370370
1489311704.254498243331909 0.328766833333333
1492456376.074372768402100 0.329822574074074
1492335911.602210044860840 0.330878407407407
1491155597.200022220611572 0.331886351851852
1492337203.591974258422852 0.332942203703704
1492146585.288856029510498 0.333998092592593
1491309597.306019306182861 0.335053944444444
1489355419.151175022125244 0.336109870370370
1492411337.566211938858032 0.337165685185185
1492338408.110288858413696 0.338221500000000
1492497710.887754678726196 0.339277222222222
1489461248.399600028991699 0.340333092592593
1492453011.541025161743164 0.341388907407407
1492327732.566297054290771 0.342444759259259
1492539994.386752843856812 0.343500462962963
1489448384.720614433288574 0.344556351851852
1492459822.133347272872925 0.345612074074074
1492233115.277363777160645 0.346667981481482
1492523891.383665561676025 0.347723685185185
1489575845.800375223159790 0.348779555555556
1492424254.117482185363770 0.349835351851852
1492312924.215584754943848 0.350891222222222
1489355725.190839529037476 0.351946500000000
1492315420.232917070388794 0.353002351851852
1492392310.255915403366089 0.354058111111111
1491913802.777388334274292 0.355114259259259
1489276416.633052349090576 0.356170166666667
1492339097.797109603881836 0.357226018518519
1492324546.172060012817383 0.358281851851852
1492337203.591974258422852 0.359337703703704
1489332292.744524002075195 0.360393611111111
1492377240.677728414535522 0.361449425925926
1492414095.525424718856812 0.362505185185185
1492547231.041801929473877 0.363560870370370
1483479613.489293813705444 0.364616851851852
1492240437.733466625213623 0.365672796296296
1492465928.823251008987427 0.366728592592593
1492354853.985793113708496 0.367784425925926
1489209575.587513208389282 0.368840351851852
1492411681.136543035507202 0.369896185185185
1492423306.965078353881836 0.370951981481482
1488959330.479331970214844 0.372007462962963
1492370955.011838912963867 0.373063296296296
1492409359.597270727157593 0.374119055555556
1492401178.699221134185791 0.375174833333333
1489371121.906733036041260 0.376230740740741
1492467218.577893257141113 0.377286555555556
1492439930.537283658981323 0.378342277777778
1492447247.022504329681396 0.379398037037037
1489403476.156234025955200 0.380453907407407
1492459984.214680433273315 0.381509740740741
1492254551.194359540939331 0.382565629629630
1492407892.659826278686523 0.383621462962963
1489367486.889874935150146 0.384677333333333
1492503315.440479993820190 0.385733000000000
1492294673.705256223678589 0.386788907407407
1492531469.267471313476562 0.387844611111111
1489381142.797011375427246 0.388900500000000
1492527152.178488492965698 0.389956277777778
1492246974.639587402343750 0.391012166666667
1489197178.402849674224854 0.392067518518519
1492291321.045893669128418 0.393123500000000
1484304310.660642385482788 0.394185037037037
1492352443.922201395034790 0.395240944444445
1488298852.591318845748901 0.396296462962963
1492287608.524072647094727 0.397352296296296
1492365961.029166698455811 0.398408166666667
1492326785.463729381561279 0.399464018518519
1489441359.594506740570068 0.400519888888889
1492406601.887255907058716 0.401575703703704
1492408152.526616811752319 0.402631500000000
1492438901.168298244476318 0.403687166666667
1489144520.836256504058838 0.404743018518519
1491904092.295823574066162 0.405799203703704
1492443540.183113098144531 0.406855018518519
1490236348.964404344558716 0.407887703703704
1492289592.760180950164795 0.408943592592593
1492350118.389897346496582 0.409999425925926
1492512261.006840944290161 0.411055166666667
1489124072.221929788589478 0.412110555555556
1492381029.220893144607544 0.413166370370371
1492364066.857253074645996 0.414222240740741
1492453615.842000961303711 0.415278037037037
1489258769.236168384552002 0.416333388888889
1492403760.479882240295410 0.417389203703704
1492363464.169209480285645 0.418445092592593
1492456637.664889097213745 0.419500796296296
1489355327.545382738113403 0.420556629629630
1492418310.970797061920166 0.421612462962963
1492434411.996842861175537 0.422668296296296
1492458532.135840654373169 0.423724000000000
1489248952.103684902191162 0.424779907407408
1492354595.997684717178345 0.425835777777778
1492424171.198035478591919 0.426891518518519
1489066533.319296836853027 0.427946962962963
1492369319.278059482574463 0.429002759259259
1492348137.234266281127930 0.430058537037037
1492400575.307386159896851 0.431114333333333
1489204463.706068992614746 0.432169759259259
1492398421.468034744262695 0.433225592592593
1492383182.487897157669067 0.434281370370371
1492457061.671226978302002 0.435337148148148
1489273531.269741058349609 0.436392481481482
1492420205.209155559539795 0.437448314814815
1492325148.209211826324463 0.438504129629630
1492450954.252034902572632 0.439559833333333
1489186953.090749740600586 0.440615851851852
1492378790.802097797393799 0.441671648148148
1492253950.437573671340942 0.442727555555556
1492406861.713323354721069 0.443783333333333
1489136252.828004837036133 0.444839240740741
1492461193.061231851577759 0.445895037037037
1492310941.172343730926514 0.446950851851852
1489133513.456612348556519 0.448006370370371
1492360881.156166553497314 0.449062222222222
1492307152.629178762435913 0.450118037037037
1492543783.328655719757080 0.451173740740741
1489362908.886705160140991 0.452229000000000
1492270050.334099292755127 0.453284907407408
1492311286.503551721572876 0.454340740740741
1492501762.941393375396729 0.455396425925926
1488918330.818095684051514 0.456451722222222
1492369663.591398715972900 0.457507537037037
1492326697.419886827468872 0.458563333333334
1492490475.355200767517090 0.459619074074074
1489229395.146431922912598 0.460674425925926
1492343143.789244890213013 0.461730240740741
1492357006.296809673309326 0.462786037037037
1492507183.076356410980225 0.463841759259259
1489408694.737211227416992 0.464897740740741
1492365530.668444156646729 0.465953537037037
1492342886.207380294799805 0.467009388888889
1487311497.842180967330933 0.468064981481482
1492281414.966940879821777 0.469120888888889
1492361139.369277715682983 0.470176703703704
1492392654.178067684173584 0.471232481481482
1489206906.232453584671021 0.472287888888889
1492300445.442110061645508 0.473343851851852
1492365961.029166698455811 0.474399722222222
1492421495.720499515533447 0.475455574074074
1489249442.855387926101685 0.476510888888889
1492407892.659826278686523 0.477566722222222
1492330228.887135028839111 0.478622555555556
1492422276.793545007705688 0.479678296296296
1489023917.735623836517334 0.480733611111111
1492373796.369376420974731 0.481789444444445
1492279776.207096099853516 0.482845314814815
1490302783.893189430236816 0.483888351851852
1492342715.841531991958618 0.484944296296296
1492316446.814482212066650 0.486000000000000
1492325148.209211826324463 0.487055814814815
1486684983.420180082321167 0.488111314814815
1492286150.230624914169312 0.489167222222222
1475060712.180576086044312 0.490235407407408
1491224723.829563379287720 0.491291518518519
1488675727.338091611862183 0.492347500000000
1492373537.716821193695068 0.493403370370371
1492358900.601617336273193 0.494459166666667
1492498737.107977151870728 0.495514944444445
1488694258.356423854827881 0.496570907407408
1492322997.053458690643311 0.497626759259259
1492390585.264044046401978 0.498682629629630
1492472558.890077829360962 0.499738425925926
1489389512.451771497726440 0.500794351851852
1492399887.740962266921997 0.501850111111111
1492420122.079561948776245 0.502905888888889
1489070466.030319929122925 0.503961296296296
1492322828.431630373001099 0.505017240740741
1491906580.400820732116699 0.506073407407408
1492458008.840244054794312 0.507129185185185
1489149074.967119932174683 0.508185203703704
1492481003.332748651504517 0.509240944444445
1492336513.838706254959106 0.510296759259259
1492439065.459903001785278 0.511352537037037
1489394093.507768869400024 0.512408500000000
1492422016.417596101760864 0.513464277777778
1492354509.418739318847656 0.514520092592593
1492384388.703736066818237 0.515575833333333
1489441359.594506740570068 0.516631703703704
1492310082.957714319229126 0.517687574074074
1492306038.338098049163818 0.518743481481482
1492366563.771572828292847 0.519799333333333
1489419576.617500066757202 0.520855203703704
1492392738.752959728240967 0.521911037037037
1492329281.767955780029297 0.522966870370370
1489298566.390005111694336 0.524022222222222
1492376637.726913928985596 0.525078055555556
1492279776.207096099853516 0.526133925925926
1492441220.838449239730835 0.527189666666667
1489325113.995089530944824 0.528245592592593
1492381373.322809696197510 0.529301425925926
1492394289.121970176696777 0.530357240740741
1492415042.711055755615234 0.531413000000000
1489440892.271539449691772 0.532468981481482
1492471007.121057987213135 0.533524796296296
1492299319.489266157150269 0.534580648148148
1492454824.507551193237305 0.535636407407408
1489296853.625170946121216 0.536692296296296
1492388003.157063961029053 0.537748129629630
1492373796.369376420974731 0.538803962962963
1492517260.735335350036621 0.539859666666667
1489153299.777267456054688 0.540915574074074
1492429937.031905174255371 0.541971370370370
1492379134.949310779571533 0.543027185185185
1489179722.046746730804443 0.544082518518519
1492309826.549045085906982 0.545138425925926
1492388865.501999378204346 0.546194203703704
1492323599.052880764007568 0.547250037037037
1489275319.619087696075439 0.548305981481481
1492374743.488555669784546 0.549361814814815
1492326095.345003128051758 0.550417629629630
1492445695.643022298812866 0.551473407407407
1489320928.111682176589966 0.552529314814815
1492400575.307386159896851 0.553585111111111
1492343230.966202974319458 0.554640981481481
1492438722.351826667785645 0.555696740740741
1489074926.791632175445557 0.556752833333333
1492461797.516312122344971 0.557808611111111
1492267810.165210962295532 0.558864500000000
1490403514.798676490783691 0.559888740740740
1492378531.965272426605225 0.560944574074074
1492283820.047355890274048 0.562000407407407
1492485397.042572259902954 0.563056129629629
1489112814.934381484985352 0.564111611111111
1492390156.630944013595581 0.565167407407407
1492342283.880246162414551 0.566223277777778
1492398681.002578496932983 0.567279074074074
1489116636.543894529342651 0.568334425925926
1492492632.612966537475586 0.569390129629629
1492324803.115079164505005 0.570445925925926
1492572806.848281860351562 0.571501611111111
1489086977.869743824005127 0.572557648148148
1492400399.873723983764648 0.573613537037037
1492316022.099447488784790 0.574669370370370
1492458008.840244054794312 0.575725148148148
1489499526.465326547622681 0.576781037037037
1492377240.677728414535522 0.577836851851852
1492328936.752376794815063 0.578892666666666
1489221266.888927936553955 0.579948037037037
1492351323.382386684417725 0.581003833333333
1492318429.776709556579590 0.582059592592592
1492403416.764597654342651 0.583115388888888
1489290587.492103815078735 0.584170722222222
1492319297.076413154602051 0.585226629629629
1486043104.652787446975708 0.586286925925925
1492345556.900089502334595 0.587342870370370
1489183218.697360992431641 0.588398277777777
1492405998.421468019485474 0.589454111111111
1492384214.680347204208374 0.590509944444444
1492468770.280462503433228 0.591565740740740
1489294260.009470224380493 0.592621685185185
1492378876.104953050613403 0.593677537037037
1492352959.747434854507446 0.594733370370370
1492441563.908719301223755 0.595789129629629
1488582797.018851518630981 0.596845148148148
1492323342.161109685897827 0.597901018518518
1492321961.657867670059204 0.598956814814814
1489260614.779984474182129 0.600012296296296
1492318863.456984996795654 0.601068129629629
1492393516.813134670257568 0.602123851851852
1492400231.530204057693481 0.603179629629629
1489102135.349955081939697 0.604235055555555
1492393601.347084760665894 0.605290833333333
1492330918.848764419555664 0.606346703703703
1492060256.387773275375366 0.607402685185185
1489287744.788376569747925 0.608458018518518
1492372504.998772382736206 0.609513833333333
1492269704.303903818130493 0.610569722222222
1492416416.732438802719116 0.611625555555555
1486933850.364963531494141 0.612680962962962
1492342283.880246162414551 0.613736833333333
1492274439.650636434555054 0.614792722222222
1492490738.142015218734741 0.615848425925925
1489148674.242424011230469 0.616904425925925
1492420122.079561948776245 0.617960203703703
1492275987.863268852233887 0.619016074074073
1489121775.750131607055664 0.620071444444444
1492277280.858676195144653 0.621127333333333
1492316623.987091064453125 0.622183148148147
1492407205.374212980270386 0.623238944444444
1463073984.424331665039062 0.624294722222221
1491912151.499210834503174 0.625350833333333
1492345295.727215290069580 0.626406611111110
1492354164.839598178863525 0.627462407407407
1488996297.531102657318115 0.628517759259259
1492259378.123849153518677 0.629573703703703
1492354853.985793113708496 0.630629537037036
1492385939.062253236770630 0.631685259259259
1489339708.720828294754028 0.632740629629629
1492375002.192482471466064 0.633796425925925
1492366219.415943145751953 0.634852259259259
1490589000.000000000000000 0.635889296296296
1492325317.055201768875122 0.636945018518518
1492366047.001052379608154 0.638000944444444
1492474110.713533878326416 0.639056722222222
1489348236.532725095748901 0.640112092592592
1492316623.987091064453125 0.641167907407407
1492270396.352157115936279 0.642223833333333
1492409359.597270727157593 0.643279592592592
1489262559.441295862197876 0.644334944444444
1492335566.702915191650391 0.645390759259259
1492217521.704814434051514 0.646446592592592
1492473083.197389841079712 0.647502314814814
1489400968.726966619491577 0.648557537037037
1492355714.586402654647827 0.649613314814814
1492358469.715308189392090 0.650669037037037
1491493658.895963907241821 0.651724759259259
1489126782.300636768341064 0.652780666666666
1492352959.747434854507446 0.653836500000000
1492329024.676850795745850 0.654892370370370
1489268939.393939256668091 0.655948370370370
1492285804.482794761657715 0.657004259259259
1492029809.917935132980347 0.658060333333333
1492453272.995158672332764 0.659116111111111
1489587157.894737005233765 0.660171666666666
1491296480.120661735534668 0.661227574074074
1492301124.304983139038086 0.662283370370370
1492387918.332982301712036 0.663339148148148
1489321325.850578784942627 0.664395074074074
1492343056.603111505508423 0.665450833333333
1492259031.918625116348267 0.666506759259259
1492455428.872127771377563 0.667562500000000
1489292118.278438329696655 0.668618388888888
1492402041.782876491546631 0.669674111111111
1492322049.950891017913818 0.670729962962963
1492477556.962691307067871 0.671785722222222
1489291418.950912952423096 0.672841666666666
1492429593.769732475280762 0.673897444444444
1492249123.053178071975708 0.674953296296296
1489029723.469960689544678 0.676008703703703
1492276934.949225664138794 0.677064574074074
1492352183.827398777008057 0.678120314814814
1492381976.356684446334839 0.679176129629629
1489413497.965483427047729 0.680231981481481
1492328334.648776769638062 0.681287814814814
1485258740.770479679107666 0.682348722222222
1492345727.515083551406860 0.683404574074074
1489003525.017098903656006 0.684460518518518
1492345469.851625680923462 0.685516407407407
1492304400.441973447799683 0.686572277777777
1492487028.818999767303467 0.687628037037037
1489414996.053670167922974 0.688683870370370
1492356403.690321683883667 0.689739685185185
1492369663.591398715972900 0.690795500000000
1492418227.741528034210205 0.691851277777777
1489048318.922426462173462 0.692907148148148
1492336513.838706254959106 0.693962962962962
1492386368.021328687667847 0.695018759259259
1488516754.973858594894409 0.696074277777777
1492307408.966533184051514 0.697130055555555
1492311977.129627943038940 0.698185925925925
1492442854.135971307754517 0.699241703703703
1489284789.814279079437256 0.700297648148148
1492359589.581689119338989 0.701353481481481
1492350634.088158369064331 0.702409240740740
1492414439.065459728240967 0.703465018518518
1489196317.081725835800171 0.704520944444444
1492338150.694541931152344 0.705576796296296
1492310941.172343730926514 0.706632611111111
1492466190.735121250152588 0.707688370370370
1489064225.974435806274414 0.708744537037036
1492336256.489406347274780 0.709800388888888
1492336256.489406347274780 0.710856240740740
1490544141.884629011154175 0.711889944444444
1492322306.801838159561157 0.712945759259259
1492249723.756906032562256 0.714001592592592
1493857501.448156118392944 0.715056574074074
1488066954.416254520416260 0.716112018518518
1492313614.759992361068726 0.717167925925925
1492343746.163155794143677 0.718223722222222
1492482897.737239122390747 0.719279462962962
1477505944.656823396682739 0.720335499999999
1492379305.506839752197266 0.721391425925925
1464601196.724753141403198 0.722449870370370
1490227803.349843263626099 0.723507962962962
1485525866.451624155044556 0.724564314814814
1492083783.404643297195435 0.725620388888888
1492372160.735270977020264 0.726676185185185
1492387918.332982301712036 0.727731962962962
1489108788.298637390136719 0.728787870370370
1492295876.668361902236938 0.729843740740740
1492340559.882129907608032 0.730899518518518
1489012930.958856105804443 0.731954981481481
1492177934.445204496383667 0.733010925925925
1492363980.776651382446289 0.734066740740740
1492359503.262470960617065 0.735122518518518
1485296984.369243621826172 0.736178129629629
1492097437.786078929901123 0.737234074074073
1492320677.621310710906982 0.738290055555555
1492347621.720218896865845 0.739345907407407
1488996964.539504766464233 0.740401333333333
1492343488.555643320083618 0.741457166666666
1492311631.822646141052246 0.742513018518518
1492389209.478540182113647 0.743568814814814
1489187793.756576776504517 0.744624740740740
1492305603.788476705551147 0.745680574074073
1492297514.863466739654541 0.746736481481481
1492443197.165558815002441 0.747792277777777
1489439705.366538047790527 0.748848203703703
1492320067.353060007095337 0.749903999999999
1492357437.255555391311646 0.750959870370370
1489122032.530310630798340 0.752015296296295
1492237596.674909353256226 0.753071240740740
1492322049.950891017913818 0.754127092592592
1492370093.654635190963745 0.755182981481481
1489069920.867474794387817 0.756238407407407
1492312233.622730970382690 0.757294240740740
1492290449.881610155105591 0.758350074074073
1491785858.302505254745483 0.759406314814814
1489215433.745086908340454 0.760461722222221
1492261272.162887334823608 0.761517666666666
1492307498.026834964752197 0.762573499999999
1492441824.975003957748413 0.763629222222222
1489259220.287262678146362 0.764685166666666
1492328334.648776769638062 0.765740999999999
1492377843.649693965911865 0.766796796296296
1492405227.153131008148193 0.767852537037036
1489434729.992809057235718 0.768908407407407
1492299319.489266157150269 0.769964259259259
1492361225.599382638931274 0.771020129629629
1489026216.045483350753784 0.772075462962962
1492221403.767231225967407 0.773131351851851
1470440345.740483999252319 0.774187592592592
1492129083.162379741668701 0.775243759259258
1488923198.399747371673584 0.776299148148147
1492215027.360740900039673 0.777354999999999
1479271134.593993425369263 0.778420481481481
1492297258.904614210128784 0.779476425925925
1489146411.651166915893555 0.780531796296296
1492341249.517662286758423 0.781587611111110
1492397390.023152828216553 0.782643388888888
1492449745.658656358718872 0.783699129629629
1489336772.834956407546997 0.784754407407407
1492355801.104972362518311 0.785810240740740
1492262911.456780433654785 0.786866222222221
1490421280.980530261993408 0.787890611111110
1492267901.299521207809448 0.788946555555555
1492301815.311760187149048 0.790002388888888
1492533969.512516021728516 0.791058074074073
1489313878.603892087936401 0.792113388888888
1492337460.974497556686401 0.793169203703703
1492369663.591398715972900 0.794225018518518
1492371902.131018161773682 0.795280851851851
1488528495.227400302886963 0.796336259259258
1492338495.536418914794922 0.797392129629629
1492302416.950222730636597 0.798447944444444
1492399024.800926208496094 0.799503759259258
1489216529.215651988983154 0.800559129629629
1492392394.850387573242188 0.801614944444443
1492328077.590893983840942 0.802670814814814
1492410306.782901525497437 0.803726574074073
1488976802.947885513305664 0.804781944444444
1492401346.943070411682129 0.805837833333332
1492397818.156306982040405 0.806893685185184
1489130704.848133802413940 0.807949074074073
1492373279.082411289215088 0.809004981481480
1491892156.346993684768677 0.810061037037036
1492361397.600505113601685 0.811116814814814
1489447833.178414344787598 0.812172722222221
1492334619.567123889923096 0.813228537037036
1492422620.196102380752563 0.814284296296295
1492457747.219981193542480 0.815340111111110
1489521073.401736497879028 0.816395944444443
1492317659.645368814468384 0.817451814814814
1492425378.894190311431885 0.818507518518517
1492461797.516312122344971 0.819563296296295
1489381142.797011375427246 0.820619185185184
1492429333.146244764328003 0.821674999999999
1492389812.671016454696655 0.822730777777776
1492420725.824840784072876 0.823786537037036
1489384380.645048379898071 0.824842444444443
1492367769.319816350936890 0.825898259259258
1492351925.910334587097168 0.826954037037036
1489393079.001859903335571 0.828009333333332
1492300356.021677017211914 0.829065240740739
1492455167.333192825317383 0.830121018518517
1492355972.636379480361938 0.831176759259258
1489377354.519625186920166 0.832232648148147
1492329281.767955780029297 0.833288481481480
1492414095.525424718856812 0.834344240740739
1492357264.387574195861816 0.835399999999999
1489325359.942479372024536 0.836455981481480
1492380685.106905460357666 0.837511777777776
1492401003.209568977355957 0.838567648148147
1492455852.948398590087891 0.839623462962961
1489288427.476632118225098 0.840679444444443
1492352873.079351663589478 0.841735222222221
1492365961.029166698455811 0.842791092592591
1492401866.208299875259399 0.843846907407406
1489294658.202097415924072 0.844902870370369
1492383526.564116954803467 0.845958666666665
1492369922.121658563613892 0.847014444444443
1489107562.730303525924683 0.848069814814813
1492339442.622375726699829 0.849125685185183
1492141348.953035593032837 0.850181648148146
1490614179.849687099456787 0.851238703703702
1487787585.481325626373291 0.852294814814813
1491983656.577701568603516 0.853350851851850
1492196969.696969509124756 0.854406851851850
1492170861.322061777114868 0.855462722222221
1487780630.227786779403687 0.856518777777776
1491738168.688214302062988 0.857575296296295
1492345469.851625680923462 0.858631185185183
1492353820.248368740081787 0.859686962962961
1477503890.096025705337524 0.860743777777776
1491762305.427008867263794 0.861800222222220
1206827325.672910451889038 0.862859055555554
1485454939.387970924377441 0.863893259259257
1491458548.814052343368530 0.864949611111109
1492379393.811828851699829 0.866005388888887
1492417624.050655126571655 0.867061185185183
1487961259.759628057479858 0.868116648148146
1492283654.857944726943970 0.869172574074072
1492421673.010471582412720 0.870228333333331
1492431144.866780042648315 0.871284092592591
1488760944.296337842941284 0.872339944444443
1492076557.540900230407715 0.873396037037035
1456601792.310849666595459 0.874478851851850
1492302172.655058145523071 0.875534907407406
1488480938.519272089004517 0.876590944444443
1492421152.328334569931030 0.877646777777776
1492470926.663275480270386 0.878702537037035
1492460164.883353710174561 0.879758277777776
1488385416.666666507720947 0.880814277777776
1492341336.794289350509644 0.881870148148146
1492384817.764058113098145 0.882925962962961
1488639352.891633749008179 0.883981370370369
1492372590.630864381790161 0.885037240740739
1492464900.894579887390137 0.886092981481480
1492492632.612966537475586 0.887148685185183
1488870679.066502809524536 0.888204055555554
1492471269.206482648849487 0.889259833333331
1492401438.344150066375732 0.890315574074072
1492485476.741738557815552 0.891371351851850
1488827771.344352245330811 0.892426796296295
1492326183.418980121612549 0.893482666666665
1492426491.738871335983276 0.894538481481480
1492478161.726012945175171 0.895594222222220
1486500289.316336631774902 0.896650351851850
1492257484.084810972213745 0.897706296296295
1492371643.544907569885254 0.898762166666665
1492455428.872127771377563 0.899817907407406
1488862013.328656673431396 0.900873833333332
1492367252.446595668792725 0.901929722222220
1492414782.593443632125854 0.902985518518517
1488606853.954272031784058 0.904040870370369
1492283399.389709234237671 0.905096833333332
1492548595.885004520416260 0.906152592592591
1492390844.514601469039917 0.907208425925924
1489074542.008844137191772 0.908263759259258
1493219327.333017587661743 0.909319259259257
1491754736.177378654479980 0.910374962962961
1491670833.260286331176758 0.911431277777776
1489032282.967225790023804 0.912486759259257
1492368113.654301404953003 0.913542592592591
1492384214.680347204208374 0.914598425925924
1492460588.627354860305786 0.915654240740739
1489071451.120698690414429 0.916710129629628
1492358642.462509870529175 0.917765962962961
1492463349.178228616714478 0.918821722222220
1492426669.473241090774536 0.919877444444443
1484240016.835902690887451 0.920933388888887
1492181566.303089857101440 0.921989425925924
1492413835.441039800643921 0.923045222222221
1488798540.325268745422363 0.924100759259258
1492255335.566350460052490 0.925156740740739
1492417884.267948150634766 0.926212499999998
1492430884.184309005737305 0.927268296296295
1488983156.121697187423706 0.928323740740739
1492412024.694822549819946 0.929379592592591
1492378446.642812013626099 0.930435370370369
1492506499.201852560043335 0.931491055555554
1488856195.388988494873047 0.932546499999998
1492446299.836873531341553 0.933602259259258
1492316969.218626737594604 0.934658092592591
1492522944.148189783096313 0.935713796296295
1489167658.051271200180054 0.936769185185184
1492442593.047321796417236 0.937824999999998
1492338408.110288858413696 0.938880814814813
1489862887.277521610260010 0.939892148148146
1492340734.504893064498901 0.940948037037035
1492503394.200915575027466 0.942003759259258
1492510630.087005376815796 0.943059462962961
1455332491.316703557968140 0.944115129629628
1492074516.954798936843872 0.945171314814813
1492495553.489677429199219 0.946227074074072
1492405570.854747295379639 0.947282833333332
1488698915.675334453582764 0.948338277777776
1492286495.966327667236328 0.949394203703702
1492494527.083918094635010 0.950449907407406
1492428646.600715398788452 0.951505685185184
1489006439.387293100357056 0.952561111111109
1492320500.903239250183105 0.953616981481480
1492425970.746080160140991 0.954672870370369
1492533782.361608028411865 0.955728648148146
1488992243.708981037139893 0.956783944444443
1615142701.658913373947144 0.957838851851850
2138420682.748563528060913 0.958892870370369
2135108092.434759616851807 0.959946666666665
2138360914.936228513717651 0.961000777777776
2138041245.806032419204712 0.962054981481480
2138417646.128709316253662 0.963109037037035
2134784057.359763622283936 0.964162814814813
2138397153.900210857391357 0.965216888888887
2138412902.545722961425781 0.966270944444443
2138450093.996520996093750 0.967324962962961
2134986557.014075756072998 0.968378796296295
2138437190.344003438949585 0.969432833333332
2126854644.961619853973389 0.970491925925924
2138469447.275027036666870 0.971545962962961
2135005410.723069190979004 0.972600111111109
2138496389.606282711029053 0.973654166666665
2138402846.099789381027222 0.974708240740739
2138530360.531309127807617 0.975762240740739
2135086702.155695199966431 0.976816296296295
2138464133.241975545883179 0.977870351851850
2138406451.499551773071289 0.978924370370369
2135491198.482133388519287 0.979978481481480
2138370401.602192401885986 0.981032592592591
2138565088.289554595947266 0.982086574074073
2138417836.498761177062988 0.983140592592591
2135285418.130709886550903 0.984194666666665
2138272688.942763805389404 0.985248777777776
2138456356.736242771148682 0.986302777777776
2138482166.075130939483643 0.987356740740739
2135292059.030217885971069 0.988410814814813
2138388995.274151802062988 0.989464907407406
2138399241.013387441635132 0.990518944444443
2138450664.136622428894043 0.991572944444443
2135358468.025298833847046 0.992627018518517
2138466222.745401144027710 0.993681037037035
2138463376.495598793029785 0.994735055555554
2138598116.390216588973999 0.995788981481480
2134663902.747522830963135 0.996843129629628
2138439087.810534238815308 0.997897166666665
2138406830.879510641098022 0.998951203703702
2134975239.434144496917725 1.000004999999998
2138338902.651135921478271 1.001059055555554
2138446869.070208549499512 1.002113055555554
2138460343.676424264907837 1.003167018518517
2134977738.733198642730713 1.004220999999998
2138404174.573055028915405 1.005274999999998
2138470402.192820787429810 1.006328944444443
2138520312.060725450515747 1.007382870370369
2135384947.823337078094482 1.008436981481480
2138373814.041745662689209 1.009490981481480
2138481409.895979881286621 1.010544907407406
2138520506.062203407287598 1.011598796296295
2135050290.712993383407593 1.012653037037035
2138389374.000737667083740 1.013707055555554
2138493358.633775949478149 1.014761055555554
2138551441.775465965270996 1.015814925925925
2135356570.625439405441284 1.016868999999999
2138444022.770398378372192 1.017922999999999
2138410057.279404163360596 1.018976962962962
2135187521.968365669250488 1.020030666666665
2138439848.897478818893433 1.021084648148147
2138474011.597258806228638 1.022138537037036
2138460343.676424264907837 1.023192499999999
2135526995.449514150619507 1.024246518518517
2138416887.748827219009399 1.025300537037036
2138500008.785647630691528 1.026354444444443
2138468882.875918149948120 1.027408407407406
2135154724.672312736511230 1.028462370370369
2138376280.418167352676392 1.029516351851850
2138522587.106636524200439 1.030570296296295
2138513476.473275661468506 1.031624259259258
2135518115.050778388977051 1.032678222222221
2138493929.544056892395020 1.033732203703702
2138437760.247377634048462 1.034786222222221
2138518220.472994327545166 1.035840185185184
2135391840.607210636138916 1.036894185185184
2138397343.546856641769409 1.037948222222221
2138400569.279966354370117 1.039002185185184
2134973040.421792745590210 1.040055888888887
2138384061.281141042709351 1.041109925925924
2138500571.026970148086548 1.042163907407406
2138444592.813845157623291 1.043217888888887
2132258369.506001472473145 1.044271648148146
2138430170.247904777526855 1.045325666666665
2138471729.275749444961548 1.046379629629628
2138463760.476516962051392 1.047433574074072
2135218495.809982299804688 1.048487666666665
2138367741.368707656860352 1.049541648148146
2138495071.424806356430054 1.050595592592591
2138555042.083252668380737 1.051649499999998
2135447300.455048561096191 1.052703518518517
2138426944.971536874771118 1.053757518518517
2138412334.182553052902222 1.054811499999998
2138522964.472713232040405 1.055865462962961
2018182483.684204578399658 1.057474333333331
2118018030.925133228302002 1.058534240740739
1504112253.130810022354126 1.059590055555554
1486732676.046454668045044 1.060645648148146
1492265132.513637304306030 1.061701444444442
1491916533.693383932113647 1.062757537037035
1491525146.034697532653809 1.063813222222220
1489486739.633761167526245 1.064868999999998
1492318429.776709556579590 1.065924759259257
1463596542.480066061019897 1.067002388888887
1488958055.691940784454346 1.068058462962961
1492401782.112223863601685 1.069114222222220
1492464820.109811067581177 1.070169907407406
1492541735.377706050872803 1.071225499999998
1489424312.047284126281738 1.072281370370369
1492387489.475161552429199 1.073337074074072
1473013037.078572750091553 1.074393888888887
1491390692.053038120269775 1.075451129629628
1488408796.759088754653931 1.076507074074073
1492374916.681283950805664 1.077562814814813
1492390675.156554222106934 1.078618537037036
1492539576.170093297958374 1.079674166666665
1489369046.992580175399780 1.080729888888887
1492461635.617303609848022 1.081785555555554
1492437692.955374717712402 1.082841259259258
1490454185.371006011962891 1.083893203703702
1492433121.689409732818604 1.084949018518517
1492391622.375414371490479 1.086004740740739
1492485922.287518501281738 1.087060388888887
1489395414.919927597045898 1.088116148148147
1492419091.722359657287598 1.089171870370369
1492392913.523943185806274 1.090227611111110
1492512788.127565622329712 1.091283277777776
1489399203.662451028823853 1.092339037037035
1492437692.955374717712402 1.093394740740739
1492399115.882538795471191 1.094450407407406
1492536998.701799869537354 1.095505999999998
1488352210.744163990020752 1.096561870370369
1492456980.476766824722290 1.097617592592591
1492450611.328433513641357 1.098673277777776
1492541394.010631561279297 1.099728851851850
1489458637.384226799011230 1.100784555555554
1492398252.907435655593872 1.101840277777776
1492446479.317966699600220 1.102895944444443
1489247696.762305736541748 1.103951222222221
1492427616.692101240158081 1.105006944444443
1492529233.252056837081909 1.106062629629628
1492495737.290811538696289 1.107118296296295
1488980996.999526262283325 1.108173685185184
1492342366.994685173034668 1.109229407407406
1492456556.442417144775391 1.110285055555554
1492548707.962738752365112 1.111340666666665
1489386890.249249935150146 1.112396425925924
1492047698.377904653549194 1.113452444444443
1492418144.503499507904053 1.114508166666665
1492443980.563790559768677 1.115563851851850
1489524232.165722370147705 1.116619611111110
1492447165.310132026672363 1.117675314814814
1492428824.530320882797241 1.118730999999999
1492538628.868149518966675 1.119786629629628
1489337543.416482686996460 1.120842296296295
1492498500.078943252563477 1.121897907407406
1492458189.345168352127075 1.122953592592591
1489086458.315054178237915 1.124008907407406
1492448194.208135128021240 1.125064666666665
1492415563.001034975051880 1.126120351851851
1492581864.112415075302124 1.127175962962962
1488896262.502193450927734 1.128231333333332
1492473345.378637790679932 1.129287018518518
1492426326.129666090011597 1.130342722222221
1492480843.449582338333130 1.131398351851851
1489527626.732152223587036 1.132454092592592
1492480318.551782369613647 1.133509796296295
1492494368.618644952774048 1.134565388888888
1492548972.825038194656372 1.135620962962962
1463374434.508153438568115 1.136677074074073
1492412888.288635969161987 1.137732870370370
1492412117.597530126571655 1.138788574074073
1492592817.417849302291870 1.139844111111110
1490036885.605488777160645 1.140899425925925
1491553103.786988496780396 1.141955185185185
1492350118.389897346496582 1.143011018518518
1489186795.830262184143066 1.144066240740740
1492377499.473794937133789 1.145122018518518
1492514077.218587398529053 1.146177703703703
1492383182.487897157669067 1.147233481481481
1489298620.617037057876587 1.148288703703703
1492439587.426326274871826 1.149344407407407
1492417374.219352960586548 1.150400037037036
1492531656.228619575500488 1.151455648148147
1489250289.565125942230225 1.152510870370370
1492442347.162529468536377 1.153566518518518
1492431927.023945093154907 1.154622166666666
1492534839.660374641418457 1.155677796296295
1489389577.815586090087891 1.156733592592592
1492455347.588892698287964 1.157789277777777
1492409535.838332891464233 1.158844944444444
1490403432.263987779617310 1.159893814814814
1492442429.132753372192383 1.160949518518518
1492479816.143576622009277 1.162005092592592
1479828408.438701152801514 1.163069851851851
1488175801.810653448104858 1.164125333333332
1492495816.450034141540527 1.165181055555555
1492376466.873651504516602 1.166236777777777
1492618129.506500005722046 1.167292351851851
1483978593.486805200576782 1.168347759259258
1492378361.311371803283691 1.169403481481481
1492495658.123256683349609 1.170459092592592
1492546736.842105388641357 1.171514648148147
1488954200.884396791458130 1.172569981481481
1492456294.840984582901001 1.173625666666666
1492405311.069405317306519 1.174681462962962
1492609943.510754108428955 1.175737055555555
1489349644.830307722091675 1.176792888888888
1492478766.510550975799561 1.177848611111110
1492471108.304389238357544 1.178904277777777
1489206149.202393770217896 1.179959518518518
1492385161.799526453018188 1.181015351851851
1492549237.705924510955811 1.182070888888888
1492506157.246605873107910 1.183126555555555
1488986014.354150772094727 1.184181870370369
1492474292.630729675292969 1.185237555555555
1492498500.078943252563477 1.186293166666666
1492613125.624967098236084 1.187348777777777
1489423075.573028087615967 1.188403925925925
1492509682.851529598236084 1.189459629629629
1492547760.644176721572876 1.190515240740740
1492510288.210219860076904 1.191570925925925
1489347899.336632728576660 1.192626148148147
1492461373.842267751693726 1.193681851851851
1492496684.559520244598389 1.194737518518518
1492592210.526315927505493 1.195793074074073
1488583710.407239675521851 1.196848962962962
1492374657.966743707656860 1.197904740740740
1492441481.897277593612671 1.198960444444444
1489075632.611518621444702 1.200015740740740
1492451820.015788078308105 1.201071388888888
1492516577.202399969100952 1.202127055555555
1492526655.556529998779297 1.203182703703703
1489242708.223649740219116 1.204237925925925
1492442347.162529468536377 1.205293574074073
1492475844.647932052612305 1.206349240740740
1492621918.913703441619873 1.207404814814814
1488994542.614982128143311 1.208460129629629
1492563865.059733629226685 1.209515740740740
1492454743.193937778472900 1.210571444444444
1492506157.246605873107910 1.211627111111110
1489276373.973468303680420 1.212682444444444
1492473768.220167875289917 1.213738203703703
1492058362.415165662765503 1.214794185185184
1492627870.664397478103638 1.215849722222221
1488139534.883720874786377 1.216905611111110
1492478001.543751239776611 1.217961240740740
1492468609.118178606033325 1.219016925925925
1489357130.328012704849243 1.220072666666666
1492315933.487686634063721 1.221128444444444
1477029720.670391082763672 1.222205759259259
1486288949.465296745300293 1.223265537037036
1487568249.960549116134644 1.224321703703703
1492335309.386838674545288 1.225377555555555
1492446218.074656248092651 1.226433259259259
1492447769.572157859802246 1.227488944444444
1489485949.833362579345703 1.228544685185185
1492347190.065249204635620 1.229600462962962
1492480501.026261806488037 1.230656074074074
1492390759.840033531188965 1.231711851851851
1489536386.438180923461914 1.232767648148148
1492337116.096328973770142 1.233823444444444
1492465424.692137718200684 1.234879111111110
1490162438.214748144149780 1.235894425925925
1492329796.004279851913452 1.236950185185185
1492475924.853970527648926 1.238005907407407
1492516157.327813148498535 1.239061499999999
1489660562.046100616455078 1.240117166666666
1492441220.838449239730835 1.241172907407407
1492389039.942463397979736 1.242228592592592
1492435716.165248632431030 1.243284240740740
1489590535.159881353378296 1.244339999999999
1492452244.382465839385986 1.245395722222222
1492414272.181875705718994 1.246451388888888
1492485157.894737005233765 1.247506944444444
1489638219.867735624313354 1.248562629629629
1492487816.858170270919800 1.249618277777777
1492397305.688575506210327 1.250673999999999
1492520288.405873298645020 1.251729611111110
1489369931.247369050979614 1.252785462962962
1492380255.749092340469360 1.253841185185185
1241377978.106889724731445 1.255135351851851
937109795.704557418823242 1.256195907407407
1488823985.742740392684937 1.257255796296296
1890123233.564469337463379 1.258310703703703
2099465460.186142683029175 1.259385148148147
2133085867.903642654418945 1.260439092592592
2138265666.449992179870605 1.261493185185184
2138505130.728142023086548 1.262547111111110
2138496775.893876791000366 1.263601092592592
2134429540.104697465896606 1.264655277777777
2137449184.243339538574219 1.265709740740740
2138448009.277155160903931 1.266763703703703
2138431309.848018884658813 1.267817685185184
2062522240.179888725280762 1.268871833333332
1708567611.634145259857178 1.269928111111110
1463168510.563688993453979 1.270984314814813
1462325442.234003543853760 1.272042703703702
1620311471.098721981048584 1.273098981481480
2112295874.822190523147583 1.274153481481480
2137653669.322289466857910 1.275208777777776
2109549335.863377571105957 1.276262777777776
2137452538.476387739181519 1.277318018518517
2138287104.708362817764282 1.278372092592591
2084636831.293783187866211 1.279426851851851
1489297024.497949838638306 1.280483629629628
1492193086.757510423660278 1.281539574074073
1467594341.111091613769531 1.282595925925925
1491841273.733622789382935 1.283653185185184
1488380386.173515081405640 1.284709129629628
1468168013.603772401809692 1.285765481481480
1491691119.285338878631592 1.286822703703702
1465925424.916769027709961 1.287879555555554
1487653900.709219694137573 1.288937055555554
1492251964.360881090164185 1.289992907407406
1467479530.450071573257446 1.291067222222221
1481048249.763481616973877 1.292124222222221
1492142198.214630365371704 1.293180129629628
1467024468.103765964508057 1.294235925925925
1491575952.914798259735107 1.295293111111110
1487371612.020420074462891 1.296348722222221
1467640828.775767803192139 1.297405166666665
1491710162.694173574447632 1.298462592592591
1467625572.217837333679199 1.299518425925925
1487909060.643759489059448 1.300575296296295
1492239998.596909523010254 1.301631166666666
1468046864.038164615631104 1.302687018518517
1491790784.427047729492188 1.303744407407406
1224044551.715656042098999 1.304948999999999
1252695914.064852952957153 1.307900407407406
1338065307.429120302200317 1.310677018518517
890423058.915333628654480 1.313524796296295
1483337555.613713741302490 1.314586185185184
1491625267.365616083145142 1.315642444444443
1483999964.942417860031128 1.316698907407406
1491920078.553768873214722 1.317755037037036
1492366822.184025049209595 1.318810851851851
1469137298.888849973678589 1.319867481481481
1487626845.543548583984375 1.320924833333333
1470322946.175637245178223 1.321983833333332
1490394894.421683073043823 1.323041499999999
1473413149.080195665359497 1.324097481481481
1491952135.493372440338135 1.325153703703703
1492399459.715473651885986 1.326209388888888
1492351494.527083873748779 1.327265092592592
1488328533.595243453979492 1.328320962962962
1492259194.948697805404663 1.329376796296295
1492376208.100191116333008 1.330432555555555
1492406861.713323354721069 1.331488333333332
1489959860.353327274322510 1.332543907407407
1491396506.366410493850708 1.333599796296296
1492389209.478540182113647 1.334655592592592
1492367597.530171155929565 1.335711296296296
1486483454.044858932495117 1.336767277777777
1492252310.714348316192627 1.337823148148148
1492428563.910961389541626 1.338878870370370
1487292962.356792211532593 1.339897203703703
1492255752.771152019500732 1.340953055555555
1492353131.029643774032593 1.342008796296296
1492320669.332772016525269 1.343064574074073
1488735589.829973220825195 1.344119962962962
1492329450.973513364791870 1.345175703703703
1492391622.375414371490479 1.346231425925925
1492311030.043671131134033 1.347287296296296
1487712216.337553977966309 1.348343259259259
1492301815.311760187149048 1.349399092592592
1492370352.181843757629395 1.350454944444444
1492364411.388075351715088 1.351510629629629
1488663135.741845130920410 1.352566555555555
1492293125.219221353530884 1.353622481481481
1492362947.501359224319458 1.354678240740740
1492358900.601617336273193 1.355734037037037
1489124197.678089141845703 1.356789999999999
1492308445.146014213562012 1.357845833333333
1492395411.250855207443237 1.358901555555555
1487394767.778498888015747 1.359956981481481
1464458632.258064508438110 1.361033370370370
1492285203.177888154983521 1.362089277777777
1492411253.968532323837280 1.363145037037037
1488490595.171252012252808 1.364200444444444
1492404623.669116497039795 1.365256203703703
1491614389.397286176681519 1.366312537037037
1470288643.533123016357422 1.367369203703703
1485840058.796766281127930 1.368427462962962
1492295441.390560150146484 1.369483259259259
1492335824.037044763565063 1.370539037037037
1492417967.516750335693359 1.371594851851851
1489238980.583375930786133 1.372650648148148
1492294494.238156318664551 1.373706444444444
1492425378.894190311431885 1.374762148148148
1492468609.118178606033325 1.375817833333333
1489266697.067489862442017 1.376873685185185
1492344348.558198213577271 1.377929462962962
1492371902.131018161773682 1.378985296296296
1488957309.048797130584717 1.380040685185185
1492316278.743444681167603 1.381096481481481
1492419091.722359657287598 1.382152203703703
1492350634.088158369064331 1.383207962962962
1488914533.363746404647827 1.384263388888888
1492344950.974373340606689 1.385319148148147
1492439848.437006711959839 1.386374814814814
1492482555.385991573333740 1.387430537037036
1489070492.234798669815063 1.388485814814814
1492352270.534790515899658 1.389541611111110
1492443980.563790559768677 1.390597296296296
1492358211.573204994201660 1.391653055555555
1489284842.319430351257324 1.392708870370370
1492345640.467963457107544 1.393764666666666
1492410223.126578807830811 1.394820370370370
1492396358.469715356826782 1.395876092592592
1485899763.593380451202393 1.396933592592592
1492209438.958943605422974 1.397989499999999
1492399200.126295804977417 1.399045222222222
1489215329.812062263488770 1.400100537037037
1492299921.073401689529419 1.401156370370370
1492396098.998438835144043 1.402212129629629
1492433300.005262374877930 1.403267851851851
1489194883.133291244506836 1.404323185185185
1492371730.779350519180298 1.405378907407407
1492404967.375289201736450 1.406434685185185
1492399887.740962266921997 1.407490444444444
1488877853.620874166488647 1.408545796296296
1492363205.809608936309814 1.409601518518518
1492350031.572300434112549 1.410657296296296
1492487554.160015583038330 1.411712981481481
1489348942.439229488372803 1.412768870370370
1492421329.591299772262573 1.413824611111111
1492437267.560171127319336 1.414880240740741
1482837844.702467441558838 1.415900981481481
1491480189.340813398361206 1.416957277777778
1492342454.220164060592651 1.418013055555555
1492460607.336456060409546 1.419068666666667
1489000210.548478841781616 1.420124111111111
1492313180.741909980773926 1.421179944444444
1492365444.658831834793091 1.422235685185185
1492450954.252034902572632 1.423291388888889
1489272733.653879880905151 1.424346685185185
1492393860.726188421249390 1.425402425925926
1492419695.481336116790771 1.426458129629629
1492488079.574759244918823 1.427513740740741
1489370733.676101446151733 1.428569055555555
1492422537.187763214111328 1.429624759259259
1492436924.372401475906372 1.430680370370370
1492452767.301113843917847 1.431736018518518
1489367403.169477701187134 1.432791222222222
1492422537.187763214111328 1.433846925925926
1492422797.600252866744995 1.434902592592592
1489210591.889378070831299 1.435957907407407
1492346500.613927364349365 1.437013648148148
1492461635.617303609848022 1.438069314814815
1492373625.217071056365967 1.439125037037037
1488913180.797304868698120 1.440180444444444
1492318173.048252344131470 1.441236240740741
1492452505.832617044448853 1.442291925925926
1492371127.872303009033203 1.443347666666667
1318819351.788622140884399 1.444405277777778
1489519126.830036163330078 1.445464000000000
1492270232.354230642318726 1.446520018518519
1492441824.975003957748413 1.447575740740741
1488261185.387935638427734 1.448631185185185
1491292770.196793794631958 1.449687000000000
1492381717.412656068801880 1.450742851851852
1492432270.287338256835938 1.451798518518518
1488596054.362122058868408 1.452854537037037
1492370352.181843757629395 1.453910388888888
1492359416.934168338775635 1.454966111111111
1489072673.347256183624268 1.456021314814814
1474514113.427249670028687 1.457090037037037
1492446038.622770309448242 1.458145833333333
1492489448.664199352264404 1.459201518518518
1489111660.703009843826294 1.460257296296296
1492368113.654301404953003 1.461313129629629
1492400147.345155954360962 1.462368851851852
1492459822.133347272872925 1.463424574074074
1489451933.701657533645630 1.464480407407407
1492364841.872621059417725 1.465536166666666
1492430375.749921321868896 1.466591833333333
1491781483.429773807525635 1.467647944444444
1489521154.925624608993530 1.468703648148148
1492370783.560490369796753 1.469759370370370
1492412117.597530126571655 1.470815074074074
1492487474.563188552856445 1.471870703703704
1489483265.506595611572266 1.472926407407407
1492459136.597259998321533 1.473982092592593
1492426930.026137351989746 1.475037777777778
1489612943.962115287780762 1.476093611111111
1492401094.564016103744507 1.477149333333333
1492459479.371316432952881 1.478205037037037
1493970298.072534561157227 1.479259962962963
1488583333.333333253860474 1.480315962962963
1492300433.249723672866821 1.481371722222222
1492451738.535490036010742 1.482427314814815
1492402385.546395301818848 1.483483055555556
1489448852.873079299926758 1.484538833333333
1492335736.462663888931274 1.485594555555556
1492457160.900989294052124 1.486650185185185
1492457584.900364875793457 1.487705888888889
1489506314.017117977142334 1.488761740740741
1492397649.535169124603271 1.489817481481482
1492480238.575563430786133 1.490873129629630
1490326710.097719907760620 1.491896462962963
1492406601.887255907058716 1.492952277777778
1492486949.200112342834473 1.494007981481482
1492510893.590148448944092 1.495063648148148
1488333426.917002916336060 1.496119018518518
1492390500.578805208206177 1.497174833333333
1492419435.186809301376343 1.498230574074074
1492480660.948271274566650 1.499286296296296
1489536386.438180923461914 1.500342092592593
1492431062.307044744491577 1.501397796296296
1492450529.787383317947388 1.502453425925926
1492452424.391270637512207 1.503509055555555
1489572145.237677574157715 1.504564796296296
1492387918.332982301712036 1.505620574074074
1492393776.202922582626343 1.506676259259259
1492442347.162529468536377 1.507731907407407
1489394225.371877670288086 1.508787611111111
1492391966.321697950363159 1.509843351851852
1492390934.446646928787231 1.510899037037037
1489441322.546112060546875 1.511954240740741
1492320067.353060007095337 1.513010037037037
1492518549.702678442001343 1.514065759259259
1492465505.446508407592773 1.515121481481482
1489345606.430213689804077 1.516176685185185
1492429511.129821538925171 1.517232407407408
1492018238.574585199356079 1.518288370370371
1492436827.980565071105957 1.519344129629630
1489708768.175679445266724 1.520399925925926
1492425378.894190311431885 1.521455629629630
1492462844.712651729583740 1.522511259259260
1492446479.317966699600220 1.523566925925926
1489427153.305154561996460 1.524622796296297
1492418748.245860338211060 1.525678500000000
1492411253.968532323837280 1.526734259259260
1492476791.916640520095825 1.527789925925926
1487230348.311059474945068 1.528845814814815
1492440273.636204242706299 1.529901555555556
1492386801.389327526092529 1.530957222222223
1489292234.798631191253662 1.532012500000000
1492418144.503499507904053 1.533068222222222
1492424431.658714532852173 1.534123925925926
1492379049.657083511352539 1.535179685185186
1489309690.099322557449341 1.536234981481482
1492394464.031995058059692 1.537290703703704
1492467661.866086721420288 1.538346388888889
1492491948.215977430343628 1.539402055555556
1483811874.934203624725342 1.540457500000000
1492167923.667870998382568 1.541513314814815
1492472398.126545906066895 1.542569000000000
1492508393.706036090850830 1.543624685185186
1489415874.574725627899170 1.544680648148149
1492354078.231889009475708 1.545736388888889
1492493579.848442316055298 1.546792092592593
1492489106.409851789474487 1.547847759259260
1489570483.924719095230103 1.548903555555556
1492367769.319816350936890 1.549959370370371
1492431927.023945093154907 1.551015018518519
1489253083.928477525711060 1.552070370370371
1485030632.014382123947144 1.553131351851852
1492365186.276573181152344 1.554187129629630
1492442347.162529468536377 1.555242777777778
1489074023.375802993774414 1.556298000000000
1492410306.782901525497437 1.557353759259259
1492404279.950885772705078 1.558409500000000
1492428563.910961389541626 1.559465222222223
1489408791.787312507629395 1.560520500000000
1492432956.777996063232422 1.561576203703704
1492409535.838332891464233 1.562631870370371
1492457242.093076467514038 1.563687555555556
1489383036.935704469680786 1.564743444444445
1492326697.419886827468872 1.565799240740741
1492396617.959197998046875 1.566854925925926
1490748764.795791387557983 1.567896888888889
1491915719.696969509124756 1.568952888888889
1492335993.825319766998291 1.570008574074075
1492411513.971478223800659 1.571064296296297
1489139121.889586925506592 1.572119592592593
1492371816.459692478179932 1.573175370370371
1492402904.957373142242432 1.574231037037037
1492450611.328433513641357 1.575286722222223
1488928478.680470228195190 1.576342092592593
1492292599.933348655700684 1.577397888888889
1492442772.193864107131958 1.578453611111112
1492428303.309887409210205 1.579509370370371
1489184313.037374973297119 1.580564740740741
1492352786.402147054672241 1.581620462962964
1492308957.920401334762573 1.582676222222223
1492409359.597270727157593 1.583731981481482
1489508524.521153211593628 1.584787759259260
1492414012.068481683731079 1.585843462962964
1492367683.429513454437256 1.586899222222223
1489420869.748341798782349 1.587954444444445
1492303364.086014032363892 1.589010259259260
1492357867.040869951248169 1.590066000000001
1492399459.715473651885986 1.591121685185186
1489061821.117096662521362 1.592177000000001
1492377758.288019657135010 1.593232740740742
1492416853.774908781051636 1.594288444444445
1492399803.536345720291138 1.595344148148149
1488898431.193626403808594 1.596399444444445
1492307665.321873426437378 1.597455185185186
1492414532.313521862030029 1.598510814814816
1492458189.345168352127075 1.599566500000001
1489330689.316299200057983 1.600621759259260
1492408756.051357507705688 1.601677537037038
1492421589.952287435531616 1.602733240740742
1492377672.917361021041870 1.603788925925927
1489268943.249218940734863 1.604844222222223
1492378964.355880022048950 1.605899925925927
1492414095.525424718856812 1.606955685185186
1519666736.908650398254395 1.608010240740742
2189873188.214831829071045 1.609064296296297
2192293159.494649410247803 1.610118203703705
2193336531.365313529968262 1.611172092592594
2190370255.833567619323730 1.612226018518520
2193376522.059986591339111 1.613279962962964
2193395585.857875823974609 1.614333814814816
2193391203.500325202941895 1.615387685185186
2190466914.994553089141846 1.616441648148149
2193344262.295082092285156 1.617495592592594
2193366308.797947406768799 1.618549500000001
2193092397.701916694641113 1.619603518518520
2190453096.723183631896973 1.620657500000001
2193394050.150239944458008 1.621711370370371
2193356457.564575672149658 1.622765259259260
2193487857.167961597442627 1.623819074074075
2190544304.464709281921387 1.624873018518520
2193396309.963099479675293 1.625926907407409
2193416823.349557876586914 1.626980777777779
2190434241.737388610839844 1.628034722222223
2193363238.627378940582275 1.629088666666668
2193372950.747658252716064 1.630142574074075
2193372588.297311305999756 1.631196462962964
2190435190.554003715515137 1.632250407407408
2193399156.562994003295898 1.633304296296297
2193421206.157306671142578 1.634358148148149
2193494271.455682754516602 1.635412000000001
2190436553.396352291107178 1.636465962962964
2193376383.763837337493896 1.637519851851853
2193417772.232862949371338 1.638573722222223
2193415512.757432937622070 1.639627574074075
2190380574.199669837951660 1.640681537037038
2193416597.845758914947510 1.641735444444446
2193364272.158571720123291 1.642789296296298
2193395361.096467971801758 1.643843185185186
2190476938.485056400299072 1.644897129629631
2193448858.744355201721191 1.645951037037038
2193376245.453107833862305 1.647004870370372
2158612708.230828762054443 1.648058722222224
1736915785.445944070816040 1.649123462962964
1488258596.202065467834473 1.650179592592594
1492331345.378003835678101 1.651235333333335
1488958749.868462562561035 1.652291222222224
1492347277.032359838485718 1.653347055555557
1492448292.195147514343262 1.654402666666668
1492413148.339793920516968 1.655458425925927
1489528020.908245801925659 1.656514185185187
1492410046.831424474716187 1.657569981481483
1492440534.661801815032959 1.658625685185187
1492468266.498263597488403 1.659681351851853
1489340875.605135679244995 1.660737129629631
1492349171.270718336105347 1.661792962962964
1492410223.126578807830811 1.662848666666668
1486811598.795753240585327 1.663900500000001
1491979901.083868026733398 1.664956388888890
1492415906.539433002471924 1.666012092592594
1492447508.288165092468262 1.667067814814816
1489239121.280179500579834 1.668123222222224
1492405227.153131008148193 1.669178962962965
1492030303.030303001403809 1.670234962962964
1492406258.221809148788452 1.671290759259261
1489537174.427782297134399 1.672346592592594
1492417113.988001346588135 1.673402259259261
1492404623.669116497039795 1.674458018518520
1492432009.542520284652710 1.675513722222224
1489583350.873500108718872 1.676569500000001
1492499605.325474977493286 1.677625222222224
1492425982.774045467376709 1.678680907407409
1492494710.804694414138794 1.679736518518520
1489456669.297553300857544 1.680792351851853
1492396702.332923889160156 1.681848092592594
1492399803.536345720291138 1.682903796296298
1489207792.207792043685913 1.683958981481483
1492385420.868924856185913 1.685014777777779
1492488421.865132331848145 1.686070407407409
1492418665.029383182525635 1.687126055555557
1489188797.445031166076660 1.688181370370372
1492342541.436464071273804 1.689237203703705
1492428824.530320882797241 1.690292888888890
1492455266.297101974487305 1.691348518518520
1489563300.242045879364014 1.692404333333335
1492405570.854747295379639 1.693460092592594
1492450611.328433513641357 1.694515777777779
1492408932.236392021179199 1.695571462962965
1488725231.940230607986450 1.696627370370372
1492333929.699010610580444 1.697683148148150
1493902046.834954261779785 1.698738074074076
1491768472.387902498245239 1.699793703703705
1489580276.798400163650513 1.700849425925927
1492444584.780549526214600 1.701905092592594
1492415563.001034975051880 1.702960777777779
1489348541.747095584869385 1.704016074074076
1492375778.413177490234375 1.705071759259261
1492352615.147156953811646 1.706127574074076
1492352528.459419965744019 1.707183333333335
1489271935.982030153274536 1.708238592592594
1492431666.286596536636353 1.709294277777779
1492448635.183495759963989 1.710349907407409
1492448030.874484539031982 1.711405555555557
1489383756.844026327133179 1.712460814814816
1492442690.243132352828979 1.713516481481483
1492454743.193937778472900 1.714572185185187
1492460083.849351882934570 1.715627870370372
1489523443.666789531707764 1.716683592592594
1492437692.955374717712402 1.717739296296298
1492396274.076413154602051 1.718794962962964
1492453191.601326227188110 1.719850685185187
1488939926.354550123214722 1.720906796296298
1492445793.277664661407471 1.721962425925927
1461807407.666602611541748 1.723020888888890
1485767187.800907135009766 1.724078648148150
1492032507.495660543441772 1.725134814814816
1492437171.121868848800659 1.726190592592594
1492398252.907435655593872 1.727246314814816
1489276524.058540582656860 1.728301611111112
1492377843.649693965911865 1.729357407407409
1492385335.905981302261353 1.730413148148150
1492450268.392800807952881 1.731468814814816
1489413684.783180952072144 1.732524055555557
1492363980.776651382446289 1.733579870370372
1492437692.955374717712402 1.734635574074075
1492488764.143496036529541 1.735691222222223
1489367793.310297727584839 1.736747018518520
1492414012.068481683731079 1.737802722222223
1492372763.628709554672241 1.738858500000001
1490781214.938291311264038 1.739898333333334
1492342366.994685173034668 1.740954055555557
1492336683.681524038314819 1.742009777777779
1492463530.154720783233643 1.743065444444446
1478109567.413956642150879 1.744121111111112
1479420866.874141454696655 1.745186240740742
1492469535.936020135879517 1.746242129629631
1492447165.310132026672363 1.747297833333334
1486973576.165912389755249 1.748353277777779
1492362344.769521951675415 1.749409055555557
1492429167.836093187332153 1.750464759259260
1492436924.372401475906372 1.751520370370371
1489449539.352461099624634 1.752575648148149
1492367683.429513454437256 1.753631407407408
1492413408.409198522567749 1.754687129629631
1492437349.799147605895996 1.755742814814816
1489401056.381279706954956 1.756798129629631
1492395495.685118675231934 1.757853907407409
1492418665.029383182525635 1.758909555555557
1489360372.060371875762939 1.759964740740742
1492380944.028345346450806 1.761020500000001
1492457927.695626974105835 1.762076222222223
1492402989.001736640930176 1.763131944444446
1489503000.737023115158081 1.764187240740742
1492329971.762807607650757 1.765243111111112
1492417457.505218744277954 1.766298796296298
1492403592.478248834609985 1.767354500000001
1489577628.415492296218872 1.768409740740742
1492448455.507025241851807 1.769465462962964
1492398252.907435655593872 1.770521185185187
1491840782.759648561477661 1.771577277777779
1489357926.326319456100464 1.772632481481483
1492388780.718833923339844 1.773688203703705
1492447426.586675167083740 1.774743870370372
1492353991.615064859390259 1.775799555555557
1489468191.465104579925537 1.776855351851854
1492372160.735270977020264 1.777911148148150
1492438036.099563121795654 1.778966870370372
1489532438.831886291503906 1.780022703703705
1492450954.252034902572632 1.781078407407409
1492427012.804770946502686 1.782134148148150
1492408152.526616811752319 1.783189944444446
1489474583.406419992446899 1.784245685185187
1492402041.782876491546631 1.785301407407409
1492438297.051239490509033 1.786357092592594
1492478161.726012945175171 1.787412833333335
1485223492.687033176422119 1.788468796296298
1492335824.037044763565063 1.789524574074076
1492440877.756143808364868 1.790580296296298
1492440191.555423021316528 1.791635981481484
1489339471.745764255523682 1.792691870370372
1492397565.211289882659912 1.793747555555558
1492387489.475161552429199 1.794803259259262
1492481265.787257909774780 1.795858962962965
1488639842.845616817474365 1.796914777777780
1492421329.591299772262573 1.797970518518521
1492372677.998210906982422 1.799026240740743
1489542228.692708253860474 1.800082000000002
1492391103.783347845077515 1.801137796296299
1492484290.300510406494141 1.802193407407410
1492372419.357667684555054 1.803249166666669
1489586192.380551338195801 1.804304944444447
1492425805.093664407730103 1.805360722222225
1492474977.635110139846802 1.806416444444447
1492426326.129666090011597 1.807472148148151
1489227318.168265581130981 1.808528018518521
1492344348.558198213577271 1.809583796296299
1492407725.096037387847900 1.810639518518521
1492484027.716866731643677 1.811695166666669
1489517049.042306661605835 1.812750944444447
1492389124.714962244033813 1.813806685185188
1492447508.288165092468262 1.814862407407410
1490741540.110773563385010 1.815898888888891
1492364927.912442684173584 1.816954703703706
1492390934.446646928787231 1.818010388888891
1492499447.397505283355713 1.819066000000003
1489337872.698875188827515 1.820121240740743
1492430115.071568965911865 1.821176944444447
1492033390.621163845062256 1.822232907407410
1492421850.331544160842896 1.823288574074077
1489495501.183898925781250 1.824344407407410
1492427438.874662399291992 1.825400222222225
1492391966.321697950363159 1.826455962962965
1492512709.857375860214233 1.827511574074076
1489610587.801926136016846 1.828567296296299
1492422620.196102380752563 1.829623055555558
1492455952.005052328109741 1.830678722222224
1492491948.215977430343628 1.831734388888891
1489627313.068949222564697 1.832790185185187
1492478344.004911661148071 1.833845833333335
1492457846.542469263076782 1.834901500000002
1489366943.337954044342041 1.835956814814817
1492366391.861077070236206 1.837012555555558
1492471793.432500839233398 1.838068259259261
1492472398.126545906066895 1.839123944444447
1489483101.112553834915161 1.840179240740743
1486125235.799622774124146 1.841239462962965
1492365961.029166698455811 1.842295333333336
1492437432.029468536376953 1.843351074074076
1489398102.187220573425293 1.844406870370373
1492407725.096037387847900 1.845462592592595
1492426930.026137351989746 1.846518277777780
1492498500.078943252563477 1.847573888888891
1489399445.750166654586792 1.848629703703706
1492449664.076341629028320 1.849685388888891
1492461292.869046449661255 1.850741037037039
1492435455.294963836669922 1.851796722222225
1489360063.141278743743896 1.852852555555558
1492452587.265392065048218 1.853908296296299
1492410139.461450576782227 1.854963944444447
1489515872.598052024841309 1.856019222222224
1492363894.686990022659302 1.857074981481484
1492481790.751526117324829 1.858130611111113
1492438640.190850496292114 1.859186314814817
1489289693.055580139160156 1.860241518518521
1492439930.537283658981323 1.861297240740743
1492419955.794126987457275 1.862352907407410
1492417717.744057416915894 1.863408555555558
1489321364.641465902328491 1.864463777777780
1492373969.479038715362549 1.865519518518521
1492477054.241807460784912 1.866575148148150
1492532680.770445346832275 1.867630814814817
1489554308.167274713516235 1.868686518518521
1492432009.542520284652710 1.869742222222224
1492373022.276793479919434 1.870797962962965
1492509867.901689291000366 1.871853574074076
1489371915.610038518905640 1.872909518518521
1492465848.096825122833252 1.873965259259261
1492516577.202399969100952 1.875020925925928
1489322558.568044185638428 1.876076203703706
1492406777.877177238464355 1.877131925925928
1492422110.729071617126465 1.878187555555558
1492407037.732208490371704 1.879243240740743
1489285150.286887407302856 1.880298629629632
1492392998.088155508041382 1.881354425925928
1492454400.336800813674927 1.882410111111113
1492449059.781083345413208 1.883465814814817
1489423643.159206151962280 1.884521166666669
1492469294.321949243545532 1.885576888888891
1492475421.915020465850830 1.886632481481484
1492463268.313219308853149 1.887688185185188
1489417596.295516490936279 1.888743962962965
1492415906.539433002471924 1.889799666666669
1492393860.726188421249390 1.890855407407410
1490836543.577737569808960 1.891899518518521
1492512182.714403629302979 1.892955203703706
1492408588.569624423980713 1.894010870370373
1492493158.374850749969482 1.895066500000002
1489223355.153472423553467 1.896121703703706
1492331000.368362903594971 1.897177425925928
1492480318.551782369613647 1.898233129629632
1492496263.289007425308228 1.899288722222225
1489374434.031799554824829 1.900343944444447
1492438118.290885925292969 1.901399722222225
1492370353.477765083312988 1.902455370370373
1492459398.298394680023193 1.903511018518521
1489557887.716958522796631 1.904566222222225
1492198484.529572486877441 1.905622000000002
1492370353.477765083312988 1.906677648148150
1492473687.903452157974243 1.907733351851854
1489676337.484651803970337 1.908789092592595
1492396961.829918622970581 1.909844796296299
1492476791.916640520095825 1.910900462962965
1486193357.078939437866211 1.911955888888891
1492234662.738082647323608 1.913011777777780
1492461292.869046449661255 1.914067425925928
1492445793.277664661407471 1.915123055555558
1488960151.602884531021118 1.916178444444447
1492427273.365141868591309 1.917234148148151
1492520707.983230352401733 1.918289833333336
1492517524.471108436584473 1.919345500000002
1489262609.245024919509888 1.920400722222225
1492408068.759866714477539 1.921456462962965
1492509262.507894039154053 1.922512092592595
1492163980.427577018737793 1.923568000000002
1489432397.332397222518921 1.924623185185188
1492399887.740962266921997 1.925678944444447
1492483765.151648044586182 1.926734629629632
1492466291.247828960418701 1.927790240740743
1489433345.033344984054565 1.928845425925928
1492487554.160015583038330 1.929901111111114
1492422276.793545007705688 1.930956851851855
1489236576.121288776397705 1.932012185185188
1492383441.501490831375122 1.933067925925929
1492442429.132753372192383 1.934123629629632
1491453875.703836202621460 1.935179351851855
1462583333.333333253860474 1.936235351851855
1485871819.499502182006836 1.937295777777781
1492371816.459692478179932 1.938351555555558
1492520894.003719091415405 1.939407148148151
1489183645.548305511474609 1.940462925925929
1492408412.411639690399170 1.941518685185188
1492400147.345155954360962 1.942574407407410
1492471713.007630825042725 1.943630055555558
1489515313.102964401245117 1.944685796296299
1492429771.782412767410278 1.945741481481484
1492456899.273760795593262 1.946797148148151
1492468790.568752050399780 1.947852740740744
1489573485.818526268005371 1.948908500000003
1492433643.220487594604492 1.949964240740744
1492440191.555423021316528 1.951019925925929
1489420833.844912767410278 1.952075722222225
1492383356.429912328720093 1.953131407407410
1492443980.563790559768677 1.954187092592596
1492488421.865132331848145 1.955242722222225
1489553201.192773103713989 1.956298462962966
1492432613.538688421249390 1.957354148148151
1492458793.811177968978882 1.958409814814818
1492435716.165248632431030 1.959465462962966
1489501736.415617227554321 1.960521277777781
1492431323.018629789352417 1.961576944444447
1492438558.021226167678833 1.962632592592595
1492450186.832272052764893 1.963688203703706
1489670654.271180391311646 1.964743944444447
1492393945.240559339523315 1.965799740740743
1492422797.600252866744995 1.966855407407410
1490437320.574162721633911 1.967900407407410
1492449582.485439538955688 1.968956037037040
1492448373.855383872985840 1.970011703703706
1492486264.603726148605347 1.971067370370373
1489239465.786841392517090 1.972122574074076
1492458793.811177968978882 1.973178240740743
1492033637.320238590240479 1.974234166666669
1492504604.697668790817261 1.975289851851854
1489483031.376606941223145 1.976345722222225
1492436059.362172603607178 1.977401388888891
1492394723.455014467239380 1.978457074074077
1492509604.420664787292480 1.979512722222225
1489489028.817989110946655 1.980568518518521
1492434247.224122524261475 1.981624240740743
1492386457.328304529190063 1.982679888888891
1492550602.599863052368164 1.983735500000002
1489579883.525119304656982 1.984791203703706
1492548443.119024515151978 1.985846851851854
1492429428.481212615966797 1.986902518518521
1489443613.772770404815674 1.987957740740743
1492327813.640190839767456 1.989013444444447
1492478344.004911661148071 1.990069092592595
1492397909.065394401550293 1.991124796296299
1489412185.876737356185913 1.992180055555558
1492397305.688575506210327 1.993235777777780
1492510815.220251560211182 1.994291388888891
1492465082.010349750518799 1.995347037037039
1488783409.330059766769409 1.996402962962965
1492344348.558198213577271 1.997458740740743
1492474292.630729675292969 1.998514425925928
1492489631.942739009857178 1.999570018518521
1489587693.602988719940186 2.000625777777780
1492425982.774045467376709 2.001681462962965
1492475421.915020465850830 2.002737055555558
1492496763.668894290924072 2.003792777777780
1489596611.239738941192627 2.004848555555558
1492408244.890799045562744 2.005904203703706
1492440534.661801815032959 2.006959907407409
1489194630.165832996368408 2.008015185185187
1492414012.068481683731079 2.009070888888891
1492466110.019646406173706 2.010126592592595
1492427616.692101240158081 2.011182314814817
1489396869.406520843505859 2.012237611111113
1492505209.977897167205811 2.013293277777780
1492371386.472074031829834 2.014348981481484
1492499789.488456964492798 2.015404611111113
1489535757.511971712112427 2.016460333333336
1492481185.860889196395874 2.017515981481484
1492419435.186809301376343 2.018571722222224
1492482738.053469896316528 2.019627351851854
1489573485.818526268005371 2.020683111111113
1492432956.777996063232422 2.021738814814817
1492392485.001579046249390 2.022794481481484
1492500394.716067552566528 2.023850092592595
1489292365.970432043075562 2.024906037037039
1492516577.202399969100952 2.025961703703706
1492440191.555423021316528 2.027017388888891
1489188143.832370996475220 2.028072629629632
1492331690.375541448593140 2.029128388888891
1492534498.184306144714355 2.030184000000002
1492403852.226081609725952 2.031239666666669
1489369939.457751989364624 2.032294944444446
1480366407.962969541549683 2.033359129629632
1492387400.028062343597412 2.034414981481484
1492450007.016559123992920 2.035470685185187
1486957785.540011644363403 2.036525703703706
1492019782.185510635375977 2.037581648148150
1492482817.899556398391724 2.038637333333335
1492456213.599045515060425 2.039692962962965
1489431733.281888723373413 2.040748870370372
1492359158.758836030960083 2.041804629629631
1492483765.151648044586182 2.042860314814817
1490014196.509580135345459 2.043901259259261
1492348739.716896533966064 2.044957018518520
1492427794.540733814239502 2.046012648148150
1492494710.804694414138794 2.047068259259261
1489349489.348260879516602 2.048123555555557
1492402989.001736640930176 2.049179277777780
1492433300.005262374877930 2.050235000000002
1492436745.719898939132690 2.051290703703705
1489306353.106353044509888 2.052345888888890
1492344693.315559625625610 2.053401685185187
1730904439.137458562850952 2.054456277777780
2193392514.496573448181152 2.055510166666668
2096973273.030630588531494 2.057274925925928
2183757394.587790966033936 2.058334259259261
2192938026.981450080871582 2.059388481481483
2187992692.395524024963379 2.060442685185187
2193328132.412630081176758 2.061496629629632
2193462008.856400012969971 2.062550481481483
2193495352.392331600189209 2.063604388888891
2190557999.789155483245850 2.064658351851854
2193468651.156252384185791 2.065712203703706
2193406522.350295543670654 2.066766129629632
2193511122.825513839721680 2.067820018518521
2190619671.785501003265381 2.068873981481484
2193437472.544850349426270 2.069927888888891
2193484915.042786121368408 2.070981796296299
2190103666.467465877532959 2.072035388888891
2193307480.100507736206055 2.073089296296299
2173565890.656272888183594 2.074144074074077
2191624524.030953407287598 2.075199425925928
2189852593.842260360717773 2.076253203703706
2193494271.455682754516602 2.077307055555558
2193544922.595723152160645 2.078360925925928
2193412666.057496547698975 2.079414777777780
2190490086.479645729064941 2.080468333333336
2193458574.214974880218506 2.081522203703706
2193507195.951289176940918 2.082576037037039
2193509813.913440704345703 2.083629907407409
2190629287.320775985717773 2.084683833333335
2193509682.634520053863525 2.085737648148150
2193397845.683459758758545 2.086791518518520
2193565541.359858036041260 2.087845277777780
2190481682.568130493164062 2.088899222222224
2193426086.345345973968506 2.089953129629632
2193480986.855978012084961 2.091006981481484
2190322383.337727546691895 2.092060592592595
2193418133.895624637603760 2.093114481481484
2193526043.863348484039307 2.094168259259262
2193490475.855767250061035 2.095222111111114
2189293025.871766090393066 2.096275740740743
2193429429.851532936096191 2.097329722222225
2193433903.249046802520752 2.098383592592595
2193548229.505315780639648 2.099437388888891
2190298238.830105304718018 2.100490981481484
2193377694.997451782226562 2.101544888888891
2193505886.901205539703369 2.102598703703706
2193430107.715826988220215 2.103652574074077
2190503092.493674755096436 2.104706500000002
2193532946.758038997650146 2.105760388888891
2193497118.155619621276855 2.106814240740743
2193624145.505667209625244 2.107868037037040
2190567613.157155036926270 2.108921962962965
2193539229.295893192291260 2.109975833333336
2193511220.455144405364990 2.111029629629632
2190369957.639779567718506 2.112083203703706
2193472446.756167888641357 2.113137055555558
2193553923.205342292785645 2.114190851851854
2193490475.855767250061035 2.115244703703706
2190516663.151233673095703 2.116298259259262
2193468784.593487739562988 2.117352166666669
2193490115.451526165008545 2.118406000000002
2193584544.288450241088867 2.119459907407410
2190460248.545464038848877 2.120513444444447
2193405798.629414558410645 2.121567333333336
2193461420.864889621734619 2.122621203703706
2193522967.701121330261230 2.123675018518521
2190477473.994939804077148 2.124728944444447
2193169395.643007755279541 2.125783018518521
2193466753.356294631958008 2.126836870370373
2193577288.064107894897461 2.127890648148151
2190513529.659825801849365 2.128944574074077
2169051914.657029628753662 2.130010425925929
2193432998.928263664245605 2.131064444444447
2189971314.572969913482666 2.132118018518522
2193449807.594313621520996 2.133171925925929
2193481214.634660720825195 2.134225740740744
2193554512.863770484924316 2.135279518518522
2190515177.614117622375488 2.136333092592596
2193542535.805289268493652 2.137386888888892
2193535303.834393978118896 2.138440703703707
2193530559.167750358581543 2.139494518518522
2190419727.915070056915283 2.140548111111115
2193521789.555071353912354 2.141601962962967
2193546101.534081935882568 2.142655796296300
2193501634.159198760986328 2.143709685185189
2190527516.566185474395752 2.144763259259263
2193590573.597638130187988 2.145817037037041
2193458574.214974880218506 2.146870907407411
2191664687.466263771057129 2.147900129629634
2193526534.054965972900391 2.148953981481486
2193500913.755535125732422 2.150007833333337
2193570773.367072582244873 2.151061666666671
2190434085.635941505432129 2.152115222222226
2193499736.425935745239258 2.153169111111115
2193474932.785070419311523 2.154222944444448
2025333707.865168571472168 2.155277759259263
1489375228.134213209152222 2.156333018518522
1492440191.555423021316528 2.157388703703707
1492527525.349987745285034 2.158444296296300
1492516157.327813148498535 2.159499888888893
1461628230.093152999877930 2.160555500000004
1492113636.363636255264282 2.161611500000004
1492315242.939835071563721 2.162667240740745
1492539917.551091909408569 2.163722888888893
1488751565.981787204742432 2.164778314814819
1492417801.010384559631348 2.165834018518523
1492367941.903909921646118 2.166889740740745
1490422922.803871631622314 2.167901833333338
1492411857.568847417831421 2.168957574074078
1492453110.198926687240601 2.170013240740745
1492497710.887754678726196 2.171068962962967
1489454590.126533508300781 2.172124166666671
1492432092.052410840988159 2.173179925925930
1492408152.526616811752319 2.174235722222226
1492522788.674081563949585 2.175291314814819
1489142656.581787586212158 2.176346555555560
1491344360.638484477996826 2.177402296296301
1492367941.903909921646118 2.178458018518523
1492472660.292956590652466 2.179513666666671
1489453432.490265607833862 2.180569481481486
1492447508.288165092468262 2.181625203703708
1492418404.757310628890991 2.182680888888893
1492446479.317966699600220 2.183736555555559
1489349094.990879774093628 2.184792407407411
1492424088.269861698150635 2.185848092592596
1492373280.943025588989258 2.186903796296300
1489378468.017899513244629 2.187959074074078
1492354680.839867353439331 2.189014796296300
1492451297.163605690002441 2.190070518518522
1492466371.960846424102783 2.191126185185189
1490646225.670007228851318 2.192181314814818
1491630773.008717536926270 2.193237074074077
1492507709.850013017654419 2.194292722222225
1492424171.198035478591919 2.195348462962966
1488741594.317285060882568 2.196404296296300
1492335479.118064880371094 2.197460055555559
1492426326.129666090011597 2.198515759259263
1492504867.994035482406616 2.199571407407411
1489359971.934748172760010 2.200627148148151
1492328591.724694490432739 2.201682944444448
1492459741.079886436462402 2.202738611111115
1492460345.583720684051514 2.203794259259263
1489532362.743378400802612 2.204850000000004
1492417884.267948150634766 2.205905759259263
1492406174.355376243591309 2.206961500000003
1489371834.693340301513672 2.208016777777781
1492374572.435931205749512 2.209072500000003
1492401698.007297277450562 2.210128203703707
1492478081.639096975326538 2.211183888888892
1489566141.649419546127319 2.212239703703707
1492406777.877177238464355 2.213295425925929
1492478001.543751239776611 2.214351055555559
1492435716.165248632431030 2.215406703703707
1489582957.674834489822388 2.216462462962966
1492485579.959300994873047 2.217518092592595
1492434768.879922628402710 2.218573740740744
1492484027.716866731643677 2.219629388888892
1489489975.970392942428589 2.220685185185188
1492449402.725885391235352 2.221740907407410
1476334965.719882249832153 2.222818629629632
1486447077.326343297958374 2.223878351851854
1487645889.222029447555542 2.224934518518521
1479716635.943097829818726 2.225999370370373
1492279356.060606002807617 2.227055370370373
1489029744.669649839401245 2.228110648148151
1492250416.542434692382812 2.229166518518521
1492540182.095679283142090 2.230222129629632
1492390500.578805208206177 2.231277944444447
1489558564.563089847564697 2.232333759259262
1492368286.265567302703857 2.233389500000003
1492476529.609879255294800 2.234445203703706
1492492974.793453693389893 2.235500925925928
1489459980.003157377243042 2.236556648148150
1492328591.724694490432739 2.237612444444447
1492477054.241807460784912 2.238668074074077
1492409015.962111949920654 2.239723814814818
1489574272.534334421157837 2.240779611111114
1492371127.872303009033203 2.241835351851855
1492432352.786402225494385 2.242891074074077
1490379433.468221902847290 2.243902425925929
1492400575.307386159896851 2.244958222222225
1493797167.079142570495605 2.246013277777781
1491688907.598400115966797 2.247069055555559
1488721229.775734186172485 2.248124351851855
1492403508.464169740676880 2.249180000000003
1492509340.958127975463867 2.250235685185188
1492546207.283699274063110 2.251291314814818
1489218468.666093349456787 2.252346555555559
1492404279.950885772705078 2.253402296296299
1492473345.378637790679932 2.254457981481484
1492430979.738619327545166 2.255513629629633
1489457772.788662433624268 2.256569425925929
1492472740.667976379394531 2.257625129629633
1492430719.034504652023315 2.258680814814818
1492517524.471108436584473 2.259736481481485
1489516577.202399969100952 2.260792148148151
1492450007.016559123992920 2.261847851851855
1492500210.496772527694702 2.262903555555559
1489075346.552026748657227 2.263958925925929
1492370180.670057773590088 2.265014666666670
1492437088.880702972412109 2.266070388888892
1492438297.051239490509033 2.267126074074077
1489206001.579362869262695 2.268181351851855
1492353562.282948017120361 2.269237166666670
1492432696.018242359161377 2.270292907407411
1492474817.114888668060303 2.271348518518522
1489434292.734292507171631 2.272403703703707
1492394807.928433656692505 2.273459444444447
1492478686.454057693481445 2.274515111111114
1492567919.861055135726929 2.275570685185188
1488914765.653767108917236 2.276626814814818
1492416593.580073595046997 2.277682555555558
1492470846.197025060653687 2.278738259259262
1492480580.991474628448486 2.279793925925929
1489294711.917916297912598 2.280849759259262
1492452424.391270637512207 2.281905388888892
1492461373.842267751693726 2.282961092592596
1485764660.466748476028442 2.284016462962966
1492276934.949225664138794 2.285072333333337
1492565418.757236719131470 2.286127925925930
1492467661.866086721420288 2.287183611111115
1489044622.646475791931152 2.288238962962966
1492373280.943025588989258 2.289294666666670
1492420038.941219806671143 2.290350388888892
1492462925.605627536773682 2.291406074074077
1489344658.745898008346558 2.292461277777781
1468983115.038661956787109 2.293517444444448
1492368543.818727254867554 2.294573351851855
1492452424.391270637512207 2.295628981481485
1488482556.507089614868164 2.296684240740745
1492435537.624978065490723 2.297739981481485
1492497894.884569406509399 2.298795611111115
1492622866.265504121780396 2.299851185185189
1489210313.980003356933594 2.300906925925930
1492469374.868448495864868 2.301962703703708
1492584631.578947544097900 2.303018259259263
1489088496.972887516021729 2.304073537037041
1492397649.535169124603271 2.305129277777782
1492541735.377706050872803 2.306184870370374
1492536128.409788608551025 2.307240518518523
1489345546.430827617645264 2.308295851851856
1492452162.930217981338501 2.309351518518523
1492446479.317966699600220 2.310407185185190
1492581523.455317497253418 2.311462777777782
1489329401.853412151336670 2.312517888888893
1276273847.624288558959961 2.313796648148152
968528114.548495054244995 2.314859759259264
1481341990.883069992065430 2.315907870370375
1904203692.653304815292358 2.316963018518523
2138348770.203794956207275 2.318017092592596
2138479697.794957399368286 2.319071074074078
2134438229.093464612960815 2.320125148148152
2138462998.102466821670532 2.321179148148152
2111133763.261909961700439 2.322247370370374
2138429786.038014411926270 2.323301555555559
2134425346.520738363265991 2.324355685185189
2138376471.415017843246460 2.325409722222226
2138473819.229688167572021 2.326463648148152
2079474133.389526844024658 2.327518203703707
1694974228.611500740051270 2.328574500000003
1461318737.181622266769409 2.329630925925929
1628667835.539580821990967 2.330687129629633
2091487327.127894163131714 2.331735592592596
2120405431.483658313751221 2.332791166666670
2138032917.618127346038818 2.333845425925929
2112654032.922531843185425 2.334901777777781
1578693627.021149635314941 2.335957740740744
1492147977.973413705825806 2.337013703703708
1467163842.996948242187500 2.338069592592596
1491766784.576051473617554 2.339127111111115
1488386126.113488197326660 2.340183185185189
1468399726.502919197082520 2.341239462962967
1491596553.294336080551147 2.342296833333337
1492414959.303957462310791 2.343352537037041
1464541237.113401889801025 2.344408759259263
1491751300.783097505569458 2.345465814814819
1467659929.531789541244507 2.346522240740744
1580738979.484481811523438 2.347578351851856
2134446013.595405101776123 2.348632629629633
2138306078.706957340240479 2.349686703703707
2113250263.435194969177246 2.350741148148151
2137775129.861013650894165 2.351796407407411
2110061711.917389392852783 2.352850888888892
2137608577.394844293594360 2.353906203703707
2112982554.155905961990356 2.354960259259263
2134053757.966256380081177 2.356015055555559
2114574147.254575967788696 2.357083500000003
2136941221.896554708480835 2.358138629629633
2138237021.941921472549438 2.359192759259263
2110578522.853076219558716 2.360246592592596
1576808143.510968446731567 2.361302648148151
1492240945.682866334915161 2.362358518518522
1245122553.106346130371094 2.367911666666670
1484329894.032348155975342 2.368974185185189
1390084139.168577194213867 2.370274500000003
826906757.662938952445984 2.373698870370374
1460084276.619865655899048 2.374760629629633
1491053347.115401506423950 2.375817648148152
1463939063.895358085632324 2.376875222222226
1492086825.402391672134399 2.377931407407411
1492077752.643484592437744 2.378987462962966
1459779075.272210836410522 2.380043629629633
1203664601.084430694580078 2.381430259259262
1457227238.617127180099487 2.382491388888892
1491702429.788576841354370 2.383547722222226
1485946413.228357553482056 2.384603814814818
1492129287.969133615493774 2.385659740740744
1492335479.118064880371094 2.386715500000003
1492400406.967565536499023 2.387771185185188
1489085513.854787826538086 2.388827111111114
1492305860.067002296447754 2.389882907407410
1492297681.271266698837280 2.390938722222225
1455304969.760715246200562 2.391995111111114
1491219422.507835865020752 2.393052685185188
1470492629.143367767333984 2.394109148148150
1491731802.107769250869751 2.395166962962965
1483606167.447245121002197 2.396222685185187
1492221750.644522190093994 2.397278592592595
1492298026.835043430328369 2.398334425925928
1492454057.467635154724121 2.399390092592595
1484686911.215199232101440 2.400445703703706
1492311118.905647277832031 2.401501629629632
1492231728.492501974105835 2.402557462962965
1492488318.248789548873901 2.403613240740743
1487056227.083735466003418 2.404668814814817
1492358211.573204994201660 2.405724574074076
1492411170.362054586410522 2.406780277777780
1492510024.732936859130859 2.407836000000002
1476436853.365131855010986 2.408892037037039
1492195485.556939125061035 2.409947907407409
1492376208.100191116333008 2.411003666666669
1488622043.652186155319214 2.412059148148150
1492284075.561714172363281 2.413114944444446
1492469556.370270490646362 2.414170629629631
1492385595.004209995269775 2.415226333333335
1488950815.069574832916260 2.416281685185187
1492192644.299068689346313 2.417337555555557
1492443376.368229150772095 2.418393259259261
1492445532.049258232116699 2.419448925925928
1488786074.016880989074707 2.420504240740743
1492288134.404264926910400 2.421560203703706
1474963933.603413105010986 2.422593277777780
1475913075.429111242294312 2.423651666666669
1423011883.207956075668335 2.425104074074076
1428302222.072926759719849 2.426206648148150
1490923691.402144193649292 2.427263759259262
1486318447.214770555496216 2.428319925925928
1492186014.697370767593384 2.429375796296299
1492293547.085752487182617 2.430431592592595
1492393691.670759916305542 2.431487222222225
1488656915.873099327087402 2.432543166666670
1492325405.177857160568237 2.433598944444447
1492437006.630881071090698 2.434654611111114
1492372936.656901836395264 2.435710296296299
1489432199.673758745193481 2.436766092592596
1492369836.341630220413208 2.437821814814818
1492398421.468034744262695 2.438877648148151
1490199725.809942960739136 2.439904240740744
1492370266.430463314056396 2.440960037037041
1492954887.613833665847778 2.442015425925929
1491611345.975055694580078 2.443071111111114
1488600884.427754163742065 2.444126407407411
1492355370.016312599182129 2.445182166666670
1492378705.490264892578125 2.446237907407411
1492430884.184309005737305 2.447293703703707
1488941021.728836774826050 2.448349648148151
1492321102.848323345184326 2.449405500000003
1492366736.243882656097412 2.450461259259262
1492528550.127181768417358 2.451516907407410
1489116252.148595094680786 2.452572722222225
1492356661.755419731140137 2.453628500000003
1492450268.392800807952881 2.454684166666670
1492403676.483485460281372 2.455739925925929
1489443649.373881816864014 2.456795814814817
1492372160.735270977020264 2.457851611111114
1492323510.839823007583618 2.458907388888892
1488958130.067034006118774 2.459962685185188
1492279776.207096099853516 2.461018555555559
1492491000.947268962860107 2.462074222222225
1492474977.635110139846802 2.463129944444447
1488903032.217308998107910 2.464185277777781
1492258084.882497549057007 2.465241203703707
1492316880.656703710556030 2.466296981481484
1492395755.130678892135620 2.467352722222225
1488932682.858346223831177 2.468407981481485
1492297681.271266698837280 2.469463796296299
1492357867.040869951248169 2.470519537037040
1466401388.085598707199097 2.471576148148151
1487807265.653751134872437 2.472632870370373
1492366133.445590257644653 2.473688648148151
1492376122.649452686309814 2.474744351851855
1492422193.765677928924561 2.475800037037040
1489427223.294158935546875 2.476855777777781
1491911909.103661298751831 2.477911925925929
1492409963.164357185363770 2.478967666666670
1488854029.583618402481079 2.480023055555558
1492394892.392963171005249 2.481078851851855
1492490316.469019651412964 2.482134481481485
1492455609.157091379165649 2.483190129629633
1488842522.724879741668701 2.484245425925929
1492400147.345155954360962 2.485301148148151
1492362258.590748786926270 2.486356870370373
1492482475.528891801834106 2.487412537037040
1489031236.838410854339600 2.488467796296300
1492325236.333023309707642 2.489523666666670
1492395067.358967304229736 2.490579370370374
1492550943.793417930603027 2.491635000000004
1489254384.734109640121460 2.492690851851855
1492402385.546395301818848 2.493746592592596
1492353388.998035430908203 2.494802296296300
1492526997.158194065093994 2.495857962962967
1488157639.960712671279907 2.496913814814818
1492318084.546570777893066 2.497969555555559
1492416853.774908781051636 2.499025259259263
1488944320.634530544281006 2.500080574074078
1492380340.980845928192139 2.501136351851855
1492413408.409198522567749 2.502192074074078
1492486949.200112342834473 2.503247777777781
1489298771.498771429061890 2.504302962962966
1492424775.035520792007446 2.505358685185188
1492411773.992667675018311 2.506414370370373
1492456294.840984582901001 2.507470055555558
1488952444.460042715072632 2.508525351851855
1492417801.010384559631348 2.509581055555559
1492455347.588892698287964 2.510636740740744
1492510815.220251560211182 2.511692351851855
1489308399.733230352401733 2.512747500000003
1492431062.307044744491577 2.513803203703707
1492480056.130503416061401 2.514858944444447
1490486055.776892423629761 2.515904777777781
1492361053.130097627639771 2.516960537037040
1492513550.016663312911987 2.518016296296299
1492459217.681108474731445 2.519072037037040
1488876230.586996555328369 2.520127314814817
1492397565.211289882659912 2.521183000000002
1481692725.752508401870728 2.522246111111114
1492461959.381247997283936 2.523302000000002
1488852404.934458494186401 2.524357314814817
1492404883.439456939697266 2.525413037037039
1492368286.265567302703857 2.526468777777780
1492523472.037050008773804 2.527524407407410
1488410581.156700134277344 2.528580092592595
1492452505.832617044448853 2.529635777777780
1492370180.670057773590088 2.530691518518521
1492523813.700552463531494 2.531747166666669
1481983682.206586599349976 2.532802592592595
1492162685.467746973037720 2.533858481481484
1492443980.563790559768677 2.534914166666669
1489002386.383576154708862 2.535969537037039
1492319810.576164245605469 2.537025370370372
1492607101.505210399627686 2.538080962962965
1492340215.046219110488892 2.539136722222224
1489025530.346896886825562 2.540192111111113
1492291998.456519603729248 2.541247925925928
1491313908.818215370178223 2.542303611111113
1492483000.596470355987549 2.543359203703706
1489393520.548666000366211 2.544414962962965
1492489790.906539440155029 2.545470666666668
1492503657.445576906204224 2.546526351851853
1492527525.349987745285034 2.547581944444446
1489494869.411166191101074 2.548637703703705
1492415906.539433002471924 2.549693407407409
1492432956.777996063232422 2.550749111111113
1492530973.140822172164917 2.551804685185187
1489464872.734927415847778 2.552860370370372
1492466976.581001520156860 2.553916018518520
1492476187.134913444519043 2.554971703703705
1489216900.222740411758423 2.556027574074076
1492377240.677728414535522 2.557083388888890
1492582396.182389020919800 2.558138925925928
1492517866.226954698562622 2.559194611111113
1489469772.173211336135864 2.560250481481483
1492405486.949200153350830 2.561306185185187
1492487291.480292558670044 2.562361907407409
1492524683.344444036483765 2.563417500000002
1489347658.305560350418091 2.564473240740742
1492383267.561168193817139 2.565529074074076
1492358125.175414085388184 2.566584777777780
1492530708.910057306289673 2.567640388888891
1489370084.540639162063599 2.568696203703706
1492453534.467637300491333 2.569751944444446
1492428563.910961389541626 2.570807666666668
1492609870.348602533340454 2.571863203703705
1489069154.813476562500000 2.572919074074076
1492416770.458731651306152 2.573974722222224
1492382150.186812639236450 2.575030444444446
1489308248.508248329162598 2.576085629629631
1492390071.917207479476929 2.577141370370372
1492524683.344444036483765 2.578196962962965
1492049387.046423196792603 2.579252870370372
1489456034.800301551818848 2.580308629629631
1492419091.722359657287598 2.581364351851853
1492522260.814651250839233 2.582420018518520
1492550261.394337177276611 2.583475611111113
1489353096.988089323043823 2.584531296296298
1492457242.093076467514038 2.585586981481483
1492478686.454057693481445 2.586642648148150
1492550602.599863052368164 2.587698259259261
1489504893.878266811370850 2.588754000000002
1492427012.804770946502686 2.589809740740742
1492483080.431540966033936 2.590865388888890
1490391730.916472434997559 2.591905407407409
1492187718.159653425216675 2.592961166666668
1492415396.221118927001953 2.594016740740742
1492479553.707699537277222 2.595072351851853
1488475313.190862417221069 2.596127796296297
1492402125.868238210678101 2.597183574074075
1492459136.597259998321533 2.598239259259260
1492439162.164058685302734 2.599294888888890
1489507971.866065740585327 2.600350685185187
1492359934.053598880767822 2.601406537037038
1492412377.644458532333374 2.602462203703705
1492487474.563188552856445 2.603517833333335
1489471584.929488420486450 2.604573611111113
1492483422.797600507736206 2.605629277777779
1492395755.130678892135620 2.606685018518520
1492615894.736842155456543 2.607740574074076
1489371185.013681173324585 2.608796351851853
1492396961.829918622970581 2.609852055555557
1492439587.426326274871826 2.610907759259261
1489291189.891189813613892 2.611962944444446
1492329105.930642604827881 2.613018666666668
1492555415.219450712203979 2.614074333333335
1492419008.525418519973755 2.615130000000002
1489329799.743756294250488 2.616185129629631
1492382065.045784711837769 2.617240796296298
1486013519.886810064315796 2.618300962962965
1492319987.373073101043701 2.619356907407409
1489246099.577052116394043 2.620412111111113
1492461716.571067810058594 2.621467833333335
1492485237.619072675704956 2.622523444444446
1492483422.797600507736206 2.623579111111113
1489417441.330199718475342 2.624634925925927
1492439669.537457704544067 2.625690685185186
1492499789.488456964492798 2.626746314814816
1492476369.250201702117920 2.627801907407409
1489423985.686470508575439 2.628857629629631
1492057662.966275691986084 2.629913574074076
1492505473.300119161605835 2.630969203703705
1489036780.963745355606079 2.632024500000002
1492344178.052159786224365 2.633080370370372
1492582130.138067960739136 2.634135944444446
1492422620.196102380752563 2.635191703703705
1486175354.868141651153564 2.636247129629631
1492325317.055201768875122 2.637302851851854
1492427699.431698560714722 2.638358629629631
1492483765.151648044586182 2.639414314814816
1489414545.965109348297119 2.640469462962964
1492433904.013471841812134 2.641525166666668
1492441481.897277593612671 2.642580870370372
1492491263.770963430404663 2.643636500000002
1489384534.437097549438477 2.644692370370372
1492386283.108226537704468 2.645748111111113
1492469818.436979055404663 2.646803759259261
1492474292.630729675292969 2.647859444444446
1490583690.233798980712891 2.648914481481483
1491663690.737200498580933 2.649970277777780
1492405830.658317089080811 2.651026000000002
1489221563.190958976745605 2.652081296296298
1492330486.029502153396606 2.653137092592595
1492462059.287844181060791 2.654192833333335
1492403936.220596790313721 2.655248555555557
1486297671.480461120605469 2.656303907407409
1492231128.104391813278198 2.657359759259261
1492405227.153131008148193 2.658415500000002
1492430801.613751888275146 2.659471240740742
1488965028.338802337646484 2.660526592592594
1492305770.917382955551147 2.661582333333335
1492517104.662994384765625 2.662637925925928
1492371472.172036886215210 2.663693685185187
1489334642.976163387298584 2.664749481481483
1492365186.276573181152344 2.665805259259261
1769672449.517120361328125 2.666859888888891
2136486819.946464538574219 2.667904537037039
2138383301.707779884338379 2.668958537037039
2138381973.117807149887085 2.670012518518520
2138519363.227439165115356 2.671066444444446
2105823498.400871753692627 2.672120259259261
2137984717.537942647933960 2.673174481481484
2138367741.368707656860352 2.674228462962965
2138436244.794686794281006 2.675282407407410
2134195202.530533075332642 2.676336203703706
2138364326.375711441040039 2.677390203703706
2138391271.500606060028076 2.678444222222224
2138388994.307400226593018 2.679498222222224
2134686076.750070571899414 2.680552148148150
2138413092.749090671539307 2.681606166666669
2138422201.138519763946533 2.682660166666669
2138498488.895136594772339 2.683714092592595
2135016256.876219034194946 2.684767777777780
2138358633.776091098785400 2.685821777777780
2138404743.916366577148438 2.686875759259261
2136243071.053200244903564 2.687904722222224
2138466985.276030540466309 2.688958685185187
2138368690.151981115341187 2.690012666666669
2138547451.283582925796509 2.691066574074076
2134805061.511423826217651 2.692120277777780
2138385579.001001358032227 2.693174296296299
2138417457.305502891540527 2.694228296296298
2138462054.787299394607544 2.695282203703706
2134557756.181572198867798 2.696335962962965
2138414611.005692481994629 2.697389962962965
2138396774.080191135406494 2.698443925925928
2138534544.560022592544556 2.699497851851854
2134957044.431946039199829 2.700551481481483
2138372676.481956243515015 2.701605518518520
2138399620.480022668838501 2.702659481481483
2138499244.474118947982788 2.703713444444446
2135329173.550813913345337 2.704767037037039
2138339846.083564758300781 2.705821000000002
2138351804.350117444992065 2.706875037037038
2136218793.828892230987549 2.707904925925928
2138336431.520688772201538 2.708958907407409
2138371916.508538722991943 2.710012907407409
2138413852.479179143905640 2.711066870370372
2135337715.752100467681885 2.712120462962964
2138407210.879572868347168 2.713174425925927
2130840453.845076084136963 2.714232055555557
2138421250.505085945129395 2.715286148148150
2135224768.868422031402588 2.716339740740742
2138440418.877604961395264 2.717393703703705
2138330551.504822731018066 2.718447722222224
2138451804.476930141448975 2.719501685185187
2135294843.403985977172852 2.720555351851853
2137310342.404385089874268 2.721609444444446
2138345163.217259645462036 2.722663481481483
2102215824.815470457077026 2.723719722222223
2131520917.749829053878784 2.724775444444445
2138143851.018974065780640 2.725829518518519
2138377420.148283243179321 2.726883555555556
2136307511.013615131378174 2.727905018518519
2138412333.099086523056030 2.728959092592593
2138424856.811553239822388 2.730013129629630
2137895163.981941938400269 2.731067333333333
2135272216.170631170272827 2.732121370370370
2138503233.061568975448608 2.733175296296296
2138442507.731234312057495 2.734229222222222
2138625454.673250198364258 2.735283092592592
2135496635.451622486114502 2.736337111111111
2138452566.287712335586548 2.737391018518518
2138408159.679516553878784 2.738444981481481
2138572889.576158046722412 2.739498833333333
2135551662.947801113128662 2.740552851851852
2138442886.510990619659424 2.741606796296296
2138438900.114205360412598 2.742660777777778
2138520689.473407030105591 2.743714722222223
2135464722.417428016662598 2.744768796296297
2138435674.877886056900024 2.745822759259259
2138398102.433453321456909 2.746876740740741
2136472908.000648498535156 2.747905129629630
2138445732.960835218429565 2.748959074074075
2138460722.129491329193115 2.750013055555556
2138496784.396415233612061 2.751066944444445
2135349847.159270524978638 2.752121055555556
2138428842.504743814468384 2.753175055555556
2138439470.077661037445068 2.754229018518519
2138585405.281931400299072 2.755282925925927
2135443936.891668558120728 2.756336962962964
2138364137.882567644119263 2.757391000000001
2138439470.077661037445068 2.758444962962963
2138578567.286911725997925 2.759498907407408
2135419786.706959009170532 2.760552925925927
2138492224.974961996078491 2.761606870370371
2138443835.327605485916138 2.762660814814816
2138522026.393013477325439 2.763714685185186
2135373297.960187435150146 2.764768703703705
2138466606.926361322402954 2.765822648148149
2138428842.504743814468384 2.766876648148149
2136534799.985597610473633 2.767905277777779
1723271304.225747585296631 2.768960537037038
1492122606.438942193984985 2.770016611111112
1492512788.127565622329712 2.771072277777779
1487184530.386740446090698 2.772128111111113
1492272454.617206096649170 2.773183944444446
1492394464.031995058059692 2.774239666666668
1492533209.361075162887573 2.775295259259261
1489227215.323089838027954 2.776351037037039
1492450088.579396963119507 2.777406796296298
1492410826.740575790405273 2.778462481481483
1492560416.812855243682861 2.779518111111113
1485233432.123879671096802 2.780574092592594
1491891914.639919996261597 2.781630185185187
1492394638.972703695297241 2.782685814814816
1492562501.096510410308838 2.783741351851853
1489157342.779979705810547 2.784797314814817
1492381202.967952489852905 2.785853037037039
1492445270.839180469512939 2.786908740740742
1488980468.544353723526001 2.787964018518520
1492386198.186187744140625 2.789019703703705
1492445270.839180469512939 2.790075407407409
1492450007.016559123992920 2.791131111111113
1489181657.043576002120972 2.792186314814816
1492313091.980635404586792 2.793242092592594
1492542682.712887287139893 2.794297685185187
1492471027.840640068054199 2.795353296296298
1488187611.798954725265503 2.796409259259261
1492298193.299421072006226 2.797465000000002
1492484107.493685245513916 2.798520703703706
1492466371.960846424102783 2.799576370370373
1489481056.619658946990967 2.800632148148150
1492344693.315559625625610 2.801687944444447
1492459055.504876852035522 2.802743574074077
1492467057.255122184753418 2.803799277777780
1489249798.295155525207520 2.804855092592595
1492361397.600505113601685 2.805910870370373
1492397046.184069633483887 2.806966629629632
1489173782.574361562728882 2.808021907407410
1492436402.547055721282959 2.809077592592595
1471206658.714930295944214 2.810148870370373
1492432765.151515007019043 2.811204870370373
1488553791.082489728927612 2.812260222222224
1492418404.757310628890991 2.813315907407409
1492467581.222370386123657 2.814371537037039
1492615214.568932056427002 2.815427055555558
1489264553.698279380798340 2.816482851851854
1492420986.160079956054688 2.817538574074076
1492397046.184069633483887 2.818594333333335
1492540523.472037076950073 2.819649962962965
1489459510.655090808868408 2.820705796296298
1492442511.094350099563599 2.821761555555558
1492487211.872434616088867 2.822817222222224
1492525289.030017137527466 2.823872796296298
1489423434.485177993774414 2.824928537037039
1492461635.617303609848022 2.825984203703706
1492399459.715473651885986 2.827039888888891
1489236771.442110300064087 2.828095055555558
1492355370.016312599182129 2.829150814814817
1492559810.542934656143188 2.830206462962965
1492470161.035680532455444 2.831262129629632
1488774295.440985441207886 2.832317425925928
1492350720.875574588775635 2.833373240740743
1492571709.268258571624756 2.834428814814817
1492425556.549655199050903 2.835484425925928
1489071985.118629693984985 2.836539685185187
1492369233.467812538146973 2.837595425925928
1492527525.349987745285034 2.838651018518521
1492504525.998175621032715 2.839706648148151
1489456981.985932350158691 2.840762407407410
1492319722.163754940032959 2.841818185185188
1492488764.143496036529541 2.842873833333336
1490411222.990647315979004 2.843907425925928
1491970079.099215984344482 2.844963296296299
1492415906.539433002471924 2.846019000000002
1492515893.621500253677368 2.847074629629632
1488952583.181243896484375 2.848129888888892
1492321616.501788854598999 2.849185666666669
1492526842.105263233184814 2.850241222222225
1492502026.138057947158813 2.851296870370373
1489200463.296070814132690 2.852352111111113
1492391363.070284605026245 2.853407870370372
1492534839.660374641418457 2.854463500000002
1492570496.289669036865234 2.855519111111113
1489324757.375265598297119 2.856574314814817
1492474212.335976362228394 2.857629944444447
1492496947.582625627517700 2.858685574074077
1492515551.813062429428101 2.859741185185188
1489452641.549147367477417 2.860796962962965
1492429854.411506652832031 2.861852703703706
1492513393.561968088150024 2.862908351851854
1486669170.161615610122681 2.863963666666669
1492290449.881610155105591 2.865019500000002
1492503315.440479993820190 2.866075166666669
1492530786.233028173446655 2.867130833333336
1489220615.589793920516968 2.868186129629632
1492400491.141904830932617 2.869241870370373
1492579022.156728506088257 2.870297481481484
1492463187.439698219299316 2.871353129629632
1489164999.473518133163452 2.872408351851855
1492398512.463381767272949 2.873464037037040
1492535445.502868175506592 2.874519648148151
1492514604.494500398635864 2.875575259259262
1489359912.961078166961670 2.876630555555558
1493438033.063072681427002 2.877685777777781
1491684171.753314971923828 2.878741555555559
1492488159.141143083572388 2.879797222222225
1488932241.146445274353027 2.880852981481484
1492146585.288856029510498 2.881908870370373
1492525102.620776891708374 2.882964537037040
1489177719.670778989791870 2.884019777777781
1492336426.303695678710938 2.885075537037040
1492420299.261494398117065 2.886131222222225
1492454743.193937778472900 2.887186925925929
1489223058.699657678604126 2.888242203703706
1492428824.530320882797241 2.889297888888891
1492489711.428822040557861 2.890353537037039
1492533550.865743875503540 2.891409148148151
1489310390.818314313888550 2.892464388888891
1492390759.840033531188965 2.893520166666669
1492380170.508367776870728 2.894575833333336
1492511157.111781597137451 2.895631462962966
1488930649.633243083953857 2.896686759259262
1492387145.438279628753662 2.897742444444447
1492454400.336800813674927 2.898798129629632
1492529497.412507534027100 2.899853777777780
1489373883.438920497894287 2.900909018518521
1491418242.413611650466919 2.901964759259262
1492495658.123256683349609 2.903020370370373
1486470695.521026849746704 2.904076333333336
1492394289.121970176696777 2.905132148148151
1485854448.286702394485474 2.906192481481484
1492425201.269886016845703 2.907248277777780
1489039109.084531784057617 2.908304203703706
1492346500.613927364349365 2.909359944444447
1492391019.119452714920044 2.910415685185188
1492546130.769635677337646 2.911471259259262
1489431959.305384874343872 2.912527000000003
1492424171.198035478591919 2.913582740740743
1492372936.656901836395264 2.914638425925928
1492632267.798870086669922 2.915693944444447
1489312707.182320356369019 2.916749777777780
1492429250.495518207550049 2.917805537037039
1492493158.374850749969482 2.918861166666669
1490617994.622133970260620 2.919907981481484
1492379652.692510128021240 2.920963722222225
1492534839.660374641418457 2.922019351851854
1492424088.269861698150635 2.923075037037040
1489447198.105761766433716 2.924130870370373
1492317827.825720787048340 2.925186648148151
1492490921.530445814132690 2.926242259259262
1492372677.998210906982422 2.927297981481484
1489239779.005524873733521 2.928353814814817
1492369663.591398715972900 2.929409629629632
1492496684.559520244598389 2.930465296296299
1492526236.381818056106567 2.931520870370373
1489001876.172607660293579 2.932577000000002
1492468951.726073503494263 2.933632703703706
1492481608.167131423950195 2.934688425925928
1492580576.120136260986328 2.935744018518521
1489404886.776236057281494 2.936799777777780
1492431666.286596536636353 2.937855462962965
1492479896.147638797760010 2.938911092592595
1489308344.301131725311279 2.939966370370373
1492428220.600617408752441 2.941022074074076
1492558257.025576353073120 2.942077740740743
1492525708.271204233169556 2.943133388888891
1489197473.019215583801270 2.944188666666669
1492330228.887135028839111 2.945244500000002
1492466291.247828960418701 2.946300111111114
1492480660.948271274566650 2.947355833333336
1489435592.506840467453003 2.948411611111113
1492468609.118178606033325 2.949467296296298
1492363550.254341363906860 2.950523037037039
1492590389.979474782943726 2.951578648148150
1489300545.489625215530396 2.952634444444447
1492443115.242939710617065 2.953690185185188
1492483422.797600507736206 2.954745851851854
1492564206.020630121231079 2.955801481481484
1489571037.676278591156006 2.956857259259262
1492396961.829918622970581 2.957912962962966
1492435455.294963836669922 2.958968648148151
1460638930.319886445999146 2.960024000000002
1492259907.413902044296265 2.961080074074077
1492279504.630928993225098 2.962135777777780
1492467581.222370386123657 2.963191407407410
1489181256.581256389617920 2.964246592592595
1492322820.557796716690063 2.965302333333336
1492503315.440479993820190 2.966358000000003
1492445875.067974328994751 2.967413685185188
1489455087.614670753479004 2.968469444444447
1492317571.122882127761841 2.969525259259262
1492504183.990316390991211 2.970580870370373
1492505131.308878421783447 2.971636481481484
1988453410.587305545806885 2.972691203703706
2138302851.420439720153809 2.973745259259262
2138466606.926361322402954 2.974799203703706
2138425617.148379087448120 2.975853185185188
2135398914.208408594131470 2.976907203703707
2138280082.222105264663696 2.977961259259262
2138411006.079347848892212 2.979015222222225
2135187085.889031171798706 2.980068907407410
2138461670.912764549255371 2.981122888888892
2138347629.003636837005615 2.982176907407410
2138109902.851219892501831 2.983231037037040
2135307615.248070955276489 2.984284722222225
2138398102.433453321456909 2.985338703703707
2138420873.232012748718262 2.986392685185189
2138463190.076255559921265 2.987446648148151
2135338627.499209165573120 2.988500685185188
2138464517.262584447860718 2.989554666666670
2138388234.880697250366211 2.990608629629633
2138504753.035441160202026 2.991662537037040
2135284389.164119243621826 2.992716648148152
2138450285.513484954833984 2.993770629629633
2138486154.062412261962891 2.994824555555559
2138545553.583665609359741 2.995878462962967
2134589574.658725738525391 2.996932518518522
2138484634.442043304443359 2.997986462962967
2138430172.898510217666626 2.999040388888893
2135272065.801961183547974 3.000094055555560
2138380835.251330852508545 3.001148074074078
2131669153.967419862747192 3.002205296296300
2138365655.252384901046753 3.003259314814819
2135124448.584333419799805 3.004313000000004
2138410815.939278841018677 3.005367000000004
2138579712.182178974151611 3.006420907407412
2138455412.837588310241699 3.007474814814819
2135341945.689428091049194 3.008528425925931
2138352753.083382844924927 3.009582462962967
2138564726.141735076904297 3.010636333333338
2138444784.144220352172852 3.011690277777782
2135339576.232474565505981 3.012744314814819
2138408159.679516553878784 3.013798277777782
2138452374.677139043807983 3.014852222222227
2136445739.563950300216675 3.015907148148153
2138179700.265298366546631 3.016961166666671
2138316888.045540809631348 3.018015166666671
2138460343.676424264907837 3.019069129629634
2135263444.639719009399414 3.020122833333338
2138431118.997838735580444 3.021176851851856
2138517659.462308883666992 3.022230740740745
2138529240.177128076553345 3.023284592592597
2135317105.748782634735107 3.024338277777782
2138473819.229688167572021 3.025392203703708
2138510639.793354272842407 3.026446074074078
2138590345.990967988967896 3.027499944444449
2132557781.526781797409058 3.028553722222227
2138419545.278841733932495 3.029607685185189
2138429603.078382968902588 3.030661629629634
2138588251.831807374954224 3.031715537037042
2135275931.131412506103516 3.032769611111116
2138163794.466403245925903 3.033823777777782
2138416129.315646171569824 3.034877759259264
2136573550.835416555404663 3.035907407407412
2138391271.500606060028076 3.036961425925930
2138501142.074006557464600 3.038015388888893
2138449715.370018959045410 3.039069388888893
2135422967.415374755859375 3.040123055555560
2138439848.897478818893433 3.041177037037041
2138381973.117807149887085 3.042231018518523
2138552390.658771038055420 3.043284888888893
2135246955.023990631103516 3.044338537037041
2138474197.459280014038086 3.045392481481486
2138457689.063817977905273 3.046446407407412
2138541381.128096818923950 3.047500296296301
2135269218.601708173751831 3.048553962962967
2138441367.677548646926880 3.049607925925930
2138471543.286886453628540 3.050661833333338
2138569847.127042531967163 3.051715722222227
2135313364.136259078979492 3.052769814814819
2138464709.293131828308105 3.053823759259264
2138450285.513484954833984 3.054877740740745
2136442966.052934408187866 3.055907666666672
2019276358.896678209304810 3.057484722222227
2129532577.903682708740234 3.058543722222227
2137861109.647504806518555 3.059598111111116
2132623432.285262346267700 3.060652370370375
2138248590.151262283325195 3.061706462962968
2138378557.874762773513794 3.062760462962968
2138400569.279966354370117 3.063814425925931
2135343804.353555202484131 3.064868481481486
2138374762.808349132537842 3.065922481481486
2138403795.133093118667603 3.066976462962968
2135303738.071387290954590 3.068030185185190
2138342697.517524957656860 3.069084240740746
2138417647.678954362869263 3.070138203703709
2138181578.577453136444092 3.071192129629635
2135069769.076658248901367 3.072245870370375
1818086570.360358715057373 3.073300888888894
1471152284.530241966247559 3.074359944444449
1490269802.110125541687012 3.075418333333338
1488064813.678211450576782 3.076474351851857
1492314384.438637018203735 3.077530148148153
1492397046.184069633483887 3.078585907407412
1492492711.932784795761108 3.079641666666671
1489225320.985055685043335 3.080697444444449
1492454743.193937778472900 3.081753148148153
1492434851.248947620391846 3.082808851851857
1491979868.831761121749878 3.083864888888894
1489367549.552710056304932 3.084920629629635
1492449402.725885391235352 3.085976351851857
1492446822.320065975189209 3.087032037037042
1489111641.455796003341675 3.088087333333338
1458336920.326685190200806 3.089143962962968
1492133370.741201877593994 3.090200055555560
1492395411.250855207443237 3.091255777777782
1486348247.183914184570312 3.092311222222226
1492213321.174283504486084 3.093367185185190
1492473869.796326398849487 3.094422796296301
1492354680.839867353439331 3.095478518518523
1487387394.339026927947998 3.096534481481486
1492333935.429563522338867 3.097590462962967
1464891738.382099866867065 3.098666388888893
1492428894.617772340774536 3.099722333333338
1488095022.624434232711792 3.100778222222226
1492352270.534790515899658 3.101834018518523
1492472317.732088804244995 3.102889648148153
1489222470.197594165802002 3.103910259259264
1492191949.486977100372314 3.104966092592597
1492358469.715308189392090 3.106021814814819
1492408932.236392021179199 3.107077500000004
1488643936.336357355117798 3.108132814814819
1493380846.246994733810425 3.109188018518523
1491659422.196495294570923 3.110243740740745
1492440109.466002225875854 3.111299370370375
1487062710.555867433547974 3.112354777777782
1492297079.715864181518555 3.113410611111116
1492403508.464169740676880 3.114466259259264
1492518999.333356857299805 3.115521851851856
1489354685.854685783386230 3.116577037037041
1492394204.627177238464355 3.117632796296300
1492398512.463381767272949 3.118688481481485
1492500736.790400505065918 3.119744111111115
1489211617.383983850479126 3.120800000000004
1492320324.147971391677856 3.121855759259263
1492395670.707106351852417 3.122911444444448
1099015406.085814237594604 3.124264925925929
1488479118.572927474975586 3.125323814814818
1492221816.842363595962524 3.126379574074077
1492375692.933829069137573 3.127435203703707
1487969796.362233400344849 3.128491000000003
1492233622.730860233306885 3.129546833333337
1492371386.472074031829834 3.130602537037041
1492452081.469396352767944 3.131658148148152
1489365258.117139339447021 3.132713870370374
1218543123.379807949066162 3.133771129629633
1490902910.581065416336060 3.134828574074078
1492325493.291239261627197 3.135884407407411
1488573954.222573041915894 3.136940240740745
1492293892.728101968765259 3.137996055555559
1492319890.539758443832397 3.139051740740745
1489407882.965847492218018 3.140107462962967
1492309559.726363658905029 3.141163203703707
1492395411.250855207443237 3.142218925925929
1492445532.049258232116699 3.143274592592596
1489439776.892989397048950 3.144330388888893
1492366994.685049772262573 3.145386111111115
1492412981.317428112030029 3.146441759259263
1492423401.456012487411499 3.147497407407411
1489364707.945974349975586 3.148553148148152
1492395670.707106351852417 3.149608833333337
1492353388.998035430908203 3.150664537037041
1492430115.071568965911865 3.151720240740744
1204756467.971062898635864 3.152777444444448
1491424922.478582859039307 3.153834500000003
1492310763.401627779006958 3.154890203703707
1489180117.234996318817139 3.155910629629633
1492195043.235753297805786 3.156966425925930
1492494368.618644952774048 3.158022018518523
1492410483.107041597366333 3.159077685185189
1489316192.847998142242432 3.160133592592597
1492368458.907113313674927 3.161189240740745
1492375434.164824962615967 3.162244907407412
1492468105.263158082962036 3.163300462962967
1489119350.369188070297241 3.164356333333338
1492350031.572300434112549 3.165412111111115
1492361655.849850893020630 3.166467851851856
1492430115.071568965911865 3.167523555555560
1489396912.822311878204346 3.168579296296301
1492418144.503499507904053 3.169635018518523
1492305425.459138154983521 3.170690740740745
1492397909.065394401550293 3.171746444444449
1489391472.120393753051758 3.172802240740745
1225438246.732770442962646 3.173859314814819
1491446052.493254184722900 3.174916240740745
1488159498.868242263793945 3.175971629629634
1492473848.528431653976440 3.177027444444449
1492426065.602525711059570 3.178083185185189
1492473265.034032583236694 3.179138814814819
1489004018.460350513458252 3.180194129629634
1492427616.692101240158081 3.181249851851856
1492310506.928608894348145 3.182305592592597
1492545259.981755495071411 3.183361222222227
1466737202.083442926406860 3.184417166666671
1491839823.272612333297729 3.185473407407412
1492355370.016312599182129 3.186529166666671
1492518051.998175621032715 3.187584759259264
1489194211.541834831237793 3.188640500000004
1492387060.557153940200806 3.189696129629634
1492437006.630881071090698 3.190751796296301
1492466029.295675754547119 3.191807444444449
1489272430.668841838836670 3.192863166666671
1290893285.897053956985474 3.193919814814819
1467824865.572866439819336 3.194994333333338
1488062314.696233510971069 3.196049907407412
1492427012.804770946502686 3.197105648148153
1492387315.173732519149780 3.198161444444449
1492536315.789473772048950 3.199217000000004
1488972483.504141569137573 3.200272259259264
1492436059.362172603607178 3.201327925925931
1492458108.202933073043823 3.202383555555560
1492447687.881552219390869 3.203439185185190
1489399203.662451028823853 3.204494944444449
1492380514.673636674880981 3.205550629629634
1492434768.879922628402710 3.206606277777782
1492514868.160207748413086 3.207661851851856
1489563620.417470693588257 3.208717592592597
1492386801.389327526092529 3.209773259259264
1492419955.794126987457275 3.210828925925931
1492461554.655018091201782 3.211884537037042
1219972800.084123373031616 3.212941185185190
1491230187.092705488204956 3.213998296296301
1492421069.248579025268555 3.215054074074079
1488040425.307927370071411 3.216109518518524
1492395580.110497236251831 3.217165351851857
1492416250.065779209136963 3.218221074074079
1492501078.852732181549072 3.219276722222227
1489095130.297446727752686 3.220332000000005
1492386542.239685773849487 3.221387703703709
1492429002.491140604019165 3.222443296296301
1472739812.339287757873535 3.223530759259265
1481581890.300372123718262 3.224590555555561
1492037385.144139766693115 3.225646629629635
1243074470.263883352279663 3.226822092592598
1489435896.538448095321655 3.227880277777783
1488457094.754564046859741 3.228936222222227
1492160192.216629743576050 3.229992129629635
1492515708.046097993850708 3.231047851851857
1489393872.394188404083252 3.232103185185190
1492422276.793545007705688 3.233158925925931
1492335479.118064880371094 3.234214685185190
1492532075.008332490921021 3.235270370370375
1488421133.903033971786499 3.236325722222227
1492346500.613927364349365 3.237381462962968
1492405570.854747295379639 3.238437222222227
1492529420.020350217819214 3.239492814814819
1489422920.322920322418213 3.240548000000004
1492422797.600252866744995 3.241603666666671
1492375863.883529186248779 3.242659407407412
1492507289.345801115036011 3.243714981481486
1489490602.130534887313843 3.244770185185190
1492373969.479038715362549 3.245825925925931
1492392485.001579046249390 3.246881592592597
1490427013.603973388671875 3.247910703703708
1492392569.594274520874023 3.248966425925930
1492369750.552573680877686 3.250022092592597
1492480843.449582338333130 3.251077722222227
1337553030.303030252456665 3.252133722222227
1491272975.719141006469727 3.253190796296301
1492417801.010384559631348 3.254246500000005
1492351236.625153541564941 3.255302240740746
1489345453.907305717468262 3.256357481481487
1492321616.501788854598999 3.257413259259264
1492522788.674081563949585 3.258468851851857
1492381806.062307119369507 3.259524555555561
1488468823.993685960769653 3.260580388888894
1492378361.311371803283691 3.261636111111117
1492477739.185348987579346 3.262691777777783
1492497289.711428642272949 3.263747425925931
1489527232.542230129241943 3.264803148148153
1492299140.501666307449341 3.265858888888894
1492501078.852732181549072 3.266914537037042
1489333298.252999305725098 3.267970314814820
1492308701.524213790893555 3.269026111111117
1492411513.971478223800659 3.270081833333339
1492503657.445576906204224 3.271137518518524
1489537727.575683116912842 3.272193333333338
1279289384.731246709823608 3.273250685185190
1491257326.023366212844849 3.274307925925931
1492467057.255122184753418 3.275363629629635
1525082435.136748313903809 3.276418555555561
2245689980.498603343963623 3.277472611111116
2248554647.545737266540527 3.278526333333339
2248434810.115459442138672 3.279580092592598
2245070780.909538269042969 3.280633944444450
2248410825.059309005737305 3.281687740740746
2248432912.148744106292725 3.282741500000005
2248503136.917210102081299 3.283795259259264
2245668359.546612739562988 3.284849055555561
2248409531.843103885650635 3.285902833333338
2126673282.979096889495850 3.286957092592598
2118650246.824657678604126 3.288011222222227
2205092138.304037094116211 3.289065796296301
2247872606.541826248168945 3.290119981481487
2230993934.957649230957031 3.291182537037042
2244846299.810246467590332 3.292236537037042
2248488638.959669589996338 3.293290333333338
2248378560.759160041809082 3.294344129629634
2248488296.077604293823242 3.295397907407412
2244325361.542110919952393 3.296451777777782
2248434892.629951477050781 3.297505592592597
2248483471.292244434356689 3.298559314814820
2248514446.397188186645508 3.299613018518523
2245219209.615350723266602 3.300666888888893
2248534718.194759368896484 3.301720611111115
2248467681.276580810546875 3.302774351851856
2248535755.063324451446533 3.303828592592597
2245624707.846410274505615 3.304882388888893
2248444299.949036121368408 3.305936148148152
2248434204.976802825927734 3.306989925925930
2245276696.725201606750488 3.308043425925930
2248435841.563280105590820 3.309097240740745
2248480361.316626548767090 3.310151000000004
2248476222.276896953582764 3.311204740740745
2245397908.795360565185547 3.312258537037041
2248445936.209471702575684 3.313312333333338
2248518927.278478622436523 3.314366074074079
2248509094.743502140045166 3.315419796296301
2245430569.711454391479492 3.316473611111116
2248506590.278021812438965 3.317527351851857
2248535402.351369857788086 3.318581111111116
2248567592.267135620117188 3.319634814814819
2245392060.730666160583496 3.320688648148153
2249412434.741338253021240 3.321742148148152
2247636715.111681461334229 3.322795907407412
2248609008.945675373077393 3.323849592592597
2245448443.101145744323730 3.324903444444449
2248450337.410375118255615 3.325957222222227
2248419970.476592063903809 3.327011000000005
2245420028.476507186889648 3.328064500000004
2248367777.309152126312256 3.329118277777782
2248449650.275913238525391 3.330172018518523
2248517029.278408527374268 3.331225759259264
2245517797.816801071166992 3.332279259259264
2248500896.277811050415039 3.333333000000005
2248475010.544074058532715 3.334386777777783
2248494596.066991329193115 3.335440537037042
2237043921.293043136596680 3.336494611111116
2248362946.303064823150635 3.337548537037042
2248469922.499692440032959 3.338602296296301
2248405391.631372451782227 3.339656055555560
2245456743.695632934570312 3.340709851851857
2248420919.443272590637207 3.341763629629634
2248396246.309574127197266 3.342817407407412
2248555596.562450885772705 3.343871129629635
2245482207.812747478485107 3.344924962962968
2248376058.763575077056885 3.345978777777783
2248477171.276932239532471 3.347032518518524
2245149903.322200775146484 3.348086037037042
2248439293.559441089630127 3.349139833333338
2248442745.676929473876953 3.350193611111116
2248362687.380278587341309 3.351247370370376
2245307869.434532642364502 3.352300907407413
2248370365.163603305816650 3.353354722222228
2248412378.743146419525146 3.354408500000006
2248558101.933216571807861 3.355462203703709
2245359644.344479560852051 3.356516074074079
2248510728.784070968627930 3.357569833333339
2248406684.943061828613281 3.358623611111117
2248524963.534435749053955 3.359677370370376
2245444647.501230239868164 3.360731222222228
2248506932.850640296936035 3.361784981481487
2248351386.497030258178711 3.362838796296302
2248548004.428744792938232 3.363892518518524
2245147240.234066009521484 3.364946351851857
2248507539.278057098388672 3.366000092592598
2248436790.496608734130859 3.367053907407413
2245089154.508700847625732 3.368107425925932
2248430491.855132102966309 3.369161259259265
2248465520.877266883850098 3.370215037037043
2248494253.277565002441406 3.371268777777784
2245168887.326419353485107 3.372322296296302
2248410480.809784889221191 3.373376074074080
1248282620.689655065536499 3.374450148148154
2064372267.747628211975098 3.375510018518525
1480872747.017918825149536 3.376567259259265
1491864085.840521574020386 3.377623481481487
1492315676.851299762725830 3.378679296296302
1492394204.627177238464355 3.379735055555561
1488368725.665579080581665 3.380790944444450
1492285548.930200099945068 3.381846870370376
1492400147.345155954360962 3.382902592592598
1488049911.134727001190186 3.383913277777783
1492037775.556374073028564 3.384969222222227
1492318429.776709556579590 3.386024981481486
1413331194.037575721740723 3.387098370370375
1475184655.806621074676514 3.388155592592597
1849905457.353999614715576 3.389210574074079
2113157722.892200708389282 3.390265518518523
2084250946.969696760177612 3.391321518518523
1488561661.845911264419556 3.392377907407412
1492002595.307403802871704 3.393433944444449
1467997298.577367782592773 3.394489629629634
1491454198.339580535888672 3.395546925925931
1487689673.321870803833008 3.396602444444449
1467649520.335326910018921 3.397658351851856
1491640801.176553010940552 3.398716055555560
1468359226.195695877075195 3.399771925925930
1482598477.024069786071777 3.400829796296301
1492004348.512212514877319 3.401885925925930
1468325995.053239107131958 3.402941611111115
1487369499.719731092453003 3.403998796296301
1466590909.090909242630005 3.405072722222227
1490711256.631590127944946 3.406130370370375
1492248522.370521068572998 3.407186240740745
1463636857.889475584030151 3.408242148148153
1491597835.035294532775879 3.409299388888893
1492280377.437912225723267 3.410355240740745
1468011571.030347824096680 3.411411518518523
1487830706.179066896438599 3.412468851851856
1467798979.108561754226685 3.413524574074078
1491693487.932182073593140 3.414581870370375
1492434851.248947620391846 3.415637574074078
1463694779.680044889450073 3.416693277777782
1491618643.919356822967529 3.417750518518523
1492243694.531167745590210 3.418806333333337
1468619365.697154760360718 3.419862611111115
1488108110.947678089141846 3.420920166666671
1237153946.239771842956543 3.426684444444449
1484596719.595184087753296 3.427745740740745
914962155.288451790809631 3.430483537037041
1355785084.650902271270752 3.431674703703708
1432008513.756345987319946 3.432736166666671
1490146569.373720407485962 3.433794444444449
1492116976.499474048614502 3.434850370370374
1492270123.309536695480347 3.435906129629633
1474108480.920528173446655 3.436974759259263
1467715111.776550054550171 3.438050814814819
1489965663.884076118469238 3.439108981481485
1487055135.514428377151489 3.440164629629634
1492189550.851470708847046 3.441220537037041
1492265387.381382465362549 3.442276296296300
1492320837.791850328445435 3.443331981481485
1489315795.012101411819458 3.444387870370374
1492256190.810242176055908 3.445443796296300
1492277536.130208969116211 3.446499648148151
1492432613.538688421249390 3.447555333333336
1486968449.113453626632690 3.448611240740744
1492200915.484312295913696 3.449667148148151
1492331000.368362903594971 3.450722870370373
1492377758.288019657135010 3.451778611111114
1487062135.002893686294556 3.452834555555559
1492327387.529597520828247 3.453890388888892
1492342454.220164060592651 3.454946166666670
1488733971.997052431106567 3.456001611111114
1492199179.148981094360352 3.457057425925929
1492338320.674957275390625 3.458113185185188
1492354680.839867353439331 3.459168907407410
1488921433.083023309707642 3.460224388888892
1492132477.508286476135254 3.461280333333336
1492390675.156554222106934 3.462336055555558
1492328503.771268129348755 3.463391796296299
1487771355.417989253997803 3.464447777777780
1492294839.863893032073975 3.465503592592595
1492367941.903909921646118 3.466559314814817
1492328936.752376794815063 3.467615129629632
1488948609.113551139831543 3.468670944444447
1492234476.952220439910889 3.469726722222224
1492373796.369376420974731 3.470782555555558
1492332894.806083202362061 3.471838277777780
1488219809.897934198379517 3.472894240740743
1492262036.306235313415527 3.473950074074077
1492360966.881841182708740 3.475005777777780
1488818837.401084184646606 3.476061203703706
1492318084.546570777893066 3.477116944444447
1468549581.127974987030029 3.478173574074077
1492102123.481035947799683 3.479229666666669
1488857548.957675457000732 3.480285000000003
1492333327.486713647842407 3.481340796296299
1492377328.702242136001587 3.482396462962966
1492460002.806820631027222 3.483452092592596
1489383741.120757818222046 3.484507925925929
1492375002.192482471466064 3.485563722222226
1492327299.515891313552856 3.486619500000003
1492355541.521945238113403 3.487675166666670
1488279099.137023687362671 3.488730944444448
1467473618.891665935516357 3.489805296296300
1492344265.170115947723389 3.490861222222225
1489792944.407281160354614 3.491913185185188
1492384647.768734216690063 3.492968888888892
1492370524.986406087875366 3.494024648148151
1492447769.572157859802246 3.495080333333336
1488138763.621049642562866 3.496135685185188
1492291051.320728302001953 3.497191500000003
1492399284.361186981201172 3.498247277777780
1492460688.348595142364502 3.499302944444447
1488867024.636765718460083 3.500358277777781
1492412888.288635969161987 3.501414074074077
1492314295.737589836120605 3.502469814814818
1492489974.211883544921875 3.503525425925929
1488899378.794791698455811 3.504580722222225
1492326095.345003128051758 3.505636537037040
1492364239.107556104660034 3.506692314814818
1492460345.583720684051514 3.507747962962966
1489393520.548666000366211 3.508803722222225
1492402125.868238210678101 3.509859500000003
1492367339.063322067260742 3.510915240740744
1489185554.346681594848633 3.511970537037040
1492319376.962340593338013 3.513026296296299
1492516235.417945623397827 3.514081944444447
1492370439.236598491668701 3.515137648148151
1489138464.778351068496704 3.516192870370373
1492274694.822505950927734 3.517248722222225
1492489448.664199352264404 3.518304407407410
1492457846.542469263076782 3.519360074074077
1489108942.861154079437256 3.520415333333336
1492248083.770368337631226 3.521471129629633
1492532603.547181606292725 3.522526740740744
1492315588.219817161560059 3.523582500000003
1482789991.753373146057129 3.524637925925929
1492141947.703477621078491 3.525693870370374
1492391622.375414371490479 3.526749592592596
1492394379.538995981216431 3.527805259259262
1489134503.744497060775757 3.528861129629633
1492382494.299245595932007 3.529916870370374
1492343571.842054605484009 3.530972555555559
1489128843.184051752090454 3.532027814814818
1493301933.808303594589233 3.533083111111115
1491604146.204574108123779 3.534138962962966
1492317137.344325542449951 3.535194703703707
1489193429.504054069519043 3.536249925925929
1492392654.178067684173584 3.537305703703707
1491977272.727272510528564 3.538361703703707
1492484370.066308975219727 3.539417370370374
1488962046.638942956924438 3.540472759259263
1492380858.826831340789795 3.541528462962967
1492414699.175583124160767 3.542584203703707
1492512788.127565622329712 3.543639870370374
1489190586.501000404357910 3.544695092592597
1492353562.282948017120361 3.545750907407411
1492353388.998035430908203 3.546806611111115
1492495315.953826189041138 3.547862203703708
1489135476.625017642974854 3.548917462962967
1492431666.286596536636353 3.549973148148152
1492355283.468986749649048 3.551028851851856
1488432953.887709856033325 3.552084648148153
1492253165.889080047607422 3.553140462962967
1492515629.933691263198853 3.554196129629634
1492337888.329503536224365 3.555251814814819
1489516260.305209636688232 3.556307555555560
1492356317.201943397521973 3.557363314814819
1492387145.438279628753662 3.558419000000004
1492441742.974423885345459 3.559474666666671
1489416959.023294925689697 3.560530370370375
1492371472.172036886215210 3.561586129629634
1492434590.422732830047607 3.562641870370375
1492418144.503499507904053 3.563697592592597
1489387837.434880971908569 3.564753351851856
1492364497.456586599349976 3.565809092592596
1492388521.513391971588135 3.566864851851856
1490179159.824124574661255 3.567913574074078
1492164231.720364093780518 3.568969444444448
1492449059.781083345413208 3.570025148148152
1492338408.110288858413696 3.571080962962967
1489360613.182727098464966 3.572136777777782
1492319722.163754940032959 3.573192555555559
1492447165.310132026672363 3.574248259259263
1492447083.589158773422241 3.575303907407411
1489400150.848081827163696 3.576359666666670
1492361655.849850893020630 3.577415407407411
1492406518.040378093719482 3.578471166666670
1492460002.806820631027222 3.579526796296300
1489304032.130767822265625 3.580582666666670
1492350031.572300434112549 3.581638444444448
1492429511.129821538925171 3.582694166666670
1492477739.185348987579346 3.583749833333337
1489410018.943380117416382 3.584805611111115
1475373733.869848728179932 3.585873314814819
1492389378.978936910629272 3.586929222222226
1488928349.565675020217896 3.587984500000004
1491821127.377925872802734 3.589040703703708
1492464820.109811067581177 3.590096388888893
1492433643.220487594604492 3.591152129629633
1489362507.454309463500977 3.592207944444448
1492355370.016312599182129 3.593263703703707
1492425035.521953582763672 3.594319388888892
1492353991.615064859390259 3.595375074074077
1488702762.430939197540283 3.596430907407411
1492291742.668724536895752 3.597486759259263
1492454923.425082921981812 3.598542370370374
1492386886.281113624572754 3.599598092592596
1489404644.962110519409180 3.600653796296299
1492346155.870125770568848 3.601709518518522
1492325148.209211826324463 3.602765333333336
1492452424.391270637512207 3.603820962962966
1489403388.760260820388794 3.604876740740744
1492424171.198035478591919 3.605932481481485
1492346758.349705457687378 3.606988185185188
1489147795.872525691986084 3.608043444444448
1492315588.219817161560059 3.609099203703707
1492402645.242773056030273 3.610154907407411
1492377069.884928464889526 3.611210611111114
1488924016.425086736679077 3.612265907407411
1492331778.159750223159790 3.613321722222226
1492423827.816660642623901 3.614377444444448
1492408068.759866714477539 3.615433185185188
1489410260.457774400711060 3.616489018518522
1492351065.509076595306396 3.617544851851855
1492438036.099563121795654 3.618600574074077
1492483765.151648044586182 3.619656259259262
1489328960.061740398406982 3.620712055555559
1492375002.192482471466064 3.621767851851855
1492448716.824249744415283 3.622823537037041
1492405227.153131008148193 3.623879277777781
1489410966.112397193908691 3.624935055555559
1492394807.928433656692505 3.625990796296300
1492420986.160079956054688 3.627046518518522
1489142766.898294448852539 3.628101851851855
1492320580.960901021957397 3.629157574074077
1492475844.647932052612305 3.630213240740744
1492421589.952287435531616 3.631268944444448
1489154429.313491582870483 3.632324203703707
1492321271.333602190017700 3.633379962962966
1492458189.345168352127075 3.634435648148151
1492432009.542520284652710 3.635491351851855
1489430701.231276512145996 3.636547166666670
1492365530.668444156646729 3.637602962962966
1492422880.597800254821777 3.638658685185189
1492041316.661697864532471 3.639714666666670
1487821093.434830665588379 3.640770462962966
1492360708.647605657577515 3.641826203703707
1492336426.303695678710938 3.642881962962966
1490310077.519379854202271 3.643913962962966
1492288134.404264926910400 3.644969925925929
1492389383.946112871170044 3.646025629629633
1492501342.034629821777344 3.647081240740744
1486127487.103905916213989 3.648136685185189
1492334876.868027687072754 3.649192462962966
1492371386.472074031829834 3.650248166666670
1492448373.855383872985840 3.651303833333337
1489106471.083660840988159 3.652359240740744
1492388521.513391971588135 3.653415000000003
1492391278.417064428329468 3.654470703703707
1492439505.306551933288574 3.655526351851855
1488876094.547879219055176 3.656581666666670
1492485659.655831813812256 3.657637351851855
1492409192.176124811172485 3.658693000000003
1492524760.985878229141235 3.659748648148151
1489429668.999631643295288 3.660804370370373
1492424171.198035478591919 3.661860111111114
1492366908.746447801589966 3.662915777777781
1489121631.106120109558105 3.663971185185188
1492337116.096328973770142 3.665026981481485
1932437986.197692632675171 3.666081555555559
2303323679.308284282684326 3.667135296296300
2300313233.949792385101318 3.668188703703707
2303334118.308670997619629 3.669242444444448
2303484033.111302375793457 3.670296129629633
2303377445.036115646362305 3.671349851851855
2300136867.825689792633057 3.672403314814818
2303367299.952547073364258 3.673457000000004
2303391943.194600582122803 3.674510629629633
2303472291.062483787536621 3.675564240740744
2300280957.738555431365967 3.676617648148152
2303387230.004042148590088 3.677671333333337
2303378688.553401470184326 3.678725018518522
2303520696.018982410430908 3.679778629629634
2300275687.549424171447754 3.680832425925930
2296869216.208636760711670 3.681889018518522
2303272471.663298130035400 3.682942814814818
2300003199.437461376190186 3.683996240740744
2303383139.136394977569580 3.685049962962966
2303512179.689971446990967 3.686103629629633
2303382811.950790882110596 3.687157333333337
2300184896.108005523681641 3.688210777777781
2303330650.405075073242188 3.689264537037040
2303041977.825025081634521 3.690318444444448
2303409384.885764598846436 3.691372148148151
2300349307.362351417541504 3.692425555555559
2303410333.919156551361084 3.693479259259262
2303447643.150901317596436 3.694532925925929
2303410629.547611236572266 3.695586592592595
2268384399.057897090911865 3.696640185185188
2303129557.714948177337646 3.697694055555558
2303308787.346221446990967 3.698747759259262
2303414099.161643028259277 3.699801407407410
2300087795.448554515838623 3.700855203703706
2303404639.718805313110352 3.701908907407410
2303364158.802130222320557 3.702962629629632
2300328229.109896183013916 3.704015981481484
2303322109.554856300354004 3.705069740740743
2303521345.589398384094238 3.706123388888891
2303425814.615627765655518 3.707177055555558
2300354242.115256309509277 3.708230425925928
2303354047.309409141540527 3.709284166666669
2303434059.753954410552979 3.710337870370373
2303417273.014868736267090 3.711391537037039
2300360507.023435115814209 3.712444888888891
2303334774.356811523437500 3.713498666666669
2303427712.749129772186279 3.714552333333335
2303440999.683644294738770 3.715606000000002
2300043246.664205551147461 3.716659388888891
2303302180.904345989227295 3.717713148148150
2303413834.311623573303223 3.718766888888891
2303457431.102362155914307 3.719820518518520
2300329559.438838481903076 3.720873888888891
2303384710.017574787139893 3.721927592592595
2303410956.255821704864502 3.722981277777780
2265413502.701943874359131 3.724036759259261
2301151676.815892696380615 3.725092000000002
2302165492.277144432067871 3.726145870370372
2303426793.905203819274902 3.727199592592594
2298996907.180262565612793 3.728253407407409
2303332876.423449993133545 3.729307185185187
2303433407.149636268615723 3.730360851851854
2303510255.734247207641602 3.731414462962965
2300050786.398383140563965 3.732468259259261
2303452417.356461524963379 3.733521981481483
2303373943.303045749664307 3.734575666666669
2303526091.006555557250977 3.735629314814817
2300290870.749494552612305 3.736683111111113
2303419497.706461906433105 3.737736796296298
2303378688.553401470184326 3.738790481481483
2303466298.750373363494873 3.739844129629632
2299789373.814041614532471 3.740898129629632
2303422048.821637630462646 3.741951851851854
2303409680.480860233306885 3.743005518518520
2300413475.563678741455078 3.744059277777779
2303349302.309233665466309 3.745113018518520
2303528938.256850242614746 3.746166666666669
2303351821.584857940673828 3.747220388888891
2300311553.196724414825439 3.748274129629632
2303282872.306773185729980 3.749327870370373
2303457756.999490261077881 3.750381518518521
2303385331.903899669647217 3.751435203703706
2300286311.793754100799561 3.752488962962965
2303364158.802130222320557 3.753542685185188
2303484656.754191398620605 3.754596351851854
2303435928.080566406250000 3.755650000000002
2300394685.506405830383301 3.756703722222225
2303261374.619967460632324 3.757757481481484
2303421069.281872749328613 3.758811148148150
2303359707.551977634429932 3.759864833333336
2300368113.038435459136963 3.760918555555558
2303373943.303045749664307 3.761972240740743
2303460930.085415840148926 3.763025907407409
2300150903.593277454376221 3.764079314814817
2303338242.271936416625977 3.765133074074076
2303375219.683655738830566 3.766186777777780
2233146903.774513244628906 3.767240629629632
2135421599.114531278610229 3.768294685185187
2138490520.286060571670532 3.769348592592595
2138424289.278560638427734 3.770402555555558
2138481409.895979881286621 3.771456481481484
2131044495.582061290740967 3.772510685185187
2138347629.003636837005615 3.773564703703706
2138407210.879572868347168 3.774618666666669
2138479512.229407072067261 3.775672592592595
2135204188.113767623901367 3.776726722222224
2139603585.867463588714600 3.777780240740743
2125166247.642992019653320 3.778840907407409
2138460333.075679779052734 3.779895055555558
2134943377.663779735565186 3.780949148148150
2138497540.061850070953369 3.782003074074076
2138388994.307400226593018 3.783057074074076
2135247390.066434621810913 3.784110740740743
2138359014.002846002578735 3.785164759259261
2138497917.874650955200195 3.786218703703706
2138401328.273244619369507 3.787272703703706
2135423581.706695556640625 3.788326722222224
2138329983.485013246536255 3.789380759259261
2138515190.384986877441406 3.790434666666669
2138073675.889328241348267 3.791488833333335
2122504189.281762361526489 3.792543111111113
2138181051.596015453338623 3.793597240740743
2138476280.834914445877075 3.794651240740742
2138415938.998893022537231 3.795705259259261
2129352351.174269676208496 3.796759500000002
2138191103.615473747253418 3.797813611111113
2138397343.313478708267212 3.798867555555558
2136448059.188983440399170 3.799913796296298
2138250289.890719890594482 3.800967833333335
2138392030.080472469329834 3.802021796296298
2138405123.339658260345459 3.803075796296298
2135306747.280172824859619 3.804129444444446
2138418596.478898048400879 3.805183407407409
2138444592.813845157623291 3.806237388888891
2138399620.480022668838501 3.807291351851854
2135351394.086333274841309 3.808345407407409
2138429791.271347284317017 3.809399407407409
2138433398.344842195510864 3.810453351851854
2138434347.161457061767578 3.811507296296298
2135293602.965721845626831 3.812561314814817
2138459773.346218109130859 3.813615296296299
2138414801.279123067855835 3.814669259259261
2138423910.178694009780884 3.815723203703706
2135328191.433289766311646 3.816777240740743
2138453888.996257543563843 3.817831259259262
2138443265.277436256408691 3.818885222222224
2136418988.982501745223999 3.819913888888891
2138447439.163665056228638 3.820967870370373
2138398292.130093336105347 3.822021814814817
2138497724.677150249481201 3.823075796296299
2135289663.778406620025635 3.824129444444447
2138485390.494597196578979 3.825183425925929
2138426756.628538370132446 3.826237370370373
2138448200.730953216552734 3.827291296296299
2135238848.465675354003906 3.828344962962966
2138467741.935483694076538 3.829398962962966
2138445162.877323865890503 3.830452925925929
2138417268.462390184402466 3.831506870370373
2135074952.561669826507568 3.832560870370373
2138324291.085420846939087 3.833614907407410
2138434726.077942132949829 3.834668870370373
2138414231.749099493026733 3.835722851851854
2135333965.844402313232422 3.836776851851854
2138415750.079066753387451 3.837830814814817
2138428842.504743814468384 3.838884814814817
2136539143.890458345413208 3.839914018518521
2138409677.079306840896606 3.840968055555558
2138003302.475099802017212 3.842022259259261
2138467741.935483694076538 3.843076259259261
2135143068.053993225097656 3.844129888888891
2138396584.440227746963501 3.845183888888891
2138353321.503241539001465 3.846237907407409
2138439848.897478818893433 3.847291888888891
2135278354.864223718643188 3.848345500000002
2138444784.144220352172852 3.849399444444447
2138436053.764385461807251 3.850453425925928
2138442695.247298717498779 3.851507407407410
2135369070.208728551864624 3.852561407407410
2138432067.747772932052612 3.853615425925928
2138418596.478898048400879 3.854669388888891
2138495071.424806356430054 3.855723333333336
2135379423.029621362686157 3.856777370370373
2138413282.965826272964478 3.857831351851854
2138477992.725739479064941 3.858885296296299
2136398689.751988649368286 3.859914222222225
2138387286.080753564834595 3.860968185185188
2138447060.477211236953735 3.862022148148151
2138446681.777449846267700 3.863076092592595
2135358596.688578844070435 3.864129685185188
2138428084.478335857391357 3.865183648148151
2138415370.829160451889038 3.866237592592595
2138498295.674175262451172 3.867291555555558
2134828851.629231214523315 3.868345222222225
1529443325.025449991226196 3.869400296296299
1492438819.009525775909424 3.870455907407410
1492448978.159810543060303 3.871511555555558
1489379723.065583467483521 3.872566759259262
1492443458.279980897903442 3.873622518518521
1485700551.753038167953491 3.874683111111113
1492441563.908719301223755 3.875738870370372
1489187034.081142187118530 3.876794629629631
1492475924.853970527648926 3.877850351851853
1492471450.874454021453857 3.878906037037039
1490342558.459422349929810 3.879915759259261
1492357264.387574195861816 3.880971518518520
1492478001.543751239776611 3.882027148148150
1460419025.928521394729614 3.883084185185186
1483363951.776827573776245 3.884141000000001
1491705498.667414903640747 3.885197148148150
1492212815.207098722457886 3.886253185185187
1492179636.937648057937622 3.887309018518520
1487545239.223116874694824 3.888364518518520
1492235009.382837533950806 3.889420425925928
1492469556.370270490646362 3.890476111111113
1492511235.462311744689941 3.891531796296298
1487573886.657429218292236 3.892587592592594
1492289157.049145936965942 3.893643407407409
1492528891.695611238479614 3.894699074074076
1492353044.362972974777222 3.895754759259261
1479060539.649700880050659 3.896811000000002
1491745622.184437751770020 3.897867462962965
1269758121.796329498291016 3.898926000000002
1483951117.171929121017456 3.899985222222224
1492029563.387690544128418 3.901041333333335
1492401094.564016103744507 3.902097055555557
1492383441.501490831375122 3.903152796296298
1484615875.800368309020996 3.904208444444446
1492223991.581901073455811 3.905264370370372
1492367339.063322067260742 3.906320111111112
1492398596.737414360046387 3.907375851851853
1458188374.294429063796997 3.908432259259261
1491498817.966902971267700 3.909489759259261
1492279084.451460123062134 3.910545592592594
1492412034.032102346420288 3.911601240740742
1487645145.443699598312378 3.912656759259260
1492278137.332281112670898 3.913712592592594
1492374572.435931205749512 3.914768314814816
1492466633.920426607131958 3.915823944444446
1489258572.004840612411499 3.916879814814816
1492358556.093453884124756 3.917935592592594
1492460083.849351882934570 3.918991277777779
1488811798.147108316421509 3.920046685185187
1492351323.382386684417725 3.921102481481483
1492424609.231093168258667 3.922158092592594
1492398168.613830327987671 3.923213759259261
1488931864.043938398361206 3.924269111111113
1492251455.629603624343872 3.925325037037038
1492427877.278228998184204 3.926380722222223
1492465162.784170627593994 3.927436425925927
1488883269.574983119964600 3.928491722222224
1492367080.614607334136963 3.929547500000001
1492408068.759866714477539 3.930603240740742
1492480580.991474628448486 3.931658907407409
1488464209.917036533355713 3.932714703703705
1492334876.868027687072754 3.933770481481483
1492409619.533757925033569 3.934826203703705
1492412804.771092653274536 3.935881944444446
1489027906.895160436630249 3.936937703703705
1492334619.567123889923096 3.937993518518520
1492435455.294963836669922 3.939049203703705
1489104227.328538894653320 3.940104944444446
1492299319.489266157150269 3.941160796296297
1492516235.417945623397827 3.942216444444445
1491733193.056286096572876 3.943272555555557
1489083504.340962886810303 3.944328388888890
1492350118.389897346496582 3.945384222222224
1492418748.245860338211060 3.946439925925927
1492376811.085774421691895 3.947495666666668
1489289029.202841281890869 3.948551500000002
1455355982.535838603973389 3.949599148148150
1492029174.044918060302734 3.950655388888891
1492387918.332982301712036 3.951711166666668
1453608824.509408473968506 3.952767148148150
1492099980.712244033813477 3.953823277777779
1492387833.499973773956299 3.954879000000001
1484777708.625993490219116 3.955920425925927
1491928407.317115783691406 3.956976296296298
1492278557.395453214645386 3.958032000000002
1492416687.133784770965576 3.959087592592594
1488911808.040412425994873 3.960143370370372
1492389468.699023008346558 3.961199129629631
1492419435.186809301376343 3.962254870370372
1492425639.406378507614136 3.963310537037039
1489324716.322629451751709 3.964366444444446
1492371127.872303009033203 3.965422185185187
1492417197.284639358520508 3.966477907407409
1492435455.294963836669922 3.967533592592594
1489163901.069987773895264 3.968589333333335
1492253420.332561492919922 3.969645111111113
1455634227.671471595764160 3.970728055555557
1492410130.489686965942383 3.971783907407409
1488888397.790055274963379 3.972839740740742
1492369319.278059482574463 3.973895537037039
1492410826.740575790405273 3.974951222222224
1489180269.184199810028076 3.976006537037038
1492377499.473794937133789 3.977062314814816
1492511840.858857154846191 3.978117981481483
1492450268.392800807952881 3.979173648148150
1489155522.796672821044922 3.980228870370372
1492424775.035520792007446 3.981284592592594
1492517182.703271627426147 3.982340240740742
1492518129.988597393035889 3.983395888888890
1489514760.309413909912109 3.984451648148149
1492344606.209436893463135 3.985507388888890
1492558522.208967685699463 3.986563018518520
1492535445.502868175506592 3.987618629629631
1489514918.697047948837280 3.988674351851853
1492371730.779350519180298 3.989730074074075
1492515024.470679044723511 3.990785759259260
1492452848.722986221313477 3.991841462962964
1489629694.598908901214600 3.992897148148149
1491902330.393308639526367 3.993953240740741
1492481185.860889196395874 3.995008888888889
1488045796.704742908477783 3.996064277777778
1492368974.952641487121582 3.997120055555556
1492421506.885360717773438 3.998175703703704
1492449745.658656358718872 3.999231444444445
1488722177.376899480819702 4.000286740740741
1492379911.591355562210083 4.001342444444444
1492436141.661842823028564 4.002398166666667
1492485922.287518501281738 4.003453814814815
1489698659.460976839065552 4.004509222222222
1491566134.039605140686035 4.005565018518519
1492409619.533757925033569 4.006620740740741
1492472317.732088804244995 4.007676370370371
1489101385.721803188323975 4.008732111111112
1492456294.840984582901001 4.009787796296297
1492372075.074548244476318 4.010843537037037
1492519760.731138467788696 4.011899222222223
1489463850.983968973159790 4.012955037037037
1492362947.501359224319458 4.014010796296296
1492444584.780549526214600 4.015066462962963
1489148597.901238918304443 4.016121759259259
1492294404.490440130233765 4.017177500000000
1492538782.669707059860229 4.018233240740741
1492443637.511841058731079 4.019288907407407
1489089301.068664550781250 4.020344222222223
1492237250.087688684463501 4.021400148148149
1492439669.537457704544067 4.022455907407408
1492422537.187763214111328 4.023511611111111
1489363210.608479022979736 4.024567370370370
1492369577.800775289535522 4.025623129629629
1492531656.228619575500488 4.026678740740740
1492513920.808407068252563 4.027734314814814
1489545464.112818241119385 4.028790092592592
1492378361.311371803283691 4.029845814814815
1492433217.556046962738037 4.030901481481481
1490283614.747820854187012 4.031917074074074
1492369577.800775289535522 4.032972833333333
1492455952.005052328109741 4.034028500000000
1492469294.321949243545532 4.035084222222222
1489219964.199220895767212 4.036139444444444
1492405570.854747295379639 4.037195203703703
1492526655.556529998779297 4.038250851851852
1492454318.995158195495605 4.039306481481481
1489030430.662314414978027 4.040361703703703
1492406777.877177238464355 4.041417425925926
1492474212.335976362228394 4.042473055555555
1492474897.379223346710205 4.043528722222222
1488814105.263158082962036 4.044584277777777
1492461978.353535652160645 4.045639962962962
1492443115.242939710617065 4.046695703703703
1492468004.490597963333130 4.047751407407406
1489498658.153689622879028 4.048807166666665
1492413668.496851444244385 4.049862851851850
1492468790.568752050399780 4.050918444444443
1489219120.150209665298462 4.051973759259258
1492334017.363851547241211 4.053029592592591
1492482738.053469896316528 4.054085222222221
1492445875.067974328994751 4.055140907407406
1489221859.534590005874634 4.056196129629628
1376492061.283099174499512 4.057659888888887
1483800512.400439262390137 4.058722425925924
1491859577.153676271438599 4.059778759259258
1486479614.204296588897705 4.060834777777776
1492268666.140489339828491 4.061890611111109
1492462240.154372215270996 4.062946259259258
1488959747.324091911315918 4.064001629629628
1492412117.597530126571655 4.065057333333331
1492465686.618482828140259 4.066112962962960
1463408263.269201040267944 4.067190018518516
1489084280.303030252456665 4.068246018518516
1492484187.262107133865356 4.069301777777775
1492438297.051239490509033 4.070357462962960
1492520971.844574928283691 4.071413111111108
1489180471.038002252578735 4.072469092592590
1492409275.891103029251099 4.073524796296294
1473747831.724282979965210 4.074581703703701
1491171482.610066175460815 4.075639148148145
1488626074.146820545196533 4.076695111111108
1492301213.694401502609253 4.077750962962960
1492389124.714962244033813 4.078806703703701
1492481105.926107883453369 4.079862296296294
1483101832.529592514038086 4.080918314814812
1492385420.868924856185913 4.081974111111109
1492383526.564116954803467 4.083029907407405
1489191934.436586380004883 4.084085148148146
1492390934.446646928787231 4.085140833333331
1492493158.374850749969482 4.086196462962961
1492420903.062835693359375 4.087252129629627
1488712719.105854988098145 4.088307555555553
1492373107.887674808502197 4.089363351851850
1492466190.735121250152588 4.090419111111109
1492447083.589158773422241 4.091474759259257
1489387044.150923490524292 4.092530481481480
1492361914.117316961288452 4.093586185185183
1491881740.228312969207764 4.094642240740739
1492478948.845695018768311 4.095697870370368
1487955492.424242258071899 4.096753870370368
1492344950.974373340606689 4.097809629629627
1492505815.279361248016357 4.098865277777776
1490519531.250000000000000 4.099917722222220
1492257443.113036870956421 4.100973259259257
1492428220.600617408752441 4.102028962962961
1492490395.916290998458862 4.103084648148146
1489381861.575179100036621 4.104139907407405
1492457927.695626974105835 4.105195629629628
1492497894.884569406509399 4.106251259259257
1492507104.515314340591431 4.107306925925924
1489221163.464069366455078 4.108362203703702
1492456033.257906675338745 4.109417925925924
1492421933.378940105438232 4.110473648148147
1492511498.991316556930542 4.111529296296295
1486248776.637727022171021 4.112585129629628
1492389722.904244184494019 4.113641055555554
1492485317.335017442703247 4.114696722222221
1492544312.679811954498291 4.115752351851850
1489353188.802357196807861 4.116808129629629
1493490127.941873311996460 4.117863296296295
1491649002.789033412933350 4.118919018518517
1489058290.928233146667480 4.119974388888887
1492261343.904021978378296 4.121030185185184
1492543630.048068523406982 4.122085777777777
1492495737.290811538696289 4.123141444444443
1489008615.697766304016113 4.124196796296295
1492312578.925214052200317 4.125252648148147
1492609263.157894849777222 4.126308203703703
1492493421.283463716506958 4.127363796296295
1488048853.247231721878052 4.128419111111111
1492244734.026693820953369 4.129474981481481
1492442951.371833562850952 4.130530611111110
1492462844.712651729583740 4.131586240740740
1488715353.046406269073486 4.132642129629629
1492327299.515891313552856 4.133697907407407
1492507631.311182022094727 4.134753500000000
1492495132.176750421524048 4.135809185185185
1489315548.539857864379883 4.136865018518518
1492423744.868961334228516 4.137920685185184
1492451215.661509513854980 4.138976351851851
1488661530.902326822280884 4.140031648148147
1492410306.782901525497437 4.141087407407406
1492480923.395372629165649 4.142143092592591
1492434082.416714906692505 4.143198703703702
1488965293.374508619308472 4.144254111111110
1492006137.336045503616333 4.145310185185184
1492507183.076356410980225 4.146365907407406
1492470846.197025060653687 4.147421611111110
1489182164.353273391723633 4.148476925925925
1492382150.186812639236450 4.149532648148147
1492447769.572157859802246 4.150588333333332
1492509525.981544494628906 4.151643925925925
1489302960.636001586914062 4.152699129629629
1492418831.453578948974609 4.153754888888888
1492412721.244759559631348 4.154810574074073
1492432874.309271097183228 4.155866222222222
1489448301.264623880386353 4.156922018518518
1492395151.812808036804199 4.157977777777777
1492484632.657357215881348 4.159033407407406
1489357681.912317037582397 4.160088555555554
1492406090.480116605758667 4.161144240740740
1492445270.839180469512939 4.162199944444443
1479405862.104933738708496 4.163265166666665
1489085080.623936176300049 4.164320592592591
1492420205.209155559539795 4.165376425925924
1492381547.097000598907471 4.166432166666665
1492512524.557956933975220 4.167487870370368
1489317175.900738954544067 4.168543074074072
1492398681.002578496932983 4.169598870370368
1492483342.981948375701904 4.170654481481479
1492566025.157453536987305 4.171710055555553
1489283307.595114469528198 4.172765314814812
1492430115.071568965911865 4.173821018518516
1492493842.753394603729248 4.174876685185183
1490273864.969602346420288 4.175918425925923
1492376208.100191116333008 4.176974185185182
1492419352.009402513504028 4.178029870370367
1492509604.420664787292480 4.179085518518516
1488969097.130823850631714 4.180140796296294
1492335221.791521310806274 4.181196592592590
1492464477.423429250717163 4.182252259259257
1492485317.335017442703247 4.183307925925924
1489273831.250877380371094 4.184363185185183
1492336256.489406347274780 4.185419037037035
1492462844.712651729583740 4.186474666666665
1492547495.833698749542236 4.187530314814813
1489512393.649679660797119 4.188585962962962
1492350289.422908306121826 4.189641703703702
1492399803.536345720291138 4.190697407407406
1492541470.773980617523193 4.191753037037035
1489487686.802778244018555 4.192808814814813
1492489448.664199352264404 4.193864499999998
1492517104.662994384765625 4.194920092592591
1488278700.031586647033691 4.195975388888887
1492337116.096328973770142 4.197031185185184
1492519077.273923158645630 4.198086833333332
1492454057.467635154724121 4.199142499999999
1489361560.318518400192261 4.200198314814814
1492263329.591693639755249 4.201254166666666
1492376811.085774421691895 4.202309907407407
1492520288.405873298645020 4.203365518518518
1486394134.979654788970947 4.204421370370370
1492387489.475161552429199 4.205477074074073
1492487737.272376537322998 4.206532666666666
1492466895.898389577865601 4.207588259259259
1466489785.898402452468872 4.208644351851851
1492267810.165210962295532 4.209700240740740
1492497289.711428642272949 4.210755888888889
1492471975.159202098846436 4.211811500000000
1489147872.750868082046509 4.212867462962962
1492392913.523943185806274 4.213923203703703
1492469213.766972064971924 4.214978870370370
1489298071.354614496231079 4.216034111111111
1492363550.254341363906860 4.217089851851852
1492551891.095361709594727 4.218145481481481
1492407381.420151710510254 4.219201185185184
1489259120.246948242187500 4.220257037037037
1492448112.545607805252075 4.221312740740740
1492401698.007297277450562 4.222368444444443
1492394807.928433656692505 4.223424185185184
1466454850.667972326278687 4.224483222222221
1490114137.665429592132568 4.225541074074073
1492393945.240559339523315 4.226596870370369
1492388780.718833923339844 4.227652592592592
1488262882.800715684890747 4.228708407407407
1492325148.209211826324463 4.229764222222221
1492471027.840640068054199 4.230819833333332
1492343314.213545322418213 4.231875555555555
1489578382.360679864883423 4.232931277777777
1492358814.243115186691284 4.233987018518518
1492481528.260183334350586 4.235042685185185
1489440926.640926599502563 4.236097870370370
1492478424.080830812454224 4.237153574074074
1492383700.533258438110352 4.238209277777777
1492493842.753394603729248 4.239264944444444
1489507971.866065740585327 4.240320740740740
1492462240.154372215270996 4.241376388888889
1492402729.297854661941528 4.242432148148148
1492552762.232241630554199 4.243487722222222
1489546805.114623069763184 4.244543518518518
1492459822.133347272872925 4.245599240740741
1491836755.448790788650513 4.246655370370370
1492524341.678216218948364 4.247710944444444
1489577274.561049461364746 4.248766703703703
1492444241.733181238174438 4.249822351851852
1492420903.062835693359375 4.250878018518518
1490775899.498202800750732 4.251918722222222
1492411086.746776580810547 4.252974370370371
1492386801.389327526092529 4.254030037037038
1492419955.794126987457275 4.255085703703704
1489476386.865797519683838 4.256140907407408
1492464477.423429250717163 4.257196574074075
1492431405.567542076110840 4.258252296296297
1478617806.505421400070190 4.259318074074075
1489017405.951712369918823 4.260373481481483
1492337373.489326477050781 4.261429240740742
1492375605.135760784149170 4.262485018518520
1492445875.067974328994751 4.263540703703705
1489538993.159094810485840 4.264596444444446
1492406518.040378093719482 4.265652203703705
1492498921.185117721557617 4.266707888888890
1492511762.538813829421997 4.267763500000001
1489328410.565825939178467 4.268819314814816
1492506420.602062940597534 4.269874944444445
1492433986.423672437667847 4.270930703703704
1489344506.256251811981201 4.271985944444445
1492458793.811177968978882 4.273041611111112
1547881479.140328645706177 4.274096277777779
2248215942.640235900878906 4.275150055555557
2245245521.823966979980469 4.276203518518519
2248359926.896988391876221 4.277257333333334
2248443694.643610000610352 4.278311111111112
2248417207.021983146667480 4.279364944444445
2245583293.782629489898682 4.280418444444446
2248475616.399838447570801 4.281472203703705
2248446803.275807380676270 4.282525944444446
2248524621.278689861297607 4.283579685185186
2245506089.095861434936523 4.284633481481483
2248441878.854974269866943 4.285687314814816
2248529024.094480037689209 4.286741037037038
2248452235.343736648559570 4.287794814814816
2245494701.695808410644531 4.288848611111113
2248422556.496678829193115 4.289902425925927
2248433861.132102012634277 4.290956185185187
2245115587.428812503814697 4.292009740740743
2248386841.689071655273438 4.293063574074076
2248428250.096650600433350 4.294117388888891
2248505720.059748649597168 4.295171185185187
2244838023.588968276977539 4.296224722222224
2247971185.100588798522949 4.297278703703705
2248465177.582904338836670 4.298332462962965
2248452840.799254894256592 4.299386222222225
2245434025.946630001068115 4.300439666666669
2248441535.163251876831055 4.301493481481484
2248399437.659256458282471 4.302547277777780
2248525228.027626991271973 4.303601000000002
2245412192.806665897369385 4.304654444444447
2248451891.815896987915039 4.305708203703706
2248572412.702317714691162 4.306761962962966
2248481916.277108192443848 4.307815703703707
2245485212.195764541625977 4.308869500000003
2248476565.383195877075195 4.309923259259262
2248469236.041545867919922 4.310976981481485
2245431971.593306064605713 4.312030462962966
2248411085.531518459320068 4.313084222222225
2248559392.629303455352783 4.314137944444448
2248502187.933852195739746 4.315191703703707
2245474291.138573169708252 4.316245166666670
2248379854.496889591217041 4.317298981481485
2248482865.277143001556396 4.318352722222225
2248457585.716042995452881 4.319406481481485
2245360381.106404304504395 4.320459944444448
2248392275.387021541595459 4.321513814814818
2248402284.509269714355469 4.322567611111114
2248435497.759423255920410 4.323621407407410
2245452062.018774032592773 4.324674851851855
2248453184.310417652130127 4.325728629629633
2248480624.242105007171631 4.326782351851855
2248465177.582904338836670 4.327836111111115
2241664692.755100250244141 4.328889981481485
2248330597.972201347351074 4.329943851851855
2248423766.343315124511719 4.330997629629633
2245283891.154549598693848 4.332051111111114
2248442401.982320785522461 4.333104870370374
2248478806.410797119140625 4.334158648148152
2248438000.843525886535645 4.335212425925929
2245447712.131067276000977 4.336265888888892
2248370710.105962276458740 4.337319722222226
2248492091.944327354431152 4.338373500000004
2248389603.542809009552002 4.339427277777782
2245452854.732105255126953 4.340480759259263
2248472769.449765205383301 4.341534518518523
2248529366.278865337371826 4.342588259259263
2248528417.278830528259277 4.343642000000004
2245108685.334599018096924 4.344695500000004
2248477514.366553783416748 4.345749259259263
2248423422.315167903900146 4.346803018518523
2249432338.360932350158691 4.347856462962968
2244694477.147727012634277 4.348910333333338
2248424715.309995651245117 4.349964111111116
2248412722.959318161010742 4.351017907407412
2245026648.853888511657715 4.352071388888893
2248350092.259027957916260 4.353125185185189
2248540147.268157958984375 4.354178944444449
2227441002.872812747955322 4.355242555555560
2244828262.588979721069336 4.356296166666671
2248410564.605409145355225 4.357350000000005
2248498734.711092472076416 4.358403777777783
2248456636.732685565948486 4.359457537037042
2245105435.241175651550293 4.360511018518523
2248444299.949036121368408 4.361564777777783
2248531871.144619941711426 4.362618500000005
2248416435.274682998657227 4.363672240740746
2244633055.091819286346436 4.364726037037042
2248511335.278197765350342 4.365779777777782
2248448701.275877952575684 4.366833518518523
2248537565.244899272918701 4.367887240740745
2245430966.313458919525146 4.368941074074079
2248381752.363547325134277 4.369994888888893
2248409792.274436950683594 4.371048629629634
2245427015.059129238128662 4.372102500000004
2248390897.109217166900635 4.373156296296300
2248427906.159388065338135 4.374210092592596
2037061147.100647687911987 4.375264925925929
1489411052.843888521194458 4.376320796296300
1492430801.613751888275146 4.377376537037041
1492448030.874484539031982 4.378432185185189
1492549049.189530611038208 4.379487814814818
1489580188.017398595809937 4.380543666666671
1492443115.242939710617065 4.381599407407411
1492429167.836093187332153 4.382655111111115
1492422797.600252866744995 4.383710777777782
1489564567.619715690612793 4.384766518518522
1492483080.431540966033936 4.385822166666671
1492421933.378940105438232 4.386877888888893
1490708631.751053094863892 4.387919907407412
1492303965.762194633483887 4.388975703703708
1492377243.302983999252319 4.390031314814819
1492449664.076341629028320 4.391087000000004
1489462195.485556840896606 4.392142870370375
1492451558.580525398254395 4.393198555555560
1492367769.319816350936890 4.394254370370374
1492471370.430145263671875 4.395310000000004
1488656121.769017696380615 4.396366037037041
1492344348.558198213577271 4.397421814814819
1492055274.002630472183228 4.398477833333337
1492409879.488483905792236 4.399533518518522
1489540568.983056783676147 4.400589333333337
1492522260.814651250839233 4.401645000000004
1492419695.481336116790771 4.402700703703707
1492498842.186513185501099 4.403756333333336
1489575773.521363735198975 4.404812111111115
1492513051.715668916702271 4.405867740740744
1492450349.944745540618896 4.406923462962967
1489363856.521128654479980 4.407978722222226
1492353733.621007204055786 4.409034444444448
1492464558.227648258209229 4.410090166666671
1492469213.766972064971924 4.411145833333338
1489409101.279373884201050 4.412201037037041
1492388003.157063961029053 4.413256870370375
1492373452.134563446044922 4.414312685185189
1492500736.790400505065918 4.415368314814819
1489331193.770716190338135 4.416424259259263
1492343746.163155794143677 4.417480055555560
1492436745.719898939132690 4.418535759259263
1492513920.808407068252563 4.419591333333337
1489597004.192026615142822 4.420647129629633
1492459217.681108474731445 4.421702870370374
1492428481.212504148483276 4.422758537037041
1492456899.273760795593262 4.423814203703707
1489547358.450852394104004 4.424869981481486
1492414439.065459728240967 4.425925759259264
1492474554.863608360290527 4.426981407407412
1488932268.819091081619263 4.428036777777782
1492373969.479038715362549 4.429092518518523
1492444241.733181238174438 4.430148166666672
1492396702.332923889160156 4.431203907407412
1174557304.312889814376831 4.432264037037042
1407743701.432205438613892 4.433326888888894
1490301732.283464431762695 4.434385222222227
1492244387.540339469909668 4.435441074074079
1484921404.271735906600952 4.436497111111116
1492134415.766587257385254 4.437553259259264
1492468951.726073503494263 4.438608962962967
1492421506.885360717773438 4.439664611111116
1487721400.014028310775757 4.440720685185190
1492150665.474249124526978 4.441776740740746
1492606154.170029163360596 4.442832333333339
1492327901.633018016815186 4.443888092592598
1431466888.810943603515625 4.444944018518524
1461341834.679185152053833 4.446001222222228
1467741380.518570423126221 4.447058259259265
1463430515.947303056716919 4.448116722222228
1490400000.000000000000000 4.449174870370376
1492190212.243465900421143 4.450230611111117
1434739775.481785774230957 4.451307814814821
1478872471.231148958206177 4.452365092592599
1491862673.586758375167847 4.453421240740747
1467111707.163142919540405 4.454477574074081
1491680012.610340595245361 4.455534907407414
1462839524.360728025436401 4.456590796296303
1491558061.353130578994751 4.457648425925933
1492298372.386698484420776 4.458704277777785
1468221797.323135852813721 4.459759962962970
1535756252.300250530242920 4.460816611111118
2138264335.910049200057983 4.461870685185191
2113022276.879831552505493 4.462924759259265
2133647021.646389484405518 4.463979592592598
2138204584.980237245559692 4.465033759259265
1960692631.578947544097900 4.466089314814821
1491628600.949162006378174 4.467146777777784
1486256297.957324743270874 4.468203851851858
1468122278.702892303466797 4.469260333333340
1491597877.668236970901489 4.470317870370377
1468190055.248618841171265 4.471373703703710
1488036695.639983177185059 4.472430444444451
1492188256.340102910995483 4.473486333333340
1468596644.401199340820312 4.474542611111118
1491713229.756003618240356 4.475599851851858
1465947152.226440906524658 4.476672814814822
1491103973.660706520080566 4.477730240740748
1836819086.743561267852783 4.478785074074080
2138366981.181803941726685 4.479839018518525
1778255031.274211645126343 4.483758944444451
2121024582.414119243621826 4.484816611111118
1340505817.327221155166626 4.487369648148155
2013448270.030777692794800 4.488464722222229
2130423864.492284059524536 4.489521925925933
2119679874.433205604553223 4.490583777777785
2136589633.739508867263794 4.491638481481489
2111124530.421654939651489 4.492693407407415
2137343465.899118900299072 4.493748555555563
2138262623.423169851303101 4.494802592592601
2138440985.277065038681030 4.495856629629638
2132897565.602276325225830 4.496910962962971
2138202487.614630460739136 4.497965074074083
2138303037.756733417510986 4.499019092592601
2123313954.509528398513794 4.500073444444452
2138082804.897328138351440 4.501127685185193
2138372485.285074234008789 4.502181666666675
2138421252.371916532516479 4.503235666666675
2132639038.701403617858887 4.504289796296304
2138181051.596015453338623 4.505343925925934
2138459773.346218109130859 4.506397907407416
2138294880.354193449020386 4.507451944444453
2134740803.204384803771973 4.508506055555564
2138310262.445982694625854 4.509560240740750
2138455599.676705360412598 4.510614203703713
2138358253.535974740982056 4.511668185185195
2132827336.612789869308472 4.512722259259268
2138311016.636508941650391 4.513776388888898
2138345163.217259645462036 4.514830425925935
2138426756.628538370132446 4.515884370370379
2135218339.920948743820190 4.516938537037047
2138337192.754361391067505 4.517992555555565
2138433777.277998447418213 4.519046518518528
2133295535.604476451873779 4.520100537037046
2138309111.353174448013306 4.521154574074083
2138344214.483994245529175 4.522208611111121
2138549348.983500480651855 4.523262518518528
2134762942.013455867767334 4.524316722222232
2138466606.926361322402954 4.525370666666676
2138352184.683497667312622 4.526424722222232
2138482351.494281053543091 4.527478740740750
2135197111.837250947952271 4.528532851851861
2138423908.078287839889526 4.529586888888899
2138388803.963945150375366 4.530640833333343
2138424858.995308876037598 4.531694777777787
2134907394.718811035156250 4.532748833333343
2138344975.404076099395752 4.533802907407416
2138402846.349819898605347 4.534856888888898
2138402466.879853963851929 4.535910851851861
2135486717.267552137374878 4.536964851851861
2138516506.491909027099609 4.538018870370379
2138377989.001528501510620 4.539072888888898
2134816258.391031026840210 4.540126703703712
2138168719.146917581558228 4.541180833333342
2113134258.121159076690674 4.542235462962971
2138060039.698571920394897 4.543289703703712
2135275851.164751768112183 4.544343814814823
2138318411.806043624877930 4.545397888888897
2138442695.247298717498779 4.546451870370379
2138354078.082721471786499 4.547505833333342
2135432381.153156995773315 4.548559944444453
2138321631.878557920455933 4.549613944444453
2137941083.473861694335938 4.550668166666675
2101425987.608511924743652 4.551741185185193
2135134786.656595230102539 4.552795388888897
2138394876.930374860763550 4.553849444444452
2138385010.014406442642212 4.554903481481490
2136209542.547958612442017 4.555919981481490
2138287104.708362817764282 4.556974055555564
2138503988.473837852478027 4.558028018518527
2138452944.897385597229004 4.559081944444453
2135348506.951157331466675 4.560135592592601
2138394497.347060441970825 4.561189629629639
2138451234.296758413314819 4.562243611111120
2138440988.877760887145996 4.563297555555565
2135116623.915105819702148 4.564351592592602
2138345543.667316913604736 4.565405648148158
2138486532.075273036956787 4.566459592592602
2138462241.276311635971069 4.567513555555565
2135498963.421061754226685 4.568567592592602
2138424668.365105867385864 4.569621574074084
2138467934.075974464416504 4.570675537037047
2138494693.561990737915039 4.571729462962973
2135074879.651428222656250 4.572783500000011
2138358445.482975244522095 4.573837537037048
2138559032.841905593872070 4.574891407407418
2129606467.358144998550415 4.575923370370381
2139221425.558835744857788 4.576977148148159
2137535499.060034751892090 4.578031166666677
2138573823.203837633132935 4.579085111111121
2134894711.867981433868408 4.580138833333343
1744986378.317651748657227 4.581193796296306
1492442429.132753372192383 4.582249500000009
1492505736.640819549560547 4.583305092592602
1489290188.990471363067627 4.584360407407417
1492442086.059606790542603 4.585416092592602
1492425722.254380941390991 4.586471814814825
1492544842.105263233184814 4.587527370370380
1489551540.876642227172852 4.588583166666677
1492422016.417596101760864 4.589638944444455
1492455086.039046525955200 4.590694666666677
1492476529.609879255294800 4.591750370370381
1489512707.628084897994995 4.592806166666677
1492489974.211883544921875 4.593861777777788
1492358469.715308189392090 4.594917500000011
1488291804.831833124160767 4.595973000000011
1492404363.917001485824585 4.597028796296307
1492465767.361902952194214 4.598084481481492
1492504262.709188699722290 4.599140148148159
1488996280.440732717514038 4.600195629629640
1492003542.243888854980469 4.601251666666677
1492347103.088985919952393 4.602307388888899
1492353044.362972974777222 4.603363074074085
1489055448.324267387390137 4.604418444444454
1492487554.160015583038330 4.605474129629640
1492354164.839598178863525 4.606529925925936
1492440795.705715417861938 4.607585592592603
1489518154.709700107574463 4.608641333333344
1492401178.699221134185791 4.609697111111122
1492402989.001736640930176 4.610752833333344
1492451901.487510681152344 4.611808537037048
1489467244.312700748443604 4.612864333333344
1492495132.176750421524048 4.613920018518529
1492374313.728929519653320 4.614975777777788
1489107706.885660171508789 4.616031111111122
1492356403.690321683883667 4.617086925925936
1492483342.981948375701904 4.618142537037047
1492532945.056487321853638 4.619198166666677
1489262609.245024919509888 4.620253388888899
1492316623.987091064453125 4.621309203703714
1492427273.365141868591309 4.622364907407417
1492425982.774045467376709 4.623420592592602
1489296574.477046251296997 4.624475851851861
1492418831.453578948974609 4.625531611111120
1492459136.597259998321533 4.626587296296305
1492499447.397505283355713 4.627642907407417
1489048554.933581113815308 4.628698222222232
1492388521.513391971588135 4.629753981481491
1492499710.531394243240356 4.630809555555564
1492484975.002192735671997 4.631865203703713
1489507735.485002517700195 4.632920944444454
1492491948.215977430343628 4.633976611111120
1492477739.185348987579346 4.635032277777787
1489317422.434367656707764 4.636087537037047
1492375175.413977146148682 4.637143240740750
1492469818.436979055404663 4.638198888888899
1492463872.857719421386719 4.639254574074084
1489231438.749188184738159 4.640309888888899
1492407984.984300374984741 4.641365574074084
1492373022.276793479919434 4.642421314814825
1492395067.358967304229736 4.643477018518528
1489191746.209994316101074 4.644532425925935
1492493579.848442316055298 4.645588129629639
1492439848.437006711959839 4.646643796296305
1486213038.010061502456665 4.647703944444453
1489022143.458730936050415 4.648759351851861
1492550149.096649646759033 4.649815092592601
1492385939.062253236770630 4.650870814814824
1490362150.643678665161133 4.651922351851861
1492247829.518547773361206 4.652978185185194
1492575232.882479906082153 4.654033796296305
1492407121.557621479034424 4.655089537037046
1489343160.998209953308105 4.656144759259268
1492317225.895848512649536 4.657200555555565
1492414355.628058671951294 4.658256277777787
1492402904.957373142242432 4.659311944444454
1489099724.498569726943970 4.660367259259269
1492437775.166195869445801 4.661423018518528
1492448030.874484539031982 4.662478666666677
1492451297.163605690002441 4.663534388888899
1489182017.582340478897095 4.664589740740751
1492477739.185348987579346 4.665645407407418
1492435716.165248632431030 4.666701055555566
1492496684.559520244598389 4.667756722222233
1488756735.896716356277466 4.668812425925936
1492438901.168298244476318 4.669868092592603
1492429428.481212615966797 4.670923759259270
1489408124.605346202850342 4.671979537037048
1492384473.716521024703979 4.673035333333345
1492528208.546768665313721 4.674090962962974
1492479028.891188859939575 4.675146648148159
1489372132.182698249816895 4.676202425925937
1492330141.022942304611206 4.677258203703715
1492376896.497290134429932 4.678314000000012
1492484895.266832828521729 4.679369592592605
1489478610.141546726226807 4.680425388888901
1492379996.842714548110962 4.681481148148160
1492421246.513586044311523 4.682536833333345
1788340503.239627122879028 4.683591481481494
2135443851.018974065780640 4.684645555555567
2138444971.537001848220825 4.685699555555567
2138453323.493753671646118 4.686753500000012
2138518608.328940391540527 4.687807388888900
2135099984.188056945800781 4.688861444444456
2138494307.400379419326782 4.689915444444456
2138443074.003794908523560 4.690969444444455
2135265263.083898782730103 4.692023185185196
2138372865.275142192840576 4.693077185185196
2138477236.386638641357422 4.694131092592603
2138439661.231374979019165 4.695185018518529
2134794434.391525030136108 4.696239111111122
2138297159.120856046676636 4.697293166666678
2138467555.742976188659668 4.698347111111122
2138432449.528227329254150 4.699401055555566
2130271112.594648838043213 4.700455148148158
2138255046.290602922439575 4.701509277777788
2137977690.726720333099365 4.702563481481492
2138400948.783273220062256 4.703617462962973
2135229444.834856033325195 4.704671537037047
2138360911.502714395523071 4.705725555555565
2138360151.102521419525146 4.706779537037047
2138397533.206830978393555 4.707833537037047
2135432034.997101306915283 4.708887592592602
2138445920.303605318069458 4.709941592592602
2138478749.011684179306030 4.710995574074084
2135363093.145870208740234 4.712049277777788
2138381974.701335191726685 4.713103351851862
2138405123.339658260345459 4.714157351851862
2138438900.114205360412598 4.715211333333343
2135403056.921995878219604 4.716265407407417
2138348009.417055845260620 4.717319444444454
2138423910.178694009780884 4.718373388888899
2138474953.878590822219849 4.719427370370380
2135166394.349865674972534 4.720481425925936
2138438900.114205360412598 4.721535407407417
2138439470.077661037445068 4.722589370370381
2138462619.696038007736206 4.723643351851862
2073380701.046835660934448 4.724699444444455
2135988844.258125543594360 4.725755203703714
2138243846.734948396682739 4.726809296296306
2138527525.434450149536133 4.727863203703714
2133682067.317826986312866 4.728917351851861
2138335675.884605646133423 4.729971388888899
2138304554.079696416854858 4.731025388888899
2135242723.565804243087769 4.732079018518529
2138269646.339535236358643 4.733133074074084
2138520506.062203407287598 4.734186962962973
2138403795.133093118667603 4.735240944444454
2135282505.536222696304321 4.736294611111121
2138250856.510357141494751 4.737348629629639
2138517465.560866117477417 4.738402555555565
2138380644.481147050857544 4.739456518518528
2135380371.762886762619019 4.740510555555566
2138284062.758051156997681 4.741564574074084
2138434726.077942132949829 4.742618537037047
2114754043.676923036575317 4.743684444444455
2135013509.477715492248535 4.744738574074084
2138444214.077379941940308 4.745792537037048
2138505692.599620342254639 4.746846537037047
2138505324.196099042892456 4.747900425925936
2135372781.896763563156128 4.748954462962973
2138456169.943598270416260 4.750008407407417
2138535870.539244174957275 4.751062351851862
2134546870.057291507720947 4.752116092592602
2137728663.516765356063843 4.753170407407417
2138493173.791576862335205 4.754224351851861
2138501335.394995927810669 4.755278277777787
2135238255.918173789978027 4.756332000000009
2138352941.176470518112183 4.757386000000009
2138457118.760213136672974 4.758439944444453
2138595466.526093721389771 4.759493833333342
2135101296.511014938354492 4.760547944444453
2138477614.562834024429321 4.761601870370379
2138567949.393779516220093 4.762655759259268
2138562256.193990468978882 4.763709648148156
2135377358.490566015243530 4.764763759259267
2138536819.355859041213989 4.765817703703711
2138432449.528227329254150 4.766871648148156
2136128751.278343915939331 4.767921907407415
2137924701.335207462310791 4.768975981481489
2138639489.729577541351318 4.770029888888897
2138420494.078785657882690 4.771083851851860
2135322447.975253105163574 4.772137481481490
2138426565.931652545928955 4.773191462962972
2138531698.060163259506226 4.774245388888898
2138555418.892325162887573 4.775299314814824
2135269653.245223760604858 4.776353000000008
2138384439.680922269821167 4.777406962962972
2138510823.727860689163208 4.778460888888898
2138442503.997048139572144 4.779514907407416
2135576850.094876527786255 4.780568907407416
2138472678.075693130493164 4.781622870370379
2138476095.092509746551514 4.782676814814823
2138567377.132715940475464 4.783730722222231
1660373468.599711894989014 4.784785796296305
1492503920.708709716796875 4.785841444444453
1492500210.496772527694702 4.786897148148157
1490323600.534161090850830 4.787923333333342
1491999789.540145158767700 4.788979222222230
1492434851.248947620391846 4.790034925925934
1492480580.991474628448486 4.791090592592600
1489400968.726966619491577 4.792145814814822
1492513393.561968088150024 4.793201462962971
1492471793.432500839233398 4.794257166666674
1492434768.879922628402710 4.795312814814823
1488638250.829136371612549 4.796368129629638
1492461897.410707950592041 4.797423759259267
1492464296.363859415054321 4.798479518518526
1492550261.394337177276611 4.799535111111119
1489377277.034853219985962 4.800590333333341
1492481185.860889196395874 4.801645981481490
1492504604.697668790817261 4.802701666666675
1492136962.278378725051880 4.803757648148157
1489526679.529906988143921 4.804813388888897
1492461373.842267751693726 4.805869092592601
1492524077.680122137069702 4.806924703703712
1489186755.338749647140503 4.807980055555563
1492442690.243132352828979 4.809035722222230
1492470423.128201484680176 4.810091351851860
1492515971.722770929336548 4.811147037037045
1489305350.343060493469238 4.812202351851860
1492451297.163605690002441 4.813258074074082
1492509340.958127975463867 4.814313759259267
1492526919.635808706283569 4.815369370370378
1477243818.982610702514648 4.816424722222230
1491947321.350285053253174 4.817480740740749
1492379996.842714548110962 4.818536500000008
1492482738.053469896316528 4.819592129629637
1487200456.180366754531860 4.820647592592600
1492365272.296764135360718 4.821703425925933
1492413408.409198522567749 4.822759148148156
1492536469.845279693603516 4.823814814814822
1484858425.547585964202881 4.824870796296304
1492321704.814522504806519 4.825926629629637
1492357264.387574195861816 4.826982388888896
1489040690.635363340377808 4.828037777777785
1492300266.591833829879761 4.829093629629638
1492545524.718430995941162 4.830149222222230
1492438214.862114906311035 4.831204851851860
1489368044.222163677215576 4.832260129629637
1492364841.872621059417725 4.833315888888897
1492452505.832617044448853 4.834371574074082
1492401094.564016103744507 4.835427296296304
1489524165.525955677032471 4.836482518518526
1492454138.820186376571655 4.837538240740749
1492452162.930217981338501 4.838593907407415
1485455358.078145265579224 4.839654611111119
1489240115.819952487945557 4.840709888888897
1492493579.848442316055298 4.841765592592600
1492439766.328088045120239 4.842821203703711
1492533286.553811073303223 4.843876851851860
1489546730.283468961715698 4.844932555555563
1492506157.246605873107910 4.845988222222230
1492508920.583127260208130 4.847043833333341
1489209748.736664772033691 4.848099240740749
1492359847.754021167755127 4.849155037037045
1492461635.617303609848022 4.850210703703712
1491400108.758573532104492 4.851266388888897
1489548146.069386482238770 4.852322203703712
1492445956.849675416946411 4.853377944444452
1492041316.661697864532471 4.854433925925934
1492473265.034032583236694 4.855489555555564
1489424071.280738115310669 4.856545370370378
1492449141.393765926361084 4.857601129629638
1492482133.146215200424194 4.858656777777786
1492584972.193470478057861 4.859712351851860
1489473874.379527568817139 4.860768148148156
1492483342.981948375701904 4.861823759259267
1492454661.871765613555908 4.862879407407416
1490766734.639595746994019 4.863923759259268
1492386971.163965225219727 4.864979537037046
1492530973.140822172164917 4.866035111111120
1492424431.658714532852173 4.867090814814823
1489597095.042627334594727 4.868146481481490
1492443719.412724256515503 4.869202203703712
1492467581.222370386123657 4.870257833333342
1492449664.076341629028320 4.871313518518527
1489571984.845295667648315 4.872369296296305
1492502973.423383712768555 4.873424944444453
1492526655.556529998779297 4.874480592592602
1492473184.680970668792725 4.875536166666675
1489590303.115352392196655 4.876591870370379
1492533286.553811073303223 4.877647518518527
1492453110.198926687240601 4.878703185185194
1492533628.039153814315796 4.879758851851861
1489539940.361340045928955 4.880814592592602
1492542836.093179941177368 4.881870296296305
1492481790.751526117324829 4.882925925925934
1489351873.947220563888550 4.883981333333342
1492320757.695343255996704 4.885037166666675
1492454138.820186376571655 4.886092888888897
1492507973.264564990997314 4.887148500000008
1489455170.478462219238281 4.888204351851861
1492431748.815997123718262 4.889260092592601
1492431062.307044744491577 4.890315796296305
1492428481.212504148483276 4.891371462962971
1489478372.215400695800781 4.892427203703712
1492527602.841855764389038 4.893482851851861
1492482555.385991573333740 4.894538574074083
1492551208.729518413543701 4.895594166666676
1488761351.877510070800781 4.896650037037046
1492438379.231713771820068 4.897705777777787
1492454661.871765613555908 4.898761425925936
1492533209.361075162887573 4.899817018518529
1489615000.087699413299561 4.900872814814825
1492479451.333952903747559 4.901928574074084
1492441138.807514905929565 4.902984259259269
1489149034.749034643173218 4.904039444444455
1492051733.511039257049561 4.905095425925937
1492557650.814812421798706 4.906151111111122
1492418831.453578948974609 4.907206870370381
1489146738.271994829177856 4.908262037037047
1492393172.888015747070312 4.909317740740750
1492482213.022733688354492 4.910373444444454
1492440191.555423021316528 4.911429129629639
1489474664.561957359313965 4.912484962962972
1492350031.572300434112549 4.913540740740750
1492483342.981948375701904 4.914596351851861
1492422797.600252866744995 4.915652018518528
1490927222.300238609313965 4.916706981481490
1491622141.153360366821289 4.917762833333343
1492453191.601326227188110 4.918818555555565
1492579703.534777641296387 4.919874203703714
1489398652.915175676345825 4.920929981481492
1492408068.759866714477539 4.921985722222233
1492417197.284639358520508 4.923041444444455
1489282608.314176797866821 4.924096759259270
1492419352.009402513504028 4.925152444444455
1492552573.413325071334839 4.926208111111122
1492415646.377828359603882 4.927263851851863
1489411238.242313623428345 4.928319111111122
1492433560.790780067443848 4.929374796296307
1492502710.193485021591187 4.930430481481492
1492433300.005262374877930 4.931486203703715
1489477110.885045766830444 4.932542018518530
1492442772.193864107131958 4.933597740740752
1492451558.580525398254395 4.934653425925937
1486917651.170919418334961 4.935713055555567
1489292118.278438329696655 4.936768944444456
1492531656.228619575500488 4.937824555555567
1492439244.303331375122070 4.938880240740752
1490679447.390356063842773 4.939924444444456
1492508920.583127260208130 4.940980055555567
1492478948.845695018768311 4.942035685185196
1492495395.140777111053467 4.943091333333345
1455398571.954878091812134 4.944146907407418
1492211015.448280572891235 4.945203000000011
1492354078.231889009475708 4.946258740740752
1492546548.548372745513916 4.947314388888900
1486332590.578120946884155 4.948369851851863
1492488843.671063661575317 4.949425555555567
1492405227.153131008148193 4.950481296296307
1492483765.151648044586182 4.951536981481492
1489354624.855308771133423 4.952592870370381
1492515288.132619857788086 4.953648518518530
1492339180.465899467468262 4.954704222222233
1491715678.367289781570435 4.955760407407419
1489445459.807412385940552 4.956816203703715
1492478766.510550975799561 4.957871925925938
1492397649.535169124603271 4.958927666666678
1489362114.351900815963745 4.959982888888900
1492339782.833687305450439 4.961038574074085
1492500999.964913606643677 4.962094166666678
1492388436.710637092590332 4.963149870370382
1489400108.796742916107178 4.964205185185197
1492377843.649693965911865 4.965260981481493
1492520894.003719091415405 4.966316574074086
1492345898.160004138946533 4.967372333333345
1489332584.585146665573120 4.968427592592604
1492416426.917409181594849 4.969483222222234
1492482395.663386106491089 4.970538833333345
1492402301.471749305725098 4.971594518518530
1489242261.528743028640747 4.972649851851863
1492443719.412724256515503 4.973705574074086
1492356575.277587652206421 4.974761296296308
1492430375.749921321868896 4.975816962962975
1489503946.676021814346313 4.976872703703716
1492450268.392800807952881 4.977928370370383
1492431405.567542076110840 4.978984092592605
1489236427.443411111831665 4.980039462962975
1492363550.254341363906860 4.981095203703716
1492509946.321439981460571 4.982150870370383
1492508315.205950498580933 4.983206500000012
1489123269.402867317199707 4.984261851851864
1492387918.332982301712036 4.985317629629642
1492410566.752618074417114 4.986373351851864
1492490921.530445814132690 4.987428962962976
1489244555.966941118240356 4.988484314814827
1492392225.652539968490601 4.989540018518531
1492394807.928433656692505 4.990595759259271
1492491948.215977430343628 4.991651425925938
1489363612.432214498519897 4.992706629629642
1492503236.671754121780396 4.993762240740753
1492340302.381871223449707 4.994818055555568
1492548443.119024515151978 4.995873703703716
1488735372.527009963989258 4.996929555555568
1492412117.597530126571655 4.997985259259272
1492415563.001034975051880 4.999040944444457
1489170392.728038311004639 5.000096240740753
1492371816.459692478179932 5.001152018518531
1492559924.206537246704102 5.002207518518531
1492418061.256710052490234 5.003263185185197
1489074399.017371416091919 5.004318555555567
1492362086.505069017410278 5.005374370370382
1491970399.466909885406494 5.006430407407419
1492359761.445360422134399 5.007486148148160
1489414632.434234857559204 5.008541388888901
1492309303.304567337036133 5.009597166666679
1491568361.225134372711182 5.010652833333346
1492402561.178843736648560 5.011708481481494
1489372772.555072307586670 5.012764333333346
1492440795.705715417861938 5.013820000000013
1492406434.184675931930542 5.014875703703717
1490543690.005646467208862 5.015925185185198
1492367424.973251819610596 5.016980981481495
1492408672.314897537231445 5.018036703703717
1492449321.124092340469360 5.019092370370384
1489355724.708853721618652 5.020148222222236
1492473345.378637790679932 5.021203907407421
1492347447.816172599792480 5.022259648148162
1492484975.002192735671997 5.023315296296310
1489457221.033430337905884 5.024371111111125
1492441824.975003957748413 5.025426833333348
1492452848.722986221313477 5.026482537037051
1492496526.315789699554443 5.027538092592606
1489529756.371354103088379 5.028593888888903
1492428907.209261417388916 5.029649629629644
1492422620.196102380752563 5.030705388888903
1293671663.234519481658936 5.031865444444458
1346391295.206055402755737 5.032922333333347
1491544293.149676799774170 5.033979055555569
1492455004.736343622207642 5.035034722222236
1488463943.573007822036743 5.036090166666681
1492412804.771092653274536 5.037145907407422
1492528814.272933006286621 5.038201518518533
1492448112.545607805252075 5.039257222222236
1489529362.239528417587280 5.040313000000014
1492537340.139992713928223 5.041368611111126
1492387833.499973773956299 5.042424333333348
1492506947.368421077728271 5.043479888888903
1489536939.591664791107178 5.044535666666682
1492432531.050452470779419 5.045591296296311
1492496342.426102876663208 5.046646944444459
1492433904.013471841812134 5.047702648148163
1489440328.351925849914551 5.048758425925941
1492484107.493685245513916 5.049814129629644
1492417717.744057416915894 5.050869777777793
1490827839.084896087646484 5.051925314814830
1492319978.951061248779297 5.052981055555571
1492529684.210526466369629 5.054036611111126
1492471108.304389238357544 5.055092277777793
1489353677.154438495635986 5.056147592592608
1379552498.899855613708496 5.057620462962978
1483601177.618284463882446 5.058683500000015
1491878751.753155708312988 5.059739796296311
1486561607.800498008728027 5.060795759259274
1492156752.016836166381836 5.061851685185200
1492429167.836093187332153 5.062907388888903
1490262304.026772499084473 5.063925574074089
1492246882.399368524551392 5.064981407407422
1492431323.018629789352417 5.066037074074089
1492353991.615064859390259 5.067092759259274
1489084447.720332860946655 5.068147981481496
1492288465.586192131042480 5.069203759259274
1493570014.392529726028442 5.070258833333348
1491578447.020854949951172 5.071314629629645
1482115585.030791044235229 5.072370129629644
1492180584.056827068328857 5.073425962962977
1473731225.019283533096313 5.074482333333347
1490956028.368794202804565 5.075539833333347
1488631263.157894849777222 5.076595388888903
1492212786.108918666839600 5.077651222222236
1492406434.184675931930542 5.078706925925939
1492448030.874484539031982 5.079762574074087
1489327448.537283182144165 5.080817814814829
1492393776.202922582626343 5.081873500000014
1492412034.032102346420288 5.082929148148162
1488896531.152948379516602 5.083984574074088
1492367597.530171155929565 5.085040277777791
1492507104.515314340591431 5.086095944444458
1492510971.951797008514404 5.087151666666681
1489229943.145925521850586 5.088207000000014
1492400666.608192205429077 5.089262648148162
1933497155.499367952346802 5.090317314814829
2138450477.043909311294556 5.091371259259273
2135197448.199504613876343 5.092424981481495
2138512711.492172718048096 5.093479000000014
2138462811.659902095794678 5.094532944444458
2137448370.376877784729004 5.095586925925939
2134011207.532586336135864 5.096641111111125
2138364895.018887758255005 5.097695092592606
2138374002.881540536880493 5.098749055555570
2138559214.225471019744873 5.099802981481496
2135478004.216444253921509 5.100857055555569
2138538145.271813631057739 5.101911018518533
2138424668.365105867385864 5.102965000000014
2135417804.248142242431641 5.104019055555570
2138423149.905123233795166 5.105073055555570
2138485583.258658170700073 5.106127000000014
2137718621.561808347702026 5.107181333333347
2135580983.502872705459595 5.108235388888903
2138319928.319190502166748 5.109289444444459
2138479697.794957399368286 5.110343425925940
2138457310.537505865097046 5.111397333333348
2135345619.367193222045898 5.112451425925940
2138360531.309297800064087 5.113505425925940
2138430358.397751331329346 5.114559500000014
2138506079.561428308486938 5.115613425925940
2135496117.221265554428101 5.116667462962977
2138455221.126983404159546 5.117721407407421
2138465279.730109930038452 5.118775333333347
2138522209.727298498153687 5.119829259259273
2135497584.201556444168091 5.120883277777791
2138436053.764385461807251 5.121937259259273
2138489185.627690315246582 5.122991240740754
2135209863.090739488601685 5.124044925925939
2138374005.165235042572021 5.125098981481495
2138463382.063536882400513 5.126152907407421
2138465658.109746694564819 5.127206851851865
2092897086.174829483032227 5.128282185185198
2138369075.642061710357666 5.129336370370384
2138441746.464025259017944 5.130390351851865
2138444784.144220352172852 5.131444296296309
2135499393.875507354736328 5.132498351851865
2138481595.361504077911377 5.133552333333347
2138471537.001897573471069 5.134606333333346
2138500386.561709403991699 5.135660259259272
2135315613.800857067108154 5.136714407407420
2138511201.307258605957031 5.137768351851864
2138356736.242884159088135 5.138822351851864
2138560930.608515262603760 5.139876222222235
2135469379.150416374206543 5.140930333333346
2138496591.228563547134399 5.141984259259272
2138384819.467627286911011 5.143038240740753
2135253519.394013643264771 5.144091925925938
2138412143.999156475067139 5.145145944444456
2138538729.176917076110840 5.146199796296308
2138386148.007590055465698 5.147253796296308
2134912646.263044834136963 5.148307833333345
2138315939.278937339782715 5.149361833333345
2138594141.524187803268433 5.150415703703715
2138422961.362079143524170 5.151469648148160
2135517507.950172901153564 5.152523666666678
2138282546.821743249893188 5.153577703703715
2138460157.087381839752197 5.154631611111123
2138385010.014406442642212 5.155685648148160
2135268500.948766469955444 5.156739648148160
2137904089.376054048538208 5.157793870370382
2138481217.275187253952026 5.158847833333345
2138412145.066067218780518 5.159901759259271
2135612291.150582551956177 5.160955814814827
2138429603.078382968902588 5.162009759259271
2138465466.045857906341553 5.163063740740752
2135484225.881856679916382 5.164117388888901
2138422012.545464277267456 5.165171333333345
2138464330.896823406219482 5.166225259259271
2138477614.562834024429321 5.167279185185197
2118090854.793943166732788 5.168333370370382
2138102160.548041343688965 5.169387629629641
2138349338.533705949783325 5.170441685185197
2138401518.079910039901733 5.171495648148160
2135212803.710405588150024 5.172549740740752
2138477800.228410720825195 5.173603722222234
2138423908.078287839889526 5.174657759259271
2138448958.077098846435547 5.175711722222235
2135041235.483247518539429 5.176765740740753
2138502661.957725048065186 5.177819685185197
2138409487.832732915878296 5.178873666666679
2136666772.352568149566650 5.179925000000012
2138251620.724187135696411 5.180979055555568
2138420873.232012748718262 5.182033037037050
2138435674.877886056900024 5.183087000000013
2135143429.585757017135620 5.184140685185198
2138377040.251594305038452 5.185194703703716
2138495449.274343729019165 5.186248666666679
2138456548.476649045944214 5.187302629629643
2135559023.567248582839966 5.188356351851865
2138454650.876761436462402 5.189410314814828
2134381161.507922649383545 5.190464500000013
1515320029.486099481582642 5.191519611111125
1489448301.264623880386353 5.192575407407421
1492328848.818649053573608 5.193631166666680
1492396358.469715356826782 5.194686888888903
1492433217.556046962738037 5.195742555555570
1485664357.494870185852051 5.196798462962977
1492164579.606439828872681 5.197854351851865
1492418404.757310628890991 5.198910037037050
1488734455.463561058044434 5.199927722222236
1492262800.610430002212524 5.200983444444458
1492442511.094350099563599 5.202039203703717
1492539234.777117013931274 5.203094814814828
1489424901.289813041687012 5.204150092592606
1492376208.100191116333008 5.205205851851865
1492436484.827223300933838 5.206261592592606
1492478001.543751239776611 5.207317222222235
1488994138.911311388015747 5.208372518518531
1492481870.647464513778687 5.209428203703716
1492438640.190850496292114 5.210483907407419
1492536657.251627206802368 5.211539481481493
1489656838.154040336608887 5.212595240740752
1492438379.231713771820068 5.213650981481493
1492458189.345168352127075 5.214706666666678
1492490316.469019651412964 5.215762296296307
1489608531.686867237091064 5.216818055555566
1492489448.664199352264404 5.217873740740751
1492487554.160015583038330 5.218929425925936
1489234383.773161172866821 5.219984833333344
1492369922.121658563613892 5.221040611111122
1492440534.661801815032959 5.222096314814825
1492473687.903452157974243 5.223152018518529
1481691423.781499147415161 5.224212444444455
1469984464.932384014129639 5.225270981481492
1490293366.945013284683228 5.226328814814825
1492131780.634525537490845 5.227384722222232
1488227303.035620212554932 5.228440092592602
1492389553.443014144897461 5.229495907407417
1492413064.833005905151367 5.230551611111120
1492483685.355413675308228 5.231607240740749
1465446740.579608440399170 5.232662870370379
1492236996.247062444686890 5.233718833333342
1492398681.002578496932983 5.234774629629638
1492513735.396274328231812 5.235830296296305
1489153154.101120710372925 5.236886240740749
1492400750.771821498870850 5.237941944444453
1492394548.516101837158203 5.238997722222231
1489285451.067787170410156 5.240053037037046
1492369233.467812538146973 5.241108777777787
1492478948.845695018768311 5.242164407407416
1492402385.546395301818848 5.243220148148157
1489450486.970255374908447 5.244275425925935
1492265132.513637304306030 5.245331222222231
1492536128.409788608551025 5.246386870370380
1492429167.836093187332153 5.247442574074083
1489224554.260845184326172 5.248497833333342
1492344261.432405471801758 5.249553555555565
1492442086.059606790542603 5.250609240740750
1492377155.285821914672852 5.251665000000009
1489434137.095925092697144 5.252720222222231
1492297591.692831039428711 5.253775981481490
1492402385.546395301818848 5.254831722222231
1492437267.560171127319336 5.255887351851860
1489344114.500201940536499 5.256943148148157
1491774142.646749258041382 5.257999370370379
1492443637.511841058731079 5.259055037037045
1489262659.227287292480469 5.260110481481490
1492273566.041045427322388 5.261166222222231
1492337630.900384187698364 5.262221944444454
1492342196.653453588485718 5.263277759259268
1489353035.115736246109009 5.264333000000009
1492393257.441546201705933 5.265388759259269
1492345898.160004138946533 5.266444518518528
1492455004.736343622207642 5.267500185185194
1489421110.818636417388916 5.268555462962972
1492470846.197025060653687 5.269611166666675
1492287262.777563571929932 5.270666981481490
1492437267.560171127319336 5.271722611111120
1489208253.645184278488159 5.272778037037045
1492368889.122770071029663 5.273833759259268
1492340044.899677276611328 5.274889611111120
1491525056.256027460098267 5.275926537037046
1492373969.479038715362549 5.276982277777787
1491460866.514646530151367 5.278038018518528
1492469213.766972064971924 5.279093685185194
1489419490.633550643920898 5.280149462962973
1492472398.126545906066895 5.281205148148158
1492458874.914487123489380 5.282260870370380
1492502894.635276079177856 5.283316462962973
1489418388.465990781784058 5.284372277777788
1492418404.757310628890991 5.285427962962973
1492409359.597270727157593 5.286483722222232
1492433560.790780067443848 5.287539407407417
1489296606.156274795532227 5.288595240740750
1492410650.389391660690308 5.289651018518528
1492378187.813519477844238 5.290706833333343
1492449582.485439538955688 5.291762462962972
1489464954.746369123458862 5.292818240740750
1996980702.709346771240234 5.293872888888899
2138359202.319247961044312 5.294926870370380
2134561552.115002632141113 5.295980629629640
2138425617.148379087448120 5.297034611111122
2138409108.479460239410400 5.298088574074085
2138473056.312044382095337 5.299142555555567
2135411679.960644960403442 5.300196592592604
2138382921.901080608367920 5.301250574074086
2138520689.473407030105591 5.302304518518530
2138401517.946555852890015 5.303358574074085
2135438761.705641508102417 5.304412592592604
2138220695.713281869888306 5.305466666666677
2138451425.860524177551270 5.306520611111122
2139472274.460867881774902 5.307574259259270
2134350758.853288412094116 5.308628481481492
2138323529.411764621734619 5.309682481481492
2138513098.940488338470459 5.310736425925936
2138440610.064661502838135 5.311790351851862
2135063932.957360506057739 5.312844407407417
2138293931.620928049087524 5.313898444444455
2138440418.877604961395264 5.314952407407418
2134423500.052722215652466 5.316006148148158
2138312525.256074428558350 5.317060166666677
2138402846.349819898605347 5.318114148148158
2138438900.114205360412598 5.319168129629640
2119102712.332116842269897 5.320228444444455
2138205916.452939033508301 5.321282629629640
2138382352.941176414489746 5.322336629629640
2138360719.682327747344971 5.323390592592603
2135352775.825720310211182 5.324444666666677
2138388614.600720405578613 5.325498648148159
2138428842.504743814468384 5.326552648148159
2138558083.958600521087646 5.327606518518529
2135346134.926212310791016 5.328660592592603
2138448009.277155160903931 5.329714555555566
2138431688.804553985595703 5.330768555555566
2138497540.061850070953369 5.331822481481492
2135448594.518622636795044 5.332876555555566
2138354458.402881383895874 5.333930537037047
2138418406.072106122970581 5.334984537037047
2135293813.708260297775269 5.336038240740751
2138386148.007590055465698 5.337092240740751
2138532075.272784948348999 5.338146185185195
2138520312.060725450515747 5.339200111111121
2135275347.545650959014893 5.340253796296306
2138300386.507378816604614 5.341307870370380
2138470972.729828834533691 5.342361796296306
2138411006.079347848892212 5.343415759259269
2135198650.714172840118408 5.344469814814825
2138289569.388077974319458 5.345523870370380
2138500386.561709403991699 5.346577796296306
2138407400.249485969543457 5.347631814814824
2135573913.349028110504150 5.348685851851862
2138300572.753785848617554 5.349739888888899
2138499059.935688972473145 5.350793796296307
2138374382.851620912551880 5.351847777777788
2134887604.322234869003296 5.352901759259270
2138349714.486515045166016 5.353955740740751
2138403415.679797649383545 5.355009703703715
2135342730.100704669952393 5.356063388888900
2138341748.800927877426147 5.357117444444455
2138441937.694375753402710 5.358171388888899
2138053546.958996534347534 5.359225500000011
2135058525.782979965209961 5.360279166666677
2138448387.946938514709473 5.361333148148159
2138430172.898510217666626 5.362387074074085
2138567949.393779516220093 5.363440962962973
2135326212.227688074111938 5.364495037037047
2138414422.012545585632324 5.365548981481491
2138346680.253702640533447 5.366603000000009
2138506079.561428308486938 5.367656925925935
2135524579.219227552413940 5.368710962962973
2138424668.365105867385864 5.369764944444454
2138390512.167267084121704 5.370818925925936
2138517271.673050642013550 5.371872888888899
2135529322.885554552078247 5.372926925925936
2138523158.560585021972656 5.373980851851862
2138442695.247298717498779 5.375034833333344
2135081303.385004520416260 5.376088500000010
2138353321.503241539001465 5.377142518518529
2138461484.396963834762573 5.378196444444455
2138431121.731796741485596 5.379250370370380
2135381208.478329420089722 5.380304037037047
2138344782.753834486007690 5.381358055555565
2138495264.535854101181030 5.382411962962973
2138435865.898229122161865 5.383465888888899
2135031605.207216978073120 5.384519981481491
2138314997.979655981063843 5.385574074074084
2138436053.764385461807251 5.386628055555565
2138444784.144220352172852 5.387682000000010
2135487147.952281236648560 5.388736018518528
2138386717.034173727035522 5.389790000000009
2138395445.680248975753784 5.390843944444454
2138469453.376205921173096 5.391897888888898
2135587286.527514219284058 5.392951888888898
2138464709.293131828308105 5.394005833333342
2138368878.815033674240112 5.395059777777786
2134835872.831760644912720 5.396113500000008
2138358445.482975244522095 5.397167537037046
2138476095.092509746551514 5.398221481481490
2138503233.061568975448608 5.399275407407416
2134221968.445834159851074 5.400329444444453
2137276983.597344636917114 5.401383925925934
2137988687.067420959472656 5.402438111111119
2138180687.547209739685059 5.403492314814823
2133068306.394940376281738 5.404546388888897
2137635386.479793310165405 5.405600777777786
2138422391.678673267364502 5.406654740740749
2138143647.767802000045776 5.407708759259267
2133546762.210864305496216 5.408763148148156
2060864810.924369812011719 5.409820925925934
2136310508.046702384948730 5.410877259259268
2133854975.418069362640381 5.411928166666675
1833516196.886831998825073 5.412984611111119
2135350726.262856245040894 5.414041518518526
2085071421.047087430953979 5.415096296296304
2103109313.844342231750488 5.416165592592600
2138018689.618829965591431 5.417219851851860
2117849170.752060174942017 5.418285074074082
2136378256.978927135467529 5.419340500000008
2108999525.841630935668945 5.420395000000008
2137379172.370222330093384 5.421450222222230
2138377040.251594305038452 5.422504240740748
2138484063.675018548965454 5.423558203703712
2133653792.085471391677856 5.424612055555563
2138220695.713281869888306 5.425666129629637
2138470780.475805759429932 5.426720092592601
2138409677.929471492767334 5.427774037037045
2135287395.902877569198608 5.428828074074082
2138366223.908918380737305 5.429882074074082
2138396394.813591241836548 5.430936111111119
2134977855.109142541885376 5.431989777777786
2138395635.673624277114868 5.433043777777786
2138511017.395888090133667 5.434097666666674
2138415559.772295951843262 5.435151666666674
2134821765.646694898605347 5.436205314814822
2138408539.049459695816040 5.437259296296304
2138437381.404174566268921 5.438313296296304
2138457118.760213136672974 5.439367240740748
2135023849.276788473129272 5.440420925925933
2138328654.004954338073730 5.441474944444451
2138505130.728142023086548 5.442528870370377
2138443835.327605485916138 5.443582814814821
2124913190.173268318176270 5.444636629629636
2138207979.760712862014771 5.445690685185191
2138388235.914194107055664 5.446744740740747
2138480461.062693595886230 5.447798666666673
2131991248.418388843536377 5.448852444444451
2138353509.619608163833618 5.449906425925932
2138388234.880697250366211 5.450960388888896
2134891798.323462724685669 5.452014148148155
2138310627.756206274032593 5.453068166666673
2138361099.885794639587402 5.454122148148155
2138457689.063817977905273 5.455176074074081
2135005307.557117938995361 5.456229777777785
2138321444.885624647140503 5.457283814814822
2138487295.730100154876709 5.458337703703711
2138409868.039570331573486 5.459391611111118
2134237496.045833110809326 5.460445351851859
2138358253.535974740982056 5.461499333333340
2138382921.901080608367920 5.462553314814822
2138481217.275187253952026 5.463607277777785
2134993919.156414985656738 5.464660981481489
2138344970.570148468017578 5.465714962962971
2138345351.043643236160278 5.466768962962971
2138463190.076255559921265 5.467822925925934
2134229924.635033130645752 5.468877055555564
2138437381.404174566268921 5.469931055555564
2138401897.566546678543091 5.470985037037045
2135535964.018412351608276 5.472039074074083
2138284825.805091619491577 5.473093129629638
2138482358.729266405105591 5.474147055555564
2138438330.170778036117554 5.475201055555564
2135508450.753715753555298 5.476255092592601
2138320115.255547523498535 5.477309111111119
2138488051.728985309600830 5.478363037037045
2138481973.434535026550293 5.479417037037045
2135299214.673483610153198 5.480471092592601
2138281598.088477849960327 5.481525129629638
2138423910.178694009780884 5.482579074074082
2138487102.895698785781860 5.483633000000008
2135442470.879671335220337 5.484687055555564
2138391460.950540304183960 5.485741037037045
2138395256.083633422851562 5.486795018518527
2138387665.817447185516357 5.487849000000009
1400475304.908070325851440 5.489165425925934
1945039350.275084972381592 5.490225703703712
1491148074.869119167327881 5.491283351851860
1480558052.303162097930908 5.492339870370379
1492119614.959760189056396 5.493396037037045
1492297335.695367813110352 5.494451833333342
1492446218.074656248092651 5.495507537037045
1487186553.030303001403809 5.496563537037045
1492243625.267440557479858 5.497619500000008
1492311799.477293729782104 5.498675259259267
1492420642.716811656951904 5.499730962962970
1488497816.593886613845825 5.500786907407415
1436347743.767750024795532 5.501843240740748
1461594009.983361244201660 5.502900555555563
1464118432.416870355606079 5.503929740740748
1466416837.458615779876709 5.504986907407415
1491588399.096306324005127 5.506044296296303
1492187404.640395641326904 5.507100240740748
1464023889.288408041000366 5.508156037037044
1491505140.915380716323853 5.509213277777785
1491464855.390008926391602 5.510269759259266
1468024893.065002679824829 5.511326129629636
1447355093.797069787979126 5.512408055555563
1459047762.606698989868164 5.513464592592600
1490364263.454602718353271 5.514522333333341
1492238704.924933433532715 5.515578185185193
1459881826.791539430618286 5.516634074074082
1491480207.986834764480591 5.517691833333341
1467610859.728506565093994 5.518747722222230
1491752954.979249715805054 5.519805259259267
1487725613.284469366073608 5.520861351851860
1467705300.452520608901978 5.521917166666674
1491588779.155284881591797 5.522974722222230
1488536983.416688442230225 5.524030000000008
1467438381.855467796325684 5.525086537037045
1491669742.763584375381470 5.526144074074082
1468181888.341255664825439 5.527199870370379
1487952577.897725105285645 5.528256574074082
1492229580.651384592056274 5.529312444444453
1467755272.338411331176758 5.530368796296305
1491554683.668464899063110 5.531426055555564
1466443234.587670326232910 5.532466888888898
1491050069.175671339035034 5.533524314814824
1492195485.556939125061035 5.534580185185194
1242293902.717515468597412 5.539932296296305
1485360955.007155656814575 5.540993370370379
1038367291.317000985145569 5.543398666666675
1394902610.760817050933838 5.544505907407416
1485961052.116808652877808 5.545566203703713
1491789058.390320777893066 5.546622314814823
1492287262.777563571929932 5.547678129629638
1487279469.780653476715088 5.548734296296304
1492130038.236222743988037 5.549790111111119
1469180637.585656881332397 5.550846759259267
1491704126.672738552093506 5.551904018518527
1483414704.777265548706055 5.555945537037045
1489913946.120048284530640 5.557003444444453
1492277626.755993843078613 5.558059351851860
1492539499.307029724121094 5.559114925925933
1486194623.222208499908447 5.560170907407415
1491635216.156516075134277 5.561227240740749
1492289758.476137161254883 5.562283037037045
1492500394.716067552566528 5.563338648148156
1487181971.238162040710449 5.564394574074083
1492294328.106913566589355 5.565450462962971
1492347277.032359838485718 5.566506296296304
1492597287.766881465911865 5.567561870370378
1480639907.412278413772583 5.568617925925934
1492086872.654578685760498 5.569673962962971
1492388262.326136350631714 5.570729759259267
1492539840.707343578338623 5.571785351851860
1489112833.643155336380005 5.572841314814823
1492402645.242773056030273 5.573897018518526
1492421329.591299772262573 5.574952759259267
1487537408.759124040603638 5.576008166666674
1492200662.913663387298584 5.577064111111119
1492562235.750250101089478 5.578119685185192
1492343056.603111505508423 5.579175444444451
1488681796.657137155532837 5.580231314814822
1492314986.318669557571411 5.581287092592600
1492532339.268485069274902 5.582342740740748
1492371386.472074031829834 5.583398444444452
1489394555.914129257202148 5.584454296296304
1492404883.439456939697266 5.585510018518526
1492479896.147638797760010 5.586565648148156
1469832699.486496448516846 5.587622296296304
1487746717.388636589050293 5.588678648148155
1492323253.937629461288452 5.589734462962970
1492428824.530320882797241 5.590790148148155
1492470765.722305059432983 5.591845796296304
1489368190.269056797027588 5.592901611111118
1492405830.658317089080811 5.593957333333341
1492437171.121868848800659 5.595013111111119
1488297189.177808284759521 5.596068555555564
1492321271.333602190017700 5.597124314814823
1492414959.303957462310791 5.598180018518526
1492382494.299245595932007 5.599235759259267
1489464246.250986576080322 5.600291592592600
1492469818.436979055404663 5.601347240740749
1492429771.782412767410278 5.602402925925934
1492420808.924124002456665 5.603458740740749
1489313351.689787626266479 5.604514648148156
1492469213.766972064971924 5.605570314814822
1492435798.484423398971558 5.606626018518526
1492506683.976000785827637 5.607681611111119
1489416184.362832546234131 5.608737500000007
1492357522.496448040008545 5.609793222222230
1492405914.544306278228760 5.610849000000008
1491956195.419633150100708 5.611905037037045
1489406471.981057643890381 5.612960870370378
1492436567.098731994628906 5.614016666666674
1492395670.707106351852417 5.615072351851859
1488950815.069574832916260 5.616127703703711
1465318599.607559680938721 5.617203592592600
1492439833.733798503875732 5.618259462962970
1492367941.903909921646118 5.619315185185193
1488701589.975781917572021 5.620370407407415
1492297079.715864181518555 5.621426240740748
1492514340.847294092178345 5.622481888888896
1492411513.971478223800659 5.623537611111119
1489500157.867040872573853 5.624593351851860
1492317314.438052415847778 5.625649203703712
1492422880.597800254821777 5.626704925925934
1492451215.661509513854980 5.627760592592601
1489474031.327287673950195 5.628816351851860
1492473687.903452157974243 5.629872055555563
1492469213.766972064971924 5.630927722222230
1488990332.146052837371826 5.631983148148156
1492376208.100191116333008 5.633038907407415
1492415989.896686553955078 5.634094666666674
1492497026.680933952331543 5.635150351851859
1489018232.228402853012085 5.636205666666674
1492377499.473794937133789 5.637261444444452
1492316880.656703710556030 5.638317222222231
1492515971.722770929336548 5.639372907407416
1489161208.802779912948608 5.640428129629638
1492464215.548695087432861 5.641483833333341
1492377155.285821914672852 5.642539592592600
1492588154.801585912704468 5.643595185185193
1489309316.683036327362061 5.644651037037045
1492473768.220167875289917 5.645706796296304
1492358469.715308189392090 5.646762518518527
1492425035.521953582763672 5.647818203703712
1489543729.170320987701416 5.648873944444452
1492517944.220312118530273 5.649929685185193
1492391019.119452714920044 5.650985425925934
1489023111.345090866088867 5.652040703703712
1492293291.239147663116455 5.653096537037045
1492486527.261244773864746 5.654152166666674
1492418404.757310628890991 5.655207851851859
1489104750.539634704589844 5.656263092592600
1492356403.690321683883667 5.657318907407415
1492479028.891188859939575 5.658374592592600
1492457242.093076467514038 5.659430277777785
1489261661.577340364456177 5.660485500000007
1492349342.220663070678711 5.661541240740748
1491836755.448790788650513 5.662597370370378
1492511235.462311744689941 5.663653055555563
1489342915.811088323593140 5.664708222222229
1492387574.327761173248291 5.665763981481488
1492437171.121868848800659 5.666819759259266
1492437610.735900163650513 5.667875407407415
1489417045.235297441482544 5.668931203703711
1492396961.829918622970581 5.669986907407415
1492431405.567542076110840 5.671042629629637
1489298318.885340213775635 5.672097925925933
1492395755.130678892135620 5.673153666666674
1492326609.366777658462524 5.674209407407415
1492484632.657357215881348 5.675265037037044
1489138720.715977907180786 5.676320314814822
1492471793.432500839233398 5.677376018518525
1492387833.499973773956299 5.678431740740748
1492547078.121436595916748 5.679487314814821
1488747920.979683399200439 5.680542833333340
1488446093.133385896682739 5.681598666666673
1492281835.403072834014893 5.682654444444451
1492545601.263046979904175 5.683710092592600
1489283804.176171302795410 5.684765462962970
1492464215.548695087432861 5.685821166666673
1492353388.998035430908203 5.686876870370376
1490485590.778098106384277 5.687930722222228
1492466110.019646406173706 5.688986425925932
1492394892.392963171005249 5.690042222222228
1492528208.546768665313721 5.691097851851858
1486084093.780710458755493 5.692153111111117
1492376552.304777860641479 5.693208888888895
1492410910.366602420806885 5.694264629629636
1492493842.753394603729248 5.695320296296303
1488862693.482152462005615 5.696375518518525
1492416510.253126859664917 5.697431203703710
1492423484.423238992691040 5.698486907407413
1492482475.528891801834106 5.699542574074080
1489419766.952126979827881 5.700597833333339
1492436059.362172603607178 5.701653500000006
1492424775.035520792007446 5.702709222222229
1492538970.265766143798828 5.703764870370377
1489339530.967707872390747 5.704820629629636
1492468871.151653289794922 5.705876277777785
1492425899.936846494674683 5.706931907407414
1489406075.700705051422119 5.707987722222229
1492397733.850174665451050 5.709043518518525
1492529838.964319705963135 5.710099185185192
1492419268.823240518569946 5.711154814814821
1489416804.069461345672607 5.712210555555562
1485648256.473833799362183 5.713271092592599
1492376552.304777860641479 5.714326870370377
1492505815.279361248016357 5.715382518518526
1489154938.964501142501831 5.716438370370378
1492393945.240559339523315 5.717494166666675
1492396014.594442844390869 5.718549870370378
1492400147.345155954360962 5.719605592592600
1489453193.243409156799316 5.720661351851859
1492408672.314897537231445 5.721717074074082
1492403332.748640537261963 5.722772814814823
1492483342.981948375701904 5.723828425925934
1463605836.484722614288330 5.724935129629637
1486582073.641717433929443 5.725994814814823
1491917480.580055713653564 5.727050907407415
1488171927.915913581848145 5.728106259259267
1492305860.067002296447754 5.729162055555563
1492401178.699221134185791 5.730217833333342
1492489790.906539440155029 5.731273537037045
1489546092.324961423873901 5.732329388888897
1492559545.318995952606201 5.733385074074082
1492429511.129821538925171 5.734440796296305
1492515551.813062429428101 5.735496407407416
1489541122.200200080871582 5.736552203703712
1492515288.132619857788086 5.737607851851861
1492416593.580073595046997 5.738663592592602
1492573147.628403186798096 5.739719296296305
1489543016.505007743835449 5.740775092592601
1492546548.548372745513916 5.741830740740750
1492442429.132753372192383 5.742886444444453
1466624515.994000196456909 5.743948185185194
1491584915.584074020385742 5.745004462962972
1492278392.647291183471680 5.746060259259268
1492392485.001579046249390 5.747115925925935
1488819521.437092065811157 5.748171555555564
1492452848.722986221313477 5.749227259259268
1492350547.291608333587646 5.750282962962971
1492440795.705715417861938 5.751338629629638
1489369381.061788558959961 5.752394500000008
1492463530.154720783233643 5.753450166666675
1492325750.267482995986938 5.754505962962972
1492463268.313219308853149 5.755561666666675
1487665386.436576128005981 5.756617611111119
1492483765.151648044586182 5.757673296296304
1492358469.715308189392090 5.758729018518527
1492527602.841855764389038 5.759784666666675
1489369137.404848098754883 5.760840481481490
1492459136.597259998321533 5.761896166666675
1492367597.530171155929565 5.762951870370379
1488478109.042412996292114 5.764007185185194
1492350978.741317510604858 5.765062962962972
1492467923.866327524185181 5.766118611111120
1492414959.303957462310791 5.767174314814824
1489226152.874289512634277 5.768229648148157
1492355972.636379480361938 5.769285388888898
1492390675.156554222106934 5.770341111111120
1492408672.314897537231445 5.771396833333343
1489377430.677430629730225 5.772452018518528
1492433643.220487594604492 5.773507759259269
1471136695.944880008697510 5.774564037037047
1492192234.848484754562378 5.775620037037047
1489188234.468727111816406 5.776675851851862
1492417113.988001346588135 5.777731518518529
1492437267.560171127319336 5.778787148148158
1492474817.114888668060303 5.779842759259269
1489548380.307627439498901 5.780898629629640
1492409963.164357185363770 5.781954370370380
1806637085.162423372268677 5.783009000000010
2190206478.373200416564941 5.784062648148158
2193349592.353106975555420 5.785116574074084
2193461059.956420898437500 5.786170425925936
2193427622.561939716339111 5.787224314814824
2190305415.428962707519531 5.788277888888898
2193522967.701121330261230 5.789331703703713
2193341052.853528499603271 5.790385629629639
2193502451.368021488189697 5.791439462962972
2190405076.195665359497070 5.792493037037047
2193426673.695308208465576 5.793546925925935
2193315070.900177478790283 5.794600833333343
2193490247.759620189666748 5.795654722222231
2189508450.753715515136719 5.796708759259269
2193414113.016587257385254 5.797762685185194
2193342950.520101547241211 5.798816611111120
2193494271.455682754516602 5.799870462962972
2190489395.723146438598633 5.800924370370380
2193470188.201803207397461 5.801978203703714
2193343313.478467464447021 5.803032148148158
2190289812.275890827178955 5.804085703703714
2193336671.762163639068604 5.805139648148158
2193428571.428571224212646 5.806193537037046
2193426673.695308208465576 5.807247425925935
2190135517.550489425659180 5.808301000000009
2179668162.374508857727051 5.809361648148157
2193436297.506721019744873 5.810415592592602
2193450756.444272518157959 5.811469500000009
2190192048.091119766235352 5.812523055555565
2193506378.492356300354004 5.813576944444454
2193026141.953619003295898 5.814631018518527
2193495580.663866996765137 5.815684888888898
2185839699.216416358947754 5.816738925925935
2193364411.098030090332031 5.817792833333343
2193430107.715826988220215 5.818846703703713
2193458574.214974880218506 5.819900574074083
2190514065.822072982788086 5.820954481481491
2193464267.514804363250732 5.822008351851861
2193441494.315485954284668 5.823062222222231
2190245922.384701728820801 5.824115851851861
2193361927.185831069946289 5.825169777777787
2193441855.561412811279297 5.826223666666675
2193397708.501739978790283 5.827277481481490
2190446303.652406215667725 5.828331074074082
2193437111.228255271911621 5.829384962962971
2193421929.362150669097900 5.830438851851859
2193484194.064207553863525 5.831492722222229
2190448323.138578414916992 5.832546277777785
2193459750.118614673614502 5.833600111111119
2193407696.362678050994873 5.834654000000008
2193505429.625724792480469 5.835707888888896
2190306364.579122066497803 5.836761462962970
2193436162.361623764038086 5.837815351851859
2193313758.566156864166260 5.838869240740747
2193533865.241994857788086 5.839922981481488
2176731699.604743480682373 5.840977148148155
2193295430.187817096710205 5.842031166666673
2193323529.411764621734619 5.843085166666673
2188503875.560242652893066 5.844138777777784
2193312729.508916854858398 5.845192759259265
2193437698.782266616821289 5.846246629629635
2193255657.857745647430420 5.847300555555561
2190418364.297892093658447 5.848354129629636
2193397620.846584796905518 5.849408037037043
2193459523.098279476165771 5.850461907407413
2193422516.649387836456299 5.851515777777784
2190392856.515089988708496 5.852569314814820
2193355871.448401927947998 5.853623222222228
2193457264.356505393981934 5.854677074074080
2193417185.028993129730225 5.855730962962968
2190451705.893726348876953 5.856784500000005
2193426538.035742759704590 5.857838333333339
2193340326.831839561462402 5.858892222222227
2191644643.430487632751465 5.859930407407412
2193465216.398109436035156 5.860984277777782
2193400330.357770442962646 5.862038129629634
2193375797.297534465789795 5.863092037037042
2190466187.353877067565918 5.864145500000005
2192964476.458187103271484 5.865199574074079
2193397483.657833576202393 5.866253425925930
2193458079.254898548126221 5.867307222222227
2190425249.169435501098633 5.868360722222227
2193402003.162888526916504 5.869414611111115
2193392876.596791267395020 5.870468518518523
2193414338.429098606109619 5.871522407407411
2190501063.437098979949951 5.872575944444448
2192299801.444360256195068 5.873629851851856
2193426312.182607173919678 5.874683722222226
2193349312.901978969573975 5.875737537037041
2190520831.502925872802734 5.876791407407411
2193416236.162361621856689 5.877845296296299
2193416823.349557876586914 5.878899166666669
2190090212.613259315490723 5.879931296296300
2193201574.360416412353516 5.880985222222225
2193353610.964681148529053 5.882039111111114
2193389305.733715057373047 5.883092981481484
1735684360.189573526382446 5.884147981481484
1492440877.756143808364868 5.885203703703707
1492430801.613751888275146 5.886259444444447
1492428824.530320882797241 5.887315129629632
1489644295.537468433380127 5.888370833333336
1492433560.790780067443848 5.889426518518521
1492443637.511841058731079 5.890482185185188
1492425118.400280714035034 5.891537925925928
1464456582.152537107467651 5.892617444444447
1486872567.702232360839844 5.893676685185188
1492013958.545225143432617 5.894732722222225
1492440191.555423021316528 5.895788407407410
1487563288.142132997512817 5.896844277777780
1492311799.477293729782104 5.897900037037039
1492423141.017769813537598 5.898955722222224
1489150347.441566705703735 5.900011055555558
1492379996.842714548110962 5.901066814814817
1492120119.277319669723511 5.902122555555557
1492506078.627440690994263 5.903178166666669
1489296003.367062330245972 5.904234148148150
1471674633.370226860046387 5.905304962962965
1492264368.017678499221802 5.906360870370372
1492478001.543751239776611 5.907416500000002
1489126525.887470245361328 5.908472351851854
1492484370.066308975219727 5.909528018518521
1492359158.758836030960083 5.910583777777780
1492469818.436979055404663 5.911639425925928
1489316647.080490589141846 5.912695222222225
1492474212.335976362228394 5.913750851851854
1492328760.875666618347168 5.914806555555558
1491759231.335694551467896 5.915862740740743
1489363301.529395341873169 5.916918592592595
1492485579.959300994873047 5.917974222222225
1492341764.602701187133789 5.919029962962965
1489456329.080603122711182 5.920085203703707
1492345553.411682128906250 5.921140944444447
1492435112.093463897705078 5.922196611111114
1492438722.351826667785645 5.923252370370373
1489488633.971795320510864 5.924308148148151
1492351839.183286905288696 5.925363870370374
1492405486.949200153350830 5.926419574074077
1492420382.389054536819458 5.927475314814818
1489694334.327311038970947 5.928531055555559
1492351839.183286905288696 5.929586777777781
1492426930.026137351989746 5.930642462962966
1492416853.774908781051636 5.931698166666670
1489547358.450852394104004 5.932753944444448
1492415386.234476804733276 5.933809722222226
1492409192.176124811172485 5.934865370370375
1492437006.630881071090698 5.935921037037041
1461110140.963601827621460 5.936977259259264
1492174434.508153438568115 5.938033370370374
1492240321.364042997360229 5.939089055555559
1484639962.101274013519287 5.940144500000004
1492276243.093922615051270 5.941200333333337
1492344090.925035953521729 5.942256148148152
1492516235.417945623397827 5.943311796296300
1489175130.733864307403564 5.944367092592596
1492490658.714147806167603 5.945422740740745
1492312144.811618566513062 5.946478518518523
1492489369.167075872421265 5.947534148148153
1489437175.529675960540771 5.948590000000005
1492436402.547055721282959 5.949645685185190
1492333239.782494306564331 5.950701425925931
1492559128.466922760009766 5.951757037037042
1489530150.489353656768799 5.952812851851856
1492436745.719898939132690 5.953868555555560
1492368974.952641487121582 5.954924333333338
1490544806.685646057128906 5.955932574074079
1492477396.719585895538330 5.956988222222227
1492395755.130678892135620 5.958043962962968
1492510893.590148448944092 5.959099629629635
1489302905.874921083450317 5.960154962962968
1492440534.661801815032959 5.961210666666672
1492352441.762559652328491 5.962266370370375
1492509867.901689291000366 5.963321981481486
1489196483.717012882232666 5.964377388888893
1492443033.311698675155640 5.965433074074078
1491985444.469775199890137 5.966489055555560
1492441056.767946004867554 5.967544685185190
1489495264.154914617538452 5.968600462962968
1492446822.320065975189209 5.969656148148153
1492317827.825720787048340 5.970711925925931
1492532339.268485069274902 5.971767574074080
1489544910.809815406799316 5.972823370370376
1492414012.068481683731079 5.973879074074079
1492384473.716521024703979 5.974934870370376
1489391580.535911560058594 5.975990185185191
1492395495.685118675231934 5.977045962962969
1492438558.021226167678833 5.978101611111118
1492366391.861077070236206 5.979157351851859
1489442666.105085849761963 5.980212574074081
1492363378.058405637741089 5.981268407407414
1492428481.212504148483276 5.982324074074080
1492448292.195147514343262 5.983379685185191
1489455537.810849428176880 5.984434888888895
1492378705.490264892578125 5.985490629629636
1492371386.472074031829834 5.986546333333339
1838997208.126284122467041 5.987600981481488
2135485605.820942640304565 5.988654648148154
2138400758.999947071075439 5.989708666666672
2138397912.750144720077515 5.990762685185191
2138363757.752516746520996 5.991816703703709
2135452389.318341732025146 5.992870777777783
2138469831.675861835479736 5.993924740740746
2138426756.628538370132446 5.994978685185190
2134801202.066711187362671 5.996032425925931
2138361291.682771444320679 5.997086462962968
2138357873.282496452331543 5.998140425925931
2138419166.095619678497314 5.999194370370375
2135362227.143308877944946 6.000248037037042
2130921840.529467582702637 6.001305703703709
2138308357.196816682815552 6.002359796296302
2138551051.605081558227539 6.003413740740746
2135257315.594298362731934 6.004467425925931
2138448579.410679578781128 6.005521370370375
2138372674.081492900848389 6.006575314814819
2138588448.224358081817627 6.007629185185190
2135407866.985376834869385 6.008682814814819
2138420494.078785657882690 6.009736777777783
2138335295.254493236541748 6.010790796296301
2138600210.859251260757446 6.011844685185189
2135440487.693470001220703 6.012898777777782
2138464325.245532751083374 6.013952796296300
2138332068.311195373535156 6.015006796296300
2135372750.281214952468872 6.016060425925930
2138025119.890385866165161 6.017114629629633
2138440988.877760887145996 6.018168574074077
2138492031.977510213851929 6.019222555555559
2135507092.011600494384766 6.020276166666670
2138376091.501660108566284 6.021330185185188
2138472492.136845111846924 6.022384092592596
2138458637.897104501724243 6.023438018518521
2135459031.951913833618164 6.024491685185188
2138440797.680752038955688 6.025545666666670
2138408539.049459695816040 6.026599648148151
2138497724.677150249481201 6.027653629629633
2135360494.955531597137451 6.028707222222225
2138396774.080191135406494 6.029761185185189
2138316888.045540809631348 6.030815185185189
2138443835.327605485916138 6.031869129629633
2135482922.201138496398926 6.032923129629633
2138407210.879572868347168 6.033977092592596
2138374382.851620912551880 6.035031074074078
2135352220.601416349411011 6.036084759259262
2138427135.678391933441162 6.037138722222226
2138372485.285074234008789 6.038192703703707
2138455599.676705360412598 6.039246666666671
2135304768.097857475280762 6.040300351851855
2138432637.571157455444336 6.041354351851855
2138332255.684014558792114 6.042408314814819
2138540626.976875066757202 6.043462166666671
2135448592.217652559280396 6.044515833333337
2138341368.284198045730591 6.045569870370374
2138422012.545464277267456 6.046623814814819
2138487858.874793529510498 6.047677777777782
2135328060.740272045135498 6.048731444444448
2138456926.996398210525513 6.049785425925930
2137385353.340127229690552 6.050839388888893
2138490898.228844642639160 6.051893314814819
2135320086.438623428344727 6.052947370370375
2138417647.678954362869263 6.054001333333338
2138376469.347952365875244 6.055055277777782
2135311033.028812408447266 6.056109351851856
1999677054.896342992782593 6.057479611111115
2129653267.122449398040771 6.058538703703708
2138060039.698571920394897 6.059592944444449
2132706872.320989131927490 6.060647092592597
2138284640.115247488021851 6.061701185185189
2138471537.001897573471069 6.062755185185189
2138336812.144212484359741 6.063809185185189
2127668300.395256996154785 6.064863351851856
2138274956.955620050430298 6.065917388888893
2138453702.076817750930786 6.066971351851857
2134394629.079596996307373 6.068025037037041
2138418975.665466070175171 6.069079018518523
2138496020.241421222686768 6.070132962962967
2138452940.246323347091675 6.071186981481485
2135085390.928421974182129 6.072240740740745
2138452183.080031633377075 6.073294722222227
2119728717.147421836853027 6.074349518518523
2137246147.365464687347412 6.075404592592597
2134598000.808109045028687 6.076458722222227
2138331125.595123052597046 6.077512814814819
2138464330.896823406219482 6.078566740740745
2138586926.726410150527954 6.079620629629633
2135307753.122859001159668 6.080674685185189
2138503610.774339914321899 6.081728629629633
2138455978.213124752044678 6.082782611111115
2138521260.894011974334717 6.083836537037040
2135317755.367370367050171 6.084890574074078
2138436432.637571096420288 6.085944574074078
2138479319.675299644470215 6.086998537037041
2062533347.381730079650879 6.088053092592596
1492341507.051146984100342 6.089108870370374
1492415302.846918821334839 6.090164592592597
1492400926.267038583755493 6.091220203703708
1489199115.510161161422729 6.092275425925930
1492340215.046219110488892 6.093331185185189
1492451901.487510681152344 6.094386888888892
1492473345.378637790679932 6.095442574074077
1488395493.313678026199341 6.096497796296299
1469213527.370656013488770 6.097570518518522
1492437939.561884880065918 6.098626388888892
1492409275.891103029251099 6.099682092592595
1488994335.022887945175171 6.100737962962966
1492347792.531265735626221 6.101793722222225
1492363808.588268280029297 6.102849425925928
1492455347.588892698287964 6.103905111111113
1489476320.774573564529419 6.104960888888892
1492396617.959197998046875 6.106016574074077
1492386886.281113624572754 6.107072296296299
1489384550.591373205184937 6.108127592592595
1492250670.876085281372070 6.109183425925928
1492434329.614817857742310 6.110239203703706
1492410826.740575790405273 6.111294888888891
1489040429.564118862152100 6.112350222222225
1492366133.445590257644653 6.113406000000003
1492406518.040378093719482 6.114461759259262
1492448798.456411123275757 6.115517500000003
1489347104.247104167938232 6.116572685185188
1492326095.345003128051758 6.117628500000003
1491855692.518104076385498 6.118684629629633
1492393601.347084760665894 6.119740407407411
1489528256.217771053314209 6.120796222222226
1492481528.260183334350586 6.121851888888893
1492422797.600252866744995 6.122907555555559
1490530343.483908176422119 6.123934074074078
1492382838.399606943130493 6.124989833333337
1492412034.032102346420288 6.126045481481485
1492415989.896686553955078 6.127101240740744
1489132087.391418695449829 6.128156518518522
1492438640.190850496292114 6.129212222222225
1492369836.341630220413208 6.130267944444448
1492381029.220893144607544 6.131323759259263
1489423316.544111251831055 6.132378962962966
1492374916.681283950805664 6.133434703703707
1492352786.402147054672241 6.134490425925930
1492513051.715668916702271 6.135546055555559
1489336468.441278219223022 6.136601407407411
1492367683.429513454437256 6.137657166666670
1492333497.053045272827148 6.138712870370373
1492459741.079886436462402 6.139768537037040
1489449248.417027711868286 6.140824333333336
1492430115.071568965911865 6.141880037037040
1492387145.438279628753662 6.142935722222225
1488978433.677856206893921 6.143991037037040
1492426065.602525711059570 6.145046777777781
1492346845.345634937286377 6.146102537037040
1492426930.026137351989746 6.147158222222225
1489122723.284786701202393 6.148213592592595
1492317225.895848512649536 6.149269388888891
1492416770.458731651306152 6.150325037037040
1492408068.759866714477539 6.151380777777780
1489313177.750482559204102 6.152436148148150
1492321704.814522504806519 6.153491981481483
1492281489.537106752395630 6.154547740740743
1492493579.848442316055298 6.155603444444446
1489470543.846410274505615 6.156658685185187
1492314729.715508460998535 6.157714500000002
1492405143.228024721145630 6.158770185185187
1492426408.938625812530518 6.159825944444446
1489412892.016637325286865 6.160881148148150
1492492895.484685897827148 6.161936814814816
1492302238.282346487045288 6.162992518518520
1489219268.228481054306030 6.164047796296297
1492410910.366602420806885 6.165103537037038
1492368630.615144252777100 6.166159296296297
1492490133.136873245239258 6.167215018518520
1489198968.131405353546143 6.168270277777779
1491988987.286278009414673 6.169326296296298
1492435194.442982673645020 6.170382018518520
1492398940.555331230163574 6.171437777777779
1489529597.474348783493042 6.172493611111112
1492408672.314897537231445 6.173549333333335
1492453110.198926687240601 6.174605000000001
1492447851.254165887832642 6.175660740740742
1489561172.405325174331665 6.176716500000001
1492459822.133347272872925 6.177772222222224
1492411513.971478223800659 6.178827944444446
1492480238.575563430786133 6.179883592592595
1489393124.013330936431885 6.180939333333336
1492412804.771092653274536 6.181995074074076
1492354078.231889009475708 6.183050814814817
1489550987.476760149002075 6.184106629629632
1492361483.820047378540039 6.185162462962965
1492456294.840984582901001 6.186218148148150
1492367424.973251819610596 6.187273944444446
1485794535.442460775375366 6.188329907407409
1492318518.258673429489136 6.189385722222224
1492416166.719292879104614 6.190441388888891
1492343056.603111505508423 6.191497148148150
1485457370.322309255599976 6.192553185185186
1485723256.382495641708374 6.193613666666668
1492287864.171329498291016 6.194669462962964
1492388351.898956060409546 6.195725111111113
1488492134.476771831512451 6.196781055555557
1492355111.992002010345459 6.197836851851854
1493510354.510354518890381 6.198892037037039
1489785295.684603214263916 6.199934814814817
1492181183.568948030471802 6.200990629629632
1492515893.621500253677368 6.202046259259261
1492290615.681459426879883 6.203102000000002
1489039362.616920948028564 6.204157240740743
1492386971.163965225219727 6.205213018518521
1492394723.455014467239380 6.206268703703707
1492478686.454057693481445 6.207324370370373
1489494474.653569459915161 6.208380111111114
1492353044.362972974777222 6.209435796296299
1492402041.782876491546631 6.210491518518522
1492384562.757652759552002 6.211547166666670
1489335683.468378305435181 6.212603055555559
1492477819.291690826416016 6.213658777777781
1492318686.523180484771729 6.214714500000004
1492536657.251627206802368 6.215770074074078
1489397000.789266109466553 6.216825907407411
1492399887.740962266921997 6.217881666666670
1492395326.807704687118530 6.218937333333336
1488802316.399052381515503 6.219992611111114
1492325148.209211826324463 6.221048425925929
1492439505.306551933288574 6.222104074074077
1492322387.117145776748657 6.223159740740744
1489143203.116773843765259 6.224214962962966
1470387774.025928735733032 6.225273425925929
1490019045.951859712600708 6.226331296296300
1492126196.906457185745239 6.227387259259262
1488210982.304144382476807 6.228443166666669
1492298282.847771644592285 6.229498962962966
1492363464.135983467102051 6.230554648148151
1492423744.868961334228516 6.231610314814818
1489386339.717953920364380 6.232666092592596
1492251872.379983663558960 6.233721888888892
1492359675.127615928649902 6.234777574074077
1492433560.790780067443848 6.235833259259262
1489520284.847315549850464 6.236889055555559
1492363550.254341363906860 6.237944796296300
1492350031.572300434112549 6.239000574074078
1489400263.227164983749390 6.240055851851856
1492383097.405672788619995 6.241111574074078
1492336338.759472370147705 6.242167277777781
1492445009.647430181503296 6.243223018518522
1489317820.479073286056519 6.244278296296300
1492389124.714962244033813 6.245334037037041
1492320580.960901021957397 6.246389759259263
1492513129.966495513916016 6.247445444444448
1489464402.855489253997803 6.248501240740745
1492334531.932434082031250 6.249557000000004
1492340559.882129907608032 6.250612777777782
1492499526.365645885467529 6.251668444444449
1489375524.021679878234863 6.252724203703708
1492358125.175414085388184 6.253779907407411
1492377069.884928464889526 6.254835611111115
1492447165.310132026672363 6.255891314814818
1466828771.326868772506714 6.256947407407410
1492203503.972220897674561 6.258003351851855
1492468347.103089094161987 6.259059074074077
1489082381.428646564483643 6.260114462962966
1492388521.513391971588135 6.261170222222225
1492349944.745566606521606 6.262225944444448
1492434508.042871952056885 6.263281629629633
1489291287.180836915969849 6.264336907407411
1492333239.782494306564331 6.265392648148151
1492396442.854135751724243 6.266448425925930
1492431927.023945093154907 6.267504074074078
1489397420.373782634735107 6.268559351851856
1492372333.707549810409546 6.269615055555559
1491142171.124119281768799 6.270671685185189
1492390849.764928817749023 6.271727314814818
1489318389.897395372390747 6.272783148148151
1492355972.636379480361938 6.273838888888892
1492358814.243115186691284 6.274894629629633
1490684438.117270231246948 6.275935277777781
1492293111.613955736160278 6.276991000000003
1492380085.258670568466187 6.278046611111114
1492413148.339793920516968 6.279102370370373
1489355878.068897724151611 6.280157611111115
1492409359.597270727157593 6.281213370370374
1492452767.301113843917847 6.282269018518522
1492389383.946112871170044 6.283324722222225
1489458619.963498592376709 6.284379981481485
1492380255.749092340469360 6.285435703703707
1492407725.096037387847900 6.286491425925930
1492482817.899556398391724 6.287547111111115
1489412892.016637325286865 6.288602314814819
1470988606.303704977035522 6.289673407407411
1492429746.269441843032837 6.290729500000004
1492492290.420474767684937 6.291785185185189
1489179309.981934070587158 6.292840981481485
1492407037.732208490371704 6.293896666666670
1492420465.507866859436035 6.294952462962967
1488785259.278757572174072 6.296007740740745
1492403332.748640537261963 6.297063481481485
1492403936.220596790313721 6.298119203703708
1492505209.977897167205811 6.299174870370375
1489460202.147820711135864 6.300230203703708
1492331433.181905984878540 6.301286000000005
1492542682.712887287139893 6.302341592592597
1492390590.464161872863770 6.303397259259264
1489355022.109917879104614 6.304452592592598
1492349686.902527570724487 6.305508351851857
1492414699.175583124160767 6.306564092592597
1492466633.920426607131958 6.307619722222227
1489341908.538939237594604 6.308675018518523
1492411773.992667675018311 6.309730703703708
1492304567.459481954574585 6.310786481481486
1492445875.067974328994751 6.311842166666671
1485194230.971681356430054 6.312897611111116
1492290359.924226284027100 6.313953388888894
1492378446.642812013626099 6.315009166666672
1489364560.116530179977417 6.316064370370376
1492367339.063322067260742 6.317120111111117
1492430719.034504652023315 6.318175796296302
1492425378.894190311431885 6.319231500000005
1489386599.747297525405884 6.320286759259265
1491857714.025181531906128 6.321342796296301
1492353475.645050764083862 6.322398555555560
1492552838.397305488586426 6.323454185185190
1489251487.233482360839844 6.324509462962967
1491282351.703090429306030 6.325565277777782
1492404020.206272125244141 6.326621055555560
1492508051.784022808074951 6.327676722222227
1489403079.837238550186157 6.328732574074079
1492353131.029643774032593 6.329788314814820
1492372592.358699321746826 6.330843981481487
1492491263.770963430404663 6.331899611111116
1489533385.951065540313721 6.332955444444449
1492425722.254380941390991 6.334011166666672
1492434508.042871952056885 6.335066851851857
1489296552.207919836044312 6.336122814814820
1492387574.327761173248291 6.337178574074079
1492472317.732088804244995 6.338234203703708
1492464820.109811067581177 6.339289888888893
1489427463.911739587783813 6.340345685185190
1492314986.318669557571411 6.341401462962968
1492457765.380769491195679 6.342457074074079
1492483685.355413675308228 6.343512703703708
1489461404.893449068069458 6.344568537037041
1492404279.950885772705078 6.345624277777782
1492390500.578805208206177 6.346680092592597
1492518813.479046583175659 6.347735777777782
1489533863.074251413345337 6.348791500000004
1492416166.719292879104614 6.349847166666671
1492430458.348681688308716 6.350902888888894
1490677841.520258188247681 6.351935851851857
1492423744.868961334228516 6.352991518518524
1492468185.884953498840332 6.354047129629635
1492469294.321949243545532 6.355102851851857
1489508130.009998083114624 6.356158611111116
1492456033.257906675338745 6.357214333333339
1492474212.335976362228394 6.358269962962968
1492458108.202933073043823 6.359325592592597
1489522020.520915508270264 6.360381425925930
1492469213.766972064971924 6.361437092592597
1492448112.545607805252075 6.362492796296300
1492525972.317246437072754 6.363548407407412
1489437882.588181734085083 6.364604203703708
1492488501.412107467651367 6.365659888888893
1492443898.673777103424072 6.366715518518522
1492545183.417834758758545 6.367771092592596
1489479162.281624794006348 6.368826870370374
1492469213.766972064971924 6.369882537037041
1492395151.812808036804199 6.370938296296300
1489133982.627007007598877 6.371993574074078
1492385420.868924856185913 6.373049370370374
1492466029.295675754547119 6.374105018518523
1492465767.361902952194214 6.375160703703708
1489168643.829846858978271 6.376215962962967
1492369147.648534536361694 6.377271648148152
1492391881.698738813400269 6.378327333333337
1492505815.279361248016357 6.379382981481486
1489570483.924719095230103 6.380438777777782
1492349171.270718336105347 6.381494611111115
1492450007.016559123992920 6.382550314814819
1492541812.121743679046631 6.383605962962967
1489619897.914437532424927 6.384661722222226
1485782260.177083730697632 6.385722111111115
1492366908.115123510360718 6.386777981481486
1492461897.410707950592041 6.387833611111115
1489410415.168470382690430 6.388889407407412
1492442854.135971307754517 6.389945185185190
1492529497.412507534027100 6.391000833333338
1489345943.954096555709839 6.392056185185190
1492425982.774045467376709 6.393111870370375
1492433217.556046962738037 6.394167537037042
1492490658.714147806167603 6.395223185185190
1488902084.649399995803833 6.396278518518524
1492296478.181563138961792 6.397334370370376
1492526578.014806509017944 6.398389962962969
1492431748.815997123718262 6.399445703703710
1489545070.249600887298584 6.400501462962969
1492395755.130678892135620 6.401557203703709
1492337630.900384187698364 6.402612925925932
1493573181.219833374023438 6.403668018518524
1488645142.055419206619263 6.404723944444450
1492452848.722986221313477 6.405779648148154
1492489711.428822040557861 6.406835296296302
1492481185.860889196395874 6.407890944444451
1489552094.295937538146973 6.408946722222229
1492410223.126578807830811 6.410002425925932
1492345295.727215290069580 6.411058203703710
1489083356.731714248657227 6.412113462962970
1492314295.737589836120605 6.413169203703711
1492434768.879922628402710 6.414224851851859
1492390331.181588649749756 6.415280555555563
1489226049.874524116516113 6.416335796296304
1492384906.851910591125488 6.417391462962970
1492441138.807514905929565 6.418447148148156
1492425035.521953582763672 6.419502833333341
1489315678.635358572006226 6.420558055555563
1492454743.193937778472900 6.421613759259266
1492066332.257611751556396 6.422669611111118
1492475421.915020465850830 6.423725203703711
1489499999.999999761581421 6.424780981481489
1492405143.228024721145630 6.425836666666674
1492535709.899826526641846 6.426892240740748
1490641876.795403718948364 6.427936574074081
1492331000.368362903594971 6.428992296296304
1492450954.252034902572632 6.430048000000007
1492476106.939863920211792 6.431103629629637
1489249043.624749898910522 6.432158925925933
1492366650.294695615768433 6.433214629629636
1492505394.642199277877808 6.434270203703710
1492419268.823240518569946 6.435325833333339
1487018319.646241426467896 6.436381166666672
1492219162.705859661102295 6.437437037037043
1492389727.937694072723389 6.438492759259265
1492486789.937195301055908 6.439548351851858
1489344506.256251811981201 6.440603592592599
1492428137.882641792297363 6.441659240740748
1492398428.180478572845459 6.442714870370377
1492425556.549655199050903 6.443770481481488
1489418939.540105104446411 6.444826277777785
1492357177.939938306808472 6.445881981481488
1492360105.944466829299927 6.446937740740747
1489314579.531096458435059 6.447993000000007
1492365186.276573181152344 6.449048777777785
1492417717.744057416915894 6.450104425925933
1492456475.211396217346191 6.451160018518526
1489379723.065583467483521 6.452215222222230
1492343488.555643320083618 6.453271055555563
1492466633.920426607131958 6.454326685185192
1492414012.068481683731079 6.455382388888895
1489424349.840311527252197 6.456437685185191
1492498500.078943252563477 6.457493296296303
1492416593.580073595046997 6.458549037037043
1492505394.642199277877808 6.459604611111117
1489344903.832654714584351 6.460659870370376
1492327901.633018016815186 6.461715629629635
1492512446.276642322540283 6.462771277777784
1492471370.430145263671875 6.463826907407413
1489442774.201469898223877 6.464882666666672
1492465082.010349750518799 6.465938314814821
1492448030.874484539031982 6.466993962962969
1489451590.825333833694458 6.468049203703711
1492405227.153131008148193 6.469104944444451
1492383012.314493417739868 6.470160611111118
1492528472.685168981552124 6.471216203703711
1489310788.993401765823364 6.472271462962970
1492041810.624528884887695 6.473327370370377
1492557498.991245746612549 6.474382944444451
1492374486.896116256713867 6.475438611111118
1489329343.839390754699707 6.476493851851859
1492342454.220164060592651 6.477549629629637
1492401957.688664436340332 6.478605296296304
1492466976.581001520156860 6.479660944444452
1489307643.714466333389282 6.480716277777786
1486435056.085543632507324 6.481776166666675
1492309046.900761365890503 6.482831981481490
1492451901.487510681152344 6.483887685185193
1489291739.061759471893311 6.484942851851859
1491393615.155235767364502 6.485998592592600
1492377587.537716627120972 6.487054222222230
1489523049.396575927734375 6.488109925925933
1492357867.040869951248169 6.489165666666674
1492418581.804147243499756 6.490221259259267
1492415739.798603534698486 6.491276851851859
1489388784.620511770248413 6.492332611111118
1492449664.076341629028320 6.493388296296303
2055960632.133450508117676 6.494442925925933
2138471543.286886453628540 6.495496833333340
2134717086.539474964141846 6.496550944444452
2138357116.502977848052979 6.497604962962970
2138482736.808813571929932 6.498658907407414
2138479134.086555957794189 6.499712814814822
2135448249.204982519149780 6.500766833333340
2138365843.802161216735840 6.501820814814821
2138549725.892606258392334 6.502874740740747
2138436814.731515645980835 6.503928666666673
2135507247.904696702957153 6.504982611111117
2138471351.009435653686523 6.506036555555561
2138413473.195930719375610 6.507090500000006
2135370368.418278694152832 6.508144555555561
2138445354.231093883514404 6.509198481481487
2138458259.387464523315430 6.510252388888895
2138470780.475805759429932 6.511306351851858
2135585298.148212909698486 6.512360388888895
2138310246.679316759109497 6.513414388888895
2138566804.891762971878052 6.514468314814821
2138342692.483396053314209 6.515522277777785
2135410214.515364170074463 6.516576333333340
2138381024.334533929824829 6.517630314814822
2138365655.252384901046753 6.518684333333340
2138461484.396963834762573 6.519738259259266
2135449284.020029783248901 6.520792240740747
2138467741.935483694076538 6.521846240740747
2138447251.897666692733765 6.522900166666673
2135820261.671552181243896 6.523936240740747
2138475338.686721324920654 6.524990148148155
2138338516.683358907699585 6.526044092592599
2138492417.985977888107300 6.527098000000007
2135041235.483247518539429 6.528152018518525
2138369258.881821870803833 6.529205981481488
2138397533.206830978393555 6.530259981481488
2138521454.928834915161133 6.531313870370377
2135480593.868048906326294 6.532367851851858
2138450477.043909311294556 6.533421796296302
2138433968.231656074523926 6.534475722222228
2138547269.276727437973022 6.535529574074080
2135463515.769129514694214 6.536583555555562
2138395256.083633422851562 6.537637537037043
2138415180.532372951507568 6.538691518518525
2138427326.398650646209717 6.539745444444451
2135464895.635673522949219 6.540799444444451
2138451238.798102140426636 6.541853333333339
2138328079.700595855712891 6.542907277777783
2136343532.884553194046021 6.543936129629635
1397021253.056946516036987 6.545208277777784
1935703770.981433391571045 6.546268518518525
1491555851.576604127883911 6.547325055555562
1479187835.420393466949463 6.548380944444451
1491907769.458715200424194 6.549437074074080
1492369577.800775289535522 6.550492833333339
1492302673.121448040008545 6.551548611111118
1488178671.015941619873047 6.552604555555562
1492328077.590893983840942 6.553660425925933
1492328591.724694490432739 6.554716222222229
1492412377.644458532333374 6.555771888888896
1488584531.743247985839844 6.556827814814822
1436352648.193616390228271 6.557883740740748
1462190813.216075181961060 6.558940814814822
1458133191.057621717453003 6.559999444444452
1466892470.481062412261963 6.561056518518527
1491437082.961172580718994 6.562113907407415
1492258940.316045999526978 6.563169777777786
1464220787.876662015914917 6.564225592592600
1491359033.190296888351440 6.565282907407415
1492277536.130208969116211 6.566338759259267
1468479266.067920446395874 6.567394462962970
1478733722.213463544845581 6.568451629629637
1467497044.844701051712036 6.569507537037044
1491690303.147055387496948 6.570564962962970
1492390156.630944013595581 6.571620759259266
1463774788.206198692321777 6.572676555555563
1491588272.383354425430298 6.573733888888897
1466784530.386740446090698 6.574789722222230
1491783446.850979804992676 6.575847370370377
1488661522.543534994125366 6.576903351851859
1435871844.392329931259155 6.577977277777785
1490356317.411401987075806 6.579034907407415
1463504209.058513641357422 6.580110629629638
1490870880.756434917449951 6.581168222222230
1492294072.255349159240723 6.582224148148156
1467871650.063140153884888 6.583280000000008
1487465384.008831501007080 6.584336833333341
1492171749.232792854309082 6.585392851851860
1468098553.773336887359619 6.586449240740749
1491660384.628857851028442 6.587506537037045
1464287749.087847471237183 6.588562240740749
1491427401.001365423202515 6.589620055555564
1879285894.869904279708862 6.590674833333342
2138410246.499288320541382 6.591728851851860
1742402181.912636995315552 6.595578685185194
1600509241.379310369491577 6.597391185185193
2050913176.639423370361328 6.598449314814823
2137369396.892283201217651 6.599504037037045
2129820433.110279560089111 6.600558425925934
2138103467.659768819808960 6.601612611111119
2138366035.349098443984985 6.602666648148157
2115536608.068000078201294 6.603721111111120
2133027954.724927663803101 6.604776388888897
2119149944.699004411697388 6.605831222222230
2137442906.027902126312256 6.606886500000008
2129545325.106786966323853 6.607940000000008
2137925387.290546894073486 6.608994333333341
2138348765.703241586685181 6.610048314814823
2138500764.324495315551758 6.611102259259267
2133375309.726737260818481 6.612156055555563
2138392409.733813524246216 6.613210037037045
2138317074.884914159774780 6.614264000000008
2138504559.590954780578613 6.615317944444453
2123117278.204205036163330 6.616372259259268
2138158870.131923437118530 6.617426462962971
2138395066.066910505294800 6.618480388888897
2081128550.794415235519409 6.619518888888897
2132153686.761374473571777 6.620573462962971
2138249341.157454490661621 6.621627500000009
2138381404.174572944641113 6.622681500000009
2138448575.143188238143921 6.623735537037046
2133788037.370048046112061 6.624790055555565
2138280278.275534868240356 6.625844166666676
2138406641.482913017272949 6.626898148148157
2142388599.151000738143921 6.631936759259268
2137827594.687653541564941 6.632990907407416
2138344402.277039766311646 6.634044907407416
2138497153.700189590454102 6.635098907407416
2133215324.620573282241821 6.636153129629638
2138411764.705882310867310 6.637207129629638
2138371347.751989603042603 6.638261148148156
2138589969.775778532028198 6.639315000000008
2134780141.594785928726196 6.640369129629637
2138395635.673624277114868 6.641423129629637
2138385388.480865955352783 6.642477092592601
2138579335.793357849121094 6.643530981481489
2134921998.524296283721924 6.644585092592600
2138471729.275749444961548 6.645639055555564
2138374382.851620912551880 6.646693037037045
2138632096.856384754180908 6.647746907407416
2135267233.504321336746216 6.648801055555563
2114350222.159779310226440 6.649855518518526
2138024413.805216312408447 6.650909870370378
2135914775.492546558380127 6.651937222222230
2138514047.757103204727173 6.652991166666674
2138310627.756206274032593 6.654045185185193
2138561684.032963514328003 6.655099092592600
2134824356.383445978164673 6.656152888888896
2138451996.064099073410034 6.657206814814822
2138304367.686847448348999 6.658260851851860
2138555418.892325162887573 6.659314777777785
2135367439.082236766815186 6.660368870370379
2138530554.872263431549072 6.661422833333342
2138392789.373813867568970 6.662476833333342
2138577438.060094833374023 6.663530722222230
2135430569.219957828521729 6.664584796296304
2138488807.674737453460693 6.665638759259267
2138379506.641366243362427 6.666692759259267
2138559786.333046197891235 6.667746666666675
2135498014.687796354293823 6.668800703703712
2138497162.235771417617798 6.669854611111120
2138386717.034173727035522 6.670908592592601
2135910683.106831073760986 6.671937388888898
2138444971.537001848220825 6.672991388888898
2138327705.255020380020142 6.674045407407416
2138016758.893280744552612 6.675099574074083
2135045023.196963310241699 6.676153351851861
2138455221.126983404159546 6.677207296296305
2138292982.887662649154663 6.678261333333342
2138549348.983500480651855 6.679315240740750
2135417804.248142242431641 6.680369296296305
2097355832.342756986618042 6.681444240740750
2138290537.335979700088501 6.682498481481491
2138561307.327358961105347 6.683552370370379
2127860304.968027353286743 6.684606518518527
2138357496.749709844589233 6.685660555555565
2138385388.480865955352783 6.686714518518528
2138549362.105929374694824 6.687768333333342
2135232369.373484373092651 6.688822370370380
2138361099.885794639587402 6.689876351851861
2138332449.004690885543823 6.690930370370380
2136126786.206896543502808 6.691937314814824
2138394117.750408411026001 6.692991333333342
2138372296.501923799514771 6.694045351851861
2138496398.074287652969360 6.695099314814824
2134136902.042107582092285 6.696153055555564
2138450664.136622428894043 6.697207055555564
2138407210.879572868347168 6.698261018518528
2138548400.133541584014893 6.699314925925935
2135056483.076166152954102 6.700368666666676
2138452183.080031633377075 6.701422648148157
2138464709.293131828308105 6.702476592592602
2138492031.977510213851929 6.703530574074083
2135426774.420238971710205 6.704584648148157
2138482922.201138496398926 6.705638648148157
2138322961.505349874496460 6.706692666666675
2138637039.380041360855103 6.707746500000009
2135297155.806967258453369 6.708800629629638
2138437951.330932140350342 6.709854611111120
2138345351.043643236160278 6.710908611111120
2136225149.829922676086426 6.711937555555564
2138529606.072319746017456 6.712991518518527
2138378937.751462459564209 6.714045537037046
2138604776.213822603225708 6.715099370370379
2134924131.386091709136963 6.716153092592601
2138522781.184656620025635 6.717207000000009
2138312144.212523698806763 6.718261000000009
2138518985.784821748733521 6.719314907407417
2135156640.480835199356079 6.720368629629639
2138425805.544818639755249 6.721422666666676
2138368501.502187252044678 6.722476685185194
2138622232.375061511993408 6.723530537037046
2135378990.459792137145996 6.724584555555564
2108171479.185119628906250 6.725629925925935
2132270525.983810424804688 6.726686851851861
2137770006.323333263397217 6.727741148148158
2133962828.935811519622803 6.728795333333343
2138318411.806043624877930 6.729849407407417
2138450477.043909311294556 6.730903351851861
2136323337.212424993515015 6.731937703703712
2138292415.537869691848755 6.732991759259268
2138438330.170778036117554 6.734045759259268
2138462619.696038007736206 6.735099740740750
2135182546.655888795852661 6.736153555555564
2138392789.373813867568970 6.737207555555564
2138393738.140417337417603 6.738261555555564
2138458446.076536655426025 6.739315518518527
2135082617.177202701568604 6.740369240740749
2138286537.481772899627686 6.741423333333342
2138471729.275749444961548 6.742477296296306
2138412524.379315853118896 6.743531240740750
2135456701.628630399703979 6.744585296296306
2138329983.485013246536255 6.745639333333343
2138415180.532372951507568 6.746693314814824
2138451425.860524177551270 6.747747259259269
2135454804.195435762405396 6.748801314814824
2138384631.601138353347778 6.749855425925936
2138378557.874762773513794 6.750909425925935
2136251940.148009300231934 6.751937888888898
2138262253.610203504562378 6.752992000000010
2138396394.813591241836548 6.754046037037047
2138496784.396415233612061 6.755099925925935
2135109775.387535572052002 6.756153592592602
2138401707.749881267547607 6.757207611111120
2138411764.705882310867310 6.758261611111120
2138519169.272938251495361 6.759315574074083
2135294924.071990966796875 6.760369203703713
2138397912.750144720077515 6.761423222222231
2138421822.015285968780518 6.762477203703713
2138523158.560585021972656 6.763531129629639
2135009103.690685510635376 6.764584833333343
2138354462.403373241424561 6.765638907407417
2138407210.879572868347168 6.766692870370380
2138477043.909124612808228 6.767746814814824
2105780884.961970090866089 6.768801055555565
2138022660.202360868453979 6.769855277777787
2138181032.362345695495605 6.770909314814824
2136081867.765917301177979 6.771938074074083
2138178004.216444253921509 6.772992148148157
2138408729.112856626510620 6.774046092592601
2138454842.563958644866943 6.775100018518527
2134293126.175369501113892 6.776153666666676
2125285242.809995174407959 6.777214166666676
2138492779.593127489089966 6.778268277777787
2138473626.875637054443359 6.779322240740751
2134808857.644991397857666 6.780375944444454
2138476851.445137500762939 6.781429925925936
2138418406.072106122970581 6.782483925925936
2138574772.020452499389648 6.783537870370380
2135195114.235501050949097 6.784591574074084
2138402087.213183641433716 6.785645611111121
2138441746.464025259017944 6.786699592592603
2138501713.141110181808472 6.787753537037047
2135394602.761867761611938 6.788807574074085
2138420682.748563528060913 6.789861592592603
2138327137.285217046737671 6.790915629629640
2136463820.615457057952881 6.791938055555566
2138383112.547875642776489 6.792992092592603
1632394965.506345748901367 6.794047037037047
1492458793.811177968978882 6.795102703703714
1488524128.733372926712036 6.796158000000010
1492416853.774908781051636 6.797213703703713
1492383785.585237741470337 6.798269462962972
1492588761.600673675537109 6.799325037037046
1489036236.334602594375610 6.800380351851861
1492429854.411506652832031 6.801436092592602
1492427616.692101240158081 6.802491814814824
1492455690.429413557052612 6.803547518518528
1489322862.006633996963501 6.804602722222231
1492397565.211289882659912 6.805658407407416
1492362861.352792739868164 6.806714111111120
1492441660.965212345123291 6.807769722222231
1484446214.580226421356201 6.808825185185194
1492302673.121448040008545 6.809880962962972
1492409963.164357185363770 6.810936703703713
1487518547.113528728485107 6.811992074074083
1492269176.123905897140503 6.813047833333342
1492482738.053469896316528 6.814103462962971
1492424348.741338491439819 6.815159111111120
1489135075.373357057571411 6.816214351851861
1492276152.388970613479614 6.817270129629639
1492474554.863608360290527 6.818325777777788
1492424088.269861698150635 6.819381462962973
1489290091.607876300811768 6.820436685185195
1492333327.486713647842407 6.821492481481491
1492459660.017893791198730 6.822548092592602
1492408672.314897537231445 6.823603814814825
1489337872.698875188827515 6.824659055555566
1492346845.345634937286377 6.825714814814825
1492041213.609260082244873 6.826770740740751
1492489106.409851789474487 6.827826407407418
1488503209.512785196304321 6.828882296296307
1492282782.572089910507202 6.829938074074085
1492503315.440479993820190 6.830993740740752
1489093635.454848527908325 6.832049648148159
1492315676.851299762725830 6.833105462962973
1492470161.035680532455444 6.834161129629640
1492414699.175583124160767 6.835216870370381
1489451694.380130290985107 6.836272648148159
1492443115.242939710617065 6.837328388888900
1492464215.548695087432861 6.838384092592603
1492509262.507894039154053 6.839439722222233
1489493369.816880464553833 6.840495500000011
1492423910.755630254745483 6.841551277777789
1492469133.203515529632568 6.842606888888900
1492505131.308878421783447 6.843662500000011
1489487449.350102663040161 6.844718222222234
1492420465.507866859436035 6.845774018518530
1492376208.100191116333008 6.846829777777789
1492514077.218587398529053 6.847885462962974
1489379709.534834623336792 6.848941240740753
1492439848.437006711959839 6.849996907407419
1492487211.872434616088867 6.851052574074086
1489568749.890372037887573 6.852108333333345
1492360708.647605657577515 6.853164074074086
1492550602.599863052368164 6.854219685185197
1492437953.899589776992798 6.855275351851864
1489454535.887181520462036 6.856331129629642
1492322908.810271501541138 6.857386925925939
1492444927.815882444381714 6.858442611111124
1492449500.885949373245239 6.859498185185197
1489479714.441072702407837 6.860553944444456
1492338408.110288858413696 6.861609759259271
1492479371.316306591033936 6.862665462962974
1492373969.479038715362549 6.863721203703715
1477891398.113405942916870 6.864777388888901
1492266262.123152017593384 6.865833296296308
1492409535.838332891464233 6.866888962962975
1486340728.249986886978149 6.867943240740752
1492173007.103393793106079 6.868999074074085
1492492369.759691238403320 6.870054814814826
1492443637.511841058731079 6.871110481481493
1488986961.938687562942505 6.872165796296308
1485549250.030557394027710 6.873226333333345
1492469193.398459911346436 6.874282203703715
1492430979.738619327545166 6.875337851851864
1489142626.631121158599854 6.876393703703716
1492074461.182329893112183 6.877449685185198
1492430979.738619327545166 6.878505333333346
1492461635.617303609848022 6.879561000000013
1489422332.140601873397827 6.880616777777791
1492385595.004209995269775 6.881672481481495
1492447769.572157859802246 6.882728166666680
1492441399.877203702926636 6.883783814814828
1489475530.608664989471436 6.884839555555569
1492459136.597259998321533 6.885895240740754
1492461978.353535652160645 6.886950925925939
1489228892.827685594558716 6.888006166666680
1492302673.121448040008545 6.889061944444459
1492462663.789927959442139 6.890117666666681
1492421163.427127838134766 6.891173296296310
1489267347.583447456359863 6.892228518518532
1492357522.496448040008545 6.893284240740755
1492470161.035680532455444 6.894339907407422
1492392913.523943185806274 6.895395648148162
1488642966.132907629013062 6.896451518518533
1492328246.684908390045166 6.897507296296311
1492367683.429513454437256 6.898563055555570
1492481790.751526117324829 6.899618685185199
1489433387.119405031204224 6.900674537037052
1492406434.184675931930542 6.901730240740755
1492397649.535169124603271 6.902785981481496
1492508920.583127260208130 6.903841592592607
1489423364.961327314376831 6.904897462962977
1492408068.759866714477539 6.905953203703718
1492436745.719898939132690 6.907008907407421
1489458141.738916873931885 6.908064055555569
1492382753.297782897949219 6.909119759259273
1492483947.931651592254639 6.910175351851866
1492415479.615465641021729 6.911230981481495
1489307547.865152835845947 6.912286222222236
1492413064.833005905151367 6.913341925925939
1491741833.675240755081177 6.914398092592606
1491453321.411665678024292 6.915454370370384
1487184607.019451856613159 6.916510166666680
1492275477.455674171447754 6.917566111111125
1492070470.210638761520386 6.918621981481495
1492469717.432866334915161 6.919677777777792
1487916884.392151355743408 6.920733870370384
1491843736.849488019943237 6.921790018518532
1492236464.088397741317749 6.922845851851865
1491950405.976535797119141 6.923901833333347
1180447458.590018987655640 6.924944925925939
1489582021.215245485305786 6.926004611111125
1492402553.669145584106445 6.927060462962977
1484687390.358571290969849 6.928116092592607
1492209786.039986133575439 6.929172018518533
1492442772.193864107131958 6.930227740740755
1492518549.702678442001343 6.931283462962978
1479428736.821794033050537 6.932339148148163
1492204103.823220014572144 6.933395074074089
1492417624.050655126571655 6.934450870370386
1469346502.374984741210938 6.935507407407423
1471103358.061240434646606 6.936583314814830
1490026354.472910642623901 6.937641537037052
1492205556.335063695907593 6.938697388888905
1492444062.445184946060181 6.939753129629645
1488534874.340132474899292 6.940809037037052
1492459741.079886436462402 6.941864703703719
1492382494.299245595932007 6.942920444444460
1490274172.473867654800415 6.943940888888904
1492374657.966743707656860 6.944996666666682
1492482817.899556398391724 6.946052351851868
1492458712.699331521987915 6.947107962962979
1489040026.672749757766724 6.948163277777794
1492396442.854135751724243 6.949219055555572
1492391622.375414371490479 6.950274777777794
1492540523.472037076950073 6.951330407407424
1489012950.094756841659546 6.952385740740757
1492391966.321697950363159 6.953441481481498
1492413064.833005905151367 6.954497185185201
1492534575.307862520217896 6.955552851851868
1488969752.263316869735718 6.956608333333349
1492365100.247329473495483 6.957664055555572
1492398856.300870180130005 6.958719759259275
1492491080.355733394622803 6.959775481481498
1455407052.631579160690308 6.960831037037053
1492109548.690254926681519 6.961887222222239
1492579703.534777641296387 6.962942870370387
1487707011.510387420654297 6.963998277777795
1492361483.820047378540039 6.965054111111128
1492433643.220487594604492 6.966109851851868
1492514946.319556474685669 6.967165481481498
1489106645.841742277145386 6.968220722222239
1468071568.999413728713989 6.969294537037054
1492372676.253946065902710 6.970350462962980
1492497973.933025836944580 6.971406148148165
1488866348.448687314987183 6.972461407407424
1492316880.656703710556030 6.973517185185202
1492421673.010471582412720 6.974572944444462
1492491343.168382883071899 6.975628629629647
1489058978.363486289978027 6.976683944444462
1492417801.010384559631348 6.977739648148165
1491912261.322392463684082 6.978795814814831
1492508051.784022808074951 6.979851481481498
1489094584.634822607040405 6.980906777777794
1492383182.487897157669067 6.981962555555572
1492404539.713724374771118 6.983018259259276
1488446214.021363735198975 6.984074055555572
1492341764.602701187133789 6.985129796296313
1492449664.076341629028320 6.986185481481498
1492443637.511841058731079 6.987241148148165
1489368190.269056797027588 6.988296962962980
1492249123.053178071975708 6.989352814814832
1492437349.799147605895996 6.990408500000017
1492331690.375541448593140 6.991464259259276
1489492580.249078989028931 6.992520000000017
1492406777.877177238464355 6.993575722222239
1492411086.746776580810547 6.994631370370388
1492490658.714147806167603 6.995687018518536
1487532981.391514778137207 6.996742888888907
1505501956.723935365676880 6.997798129629648
2229589712.057061672210693 6.998852222222240
2248404182.409278392791748 6.999906018518536
2245494543.729242801666260 7.000959851851870
2248419709.696692943572998 7.002013666666684
2248482865.277143001556396 7.003067407407425
2245390162.897358894348145 7.004121240740758
2248300836.437759399414062 7.005175092592610
2248350179.236662864685059 7.006228944444462
2248542652.279357433319092 7.007282685185203
2245417681.480309963226318 7.008336518518536
2248421263.509357452392578 7.009390314814833
2248458191.276229381561279 7.010444055555573
2248467418.810628414154053 7.011497833333351
2245495492.645895957946777 7.012551666666685
2248389603.542809009552002 7.013605444444463
2248407978.209296226501465 7.014659240740759
2248635582.347668647766113 7.015712925925944
2245485054.562707901000977 7.016766759259277
2248350524.521604537963867 7.017820629629647
2248470871.483049869537354 7.018874388888907
2248478806.410797119140625 7.019928166666685
2245535187.755890846252441 7.020982037037055
2248403922.188834667205811 7.022035870370389
2248420053.771944046020508 7.023089703703723
2245041006.802242755889893 7.024143277777797
2248259176.609091281890869 7.025197185185204
2248482602.277519702911377 7.026250962962982
2248435759.098817348480225 7.027304722222242
2245140853.979968070983887 7.028358611111130
2248002846.299810409545898 7.029412611111130
2248518927.278478622436523 7.030466351851871
2248385203.409190654754639 7.031520148148167
2245480863.177872657775879 7.032573962962982
2248343536.936810493469238 7.033627814814833
2248426008.259379386901855 7.034681611111130
2248440586.229923248291016 7.035735425925944
2245095998.734777927398682 7.036789259259278
2248357080.097002506256104 7.037843074074092
2248490536.859678268432617 7.038896870370388
2246573330.729490280151367 7.039939962962981
2248292296.337948799133301 7.040993814814833
2248409792.274436950683594 7.042047555555573
2248463279.616189002990723 7.043101314814833
2245185170.862044811248779 7.044154796296314
2248300836.437759399414062 7.045208648148166
2248517371.667574405670166 7.046262407407426
2248369416.230274677276611 7.047316222222240
2245465680.244614124298096 7.048370037037055
2248420314.559353351593018 7.049423833333351
2248408582.876423358917236 7.050477611111129
2248519798.238984584808350 7.051531296296313
2245221107.381960868835449 7.052585166666684
2248400386.609261035919189 7.053638962962980
2248516686.877207756042480 7.054692685185202
2248458272.559528827667236 7.055746481481498
2138842614.331000089645386 7.057458129629646
2239270084.483392238616943 7.058516851851868
2246877196.064652442932129 7.059570925925942
2242008574.340232849121094 7.060624888888905
2248129882.452164173126221 7.061678833333350
2248379164.909320831298828 7.062732611111127
2248374160.896917819976807 7.063786425925942
2245259062.714157581329346 7.064840296296312
2207585643.077666282653809 7.065913981481497
2248415215.672493934631348 7.066967962962979
2244699091.564020633697510 7.068021870370386
2248337843.536936759948730 7.069075722222238
2248351041.209032535552979 7.070129518518534
2248487610.277318954467773 7.071183259259275
2245253918.605468750000000 7.072237111111127
2248442663.573575496673584 7.073290833333349
2228568403.308222770690918 7.074345444444460
2247160189.573459625244141 7.075400444444460
2244831254.172962665557861 7.076454407407423
2248429721.275175094604492 7.077508148148164
2248375713.909146785736084 7.078561944444460
2247497321.130570888519287 7.079616148148164
2245299314.707432746887207 7.080670037037052
2248524621.278689861297607 7.081723777777793
2248338704.858975410461426 7.082777574074089
2248388050.259203910827637 7.083831370370385
2245544281.999015808105469 7.084885222222237
2248445936.209471702575684 7.085939018518533
2248354233.297016143798828 7.086992833333348
2245104630.313257694244385 7.088046277777792
2248415569.809330940246582 7.089100074074088
2248468711.009577274322510 7.090153870370385
2248453952.801841735839844 7.091207740740755
2245441404.396647453308105 7.092261574074088
2248426874.275069236755371 7.093315314814829
2248364585.346993923187256 7.094369074074089
2248548004.428744792938232 7.095422796296311
2244406016.623029708862305 7.096476666666681
2248389688.439032077789307 7.097530500000015
2248393054.847723484039307 7.098584259259274
1613852325.193546772003174 7.099639129629645
1489587461.408925056457520 7.100694833333348
1492502026.138057947158813 7.101750481481496
1492464820.109811067581177 7.102806166666682
1492522524.735106229782104 7.103861796296311
1489647529.337473154067993 7.104917518518533
1492449321.124092340469360 7.105973185185200
1492466110.019646406173706 7.107028888888903
1489326841.080170631408691 7.108084277777793
1492427273.365141868591309 7.109139981481496
1492395411.250855207443237 7.110195703703718
1492431062.307044744491577 7.111251407407422
1489524073.456930875778198 7.112307203703718
1492481448.344823837280273 7.113362814814829
1492376122.649452686309814 7.114418518518533
1492480158.590926647186279 7.115474111111125
1489565121.296637296676636 7.116529833333348
1492461897.410707950592041 7.117585462962977
1492314039.149652481079102 7.118641240740756
1492508999.052731513977051 7.119696907407422
1489655335.718796014785767 7.120752685185201
1492429511.129821538925171 7.121808407407423
1492408328.655627250671387 7.122864111111126
1492450611.328433513641357 7.123919796296311
1489529915.279507398605347 7.124975555555570
1492466110.019646406173706 7.126031259259274
1492432696.018242359161377 7.127087000000015
1489349947.349947214126587 7.128142185185200
1492374142.619068384170532 7.129197833333349
1492125499.824623107910156 7.130253759259275
1492378705.490264892578125 7.131309500000016
1489451434.588049411773682 7.132364777777793
1492384991.843393087387085 7.133420500000016
1492419352.009402513504028 7.134476185185201
1492458189.345168352127075 7.135531870370386
1489581456.535466194152832 7.136587648148164
1492448112.545607805252075 7.137643351851867
1492400406.967565536499023 7.138699037037052
1492495737.290811538696289 7.139754703703719
1489651155.040255308151245 7.140810462962978
1492446822.320065975189209 7.141866148148163
1492410566.752618074417114 7.142921870370386
1490592661.149825811386108 7.143942314814830
1492409619.533757925033569 7.144998037037053
1492303018.609790802001953 7.146053833333349
1492513550.016663312911987 7.147109592592608
1489450799.389270305633545 7.148164796296312
1492495474.319393873214722 7.149220500000015
1492401957.688664436340332 7.150276166666682
1492533892.358430862426758 7.151331796296311
1489218068.863851785659790 7.152387018518533
1492497631.828228712081909 7.153442685185200
1492456637.664889097213745 7.154498388888904
1492563524.086874246597290 7.155553981481496
1489506393.727306127548218 7.156609703703719
1492545524.718430995941162 7.157665296296312
1492453453.084708929061890 7.158720981481497
1492485922.287518501281738 7.159776629629645
1489719127.140050649642944 7.160832333333349
1481272993.158197164535522 7.161896055555570
1492372761.868018150329590 7.162952037037052
1489050710.650991439819336 7.164007407407422
1492429250.495518207550049 7.165063166666681
1492416250.065779209136963 7.166118888888904
1492530367.355531454086304 7.167174481481497
1489427899.548988342285156 7.168229722222238
1492464739.316539049148560 7.169285351851867
1492409275.891103029251099 7.170341055555570
1492520024.559249162673950 7.171396703703719
1489440219.012688159942627 7.172451944444460
1492392654.178067684173584 7.173507722222238
1492400491.141904830932617 7.174563462962979
1492497552.760380983352661 7.175619074074090
1489446011.366028070449829 7.176674851851868
1492467399.884228706359863 7.177730574074091
1492406090.480116605758667 7.178786259259276
1492543706.692395210266113 7.179841907407424
1483430199.530104875564575 7.180898092592610
1492413491.896442651748657 7.181953870370388
1492437267.560171127319336 7.183009500000018
1489500710.713345527648926 7.184064777777795
1492427095.574693679809570 7.185120574074092
1492442429.132753372192383 7.186176277777795
1492492816.167570114135742 7.187231888888906
1489473700.837150573730469 7.188287055555572
1492512866.389517545700073 7.189342777777795
1492389727.937694072723389 7.190398500000017
1492520288.405873298645020 7.191454111111129
1488928754.430912733078003 7.192509407407425
1492509077.514076709747314 7.193565129629647
1492391103.783347845077515 7.194620925925943
1492544312.679811954498291 7.195676555555573
1488493928.120174169540405 7.196731814814832
1492483422.797600507736206 7.197787481481499
1492410910.366602420806885 7.198843222222240
1492517524.471108436584473 7.199898888888907
1489545623.574811458587646 7.200954629629647
1901771783.795174360275269 7.202009185185203
2138428272.748036384582520 7.203063203703721
2135125173.534838676452637 7.204117000000017
2138428654.261768102645874 7.205170944444461
2138409867.172675371170044 7.206224944444461
2138489000.562271833419800 7.207278870370387
2135388717.047451734542847 7.208332574074091
2138469453.376205921173096 7.209386518518535
2138455407.969639301300049 7.210440518518535
2138441558.897948026657104 7.211494444444461
2111975298.818563938140869 7.212565018518535
2136467855.137562990188599 7.213620425925942
2138194898.281859397888184 7.214674537037054
2138458446.076536655426025 7.215728500000017
2135042830.278212070465088 7.216782185185202
2138470209.962224483489990 7.217836166666683
2138441746.464025259017944 7.218890148148165
2136641940.085592269897461 7.219941648148165
2138175359.696431875228882 7.220995777777794
2138401707.899915933609009 7.222049703703720
2138403984.679714441299438 7.223103740740758
2135401655.623319387435913 7.224157388888906
2138365655.252384901046753 7.225211407407424
2117181134.127304553985596 7.226267203703721
2136286767.028108358383179 7.227322648148165
2133569380.008435249328613 7.228376425925943
2138340039.004163742065430 7.229430444444461
2137350890.755121231079102 7.230484481481499
2137812130.047599792480469 7.231538796296314
2135327757.963350057601929 7.232592814814832
2138390891.840607166290283 7.233646814814832
2138300953.987245082855225 7.234700870370387
2138512150.123873472213745 7.235754814814832
2135185445.473232746124268 7.236808833333350
2138457118.760213136672974 7.237862777777794
2138414041.499024868011475 7.238916796296312
2136585754.553339004516602 7.239941685185201
2138428272.748036384582520 7.240995703703719
2138441746.464025259017944 7.242049685185201
2138469831.675861835479736 7.243103648148164
2135453510.436432600021362 7.244157648148164
2138459394.876480340957642 7.245211611111127
2138388994.307400226593018 7.246265611111127
2138493929.544056892395020 7.247319592592609
2135551662.947801113128662 7.248373611111127
2138415750.079066753387451 7.249427574074090
2138449528.227294445037842 7.250481518518535
2138500764.324495315551758 7.251535462962979
2135577798.861479997634888 7.252589462962979
2138502090.873950242996216 7.253643425925942
2138429033.278279542922974 7.254697388888905
2138481409.895979881286621 7.255751314814831
2135544932.272176504135132 7.256805370370387
2126682417.083144187927246 7.257865111111127
2138369455.618599414825439 7.258919314814831
2136163298.565840721130371 7.259941981481497
2138369070.208728551864624 7.260995981481497
2138469639.468690633773804 7.262049981481497
2138591474.557211399078369 7.263103907407423
2135389943.074003696441650 7.264157907407423
2138430170.247904777526855 7.265211925925941
2138426375.248168230056763 7.266265944444459
2138541758.183830738067627 7.267319851851867
2135433069.206036806106567 7.268373870370385
2138407020.872865200042725 7.269427870370385
2138465466.045857906341553 7.270481851851867
2138509303.674028873443604 7.271535796296311
2135444022.770398378372192 7.272589796296311
2138428463.498198986053467 7.273643777777792
2138437572.477773666381836 7.274697740740756
2138540809.333872079849243 7.275751648148163
2135478609.202874183654785 7.276805666666681
2138458637.897104501724243 7.277859592592607
2138410436.616006374359131 7.278913574074089
2109961875.633479833602905 7.279955000000014
2137964410.560893774032593 7.281009203703718
2137823511.847259044647217 7.282063518518533
2138464330.896823406219482 7.283117444444459
2135013141.250878572463989 7.284171518518533
2138411385.399279594421387 7.285225500000014
2138364326.375711441040039 7.286279500000014
2138463190.076255559921265 7.287333462962978
2135341040.462427616119385 7.288387481481496
2138379506.641366243362427 7.289441481481496
2138324291.085420846939087 7.290495518518533
2138481787.992198705673218 7.291549462962977
2135330604.213152408599854 7.292603481481495
2104221874.890239000320435 7.293657962962977
2138098187.311178445816040 7.294712259259273
2138514425.273219347000122 7.295766222222237
2134182492.138502836227417 7.296820351851866
2138381593.281090736389160 7.297874314814830
2138341368.284198045730591 7.298928351851867
2136077909.270217180252075 7.299942351851866
2138414990.248958826065063 7.300996370370385
2138355219.003109693527222 7.302050388888903
1608134503.642587661743164 7.303105296296311
1485231190.342504024505615 7.304160703703718
1492326095.345003128051758 7.305216518518533
1492433643.220487594604492 7.306272259259273
1492493237.672566652297974 7.307327944444459
1489305583.328948020935059 7.308383666666681
1492449141.393765926361084 7.309439425925940
1492417457.505218744277954 7.310495111111125
1492550337.689676284790039 7.311550759259274
1489354227.686479330062866 7.312606629629644
1492468266.498263597488403 7.313662296296311
1492335134.186984777450562 7.314718037037052
1492461978.353535652160645 7.315773722222237
1489482713.255801677703857 7.316829444444459
1492427273.365141868591309 7.317885148148163
1492421933.378940105438232 7.318940870370385
1489209496.569513559341431 7.319996222222237
1492346242.896232128143311 7.321052000000015
1492337028.591475248336792 7.322107740740756
1492508578.646363258361816 7.323163333333349
1489366302.230489730834961 7.324218574074090
1492378790.802097797393799 7.325274370370386
1492420038.941219806671143 7.326330092592609
1492558787.410968065261841 7.327385685185202
1489131372.652180910110474 7.328441629629646
1492362430.939226627349854 7.329497462962979
1492375260.914560317993164 7.330553222222238
1492577734.114592552185059 7.331608814814831
1488888795.370857238769531 7.332664925925942
1492408756.051357507705688 7.333720703703720
1492294839.863893032073975 7.334776518518535
1492515893.621500253677368 7.335832148148164
1489346558.619237899780273 7.336887925925942
1492404195.975932836532593 7.337943611111127
1492408588.569624423980713 7.338999277777794
1489228196.399115562438965 7.340054574074090
1492332982.529993534088135 7.341110351851868
1492435029.735277175903320 7.342165962962979
1492413064.833005905151367 7.343221666666683
1489187996.841274023056030 7.344276944444460
1492373022.276793479919434 7.345332685185201
1492439326.433959007263184 7.346388425925942
1492444927.815882444381714 7.347444111111127
1489413598.230896234512329 7.348499259259275
1492341939.104812622070312 7.349555111111127
1492357006.296809673309326 7.350610907407424
1492468266.498263597488403 7.351666574074090
1489363057.548278570175171 7.352722370370387
1484804446.848985195159912 7.353783462962979
1492376981.899817466735840 7.354839314814831
1492533209.361075162887573 7.355894907407424
1489176868.839232444763184 7.356950722222239
1492482213.022733688354492 7.358006425925942
1492413668.496851444244385 7.359062111111127
1489219667.988628625869751 7.360117407407423
1492384129.656914234161377 7.361173185185201
1492441824.975003957748413 7.362228907407424
1492454481.669882535934448 7.363284648148165
1489247297.487013816833496 7.364339907407424
1492385679.956499576568604 7.365395666666683
1492446136.303833007812500 7.366451314814832
1492432956.777996063232422 7.367507018518535
1489230240.067387342453003 7.368562277777794
1492327042.480794191360474 7.369618092592609
1492364755.823744058609009 7.370673796296312
1492513920.808407068252563 7.371729370370386
1489254235.504577398300171 7.372785259259275
1492429854.411506652832031 7.373841000000016
1492388780.718833923339844 7.374896722222238
1490541655.618603229522705 7.375944333333349
1492282271.643047571182251 7.377000185185201
1492393172.888015747070312 7.378055888888905
1492440012.628920078277588 7.379111666666683
1489157126.311725616455078 7.380166962962979
1492350978.741317510604858 7.381222740740757
1492442429.132753372192383 7.382278444444460
1492036725.244659423828125 7.383334333333349
1489407602.400758266448975 7.384389555555571
1492350031.572300434112549 7.385445333333349
1492416250.065779209136963 7.386501055555572
1492452767.301113843917847 7.387556703703720
1489533171.861836671829224 7.388611814814832
1492357522.496448040008545 7.389667537037054
1492463268.313219308853149 7.390723240740757
1492494790.022103071212769 7.391778907407424
1489302837.899463415145874 7.392834722222239
1492454743.193937778472900 7.393890425925942
1492413408.409198522567749 7.394946148148165
1488854435.377730846405029 7.396001425925943
1492342799.010751962661743 7.397057222222239
1492395495.685118675231934 7.398113000000017
1492449059.781083345413208 7.399168703703721
1489099580.620821714401245 7.400224055555572
1492386023.994948387145996 7.401279833333350
1492371730.779350519180298 7.402335555555573
1492512788.127565622329712 7.403391222222240
1489322464.022463798522949 7.404446407407425
1492534839.660374641418457 7.405502037037055
1492325405.177857160568237 7.406557814814833
1492560682.081330537796021 7.407613407407426
1489320208.453966379165649 7.408668796296315
1492494790.022103071212769 7.409724462962981
1492370610.727189779281616 7.410780277777796
1492478948.845695018768311 7.411835907407426
1489379018.671907901763916 7.412891166666685
1492480056.130503416061401 7.413946907407426
1492366219.415943145751953 7.415002740740759
1489167149.249802589416504 7.416058018518537
1492296478.181563138961792 7.417113870370389
1492478263.920564174652100 7.418169462962982
1492372763.628709554672241 7.419225240740760
1488373046.635214090347290 7.420281111111130
1492337116.096328973770142 7.421336907407427
1492483080.431540966033936 7.422392555555575
1492464900.894579887390137 7.423448296296316
1489491238.225543260574341 7.424504018518538
1492306807.219406127929688 7.425559814814835
1492403332.748640537261963 7.426615555555576
1492421933.378940105438232 7.427671277777798
1486628400.063134670257568 7.428727222222243
1492282963.274755239486694 7.429783111111131
1492422110.729071617126465 7.430838740740761
1492479553.707699537277222 7.431894351851872
1489314904.141305923461914 7.432950111111131
1492055768.927237272262573 7.434006055555575
1492399803.536345720291138 7.435061759259279
1489253836.575056552886963 7.436117629629649
1492365789.058251857757568 7.437173388888908
1492401698.007297277450562 7.438229092592612
1492463872.857719421386719 7.439284777777797
1489447270.558518171310425 7.440340481481500
1492474635.138927936553955 7.441396185185203
1492430115.071568965911865 7.442451888888907
1492507367.904006719589233 7.443507518518536
1489389577.815586090087891 7.444563314814832
1492397046.184069633483887 7.445619074074092
1492408328.655627250671387 7.446674777777795
1492490921.530445814132690 7.447730388888906
1489377264.834336042404175 7.448786185185202
1480750200.188002824783325 7.449850000000017
1492306216.571679115295410 7.450906018518536
1489891203.250004529953003 7.451945333333351
1492133826.779387474060059 7.453001148148165
1492310072.623934507369995 7.454056814814832
1492329281.767955780029297 7.455112648148165
1489299169.898738384246826 7.456167851851869
1492434768.879922628402710 7.457223500000017
1492425722.254380941390991 7.458279222222240
1492479896.147638797760010 7.459334851851869
1489317291.334163427352905 7.460390722222240
1492420299.261494398117065 7.461446407407425
1492366994.685049772262573 7.462502129629647
1492432874.309271097183228 7.463557777777796
1489410018.943380117416382 7.464613555555574
1492444748.474005222320557 7.465669333333352
1492366391.861077070236206 7.466725074074093
1492548784.338490724563599 7.467780740740760
1489478529.329216957092285 7.468836444444463
1492410826.740575790405273 7.469892129629648
1492427616.692101240158081 7.470947851851871
1489257023.531682491302490 7.472003166666686
1492378705.490264892578125 7.473058907407427
1492448798.456411123275757 7.474114648148167
1492429428.481212615966797 7.475170314814834
1489251487.233482360839844 7.476225592592612
1492332035.360976457595825 7.477281370370390
1492336771.206061840057373 7.478337148148168
1492580916.793853044509888 7.479392759259279
1489299845.657359361648560 7.480448611111131
1492396617.959197998046875 7.481504296296317
1492373710.797726631164551 7.482560074074095
1492562311.416742563247681 7.483615703703724
1489046922.672277688980103 7.484671814814835
1492387918.332982301712036 7.485727592592613
1492382838.399606943130493 7.486783351851872
1492487554.160015583038330 7.487839037037057
1489390767.503858566284180 7.488894888888909
1492432956.777996063232422 7.489950592592613
1492386198.186187744140625 7.491006277777798
1489222658.991997718811035 7.492061537037057
1492355714.586402654647827 7.493117314814835
1492518129.988597393035889 7.494172962962984
1492445532.049258232116699 7.495228629629651
1488862151.869855880737305 7.496283870370392
1492327901.633018016815186 7.497339629629651
1492465162.784170627593994 7.498395333333354
1492511762.538813829421997 7.499450944444465
1489457616.416732549667358 7.500506777777798
1492442690.243132352828979 7.501562444444465
1492412804.771092653274536 7.502618185185206
1492454743.193937778472900 7.503673888888909
1489438589.721101522445679 7.504729629629650
1492466110.019646406173706 7.505785333333353
1492345898.160004138946533 7.506841092592612
1492543971.369927883148193 7.507896703703723
1489489186.297381162643433 7.508952462962982
1492397305.688575506210327 7.510008185185205
1492413064.833005905151367 7.511063888888908
1489198125.954131603240967 7.512119240740760
1492320067.353060007095337 7.513175037037056
1492457584.900364875793457 7.514230740740760
1492501420.903063058853149 7.515286407407427
1489228744.406422615051270 7.516341685185204
1492367424.973251819610596 7.517397481481501
1493446829.422398567199707 7.518452611111131
1491537719.467489957809448 7.519508407407427
1489231633.261960744857788 7.520563555555575
1492357350.826112985610962 7.521619370370390
1492392828.950830698013306 7.522675055555575
1492501342.034629821777344 7.523730666666686
1489265749.964922189712524 7.524786518518538
1492412201.154163122177124 7.525842277777797
1492348997.526706218719482 7.526898000000020
1490145765.587445259094238 7.527945851851872
1492259194.948697805404663 7.529001685185205
1492405570.854747295379639 7.530057444444464
1492460950.108764171600342 7.531113074074093
1489168898.169757843017578 7.532168388888908
1492404883.439456939697266 7.533224111111131
1492479553.707699537277222 7.534279722222242
1492107057.668022871017456 7.535335574074094
1489248096.023584604263306 7.536390870370390
1492282872.928176879882812 7.537446703703723
1492354680.839867353439331 7.538502425925945
1492464215.548695087432861 7.539558129629649
1488068913.516167402267456 7.540614203703723
1492304745.869725227355957 7.541670092592612
1492401354.219657421112061 7.542725777777797
1492449321.124092340469360 7.543781444444464
1489435196.716423034667969 7.544837203703723
1486428998.270168066024780 7.545897037037056
1492437514.251135826110840 7.546952833333353
1488983979.364438772201538 7.548008185185204
1492444062.445184946060181 7.549063925925945
1492361311.371888637542725 7.550119648148168
1492436320.258227348327637 7.551175277777797
1486847186.397852182388306 7.552230666666686
1492333672.431332826614380 7.553286481481501
1492387489.475161552429199 7.554342185185204
1492512973.456606149673462 7.555397759259278
1489290091.607876300811768 7.556452981481500
1492481950.534993886947632 7.557508722222241
1492354680.839867353439331 7.558564444444463
1492604599.757907390594482 7.559620055555574
1489151185.441272020339966 7.560675296296315
1492556968.686957120895386 7.561730944444464
1492309303.304567337036133 7.562786722222242
1492567047.926461219787598 7.563842351851871
1489339370.327471971511841 7.564897574074093
1492481528.260183334350586 7.565953240740760
1492322218.519232988357544 7.567009000000019
1489379172.370222330093384 7.568064222222241
1492336426.303695678710938 7.569119981481500
1492407381.420151710510254 7.570175685185204
1492443719.412724256515503 7.571231407407426
1489437927.766663312911987 7.572286629629648
1492385939.062253236770630 7.573342351851871
1492455086.039046525955200 7.574398074074093
1492425639.406378507614136 7.575453740740760
1489517137.291378021240234 7.576508944444464
1491280743.598737478256226 7.577564870370390
1492467319.229554891586304 7.578620537037057
1492452767.301113843917847 7.579676185185205
1489623063.834266185760498 7.580731870370390
1492450007.016559123992920 7.581787574074093
1492416937.082317352294922 7.582843333333352
1492507367.904006719589233 7.583898962962982
1489621007.209388017654419 7.584954685185204
1491768462.023984670639038 7.586010907407426
1492453795.958461999893188 7.587066611111130
1489312006.734715223312378 7.588122500000019
1492483844.939484357833862 7.589178240740759
1492407297.605473041534424 7.590233888888908
1492512446.276642322540283 7.591289537037056
1489463612.285348415374756 7.592345296296315
1492429167.836093187332153 7.593401000000019
1492381547.097000598907471 7.594456740740759
1492468004.490597963333130 7.595512444444463
1488629862.158465147018433 7.596568407407426
1262686675.187041282653809 7.597857981481500
969785132.329593896865845 7.598919444444463
1481167660.583417177200317 7.599950407407426
1901610691.845975637435913 7.601005555555574
2138260738.190186738967896 7.602059685185203
2138431876.877668380737305 7.603113740740759
2133964539.879456758499146 7.604167611111129
2138307976.106816768646240 7.605221685185203
2138213488.870539903640747 7.606275777777796
2138469831.675861835479736 7.607329740740759
2134505533.888478994369507 7.608383851851871
2138310441.153217792510986 7.609437907407426
2138329222.011385202407837 7.610491907407426
2079786444.608411550521851 7.611546018518538
1706096161.262051105499268 7.612602500000019
1460356377.390208005905151 7.613660055555575
1468763274.183525562286377 7.614732870370389
1491122156.254925489425659 7.615790259259278
1796414346.406375885009766 7.616845111111130
2137560743.562288522720337 7.617900092592611
2138154670.508248329162598 7.618954185185205
2093686273.821023941040039 7.620008537037056
1499791156.212208986282349 7.621065148148167
1492306038.338098049163818 7.622121055555574
1467200799.831614255905151 7.623176833333352
1487893161.344596862792969 7.624233462962982
1491978464.452316522598267 7.625289425925945
1468189197.244087457656860 7.626345740740759
1792866471.444352865219116 7.627401833333352
2244073186.164229393005371 7.628455462962981
2223311849.873488903045654 7.629509388888907
2247608278.912997722625732 7.630564277777796
2225809150.887732982635498 7.631600000000018
1884099105.733824253082275 7.632656111111129
1492312322.424497365951538 7.633712000000018
1492429250.495518207550049 7.634767759259277
1468474488.901357173919678 7.635823944444462
1486709447.040907382965088 7.636881888888907
1467898942.420681476593018 7.637937759259278
1491619126.018040180206299 7.638995074074092
1488500771.983999013900757 7.640050555555574
1468005016.047845363616943 7.641106425925944
1467860562.093981027603149 7.642181111111129
1463483598.365972757339478 7.643237351851869
1487809809.178363084793091 7.644294185185203
1492078000.876808643341064 7.645350203703721
1467135445.169437885284424 7.646405981481499
1491550570.062522888183594 7.647463370370388
1301817570.246146917343140 7.649004907407424
1239335016.102358818054199 7.650068703703721
1299410526.315789461135864 7.654831018518536
1484541670.301296234130859 7.655892481481499
1000265003.393871068954468 7.658129629629647
1444213806.678627967834473 7.659192722222239
1484372379.216043949127197 7.660249092592609
1491845517.193006992340088 7.661305185185202
1492345811.114229679107666 7.662360888888905
1492309046.900761365890503 7.663416703703720
1465282026.115151882171631 7.664473277777794
1491181235.553687810897827 7.665530833333349
1492260396.751618146896362 7.666586629629646
1492323855.962675333023071 7.667642425925942
1470028413.575374841690063 7.668698259259275
1492095992.985532760620117 7.669754277777794
1492379479.084451436996460 7.670810111111127
1492302929.310647249221802 7.671865851851868
1487797971.645143032073975 7.672921259259275
1492357006.296809673309326 7.673977055555572
1492351152.267704725265503 7.675032944444460
1481432871.954107761383057 7.676088555555571
1492116378.176461219787598 7.677144500000016
1492450186.832272052764893 7.678200111111127
1492362603.052096128463745 7.679255851851868
1486419606.673567295074463 7.680311425925941
1492252565.114443540573120 7.681367259259274
1491478996.018452167510986 7.682423055555571
1492422797.600252866744995 7.683478722222238
1486466459.725364446640015 7.684534666666682
1492151417.898669004440308 7.685590611111127
1492433300.005262374877930 7.686646333333349
1491533563.577076196670532 7.687702648148163
1489099605.367008686065674 7.688758481481496
1492348481.925175189971924 7.689814277777793
1492421767.275406599044800 7.690869888888904
1492386886.281113624572754 7.691925611111126
1489169692.186266899108887 7.692981444444460
1492282527.098607540130615 7.694037259259274
1492371989.404809951782227 7.695092944444459
1486258390.320883750915527 7.696149055555570
1492224498.386417865753174 7.697204907407422
1942498393.694152593612671 7.698259777777793
2138366604.002319097518921 7.699313796296311
2134552018.551702260971069 7.700367907407422
2138348577.753570795059204 7.701421925925940
2138383112.547875642776489 7.702475962962978
2138374002.881540536880493 7.703529925925941
2134275504.646791219711304 7.704584018518533
2138328086.018482446670532 7.705638055555570
2138443265.277436256408691 7.706692018518534
2138438333.538331508636475 7.707745925925941
2135417202.487614631652832 7.708800037037053
2138381024.334533929824829 7.709854018518534
2138364895.018887758255005 7.710908000000016
2136355063.799411296844482 7.711945685185201
2138374002.881540536880493 7.712999648148164
2138394307.300360202789307 7.714053629629646
2138457875.779671430587769 7.715107611111128
2135337596.626844882965088 7.716161685185202
2138344782.753834486007690 7.717215703703720
2138354458.402881383895874 7.718269685185201
2138517088.084904432296753 7.719323592592609
2134906886.858749151229858 7.720377666666683
2138474768.062974691390991 7.721431592592609
2138373814.041745662689209 7.722485592592609
2138518414.394152641296387 7.723539518518534
2135371400.460319280624390 7.724593537037053
2138353509.619608163833618 7.725647518518534
2102026891.993758916854858 7.726703870370386
2137809192.860527515411377 7.727759037037052
2132590700.697359800338745 7.728813277777793
2138302283.907238245010376 7.729867351851867
2138442695.247298717498779 7.730921333333349
2136186202.035172939300537 7.731945907407423
2138212357.043725728988647 7.733000037037052
2138452944.897385597229004 7.734053962962978
2138390702.413998842239380 7.735108000000015
2134879020.069593429565430 7.736161740740756
2138334727.151340246200562 7.737215777777793
2137798461.322279453277588 7.738270074074090
2138278555.741017341613770 7.739324055555572
2135357602.164517164230347 7.740378092592609
2138365275.142314910888672 7.741432092592609
2138494878.327330350875854 7.742486074074090
2107236341.611144781112671 7.743556166666683
2135043140.699104070663452 7.744610425925942
2138388235.914194107055664 7.745664481481498
2138432637.571157455444336 7.746718481481498
2138387286.080753564834595 7.747772444444461
2135212010.471388101577759 7.748826462962979
2138352941.176470518112183 7.749880462962979
2138450855.676986455917358 7.750934425925943
2136112038.664323568344116 7.751945981481498
2138296210.404258728027344 7.753000037037054
2138381784.001264810562134 7.754054055555572
2138441367.677548646926880 7.755108018518535
2135132552.989560127258301 7.756161685185202
2138399430.740037918090820 7.757215685185201
2138458067.576828002929688 7.758269629629646
2138409107.679333925247192 7.759323685185201
2135223830.774095773696899 7.760377722222239
2138378937.751462459564209 7.761431740740757
2138430172.898510217666626 7.762485666666683
2138396204.866906881332397 7.763539648148164
2135594447.860845088958740 7.764593629629646
2138343646.234122276306152 7.765647685185201
2138438521.277717351913452 7.766701648148165
2138434347.161457061767578 7.767755592592609
2135443074.003794908523560 7.768809592592609
2138407400.249485969543457 7.769863611111127
2138510630.073444128036499 7.770917574074090
2136280210.283738851547241 7.771946166666683
2138323342.352155447006226 7.773000203703720
2138445541.597118616104126 7.774054185185202
2138442886.510990619659424 7.775108129629646
2135114883.745452642440796 7.776161851851868
2138366792.585434436798096 7.777215833333350
2138414231.749099493026733 7.778269814814831
2138446490.380391836166382 7.779323796296313
2134773237.728686809539795 7.780377518518535
2138413282.965826272964478 7.781431500000017
2138455221.126983404159546 7.782485444444461
2138443835.327605485916138 7.783539388888905
2135448852.654882907867432 7.784593351851869
2138325426.944971561431885 7.785647351851869
2138423149.905123233795166 7.786701351851868
2138451612.903225660324097 7.787755351851868
2134982504.215851545333862 7.788809574074090
2138386907.480937242507935 7.789863611111127
2138450285.513484954833984 7.790917592592609
2108426287.176207304000854 7.791959925925942
2137917757.206344604492188 7.793014166666683
2138333210.351552486419678 7.794068222222239
2138447630.594064712524414 7.795122166666683
2134355670.374861717224121 7.796175888888905
2138342697.517524957656860 7.797229944444461
2138506079.561428308486938 7.798283870370387
1578318699.643666028976440 7.799338851851869
1484175615.919141054153442 7.800394185185202
1492308010.734770298004150 7.801449944444461
1492355714.586402654647827 7.802505722222239
1492455527.876214981079102 7.803561314814832
1489204483.266680479049683 7.804617092592610
1492393860.726188421249390 7.805672833333351
1492409275.891103029251099 7.806728537037054
1492467923.866327524185181 7.807784185185203
1489398807.226802349090576 7.808839925925944
1492387574.327761173248291 7.809895685185203
1492423401.456012487411499 7.810951333333351
1488834944.642324447631836 7.812006759259277
1492359416.934168338775635 7.813062481481500
1492365444.658831834793091 7.814118222222240
1492442086.059606790542603 7.815173907407425
1488923060.726755857467651 7.816229333333351
1492388780.718833923339844 7.817285055555574
1492394120.123491525650024 7.818340759259277
1492473345.378637790679932 7.819396444444462
1489252035.659132480621338 7.820451703703721
1492413148.339793920516968 7.821507462962980
1492322475.398621320724487 7.822563185185203
1492493763.486132383346558 7.823618796296314
1489170785.610299587249756 7.824674592592610
1492404279.950885772705078 7.825730333333351
1492414959.303957462310791 7.826786037037055
1492400491.141904830932617 7.827841777777795
1489309316.683036327362061 7.828897629629648
1492436484.827223300933838 7.829953370370388
1492426326.129666090011597 7.831009074074092
1489002526.847757577896118 7.832064407407425
1492230874.460696458816528 7.833120296296314
1492382150.186812639236450 7.834176018518536
1492374572.435931205749512 7.835231740740759
1489165400.207079410552979 7.836286981481500
1492287007.155885934829712 7.837342833333352
1492430375.749921321868896 7.838398500000019
1474808467.846802234649658 7.839466592592611
1489068025.897917270660400 7.840522018518537
1492264714.135391235351562 7.841577944444463
1492406174.355376243591309 7.842633685185204
1492464134.725023984909058 7.843689333333352
1489260165.312461614608765 7.844744574074094
1492346758.349705457687378 7.845800277777797
1492463449.292142629623413 7.846855888888908
1492423141.017769813537598 7.847911574074093
1489330854.366548061370850 7.848967370370389
1492305949.207240104675293 7.850023222222242
1492443376.368229150772095 7.851078925925945
1489153991.928408622741699 7.852134296296315
1492287864.171329498291016 7.853190092592611
1492365100.247329473495483 7.854245814814834
1492446822.320065975189209 7.855301500000019
1489383692.161920309066772 7.856356888888908
1492332982.529993534088135 7.857412666666686
1492375260.914560317993164 7.858468425925945
1492418665.029383182525635 7.859524074074094
1489076294.086681842803955 7.860579444444464
1492326352.346874237060547 7.861635222222242
1492379308.530232191085815 7.862690944444465
1492423484.423238992691040 7.863746648148168
1489185153.987891435623169 7.864801925925946
1492392569.594274520874023 7.865857648148168
1492315331.591040849685669 7.866913444444465
1490427055.560526132583618 7.867948351851872
1492445270.839180469512939 7.869004055555576
1492226552.770517826080322 7.870059814814835
1492444584.780549526214600 7.871115481481501
1489239520.642885923385620 7.872170907407427
1492378361.311371803283691 7.873226629629650
1492351925.910334587097168 7.874282407407428
1492548707.962738752365112 7.875338018518539
1489036780.963745355606079 7.876393314814835
1492395839.545367002487183 7.877449111111131
1492430719.034504652023315 7.878504796296316
1492471108.304389238357544 7.879560462962983
1489376560.965342998504639 7.880616314814835
1492456718.878812789916992 7.881672074074094
1492375778.413177490234375 7.882727759259279
1492419955.794126987457275 7.883783425925946
1489289825.841415643692017 7.884839296296317
1492342711.804946422576904 7.885895037037058
1492440273.636204242706299 7.886950777777798
1477919018.964579582214355 7.888006351851872
1492026268.719531536102295 7.889062388888909
1492025568.181818008422852 7.890118388888909
1492316535.405447959899902 7.891174148148168
1487711033.551396846771240 7.892230018518538
1492269613.259668588638306 7.893285851851871
1492425722.254380941390991 7.894341574074094
1492382494.299245595932007 7.895397314814835
1488499833.388870477676392 7.896453222222242
1492258339.471745729446411 7.897509111111130
1492415219.450584411621094 7.898564777777797
1492345553.411682128906250 7.899620518518538
1489421384.971584796905518 7.900676296296316
1492333327.486713647842407 7.901732092592613
1492439244.303331375122070 7.902787777777798
1492406694.032207250595093 7.903843444444465
1489169438.013049840927124 7.904899222222243
1492409099.679020643234253 7.905955018518539
1492448455.507025241851807 7.907010740740762
1488996578.046854496002197 7.908066018518539
1492357608.924436807632446 7.909121796296318
1492366994.685049772262573 7.910177518518540
1492435798.484423398971558 7.911233222222243
1489443877.282534360885620 7.912288944444466
1492379308.530232191085815 7.913344666666688
1492342711.804946422576904 7.914400407407429
1492437349.799147605895996 7.915456092592614
1489281053.776265621185303 7.916511907407429
1492373625.217071056365967 7.917567629629652
1492389124.714962244033813 7.918623370370392
1492483000.596470355987549 7.919678962962985
1489268690.482453823089600 7.920734907407430
1492383611.617791414260864 7.921790759259282
1492395067.358967304229736 7.922846462962985
1492458793.811177968978882 7.923902129629652
1486197506.181932926177979 7.924958074074096
1492336426.303695678710938 7.926013833333355
1492280286.952098846435547 7.927069629629652
1489061963.674651145935059 7.928124907407430
1492269358.261570930480957 7.929180777777800
1492463953.692334651947021 7.930236518518541
1492407381.420151710510254 7.931292222222244
1489303085.044811010360718 7.932348092592615
1492298372.386698484420776 7.933403944444467
1492398252.907435655593872 7.934459666666689
1485578039.325254201889038 7.935520148148171
1489120265.151515007019043 7.936576148148171
1492299230.000175476074219 7.937631944444467
1492432009.542520284652710 7.938687648148171
1492355370.016312599182129 7.939743407407430
1489000666.339342117309570 7.940799481481504
1492316623.987091064453125 7.941855296296318
1492425378.894190311431885 7.942911000000022
1490529876.710618019104004 7.943948907407429
1492340992.002244949340820 7.945004759259281
1492409879.488483905792236 7.946060444444466
1492363119.671613693237305 7.947116111111133
1489346706.681408882141113 7.948171277777799
1492405830.658317089080811 7.949227000000022
1492421673.010471582412720 7.950282759259281
1492443376.368229150772095 7.951338462962984
1489169345.704301834106445 7.955949018518540
1491826568.718550920486450 7.957005259259280
1492480318.551782369613647 7.958060962962984
1492313091.980635404586792 7.959116740740762
1488724481.021987438201904 7.960172055555577
1492348137.234266281127930 7.961227833333355
1492331690.375541448593140 7.962283592592614
1492507104.515314340591431 7.963339259259281
1488798533.127456426620483 7.964394666666688
1492464820.109811067581177 7.965450351851874
1492301469.814431667327881 7.966506166666688
1492485237.619072675704956 7.967561777777799
1488918460.809601545333862 7.968617166666689
1492414439.065459728240967 7.969672944444467
1492260742.975409507751465 7.970728759259281
1492548366.723974704742432 7.971784351851874
1488946481.838919162750244 7.972839722222244
1492475159.637920141220093 7.973895351851874
1492240599.130068778991699 7.974951203703726
1489002123.291276931762695 7.976006518518541
1492298282.847771644592285 7.977062314814837
1492481105.926107883453369 7.978117907407430
1491349821.090296745300293 7.979173685185208
1489479871.599221229553223 7.980229407407431
1492291908.579046010971069 7.981285166666690
1492471188.759669542312622 7.982340888888912
1492306461.797516107559204 7.983396666666691
1489274921.080322742462158 7.984452592592617
1492299575.542849302291870 7.985508407407432
1492340215.046219110488892 7.986564166666691
1492441481.897277593612671 7.987619870370394
1489403785.101643562316895 7.988675666666690
1492335221.791521310806274 7.989731462962987
1492385250.934095859527588 7.990787148148172
1492106210.210631608963013 7.991843055555579
1489499052.830982923507690 7.992898833333357
1492329883.888167858123779 7.993954648148172
1492404195.975932836532593 7.995010333333357
1488624320.056150197982788 7.996065703703727
1492371472.172036886215210 7.997121462962986
1492329538.877098321914673 7.998177259259283
1492472579.909476995468140 7.999232851851875
1489271282.752814769744873 8.000288740740764
1492445695.643022298812866 8.001344518518541
1492298116.384299516677856 8.002400407407430
1492460426.606791973114014 8.003456111111134
1489414290.224139690399170 8.004512000000023
1492357350.826112985610962 8.005567814814839
1492301469.814431667327881 8.006623629629654
1492506499.201852560043335 8.007679314814840
1489164772.727272510528564 8.008735314814841
1492323253.937629461288452 8.009791129629656
1492320324.147971391677856 8.010846888888915
1492496079.428842067718506 8.011902574074101
1489311608.818422555923462 8.012958444444472
1492442168.040694475173950 8.014014185185212
1492250416.542434692382812 8.015070055555583
1489212739.077031135559082 8.016125425925953
1492224338.401641607284546 8.017181370370396
1492455428.872127771377563 8.018237111111137
1492255406.471981048583984 8.019292944444471
1489310112.596022129058838 8.020348833333360
1492291742.668724536895752 8.021404685185212
1492377758.288019657135010 8.022460425925953
1492387574.327761173248291 8.023516185185212
1489156432.517758607864380 8.024572018518546
1492302595.580498218536377 8.025627944444471
1492372160.735270977020264 8.026683740740767
1492373710.797726631164551 8.027739518518544
1489469928.966061592102051 8.028795351851878
1492323342.161109685897827 8.029851222222248
1492385335.905981302261353 8.030906962962989
1490527358.942937850952148 8.031949685185211
1492150373.566242218017578 8.033005574074100
1492314473.130349397659302 8.034061425925952
1492491685.377490997314453 8.035117129629656
1482656151.750157356262207 8.036177351851878
1492337723.374778509140015 8.037233333333360
1492304311.221805334091187 8.038289148148175
1492488238.699152708053589 8.039344870370398
1489350836.577922582626343 8.040400759259287
1492385679.956499576568604 8.041456518518546
1492014555.019728422164917 8.042512537037064
1492447508.288165092468262 8.043568259259287
1489456908.344732999801636 8.044624148148175
1492426752.262681484222412 8.045679925925953
1492398596.737414360046387 8.046735666666693
1492493579.848442316055298 8.047791370370398
1486671904.319309711456299 8.048847351851879
1492367769.319816350936890 8.049903166666695
1492333929.699010610580444 8.050958944444472
1489152898.652442455291748 8.052014351851881
1492282016.205408573150635 8.053070240740769
1492454743.193937778472900 8.054125944444474
1492379996.842714548110962 8.055181703703733
1489200715.965324640274048 8.056237000000030
1427945940.899117708206177 8.057427055555586
1416000522.761925458908081 8.058702333333363
1484928389.460827112197876 8.059763629629659
1485788936.438894271850586 8.060819481481511
1492162279.701885223388672 8.061875500000030
1492423993.685872077941895 8.062931333333363
1490041550.793390989303589 8.063950166666697
1492310082.957714319229126 8.065006037037067
1492369577.800775289535522 8.066061796296326
1492385076.825931310653687 8.067117574074103
1489072361.033127307891846 8.068172981481512
1492254551.194359540939331 8.069228870370400
1492443458.279980897903442 8.070284629629660
1492363378.058405637741089 8.071340462962993
1488943628.612032175064087 8.072395962962993
1492268156.228625774383545 8.073451870370400
1492357006.296809673309326 8.074507666666696
1474225178.796802520751953 8.075564111111140
1487304399.586827754974365 8.076621870370399
1492194033.777029514312744 8.077677814814843
1492477214.523767709732056 8.078733555555583
1492463953.692334651947021 8.079789296296324
1489175638.686131238937378 8.080844703703733
1492343488.555643320083618 8.081900537037066
1492461878.453038692474365 8.082956370370400
1489085912.823752403259277 8.084011703703734
1492326095.345003128051758 8.085067518518549
1492448798.456411123275757 8.086123259259290
1492483502.604851961135864 8.087178981481513
1489378455.170478343963623 8.088234833333365
1492366563.771572828292847 8.089290685185217
1492443376.368229150772095 8.090346388888921
1492469636.905806064605713 8.091402129629662
1489409709.555212497711182 8.092457981481514
1491690713.697165250778198 8.093514296296329
1492409619.533757925033569 8.094570018518551
1492544995.263656616210938 8.095625685185217
1488111633.290078401565552 8.096681722222254
1492304055.002104759216309 8.097737574074106
1492488397.790055274963379 8.098793407407440
1492513550.016663312911987 8.099849166666699
1489489186.297381162643433 8.100904925925958
1492309135.871757507324219 8.101960796296328
1492392913.523943185806274 8.103016537037069
1525680404.586720943450928 8.104071111111143
2137806334.873425483703613 8.105125240740772
2138445728.943392038345337 8.106179277777809
2138431309.848018884658813 8.107233259259290
2135255849.905136585235596 8.108287407407438
2138396774.363569498062134 8.109341462962993
2138478178.368121385574341 8.110395462962993
2138419924.448739290237427 8.111449444444474
2135463773.717498302459717 8.112503518518549
2138415369.478899240493774 8.113557555555586
2138442503.997048139572144 8.114611574074104
2138479277.887047052383423 8.115666092592623
2135521125.770805120468140 8.116720185185216
2138416127.898805379867554 8.117774259259290
2138397912.750144720077515 8.118828277777808
2138439278.937381267547607 8.119882277777808
2135528196.479392766952515 8.120936388888920
2138424856.811553239822388 8.121990425925956
2138450093.996520996093750 8.123044444444474
2135276571.067060232162476 8.124098222222251
2138347821.503865242004395 8.125152296296326
2138459581.495862245559692 8.126206314814844
2138479697.794957399368286 8.127260296296326
2134155929.940445661544800 8.128314425925955
2138332267.584849834442139 8.129368574074103
2138510813.992304563522339 8.130422592592621
2138443452.746982336044312 8.131476611111140
2106698880.765099287033081 8.132545462962991
2138206116.390591621398926 8.133599703703732
2138448005.059822082519531 8.134653759259287
2138507967.742502212524414 8.135707777777805
2134768757.795618534088135 8.136761907407434
2138348389.817108631134033 8.137815962962989
2138405502.749617815017700 8.138869981481507
2138497724.677150249481201 8.139923962962989
2132944981.203668117523193 8.140978148148173
2138245744.101474046707153 8.142032240740766
2138467171.495335102081299 8.143086259259285
2134084707.040174484252930 8.144140000000025
2138366986.982414722442627 8.145194129629655
2138463568.479311227798462 8.146248111111136
2138474197.459280014038086 8.147302055555581
2135327160.927617788314819 8.148356129629656
2138303800.137037038803101 8.149410185185211
2138431116.264361619949341 8.150464296296322
2138472107.528770923614502 8.151518277777804
2135404005.621925592422485 8.152572351851878
2138385579.001001358032227 8.153626370370397
2138406071.572881698608398 8.154680462962990
2138544968.989932537078857 8.155734481481508
2135414441.321152687072754 8.156788555555583
2138418406.072106122970581 8.157842555555582
2138382734.267945528030396 8.158896666666694
2136551106.576123237609863 8.159949296296324
2138359586.093006134033203 8.161003388888917
2138390133.347388505935669 8.162057444444471
2138502090.873950242996216 8.163111407407435
2135224891.481995582580566 8.164165166666693
2138442503.997048139572144 8.165219185185212
2138424287.144890308380127 8.166273240740766
2138510058.859703063964844 8.167327222222248
2135341183.086710453033447 8.168380962962988
2138477229.601517915725708 8.169434962962988
2138370021.608896493911743 8.170489055555581
2138608553.556367874145508 8.171542981481508
2129160474.308300495147705 8.172597148148174
2138366226.875845432281494 8.173651240740767
2138391271.500606060028076 8.174705259259285
2138533778.441535711288452 8.175759240740767
2135358035.102514266967773 8.176813296296322
2138418594.845306634902954 8.177867351851877
2138432825.594265699386597 8.178921407407431
2136402176.066867113113403 8.179949425925949
2138472293.474823236465454 8.181003462962986
2138423338.428292989730835 8.182057518518540
2138492602.874512434005737 8.183111481481504
2135407180.893130302429199 8.184165203703726
2138445728.943392038345337 8.185219240740762
2138486717.267552137374878 8.186273240740762
2138547256.338622331619263 8.187327185185207
2135067432.909790754318237 8.188380907407430
2138436620.460654735565186 8.189434962962984
2138441555.247114181518555 8.190488981481503
2138574395.558054685592651 8.191542907407429
2135213596.837944746017456 8.192597074074095
2138317082.169398784637451 8.193651129629650
2138128515.467177391052246 8.194705333333355
2138489941.493753910064697 8.195759351851873
2134691917.151239395141602 8.196813481481502
2138435292.877472639083862 8.197867518518539
2138359774.416275978088379 8.198921574074093
2136404121.557112455368042 8.199949592592612
2138432446.677676439285278 8.201003629629648
2138448196.496652841567993 8.202057648148166
2138483870.967741966247559 8.203111648148166
2135312279.221806287765503 8.204165370370388
1949007495.041336774826050 8.205220388888907
1492425544.603080034255981 8.206276203703723
1492484449.823712110519409 8.207331925925946
1489312931.019355058670044 8.208387240740761
1492305347.527930259704590 8.209443111111131
1492308790.514943122863770 8.210498962962983
1492524838.619141340255737 8.211554666666688
1489435436.910232543945312 8.212610481481503
1492452930.136289358139038 8.213666240740762
1492454824.507551193237305 8.214722000000021
1492532680.770445346832275 8.215777666666687
1489563853.857892274856567 8.216833462962983
1492322306.801838159561157 8.217889277777799
1492419518.355462789535522 8.218945074074094
1489168497.525707960128784 8.220000370370391
1492283910.344101667404175 8.221056259259280
1492480318.551782369613647 8.222111962962984
1492420122.079561948776245 8.223167740740761
1489355327.811315536499023 8.224223000000020
1492335309.386838674545288 8.225278851851872
1477149305.077748775482178 8.226355444444465
1486463170.403509140014648 8.227415129629650
1467238808.551857709884644 8.228485722222242
1492196117.628491878509521 8.229541777777797
1492474030.416249990463257 8.230597500000020
1492405914.544306278228760 8.231653277777797
1488963398.371701240539551 8.232708685185205
1492316712.559412002563477 8.233764555555576
1492433643.220487594604492 8.234820296296316
1492330486.029502153396606 8.235876092592612
1489525097.337682723999023 8.236931981481501
1492418227.741528034210205 8.237987759259278
1492368027.783624410629272 8.239043537037055
1489007668.146484375000000 8.240098888888907
1492349773.739783287048340 8.241154703703723
1492370180.670057773590088 8.242210444444463
1492408756.051357507705688 8.243266222222241
1489397662.665824413299561 8.244321555555574
1491598064.651847839355469 8.245377925925945
1492418831.453578948974609 8.246433685185204
1492482817.899556398391724 8.247489370370390
1489371040.485759019851685 8.248544611111130
1492425887.924230575561523 8.249600444444464
1492410046.831424474716187 8.250656240740760
1492464558.227648258209229 8.251711962962982
1489439511.458954811096191 8.252767259259279
1492457061.671226978302002 8.253823037037057
1492382320.441988945007324 8.254878870370391
1492452930.136289358139038 8.255934629629650
1489536780.439892053604126 8.256990444444465
1492450431.488107681274414 8.258046222222243
1492422359.812674522399902 8.259102018518538
1489473625.100901842117310 8.260157314814835
1492367596.765990495681763 8.261213222222242
1492462059.287844181060791 8.262268962962983
1492370007.892659902572632 8.263324796296317
1488803830.772468805313110 8.264380574074094
1492350807.653857469558716 8.265436444444465
1492414782.593443632125854 8.266492240740760
1492464820.109811067581177 8.267547925925946
1489469772.173211336135864 8.268603796296317
1492411253.968532323837280 8.269659555555576
1492458613.250074386596680 8.270715314814835
1492418487.984564065933228 8.271771055555575
1489444752.350217342376709 8.272826907407428
1492417363.851618051528931 8.273882740740762
1492422016.417596101760864 8.274938518518539
1490081250.000000000000000 8.275951851851872
1492311710.637103557586670 8.277007555555576
1492378187.813519477844238 8.278063370370392
1492434590.422732830047607 8.279119111111132
1489297800.694517374038696 8.280175000000021
1492496500.675308227539062 8.281230759259280
1492459903.178278207778931 8.282286537037058
1492510708.459770917892456 8.283342296296317
1489519097.892041683197021 8.284398259259280
1492369922.121658563613892 8.285454037037058
1492465848.096825122833252 8.286509777777798
1492520630.131218910217285 8.287565407407428
1489502920.181700229644775 8.288621277777798
1492461797.516312122344971 8.289677055555575
1492443719.412724256515503 8.290732777777798
1492476449.434260129928589 8.291788425925946
1489578615.028414964675903 8.292844203703723
1492426408.938625812530518 8.293899962962982
1492513129.966495513916016 8.294955648148168
1483967368.421052694320679 8.296011203703724
1492278573.808730602264404 8.297067111111131
1492554809.058536767959595 8.298122796296317
1492448194.208135128021240 8.299178555555576
1489378058.405682802200317 8.300234388888910
1492285548.930200099945068 8.301290314814835
1492529916.329000711441040 8.302346037037058
1492378876.104953050613403 8.303401888888910
1466126935.147360324859619 8.304458129629651
1492361053.628424167633057 8.305514092592615
1492299319.489266157150269 8.306569944444467
1492500210.496772527694702 8.307625648148171
1489234050.015783309936523 8.308681611111135
1492471873.848906278610229 8.309737370370394
1492376552.304777860641479 8.310793148148171
1492548784.338490724563599 8.311848814814837
1489407815.350077152252197 8.312904666666689
1492424171.198035478591919 8.313960407407430
1492356317.201943397521973 8.315016166666689
1489145719.649781465530396 8.316071592592616
1492268247.343130588531494 8.317127555555579
1492433904.013471841812134 8.318183259259284
1492488843.671063661575317 8.319238962962988
1489371121.906733036041260 8.320294870370395
1492322997.053458690643311 8.321350722222247
1492489106.409851789474487 8.322406388888913
1492449222.997860193252563 8.323462203703729
1481629888.146299839019775 8.324523444444470
1492345125.138116598129272 8.325579314814840
1492446561.069304943084717 8.326635037037063
1492462744.685329198837280 8.327690814814840
1489384137.785884618759155 8.328746666666692
1492418831.453578948974609 8.329802425925951
1492424775.035520792007446 8.330858148148174
1492425118.400280714035034 8.331913888888915
1489537803.188410997390747 8.332969796296322
1492459298.756424188613892 8.334025592592617
1492372504.998772382736206 8.335081407407433
1489183365.502719879150391 8.336136777777803
1492318951.909923076629639 8.337192666666692
1492417197.284639358520508 8.338248388888914
1492462925.605627536773682 8.339304074074100
1489315375.706313848495483 8.340359370370397
1492308534.147111415863037 8.341415259259286
1492340559.882129907608032 8.342471037037063
1492420122.079561948776245 8.343526814814840
1489387221.803258657455444 8.344582722222247
1492483765.151648044586182 8.345638407407433
1491975240.667028903961182 8.346694500000027
1492399284.361186981201172 8.347750277777804
1489324470.324119567871094 8.348806129629656
1492417280.572510957717896 8.349861907407433
1492428386.010453701019287 8.350917722222249
1490473266.865949630737305 8.351952296296323
1492367166.535122394561768 8.353008129629657
1492479633.722766160964966 8.354063796296323
1492514946.319556474685669 8.355119425925952
1489200673.766953706741333 8.356174851851879
1492445173.284692049026489 8.357230703703731
1492374313.728929519653320 8.358286462962990
1492396961.829918622970581 8.359342166666694
1489207601.466949939727783 8.360397518518546
1492485397.042572259902954 8.361453240740769
1492452668.689597129821777 8.362509037037064
1492454743.193937778472900 8.363564740740768
1489510891.297484874725342 8.364620629629657
1492352357.233057260513306 8.365676481481509
1492445352.651242733001709 8.366732240740768
1492537758.520883560180664 8.367787925925954
1489553275.453827857971191 8.368843759259288
1492335824.037044763565063 8.369899537037066
1492328936.752376794815063 8.370955351851881
1489277321.541377305984497 8.372010685185215
1492382579.411713123321533 8.373066481481510
1492413668.496851444244385 8.374122166666696
1492354422.830681800842285 8.375177925925955
1489334175.615919351577759 8.376233259259289
1492323599.052880764007568 8.377289092592623
1492445352.651242733001709 8.378344851851882
1492507183.076356410980225 8.379400574074104
1489374613.980909585952759 8.380455981481512
1492355456.554530620574951 8.381511796296328
1492409359.597270727157593 8.382567555555587
1492380599.894755363464355 8.383623296296328
1489356764.344621896743774 8.384678666666698
1492422963.586613178253174 8.385734444444475
1492447426.586675167083740 8.386790111111141
1492508130.295216560363770 8.387845833333364
1489340266.573132276535034 8.388901759259289
1492441824.975003957748413 8.389957481481511
1492400834.926593065261841 8.391013240740770
1489281209.973154544830322 8.392068666666697
1492358986.951031208038330 8.393124518518549
1492491685.377490997314453 8.394180222222253
1492417540.782318830490112 8.395235962962994
1488918460.809601545333862 8.396291351851882
1491989198.856761932373047 8.397347481481512
1492432613.538688421249390 8.398403166666698
1492448716.824249744415283 8.399458851851884
1489297371.284174919128418 8.400514148148181
1492421329.591299772262573 8.401569888888922
1492384732.770868778228760 8.402625648148181
1492545336.537618398666382 8.403681333333367
1489286150.498385429382324 8.404736592592625
1492396702.332923889160156 8.405792333333366
1492461031.101443767547607 8.406848018518552
1492584439.961406707763672 8.407903666666700
1783996488.887328147888184 8.408958518518551
2138476280.834914445877075 8.410012518518551
2138377609.108159303665161 8.411066518518551
2135215479.517055988311768 8.412120240740773
2138272874.209416866302490 8.413174314814848
2138519924.098671674728394 8.414228314814848
2138352184.683497667312622 8.415282370370402
2135229279.437609910964966 8.416336074074106
2138277999.332408189773560 8.417390166666699
2138562618.595825433731079 8.418444166666699
2138514802.776069641113281 8.419498148148181
2126918978.601097106933594 8.420554796296329
2138253913.043478488922119 8.421608962962996
2138366984.082363843917847 8.422663000000032
2138470402.192820787429810 8.423716944444477
2135285626.416884899139404 8.424770703703736
2138420682.748563528060913 8.425824722222254
2137391026.429010629653931 8.426879259259291
2137919135.856678485870361 8.427933611111143
2134775654.312313318252563 8.428987870370403
2138313668.306395053863525 8.430041944444477
2138501519.810243368148804 8.431095925925959
2134250650.172207832336426 8.432149777777811
2137094272.013490200042725 8.433204055555588
2138406640.899508237838745 8.434258129629663
2138088290.060780763626099 8.435312314814848
2134680860.033726692199707 8.436366537037070
2138336062.117911338806152 8.437420685185218
2068057802.862185239791870 8.438480481481514
1971194844.930694103240967 8.439678870370404
2095452718.903687477111816 8.440736962962996
2137686890.859601497650146 8.441791500000033
2138255625.625801563262939 8.442845703703737
2138617666.180527448654175 8.443899611111144
2134415760.535422563552856 8.444953814814848
2138443074.003794908523560 8.446007814814848
2138396584.740254163742065 8.447061907407441
2132085228.271184206008911 8.448115722222257
2138146154.656923055648804 8.449169907407441
2108503800.979651927947998 8.450224703703737
2137615372.466438531875610 8.451279981481516
2133880821.460569381713867 8.452334111111146
2138398102.600140571594238 8.453388185185220
2138486717.267552137374878 8.454442185185220
2138466414.829131126403809 8.455496166666702
2134917322.557976245880127 8.456550240740777
2138358065.252912044525146 8.457604259259295
2138384630.251067161560059 8.458658277777813
2138526188.175349235534668 8.459712259259295
2135477486.340717792510986 8.460766351851888
2138475139.674619436264038 8.461820388888924
2138380266.348079442977905 8.462874425925961
2138579320.038654088973999 8.463928407407442
2135158216.506798744201660 8.464982518518553
2138456165.009311437606812 8.466036555555590
2138521821.631878376007080 8.467090555555590
2135129481.231547832489014 8.468144333333367
2138386907.480937242507935 8.469198370370403
2138431495.177695989608765 8.470252500000033
2138461670.912764549255371 8.471306481481514
2135175881.515838384628296 8.472360537037069
2138354270.253175497055054 8.473414555555587
2138533778.441535711288452 8.474468537037069
2138371916.508538722991943 8.475522537037069
2135460496.495019435882568 8.476576592592624
2138447817.836812019348145 8.477630592592623
2138555223.670801639556885 8.478684555555587
2138522015.672769546508789 8.479738518518550
2135355023.452734231948853 8.480792648148180
2138494500.474400043487549 8.481846611111143
2138439466.610446691513062 8.482900666666698
2136318409.186980485916138 8.483952074074105
2138413472.012368440628052 8.485006111111142
2086730404.551201105117798 8.486060777777809
2138080400.421496391296387 8.487115222222252
2134858011.457491397857666 8.488169037037068
2138316895.346181631088257 8.489223129629661
2138398481.973434448242188 8.490277129629661
2138344214.483994245529175 8.491331166666697
2135050278.544189214706421 8.492384925925956
2138302097.607251882553101 8.493439037037067
2138443261.476835727691650 8.494493092592622
2138398292.280122041702271 8.495547129629658
2110379147.418895959854126 8.496601444444472
2138157356.661045551300049 8.497655666666695
2137601243.479635238647461 8.498710055555584
2138501713.141110181808472 8.499764000000029
2134831368.691038608551025 8.500818129629659
2138380266.348079442977905 8.501872166666695
2138383681.501133203506470 8.502926185185213
2136355018.050541400909424 8.503952111111140
2138422010.611757040023804 8.505006148148176
2138348389.817108631134033 8.506060203703731
2138466036.476086854934692 8.507114166666694
2134993778.996204137802124 8.508167944444471
2138546684.471307754516602 8.509221907407435
1586823913.501368999481201 8.510276944444472
1492519077.273923158645630 8.511332592592620
1488868378.108056068420410 8.512387944444471
1492449647.479743003845215 8.513443833333360
1492353820.248368740081787 8.514499611111138
1492471531.310296297073364 8.515555351851878
1464248041.460769176483154 8.516630888888916
1492385590.767989635467529 8.517686796296323
1492370955.011838912963867 8.518742629629656
1492450349.944745540618896 8.519798351851879
1489125979.970885753631592 8.520854222222249
1492437171.121868848800659 8.521910000000027
1492381891.213976144790649 8.522965759259286
1489162519.740305423736572 8.524021129629656
1492365875.048233747482300 8.525076944444471
1492436306.235201358795166 8.526132777777805
1492421756.059915065765381 8.527188592592621
1489155340.316892147064209 8.528243981481509
1492318695.194668531417847 8.529299907407434
1492373022.276793479919434 8.530355648148175
1492426752.262681484222412 8.531411425925953
1489253882.191925048828125 8.532466814814841
1492381029.220893144607544 8.533522629629656
1492375949.344886302947998 8.534578425925952
1492441563.908719301223755 8.535634185185211
1489296907.614320039749146 8.536689944444470
1492315854.086285591125488 8.537745870370395
1492495816.450034141540527 8.538801592592618
1492369319.278059482574463 8.539857388888914
1489390459.487899065017700 8.540913314814839
1492412024.694822549819946 8.541969166666691
1492472216.375499725341797 8.543024944444468
1483424024.982894420623779 8.544080481481505
1492227619.465147018432617 8.545136500000023
1492357953.449213504791260 8.546192296296319
1492446038.622770309448242 8.547248092592614
1489107562.730303525924683 8.548303462962984
1491887996.633586883544922 8.549359648148169
1492354767.417385578155518 8.550415425925946
1492409703.220374584197998 8.551471203703723
1489103484.577324151992798 8.552526648148168
1492440698.775739431381226 8.553582462962984
1492344693.315559625625610 8.554638259259280
1492501236.603462457656860 8.555694018518539
1489282856.641515970230103 8.556749388888909
1492450774.384789466857910 8.557805185185204
1492387315.173732519149780 8.558860981481500
1492499000.175407886505127 8.559916722222241
1489278460.809933900833130 8.560972592592611
1492459379.823207378387451 8.562028444444463
1492393945.240559339523315 8.563084240740759
1488938625.118433713912964 8.564139685185204
1492299575.542849302291870 8.565195500000019
1492484449.823712110519409 8.566251222222242
1492313180.741909980773926 8.567307055555576
1489242511.975574970245361 8.568362444444464
1492344090.925035953521729 8.569418259259280
1492468165.713684320449829 8.570474074074095
1492400315.706393003463745 8.571529907407429
1489295023.862998247146606 8.572585314814837
1492426835.043409585952759 8.573641148148171
1492405570.854747295379639 8.574696907407430
1492391103.783347845077515 8.575752703703726
1489212339.223358869552612 8.576808055555578
1492385764.899849176406860 8.577863870370393
1492444666.631584405899048 8.578919592592616
1490479066.354019403457642 8.579954166666690
1492365616.669005155563354 8.581010018518542
1492397474.348855495452881 8.582065851851876
1492478424.080830812454224 8.583121555555580
1489244258.066780090332031 8.584176981481507
1492409183.387119293212891 8.585232833333359
1492395839.545367002487183 8.586288629629655
1491433893.429683923721313 8.587344444444470
1489509077.195628881454468 8.588400203703729
1492362086.505069017410278 8.589456018518545
1492420205.209155559539795 8.590511851851879
1492472135.978529691696167 8.591567574074102
1489572538.632895231246948 8.592623333333361
1492415989.896686553955078 8.593679092592620
1492468004.490597963333130 8.594734796296324
1492501499.763195276260376 8.595790518518546
1488638640.429337978363037 8.596846407407435
1492468427.699431657791138 8.597902185185212
1492464215.548695087432861 8.598957888888917
1488756567.056800603866577 8.600013240740768
1492286751.552141189575195 8.601069129629657
1492464477.423429250717163 8.602124796296323
1492401866.208299875259399 8.603180611111139
1489273824.138051986694336 8.604236574074102
1492356748.224151611328125 8.605292407407436
1492426408.938625812530518 8.606348166666695
1492428646.600715398788452 8.607403944444473
1489330796.211855649948120 8.608459870370398
1492366477.820847988128662 8.609515666666693
1492325662.164532423019409 8.610571407407434
1492491080.355733394622803 8.611627129629657
1473604227.772089004516602 8.612694148148176
1492443017.994317531585693 8.613750037037065
1492393341.986178874969482 8.614805851851880
1492550337.689676284790039 8.615861500000028
1489666210.670314550399780 8.616917388888917
1492433464.877663850784302 8.617973222222250
1492415386.234476804733276 8.619029000000028
1489493524.725371122360229 8.620084296296325
1492293982.496448278427124 8.621140166666695
1492472740.667976379394531 8.622195870370399
1492392310.255915403366089 8.623251629629658
1489505366.914550304412842 8.624307481481511
1492340302.381871223449707 8.625363296296326
1492456800.084189891815186 8.626419111111142
1492334619.567123889923096 8.627474925925958
1489095816.890291929244995 8.628530759259291
1492389897.395422220230103 8.629586592592625
1492442854.135971307754517 8.630642370370403
1492405570.854747295379639 8.631698129629662
1489585245.211534261703491 8.632753907407439
1492414782.593443632125854 8.633809703703735
1492463953.692334651947021 8.634865444444475
1492441220.838449239730835 8.635921185185216
1489598898.496834278106689 8.636976981481512
1492385764.899849176406860 8.638032796296327
1492397046.184069633483887 8.639088555555587
1489264055.590650796890259 8.640143888888920
1492361828.258734464645386 8.641199740740772
1492419435.186809301376343 8.642255481481513
1492394892.392963171005249 8.643311277777808
1489590767.179991006851196 8.644367092592624
1492352270.534790515899658 8.645422888888920
1492430540.938749551773071 8.646478666666697
1492497026.680933952331543 8.647534351851883
1489548539.857932090759277 8.648590185185217
1492406258.221809148788452 8.649645981481513
1491908011.713338851928711 8.650702074074106
1492470926.663275480270386 8.651757833333365
1487987898.982813119888306 8.652813759259290
1492404363.917001485824585 8.653869555555586
1492366477.820847988128662 8.654925351851881
1490386789.228472232818604 8.655954814814844
1492340904.705944299697876 8.657010611111140
1488844048.577328205108643 8.658068870370400
1191220256.870501756668091 8.659131518518548
1481039735.793667554855347 8.660191296296325
1491866107.906226396560669 8.661247425925955
1492439930.537283658981323 8.662303148148178
1492390675.156554222106934 8.663358870370400
1487582616.933927536010742 8.664414388888918
1492213227.169890880584717 8.665470296296325
1492355628.058727502822876 8.666526018518548
1492256699.873719692230225 8.667581870370400
1482048502.490005016326904 8.668637944444473
1492322395.075152873992920 8.669693814814844
1467636796.850719928741455 8.670766370370400
1465181767.200588703155518 8.671823074074103
1495001839.491249084472656 8.672880129629659
2140830085.326029777526855 8.673934907407437
2124044852.334742784500122 8.674990222222252
2105889204.545454502105713 8.676046222222253
2137492022.817025184631348 8.677101314814845
2113170970.802150249481201 8.678155425925956
2137705500.368563175201416 8.679210574074105
2133826462.836056947708130 8.680264462962993
2112733044.073989629745483 8.681318666666698
2137539487.539487361907959 8.682373851851883
2113860927.617709159851074 8.683427925925958
1536821610.815929412841797 8.684483981481513
1492189741.341516971588135 8.685540000000032
1467907909.277482509613037 8.686595722222254
1491652585.119798183441162 8.687653055555588
1486940440.080652236938477 8.688709259259291
1467648063.102541685104370 8.689765740740771
1709381497.519328117370605 8.690822055555586
2138375524.831790208816528 8.691876185185215
2109847180.982834577560425 8.692930203703733
1716895604.010376453399658 8.693986722222252
1492388691.092130422592163 8.695042592592623
1463600315.706393003463745 8.696098425925957
1492830558.379193067550659 8.697155055555587
1491462894.427586793899536 8.698210851851883
1467410619.375888109207153 8.699266574074105
1487863242.173128366470337 8.700323592592623
1467223808.354670047760010 8.701379555555587
1491608530.457164049148560 8.702437203703735
1492253950.437573671340942 8.703493111111142
1464231206.370365142822266 8.704548925925957
1491460847.644556522369385 8.705606759259291
2089839533.699678659439087 8.706661555555588
1975702122.157391786575317 8.707807314814847
1789548027.267093658447266 8.708883092592625
1918962127.967225074768066 8.711956796296329
1984883880.797123670578003 8.713476148148182
1296878088.765894889831543 8.716119388888922
2090198648.837860345840454 8.717177462962995
2137344102.825235843658447 8.718232111111144
2138266615.133254766464233 8.719286203703737
2132434515.233510255813599 8.720340166666700
2138363000.702740669250488 8.721394240740775
2138270606.422598361968994 8.722448388888923
2114726688.328795909881592 8.723502740740775
2124890760.726506948471069 8.724558018518554
2137871324.691748380661011 8.725612351851888
2087352380.309499025344849 8.726709703703740
2132262088.297126770019531 8.727766740740778
2131900989.055390596389771 8.728820870370408
2138214270.657672882080078 8.729875092592630
2138242331.611679077148438 8.730929203703742
2135744390.243902206420898 8.731954203703742
2138353701.816648244857788 8.733008240740778
2138320122.272583484649658 8.734062351851890
2138553884.535647630691528 8.735116388888926
2127629983.658694982528687 8.736170296296333
2138284072.941920518875122 8.737224407407444
2138324484.812283754348755 8.738278500000037
2138470588.235294103622437 8.739332500000037
2133736372.263030529022217 8.740386314814852
2138440227.703984737396240 8.741440314814852
2138293745.607870817184448 8.742494388888927
2138475524.475524663925171 8.743548351851890
2133946053.278976678848267 8.744602203703742
2138454459.203036069869995 8.745656203703742
2138245177.611468315124512 8.746710314814854
2138496969.058036088943481 8.747764259259299
2133796559.540334701538086 8.748818166666705
2137417146.872803926467896 8.749872240740780
2138297168.154029846191406 8.750926388888928
2135636969.522300004959106 8.751954462963003
2138287671.954883337020874 8.753008518518557
2138244979.708006381988525 8.754062574074112
2137467741.935483694076538 8.755116574074112
2133738446.134658813476562 8.756170814814853
2138348389.817108631134033 8.757224870370408
2138273255.916094303131104 8.758278962963001
2138480240.278216838836670 8.759333296296335
2135247826.010575532913208 8.760387425925964
2138387097.907626390457153 8.761441518518557
2138327137.285217046737671 8.762495555555594
2138524484.739866256713867 8.763549500000039
2135397796.946645259857178 8.764603592592632
2138380266.348079442977905 8.765657629629668
2138330932.218278646469116 8.766711666666705
2138435674.877886056900024 8.767765629629668
2135362962.442469358444214 8.768819814814853
2138416508.538899421691895 8.769873814814853
2138296591.707659959793091 8.770927888888927
2136202745.855057716369629 8.771954351851891
2138460530.245796442031860 8.773008370370409
2138256561.610625028610229 8.774062481481520
2138494122.608191490173340 8.775116425925965
2135279565.736771583557129 8.776170574074113
2138375522.681752443313599 8.777224611111150
2138213871.613787174224854 8.778278722222261
2138512721.394433736801147 8.779332648148188
2135336565.826920986175537 8.780386759259299
2138387665.817447185516357 8.781440740740781
2138264902.756548881530762 8.782494796296335
2138532646.893449783325195 8.783548722222262
2134934771.533474922180176 8.784602851851892
2138441746.464025259017944 8.785656833333373
2138250672.007589817047119 8.786710888888928
2138530177.639555215835571 8.787764833333373
2135517419.490855693817139 8.788818888888928
2138389943.074003696441650 8.789872888888928
2138284258.608573436737061 8.790926962963002
2130062211.360491514205933 8.791957500000040
2138011453.465903282165527 8.793011685185224
2138244413.211524963378906 8.794065759259299
2138532817.990161657333374 8.795119833333374
2133995994.940978050231934 8.796174055555596
2138463754.875434637069702 8.797228092592633
2138268512.499780416488647 8.798282185185226
2138504366.160063266754150 8.799336166666707
2135348465.416981458663940 8.800390259259300
2138489756.474681138992310 8.801444222222264
2137754886.980346441268921 8.802498611111153
2138410626.746086359024048 8.803552555555598
2135307672.036682367324829 8.804606648148191
2138409486.166007995605469 8.805660814814857
2138279896.698933601379395 8.806714907407450
2138541368.707721948623657 8.807768888888932
2100583671.706263542175293 8.808840648148191
2138331125.595123052597046 8.809894740740784
2138238154.635371923446655 8.810948833333377
2135968185.584092617034912 8.811954666666711
2137919957.835558891296387 8.813008740740786
2138313855.019501447677612 8.814062777777822
2138502468.593516588211060 8.815116759259304
2105844399.543178319931030 8.816170740740786
2138093417.886064767837524 8.817224944444490
2138215952.213633298873901 8.818279018518565
2138451612.903225660324097 8.819333018518565
2135094144.721817016601562 8.820387148148194
2138347441.100511312484741 8.821441203703749
2138391271.500606060028076 8.822495222222267
2138615571.134890317916870 8.823549166666712
2135406936.294317960739136 8.824603203703749
2138366604.002319097518921 8.825657222222267
2138381215.081344842910767 8.826711259259303
2138463946.869070053100586 8.827765259259303
2135309488.256065130233765 8.828819388888933
2138451421.342984437942505 8.829873425925969
2138350475.253439188003540 8.830927444444487
2136267137.732754230499268 8.831954796296339
2138384061.281141042709351 8.833008833333375
2138274586.275956630706787 8.834062944444486
2138434344.144207239151001 8.835116981481523
2134894004.357911109924316 8.836170833333375
2138433774.310863018035889 8.837224888888930
2138327898.805341005325317 8.838278962963004
2138532646.893449783325195 8.839332888888931
2135316291.572234392166138 8.840386944444486
2138357876.983081340789795 8.841441000000041
2138390133.347388505935669 8.842495055555595
2138523913.272657155990601 8.843549018518559
2135376409.823969602584839 8.844603129629670
2138418025.298664808273315 8.845657203703745
2138341748.800927877426147 8.846711259259299
2138382732.751199007034302 8.847765277777818
2135388826.423049926757812 8.848819351851892
2138316701.219297647476196 8.849873388888929
2138395066.500342369079590 8.850927407407447
2135171497.018931150436401 8.851955500000040
2137475656.877897739410400 8.853009870370411
2138326001.405481576919556 8.854063944444485
2138455978.213124752044678 8.855117925925967
2134935823.990440607070923 8.856171740740782
2138375522.681752443313599 8.857225777777819
2138420682.748563528060913 8.858279796296337
2138461478.995730400085449 8.859333814814855
2135348382.903219938278198 8.860387944444485
2138432067.747772932052612 8.861441962963003
2138436620.460654735565186 8.862496018518558
2138480453.994412899017334 8.863550037037076
2135267747.659118413925171 8.864604166666705
2138482166.075130939483643 8.865658129629669
2138283124.275324106216431 8.866712240740780
2138521066.872825622558594 8.867766203703743
2135333286.484777212142944 8.868820296296336
2138466793.168880462646484 8.869874296296336
2138256364.307173490524292 8.870928351851891
2136386140.221136093139648 8.871955037037075
2137961139.122643709182739 8.873009129629668
2138430170.247904777526855 8.874063148148187
2138496775.893876791000366 8.875117129629668
2135030207.180136203765869 8.876170962963002
2138455594.792600154876709 8.877225018518557
2138261489.810260057449341 8.878279092592631
2138473434.535104274749756 8.879333092592631
2135254903.339191675186157 8.880386796296335
2138482544.144777297973633 8.881440777777817
2138401138.479918241500854 8.882494814814853
2138418406.072106122970581 8.883548814814853
2135270079.404117584228516 8.884602962963001
2138491268.140131235122681 8.885657000000037
2138362809.002582550048828 8.886711018518556
2138495827.110603570938110 8.887765000000037
2135370801.124385118484497 8.888819074074112
2138485575.740538835525513 8.889873111111148
2138324104.005621910095215 8.890927185185223
2136340226.241083621978760 8.891955259259298
2138371727.748690843582153 8.893009296296334
2138340039.004163742065430 8.894063314814852
2138506070.242633819580078 8.895117333333371
2134509304.981987237930298 8.896171129629668
2138366415.432456731796265 8.897225185185222
2138430549.211145639419556 8.898279222222259
2138519169.272938251495361 8.899333185185222
2135089698.077396154403687 8.900386925925963
2138420113.145226240158081 8.901440962962999
2138274204.599357128143311 8.902495055555592
2138108210.659452676773071 8.903549240740777
2128184008.685601949691772 8.904606759259295
2138353325.603457212448120 8.905660870370406
2138341368.284198045730591 8.906714907407443
2138457875.779671430587769 8.907768888888924
2133048848.606207609176636 8.908823166666702
1520855317.655317544937134 8.909878351851887
1492324891.258594036102295 8.910934203703739
1489236414.961185693740845 8.911957592592628
1480121120.735000133514404 8.913013777777813
1491974751.459681272506714 8.914069944444480
1492451297.163605690002441 8.915125666666702
1485217894.736842155456543 8.916181222222258
1492301213.694401502609253 8.917237074074110
1492276934.949225664138794 8.918292944444481
1492479896.147638797760010 8.919348574074110
1487555840.190900564193726 8.920404000000037
1492359245.097695350646973 8.921459814814853
1492295876.668361902236938 8.922515685185223
1492501420.903063058853149 8.923571351851889
1489110549.589387416839600 8.924626685185222
1492312835.443926095962524 8.925682500000038
1492328679.668864965438843 8.926738351851890
1492441138.807514905929565 8.927794037037076
1489269388.614121675491333 8.928849925925965
1492382579.411713123321533 8.929905722222260
1492368889.122770071029663 8.930961444444483
1489008456.437067985534668 8.932016962963001
1492376981.899817466735840 8.933072814814853
1492365530.668444156646729 8.934128611111149
1492408328.655627250671387 8.935184314814853
1489228196.399115562438965 8.936239611111150
1492343056.603111505508423 8.937295370370409
1492445695.643022298812866 8.938351148148186
1492440273.636204242706299 8.939406888888927
1489227796.788628578186035 8.940462166666705
1492374399.270354747772217 8.941517981481521
1492427012.804770946502686 8.942573722222262
1492488318.248789548873901 8.943629500000039
1458788293.504579544067383 8.944684944444484
1492172984.535540103912354 8.945741129629669
1492374399.270354747772217 8.946796944444484
1492355111.992002010345459 8.947852740740780
1488997842.899984359741211 8.948908685185224
1492406342.079416275024414 8.949964537037076
1492299063.453646183013916 8.951020425925964
1488856872.137705802917480 8.952075814814853
1492303798.800378799438477 8.953131703703741
1493007157.894737005233765 8.954187259259298
1491592780.973761796951294 8.955243111111150
1488974364.373322010040283 8.956298500000038
1492431227.417827367782593 8.957354314814854
1492405654.751464605331421 8.958410129629669
1492516655.264958143234253 8.959465851851892
1489133837.541895389556885 8.960521166666707
1492398681.002578496932983 8.961576962963003
1492308099.764970064163208 8.962632777777818
1492436649.361582756042480 8.963688629629671
1489214782.059381008148193 8.964743962963004
1492399712.361442327499390 8.965799814814856
1492293636.873859882354736 8.966855666666708
1492414095.525424718856812 8.967911425925967
1489322272.886706590652466 8.968967351851893
1492410046.831424474716187 8.970023148148188
1492358556.093453884124756 8.971078925925966
1488592421.052631616592407 8.972134481481522
1492305436.688881158828735 8.973190407407447
1492453453.084708929061890 8.974246092592633
1492318606.731325626373291 8.975301962963004
1489061510.930207967758179 8.976357481481521
1491331298.995107173919678 8.977413425925965
1492364927.912442684173584 8.978469240740781
1492395670.707106351852417 8.979524925925967
1489357710.317251682281494 8.980580870370410
1492406258.221809148788452 8.981636666666706
1492297425.284130811691284 8.982692518518558
1492484107.493685245513916 8.983748222222262
1489260167.306781768798828 8.984804166666706
1492404967.375289201736450 8.985859944444483
1492285804.482794761657715 8.986915833333372
1490245080.787073850631714 8.987957666666706
1492377670.209407329559326 8.989013555555594
1492366650.294695615768433 8.990069259259299
1492419861.788332700729370 8.991125074074114
1489263157.894737005233765 8.992180981481521
1492211238.950469970703125 8.993236833333373
1492474110.713533878326416 8.994292611111151
1492352012.628255844116211 8.995348444444485
1488520009.820770978927612 8.996404407407448
1492244918.717008829116821 8.997460388888930
1492499263.261296749114990 8.998516092592634
1492330141.022942304611206 8.999571870370412
1471491340.302699327468872 9.000640037037078
1492186900.482244729995728 9.001696055555596
1492507866.902878284454346 9.002751814814856
1492366219.415943145751953 9.003807648148189
1488910573.382430315017700 9.004863759259301
1492329024.676850795745850 9.005919629629672
1492328077.590893983840942 9.006975500000042
1489071270.660069704055786 9.008030944444487
1492380511.417447090148926 9.009086833333376
1492366563.771572828292847 9.010142685185228
1492412117.597530126571655 9.011198388888932
1489245711.880458593368530 9.012254277777821
1492396442.854135751724243 9.013310055555598
1492434247.224122524261475 9.014365777777821
1492459822.133347272872925 9.015421500000043
1489294561.271199703216553 9.016477370370414
1492362430.939226627349854 9.017533203703747
1492354509.418739318847656 9.018589018518563
1492452244.382465839385986 9.019644740740786
1489384291.577507257461548 9.020700555555601
1492420122.079561948776245 9.021756333333379
1492322651.933701753616333 9.022812166666712
1492424514.567364215850830 9.023867925925972
1489378301.588971853256226 9.024923814814860
1492433382.445800781250000 9.025979592592638
1492349342.220663070678711 9.027035333333378
1488939710.836608648300171 9.028090740740787
1492345727.515083551406860 9.029146592592639
1492415386.234476804733276 9.030202370370416
1492370524.986406087875366 9.031258129629675
1489219268.228481054306030 9.032313407407454
1492268593.374603271484375 9.033369388888936
1492380082.085102081298828 9.034425203703751
1492371557.862981081008911 9.035481018518567
1489313900.873408317565918 9.036536907407456
1492299319.489266157150269 9.037592759259308
1492355714.586402654647827 9.038648537037085
1492402813.344090938568115 9.039704351851901
1486241928.978518247604370 9.040760370370419
1492282963.274755239486694 9.041816259259308
1492436141.661842823028564 9.042871981481531
1492424514.567364215850830 9.043927740740790
1489258821.466152191162109 9.044983666666715
1492415302.846918821334839 9.046039388888937
1492443115.242939710617065 9.047095129629678
1489124216.954149007797241 9.048150481481530
1492340389.708332538604736 9.049206351851900
1492383267.561168193817139 9.050262185185234
1492460164.883353710174561 9.051317925925975
1489260365.308020114898682 9.052373351851902
1492316110.701883554458618 9.053429240740790
1492422620.196102380752563 9.054485000000049
1492106060.606060504913330 9.055541000000050
1411520773.451789855957031 9.057454500000050
1483724327.905436038970947 9.058516685185236
1491745740.130425691604614 9.059573055555607
1486610738.961175680160522 9.060629092592643
1492306038.338098049163818 9.061685000000050
1492421152.328334569931030 9.062740833333384
1492511655.645401716232300 9.063796592592643
1489088613.366536140441895 9.064852574074125
1492340389.708332538604736 9.065908444444496
1492385505.822926759719849 9.066964296296348
1489298168.035376071929932 9.068019629629681
1492282016.205408573150635 9.069075518518570
1492440616.723088502883911 9.070131277777829
1492420725.824840784072876 9.071187037037088
1489124328.876724004745483 9.072242481481533
1492361742.058828830718994 9.073298277777829
1473923198.206089496612549 9.074355351851903
1491228805.099735736846924 9.075412777777828
1488619884.271435976028442 9.076468888888940
1492325757.575757503509521 9.077524888888940
1492426065.602525711059570 9.078580629629680
1492559545.318995952606201 9.079636314814866
1489537333.590584754943848 9.080692111111162
1492457666.064443588256836 9.081747870370421
1492510971.951797008514404 9.082803592592644
1492513550.016663312911987 9.083859351851903
1489503078.137332201004028 9.084915185185237
1492418654.412796497344971 9.085971037037089
1492432778.489116668701172 9.087026833333384
1489277720.261805057525635 9.088082185185236
1492444487.318904161453247 9.089138000000052
1492426148.422289848327637 9.090193796296347
1492434508.042871952056885 9.091249481481533
1489388583.761778593063354 9.092304833333385
1492377843.649693965911865 9.093360629629681
1492461535.763145923614502 9.094416444444496
1492386023.994948387145996 9.095472222222273
1488474365.722707748413086 9.096527666666718
1466607185.917530775070190 9.097602814814866
1492468750.000000000000000 9.098658814814867
1492362603.052096128463745 9.099714555555607
1488983777.337378978729248 9.100770462963014
1492291742.668724536895752 9.101826314814867
1492499263.261296749114990 9.102882018518571
1492528285.999964952468872 9.103937703703757
1489372772.555072307586670 9.104993555555609
1491897817.129832506179810 9.106049759259312
1492459560.435705184936523 9.107105518518571
1489118130.132659673690796 9.108160851851904
1492309737.617510795593262 9.109216703703757
1492524838.619141340255737 9.110272407407461
1492427616.692101240158081 9.111328129629683
1489268643.621688127517700 9.112383500000053
1492317571.122882127761841 9.113439314814869
1492445613.850444555282593 9.114495037037091
1492514155.411331415176392 9.115550777777832
1489083902.216450452804565 9.116606018518572
1492404447.874280929565430 9.117661870370425
1492469979.477644681930542 9.118717629629684
1492450349.944745540618896 9.119773351851906
1489417045.235297441482544 9.120829148148202
1492407205.374212980270386 9.121884944444497
1492441906.966954231262207 9.122940722222275
1490155581.429194927215576 9.123958648148200
1492376896.497290134429932 9.125014444444496
1492419778.639209985733032 9.126070203703755
1492504683.388879060745239 9.127125944444495
1489269042.480391502380371 9.128181333333384
1492409526.983180284500122 9.129237203703754
1492406258.221809148788452 9.130293000000050
1492471269.206482648849487 9.131348777777827
1489280811.341942548751831 9.132404185185235
1492422703.195706367492676 9.133460000000051
1492475924.853970527648926 9.134515722222273
1492485397.042572259902954 9.135571444444496
1488967996.631224393844604 9.136626888888941
1492432435.276783704757690 9.137682666666718
1492368113.654301404953003 9.138738500000052
1492531469.267471313476562 9.139794203703756
1489342306.139996767044067 9.140849518518571
1492428646.600715398788452 9.141905296296349
1492472478.512541532516479 9.142961037037090
1489215329.812062263488770 9.144016351851905
1492359245.097695350646973 9.145072166666720
1492523549.739505767822266 9.146127851851906
1492375346.406145811080933 9.147183666666722
1489196378.121325731277466 9.148238981481537
1492352873.079351663589478 9.149294759259314
1492417624.050655126571655 9.150350555555610
1492448112.545607805252075 9.151406259259314
1489317668.942039251327515 9.152461574074129
1493558039.945241928100586 9.153516722222278
1491759945.274678945541382 9.154572500000056
1492397305.688575506210327 9.155628222222278
1488921562.779600381851196 9.156683796296353
1492342541.436464071273804 9.157739629629686
1492420986.160079956054688 9.158795351851909
1492509155.967164754867554 9.159851129629686
1489277072.913924694061279 9.160906407407465
1492421673.010471582412720 9.161962166666724
1492446561.069304943084717 9.163017888888946
1483295898.146361827850342 9.164073870370428
1492205997.895475387573242 9.165129796296354
1492482213.022733688354492 9.166185500000058
1492382235.318880081176758 9.167241277777835
1489286984.583545207977295 9.168297148148206
1492378102.471452713012695 9.169352907407465
1492412804.771092653274536 9.170408648148205
1492514077.218587398529053 9.171464333333391
1489328258.734390258789062 9.172520185185244
1492390500.578805208206177 9.173576000000059
1492457747.219981193542480 9.174631814814875
1492476187.134913444519043 9.175687500000061
1489381053.443951606750488 9.176743296296356
1492439669.537457704544067 9.177799055555615
1492446904.051920652389526 9.178854796296356
1492547231.041801929473877 9.179910481481542
1489309810.248675823211670 9.180966444444506
1492410046.831424474716187 9.182022240740801
1492457666.064443588256836 9.183078000000060
1489266298.342541456222534 9.184133833333394
1492307408.966533184051514 9.185189611111172
1492532152.253990411758423 9.186245351851912
1492413491.896442651748657 9.187301129629690
1489406471.981057643890381 9.188356962963024
1492333415.181703329086304 9.189412814814876
1492464215.548695087432861 9.190468518518580
1492443458.279980897903442 9.191524277777839
1489491870.275200605392456 9.192580074074135
1485793923.520167827606201 9.193640629629691
1492345814.553043842315674 9.194696537037098
1492407465.226008892059326 9.195752296296357
1488611205.611573934555054 9.196808314814875
1492302250.127150774002075 9.197864222222282
1492429937.031905174255371 9.198920018518578
1490638092.352658271789551 9.199959111111170
1492127742.410690784454346 9.201015055555613
1492300177.152579307556152 9.202070851851909
1492356403.690321683883667 9.203126666666725
1489152789.232631921768188 9.204181981481540
1492406258.221809148788452 9.205237777777835
1492428042.727097511291504 9.206293574074131
1492082487.242885112762451 9.207349629629686
1489386031.991019964218140 9.208405481481538
1492384817.764058113098145 9.209461296296354
1492507183.076356410980225 9.210517018518576
1492447851.254165887832642 9.211572759259317
1489363057.548278570175171 9.212628555555613
1492392394.850387573242188 9.213684370370428
1666009551.064838409423828 9.214739129629688
2138541173.990196228027344 9.215793148148206
2135398745.629908084869385 9.216847240740799
2138440606.497179985046387 9.217901259259317
2138404933.412979841232300 9.218955296296354
2135105245.584746360778809 9.220009092592651
2138363952.569170236587524 9.221063259259317
2138466985.276030540466309 9.222117222222280
2138395446.080325841903687 9.223171259259317
2135320901.949067354202271 9.224224944444503
2138379508.441524267196655 9.225279037037096
2138418785.248695373535156 9.226333055555614
2116458393.239120483398438 9.227389240740798
2132321174.798673629760742 9.228444740740798
2138159616.330545902252197 9.229498888888946
2138375333.801827192306519 9.230552962963021
2138514425.273219347000122 9.231606925925984
2135324584.980237245559692 9.232661092592650
2138423149.905123233795166 9.233715092592650
2138454080.646578311920166 9.234769074074132
2138521627.604624032974243 9.235823111111168
2135464549.223526000976562 9.236877259259316
2138388235.914194107055664 9.237931314814871
2138398671.796763896942139 9.238985370370425
2135384404.492012500762939 9.240039092592648
2138421440.995098352432251 9.241093148148202
2138432446.677676439285278 9.242147185185239
2138452183.080031633377075 9.243201166666720
2135306070.085410118103027 9.244254907407461
2138239117.450725555419922 9.245309092592645
2138399430.740037918090820 9.246363092592645
2138449145.246587038040161 9.247417111111163
2135413824.010123014450073 9.248470833333386
2138350859.933594465255737 9.249524962963015
2138335675.884605646133423 9.250579000000052
2138433207.414565563201904 9.251632981481533
2135460927.617709159851074 9.252687055555608
2138404933.412979841232300 9.253741092592644
2138426754.278084039688110 9.254795129629681
2138495449.274343729019165 9.255849092592644
2135552951.510892629623413 9.256903166666719
2137721692.396859407424927 9.257957555555608
2138430740.037950515747070 9.259011555555608
2135355418.087237834930420 9.260065296296348
2138320690.079232692718506 9.261119388888941
2138503988.473837852478027 9.262173351851905
2138456926.996398210525513 9.263227333333386
2113001563.845302104949951 9.264281240740793
2137996346.775326490402222 9.265335611111164
2138467549.808496236801147 9.266389648148200
2138458254.269449710845947 9.267443648148200
2135032319.291400909423828 9.268497370370422
2138432446.677676439285278 9.269551407407459
2138471729.275749444961548 9.270605370370422
2138465466.045857906341553 9.271659351851904
2135393918.099889278411865 9.272713481481533
2138452940.246323347091675 9.273767500000051
2138440415.327043771743774 9.274821555555606
2138484819.734345197677612 9.275875555555606
2135487921.856608390808105 9.276929648148199
2138377611.074998617172241 9.277983740740792
2138440606.497179985046387 9.279037759259310
2135376296.088011026382446 9.280091500000051
2138448005.059822082519531 9.281145555555605
2138460908.675638437271118 9.282199592592642
2138472863.994939804077148 9.283253611111160
2135276651.084320545196533 9.284307351851901
2138464325.245532751083374 9.285361370370419
2138396394.813591241836548 9.286415407407455
2138504366.160063266754150 9.287469388888937
2131105554.481716394424438 9.288523259259307
2126211684.569033145904541 9.289583537037085
2138454454.419282913208008 9.290637629629678
2138452561.669829130172729 9.291691629629678
2135159677.447690725326538 9.292745722222271
2138425993.921399831771851 9.293799814814864
2138431497.944411039352417 9.294853851851901
2138467741.935483694076538 9.295907851851901
2134607543.788759946823120 9.296961944444494
2138395636.056991338729858 9.298016037037087
2138465466.045857906341553 9.299070018518568
2135303738.071387290954590 9.300123740740791
2138434344.144207239151001 9.301177777777827
2138484819.734345197677612 9.302231777777827
2138425617.148379087448120 9.303285759259309
2135167439.898776769638062 9.304339537037086
2138395446.080325841903687 9.305393574074122
2138391082.063985824584961 9.306447629629677
2138359014.002846002578735 9.307501648148195
2134741415.064496994018555 9.308555388888935
2138334352.271529436111450 9.309609500000047
2138361860.252648353576660 9.310663518518565
2138447247.746718883514404 9.311717537037083
2135544967.221470355987549 9.312771185185230
2138441555.247114181518555 9.313825203703749
2138487666.034155607223511 9.314879203703748
1784892789.440426826477051 9.315934240740786
1489417131.432179212570190 9.316990129629675
1492456718.878812789916992 9.318045888888934
1492476529.609879255294800 9.319101592592638
1489345943.954096555709839 9.320156944444490
1492349171.270718336105347 9.321212777777824
1492414699.175583124160767 9.322268518518564
1492452325.826141834259033 9.323324296296342
1489368441.371564865112305 9.324379592592638
1492387659.171431541442871 9.325435407407454
1492426326.129666090011597 9.326491111111158
1492444062.445184946060181 9.327546851851899
1467488342.718804359436035 9.328602462963010
1492149718.554368972778320 9.329658518518565
1492405914.544306278228760 9.330714296296343
1492380082.085102081298828 9.331770111111158
1489051776.471620321273804 9.332825574074121
1492316110.701883554458618 9.333881462963010
1492418831.453578948974609 9.334937222222269
1490477417.953405857086182 9.335960240740787
1492406258.221809148788452 9.337016037037083
1492436141.661842823028564 9.338071759259305
1492460426.606791973114014 9.339127462963010
1489322255.172050714492798 9.340182814814861
1492442250.013154983520508 9.341238611111157
1492386627.142130374908447 9.342294370370416
1492488238.699152708053589 9.343350092592638
1489275126.333520412445068 9.344405500000047
1492425805.093664407730103 9.345461277777824
1492430623.520126342773438 9.346517111111158
1492481345.705214738845825 9.347572870370417
1489513260.366238594055176 9.348628648148194
1492400919.072508573532104 9.349684462963010
1492471188.759669542312622 9.350740185185233
1492452930.136289358139038 9.351795944444492
1489390062.961469173431396 9.352851851851899
1492395580.110497236251831 9.353907685185233
1492406861.713323354721069 9.354963462963010
1489389774.003368854522705 9.356018870370418
1492375690.607734918594360 9.357074703703752
1492070774.734331846237183 9.358130740740789
1492395495.685118675231934 9.359186518518566
1489374910.117680311203003 9.360242425925973
1492434672.793924331665039 9.361298222222269
1492503736.186633825302124 9.362353962963009
1492481003.332748651504517 9.363409703703750
1489349339.693786382675171 9.364465611111157
1492312322.424497365951538 9.365521500000046
1492356403.690321683883667 9.366577314814862
1492409703.220374584197998 9.367633092592639
1489408849.371284246444702 9.368689037037083
1492442854.135971307754517 9.369744814814860
1492347621.720218896865845 9.370800666666712
1492557840.075786828994751 9.371856259259305
1489561245.966044664382935 9.372912111111157
1492397474.348855495452881 9.373967944444491
1492400231.530204057693481 9.375023722222268
1489158875.552747964859009 9.376079055555602
1492378102.471452713012695 9.377134814814861
1492537075.695114374160767 9.378190462963008
1492393601.347084760665894 9.379246240740786
1489475297.707781791687012 9.380302148148193
1492314818.387498378753662 9.381358018518563
1492295441.390560150146484 9.382413814814859
1492425201.269886016845703 9.383469611111154
1489530385.674447774887085 9.384525481481525
1476436350.385229587554932 9.385592666666710
1493658499.771841764450073 9.386647814814859
1491679558.011049747467041 9.387703648148193
1489255831.082740068435669 9.388759611111157
1492425544.603080034255981 9.389815425925972
1492344348.558198213577271 9.390871203703750
1492405830.658317089080811 9.391926925925972
1489449727.283887863159180 9.392982833333379
1492360192.233486652374268 9.394038648148195
1492492027.574593544006348 9.395094370370417
1488618918.112750530242920 9.396149796296344
1492398421.468034744262695 9.397205629629678
1492485054.729160785675049 9.398261333333382
1492489106.409851789474487 9.399317000000048
1489396295.906555652618408 9.400372888888937
1492390241.335765361785889 9.401428740740789
1492443376.368229150772095 9.402484444444493
1492443801.304988384246826 9.403540222222270
1489536621.299284458160400 9.404596074074123
1492254897.490310430526733 9.405651981481530
1492354251.438192844390869 9.406707833333382
1492310339.384372472763062 9.407763666666716
1489025809.166462182998657 9.408819851851900
1492381029.220893144607544 9.409875666666716
1492350463.027921915054321 9.410931518518568
1487201737.538367748260498 9.411963203703753
1492100029.812531709671021 9.413019185185235
1492391876.249605178833008 9.414075074074123
1492440959.797937154769897 9.415130851851901
1489312381.554011583328247 9.416186185185234
1492417967.516750335693359 9.417242000000050
1752372017.067902803421021 9.418296611111161
2248446361.735402107238770 9.419350481481532
2245025820.399697303771973 9.420404055555606
2248463703.938004016876221 9.421457888888940
2248479229.633794784545898 9.422511740740791
2248482945.259643077850342 9.423565537037089
2245414524.432886123657227 9.424619444444495
2248513918.177983760833740 9.425673222222272
2248360617.136430740356445 9.426727074074124
2248528494.859853744506836 9.427780870370421
2245298613.673501968383789 9.428834814814866
2248382441.835945606231689 9.429888666666718
2248519269.634289741516113 9.430942425925977
2246433037.746499538421631 9.431959444444496
2248394777.535671710968018 9.433013296296348
2248403577.830105781555176 9.434067111111164
2248455163.688122749328613 9.435120944444497
2245004130.706087112426758 9.436174481481535
2248336982.305705070495605 9.437228388888942
2248406768.938795089721680 9.438282222222275
2248550586.085092067718506 9.439335981481534
2245264057.089623928070068 9.440389555555608
2248482076.333731651306152 9.441443407407460
2248351731.772892951965332 9.442497240740794
2248579663.280728340148926 9.443550981481534
2245345258.385900497436523 9.444604888888941
2248378301.439190387725830 9.445658722222275
2248471295.271232128143311 9.446712555555608
2248473798.896425724029541 9.447766370370424
2245389854.333960056304932 9.448820277777831
2248474142.021192550659180 9.449874111111164
2248377697.336051464080811 9.450927962963016
2246613448.696775913238525 9.451959592592646
2248266420.664206504821777 9.453013481481534
2248446885.159476280212402 9.454067277777831
2248490194.010965824127197 9.455121055555608
2245303522.463614940643311 9.456174611111164
2248455507.134322166442871 9.457228462963016
2248400126.522220611572266 9.458282296296350
2248109008.486637592315674 9.459336240740795
2245205357.613682270050049 9.460389777777833
2248345867.303907871246338 9.461443703703759
2248417207.021983146667480 9.462497537037093
2248469922.499692440032959 9.463551296296352
2245392744.146804332733154 9.464604851851908
2248470265.710670471191406 9.465658629629685
2248389084.135797977447510 9.466712481481537
2248505034.883925437927246 9.467766240740795
2245328975.805176258087158 9.468820185185240
2248361911.121263980865479 9.469874055555611
2248410564.605409145355225 9.470927888888944
2246599641.062455177307129 9.471959740740797
2248448521.271548271179199 9.473013574074130
2248372263.030260562896729 9.474067388888946
2248555596.562450885772705 9.475121111111168
2245279393.928740978240967 9.476174648148206
2248426352.229993343353271 9.477228462963021
2248471214.677350997924805 9.478282240740798
2248489587.909673690795898 9.479336037037095
2245233284.117274761199951 9.480389592592651
2242007709.830033302307129 9.481446444444503
2248339570.924042224884033 9.482500388888948
2248488032.896355628967285 9.483554203703763
2245143660.684466838836670 9.484607740740801
2248479229.633794784545898 9.485661592592653
2248352680.689546108245850 9.486715425925986
2248522194.496186733245850 9.487769240740802
2245366684.238270759582520 9.488823129629690
2248451973.429866790771484 9.489876944444505
2248433599.859414577484131 9.490930740740803
2246644089.755816459655762 9.491959870370431
2248395726.435650348663330 9.493013722222283
2248416518.759335517883301 9.494067518518580
2248488296.077604293823242 9.495121296296357
2244946091.786335468292236 9.496174870370432
2248388135.235819339752197 9.497228722222284
2248425059.309375286102295 9.498282518518581
2248507275.411218643188477 9.499336296296358
2245390205.315708160400391 9.500389777777839
2248405904.059040546417236 9.501443666666727
2248426696.188518047332764 9.502497500000061
2248455769.163181781768799 9.503551314814876
2245433473.377046108245850 9.504604777777839
2248293591.523309230804443 9.505658648148209
2248450075.563209533691406 9.506712462963025
2248545841.168303966522217 9.507766222222283
2245439194.531812667846680 9.508820129629690
2248019326.387546539306641 9.509874148148208
2248422295.635060310363770 9.510928000000060
2246638746.837487220764160 9.511960055555615
2248330252.337105751037598 9.513013907407467
2248427645.105171680450439 9.514067740740801
2248486135.029698371887207 9.515121555555616
2245396143.502487182617188 9.516175092592654
2248359409.594095706939697 9.517228981481543
2248448259.502011775970459 9.518282851851913
1921437434.168948888778687 9.519337740740802
1489433585.455311298370361 9.520392981481542
1492397649.535169124603271 9.521448722222283
1492439930.537283658981323 9.522504444444506
1492444666.631584405899048 9.523560166666728
1489430190.930787563323975 9.524615425925987
1492460507.621336221694946 9.525671185185246
1492406861.713323354721069 9.526726962963023
1492497026.680933952331543 9.527782648148209
1489346493.998736619949341 9.528837981481542
1492402469.612193822860718 9.529893777777838
1492375605.135760784149170 9.530949555555615
1490474488.209143877029419 9.531961796296356
1492468770.280462503433228 9.533017592592651
1492391103.783347845077515 9.534073388888947
1492524233.015839576721191 9.535129111111170
1487084940.255820751190186 9.536184537037096
1492376378.974691629409790 9.537240407407467
1492397046.184069633483887 9.538296166666726
1492487291.480292558670044 9.539351888888948
1489336222.931948184967041 9.540407185185245
1492494001.262891769409180 9.541462962963022
1492389812.671016454696655 9.542518740740800
1492531469.267471313476562 9.543574444444504
1489410290.607889890670776 9.544629703703762
1492480740.896653175354004 9.545685481481540
1492450088.579396963119507 9.546741240740799
1492536546.861021995544434 9.547796962963021
1489366546.169234514236450 9.548852259259318
1492435194.442982673645020 9.549907981481541
1492341249.517662286758423 9.550963796296356
1489286797.220467567443848 9.552019129629690
1492317916.337805747985840 9.553074962963024
1491406065.283356428146362 9.554130759259319
1492447328.726277828216553 9.555186574074135
1489420041.746329545974731 9.556242333333394
1492305603.788476705551147 9.557298166666728
1492435537.624978065490723 9.558353907407469
1492412888.288635969161987 9.559409703703764
1489102992.247518301010132 9.560465518518580
1492367252.446595668792725 9.561521407407469
1492407808.882340431213379 9.562577185185246
1492468609.118178606033325 9.563632870370432
1489404665.029814243316650 9.564688796296357
1492456457.299212694168091 9.565744592592653
1492452244.382465839385986 9.566800314814875
1492412117.597530126571655 9.567856018518579
1489408366.219415903091431 9.568911851851913
1492478766.510550975799561 9.569967574074136
1492449059.781083345413208 9.571023277777840
1489401607.412346839904785 9.572078574074137
1492331865.934721231460571 9.573134444444507
1492439587.426326274871826 9.574190148148212
1492454138.820186376571655 9.575245870370434
1489404577.742699384689331 9.576301703703768
1486709792.409310102462769 9.577361481481546
1492397558.665684461593628 9.578417370370435
1492468085.106382846832275 9.579473129629694
1489307120.308663606643677 9.580529055555619
1492426835.043409585952759 9.581584888888953
1492327644.572290658950806 9.582640685185249
1492497026.680933952331543 9.583696370370435
1489506314.017117977142334 9.584752222222287
1492481345.705214738845825 9.585807981481546
1492419174.910545110702515 9.586863759259323
1492538782.669707059860229 9.587919500000064
1489498184.751915931701660 9.588975370370434
1492412888.288635969161987 9.590031166666730
1492377499.473794937133789 9.591086944444507
1489177133.231562852859497 9.592142333333395
1492251617.995264530181885 9.593198166666729
1492431748.815997123718262 9.594253907407470
1492431144.866780042648315 9.595309666666729
1488667204.461357593536377 9.596365648148211
1492230527.737341403961182 9.597421518518582
1492440012.628920078277588 9.598477296296359
1492362947.501359224319458 9.599533055555618
1489382883.198877573013306 9.600588981481543
1492356748.224151611328125 9.601644814814877
1492402645.242773056030273 9.602700518518581
1492492791.244255781173706 9.603756333333397
1489466379.038198232650757 9.604812222222286
1492397130.529343843460083 9.605868037037101
1492409099.679020643234253 9.606923833333397
1490676913.201626062393188 9.607962425925990
1492360450.431488037109375 9.609018203703767
1492025075.401557207107544 9.610074277777841
1492443540.183113098144531 9.611130092592656
1489309538.850284337997437 9.612185425925990
1492404363.917001485824585 9.613241222222285
1492494527.083918094635010 9.614296925925990
1492491422.557446002960205 9.615352666666730
1489492739.389688014984131 9.616408592592656
1492378446.642812013626099 9.617464370370433
1492372849.250197410583496 9.618520203703767
1492442772.193864107131958 9.619575925925989
1489490765.588003158569336 9.620631759259323
1492359934.053598880767822 9.621687611111176
1492448798.456411123275757 9.622743351851916
1492483765.151648044586182 9.623799037037102
1489207429.363172292709351 9.624854907407473
1492424857.924647331237793 9.625910685185250
1492405830.658317089080811 9.626966407407473
1489832327.132327079772949 9.628021592592658
1492224151.539068698883057 9.629077425925992
1492446561.069304943084717 9.630133148148214
1492449141.393765926361084 9.631188907407473
1489176732.760133266448975 9.632244277777843
1492312578.925214052200317 9.633300129629696
1492470503.622362375259399 9.634355814814882
1492373107.887674808502197 9.635411611111177
1488925498.315552949905396 9.636467018518585
1492367510.874140501022339 9.637522870370438
1492413491.896442651748657 9.638578648148215
1492480318.551782369613647 9.639634351851919
1491034914.950760841369629 9.640689296296364
1491593034.267475605010986 9.641745259259327
1492437171.121868848800659 9.642801037037104
1492455690.429413557052612 9.643856740740809
1489541356.812122821807861 9.644912592592661
1492469374.868448495864868 9.645968370370438
1492480923.395372629165649 9.647024055555624
1489254579.911560535430908 9.648079388888958
1492380082.085102081298828 9.649135203703773
1492406945.540647268295288 9.650191037037107
1492491764.747153997421265 9.651246796296366
1489323354.449260234832764 9.652302111111181
1492382923.492475509643555 9.653357925925997
1492504262.709188699722290 9.654413592592663
1492414699.175583124160767 9.655469333333404
1489380055.800242185592651 9.656524685185255
1492414095.525424718856812 9.657580444444514
1492386023.994948387145996 9.658636222222292
1492473425.714786767959595 9.659691962963032
1487070732.220507860183716 9.660748111111181
1492295364.865575790405273 9.661804055555624
1492505893.909626722335815 9.662859759259328
1492501762.941393375396729 9.663915444444514
1489411603.760347843170166 9.664971296296367
1492422442.823067188262939 9.666027148148219
1492402469.612193822860718 9.667082944444514
1489102969.046115159988403 9.668138277777848
1492390759.840033531188965 9.669194055555625
1492416676.898251295089722 9.670249851851921
1492470846.197025060653687 9.671305555555625
1489449539.352461099624634 9.672360833333403
1486707403.589089393615723 9.673420629629700
1492420892.014662265777588 9.674476500000070
1492403676.483485460281372 9.675532259259329
1488913043.478260993957520 9.676587703703774
1492376637.726913928985596 9.677643537037108
1492357264.387574195861816 9.678699296296367
1492400231.530204057693481 9.679755074074144
1489410532.226648092269897 9.680810388888959
1492415126.109376668930054 9.681866203703775
1492366908.115123510360718 9.682922074074146
1490629582.851552009582520 9.683963092592665
1492326095.345003128051758 9.685018907407480
1492342711.804946422576904 9.686074648148221
1492469374.868448495864868 9.687130425925998
1489415580.085288763046265 9.688185666666739
1492347621.720218896865845 9.689241518518591
1492506841.145102500915527 9.690297222222295
1492431227.417827367782593 9.691353037037111
1489370887.075546264648438 9.692408314814889
1492332210.880774259567261 9.693464203703778
1492421329.591299772262573 9.694519944444519
1492466452.665368556976318 9.695575666666741
1488807194.244604349136353 9.696631037037111
1492339185.183886289596558 9.697686944444518
1492451297.163605690002441 9.698742666666741
1492452325.826141834259033 9.699798444444518
1489338668.070544719696045 9.700853722222297
1492298717.926232337951660 9.701909592592667
1492322908.810271501541138 9.702965388888963
1489372475.389987707138062 9.704020740740814
1492353217.687194347381592 9.705076537037110
1492436402.547055721282959 9.706132222222296
1492459822.133347272872925 9.707187944444518
1489364804.155552387237549 9.708243203703777
1492360794.906424999237061 9.709299000000073
1492496842.769942998886108 9.710354777777850
1492026865.409908056259155 9.711410796296368
1488242613.407213926315308 9.712466888888962
1499490647.482014417648315 9.713522259259332
2165023233.760075569152832 9.714576759259332
2193297912.713472366333008 9.715630759259332
1864244233.093373775482178 9.716688037037109
1661942645.439770698547363 9.717747722222294
1489598232.684851884841919 9.718808129629702
1492154161.843628168106079 9.719864018518590
1481058594.571849346160889 9.720920240740814
1492137909.264682531356812 9.721976222222295
1492425378.894190311431885 9.723031925926000
1488268293.966016054153442 9.724087981481555
1492242585.804731845855713 9.725143888888962
1492446904.051920652389526 9.726199629629702
1472560286.591607093811035 9.727285185185258
1480805115.393350839614868 9.728345166666738
1398011884.936981678009033 9.729401592592664
1490468252.717819452285767 9.730459425925998
1873812033.901279211044312 9.731514777777850
2104596898.136776685714722 9.732570296296368
2111747562.258856773376465 9.733626222222293
2137621869.240895271301270 9.734681314814885
2138168154.029934406280518 9.735735462963033
1811781640.241335630416870 9.736791314814885
1491445100.271477460861206 9.737848629629701
1492405822.518414735794067 9.738904555555626
1463451446.551874876022339 9.739963907407478
1491471074.380165100097656 9.741021537037108
1467553241.836251974105835 9.742078037037109
1491736876.215165138244629 9.743135277777849
1487201606.961159229278564 9.744190870370442
1467867059.318468570709229 9.745247314814886
1491582033.096926689147949 9.746304814814886
1468180584.056827068328857 9.747360648148220
1487777353.600448369979858 9.748418129629702
1492257484.084810972213745 9.749474074074145
1468239600.315540552139282 9.750530462963034
1491790540.895480632781982 9.751588037037109
1463499728.151252985000610 9.752643907407480
1491509937.485772371292114 9.753701444444516
1492362086.505069017410278 9.754757259259332
1468418892.610975503921509 9.755813129629702
1487925614.624921321868896 9.756870685185257
1492275205.219953536987305 9.757926462963034
1468011991.164405107498169 9.758982796296367
1487666287.235346555709839 9.760040259259330
1468098184.688240051269531 9.761096092592664
1490698236.035279512405396 9.762154314814886
1492211609.239721059799194 9.763210944444516
1322861591.216099262237549 9.764280240740813
1260596101.249063730239868 9.765343259259332
1350224053.741285562515259 9.767967629629702
1317110064.984905242919922 9.771224796296368
805849396.931024789810181 9.773762740740812
1407988414.192614078521729 9.774862425925997
1488240491.055033922195435 9.775921370370442
1480326258.784766674041748 9.776978018518591
1491887866.196812868118286 9.778034296296369
1492397046.184069633483887 9.779090055555628
1465433876.906891107559204 9.780146166666739
1491337033.794431686401367 9.781203759259332
1473126699.845787286758423 9.782260500000072
1491096072.697984933853149 9.783318148148220
1479110709.650261402130127 9.784373962963036
1492096093.147225856781006 9.785430037037109
1492261180.679785251617432 9.786485925925998
1492466795.299070358276367 9.787541666666739
1483312647.992563247680664 9.788597462963034
1492226232.440679788589478 9.789653407407478
1492423306.965078353881836 9.790709203703774
1492483240.076476335525513 9.791764962963033
1486187005.699254751205444 9.792820981481551
1492297514.863466739654541 9.793876888888958
1492364583.516040325164795 9.794932685185254
1488901420.576840400695801 9.795965129629698
1491808950.931219577789307 9.797021092592662
1492298116.384299516677856 9.798076981481550
1492546813.325614452362061 9.799132592592661
1488210214.214284420013428 9.800188129629698
1492439751.639948129653931 9.801243944444513
1492380426.203630685806274 9.802299777777847
1492508472.197860002517700 9.803355518518588
1487401578.947368621826172 9.804411074074144
1492389294.233197689056396 9.805466925925996
1492368027.783624410629272 9.806522703703774
1492471531.310296297073364 9.807578444444514
1488945938.832447290420532 9.808633833333403
1492481083.261712312698364 9.809689629629698
1492352183.827398777008057 9.810745370370439
1492547231.041801929473877 9.811801055555625
1488374230.870365619659424 9.812857444444514
1492478241.804500818252563 9.813913240740810
1492395839.545367002487183 9.814969037037105
1488810170.562223672866821 9.816024370370439
1492259887.402002811431885 9.817080240740809
1492476267.321522474288940 9.818135981481550
1492385939.062253236770630 9.819191703703773
1488805706.164131164550781 9.820247092592661
1492401606.566577672958374 9.821302944444513
1492548066.298342466354370 9.822358777777847
1492396786.697770833969116 9.823414574074143
1489052747.946936368942261 9.824469907407476
1492300957.592339038848877 9.825525796296365
1492424514.567364215850830 9.826581555555624
1469708437.746429443359375 9.827638314814884
1488477714.045150756835938 9.828694037037106
1492231567.870922565460205 9.829749962963032
1492404707.615673303604126 9.830805777777847
1492396786.697770833969116 9.831861574074143
1489034254.143646478652954 9.832917407407477
1492330316.742081403732300 9.833973296296366
1492481688.065670251846313 9.835029074074143
1488942957.907111167907715 9.836084500000069
1492304311.221805334091187 9.837140314814885
1492424940.805051326751709 9.838196148148219
1492472135.978529691696167 9.839251870370441
1463453904.317468166351318 9.840307444444516
1492097738.032614231109619 9.841363555555628
1492390500.578805208206177 9.842419370370443
1492419861.788332700729370 9.843475185185259
1488735050.533408164978027 9.844530592592667
1492240091.196071624755859 9.845586518518592
1492518813.479046583175659 9.846642203703778
1492428386.010453701019287 9.847698018518594
1488954466.494709730148315 9.848753407407482
1492340302.381871223449707 9.849809222222298
1492466190.735121250152588 9.850864981481557
1492445009.647430181503296 9.851920722222298
1488311486.048020601272583 9.852976592592668
1492308277.797264099121094 9.854032518518594
1492439065.459903001785278 9.855088296296371
1489210522.623641014099121 9.856144222222296
1492351065.509076595306396 9.857200055555630
1492384129.656914234161377 9.858255833333407
1492430115.071568965911865 9.859311537037112
1489323920.935861110687256 9.860367407407482
1492282271.643047571182251 9.861423259259334
1492392654.178067684173584 9.862479037037112
1492069128.787878751754761 9.863535037037112
1489383741.120757818222046 9.864590870370446
1888171210.870977401733398 9.865645666666742
2138430170.247904777526855 9.866699685185260
2138461857.408903837203979 9.867753722222297
2135264387.604525089263916 9.868807870370444
2138385958.747671842575073 9.869861907407481
2121872553.291618108749390 9.870924370370444
2135881738.634541034698486 9.871963500000074
2138509110.076429843902588 9.873017481481556
2138374953.881832122802734 9.874071537037111
2138623359.280279636383057 9.875125444444517
2135295419.807094573974609 9.876179500000072
2138500948.766603231430054 9.877233500000072
2138301716.413977384567261 9.878287592592665
2138541940.471588850021362 9.879341555555628
2135234979.973297595977783 9.880395703703776
2138453888.996257543563843 9.881449722222294
2138301902.703842401504517 9.882503777777849
2138553130.929791212081909 9.883557777777849
2135206520.975335359573364 9.884611925925997
2138475710.244742155075073 9.885665944444515
2138286918.941709756851196 9.886720055555626
2138549348.983500480651855 9.887773962963033
2135420565.344951868057251 9.888828055555626
2138483107.573920965194702 9.889882111111181
2138325239.818686246871948 9.890936148148217
2136291282.088260889053345 9.891963407407477
2138406261.529542207717896 9.893017462963032
2138350859.933594465255737 9.894071592592661
2138551051.605081558227539 9.895125537037107
2134537626.475548028945923 9.896179759259329
2138405882.146245241165161 9.897233796296366
2138360154.602951526641846 9.898287870370440
2138558265.392184734344482 9.899341796296367
2135353208.833295345306396 9.900395888888960
2138529788.990986824035645 9.901449907407478
2138314617.006324768066406 9.902503981481553
2138551233.396584272384644 9.903557981481553
2135316210.186047315597534 9.904612074074146
2138434913.997575283050537 9.905666092592664
2138335488.404778718948364 9.906720166666739
2138640063.257775306701660 9.907774055555628
2131930054.452836751937866 9.908828314814887
2138425805.544818639755249 9.909882351851923
2138320877.035787820816040 9.910936407407478
2136448507.139766454696655 9.911963518518590
2138450093.996520996093750 9.913017537037108
2137917411.694447994232178 9.914071851851922
2138555795.688155651092529 9.915125796296367
2134965819.025358915328979 9.916179555555626
2138456356.736242771148682 9.917233555555626
2138385199.240986585617065 9.918287555555626
2138571353.269845724105835 9.919341518518589
2135261186.556806802749634 9.920395611111182
2138497346.874231338500977 9.921449574074146
2138318411.806043624877930 9.922503648148220
2138588431.668833732604980 9.923557611111184
2135255849.905136585235596 9.924611759259331
2138497909.272989034652710 9.925665796296368
2138308357.196816682815552 9.926719888888961
2138573250.869733333587646 9.927773851851924
2135386064.162479162216187 9.928827888888961
2138503039.673893928527832 9.929881851851924
2138356928.266484022140503 9.930935907407479
2136363872.223123073577881 9.931963740740812
2138465273.995466947555542 9.933017759259331
2138381215.081344842910767 9.934071796296367
2138542889.271532535552979 9.935125759259330
2088905218.766473293304443 9.936179648148219
2137980996.873792648315430 9.937234055555626
2138510436.432637453079224 9.938288055555626
2138283691.431984663009644 9.939342148148219
2134361806.750728607177734 9.940396629629701
2137604875.392964363098145 9.941451055555627
2138191924.691336393356323 9.942505481481552
2138269461.183043241500854 9.943559574074145
2131593226.293785095214844 9.944613759259330
2138170838.383306264877319 9.945668037037107
2138430740.037950515747070 9.946722037037107
2138146357.743856191635132 9.947776277777848
2133894925.436054468154907 9.948830555555626
2138195098.814229488372803 9.949884722222292
2138436811.497443437576294 9.950938740740810
2133720961.281709194183350 9.951965148148217
1949334066.840874671936035 9.953176981481549
1994946256.933200359344482 9.954252055555623
2132065019.004746675491333 9.955309296296363
2130637470.355731487274170 9.956363462963029
2138119413.996627330780029 9.957417685185252
2138324104.005621910095215 9.958471759259327
2138405502.749617815017700 9.959525777777845
2133892914.880157470703125 9.960579629629697
2138360914.936228513717651 9.961633740740808
2138423149.905123233795166 9.962687740740808
2138483485.593816041946411 9.963741814814883
2105183427.587902784347534 9.964796222222290
2136111175.448755025863647 9.965851611111178
1493354423.166583299636841 9.966924037037105
1488656839.413206338882446 9.967966740740808
1492370696.458950757980347 9.969022611111178
1492403416.764597654342651 9.970078407407474
1492554809.058536767959595 9.971134092592660
1488805165.637282371520996 9.972189500000068
1492418914.652541637420654 9.973245314814884
1492413231.837794303894043 9.974301129629700
1492525863.429864406585693 9.975356888888959
1489007790.293715238571167 9.976412333333403
1492504683.388879060745239 9.977468074074144
1492426065.602525711059570 9.978523814814885
1492515786.150284051895142 9.979579592592662
1486761085.861687660217285 9.980634907407477
1492393601.347084760665894 9.981690685185255
1492436223.952851772308350 9.982746462963032
1492434590.422732830047607 9.983802203703773
1488858901.731062650680542 9.984858074074143
1492453877.321920156478882 9.985913833333402
1492438118.290885925292969 9.986969611111180
1488907227.710610866546631 9.988024962963031
1493300694.883133411407471 9.989080296296365
1491762549.549233675003052 9.990136111111180
1492454824.507551193237305 9.991191870370439
1489075230.323769330978394 9.992247148148218
1492399712.361442327499390 9.993303000000070
1492432696.018242359161377 9.994358740740811
1492468004.490597963333130 9.995414444444515
1488093064.060498476028442 9.996469870370442
1492295966.327604532241821 9.997525796296367
1492374055.040078639984131 9.998581592592663
1492434068.825200796127319 9.999637407407478
1488905600.786075115203857 10.000692814814887
1492478517.713464260101318 10.001749240740812
1492444097.745678901672363 10.002805648148220
1492485851.537571668624878 10.003861907407479
1489009432.308285713195801 10.004918166666739
1492446349.673890113830566 10.005974388888962
1492385756.364401340484619 10.007030611111185
1489003805.882456064224243 10.008086481481556
1492375339.632233142852783 10.009142907407481
1492378267.501183509826660 10.010199185185259
1492470280.885086059570312 10.011255370370444
1488867695.545422792434692 10.012311296296369
1492437142.756952047348022 10.013367481481554
1491887344.678315401077271 10.014424129629703
1492476304.023844957351685 10.015480333333405
1488874460.696621894836426 10.016536222222294
1492458315.069694042205811 10.017592425925997
1492324392.552855730056763 10.018648759259330
1492561098.350019931793213 10.019704888888960
1489332912.590722560882568 10.020761222222292
1492482589.332678794860840 10.021817407407477
1492350725.857353210449219 10.022873629629700
1492511676.835682630538940 10.023929851851923
1488917461.430575132369995 10.024986148148219
1492463995.792057514190674 10.026042351851922
1492378784.956605672836304 10.027098555555625
1489355632.691700696945190 10.028154888888958
1492272926.491471052169800 10.029211203703772
1492460028.050490856170654 10.030267500000068
1492354428.160718202590942 10.031323870370439
1483131402.727623462677002 10.032380277777847
1492228178.742352247238159 10.033436629629700
1492412265.937302589416504 10.034492851851923
1492396773.910756587982178 10.035549055555625
1489210939.691444635391235 10.036605351851922
1492356406.480117797851562 10.037661574074145
1492375254.189748287200928 10.038717944444516
1492492924.900492668151855 10.039774074074145
1489065691.895019292831421 10.040830351851923
1492357784.011220216751099 10.041886648148219
1492435935.198821783065796 10.042942870370442
1490108213.749298810958862 10.043966222222295
1492284031.344774961471558 10.045022574074148
1492528299.901809692382812 10.046078722222296
1492331019.248974323272705 10.047135055555628
1489293249.425911903381348 10.048191481481554
1492389369.050332307815552 10.049247796296369
1492406501.499132156372070 10.050303962963035
1492452977.067115306854248 10.051360185185258
1489367786.270247697830200 10.052416555555629
1492415532.959326744079590 10.053472851851925
1492397461.297052621841431 10.054529092592666
1492461498.001262187957764 10.055585314814889
1409284269.909185409545898 10.057528629629704
1483974683.544303894042969 10.058592203703778
1491836580.921006441116333 10.059649018518593
1486642959.795296192169189 10.060705648148224
1492262258.296372890472412 10.061762000000076
1469104196.491712093353271 10.062835648148225
1492440490.173734664916992 10.063891962963039
1488399186.977624416351318 10.064948833333409
1492400904.691773414611816 10.066005055555632
1492381451.612903356552124 10.067061351851928
1489033024.079692840576172 10.068117259259335
1492357439.646557807922363 10.069173537037113
1492404088.574083328247070 10.070229777777854
1492417603.226089239120483 10.071285981481557
1489471364.712069511413574 10.072342370370446
1492426810.666759967803955 10.073398611111188
1474269879.349291801452637 10.074456148148224
1491335562.597384452819824 10.075513907407483
1488833748.203204393386841 10.076570314814891
1492368541.925982952117920 10.077626629629705
1492372330.352446079254150 10.078682740740817
1492421650.623323440551758 10.079738907407483
1489100175.315567970275879 10.080795203703779
1492432834.250850439071655 10.081851462963039
1492484562.652313232421875 10.082907703703780
1489943888.266592025756836 10.083965777777854
1492194256.460605382919312 10.085022037037113
1492514858.775882244110107 10.086078277777855
1492462787.313498020172119 10.087134518518596
1488896243.291591882705688 10.088190407407485
1492426467.494214057922363 10.089246629629708
1492457629.793277740478516 10.090302796296374
1492477250.810905456542969 10.091359000000077
1489490769.473518133163452 10.092415277777855
1492422337.161391973495483 10.093471481481558
1492378870.226866483688354 10.094527740740817
1492569885.496852397918701 10.095583833333411
1487932056.023980140686035 10.096640259259337
1492348748.334619045257568 10.097696629629707
1492383518.891908407211304 10.098752833333410
1492594238.221318006515503 10.099808962963040
1489284083.936679124832153 10.100865314814893
1492493083.437067031860352 10.101921555555634
1492406669.121127605438232 10.102977833333412
1489320985.055777549743652 10.104033611111189
1492439461.411690473556519 10.105089870370449
1492556705.007714986801147 10.106146018518597
1492530270.886297941207886 10.107202222222300
1489410569.890021085739136 10.108257981481559
1492417083.048440694808960 10.109314259259337
1492516069.080389261245728 10.110370462963040
1492519856.228631496429443 10.111426666666743
1489494319.377235412597656 10.112482888888966
1492486296.926233053207397 10.113539018518596
1492473725.737730741500854 10.114595185185262
1492144372.184339284896851 10.115651611111188
1489573134.171356439590454 10.116707888888966
1492416739.717381477355957 10.117764148148225
1492473281.907433509826660 10.118820444444522
1492506259.424203157424927 10.119876629629706
1489487139.926714181900024 10.120932870370448
1492413639.551192283630371 10.121989166666744
1492421816.651764631271362 10.123045444444521
1488936700.868192672729492 10.124101277777855
1492366734.450599670410156 10.125157648148226
1492415449.620421648025513 10.126213888888968
1492584088.796927928924561 10.127269981481561
1489058879.242304563522339 10.128325814814895
1492478197.597966194152832 10.129382018518598
1492445060.050845861434937 10.130438222222301
1492501788.469631195068359 10.131494370370449
1489335344.676372528076172 10.132550111111190
1492423627.182831764221191 10.133606333333413
1492440669.051125526428223 10.134662555555636
1492555682.196777105331421 10.135718648148229
1489162365.892995119094849 10.136775018518600
1492402798.232695102691650 10.137831240740823
1492468467.836667299270630 10.138887481481564
1492457287.137045860290527 10.139943629629713
1489403516.768640041351318 10.140999944444527
1492476646.328634500503540 10.142056166666750
1492381451.612903356552124 10.143112462963046
1489063757.388665914535522 10.144168259259342
1492372501.577950716018677 10.145224481481565
1492409165.819278478622437 10.146280740740824
1492549812.392607927322388 10.147336925926009
1489300599.936848878860474 10.148392592592675
1492451344.811866521835327 10.149448777777859
1492514624.395034074783325 10.150504851851933
1492553523.522294759750366 10.151560981481563
1489429909.492738246917725 10.152616759259340
1492423970.405175447463989 10.153673000000081
1492491794.656006574630737 10.154729222222304
1492546213.330060005187988 10.155785314814898
1355774614.015679836273193 10.156940370370453
1492202808.112324476242065 10.157996833333415
1492313288.920056104660034 10.159053129629712
1488867422.980484247207642 10.160109259259341
1492439886.399495124816895 10.161165592592674
1371198534.824213981628418 10.162222222222304
1424163455.475373029708862 10.163279481481563
1488151553.927325487136841 10.164335944444526
1492074572.705758810043335 10.165392333333415
1491818019.312665224075317 10.166449018518600
1492284286.741116046905518 10.167505333333414
1489313407.703641176223755 10.168561111111192
1492318712.527611255645752 10.169617444444524
1613125618.616405248641968 10.170672666666746
2138378185.650302886962891 10.171727018518599
2135351476.711702823638916 10.172781037037117
2138161799.568019390106201 10.173835611111191
2138338543.679089784622192 10.174890018518598
2138487072.296775341033936 10.175944314814894
2135438682.144675970077515 10.176998777777856
2138354094.214353561401367 10.178053111111190
2138419348.039904356002808 10.179107481481561
2135068169.845116376876831 10.180162037037116
2138215650.463613510131836 10.181216555555634
2138469993.150323867797852 10.182270944444523
2138390704.863611698150635 10.183325259259338
2135274183.350895643234253 10.184379703703781
2138440404.679102182388306 10.185434037037115
2138323562.986248970031738 10.186488500000078
2138493896.548695802688599 10.187542851851930
2135003969.229688644409180 10.188597259259337
2138406449.233362913131714 10.189651648148226
2138375529.130732774734497 10.190705962963040
2138500728.926984310150146 10.191760277777854
2135350135.234817028045654 10.192814685185262
2138450837.812203645706177 10.193869018518596
2138272340.873963594436646 10.194923388888967
2136005114.816985368728638 10.195966111111188
2138061403.354702711105347 10.197020462963041
2138236300.407474994659424 10.198074833333411
2138341008.483060121536255 10.199129222222300
2135236248.682824134826660 10.200183666666744
2138289989.462592124938965 10.201238111111188
2138464686.561396837234497 10.202292425926002
2138367184.206828594207764 10.203346796296373
2135400484.754812240600586 10.204401166666743
2138311040.078682184219360 10.205455574074151
2138404552.400020837783813 10.206509962963040
2138441540.650192022323608 10.207564351851929
2135360134.885926246643066 10.208618740740818
2138303452.878569841384888 10.209673148148225
2138346886.800737619400024 10.210727500000077
2138509265.276728868484497 10.211781814814891
2135313933.476168632507324 10.212836296296373
2138322040.149638891220093 10.213890685185262
2138416883.299374818801880 10.214944981481558
2136309810.109363794326782 10.215966037037115
2137875085.599901676177979 10.217020685185263
2138344614.411914587020874 10.218075111111188
2138456336.939721584320068 10.219129481481559
2135281336.166774988174438 10.220183907407485
2138335130.578338384628296 10.221238333333410
2138429780.806519508361816 10.222292703703781
2138418968.999736547470093 10.223347055555633
2135370218.147328376770020 10.224401388888968
2138364342.038249969482422 10.225455851851930
2138417262.396149873733521 10.226510166666744
2114738078.541374444961548 10.227566462963040
2132097474.570326328277588 10.228622388888965
2138005548.726953744888306 10.229677018518595
2138478913.810970783233643 10.230731333333409
2138496741.898656368255615 10.231785685185262
2135380400.421496391296387 10.232840129629706
2138330769.230769157409668 10.233894574074149
2138438507.745810985565186 10.234948907407484
2136304286.884499788284302 10.235966222222299
2138253951.527924060821533 10.237020666666742
2138488020.796740055084229 10.238074962963038
2138440783.349433422088623 10.239129314814891
2135466102.141564607620239 10.240183407407484
2138414605.873260974884033 10.241237777777854
2138429401.949591636657715 10.242292129629707
2138506419.826813936233521 10.243346444444521
2135531190.727081060409546 10.244400888888965
2138372497.365648031234741 10.245455333333409
2138378185.650302886962891 10.246509685185261
2138522350.048300504684448 10.247564037037113
2135544378.490393638610840 10.248618518518596
2138347079.279216051101685 10.249672925926003
2121013900.017418622970581 10.250736074074151
2138477381.286878585815430 10.251790592592670
2135178987.301754236221313 10.252844981481559
2138430159.650139331817627 10.253899370370448
2138421435.346190214157104 10.254953703703782
2136437710.314557552337646 10.255966296296375
2138445525.599367618560791 10.257020648148227
2138404931.680073261260986 10.258075055555635
2138469236.849038362503052 10.259129407407487
2135398229.155686616897583 10.260183518518598
2138422762.799683809280396 10.261237870370451
2138416312.480241775512695 10.262292277777858
2138481759.260885715484619 10.263346592592672
2135512829.969966650009155 10.264400981481561
2138506410.481576681137085 10.265455388888968
2138417260.880255937576294 10.266509796296376
2137996979.541663169860840 10.267564333333413
2135531798.303387641906738 10.268618722222302
2138385584.066599607467651 10.269673111111191
2138474741.797231912612915 10.270727407407486
1890034114.240589618682861 10.271782685185265
1489603429.232630491256714 10.272838962963043
1492407875.589529514312744 10.273895203703784
1492403225.806451559066772 10.274951500000080
1490397245.299519062042236 10.275967944444524
1492382054.383842706680298 10.277024222222302
1492436538.967300653457642 10.278080425926005
1492476304.023844957351685 10.279136629629708
1485002841.108383178710938 10.280192555555633
1492299011.358855724334717 10.281249000000077
1492427153.827273130416870 10.282305259259337
1492502814.061541080474854 10.283361462963040
1488889613.806166410446167 10.284417351851928
1492411829.672352313995361 10.285473703703781
1492497738.191254377365112 10.286529888888966
1492422940.702037334442139 10.287586074074150
1489659905.685184717178345 10.288642425926003
1492379214.221848249435425 10.289698703703781
1492510730.065221786499023 10.290754925926004
1492480171.113994359970093 10.291811185185264
1489440677.371853351593018 10.292867555555635
1492372243.066026210784912 10.293923814814894
1492501604.221820831298828 10.294980055555635
1488611712.296332597732544 10.296035925926006
1492337558.512596607208252 10.297092203703784
1492499368.819692850112915 10.298148425926007
1492502814.061541080474854 10.299204629629710
1489283046.002209901809692 10.300260537037117
1492352621.522604227066040 10.301316962963043
1492392552.855790376663208 10.302373296296375
1492467178.624026775360107 10.303429518518598
1489467952.990703344345093 10.304485259259339
1492380504.908835887908936 10.305541555555635
1492469757.004102706909180 10.306597814814895
1492468467.836667299270630 10.307654055555636
1489457082.748948097229004 10.308710351851932
1492370176.884104967117310 10.309766703703785
1492419663.049385547637939 10.310823018518599
1492502472.209559202194214 10.311879203703784
1489469784.891569137573242 10.312935518518598
1492485087.580874204635620 10.313991685185265
1492386703.134862184524536 10.315047907407488
1489569857.390938282012939 10.316103629629710
1492317509.291073799133301 10.317160000000081
1492132262.983541727066040 10.318216537037118
1492422503.111796855926514 10.319272851851933
1489149001.105011224746704 10.320328648148228
1492358903.341163396835327 10.321385055555636
1492458919.241154432296753 10.322441240740821
1492442562.592046976089478 10.323497462963044
1489426827.343051195144653 10.324553185185266
1492485167.262781381607056 10.325609407407489
1492452454.417952299118042 10.326665703703785
1492453058.433703422546387 10.327721981481563
1489616683.321937799453735 10.328778259259341
1492400042.076473951339722 10.329834537037119
1492480433.410477399826050 10.330890759259342
1492473806.017252206802368 10.331946981481565
1489578653.950667142868042 10.333003296296379
1492375512.780056715011597 10.334059629629712
1492414502.866560220718384 10.335115870370453
1489387618.379516124725342 10.336171796296378
1492431118.825942993164062 10.337227962963045
1492360882.218871831893921 10.338284222222304
1492437142.756952047348022 10.339340407407489
1489279956.503437519073486 10.340396259259341
1492394018.023072481155396 10.341452518518601
1492343670.564311027526855 10.342508870370454
1492510730.065221786499023 10.343565092592677
1482891516.601750135421753 10.344625333333417
1492319915.848527431488037 10.345681629629713
1492394102.487684249877930 10.346737944444527
1493780838.260320186614990 10.347793481481563
1488534175.217048168182373 10.348849314814897
1492206247.370635271072388 10.349905759259341
1492452373.021021366119385 10.350962000000083
1463968854.672675848007202 10.352017981481564
1492195582.822086095809937 10.353074462963045
1492414929.612033367156982 10.354130777777860
1492422503.111796855926514 10.355187092592674
1488691676.312743186950684 10.356242981481563
1492442562.592046976089478 10.357299203703786
1492400042.076473951339722 10.358355481481563
1492527771.933515548706055 10.359411703703787
1489176175.526597261428833 10.360467574074157
1492342636.746143102645874 10.361523870370453
1492456583.860731840133667 10.362580185185267
1492418893.330528020858765 10.363636407407490
1489394688.403891801834106 10.364692796296380
1492395049.175154685974121 10.365749111111194
1492333602.131687879562378 10.366805481481565
1492490768.502445936203003 10.367861648148232
1489066561.514195442199707 10.368918314814898
1492491794.656006574630737 10.369974537037121
1492437046.386872768402100 10.371030870370454
1489401952.707321643829346 10.372087333333416
1492381107.663177967071533 10.373143611111194
1492417343.128144741058350 10.374199851851936
1492419496.800210475921631 10.375256055555639
1489519565.217391252517700 10.376312351851935
1492258125.591669321060181 10.377368685185267
1492423627.182831764221191 10.378424907407490
1492418466.825641870498657 10.379481055555638
1489425841.514726638793945 10.380537351851935
1492313979.173240661621094 10.381593685185267
1492425260.352747440338135 10.382649944444527
1492376288.659793615341187 10.383706166666750
1489573527.349228620529175 10.384762462963046
1492322065.991093873977661 10.385818722222306
1492331019.248974323272705 10.386875055555638
1492387306.040150642395020 10.387931259259341
1489421985.380475759506226 10.388987685185267
1492397201.914479732513428 10.390043962963045
1492293408.134642362594604 10.391100259259341
1489275619.552063226699829 10.392156129629711
1492311918.242852449417114 10.393212555555637
1492384121.751937389373779 10.394268740740822
1492352017.111699342727661 10.395324981481563
1488805350.068365812301636 10.396381388888971
1492297540.365701913833618 10.397437703703785
1492332912.590722560882568 10.398494037037118
1492430254.576057195663452 10.399550259259341
1489458424.641924142837524 10.400606574074155
1492358730.715287446975708 10.401662870370451
1492390659.514042139053345 10.402719203703784
1492426124.309634447097778 10.403775407407487
1486771539.257103681564331 10.404831833333413
1492265535.435693264007568 10.405888259259338
1492439722.280664682388306 10.406944481481561
1490458563.036601781845093 10.407969018518598
1492413899.505592823028564 10.409025277777857
1492379387.733632564544678 10.410081462963042
1492443934.081346511840820 10.411137759259338
1489325966.850828647613525 10.412193592592672
1492418289.882006168365479 10.413249833333413
1492429390.417083024978638 10.414306111111191
1492422763.372429370880127 10.415362388888969
1489532107.357607364654541 10.416418740740822
1492380246.134427070617676 10.417475074074154
1492297629.899726629257202 10.418531444444525
1492116323.096339941024780 10.419587888888969
1489413534.361851453781128 10.420644185185266
1492440929.971596002578735 10.421700370370450
1492303309.725825786590576 10.422756740740821
1492448928.784319400787354 10.423813000000081
1489560666.888729095458984 10.424869314814895
1492386872.830545902252197 10.425925648148228
1492330329.593267917633057 10.426981944444524
1489304883.182487726211548 10.428037722222301
1492308644.356012105941772 10.429094074074154
1492525955.924893617630005 10.430150351851932
1492384894.545837163925171 10.431206629629710
1489242870.672419071197510 10.432262518518598
1492315270.935960531234741 10.433318870370451
1492446692.497852087020874 10.434375111111192
1492405119.214586257934570 10.435431407407489
1489484379.930577278137207 10.436487740740821
1492335752.603344917297363 10.437544074074154
1486158213.593589067459106 10.438604759259340
1492295646.990761041641235 10.439661074074154
1489375999.158603191375732 10.440717518518598
1492371898.942791461944580 10.441773759259339
1492343583.450210332870483 10.442830055555635
1492513492.188732862472534 10.443886222222302
1489479646.576206922531128 10.444942555555635
1492417863.342275619506836 10.445998722222301
1492317677.378635644912720 10.447055000000079
1489377418.392941713333130 10.448110759259338
1492351588.247668504714966 10.449167129629709
1492408822.343390941619873 10.450223370370450
1492441093.969144582748413 10.451279666666746
1489274025.222317934036255 10.452335462963042
1492362431.404175996780396 10.453391703703783
1492402019.564531326293945 10.454448037037116
1492413639.551192283630371 10.455504333333412
1489384995.877988338470459 10.456560092592671
1492450055.231182098388672 10.457616259259337
1492442480.669086456298828 10.458672425926004
1492428017.883755445480347 10.459728629629707
1489478619.141960382461548 10.460784870370448
1492337213.787299871444702 10.461841129629708
1492470361.344390392303467 10.462897370370449
1492426124.309634447097778 10.463953574074152
1489661179.193183660507202 10.465009851851930
1492420526.666433095932007 10.466066111111189
1492418976.489770174026489 10.467122388888967
1489263058.196232557296753 10.468178203703783
1492328436.185133218765259 10.469234500000079
1492097191.543073415756226 10.470290833333411
1492472939.567664384841919 10.471347111111189
1489207576.953433275222778 10.472402944444523
1492225938.781949996948242 10.473459277777856
1492421390.374331474304199 10.474515481481559
1875119035.501816511154175 10.475570722222299
2135349414.100244283676147 10.476624814814892
2138383307.573415517807007 10.477679185185263
2138375908.947201967239380 10.478733518518597
2138488398.644020318984985 10.479787833333411
2135152280.430621147155762 10.480842296296373
2138388049.740058898925781 10.481896666666744
2138359596.740199327468872 10.482951037037115
2136640968.681719064712524 10.483968074074152
2138416691.547094345092773 10.485022500000078
2138401707.299937009811401 10.486076796296373
2138457855.449196338653564 10.487131148148226
2135276285.508493900299072 10.488185277777855
2138464116.345241785049438 10.489239611111190
2138348595.816428422927856 10.490294000000079
2138423143.805659770965576 10.491348277777856
2135300163.390080690383911 10.492402333333411
2138451594.773078441619873 10.493456703703782
2138360736.928994178771973 10.494511129629707
2138466391.499077796936035 10.495565481481560
2134849899.862970352172852 10.496619592592671
2138326401.573696613311768 10.497673962963042
2138410622.080157518386841 10.498728370370449
2138504900.411002159118652 10.499782703703783
2135290161.630358457565308 10.500836777777858
2138480240.278216838836670 10.501891111111192
2138399051.550013065338135 10.502945462963044
2136551834.015280485153198 10.503968314814896
2138332285.428265333175659 10.505022740740822
2138429971.546000719070435 10.506077074074156
2138370789.279567480087280 10.507131481481563
2135265850.359257221221924 10.508185611111193
2138399241.213356018066406 10.509239925926007
2138374771.673457860946655 10.510294296296378
2138514017.706576585769653 10.511348518518600
2135230907.078480005264282 10.512402574074155
2138420485.080524921417236 10.513457000000081
2138429971.546000719070435 10.514511333333415
2138486686.806238412857056 10.515565703703786
2135177778.949033021926880 10.516619759259340
2138469615.006322622299194 10.517674129629711
2138321853.211331605911255 10.518728555555636
2138471704.078406572341919 10.519782888888971
2134869249.011857986450195 10.520837055555637
2138376099.899889230728149 10.521891444444526
2138385013.963782072067261 10.522945759259340
2136536150.795806407928467 10.523968481481562
2138401327.806659936904907 10.525022851851933
2138404173.106645822525024 10.526077222222304
2138452356.278432607650757 10.527131537037118
2132876673.342468500137329 10.528185648148229
2138386912.079806327819824 10.529240055555636
2138373443.400368690490723 10.530294407407489
2138444198.545684576034546 10.531348740740823
2122768053.663138151168823 10.532408851851933
2138313885.278724431991577 10.533463259259340
2138386721.700184345245361 10.534517611111193
2138501299.796248197555542 10.535571907407489
2135396500.228398561477661 10.536625944444525
2138421435.346190214157104 10.537680277777859
2138451786.278849124908447 10.538734611111193
2138504522.860204219818115 10.539788925926008
2135351001.053740739822388 10.540843370370451
2138449884.964611291885376 10.541897796296377
2138432059.298812866210938 10.542952092592673
2137353695.874033927917480 10.543968240740821
2138218096.877305269241333 10.545022648148228
2138400000.000000000000000 10.546077000000080
2137358999.578474044799805 10.547131370370451
2135472391.991569995880127 10.548185814814895
2138370598.050408363342285 10.549240166666747
2138338543.679089784622192 10.550294574074154
2138516098.434947729110718 10.551348851851932
2135396090.553048133850098 10.552403277777858
2138385963.679792165756226 10.553457685185265
2138390325.300358533859253 10.554511981481561
2138433195.749538898468018 10.555566333333413
2135521972.810622930526733 10.556620666666747
2138459182.239707708358765 10.557675037037118
2138344989.900763988494873 10.558729388888970
2138477772.898919820785522 10.559783740740823
2135533265.420823335647583 10.560838111111194
2138392412.400105237960815 10.561892462963046
2139997434.365444898605347 10.562946277777861
2135621672.521821022033691 10.563968907407491
2138373065.912643432617188 10.565023333333416
2138335317.983033657073975 10.566077722222305
2138504900.411002159118652 10.567132055555639
2135430146.994257211685181 10.568186518518601
2138369460.983191728591919 10.569240907407490
2138406069.973303318023682 10.570295277777861
2138073790.499604940414429 10.571349814814898
2135158558.431978702545166 10.572404222222305
2138342717.645199298858643 10.573458648148231
2138366615.733178615570068 10.574513037037120
2138530886.098181962966919 10.575567388888972
2135466357.553084850311279 10.576621777777861
2138403224.673317193984985 10.577676148148232
2138440404.679102182388306 10.578730481481566
2138421623.900099992752075 10.579784870370455
2135504294.219927072525024 10.580839259259344
2138444389.798356056213379 10.581893555555640
2138323936.982980966567993 10.582947944444529
2134601359.064963340759277 10.583969888888973
2138111491.648663997650146 10.585024277777862
2138276134.607278108596802 10.586078648148233
2138429971.546000719070435 10.587132981481567
2135465322.538154840469360 10.588187407407492
2138471133.749011993408203 10.589241759259345
2138369649.600421428680420 10.590296111111197
2138531080.392742395401001 10.591350425926011
2135492132.621523141860962 10.592404944444530
2138388049.740058898925781 10.593459314814901
2138400379.373331308364868 10.594513685185271
2138425417.566784143447876 10.595568074074160
2134834205.627173662185669 10.596622481481567
2138336266.399704694747925 10.597676870370456
2138347647.399757385253906 10.598731259259345
2138530326.184328556060791 10.599785537037123
2135332385.016595363616943 10.600840037037123
2138401138.080017089843750 10.601894444444531
2138374391.850355625152588 10.602948796296383
2135171929.697277545928955 10.603969777777865
2138370786.714207887649536 10.605024092592679
2138369649.600421428680420 10.606078444444531
2138453113.199262142181396 10.607132796296384
2135270159.165173292160034 10.608186907407495
2138409673.680143356323242 10.609241314814902
2138368703.898840904235840 10.610295759259346
2138441353.145747661590576 10.611350092592680
2133795204.830273389816284 10.612405166666754
2138373634.479609489440918 10.613459574074161
2138304782.310894250869751 10.614514000000087
2138475119.877751111984253 10.615568314814901
2135285209.968912839889526 10.616622703703790
2138293401.710602760314941 10.617677129629715
2138459938.880888223648071 10.618731537037123
2138465443.049091100692749 10.619785888888975
2135400400.435561656951904 10.620840296296382
2138002879.820186614990234 10.621894888888974
2138461270.945305109024048 10.622949222222308
2136323167.410957336425781 10.623969333333420
2138317104.015175342559814 10.625023666666754
